date,jour,heure,fin,terrain,duree,prix,statut,vu_dispo,premier_vu,dernier_vu,releve
2026-05-31,Dimanche,19:00,20:00,Terrain 1623d87a,60,40.0,dispo,True,2026-05-31 18:29,2026-05-31 18:29,2026-05-31 18:29
2026-05-31,Dimanche,19:00,20:00,Terrain 2c18d1d9,60,40.0,dispo,True,2026-05-31 18:29,2026-05-31 18:29,2026-05-31 18:29
2026-05-31,Dimanche,19:00,20:00,Terrain 2e267263,60,40.0,dispo,True,2026-05-31 18:29,2026-05-31 18:29,2026-05-31 18:29
2026-05-31,Dimanche,19:00,20:00,Terrain 69d293cc,60,40.0,dispo,True,2026-05-31 18:29,2026-05-31 18:29,2026-05-31 18:29
2026-05-31,Dimanche,19:00,20:00,Terrain a62df697,60,40.0,dispo,True,2026-05-31 18:29,2026-05-31 18:29,2026-05-31 18:29
2026-05-31,Dimanche,20:00,21:00,Terrain 1623d87a,60,40.0,dispo,True,2026-05-31 18:29,2026-05-31 18:29,2026-05-31 18:29
2026-05-31,Dimanche,20:00,21:00,Terrain 2c18d1d9,60,40.0,dispo,True,2026-05-31 18:29,2026-05-31 18:29,2026-05-31 18:29
2026-05-31,Dimanche,20:00,21:00,Terrain 2e267263,60,40.0,dispo,True,2026-05-31 18:29,2026-05-31 18:29,2026-05-31 18:29
2026-05-31,Dimanche,20:00,21:00,Terrain 69d293cc,60,40.0,dispo,True,2026-05-31 18:29,2026-05-31 18:29,2026-05-31 18:29
2026-05-31,Dimanche,20:00,21:00,Terrain 94fca3b5,60,40.0,dispo,True,2026-05-31 18:29,2026-05-31 18:29,2026-05-31 18:29
2026-05-31,Dimanche,20:00,21:00,Terrain a62df697,60,40.0,dispo,True,2026-05-31 18:29,2026-05-31 18:29,2026-05-31 18:29
2026-05-31,Dimanche,21:00,22:00,Terrain 1623d87a,60,25.0,dispo,True,2026-05-31 18:29,2026-05-31 18:29,2026-05-31 18:29
2026-05-31,Dimanche,21:00,22:00,Terrain 2c18d1d9,60,25.0,dispo,True,2026-05-31 18:29,2026-05-31 18:29,2026-05-31 18:29
2026-05-31,Dimanche,21:00,22:00,Terrain 2e267263,60,25.0,dispo,True,2026-05-31 18:29,2026-05-31 18:29,2026-05-31 18:29
2026-05-31,Dimanche,21:00,22:00,Terrain 69d293cc,60,25.0,dispo,True,2026-05-31 18:29,2026-05-31 18:29,2026-05-31 18:29
2026-05-31,Dimanche,21:00,22:00,Terrain 94fca3b5,60,25.0,dispo,True,2026-05-31 18:29,2026-05-31 18:29,2026-05-31 18:29
2026-05-31,Dimanche,21:00,22:00,Terrain a62df697,60,25.0,dispo,True,2026-05-31 18:29,2026-05-31 18:29,2026-05-31 18:29
2026-05-31,Dimanche,22:00,23:00,Terrain 1623d87a,60,25.0,dispo,True,2026-05-31 18:29,2026-05-31 18:29,2026-05-31 18:29
2026-05-31,Dimanche,22:00,23:00,Terrain 2c18d1d9,60,25.0,dispo,True,2026-05-31 18:29,2026-05-31 18:29,2026-05-31 18:29
2026-05-31,Dimanche,22:00,23:00,Terrain 2e267263,60,25.0,dispo,True,2026-05-31 18:29,2026-05-31 18:29,2026-05-31 18:29
2026-05-31,Dimanche,22:00,23:00,Terrain 581b1057,60,40.0,dispo,True,2026-05-31 18:29,2026-05-31 18:29,2026-05-31 18:29
2026-05-31,Dimanche,22:00,23:00,Terrain 59f5c1cc,60,54.0,dispo,True,2026-05-31 18:29,2026-05-31 18:29,2026-05-31 18:29
2026-05-31,Dimanche,22:00,23:00,Terrain 69d293cc,60,25.0,dispo,True,2026-05-31 18:29,2026-05-31 18:29,2026-05-31 18:29
2026-05-31,Dimanche,22:00,23:00,Terrain 921734ea,60,54.0,dispo,True,2026-05-31 18:29,2026-05-31 18:29,2026-05-31 18:29
2026-05-31,Dimanche,22:00,23:00,Terrain 94fca3b5,60,25.0,dispo,True,2026-05-31 18:29,2026-05-31 18:29,2026-05-31 18:29
2026-05-31,Dimanche,22:00,23:00,Terrain a115dc23,60,40.0,dispo,True,2026-05-31 18:29,2026-05-31 18:29,2026-05-31 18:29
2026-05-31,Dimanche,22:00,23:00,Terrain a62df697,60,25.0,dispo,True,2026-05-31 18:29,2026-05-31 18:29,2026-05-31 18:29
2026-05-31,Dimanche,22:00,23:00,Terrain ac280e48,60,54.0,dispo,True,2026-05-31 18:29,2026-05-31 18:29,2026-05-31 18:29
2026-05-31,Dimanche,22:00,23:00,Terrain db9df5dc,60,54.0,dispo,True,2026-05-31 18:29,2026-05-31 18:29,2026-05-31 18:29
2026-05-31,Dimanche,22:00,23:00,Terrain e9a9a453,60,40.0,dispo,True,2026-05-31 18:29,2026-05-31 18:29,2026-05-31 18:29
2026-05-31,Dimanche,23:00,00:00,Terrain 1623d87a,60,25.0,dispo,True,2026-05-31 18:29,2026-05-31 18:29,2026-05-31 18:29
2026-05-31,Dimanche,23:00,00:00,Terrain 2c18d1d9,60,25.0,dispo,True,2026-05-31 18:29,2026-05-31 18:29,2026-05-31 18:29
2026-05-31,Dimanche,23:00,00:00,Terrain 2e267263,60,25.0,dispo,True,2026-05-31 18:29,2026-05-31 18:29,2026-05-31 18:29
2026-05-31,Dimanche,23:00,00:00,Terrain 581b1057,60,40.0,dispo,True,2026-05-31 18:29,2026-05-31 18:29,2026-05-31 18:29
2026-05-31,Dimanche,23:00,00:00,Terrain 59f5c1cc,60,54.0,dispo,True,2026-05-31 18:29,2026-05-31 18:29,2026-05-31 18:29
2026-05-31,Dimanche,23:00,00:00,Terrain 69d293cc,60,25.0,dispo,True,2026-05-31 18:29,2026-05-31 18:29,2026-05-31 18:29
2026-05-31,Dimanche,23:00,00:00,Terrain 7b129f34,60,54.0,dispo,True,2026-05-31 18:29,2026-05-31 18:29,2026-05-31 18:29
2026-05-31,Dimanche,23:00,00:00,Terrain 921734ea,60,54.0,dispo,True,2026-05-31 18:29,2026-05-31 18:29,2026-05-31 18:29
2026-05-31,Dimanche,23:00,00:00,Terrain 94fca3b5,60,25.0,dispo,True,2026-05-31 18:29,2026-05-31 18:29,2026-05-31 18:29
2026-05-31,Dimanche,23:00,00:00,Terrain a115dc23,60,40.0,dispo,True,2026-05-31 18:29,2026-05-31 18:29,2026-05-31 18:29
2026-05-31,Dimanche,23:00,00:00,Terrain a62df697,60,25.0,dispo,True,2026-05-31 18:29,2026-05-31 18:29,2026-05-31 18:29
2026-05-31,Dimanche,23:00,00:00,Terrain ac280e48,60,54.0,dispo,True,2026-05-31 18:29,2026-05-31 18:29,2026-05-31 18:29
2026-05-31,Dimanche,23:00,00:00,Terrain db9df5dc,60,54.0,dispo,True,2026-05-31 18:29,2026-05-31 18:29,2026-05-31 18:29
2026-05-31,Dimanche,23:00,00:00,Terrain e9a9a453,60,40.0,dispo,True,2026-05-31 18:29,2026-05-31 18:29,2026-05-31 18:29
2026-05-31,Dimanche,23:00,00:00,Terrain ef842448,60,40.0,dispo,True,2026-05-31 18:29,2026-05-31 18:29,2026-05-31 18:29
2026-05-31,Dimanche,23:30,01:00,Terrain 3517c630,90,81.0,dispo,True,2026-05-31 18:29,2026-05-31 18:29,2026-05-31 18:29
2026-05-31,Dimanche,23:30,01:00,Terrain 81821ffc,90,81.0,dispo,True,2026-05-31 18:29,2026-05-31 18:29,2026-05-31 18:29
2026-06-01,Lundi,00:00,01:00,Terrain 53b0cefd,60,54.0,dispo,True,2026-05-31 18:29,2026-05-31 18:29,2026-05-31 18:29
2026-06-01,Lundi,00:00,01:00,Terrain 59f5c1cc,60,54.0,dispo,True,2026-05-31 18:29,2026-05-31 18:29,2026-05-31 18:29
2026-06-01,Lundi,00:00,01:00,Terrain 7b129f34,60,54.0,dispo,True,2026-05-31 18:29,2026-05-31 18:29,2026-05-31 18:29
2026-06-01,Lundi,00:00,01:00,Terrain 921734ea,60,54.0,dispo,True,2026-05-31 18:29,2026-05-31 18:29,2026-05-31 18:29
2026-06-01,Lundi,00:00,01:00,Terrain ac280e48,60,54.0,dispo,True,2026-05-31 18:29,2026-05-31 18:29,2026-05-31 18:29
2026-06-01,Lundi,00:00,01:00,Terrain db9df5dc,60,54.0,dispo,True,2026-05-31 18:29,2026-05-31 18:29,2026-05-31 18:29
2026-06-01,Lundi,07:00,08:00,Terrain 1623d87a,60,25.0,dispo,True,2026-05-31 18:29,2026-05-31 18:29,2026-05-31 18:29
2026-06-01,Lundi,07:00,08:00,Terrain 2c18d1d9,60,25.0,dispo,True,2026-05-31 18:29,2026-05-31 18:29,2026-05-31 18:29
2026-06-01,Lundi,07:00,08:00,Terrain 2e267263,60,25.0,dispo,True,2026-05-31 18:29,2026-05-31 18:29,2026-05-31 18:29
2026-06-01,Lundi,07:00,08:30,Terrain 3517c630,90,81.0,dispo,True,2026-05-31 18:29,2026-05-31 18:29,2026-05-31 18:29
2026-06-01,Lundi,07:00,08:00,Terrain 53b0cefd,60,54.0,dispo,True,2026-05-31 18:29,2026-05-31 18:29,2026-05-31 18:29
2026-06-01,Lundi,07:00,08:00,Terrain 581b1057,60,40.0,dispo,True,2026-05-31 18:29,2026-05-31 18:29,2026-05-31 18:29
2026-06-01,Lundi,07:00,08:00,Terrain 59f5c1cc,60,54.0,dispo,True,2026-05-31 18:29,2026-05-31 18:29,2026-05-31 18:29
2026-06-01,Lundi,07:00,08:00,Terrain 69d293cc,60,25.0,dispo,True,2026-05-31 18:29,2026-05-31 18:29,2026-05-31 18:29
2026-06-01,Lundi,07:00,08:30,Terrain 81821ffc,90,81.0,dispo,True,2026-05-31 18:29,2026-05-31 18:29,2026-05-31 18:29
2026-06-01,Lundi,07:00,08:00,Terrain 921734ea,60,54.0,dispo,True,2026-05-31 18:29,2026-05-31 18:29,2026-05-31 18:29
2026-06-01,Lundi,07:00,08:00,Terrain 94fca3b5,60,25.0,dispo,True,2026-05-31 18:29,2026-05-31 18:29,2026-05-31 18:29
2026-06-01,Lundi,07:00,08:00,Terrain a115dc23,60,40.0,dispo,True,2026-05-31 18:29,2026-05-31 18:29,2026-05-31 18:29
2026-06-01,Lundi,07:00,08:00,Terrain a62df697,60,25.0,dispo,True,2026-05-31 18:29,2026-05-31 18:29,2026-05-31 18:29
2026-06-01,Lundi,07:00,08:00,Terrain aa8d8a07,60,40.0,dispo,True,2026-05-31 18:29,2026-05-31 18:29,2026-05-31 18:29
2026-06-01,Lundi,07:00,08:00,Terrain ac280e48,60,54.0,dispo,True,2026-05-31 18:29,2026-05-31 18:29,2026-05-31 18:29
2026-06-01,Lundi,07:00,08:00,Terrain db9df5dc,60,54.0,dispo,True,2026-05-31 18:29,2026-05-31 18:29,2026-05-31 18:29
2026-06-01,Lundi,07:00,08:00,Terrain ef842448,60,40.0,dispo,True,2026-05-31 18:29,2026-05-31 18:29,2026-05-31 18:29
2026-06-01,Lundi,08:00,09:00,Terrain 1623d87a,60,25.0,dispo,True,2026-05-31 18:29,2026-05-31 18:29,2026-05-31 18:29
2026-06-01,Lundi,08:00,09:00,Terrain 2c18d1d9,60,25.0,dispo,True,2026-05-31 18:29,2026-05-31 18:29,2026-05-31 18:29
2026-06-01,Lundi,08:00,09:00,Terrain 2e267263,60,25.0,dispo,True,2026-05-31 18:29,2026-05-31 18:29,2026-05-31 18:29
2026-06-01,Lundi,08:00,09:00,Terrain 53b0cefd,60,54.0,dispo,True,2026-05-31 18:29,2026-05-31 18:29,2026-05-31 18:29
2026-06-01,Lundi,08:00,09:00,Terrain 59f5c1cc,60,54.0,dispo,True,2026-05-31 18:29,2026-05-31 18:29,2026-05-31 18:29
2026-06-01,Lundi,08:00,09:00,Terrain 69d293cc,60,25.0,dispo,True,2026-05-31 18:29,2026-05-31 18:29,2026-05-31 18:29
2026-06-01,Lundi,08:00,09:00,Terrain 7b129f34,60,54.0,dispo,True,2026-05-31 18:29,2026-05-31 18:29,2026-05-31 18:29
2026-06-01,Lundi,08:00,09:00,Terrain 921734ea,60,54.0,dispo,True,2026-05-31 18:29,2026-05-31 18:29,2026-05-31 18:29
2026-06-01,Lundi,08:00,09:00,Terrain 94fca3b5,60,25.0,dispo,True,2026-05-31 18:29,2026-05-31 18:29,2026-05-31 18:29
2026-06-01,Lundi,08:00,09:00,Terrain a62df697,60,25.0,dispo,True,2026-05-31 18:29,2026-05-31 18:29,2026-05-31 18:29
2026-06-01,Lundi,08:00,09:00,Terrain aa8d8a07,60,40.0,dispo,True,2026-05-31 18:29,2026-05-31 18:29,2026-05-31 18:29
2026-06-01,Lundi,08:00,09:00,Terrain ac280e48,60,54.0,dispo,True,2026-05-31 18:29,2026-05-31 18:29,2026-05-31 18:29
2026-06-01,Lundi,08:00,09:00,Terrain db9df5dc,60,54.0,dispo,True,2026-05-31 18:29,2026-05-31 18:29,2026-05-31 18:29
2026-06-01,Lundi,08:30,10:00,Terrain 81821ffc,90,81.0,dispo,True,2026-05-31 18:29,2026-05-31 18:29,2026-05-31 18:29
2026-06-01,Lundi,09:00,10:00,Terrain 1623d87a,60,25.0,dispo,True,2026-05-31 18:29,2026-05-31 18:29,2026-05-31 18:29
2026-06-01,Lundi,09:00,10:00,Terrain 2c18d1d9,60,25.0,dispo,True,2026-05-31 18:29,2026-05-31 18:29,2026-05-31 18:29
2026-06-01,Lundi,09:00,10:00,Terrain 2e267263,60,25.0,dispo,True,2026-05-31 18:29,2026-05-31 18:29,2026-05-31 18:29
2026-06-01,Lundi,09:00,10:00,Terrain 53b0cefd,60,54.0,dispo,True,2026-05-31 18:29,2026-05-31 18:29,2026-05-31 18:29
2026-06-01,Lundi,09:00,10:00,Terrain 581b1057,60,40.0,dispo,True,2026-05-31 18:29,2026-05-31 18:29,2026-05-31 18:29
2026-06-01,Lundi,09:00,10:00,Terrain 59f5c1cc,60,54.0,dispo,True,2026-05-31 18:29,2026-05-31 18:29,2026-05-31 18:29
2026-06-01,Lundi,09:00,10:00,Terrain 69d293cc,60,25.0,dispo,True,2026-05-31 18:29,2026-05-31 18:29,2026-05-31 18:29
2026-06-01,Lundi,09:00,10:00,Terrain 7b129f34,60,54.0,dispo,True,2026-05-31 18:29,2026-05-31 18:29,2026-05-31 18:29
2026-06-01,Lundi,09:00,10:00,Terrain 921734ea,60,54.0,dispo,True,2026-05-31 18:29,2026-05-31 18:29,2026-05-31 18:29
2026-06-01,Lundi,09:00,10:00,Terrain 94fca3b5,60,25.0,dispo,True,2026-05-31 18:29,2026-05-31 18:29,2026-05-31 18:29
2026-06-01,Lundi,09:00,10:00,Terrain a62df697,60,25.0,dispo,True,2026-05-31 18:29,2026-05-31 18:29,2026-05-31 18:29
2026-06-01,Lundi,09:00,10:00,Terrain aa8d8a07,60,40.0,dispo,True,2026-05-31 18:29,2026-05-31 18:29,2026-05-31 18:29
2026-06-01,Lundi,09:00,10:00,Terrain ac280e48,60,54.0,dispo,True,2026-05-31 18:29,2026-05-31 18:29,2026-05-31 18:29
2026-06-01,Lundi,09:00,10:00,Terrain db9df5dc,60,54.0,dispo,True,2026-05-31 18:29,2026-05-31 18:29,2026-05-31 18:29
2026-06-01,Lundi,10:00,11:00,Terrain 1623d87a,60,25.0,dispo,True,2026-05-31 18:29,2026-05-31 18:29,2026-05-31 18:29
2026-06-01,Lundi,10:00,11:00,Terrain 2c18d1d9,60,25.0,dispo,True,2026-05-31 18:29,2026-05-31 18:29,2026-05-31 18:29
2026-06-01,Lundi,10:00,11:00,Terrain 2e267263,60,25.0,dispo,True,2026-05-31 18:29,2026-05-31 18:29,2026-05-31 18:29
2026-06-01,Lundi,10:00,11:00,Terrain 53b0cefd,60,54.0,dispo,True,2026-05-31 18:29,2026-05-31 18:29,2026-05-31 18:29
2026-06-01,Lundi,10:00,11:00,Terrain 59f5c1cc,60,54.0,dispo,True,2026-05-31 18:29,2026-05-31 18:29,2026-05-31 18:29
2026-06-01,Lundi,10:00,11:00,Terrain 69d293cc,60,25.0,dispo,True,2026-05-31 18:29,2026-05-31 18:29,2026-05-31 18:29
2026-06-01,Lundi,10:00,11:30,Terrain 81821ffc,90,81.0,dispo,True,2026-05-31 18:29,2026-05-31 18:29,2026-05-31 18:29
2026-06-01,Lundi,10:00,11:00,Terrain 921734ea,60,54.0,dispo,True,2026-05-31 18:29,2026-05-31 18:29,2026-05-31 18:29
2026-06-01,Lundi,10:00,11:00,Terrain 94fca3b5,60,25.0,dispo,True,2026-05-31 18:29,2026-05-31 18:29,2026-05-31 18:29
2026-06-01,Lundi,10:00,11:00,Terrain a115dc23,60,40.0,dispo,True,2026-05-31 18:29,2026-05-31 18:29,2026-05-31 18:29
2026-06-01,Lundi,10:00,11:00,Terrain a62df697,60,25.0,dispo,True,2026-05-31 18:29,2026-05-31 18:29,2026-05-31 18:29
2026-06-01,Lundi,10:00,11:00,Terrain aa8d8a07,60,40.0,dispo,True,2026-05-31 18:29,2026-05-31 18:29,2026-05-31 18:29
2026-06-01,Lundi,10:00,11:00,Terrain db9df5dc,60,54.0,dispo,True,2026-05-31 18:29,2026-05-31 18:29,2026-05-31 18:29
2026-06-01,Lundi,10:00,11:00,Terrain e9a9a453,60,40.0,dispo,True,2026-05-31 18:29,2026-05-31 18:29,2026-05-31 18:29
2026-06-01,Lundi,10:00,11:00,Terrain ef842448,60,40.0,dispo,True,2026-05-31 18:29,2026-05-31 18:29,2026-05-31 18:29
2026-06-01,Lundi,11:00,12:00,Terrain 1623d87a,60,25.0,dispo,True,2026-05-31 18:29,2026-05-31 18:29,2026-05-31 18:29
2026-06-01,Lundi,11:00,12:00,Terrain 2c18d1d9,60,25.0,dispo,True,2026-05-31 18:29,2026-05-31 18:29,2026-05-31 18:29
2026-06-01,Lundi,11:00,12:00,Terrain 2e267263,60,25.0,dispo,True,2026-05-31 18:29,2026-05-31 18:29,2026-05-31 18:29
2026-06-01,Lundi,11:00,12:00,Terrain 59f5c1cc,60,54.0,dispo,True,2026-05-31 18:29,2026-05-31 18:29,2026-05-31 18:29
2026-06-01,Lundi,11:00,12:00,Terrain 69d293cc,60,25.0,dispo,True,2026-05-31 18:29,2026-05-31 18:29,2026-05-31 18:29
2026-06-01,Lundi,11:00,12:00,Terrain 921734ea,60,54.0,dispo,True,2026-05-31 18:29,2026-05-31 18:29,2026-05-31 18:29
2026-06-01,Lundi,11:00,12:00,Terrain a115dc23,60,40.0,dispo,True,2026-05-31 18:29,2026-05-31 18:29,2026-05-31 18:29
2026-06-01,Lundi,11:00,12:00,Terrain a62df697,60,25.0,dispo,True,2026-05-31 18:29,2026-05-31 18:29,2026-05-31 18:29
2026-06-01,Lundi,11:00,12:00,Terrain aa8d8a07,60,40.0,dispo,True,2026-05-31 18:29,2026-05-31 18:29,2026-05-31 18:29
2026-06-01,Lundi,11:00,12:00,Terrain db9df5dc,60,54.0,dispo,True,2026-05-31 18:29,2026-05-31 18:29,2026-05-31 18:29
2026-06-01,Lundi,11:30,13:00,Terrain 3517c630,90,96.0,dispo,True,2026-05-31 18:29,2026-05-31 18:29,2026-05-31 18:29
2026-06-01,Lundi,11:30,13:00,Terrain 81821ffc,90,96.0,dispo,True,2026-05-31 18:29,2026-05-31 18:29,2026-05-31 18:29
2026-06-01,Lundi,12:00,13:00,Terrain 1623d87a,60,40.0,dispo,True,2026-05-31 18:29,2026-05-31 18:29,2026-05-31 18:29
2026-06-01,Lundi,12:00,13:00,Terrain 2c18d1d9,60,40.0,dispo,True,2026-05-31 18:29,2026-05-31 18:29,2026-05-31 18:29
2026-06-01,Lundi,12:00,13:00,Terrain 2e267263,60,40.0,dispo,True,2026-05-31 18:29,2026-05-31 18:29,2026-05-31 18:29
2026-06-01,Lundi,12:00,13:00,Terrain 581b1057,60,55.0,dispo,True,2026-05-31 18:29,2026-05-31 18:29,2026-05-31 18:29
2026-06-01,Lundi,12:00,13:00,Terrain 59f5c1cc,60,64.0,dispo,True,2026-05-31 18:29,2026-05-31 18:29,2026-05-31 18:29
2026-06-01,Lundi,12:00,13:00,Terrain 69d293cc,60,40.0,dispo,True,2026-05-31 18:29,2026-05-31 18:29,2026-05-31 18:29
2026-06-01,Lundi,12:00,13:00,Terrain 921734ea,60,64.0,dispo,True,2026-05-31 18:29,2026-05-31 18:29,2026-05-31 18:29
2026-06-01,Lundi,12:00,13:00,Terrain 94fca3b5,60,40.0,dispo,True,2026-05-31 18:29,2026-05-31 18:29,2026-05-31 18:29
2026-06-01,Lundi,12:00,13:00,Terrain a62df697,60,40.0,dispo,True,2026-05-31 18:29,2026-05-31 18:29,2026-05-31 18:29
2026-06-01,Lundi,12:00,13:00,Terrain aa8d8a07,60,55.0,dispo,True,2026-05-31 18:29,2026-05-31 18:29,2026-05-31 18:29
2026-06-01,Lundi,12:00,13:00,Terrain ac280e48,60,64.0,dispo,True,2026-05-31 18:29,2026-05-31 18:29,2026-05-31 18:29
2026-06-01,Lundi,12:00,13:00,Terrain db9df5dc,60,64.0,dispo,True,2026-05-31 18:29,2026-05-31 18:29,2026-05-31 18:29
2026-06-01,Lundi,12:00,13:00,Terrain e9a9a453,60,55.0,dispo,True,2026-05-31 18:29,2026-05-31 18:29,2026-05-31 18:29
2026-06-01,Lundi,12:00,13:00,Terrain ef842448,60,55.0,dispo,True,2026-05-31 18:29,2026-05-31 18:29,2026-05-31 18:29
2026-06-01,Lundi,13:00,14:00,Terrain 1623d87a,60,40.0,dispo,True,2026-05-31 18:29,2026-05-31 18:29,2026-05-31 18:29
2026-06-01,Lundi,13:00,14:00,Terrain 2c18d1d9,60,40.0,dispo,True,2026-05-31 18:29,2026-05-31 18:29,2026-05-31 18:29
2026-06-01,Lundi,13:00,14:00,Terrain 2e267263,60,40.0,dispo,True,2026-05-31 18:29,2026-05-31 18:29,2026-05-31 18:29
2026-06-01,Lundi,13:00,14:00,Terrain 581b1057,60,55.0,dispo,True,2026-05-31 18:29,2026-05-31 18:29,2026-05-31 18:29
2026-06-01,Lundi,13:00,14:00,Terrain 59f5c1cc,60,64.0,dispo,True,2026-05-31 18:29,2026-05-31 18:29,2026-05-31 18:29
2026-06-01,Lundi,13:00,14:00,Terrain 69d293cc,60,40.0,dispo,True,2026-05-31 18:29,2026-05-31 18:29,2026-05-31 18:29
2026-06-01,Lundi,13:00,14:00,Terrain 7b129f34,60,64.0,dispo,True,2026-05-31 18:29,2026-05-31 18:29,2026-05-31 18:29
2026-06-01,Lundi,13:00,14:00,Terrain 921734ea,60,64.0,dispo,True,2026-05-31 18:29,2026-05-31 18:29,2026-05-31 18:29
2026-06-01,Lundi,13:00,14:00,Terrain 94fca3b5,60,40.0,dispo,True,2026-05-31 18:29,2026-05-31 18:29,2026-05-31 18:29
2026-06-01,Lundi,13:00,14:00,Terrain a62df697,60,40.0,dispo,True,2026-05-31 18:29,2026-05-31 18:29,2026-05-31 18:29
2026-06-01,Lundi,13:00,14:00,Terrain aa8d8a07,60,55.0,dispo,True,2026-05-31 18:29,2026-05-31 18:29,2026-05-31 18:29
2026-06-01,Lundi,13:00,14:00,Terrain ac280e48,60,64.0,dispo,True,2026-05-31 18:29,2026-05-31 18:29,2026-05-31 18:29
2026-06-01,Lundi,13:00,14:00,Terrain db9df5dc,60,64.0,dispo,True,2026-05-31 18:29,2026-05-31 18:29,2026-05-31 18:29
2026-06-01,Lundi,13:00,14:00,Terrain e9a9a453,60,55.0,dispo,True,2026-05-31 18:29,2026-05-31 18:29,2026-05-31 18:29
2026-06-01,Lundi,14:00,15:00,Terrain 1623d87a,60,25.0,dispo,True,2026-05-31 18:29,2026-05-31 18:29,2026-05-31 18:29
2026-06-01,Lundi,14:00,15:00,Terrain 2c18d1d9,60,25.0,dispo,True,2026-05-31 18:29,2026-05-31 18:29,2026-05-31 18:29
2026-06-01,Lundi,14:00,15:00,Terrain 2e267263,60,25.0,dispo,True,2026-05-31 18:29,2026-05-31 18:29,2026-05-31 18:29
2026-06-01,Lundi,14:00,15:00,Terrain 53b0cefd,60,54.0,dispo,True,2026-05-31 18:29,2026-05-31 18:29,2026-05-31 18:29
2026-06-01,Lundi,14:00,15:00,Terrain 581b1057,60,40.0,dispo,True,2026-05-31 18:29,2026-05-31 18:29,2026-05-31 18:29
2026-06-01,Lundi,14:00,15:00,Terrain 59f5c1cc,60,54.0,dispo,True,2026-05-31 18:29,2026-05-31 18:29,2026-05-31 18:29
2026-06-01,Lundi,14:00,15:00,Terrain 69d293cc,60,25.0,dispo,True,2026-05-31 18:29,2026-05-31 18:29,2026-05-31 18:29
2026-06-01,Lundi,14:00,15:00,Terrain 7b129f34,60,54.0,dispo,True,2026-05-31 18:29,2026-05-31 18:29,2026-05-31 18:29
2026-06-01,Lundi,14:00,15:00,Terrain 921734ea,60,54.0,dispo,True,2026-05-31 18:29,2026-05-31 18:29,2026-05-31 18:29
2026-06-01,Lundi,14:00,15:00,Terrain 94fca3b5,60,25.0,dispo,True,2026-05-31 18:29,2026-05-31 18:29,2026-05-31 18:29
2026-06-01,Lundi,14:00,15:00,Terrain a62df697,60,25.0,dispo,True,2026-05-31 18:29,2026-05-31 18:29,2026-05-31 18:29
2026-06-01,Lundi,14:00,15:00,Terrain ac280e48,60,54.0,dispo,True,2026-05-31 18:29,2026-05-31 18:29,2026-05-31 18:29
2026-06-01,Lundi,14:00,15:00,Terrain db9df5dc,60,54.0,dispo,True,2026-05-31 18:29,2026-05-31 18:29,2026-05-31 18:29
2026-06-01,Lundi,14:00,15:00,Terrain e9a9a453,60,40.0,dispo,True,2026-05-31 18:29,2026-05-31 18:29,2026-05-31 18:29
2026-06-01,Lundi,14:00,15:00,Terrain ef842448,60,40.0,dispo,True,2026-05-31 18:29,2026-05-31 18:29,2026-05-31 18:29
2026-06-01,Lundi,14:30,16:00,Terrain 3517c630,90,81.0,dispo,True,2026-05-31 18:29,2026-05-31 18:29,2026-05-31 18:29
2026-06-01,Lundi,14:30,16:00,Terrain 81821ffc,90,81.0,dispo,True,2026-05-31 18:29,2026-05-31 18:29,2026-05-31 18:29
2026-06-01,Lundi,15:00,16:00,Terrain 1623d87a,60,25.0,dispo,True,2026-05-31 18:29,2026-05-31 18:29,2026-05-31 18:29
2026-06-01,Lundi,15:00,16:00,Terrain 2c18d1d9,60,25.0,dispo,True,2026-05-31 18:29,2026-05-31 18:29,2026-05-31 18:29
2026-06-01,Lundi,15:00,16:00,Terrain 2e267263,60,25.0,dispo,True,2026-05-31 18:29,2026-05-31 18:29,2026-05-31 18:29
2026-06-01,Lundi,15:00,16:00,Terrain 53b0cefd,60,54.0,dispo,True,2026-05-31 18:29,2026-05-31 18:29,2026-05-31 18:29
2026-06-01,Lundi,15:00,16:00,Terrain 581b1057,60,40.0,dispo,True,2026-05-31 18:29,2026-05-31 18:29,2026-05-31 18:29
2026-06-01,Lundi,15:00,16:00,Terrain 59f5c1cc,60,54.0,dispo,True,2026-05-31 18:29,2026-05-31 18:29,2026-05-31 18:29
2026-06-01,Lundi,15:00,16:00,Terrain 69d293cc,60,25.0,dispo,True,2026-05-31 18:29,2026-05-31 18:29,2026-05-31 18:29
2026-06-01,Lundi,15:00,16:00,Terrain 7b129f34,60,54.0,dispo,True,2026-05-31 18:29,2026-05-31 18:29,2026-05-31 18:29
2026-06-01,Lundi,15:00,16:00,Terrain 921734ea,60,54.0,dispo,True,2026-05-31 18:29,2026-05-31 18:29,2026-05-31 18:29
2026-06-01,Lundi,15:00,16:00,Terrain 94fca3b5,60,25.0,dispo,True,2026-05-31 18:29,2026-05-31 18:29,2026-05-31 18:29
2026-06-01,Lundi,15:00,16:00,Terrain a62df697,60,25.0,dispo,True,2026-05-31 18:29,2026-05-31 18:29,2026-05-31 18:29
2026-06-01,Lundi,15:00,16:00,Terrain aa8d8a07,60,40.0,dispo,True,2026-05-31 18:29,2026-05-31 18:29,2026-05-31 18:29
2026-06-01,Lundi,15:00,16:00,Terrain ac280e48,60,54.0,dispo,True,2026-05-31 18:29,2026-05-31 18:29,2026-05-31 18:29
2026-06-01,Lundi,15:00,16:00,Terrain db9df5dc,60,54.0,dispo,True,2026-05-31 18:29,2026-05-31 18:29,2026-05-31 18:29
2026-06-01,Lundi,16:00,17:00,Terrain 1623d87a,60,25.0,dispo,True,2026-05-31 18:29,2026-05-31 18:29,2026-05-31 18:29
2026-06-01,Lundi,16:00,17:00,Terrain 2c18d1d9,60,25.0,dispo,True,2026-05-31 18:29,2026-05-31 18:29,2026-05-31 18:29
2026-06-01,Lundi,16:00,17:00,Terrain 2e267263,60,25.0,dispo,True,2026-05-31 18:29,2026-05-31 18:29,2026-05-31 18:29
2026-06-01,Lundi,16:00,17:30,Terrain 3517c630,90,81.0,dispo,True,2026-05-31 18:29,2026-05-31 18:29,2026-05-31 18:29
2026-06-01,Lundi,16:00,17:00,Terrain 53b0cefd,60,54.0,dispo,True,2026-05-31 18:29,2026-05-31 18:29,2026-05-31 18:29
2026-06-01,Lundi,16:00,17:00,Terrain 59f5c1cc,60,54.0,dispo,True,2026-05-31 18:29,2026-05-31 18:29,2026-05-31 18:29
2026-06-01,Lundi,16:00,17:00,Terrain 69d293cc,60,25.0,dispo,True,2026-05-31 18:29,2026-05-31 18:29,2026-05-31 18:29
2026-06-01,Lundi,16:00,17:30,Terrain 81821ffc,90,81.0,dispo,True,2026-05-31 18:29,2026-05-31 18:29,2026-05-31 18:29
2026-06-01,Lundi,16:00,17:00,Terrain 921734ea,60,54.0,dispo,True,2026-05-31 18:29,2026-05-31 18:29,2026-05-31 18:29
2026-06-01,Lundi,16:00,17:00,Terrain 94fca3b5,60,25.0,dispo,True,2026-05-31 18:29,2026-05-31 18:29,2026-05-31 18:29
2026-06-01,Lundi,16:00,17:00,Terrain a115dc23,60,40.0,dispo,True,2026-05-31 18:29,2026-05-31 18:29,2026-05-31 18:29
2026-06-01,Lundi,16:00,17:00,Terrain a62df697,60,25.0,dispo,True,2026-05-31 18:29,2026-05-31 18:29,2026-05-31 18:29
2026-06-01,Lundi,16:00,17:00,Terrain aa8d8a07,60,40.0,dispo,True,2026-05-31 18:29,2026-05-31 18:29,2026-05-31 18:29
2026-06-01,Lundi,16:00,17:00,Terrain db9df5dc,60,54.0,dispo,True,2026-05-31 18:29,2026-05-31 18:29,2026-05-31 18:29
2026-06-01,Lundi,16:00,17:00,Terrain e9a9a453,60,40.0,dispo,True,2026-05-31 18:29,2026-05-31 18:29,2026-05-31 18:29
2026-06-01,Lundi,17:00,18:00,Terrain 1623d87a,60,25.0,dispo,True,2026-05-31 18:29,2026-05-31 18:29,2026-05-31 18:29
2026-06-01,Lundi,17:00,18:00,Terrain 2c18d1d9,60,25.0,dispo,True,2026-05-31 18:29,2026-05-31 18:29,2026-05-31 18:29
2026-06-01,Lundi,17:00,18:00,Terrain 2e267263,60,25.0,dispo,True,2026-05-31 18:29,2026-05-31 18:29,2026-05-31 18:29
2026-06-01,Lundi,17:00,18:00,Terrain 581b1057,60,40.0,dispo,True,2026-05-31 18:29,2026-05-31 18:29,2026-05-31 18:29
2026-06-01,Lundi,17:00,18:00,Terrain 59f5c1cc,60,54.0,dispo,True,2026-05-31 18:29,2026-05-31 18:29,2026-05-31 18:29
2026-06-01,Lundi,17:00,18:00,Terrain 69d293cc,60,25.0,dispo,True,2026-05-31 18:29,2026-05-31 18:29,2026-05-31 18:29
2026-06-01,Lundi,17:00,18:00,Terrain 921734ea,60,54.0,dispo,True,2026-05-31 18:29,2026-05-31 18:29,2026-05-31 18:29
2026-06-01,Lundi,17:00,18:00,Terrain 94fca3b5,60,25.0,dispo,True,2026-05-31 18:29,2026-05-31 18:29,2026-05-31 18:29
2026-06-01,Lundi,17:00,18:00,Terrain a115dc23,60,40.0,dispo,True,2026-05-31 18:29,2026-05-31 18:29,2026-05-31 18:29
2026-06-01,Lundi,17:00,18:00,Terrain a62df697,60,25.0,dispo,True,2026-05-31 18:29,2026-05-31 18:29,2026-05-31 18:29
2026-06-01,Lundi,17:00,18:00,Terrain aa8d8a07,60,40.0,dispo,True,2026-05-31 18:29,2026-05-31 18:29,2026-05-31 18:29
2026-06-01,Lundi,17:00,18:00,Terrain ac280e48,60,54.0,dispo,True,2026-05-31 18:29,2026-05-31 18:29,2026-05-31 18:29
2026-06-01,Lundi,17:00,18:00,Terrain db9df5dc,60,54.0,dispo,True,2026-05-31 18:29,2026-05-31 18:29,2026-05-31 18:29
2026-06-01,Lundi,17:00,18:00,Terrain e9a9a453,60,40.0,dispo,True,2026-05-31 18:29,2026-05-31 18:29,2026-05-31 18:29
2026-06-01,Lundi,18:00,19:00,Terrain 1623d87a,60,40.0,dispo,True,2026-05-31 18:29,2026-05-31 18:29,2026-05-31 18:29
2026-06-01,Lundi,18:00,19:00,Terrain 2c18d1d9,60,40.0,dispo,True,2026-05-31 18:29,2026-05-31 18:29,2026-05-31 18:29
2026-06-01,Lundi,18:00,19:00,Terrain 2e267263,60,40.0,dispo,True,2026-05-31 18:29,2026-05-31 18:29,2026-05-31 18:29
2026-06-01,Lundi,18:00,19:00,Terrain 69d293cc,60,40.0,dispo,True,2026-05-31 18:29,2026-05-31 18:29,2026-05-31 18:29
2026-06-01,Lundi,18:00,19:00,Terrain a62df697,60,40.0,dispo,True,2026-05-31 18:29,2026-05-31 18:29,2026-05-31 18:29
2026-06-01,Lundi,18:00,19:00,Terrain aa8d8a07,60,55.0,dispo,True,2026-05-31 18:29,2026-05-31 18:29,2026-05-31 18:29
2026-06-01,Lundi,18:00,19:00,Terrain e9a9a453,60,55.0,dispo,True,2026-05-31 18:29,2026-05-31 18:29,2026-05-31 18:29
2026-06-01,Lundi,19:00,20:00,Terrain 1623d87a,60,40.0,dispo,True,2026-05-31 18:29,2026-05-31 18:29,2026-05-31 18:29
2026-06-01,Lundi,19:00,20:00,Terrain 2c18d1d9,60,40.0,dispo,True,2026-05-31 18:29,2026-05-31 18:29,2026-05-31 18:29
2026-06-01,Lundi,19:00,20:00,Terrain 2e267263,60,40.0,dispo,True,2026-05-31 18:29,2026-05-31 18:29,2026-05-31 18:29
2026-06-01,Lundi,19:00,20:00,Terrain 69d293cc,60,40.0,dispo,True,2026-05-31 18:29,2026-05-31 18:29,2026-05-31 18:29
2026-06-01,Lundi,19:00,20:00,Terrain a62df697,60,40.0,dispo,True,2026-05-31 18:29,2026-05-31 18:29,2026-05-31 18:29
2026-06-01,Lundi,19:00,20:00,Terrain aa8d8a07,60,60.0,dispo,True,2026-05-31 18:29,2026-05-31 18:29,2026-05-31 18:29
2026-06-01,Lundi,20:00,21:00,Terrain 2c18d1d9,60,40.0,dispo,True,2026-05-31 18:29,2026-05-31 18:29,2026-05-31 18:29
2026-06-01,Lundi,20:00,21:00,Terrain 2e267263,60,40.0,dispo,True,2026-05-31 18:29,2026-05-31 18:29,2026-05-31 18:29
2026-06-01,Lundi,21:00,22:00,Terrain 1623d87a,60,40.0,dispo,True,2026-05-31 18:29,2026-05-31 18:29,2026-05-31 18:29
2026-06-01,Lundi,21:00,22:00,Terrain 2c18d1d9,60,40.0,dispo,True,2026-05-31 18:29,2026-05-31 18:29,2026-05-31 18:29
2026-06-01,Lundi,21:00,22:00,Terrain 2e267263,60,40.0,dispo,True,2026-05-31 18:29,2026-05-31 18:29,2026-05-31 18:29
2026-06-01,Lundi,21:00,22:00,Terrain 69d293cc,60,40.0,dispo,True,2026-05-31 18:29,2026-05-31 18:29,2026-05-31 18:29
2026-06-01,Lundi,21:00,22:00,Terrain 94fca3b5,60,40.0,dispo,True,2026-05-31 18:29,2026-05-31 18:29,2026-05-31 18:29
2026-06-01,Lundi,21:00,22:00,Terrain a62df697,60,40.0,dispo,True,2026-05-31 18:29,2026-05-31 18:29,2026-05-31 18:29
2026-06-01,Lundi,21:00,22:00,Terrain aa8d8a07,60,60.0,dispo,True,2026-05-31 18:29,2026-05-31 18:29,2026-05-31 18:29
2026-06-01,Lundi,22:00,23:00,Terrain 1623d87a,60,25.0,dispo,True,2026-05-31 18:29,2026-05-31 18:29,2026-05-31 18:29
2026-06-01,Lundi,22:00,23:00,Terrain 2c18d1d9,60,25.0,dispo,True,2026-05-31 18:29,2026-05-31 18:29,2026-05-31 18:29
2026-06-01,Lundi,22:00,23:00,Terrain 2e267263,60,25.0,dispo,True,2026-05-31 18:29,2026-05-31 18:29,2026-05-31 18:29
2026-06-01,Lundi,22:00,23:00,Terrain 69d293cc,60,25.0,dispo,True,2026-05-31 18:29,2026-05-31 18:29,2026-05-31 18:29
2026-06-01,Lundi,22:00,23:00,Terrain 94fca3b5,60,25.0,dispo,True,2026-05-31 18:29,2026-05-31 18:29,2026-05-31 18:29
2026-06-01,Lundi,22:00,23:00,Terrain a62df697,60,25.0,dispo,True,2026-05-31 18:29,2026-05-31 18:29,2026-05-31 18:29
2026-06-01,Lundi,22:00,23:00,Terrain e9a9a453,60,40.0,dispo,True,2026-05-31 18:29,2026-05-31 18:29,2026-05-31 18:29
2026-06-01,Lundi,23:00,00:00,Terrain 1623d87a,60,25.0,dispo,True,2026-05-31 18:29,2026-05-31 18:29,2026-05-31 18:29
2026-06-01,Lundi,23:00,00:00,Terrain 2c18d1d9,60,25.0,dispo,True,2026-05-31 18:29,2026-05-31 18:29,2026-05-31 18:29
2026-06-01,Lundi,23:00,00:00,Terrain 2e267263,60,25.0,dispo,True,2026-05-31 18:29,2026-05-31 18:29,2026-05-31 18:29
2026-06-01,Lundi,23:00,00:00,Terrain 53b0cefd,60,54.0,dispo,True,2026-05-31 18:29,2026-05-31 18:29,2026-05-31 18:29
2026-06-01,Lundi,23:00,00:00,Terrain 581b1057,60,40.0,dispo,True,2026-05-31 18:29,2026-05-31 18:29,2026-05-31 18:29
2026-06-01,Lundi,23:00,00:00,Terrain 59f5c1cc,60,54.0,dispo,True,2026-05-31 18:29,2026-05-31 18:29,2026-05-31 18:29
2026-06-01,Lundi,23:00,00:00,Terrain 69d293cc,60,25.0,dispo,True,2026-05-31 18:29,2026-05-31 18:29,2026-05-31 18:29
2026-06-01,Lundi,23:00,00:00,Terrain 7b129f34,60,54.0,dispo,True,2026-05-31 18:29,2026-05-31 18:29,2026-05-31 18:29
2026-06-01,Lundi,23:00,00:00,Terrain 921734ea,60,54.0,dispo,True,2026-05-31 18:29,2026-05-31 18:29,2026-05-31 18:29
2026-06-01,Lundi,23:00,00:00,Terrain 94fca3b5,60,25.0,dispo,True,2026-05-31 18:29,2026-05-31 18:29,2026-05-31 18:29
2026-06-01,Lundi,23:00,00:00,Terrain a115dc23,60,40.0,dispo,True,2026-05-31 18:29,2026-05-31 18:29,2026-05-31 18:29
2026-06-01,Lundi,23:00,00:00,Terrain a62df697,60,25.0,dispo,True,2026-05-31 18:29,2026-05-31 18:29,2026-05-31 18:29
2026-06-01,Lundi,23:00,00:00,Terrain ac280e48,60,54.0,dispo,True,2026-05-31 18:29,2026-05-31 18:29,2026-05-31 18:29
2026-06-01,Lundi,23:00,00:00,Terrain db9df5dc,60,54.0,dispo,True,2026-05-31 18:29,2026-05-31 18:29,2026-05-31 18:29
2026-06-01,Lundi,23:00,00:00,Terrain e9a9a453,60,40.0,dispo,True,2026-05-31 18:29,2026-05-31 18:29,2026-05-31 18:29
2026-06-01,Lundi,23:00,00:00,Terrain ef842448,60,40.0,dispo,True,2026-05-31 18:29,2026-05-31 18:29,2026-05-31 18:29
2026-06-01,Lundi,23:30,01:00,Terrain 3517c630,90,81.0,dispo,True,2026-05-31 18:29,2026-05-31 18:29,2026-05-31 18:29
2026-06-01,Lundi,23:30,01:00,Terrain 81821ffc,90,81.0,dispo,True,2026-05-31 18:29,2026-05-31 18:29,2026-05-31 18:29
2026-06-02,Mardi,00:00,01:00,Terrain 53b0cefd,60,54.0,dispo,True,2026-05-31 18:29,2026-05-31 18:29,2026-05-31 18:29
2026-06-02,Mardi,00:00,01:00,Terrain 59f5c1cc,60,54.0,dispo,True,2026-05-31 18:29,2026-05-31 18:29,2026-05-31 18:29
2026-06-02,Mardi,00:00,01:00,Terrain 7b129f34,60,54.0,dispo,True,2026-05-31 18:29,2026-05-31 18:29,2026-05-31 18:29
2026-06-02,Mardi,00:00,01:00,Terrain 921734ea,60,54.0,dispo,True,2026-05-31 18:29,2026-05-31 18:29,2026-05-31 18:29
2026-06-02,Mardi,00:00,01:00,Terrain ac280e48,60,54.0,dispo,True,2026-05-31 18:29,2026-05-31 18:29,2026-05-31 18:29
2026-06-02,Mardi,00:00,01:00,Terrain db9df5dc,60,54.0,dispo,True,2026-05-31 18:29,2026-05-31 18:29,2026-05-31 18:29
2026-06-02,Mardi,07:00,08:00,Terrain 1623d87a,60,25.0,dispo,True,2026-05-31 18:29,2026-05-31 18:29,2026-05-31 18:29
2026-06-02,Mardi,07:00,08:00,Terrain 2c18d1d9,60,25.0,dispo,True,2026-05-31 18:29,2026-05-31 18:29,2026-05-31 18:29
2026-06-02,Mardi,07:00,08:00,Terrain 2e267263,60,25.0,dispo,True,2026-05-31 18:29,2026-05-31 18:29,2026-05-31 18:29
2026-06-02,Mardi,07:00,08:30,Terrain 3517c630,90,81.0,dispo,True,2026-05-31 18:29,2026-05-31 18:29,2026-05-31 18:29
2026-06-02,Mardi,07:00,08:00,Terrain 53b0cefd,60,54.0,dispo,True,2026-05-31 18:29,2026-05-31 18:29,2026-05-31 18:29
2026-06-02,Mardi,07:00,08:00,Terrain 581b1057,60,40.0,dispo,True,2026-05-31 18:29,2026-05-31 18:29,2026-05-31 18:29
2026-06-02,Mardi,07:00,08:00,Terrain 59f5c1cc,60,54.0,dispo,True,2026-05-31 18:29,2026-05-31 18:29,2026-05-31 18:29
2026-06-02,Mardi,07:00,08:00,Terrain 69d293cc,60,25.0,dispo,True,2026-05-31 18:29,2026-05-31 18:29,2026-05-31 18:29
2026-06-02,Mardi,07:00,08:00,Terrain 7b129f34,60,54.0,dispo,True,2026-05-31 18:29,2026-05-31 18:29,2026-05-31 18:29
2026-06-02,Mardi,07:00,08:30,Terrain 81821ffc,90,81.0,dispo,True,2026-05-31 18:29,2026-05-31 18:29,2026-05-31 18:29
2026-06-02,Mardi,07:00,08:00,Terrain 921734ea,60,54.0,dispo,True,2026-05-31 18:29,2026-05-31 18:29,2026-05-31 18:29
2026-06-02,Mardi,07:00,08:00,Terrain 94fca3b5,60,25.0,dispo,True,2026-05-31 18:29,2026-05-31 18:29,2026-05-31 18:29
2026-06-02,Mardi,07:00,08:00,Terrain a115dc23,60,40.0,dispo,True,2026-05-31 18:29,2026-05-31 18:29,2026-05-31 18:29
2026-06-02,Mardi,07:00,08:00,Terrain a62df697,60,25.0,dispo,True,2026-05-31 18:29,2026-05-31 18:29,2026-05-31 18:29
2026-06-02,Mardi,07:00,08:00,Terrain aa8d8a07,60,40.0,dispo,True,2026-05-31 18:29,2026-05-31 18:29,2026-05-31 18:29
2026-06-02,Mardi,07:00,08:00,Terrain ac280e48,60,54.0,dispo,True,2026-05-31 18:29,2026-05-31 18:29,2026-05-31 18:29
2026-06-02,Mardi,07:00,08:00,Terrain db9df5dc,60,54.0,dispo,True,2026-05-31 18:29,2026-05-31 18:29,2026-05-31 18:29
2026-06-02,Mardi,08:00,09:00,Terrain 1623d87a,60,25.0,dispo,True,2026-05-31 18:29,2026-05-31 18:29,2026-05-31 18:29
2026-06-02,Mardi,08:00,09:00,Terrain 2c18d1d9,60,25.0,dispo,True,2026-05-31 18:29,2026-05-31 18:29,2026-05-31 18:29
2026-06-02,Mardi,08:00,09:00,Terrain 2e267263,60,25.0,dispo,True,2026-05-31 18:29,2026-05-31 18:29,2026-05-31 18:29
2026-06-02,Mardi,08:00,09:00,Terrain 53b0cefd,60,54.0,dispo,True,2026-05-31 18:29,2026-05-31 18:29,2026-05-31 18:29
2026-06-02,Mardi,08:00,09:00,Terrain 581b1057,60,40.0,dispo,True,2026-05-31 18:29,2026-05-31 18:29,2026-05-31 18:29
2026-06-02,Mardi,08:00,09:00,Terrain 59f5c1cc,60,54.0,dispo,True,2026-05-31 18:29,2026-05-31 18:29,2026-05-31 18:29
2026-06-02,Mardi,08:00,09:00,Terrain 69d293cc,60,25.0,dispo,True,2026-05-31 18:29,2026-05-31 18:29,2026-05-31 18:29
2026-06-02,Mardi,08:00,09:00,Terrain 7b129f34,60,54.0,dispo,True,2026-05-31 18:29,2026-05-31 18:29,2026-05-31 18:29
2026-06-02,Mardi,08:00,09:00,Terrain 921734ea,60,54.0,dispo,True,2026-05-31 18:29,2026-05-31 18:29,2026-05-31 18:29
2026-06-02,Mardi,08:00,09:00,Terrain 94fca3b5,60,25.0,dispo,True,2026-05-31 18:29,2026-05-31 18:29,2026-05-31 18:29
2026-06-02,Mardi,08:00,09:00,Terrain a115dc23,60,40.0,dispo,True,2026-05-31 18:29,2026-05-31 18:29,2026-05-31 18:29
2026-06-02,Mardi,08:00,09:00,Terrain a62df697,60,25.0,dispo,True,2026-05-31 18:29,2026-05-31 18:29,2026-05-31 18:29
2026-06-02,Mardi,08:00,09:00,Terrain aa8d8a07,60,40.0,dispo,True,2026-05-31 18:29,2026-05-31 18:29,2026-05-31 18:29
2026-06-02,Mardi,08:00,09:00,Terrain ac280e48,60,54.0,dispo,True,2026-05-31 18:29,2026-05-31 18:29,2026-05-31 18:29
2026-06-02,Mardi,08:00,09:00,Terrain db9df5dc,60,54.0,dispo,True,2026-05-31 18:29,2026-05-31 18:29,2026-05-31 18:29
2026-06-02,Mardi,08:00,09:00,Terrain ef842448,60,40.0,dispo,True,2026-05-31 18:29,2026-05-31 18:29,2026-05-31 18:29
2026-06-02,Mardi,08:30,10:00,Terrain 81821ffc,90,81.0,dispo,True,2026-05-31 18:29,2026-05-31 18:29,2026-05-31 18:29
2026-06-02,Mardi,09:00,10:00,Terrain 1623d87a,60,25.0,dispo,True,2026-05-31 18:29,2026-05-31 18:29,2026-05-31 18:29
2026-06-02,Mardi,09:00,10:00,Terrain 2c18d1d9,60,25.0,dispo,True,2026-05-31 18:29,2026-05-31 18:29,2026-05-31 18:29
2026-06-02,Mardi,09:00,10:00,Terrain 2e267263,60,25.0,dispo,True,2026-05-31 18:29,2026-05-31 18:29,2026-05-31 18:29
2026-06-02,Mardi,09:00,10:00,Terrain 53b0cefd,60,54.0,dispo,True,2026-05-31 18:29,2026-05-31 18:29,2026-05-31 18:29
2026-06-02,Mardi,09:00,10:00,Terrain 581b1057,60,40.0,dispo,True,2026-05-31 18:29,2026-05-31 18:29,2026-05-31 18:29
2026-06-02,Mardi,09:00,10:00,Terrain 59f5c1cc,60,54.0,dispo,True,2026-05-31 18:29,2026-05-31 18:29,2026-05-31 18:29
2026-06-02,Mardi,09:00,10:00,Terrain 69d293cc,60,25.0,dispo,True,2026-05-31 18:29,2026-05-31 18:29,2026-05-31 18:29
2026-06-02,Mardi,09:00,10:00,Terrain 7b129f34,60,54.0,dispo,True,2026-05-31 18:29,2026-05-31 18:29,2026-05-31 18:29
2026-06-02,Mardi,09:00,10:00,Terrain 921734ea,60,54.0,dispo,True,2026-05-31 18:29,2026-05-31 18:29,2026-05-31 18:29
2026-06-02,Mardi,09:00,10:00,Terrain 94fca3b5,60,25.0,dispo,True,2026-05-31 18:29,2026-05-31 18:29,2026-05-31 18:29
2026-06-02,Mardi,09:00,10:00,Terrain a62df697,60,25.0,dispo,True,2026-05-31 18:29,2026-05-31 18:29,2026-05-31 18:29
2026-06-02,Mardi,09:00,10:00,Terrain aa8d8a07,60,40.0,dispo,True,2026-05-31 18:29,2026-05-31 18:29,2026-05-31 18:29
2026-06-02,Mardi,09:00,10:00,Terrain ac280e48,60,54.0,dispo,True,2026-05-31 18:29,2026-05-31 18:29,2026-05-31 18:29
2026-06-02,Mardi,09:00,10:00,Terrain db9df5dc,60,54.0,dispo,True,2026-05-31 18:29,2026-05-31 18:29,2026-05-31 18:29
2026-06-02,Mardi,09:00,10:00,Terrain ef842448,60,40.0,dispo,True,2026-05-31 18:29,2026-05-31 18:29,2026-05-31 18:29
2026-06-02,Mardi,10:00,11:00,Terrain 1623d87a,60,25.0,dispo,True,2026-05-31 18:29,2026-05-31 18:29,2026-05-31 18:29
2026-06-02,Mardi,10:00,11:00,Terrain 2c18d1d9,60,25.0,dispo,True,2026-05-31 18:29,2026-05-31 18:29,2026-05-31 18:29
2026-06-02,Mardi,10:00,11:00,Terrain 2e267263,60,25.0,dispo,True,2026-05-31 18:29,2026-05-31 18:29,2026-05-31 18:29
2026-06-02,Mardi,10:00,11:00,Terrain 53b0cefd,60,54.0,dispo,True,2026-05-31 18:29,2026-05-31 18:29,2026-05-31 18:29
2026-06-02,Mardi,10:00,11:00,Terrain 59f5c1cc,60,54.0,dispo,True,2026-05-31 18:29,2026-05-31 18:29,2026-05-31 18:29
2026-06-02,Mardi,10:00,11:00,Terrain 69d293cc,60,25.0,dispo,True,2026-05-31 18:29,2026-05-31 18:29,2026-05-31 18:29
2026-06-02,Mardi,10:00,11:00,Terrain 7b129f34,60,54.0,dispo,True,2026-05-31 18:29,2026-05-31 18:29,2026-05-31 18:29
2026-06-02,Mardi,10:00,11:00,Terrain 921734ea,60,54.0,dispo,True,2026-05-31 18:29,2026-05-31 18:29,2026-05-31 18:29
2026-06-02,Mardi,10:00,11:00,Terrain 94fca3b5,60,25.0,dispo,True,2026-05-31 18:29,2026-05-31 18:29,2026-05-31 18:29
2026-06-02,Mardi,10:00,11:00,Terrain a62df697,60,25.0,dispo,True,2026-05-31 18:29,2026-05-31 18:29,2026-05-31 18:29
2026-06-02,Mardi,10:00,11:00,Terrain aa8d8a07,60,40.0,dispo,True,2026-05-31 18:29,2026-05-31 18:29,2026-05-31 18:29
2026-06-02,Mardi,10:00,11:00,Terrain ac280e48,60,54.0,dispo,True,2026-05-31 18:29,2026-05-31 18:29,2026-05-31 18:29
2026-06-02,Mardi,10:00,11:00,Terrain db9df5dc,60,54.0,dispo,True,2026-05-31 18:29,2026-05-31 18:29,2026-05-31 18:29
2026-06-02,Mardi,11:00,12:00,Terrain 1623d87a,60,25.0,dispo,True,2026-05-31 18:29,2026-05-31 18:29,2026-05-31 18:29
2026-06-02,Mardi,11:00,12:00,Terrain 2c18d1d9,60,25.0,dispo,True,2026-05-31 18:29,2026-05-31 18:29,2026-05-31 18:29
2026-06-02,Mardi,11:00,12:00,Terrain 2e267263,60,25.0,dispo,True,2026-05-31 18:29,2026-05-31 18:29,2026-05-31 18:29
2026-06-02,Mardi,11:00,12:00,Terrain 53b0cefd,60,54.0,dispo,True,2026-05-31 18:29,2026-05-31 18:29,2026-05-31 18:29
2026-06-02,Mardi,11:00,12:00,Terrain 59f5c1cc,60,54.0,dispo,True,2026-05-31 18:29,2026-05-31 18:29,2026-05-31 18:29
2026-06-02,Mardi,11:00,12:00,Terrain 69d293cc,60,25.0,dispo,True,2026-05-31 18:29,2026-05-31 18:29,2026-05-31 18:29
2026-06-02,Mardi,11:00,12:00,Terrain 7b129f34,60,54.0,dispo,True,2026-05-31 18:29,2026-05-31 18:29,2026-05-31 18:29
2026-06-02,Mardi,11:00,12:00,Terrain 921734ea,60,54.0,dispo,True,2026-05-31 18:29,2026-05-31 18:29,2026-05-31 18:29
2026-06-02,Mardi,11:00,12:00,Terrain 94fca3b5,60,25.0,dispo,True,2026-05-31 18:29,2026-05-31 18:29,2026-05-31 18:29
2026-06-02,Mardi,11:00,12:00,Terrain a62df697,60,25.0,dispo,True,2026-05-31 18:29,2026-05-31 18:29,2026-05-31 18:29
2026-06-02,Mardi,11:00,12:00,Terrain aa8d8a07,60,40.0,dispo,True,2026-05-31 18:29,2026-05-31 18:29,2026-05-31 18:29
2026-06-02,Mardi,11:00,12:00,Terrain ac280e48,60,54.0,dispo,True,2026-05-31 18:29,2026-05-31 18:29,2026-05-31 18:29
2026-06-02,Mardi,11:00,12:00,Terrain db9df5dc,60,54.0,dispo,True,2026-05-31 18:29,2026-05-31 18:29,2026-05-31 18:29
2026-06-02,Mardi,11:30,13:00,Terrain 3517c630,90,96.0,dispo,True,2026-05-31 18:29,2026-05-31 18:29,2026-05-31 18:29
2026-06-02,Mardi,11:30,13:00,Terrain 81821ffc,90,96.0,dispo,True,2026-05-31 18:29,2026-05-31 18:29,2026-05-31 18:29
2026-06-02,Mardi,12:00,13:00,Terrain 1623d87a,60,40.0,dispo,True,2026-05-31 18:29,2026-05-31 18:29,2026-05-31 18:29
2026-06-02,Mardi,12:00,13:00,Terrain 2c18d1d9,60,40.0,dispo,True,2026-05-31 18:29,2026-05-31 18:29,2026-05-31 18:29
2026-06-02,Mardi,12:00,13:00,Terrain 2e267263,60,40.0,dispo,True,2026-05-31 18:29,2026-05-31 18:29,2026-05-31 18:29
2026-06-02,Mardi,12:00,13:00,Terrain 53b0cefd,60,64.0,dispo,True,2026-05-31 18:29,2026-05-31 18:29,2026-05-31 18:29
2026-06-02,Mardi,12:00,13:00,Terrain 581b1057,60,55.0,dispo,True,2026-05-31 18:29,2026-05-31 18:29,2026-05-31 18:29
2026-06-02,Mardi,12:00,13:00,Terrain 59f5c1cc,60,64.0,dispo,True,2026-05-31 18:29,2026-05-31 18:29,2026-05-31 18:29
2026-06-02,Mardi,12:00,13:00,Terrain 69d293cc,60,40.0,dispo,True,2026-05-31 18:29,2026-05-31 18:29,2026-05-31 18:29
2026-06-02,Mardi,12:00,13:00,Terrain 921734ea,60,64.0,dispo,True,2026-05-31 18:29,2026-05-31 18:29,2026-05-31 18:29
2026-06-02,Mardi,12:00,13:00,Terrain 94fca3b5,60,40.0,dispo,True,2026-05-31 18:29,2026-05-31 18:29,2026-05-31 18:29
2026-06-02,Mardi,12:00,13:00,Terrain a115dc23,60,55.0,dispo,True,2026-05-31 18:29,2026-05-31 18:29,2026-05-31 18:29
2026-06-02,Mardi,12:00,13:00,Terrain a62df697,60,40.0,dispo,True,2026-05-31 18:29,2026-05-31 18:29,2026-05-31 18:29
2026-06-02,Mardi,12:00,13:00,Terrain aa8d8a07,60,55.0,dispo,True,2026-05-31 18:29,2026-05-31 18:29,2026-05-31 18:29
2026-06-02,Mardi,12:00,13:00,Terrain db9df5dc,60,64.0,dispo,True,2026-05-31 18:29,2026-05-31 18:29,2026-05-31 18:29
2026-06-02,Mardi,13:00,14:00,Terrain 1623d87a,60,40.0,dispo,True,2026-05-31 18:29,2026-05-31 18:29,2026-05-31 18:29
2026-06-02,Mardi,13:00,14:00,Terrain 2c18d1d9,60,40.0,dispo,True,2026-05-31 18:29,2026-05-31 18:29,2026-05-31 18:29
2026-06-02,Mardi,13:00,14:00,Terrain 2e267263,60,40.0,dispo,True,2026-05-31 18:29,2026-05-31 18:29,2026-05-31 18:29
2026-06-02,Mardi,13:00,14:00,Terrain 53b0cefd,60,64.0,dispo,True,2026-05-31 18:29,2026-05-31 18:29,2026-05-31 18:29
2026-06-02,Mardi,13:00,14:00,Terrain 581b1057,60,55.0,dispo,True,2026-05-31 18:29,2026-05-31 18:29,2026-05-31 18:29
2026-06-02,Mardi,13:00,14:00,Terrain 59f5c1cc,60,64.0,dispo,True,2026-05-31 18:29,2026-05-31 18:29,2026-05-31 18:29
2026-06-02,Mardi,13:00,14:00,Terrain 69d293cc,60,40.0,dispo,True,2026-05-31 18:29,2026-05-31 18:29,2026-05-31 18:29
2026-06-02,Mardi,13:00,14:00,Terrain 7b129f34,60,64.0,dispo,True,2026-05-31 18:29,2026-05-31 18:29,2026-05-31 18:29
2026-06-02,Mardi,13:00,14:00,Terrain 921734ea,60,64.0,dispo,True,2026-05-31 18:29,2026-05-31 18:29,2026-05-31 18:29
2026-06-02,Mardi,13:00,14:00,Terrain 94fca3b5,60,40.0,dispo,True,2026-05-31 18:29,2026-05-31 18:29,2026-05-31 18:29
2026-06-02,Mardi,13:00,14:00,Terrain a115dc23,60,55.0,dispo,True,2026-05-31 18:29,2026-05-31 18:29,2026-05-31 18:29
2026-06-02,Mardi,13:00,14:00,Terrain a62df697,60,40.0,dispo,True,2026-05-31 18:29,2026-05-31 18:29,2026-05-31 18:29
2026-06-02,Mardi,13:00,14:00,Terrain aa8d8a07,60,55.0,dispo,True,2026-05-31 18:29,2026-05-31 18:29,2026-05-31 18:29
2026-06-02,Mardi,13:00,14:00,Terrain ac280e48,60,64.0,dispo,True,2026-05-31 18:29,2026-05-31 18:29,2026-05-31 18:29
2026-06-02,Mardi,13:00,14:00,Terrain db9df5dc,60,64.0,dispo,True,2026-05-31 18:29,2026-05-31 18:29,2026-05-31 18:29
2026-06-02,Mardi,13:00,14:00,Terrain e9a9a453,60,55.0,dispo,True,2026-05-31 18:29,2026-05-31 18:29,2026-05-31 18:29
2026-06-02,Mardi,13:00,14:00,Terrain ef842448,60,55.0,dispo,True,2026-05-31 18:29,2026-05-31 18:29,2026-05-31 18:29
2026-06-02,Mardi,14:00,15:00,Terrain 1623d87a,60,25.0,dispo,True,2026-05-31 18:29,2026-05-31 18:29,2026-05-31 18:29
2026-06-02,Mardi,14:00,15:00,Terrain 2c18d1d9,60,25.0,dispo,True,2026-05-31 18:29,2026-05-31 18:29,2026-05-31 18:29
2026-06-02,Mardi,14:00,15:00,Terrain 2e267263,60,25.0,dispo,True,2026-05-31 18:29,2026-05-31 18:29,2026-05-31 18:29
2026-06-02,Mardi,14:00,15:00,Terrain 53b0cefd,60,54.0,dispo,True,2026-05-31 18:29,2026-05-31 18:29,2026-05-31 18:29
2026-06-02,Mardi,14:00,15:00,Terrain 581b1057,60,40.0,dispo,True,2026-05-31 18:29,2026-05-31 18:29,2026-05-31 18:29
2026-06-02,Mardi,14:00,15:00,Terrain 59f5c1cc,60,54.0,dispo,True,2026-05-31 18:29,2026-05-31 18:29,2026-05-31 18:29
2026-06-02,Mardi,14:00,15:00,Terrain 69d293cc,60,25.0,dispo,True,2026-05-31 18:29,2026-05-31 18:29,2026-05-31 18:29
2026-06-02,Mardi,14:00,15:00,Terrain 7b129f34,60,54.0,dispo,True,2026-05-31 18:29,2026-05-31 18:29,2026-05-31 18:29
2026-06-02,Mardi,14:00,15:00,Terrain 921734ea,60,54.0,dispo,True,2026-05-31 18:29,2026-05-31 18:29,2026-05-31 18:29
2026-06-02,Mardi,14:00,15:00,Terrain 94fca3b5,60,25.0,dispo,True,2026-05-31 18:29,2026-05-31 18:29,2026-05-31 18:29
2026-06-02,Mardi,14:00,15:00,Terrain a115dc23,60,40.0,dispo,True,2026-05-31 18:29,2026-05-31 18:29,2026-05-31 18:29
2026-06-02,Mardi,14:00,15:00,Terrain a62df697,60,25.0,dispo,True,2026-05-31 18:29,2026-05-31 18:29,2026-05-31 18:29
2026-06-02,Mardi,14:00,15:00,Terrain aa8d8a07,60,40.0,dispo,True,2026-05-31 18:29,2026-05-31 18:29,2026-05-31 18:29
2026-06-02,Mardi,14:00,15:00,Terrain ac280e48,60,54.0,dispo,True,2026-05-31 18:29,2026-05-31 18:29,2026-05-31 18:29
2026-06-02,Mardi,14:00,15:00,Terrain db9df5dc,60,54.0,dispo,True,2026-05-31 18:29,2026-05-31 18:29,2026-05-31 18:29
2026-06-02,Mardi,14:00,15:00,Terrain ef842448,60,40.0,dispo,True,2026-05-31 18:29,2026-05-31 18:29,2026-05-31 18:29
2026-06-02,Mardi,14:30,16:00,Terrain 3517c630,90,81.0,dispo,True,2026-05-31 18:29,2026-05-31 18:29,2026-05-31 18:29
2026-06-02,Mardi,14:30,16:00,Terrain 81821ffc,90,81.0,dispo,True,2026-05-31 18:29,2026-05-31 18:29,2026-05-31 18:29
2026-06-02,Mardi,15:00,16:00,Terrain 1623d87a,60,25.0,dispo,True,2026-05-31 18:29,2026-05-31 18:29,2026-05-31 18:29
2026-06-02,Mardi,15:00,16:00,Terrain 2c18d1d9,60,25.0,dispo,True,2026-05-31 18:29,2026-05-31 18:29,2026-05-31 18:29
2026-06-02,Mardi,15:00,16:00,Terrain 2e267263,60,25.0,dispo,True,2026-05-31 18:29,2026-05-31 18:29,2026-05-31 18:29
2026-06-02,Mardi,15:00,16:00,Terrain 53b0cefd,60,54.0,dispo,True,2026-05-31 18:29,2026-05-31 18:29,2026-05-31 18:29
2026-06-02,Mardi,15:00,16:00,Terrain 581b1057,60,40.0,dispo,True,2026-05-31 18:29,2026-05-31 18:29,2026-05-31 18:29
2026-06-02,Mardi,15:00,16:00,Terrain 59f5c1cc,60,54.0,dispo,True,2026-05-31 18:29,2026-05-31 18:29,2026-05-31 18:29
2026-06-02,Mardi,15:00,16:00,Terrain 69d293cc,60,25.0,dispo,True,2026-05-31 18:29,2026-05-31 18:29,2026-05-31 18:29
2026-06-02,Mardi,15:00,16:00,Terrain 7b129f34,60,54.0,dispo,True,2026-05-31 18:29,2026-05-31 18:29,2026-05-31 18:29
2026-06-02,Mardi,15:00,16:00,Terrain 921734ea,60,54.0,dispo,True,2026-05-31 18:29,2026-05-31 18:29,2026-05-31 18:29
2026-06-02,Mardi,15:00,16:00,Terrain 94fca3b5,60,25.0,dispo,True,2026-05-31 18:29,2026-05-31 18:29,2026-05-31 18:29
2026-06-02,Mardi,15:00,16:00,Terrain a115dc23,60,40.0,dispo,True,2026-05-31 18:29,2026-05-31 18:29,2026-05-31 18:29
2026-06-02,Mardi,15:00,16:00,Terrain a62df697,60,25.0,dispo,True,2026-05-31 18:29,2026-05-31 18:29,2026-05-31 18:29
2026-06-02,Mardi,15:00,16:00,Terrain aa8d8a07,60,40.0,dispo,True,2026-05-31 18:29,2026-05-31 18:29,2026-05-31 18:29
2026-06-02,Mardi,15:00,16:00,Terrain ac280e48,60,54.0,dispo,True,2026-05-31 18:29,2026-05-31 18:29,2026-05-31 18:29
2026-06-02,Mardi,15:00,16:00,Terrain db9df5dc,60,54.0,dispo,True,2026-05-31 18:29,2026-05-31 18:29,2026-05-31 18:29
2026-06-02,Mardi,15:00,16:00,Terrain ef842448,60,40.0,dispo,True,2026-05-31 18:29,2026-05-31 18:29,2026-05-31 18:29
2026-06-02,Mardi,16:00,17:00,Terrain 1623d87a,60,25.0,dispo,True,2026-05-31 18:29,2026-05-31 18:29,2026-05-31 18:29
2026-06-02,Mardi,16:00,17:00,Terrain 2c18d1d9,60,25.0,dispo,True,2026-05-31 18:29,2026-05-31 18:29,2026-05-31 18:29
2026-06-02,Mardi,16:00,17:00,Terrain 2e267263,60,25.0,dispo,True,2026-05-31 18:29,2026-05-31 18:29,2026-05-31 18:29
2026-06-02,Mardi,16:00,17:30,Terrain 3517c630,90,81.0,dispo,True,2026-05-31 18:29,2026-05-31 18:29,2026-05-31 18:29
2026-06-02,Mardi,16:00,17:00,Terrain 53b0cefd,60,54.0,dispo,True,2026-05-31 18:29,2026-05-31 18:29,2026-05-31 18:29
2026-06-02,Mardi,16:00,17:00,Terrain 59f5c1cc,60,54.0,dispo,True,2026-05-31 18:29,2026-05-31 18:29,2026-05-31 18:29
2026-06-02,Mardi,16:00,17:00,Terrain 69d293cc,60,25.0,dispo,True,2026-05-31 18:29,2026-05-31 18:29,2026-05-31 18:29
2026-06-02,Mardi,16:00,17:30,Terrain 81821ffc,90,81.0,dispo,True,2026-05-31 18:29,2026-05-31 18:29,2026-05-31 18:29
2026-06-02,Mardi,16:00,17:00,Terrain 921734ea,60,54.0,dispo,True,2026-05-31 18:29,2026-05-31 18:29,2026-05-31 18:29
2026-06-02,Mardi,16:00,17:00,Terrain 94fca3b5,60,25.0,dispo,True,2026-05-31 18:29,2026-05-31 18:29,2026-05-31 18:29
2026-06-02,Mardi,16:00,17:00,Terrain a115dc23,60,40.0,dispo,True,2026-05-31 18:29,2026-05-31 18:29,2026-05-31 18:29
2026-06-02,Mardi,16:00,17:00,Terrain a62df697,60,25.0,dispo,True,2026-05-31 18:29,2026-05-31 18:29,2026-05-31 18:29
2026-06-02,Mardi,16:00,17:00,Terrain aa8d8a07,60,40.0,dispo,True,2026-05-31 18:29,2026-05-31 18:29,2026-05-31 18:29
2026-06-02,Mardi,16:00,17:00,Terrain ac280e48,60,54.0,dispo,True,2026-05-31 18:29,2026-05-31 18:29,2026-05-31 18:29
2026-06-02,Mardi,16:00,17:00,Terrain db9df5dc,60,54.0,dispo,True,2026-05-31 18:29,2026-05-31 18:29,2026-05-31 18:29
2026-06-02,Mardi,16:00,17:00,Terrain e9a9a453,60,40.0,dispo,True,2026-05-31 18:29,2026-05-31 18:29,2026-05-31 18:29
2026-06-02,Mardi,16:00,17:00,Terrain ef842448,60,40.0,dispo,True,2026-05-31 18:29,2026-05-31 18:29,2026-05-31 18:29
2026-06-02,Mardi,17:00,18:00,Terrain 1623d87a,60,25.0,dispo,True,2026-05-31 18:29,2026-05-31 18:29,2026-05-31 18:29
2026-06-02,Mardi,17:00,18:00,Terrain 2c18d1d9,60,25.0,dispo,True,2026-05-31 18:29,2026-05-31 18:29,2026-05-31 18:29
2026-06-02,Mardi,17:00,18:00,Terrain 2e267263,60,25.0,dispo,True,2026-05-31 18:29,2026-05-31 18:29,2026-05-31 18:29
2026-06-02,Mardi,17:00,18:00,Terrain 53b0cefd,60,54.0,dispo,True,2026-05-31 18:29,2026-05-31 18:29,2026-05-31 18:29
2026-06-02,Mardi,17:00,18:00,Terrain 59f5c1cc,60,54.0,dispo,True,2026-05-31 18:29,2026-05-31 18:29,2026-05-31 18:29
2026-06-02,Mardi,17:00,18:00,Terrain 69d293cc,60,25.0,dispo,True,2026-05-31 18:29,2026-05-31 18:29,2026-05-31 18:29
2026-06-02,Mardi,17:00,18:00,Terrain 921734ea,60,54.0,dispo,True,2026-05-31 18:29,2026-05-31 18:29,2026-05-31 18:29
2026-06-02,Mardi,17:00,18:00,Terrain 94fca3b5,60,25.0,dispo,True,2026-05-31 18:29,2026-05-31 18:29,2026-05-31 18:29
2026-06-02,Mardi,17:00,18:00,Terrain a115dc23,60,40.0,dispo,True,2026-05-31 18:29,2026-05-31 18:29,2026-05-31 18:29
2026-06-02,Mardi,17:00,18:00,Terrain a62df697,60,25.0,dispo,True,2026-05-31 18:29,2026-05-31 18:29,2026-05-31 18:29
2026-06-02,Mardi,17:00,18:00,Terrain aa8d8a07,60,40.0,dispo,True,2026-05-31 18:29,2026-05-31 18:29,2026-05-31 18:29
2026-06-02,Mardi,17:00,18:00,Terrain ac280e48,60,54.0,dispo,True,2026-05-31 18:29,2026-05-31 18:29,2026-05-31 18:29
2026-06-02,Mardi,17:00,18:00,Terrain db9df5dc,60,54.0,dispo,True,2026-05-31 18:29,2026-05-31 18:29,2026-05-31 18:29
2026-06-02,Mardi,17:00,18:00,Terrain e9a9a453,60,40.0,dispo,True,2026-05-31 18:29,2026-05-31 18:29,2026-05-31 18:29
2026-06-02,Mardi,18:00,19:00,Terrain 1623d87a,60,40.0,dispo,True,2026-05-31 18:29,2026-05-31 18:29,2026-05-31 18:29
2026-06-02,Mardi,18:00,19:00,Terrain 2c18d1d9,60,40.0,dispo,True,2026-05-31 18:29,2026-05-31 18:29,2026-05-31 18:29
2026-06-02,Mardi,18:00,19:00,Terrain 2e267263,60,40.0,dispo,True,2026-05-31 18:29,2026-05-31 18:29,2026-05-31 18:29
2026-06-02,Mardi,18:00,19:00,Terrain 53b0cefd,60,64.0,dispo,True,2026-05-31 18:29,2026-05-31 18:29,2026-05-31 18:29
2026-06-02,Mardi,18:00,19:00,Terrain 581b1057,60,55.0,dispo,True,2026-05-31 18:29,2026-05-31 18:29,2026-05-31 18:29
2026-06-02,Mardi,18:00,19:00,Terrain 59f5c1cc,60,64.0,dispo,True,2026-05-31 18:29,2026-05-31 18:29,2026-05-31 18:29
2026-06-02,Mardi,18:00,19:00,Terrain 69d293cc,60,40.0,dispo,True,2026-05-31 18:29,2026-05-31 18:29,2026-05-31 18:29
2026-06-02,Mardi,18:00,19:00,Terrain 94fca3b5,60,40.0,dispo,True,2026-05-31 18:29,2026-05-31 18:29,2026-05-31 18:29
2026-06-02,Mardi,18:00,19:00,Terrain a62df697,60,40.0,dispo,True,2026-05-31 18:29,2026-05-31 18:29,2026-05-31 18:29
2026-06-02,Mardi,18:00,19:00,Terrain aa8d8a07,60,55.0,dispo,True,2026-05-31 18:29,2026-05-31 18:29,2026-05-31 18:29
2026-06-02,Mardi,18:00,19:00,Terrain e9a9a453,60,55.0,dispo,True,2026-05-31 18:29,2026-05-31 18:29,2026-05-31 18:29
2026-06-02,Mardi,19:00,20:00,Terrain 1623d87a,60,40.0,dispo,True,2026-05-31 18:29,2026-05-31 18:29,2026-05-31 18:29
2026-06-02,Mardi,19:00,20:00,Terrain 2c18d1d9,60,40.0,dispo,True,2026-05-31 18:29,2026-05-31 18:29,2026-05-31 18:29
2026-06-02,Mardi,19:00,20:00,Terrain 2e267263,60,40.0,dispo,True,2026-05-31 18:29,2026-05-31 18:29,2026-05-31 18:29
2026-06-02,Mardi,19:00,20:00,Terrain 69d293cc,60,40.0,dispo,True,2026-05-31 18:29,2026-05-31 18:29,2026-05-31 18:29
2026-06-02,Mardi,19:00,20:00,Terrain a62df697,60,40.0,dispo,True,2026-05-31 18:29,2026-05-31 18:29,2026-05-31 18:29
2026-06-02,Mardi,19:00,20:00,Terrain aa8d8a07,60,60.0,dispo,True,2026-05-31 18:29,2026-05-31 18:29,2026-05-31 18:29
2026-06-02,Mardi,20:00,21:00,Terrain 2c18d1d9,60,40.0,dispo,True,2026-05-31 18:29,2026-05-31 18:29,2026-05-31 18:29
2026-06-02,Mardi,20:00,21:00,Terrain 2e267263,60,40.0,dispo,True,2026-05-31 18:29,2026-05-31 18:29,2026-05-31 18:29
2026-06-02,Mardi,20:00,21:00,Terrain 69d293cc,60,40.0,dispo,True,2026-05-31 18:29,2026-05-31 18:29,2026-05-31 18:29
2026-06-02,Mardi,20:00,21:00,Terrain a62df697,60,40.0,dispo,True,2026-05-31 18:29,2026-05-31 18:29,2026-05-31 18:29
2026-06-02,Mardi,21:00,22:00,Terrain 1623d87a,60,40.0,dispo,True,2026-05-31 18:29,2026-05-31 18:29,2026-05-31 18:29
2026-06-02,Mardi,21:00,22:00,Terrain 2c18d1d9,60,40.0,dispo,True,2026-05-31 18:29,2026-05-31 18:29,2026-05-31 18:29
2026-06-02,Mardi,21:00,22:00,Terrain 2e267263,60,40.0,dispo,True,2026-05-31 18:29,2026-05-31 18:29,2026-05-31 18:29
2026-06-02,Mardi,21:00,22:00,Terrain 69d293cc,60,40.0,dispo,True,2026-05-31 18:29,2026-05-31 18:29,2026-05-31 18:29
2026-06-02,Mardi,21:00,22:00,Terrain 94fca3b5,60,40.0,dispo,True,2026-05-31 18:29,2026-05-31 18:29,2026-05-31 18:29
2026-06-02,Mardi,21:00,22:00,Terrain a62df697,60,40.0,dispo,True,2026-05-31 18:29,2026-05-31 18:29,2026-05-31 18:29
2026-06-02,Mardi,21:00,22:00,Terrain aa8d8a07,60,60.0,dispo,True,2026-05-31 18:29,2026-05-31 18:29,2026-05-31 18:29
2026-06-02,Mardi,22:00,23:00,Terrain 1623d87a,60,25.0,dispo,True,2026-05-31 18:29,2026-05-31 18:29,2026-05-31 18:29
2026-06-02,Mardi,22:00,23:00,Terrain 2c18d1d9,60,25.0,dispo,True,2026-05-31 18:29,2026-05-31 18:29,2026-05-31 18:29
2026-06-02,Mardi,22:00,23:00,Terrain 2e267263,60,25.0,dispo,True,2026-05-31 18:29,2026-05-31 18:29,2026-05-31 18:29
2026-06-02,Mardi,22:00,23:00,Terrain 53b0cefd,60,54.0,dispo,True,2026-05-31 18:29,2026-05-31 18:29,2026-05-31 18:29
2026-06-02,Mardi,22:00,23:00,Terrain 581b1057,60,40.0,dispo,True,2026-05-31 18:29,2026-05-31 18:29,2026-05-31 18:29
2026-06-02,Mardi,22:00,23:00,Terrain 59f5c1cc,60,54.0,dispo,True,2026-05-31 18:29,2026-05-31 18:29,2026-05-31 18:29
2026-06-02,Mardi,22:00,23:00,Terrain 69d293cc,60,25.0,dispo,True,2026-05-31 18:29,2026-05-31 18:29,2026-05-31 18:29
2026-06-02,Mardi,22:00,23:30,Terrain 81821ffc,90,81.0,dispo,True,2026-05-31 18:29,2026-05-31 18:29,2026-05-31 18:29
2026-06-02,Mardi,22:00,23:00,Terrain 94fca3b5,60,25.0,dispo,True,2026-05-31 18:29,2026-05-31 18:29,2026-05-31 18:29
2026-06-02,Mardi,22:00,23:00,Terrain a62df697,60,25.0,dispo,True,2026-05-31 18:29,2026-05-31 18:29,2026-05-31 18:29
2026-06-02,Mardi,22:00,23:00,Terrain e9a9a453,60,40.0,dispo,True,2026-05-31 18:29,2026-05-31 18:29,2026-05-31 18:29
2026-06-02,Mardi,23:00,00:00,Terrain 1623d87a,60,25.0,dispo,True,2026-05-31 18:29,2026-05-31 18:29,2026-05-31 18:29
2026-06-02,Mardi,23:00,00:00,Terrain 2c18d1d9,60,25.0,dispo,True,2026-05-31 18:29,2026-05-31 18:29,2026-05-31 18:29
2026-06-02,Mardi,23:00,00:00,Terrain 2e267263,60,25.0,dispo,True,2026-05-31 18:29,2026-05-31 18:29,2026-05-31 18:29
2026-06-02,Mardi,23:00,00:00,Terrain 53b0cefd,60,54.0,dispo,True,2026-05-31 18:29,2026-05-31 18:29,2026-05-31 18:29
2026-06-02,Mardi,23:00,00:00,Terrain 581b1057,60,40.0,dispo,True,2026-05-31 18:29,2026-05-31 18:29,2026-05-31 18:29
2026-06-02,Mardi,23:00,00:00,Terrain 59f5c1cc,60,54.0,dispo,True,2026-05-31 18:29,2026-05-31 18:29,2026-05-31 18:29
2026-06-02,Mardi,23:00,00:00,Terrain 69d293cc,60,25.0,dispo,True,2026-05-31 18:29,2026-05-31 18:29,2026-05-31 18:29
2026-06-02,Mardi,23:00,00:00,Terrain 7b129f34,60,54.0,dispo,True,2026-05-31 18:29,2026-05-31 18:29,2026-05-31 18:29
2026-06-02,Mardi,23:00,00:00,Terrain 921734ea,60,54.0,dispo,True,2026-05-31 18:29,2026-05-31 18:29,2026-05-31 18:29
2026-06-02,Mardi,23:00,00:00,Terrain 94fca3b5,60,25.0,dispo,True,2026-05-31 18:29,2026-05-31 18:29,2026-05-31 18:29
2026-06-02,Mardi,23:00,00:00,Terrain a115dc23,60,40.0,dispo,True,2026-05-31 18:29,2026-05-31 18:29,2026-05-31 18:29
2026-06-02,Mardi,23:00,00:00,Terrain a62df697,60,25.0,dispo,True,2026-05-31 18:29,2026-05-31 18:29,2026-05-31 18:29
2026-06-02,Mardi,23:00,00:00,Terrain ac280e48,60,54.0,dispo,True,2026-05-31 18:29,2026-05-31 18:29,2026-05-31 18:29
2026-06-02,Mardi,23:00,00:00,Terrain db9df5dc,60,54.0,dispo,True,2026-05-31 18:29,2026-05-31 18:29,2026-05-31 18:29
2026-06-02,Mardi,23:00,00:00,Terrain e9a9a453,60,40.0,dispo,True,2026-05-31 18:29,2026-05-31 18:29,2026-05-31 18:29
2026-06-02,Mardi,23:00,00:00,Terrain ef842448,60,40.0,dispo,True,2026-05-31 18:29,2026-05-31 18:29,2026-05-31 18:29
2026-06-02,Mardi,23:30,01:00,Terrain 3517c630,90,81.0,dispo,True,2026-05-31 18:29,2026-05-31 18:29,2026-05-31 18:29
2026-06-02,Mardi,23:30,01:00,Terrain 81821ffc,90,81.0,dispo,True,2026-05-31 18:29,2026-05-31 18:29,2026-05-31 18:29
2026-06-03,Mercredi,00:00,01:00,Terrain 53b0cefd,60,54.0,dispo,True,2026-05-31 18:29,2026-05-31 18:29,2026-05-31 18:29
2026-06-03,Mercredi,00:00,01:00,Terrain 59f5c1cc,60,54.0,dispo,True,2026-05-31 18:29,2026-05-31 18:29,2026-05-31 18:29
2026-06-03,Mercredi,00:00,01:00,Terrain 7b129f34,60,54.0,dispo,True,2026-05-31 18:29,2026-05-31 18:29,2026-05-31 18:29
2026-06-03,Mercredi,00:00,01:00,Terrain 921734ea,60,54.0,dispo,True,2026-05-31 18:29,2026-05-31 18:29,2026-05-31 18:29
2026-06-03,Mercredi,00:00,01:00,Terrain ac280e48,60,54.0,dispo,True,2026-05-31 18:29,2026-05-31 18:29,2026-05-31 18:29
2026-06-03,Mercredi,00:00,01:00,Terrain db9df5dc,60,54.0,dispo,True,2026-05-31 18:29,2026-05-31 18:29,2026-05-31 18:29
2026-06-03,Mercredi,07:00,08:00,Terrain 1623d87a,60,25.0,dispo,True,2026-05-31 18:29,2026-05-31 18:29,2026-05-31 18:29
2026-06-03,Mercredi,07:00,08:00,Terrain 2c18d1d9,60,25.0,dispo,True,2026-05-31 18:29,2026-05-31 18:29,2026-05-31 18:29
2026-06-03,Mercredi,07:00,08:00,Terrain 2e267263,60,25.0,dispo,True,2026-05-31 18:29,2026-05-31 18:29,2026-05-31 18:29
2026-06-03,Mercredi,07:00,08:00,Terrain 53b0cefd,60,54.0,dispo,True,2026-05-31 18:29,2026-05-31 18:29,2026-05-31 18:29
2026-06-03,Mercredi,07:00,08:00,Terrain 59f5c1cc,60,54.0,dispo,True,2026-05-31 18:29,2026-05-31 18:29,2026-05-31 18:29
2026-06-03,Mercredi,07:00,08:00,Terrain 69d293cc,60,25.0,dispo,True,2026-05-31 18:29,2026-05-31 18:29,2026-05-31 18:29
2026-06-03,Mercredi,07:00,08:00,Terrain 7b129f34,60,54.0,dispo,True,2026-05-31 18:29,2026-05-31 18:29,2026-05-31 18:29
2026-06-03,Mercredi,07:00,08:30,Terrain 81821ffc,90,81.0,dispo,True,2026-05-31 18:29,2026-05-31 18:29,2026-05-31 18:29
2026-06-03,Mercredi,07:00,08:00,Terrain 921734ea,60,54.0,dispo,True,2026-05-31 18:29,2026-05-31 18:29,2026-05-31 18:29
2026-06-03,Mercredi,07:00,08:00,Terrain 94fca3b5,60,25.0,dispo,True,2026-05-31 18:29,2026-05-31 18:29,2026-05-31 18:29
2026-06-03,Mercredi,07:00,08:00,Terrain a62df697,60,25.0,dispo,True,2026-05-31 18:29,2026-05-31 18:29,2026-05-31 18:29
2026-06-03,Mercredi,07:00,08:00,Terrain aa8d8a07,60,40.0,dispo,True,2026-05-31 18:29,2026-05-31 18:29,2026-05-31 18:29
2026-06-03,Mercredi,07:00,08:00,Terrain ac280e48,60,54.0,dispo,True,2026-05-31 18:29,2026-05-31 18:29,2026-05-31 18:29
2026-06-03,Mercredi,07:00,08:00,Terrain db9df5dc,60,54.0,dispo,True,2026-05-31 18:29,2026-05-31 18:29,2026-05-31 18:29
2026-06-03,Mercredi,07:00,08:00,Terrain ef842448,60,40.0,dispo,True,2026-05-31 18:29,2026-05-31 18:29,2026-05-31 18:29
2026-06-03,Mercredi,08:00,09:00,Terrain 1623d87a,60,25.0,dispo,True,2026-05-31 18:29,2026-05-31 18:29,2026-05-31 18:29
2026-06-03,Mercredi,08:00,09:00,Terrain 2c18d1d9,60,25.0,dispo,True,2026-05-31 18:29,2026-05-31 18:29,2026-05-31 18:29
2026-06-03,Mercredi,08:00,09:00,Terrain 2e267263,60,25.0,dispo,True,2026-05-31 18:29,2026-05-31 18:29,2026-05-31 18:29
2026-06-03,Mercredi,08:00,09:00,Terrain 53b0cefd,60,54.0,dispo,True,2026-05-31 18:29,2026-05-31 18:29,2026-05-31 18:29
2026-06-03,Mercredi,08:00,09:00,Terrain 581b1057,60,40.0,dispo,True,2026-05-31 18:29,2026-05-31 18:29,2026-05-31 18:29
2026-06-03,Mercredi,08:00,09:00,Terrain 59f5c1cc,60,54.0,dispo,True,2026-05-31 18:29,2026-05-31 18:29,2026-05-31 18:29
2026-06-03,Mercredi,08:00,09:00,Terrain 69d293cc,60,25.0,dispo,True,2026-05-31 18:29,2026-05-31 18:29,2026-05-31 18:29
2026-06-03,Mercredi,08:00,09:00,Terrain 7b129f34,60,54.0,dispo,True,2026-05-31 18:29,2026-05-31 18:29,2026-05-31 18:29
2026-06-03,Mercredi,08:00,09:00,Terrain 921734ea,60,54.0,dispo,True,2026-05-31 18:29,2026-05-31 18:29,2026-05-31 18:29
2026-06-03,Mercredi,08:00,09:00,Terrain 94fca3b5,60,25.0,dispo,True,2026-05-31 18:29,2026-05-31 18:29,2026-05-31 18:29
2026-06-03,Mercredi,08:00,09:00,Terrain a62df697,60,25.0,dispo,True,2026-05-31 18:29,2026-05-31 18:29,2026-05-31 18:29
2026-06-03,Mercredi,08:00,09:00,Terrain aa8d8a07,60,40.0,dispo,True,2026-05-31 18:29,2026-05-31 18:29,2026-05-31 18:29
2026-06-03,Mercredi,08:00,09:00,Terrain ac280e48,60,54.0,dispo,True,2026-05-31 18:29,2026-05-31 18:29,2026-05-31 18:29
2026-06-03,Mercredi,08:00,09:00,Terrain db9df5dc,60,54.0,dispo,True,2026-05-31 18:29,2026-05-31 18:29,2026-05-31 18:29
2026-06-03,Mercredi,08:00,09:00,Terrain ef842448,60,40.0,dispo,True,2026-05-31 18:29,2026-05-31 18:29,2026-05-31 18:29
2026-06-03,Mercredi,08:30,10:00,Terrain 3517c630,90,81.0,dispo,True,2026-05-31 18:29,2026-05-31 18:29,2026-05-31 18:29
2026-06-03,Mercredi,08:30,10:00,Terrain 81821ffc,90,81.0,dispo,True,2026-05-31 18:29,2026-05-31 18:29,2026-05-31 18:29
2026-06-03,Mercredi,09:00,10:00,Terrain 1623d87a,60,25.0,dispo,True,2026-05-31 18:29,2026-05-31 18:29,2026-05-31 18:29
2026-06-03,Mercredi,09:00,10:00,Terrain 2c18d1d9,60,25.0,dispo,True,2026-05-31 18:29,2026-05-31 18:29,2026-05-31 18:29
2026-06-03,Mercredi,09:00,10:00,Terrain 2e267263,60,25.0,dispo,True,2026-05-31 18:29,2026-05-31 18:29,2026-05-31 18:29
2026-06-03,Mercredi,09:00,10:00,Terrain 53b0cefd,60,54.0,dispo,True,2026-05-31 18:29,2026-05-31 18:29,2026-05-31 18:29
2026-06-03,Mercredi,09:00,10:00,Terrain 59f5c1cc,60,54.0,dispo,True,2026-05-31 18:29,2026-05-31 18:29,2026-05-31 18:29
2026-06-03,Mercredi,09:00,10:00,Terrain 69d293cc,60,25.0,dispo,True,2026-05-31 18:29,2026-05-31 18:29,2026-05-31 18:29
2026-06-03,Mercredi,09:00,10:00,Terrain 7b129f34,60,54.0,dispo,True,2026-05-31 18:29,2026-05-31 18:29,2026-05-31 18:29
2026-06-03,Mercredi,09:00,10:00,Terrain 921734ea,60,54.0,dispo,True,2026-05-31 18:29,2026-05-31 18:29,2026-05-31 18:29
2026-06-03,Mercredi,09:00,10:00,Terrain 94fca3b5,60,25.0,dispo,True,2026-05-31 18:29,2026-05-31 18:29,2026-05-31 18:29
2026-06-03,Mercredi,09:00,10:00,Terrain a62df697,60,25.0,dispo,True,2026-05-31 18:29,2026-05-31 18:29,2026-05-31 18:29
2026-06-03,Mercredi,09:00,10:00,Terrain aa8d8a07,60,40.0,dispo,True,2026-05-31 18:29,2026-05-31 18:29,2026-05-31 18:29
2026-06-03,Mercredi,09:00,10:00,Terrain ac280e48,60,54.0,dispo,True,2026-05-31 18:29,2026-05-31 18:29,2026-05-31 18:29
2026-06-03,Mercredi,09:00,10:00,Terrain db9df5dc,60,54.0,dispo,True,2026-05-31 18:29,2026-05-31 18:29,2026-05-31 18:29
2026-06-03,Mercredi,10:00,11:00,Terrain 1623d87a,60,25.0,dispo,True,2026-05-31 18:29,2026-05-31 18:29,2026-05-31 18:29
2026-06-03,Mercredi,10:00,11:00,Terrain 2c18d1d9,60,25.0,dispo,True,2026-05-31 18:29,2026-05-31 18:29,2026-05-31 18:29
2026-06-03,Mercredi,10:00,11:00,Terrain 2e267263,60,25.0,dispo,True,2026-05-31 18:29,2026-05-31 18:29,2026-05-31 18:29
2026-06-03,Mercredi,10:00,11:00,Terrain 53b0cefd,60,54.0,dispo,True,2026-05-31 18:29,2026-05-31 18:29,2026-05-31 18:29
2026-06-03,Mercredi,10:00,11:00,Terrain 59f5c1cc,60,54.0,dispo,True,2026-05-31 18:29,2026-05-31 18:29,2026-05-31 18:29
2026-06-03,Mercredi,10:00,11:00,Terrain 69d293cc,60,25.0,dispo,True,2026-05-31 18:29,2026-05-31 18:29,2026-05-31 18:29
2026-06-03,Mercredi,10:00,11:00,Terrain 921734ea,60,54.0,dispo,True,2026-05-31 18:29,2026-05-31 18:29,2026-05-31 18:29
2026-06-03,Mercredi,10:00,11:00,Terrain 94fca3b5,60,25.0,dispo,True,2026-05-31 18:29,2026-05-31 18:29,2026-05-31 18:29
2026-06-03,Mercredi,10:00,11:00,Terrain a62df697,60,25.0,dispo,True,2026-05-31 18:29,2026-05-31 18:29,2026-05-31 18:29
2026-06-03,Mercredi,10:00,11:00,Terrain aa8d8a07,60,40.0,dispo,True,2026-05-31 18:29,2026-05-31 18:29,2026-05-31 18:29
2026-06-03,Mercredi,10:00,11:00,Terrain ac280e48,60,54.0,dispo,True,2026-05-31 18:29,2026-05-31 18:29,2026-05-31 18:29
2026-06-03,Mercredi,10:00,11:00,Terrain db9df5dc,60,54.0,dispo,True,2026-05-31 18:29,2026-05-31 18:29,2026-05-31 18:29
2026-06-03,Mercredi,11:00,12:00,Terrain 1623d87a,60,25.0,dispo,True,2026-05-31 18:29,2026-05-31 18:29,2026-05-31 18:29
2026-06-03,Mercredi,11:00,12:00,Terrain 2c18d1d9,60,25.0,dispo,True,2026-05-31 18:29,2026-05-31 18:29,2026-05-31 18:29
2026-06-03,Mercredi,11:00,12:00,Terrain 2e267263,60,25.0,dispo,True,2026-05-31 18:29,2026-05-31 18:29,2026-05-31 18:29
2026-06-03,Mercredi,11:00,12:00,Terrain 53b0cefd,60,54.0,dispo,True,2026-05-31 18:29,2026-05-31 18:29,2026-05-31 18:29
2026-06-03,Mercredi,11:00,12:00,Terrain 59f5c1cc,60,54.0,dispo,True,2026-05-31 18:29,2026-05-31 18:29,2026-05-31 18:29
2026-06-03,Mercredi,11:00,12:00,Terrain 69d293cc,60,25.0,dispo,True,2026-05-31 18:29,2026-05-31 18:29,2026-05-31 18:29
2026-06-03,Mercredi,11:00,12:00,Terrain 94fca3b5,60,25.0,dispo,True,2026-05-31 18:29,2026-05-31 18:29,2026-05-31 18:29
2026-06-03,Mercredi,11:00,12:00,Terrain a62df697,60,25.0,dispo,True,2026-05-31 18:29,2026-05-31 18:29,2026-05-31 18:29
2026-06-03,Mercredi,11:00,12:00,Terrain aa8d8a07,60,40.0,dispo,True,2026-05-31 18:29,2026-05-31 18:29,2026-05-31 18:29
2026-06-03,Mercredi,11:30,13:00,Terrain 81821ffc,90,96.0,dispo,True,2026-05-31 18:29,2026-05-31 18:29,2026-05-31 18:29
2026-06-03,Mercredi,12:00,13:00,Terrain 1623d87a,60,40.0,dispo,True,2026-05-31 18:29,2026-05-31 18:29,2026-05-31 18:29
2026-06-03,Mercredi,12:00,13:00,Terrain 2c18d1d9,60,40.0,dispo,True,2026-05-31 18:29,2026-05-31 18:29,2026-05-31 18:29
2026-06-03,Mercredi,12:00,13:00,Terrain 2e267263,60,40.0,dispo,True,2026-05-31 18:29,2026-05-31 18:29,2026-05-31 18:29
2026-06-03,Mercredi,12:00,13:00,Terrain 53b0cefd,60,64.0,dispo,True,2026-05-31 18:29,2026-05-31 18:29,2026-05-31 18:29
2026-06-03,Mercredi,12:00,13:00,Terrain 581b1057,60,55.0,dispo,True,2026-05-31 18:29,2026-05-31 18:29,2026-05-31 18:29
2026-06-03,Mercredi,12:00,13:00,Terrain 59f5c1cc,60,64.0,dispo,True,2026-05-31 18:29,2026-05-31 18:29,2026-05-31 18:29
2026-06-03,Mercredi,12:00,13:00,Terrain 69d293cc,60,40.0,dispo,True,2026-05-31 18:29,2026-05-31 18:29,2026-05-31 18:29
2026-06-03,Mercredi,12:00,13:00,Terrain 921734ea,60,64.0,dispo,True,2026-05-31 18:29,2026-05-31 18:29,2026-05-31 18:29
2026-06-03,Mercredi,12:00,13:00,Terrain 94fca3b5,60,40.0,dispo,True,2026-05-31 18:29,2026-05-31 18:29,2026-05-31 18:29
2026-06-03,Mercredi,12:00,13:00,Terrain a115dc23,60,55.0,dispo,True,2026-05-31 18:29,2026-05-31 18:29,2026-05-31 18:29
2026-06-03,Mercredi,12:00,13:00,Terrain a62df697,60,40.0,dispo,True,2026-05-31 18:29,2026-05-31 18:29,2026-05-31 18:29
2026-06-03,Mercredi,12:00,13:00,Terrain aa8d8a07,60,55.0,dispo,True,2026-05-31 18:29,2026-05-31 18:29,2026-05-31 18:29
2026-06-03,Mercredi,12:00,13:00,Terrain e9a9a453,60,55.0,dispo,True,2026-05-31 18:29,2026-05-31 18:29,2026-05-31 18:29
2026-06-03,Mercredi,12:00,13:00,Terrain ef842448,60,55.0,dispo,True,2026-05-31 18:29,2026-05-31 18:29,2026-05-31 18:29
2026-06-03,Mercredi,13:00,14:00,Terrain 1623d87a,60,40.0,dispo,True,2026-05-31 18:29,2026-05-31 18:29,2026-05-31 18:29
2026-06-03,Mercredi,13:00,14:00,Terrain 2c18d1d9,60,40.0,dispo,True,2026-05-31 18:29,2026-05-31 18:29,2026-05-31 18:29
2026-06-03,Mercredi,13:00,14:00,Terrain 2e267263,60,40.0,dispo,True,2026-05-31 18:29,2026-05-31 18:29,2026-05-31 18:29
2026-06-03,Mercredi,13:00,14:00,Terrain 53b0cefd,60,64.0,dispo,True,2026-05-31 18:29,2026-05-31 18:29,2026-05-31 18:29
2026-06-03,Mercredi,13:00,14:00,Terrain 581b1057,60,55.0,dispo,True,2026-05-31 18:29,2026-05-31 18:29,2026-05-31 18:29
2026-06-03,Mercredi,13:00,14:00,Terrain 59f5c1cc,60,64.0,dispo,True,2026-05-31 18:29,2026-05-31 18:29,2026-05-31 18:29
2026-06-03,Mercredi,13:00,14:00,Terrain 69d293cc,60,40.0,dispo,True,2026-05-31 18:29,2026-05-31 18:29,2026-05-31 18:29
2026-06-03,Mercredi,13:00,14:00,Terrain 921734ea,60,64.0,dispo,True,2026-05-31 18:29,2026-05-31 18:29,2026-05-31 18:29
2026-06-03,Mercredi,13:00,14:00,Terrain 94fca3b5,60,40.0,dispo,True,2026-05-31 18:29,2026-05-31 18:29,2026-05-31 18:29
2026-06-03,Mercredi,13:00,14:00,Terrain a115dc23,60,55.0,dispo,True,2026-05-31 18:29,2026-05-31 18:29,2026-05-31 18:29
2026-06-03,Mercredi,13:00,14:00,Terrain a62df697,60,40.0,dispo,True,2026-05-31 18:29,2026-05-31 18:29,2026-05-31 18:29
2026-06-03,Mercredi,13:00,14:00,Terrain aa8d8a07,60,55.0,dispo,True,2026-05-31 18:29,2026-05-31 18:29,2026-05-31 18:29
2026-06-03,Mercredi,13:00,14:00,Terrain ac280e48,60,64.0,dispo,True,2026-05-31 18:29,2026-05-31 18:29,2026-05-31 18:29
2026-06-03,Mercredi,13:00,14:00,Terrain db9df5dc,60,64.0,dispo,True,2026-05-31 18:29,2026-05-31 18:29,2026-05-31 18:29
2026-06-03,Mercredi,13:00,14:00,Terrain e9a9a453,60,55.0,dispo,True,2026-05-31 18:29,2026-05-31 18:29,2026-05-31 18:29
2026-06-03,Mercredi,13:00,14:00,Terrain ef842448,60,55.0,dispo,True,2026-05-31 18:29,2026-05-31 18:29,2026-05-31 18:29
2026-06-03,Mercredi,14:00,15:00,Terrain 1623d87a,60,25.0,dispo,True,2026-05-31 18:29,2026-05-31 18:29,2026-05-31 18:29
2026-06-03,Mercredi,14:00,15:00,Terrain 2c18d1d9,60,25.0,dispo,True,2026-05-31 18:29,2026-05-31 18:29,2026-05-31 18:29
2026-06-03,Mercredi,14:00,15:00,Terrain 2e267263,60,25.0,dispo,True,2026-05-31 18:29,2026-05-31 18:29,2026-05-31 18:29
2026-06-03,Mercredi,14:00,15:00,Terrain 53b0cefd,60,54.0,dispo,True,2026-05-31 18:29,2026-05-31 18:29,2026-05-31 18:29
2026-06-03,Mercredi,14:00,15:00,Terrain 69d293cc,60,25.0,dispo,True,2026-05-31 18:29,2026-05-31 18:29,2026-05-31 18:29
2026-06-03,Mercredi,14:00,15:00,Terrain 7b129f34,60,54.0,dispo,True,2026-05-31 18:29,2026-05-31 18:29,2026-05-31 18:29
2026-06-03,Mercredi,14:00,15:00,Terrain 94fca3b5,60,25.0,dispo,True,2026-05-31 18:29,2026-05-31 18:29,2026-05-31 18:29
2026-06-03,Mercredi,14:00,15:00,Terrain a62df697,60,25.0,dispo,True,2026-05-31 18:29,2026-05-31 18:29,2026-05-31 18:29
2026-06-03,Mercredi,14:00,15:00,Terrain aa8d8a07,60,40.0,dispo,True,2026-05-31 18:29,2026-05-31 18:29,2026-05-31 18:29
2026-06-03,Mercredi,14:00,15:00,Terrain ac280e48,60,54.0,dispo,True,2026-05-31 18:29,2026-05-31 18:29,2026-05-31 18:29
2026-06-03,Mercredi,14:00,15:00,Terrain db9df5dc,60,54.0,dispo,True,2026-05-31 18:29,2026-05-31 18:29,2026-05-31 18:29
2026-06-03,Mercredi,14:30,16:00,Terrain 3517c630,90,81.0,dispo,True,2026-05-31 18:29,2026-05-31 18:29,2026-05-31 18:29
2026-06-03,Mercredi,14:30,16:00,Terrain 81821ffc,90,81.0,dispo,True,2026-05-31 18:29,2026-05-31 18:29,2026-05-31 18:29
2026-06-03,Mercredi,15:00,16:00,Terrain 1623d87a,60,25.0,dispo,True,2026-05-31 18:29,2026-05-31 18:29,2026-05-31 18:29
2026-06-03,Mercredi,15:00,16:00,Terrain 2c18d1d9,60,25.0,dispo,True,2026-05-31 18:29,2026-05-31 18:29,2026-05-31 18:29
2026-06-03,Mercredi,15:00,16:00,Terrain 2e267263,60,25.0,dispo,True,2026-05-31 18:29,2026-05-31 18:29,2026-05-31 18:29
2026-06-03,Mercredi,15:00,16:00,Terrain 53b0cefd,60,54.0,dispo,True,2026-05-31 18:29,2026-05-31 18:29,2026-05-31 18:29
2026-06-03,Mercredi,15:00,16:00,Terrain 69d293cc,60,25.0,dispo,True,2026-05-31 18:29,2026-05-31 18:29,2026-05-31 18:29
2026-06-03,Mercredi,15:00,16:00,Terrain 7b129f34,60,54.0,dispo,True,2026-05-31 18:29,2026-05-31 18:29,2026-05-31 18:29
2026-06-03,Mercredi,15:00,16:00,Terrain 94fca3b5,60,25.0,dispo,True,2026-05-31 18:29,2026-05-31 18:29,2026-05-31 18:29
2026-06-03,Mercredi,15:00,16:00,Terrain a62df697,60,25.0,dispo,True,2026-05-31 18:29,2026-05-31 18:29,2026-05-31 18:29
2026-06-03,Mercredi,15:00,16:00,Terrain aa8d8a07,60,40.0,dispo,True,2026-05-31 18:29,2026-05-31 18:29,2026-05-31 18:29
2026-06-03,Mercredi,15:00,16:00,Terrain ac280e48,60,54.0,dispo,True,2026-05-31 18:29,2026-05-31 18:29,2026-05-31 18:29
2026-06-03,Mercredi,15:00,16:00,Terrain db9df5dc,60,54.0,dispo,True,2026-05-31 18:29,2026-05-31 18:29,2026-05-31 18:29
2026-06-03,Mercredi,16:00,17:00,Terrain 1623d87a,60,25.0,dispo,True,2026-05-31 18:29,2026-05-31 18:29,2026-05-31 18:29
2026-06-03,Mercredi,16:00,17:00,Terrain 2c18d1d9,60,25.0,dispo,True,2026-05-31 18:29,2026-05-31 18:29,2026-05-31 18:29
2026-06-03,Mercredi,16:00,17:00,Terrain 2e267263,60,25.0,dispo,True,2026-05-31 18:29,2026-05-31 18:29,2026-05-31 18:29
2026-06-03,Mercredi,16:00,17:00,Terrain 53b0cefd,60,54.0,dispo,True,2026-05-31 18:29,2026-05-31 18:29,2026-05-31 18:29
2026-06-03,Mercredi,16:00,17:00,Terrain 69d293cc,60,25.0,dispo,True,2026-05-31 18:29,2026-05-31 18:29,2026-05-31 18:29
2026-06-03,Mercredi,16:00,17:30,Terrain 81821ffc,90,81.0,dispo,True,2026-05-31 18:29,2026-05-31 18:29,2026-05-31 18:29
2026-06-03,Mercredi,16:00,17:00,Terrain 921734ea,60,54.0,dispo,True,2026-05-31 18:29,2026-05-31 18:29,2026-05-31 18:29
2026-06-03,Mercredi,16:00,17:00,Terrain 94fca3b5,60,25.0,dispo,True,2026-05-31 18:29,2026-05-31 18:29,2026-05-31 18:29
2026-06-03,Mercredi,16:00,17:00,Terrain a62df697,60,25.0,dispo,True,2026-05-31 18:29,2026-05-31 18:29,2026-05-31 18:29
2026-06-03,Mercredi,16:00,17:00,Terrain aa8d8a07,60,40.0,dispo,True,2026-05-31 18:29,2026-05-31 18:29,2026-05-31 18:29
2026-06-03,Mercredi,16:00,17:00,Terrain ac280e48,60,54.0,dispo,True,2026-05-31 18:29,2026-05-31 18:29,2026-05-31 18:29
2026-06-03,Mercredi,16:00,17:00,Terrain db9df5dc,60,54.0,dispo,True,2026-05-31 18:29,2026-05-31 18:29,2026-05-31 18:29
2026-06-03,Mercredi,17:00,18:00,Terrain 1623d87a,60,25.0,dispo,True,2026-05-31 18:29,2026-05-31 18:29,2026-05-31 18:29
2026-06-03,Mercredi,17:00,18:00,Terrain 2c18d1d9,60,25.0,dispo,True,2026-05-31 18:29,2026-05-31 18:29,2026-05-31 18:29
2026-06-03,Mercredi,17:00,18:00,Terrain 2e267263,60,25.0,dispo,True,2026-05-31 18:29,2026-05-31 18:29,2026-05-31 18:29
2026-06-03,Mercredi,17:00,18:00,Terrain 53b0cefd,60,54.0,dispo,True,2026-05-31 18:29,2026-05-31 18:29,2026-05-31 18:29
2026-06-03,Mercredi,17:00,18:00,Terrain 59f5c1cc,60,54.0,dispo,True,2026-05-31 18:29,2026-05-31 18:29,2026-05-31 18:29
2026-06-03,Mercredi,17:00,18:00,Terrain 69d293cc,60,25.0,dispo,True,2026-05-31 18:29,2026-05-31 18:29,2026-05-31 18:29
2026-06-03,Mercredi,17:00,18:00,Terrain 921734ea,60,54.0,dispo,True,2026-05-31 18:29,2026-05-31 18:29,2026-05-31 18:29
2026-06-03,Mercredi,17:00,18:00,Terrain 94fca3b5,60,25.0,dispo,True,2026-05-31 18:29,2026-05-31 18:29,2026-05-31 18:29
2026-06-03,Mercredi,17:00,18:00,Terrain a115dc23,60,40.0,dispo,True,2026-05-31 18:29,2026-05-31 18:29,2026-05-31 18:29
2026-06-03,Mercredi,17:00,18:00,Terrain a62df697,60,25.0,dispo,True,2026-05-31 18:29,2026-05-31 18:29,2026-05-31 18:29
2026-06-03,Mercredi,17:00,18:00,Terrain aa8d8a07,60,40.0,dispo,True,2026-05-31 18:29,2026-05-31 18:29,2026-05-31 18:29
2026-06-03,Mercredi,17:00,18:00,Terrain ac280e48,60,54.0,dispo,True,2026-05-31 18:29,2026-05-31 18:29,2026-05-31 18:29
2026-06-03,Mercredi,17:00,18:00,Terrain db9df5dc,60,54.0,dispo,True,2026-05-31 18:29,2026-05-31 18:29,2026-05-31 18:29
2026-06-03,Mercredi,17:00,18:00,Terrain ef842448,60,40.0,dispo,True,2026-05-31 18:29,2026-05-31 18:29,2026-05-31 18:29
2026-06-03,Mercredi,18:00,19:00,Terrain 1623d87a,60,40.0,dispo,True,2026-05-31 18:29,2026-05-31 18:29,2026-05-31 18:29
2026-06-03,Mercredi,18:00,19:00,Terrain 2c18d1d9,60,40.0,dispo,True,2026-05-31 18:29,2026-05-31 18:29,2026-05-31 18:29
2026-06-03,Mercredi,18:00,19:00,Terrain 2e267263,60,40.0,dispo,True,2026-05-31 18:29,2026-05-31 18:29,2026-05-31 18:29
2026-06-03,Mercredi,18:00,19:00,Terrain 53b0cefd,60,64.0,dispo,True,2026-05-31 18:29,2026-05-31 18:29,2026-05-31 18:29
2026-06-03,Mercredi,18:00,19:00,Terrain 581b1057,60,55.0,dispo,True,2026-05-31 18:29,2026-05-31 18:29,2026-05-31 18:29
2026-06-03,Mercredi,18:00,19:00,Terrain 59f5c1cc,60,64.0,dispo,True,2026-05-31 18:29,2026-05-31 18:29,2026-05-31 18:29
2026-06-03,Mercredi,18:00,19:00,Terrain 69d293cc,60,40.0,dispo,True,2026-05-31 18:29,2026-05-31 18:29,2026-05-31 18:29
2026-06-03,Mercredi,18:00,19:00,Terrain 921734ea,60,64.0,dispo,True,2026-05-31 18:29,2026-05-31 18:29,2026-05-31 18:29
2026-06-03,Mercredi,18:00,19:00,Terrain 94fca3b5,60,40.0,dispo,True,2026-05-31 18:29,2026-05-31 18:29,2026-05-31 18:29
2026-06-03,Mercredi,18:00,19:00,Terrain a62df697,60,40.0,dispo,True,2026-05-31 18:29,2026-05-31 18:29,2026-05-31 18:29
2026-06-03,Mercredi,18:00,19:00,Terrain aa8d8a07,60,55.0,dispo,True,2026-05-31 18:29,2026-05-31 18:29,2026-05-31 18:29
2026-06-03,Mercredi,18:00,19:00,Terrain ac280e48,60,64.0,dispo,True,2026-05-31 18:29,2026-05-31 18:29,2026-05-31 18:29
2026-06-03,Mercredi,18:00,19:00,Terrain db9df5dc,60,64.0,dispo,True,2026-05-31 18:29,2026-05-31 18:29,2026-05-31 18:29
2026-06-03,Mercredi,19:00,20:00,Terrain 1623d87a,60,40.0,dispo,True,2026-05-31 18:29,2026-05-31 18:29,2026-05-31 18:29
2026-06-03,Mercredi,19:00,20:00,Terrain 2c18d1d9,60,40.0,dispo,True,2026-05-31 18:29,2026-05-31 18:29,2026-05-31 18:29
2026-06-03,Mercredi,19:00,20:00,Terrain 2e267263,60,40.0,dispo,True,2026-05-31 18:29,2026-05-31 18:29,2026-05-31 18:29
2026-06-03,Mercredi,19:00,20:00,Terrain a62df697,60,40.0,dispo,True,2026-05-31 18:29,2026-05-31 18:29,2026-05-31 18:29
2026-06-03,Mercredi,20:00,21:00,Terrain 1623d87a,60,40.0,dispo,True,2026-05-31 18:29,2026-05-31 18:29,2026-05-31 18:29
2026-06-03,Mercredi,20:00,21:00,Terrain 2c18d1d9,60,40.0,dispo,True,2026-05-31 18:29,2026-05-31 18:29,2026-05-31 18:29
2026-06-03,Mercredi,20:00,21:00,Terrain 2e267263,60,40.0,dispo,True,2026-05-31 18:29,2026-05-31 18:29,2026-05-31 18:29
2026-06-03,Mercredi,20:00,21:00,Terrain 69d293cc,60,40.0,dispo,True,2026-05-31 18:29,2026-05-31 18:29,2026-05-31 18:29
2026-06-03,Mercredi,20:00,21:00,Terrain 94fca3b5,60,40.0,dispo,True,2026-05-31 18:29,2026-05-31 18:29,2026-05-31 18:29
2026-06-03,Mercredi,20:00,21:00,Terrain a62df697,60,40.0,dispo,True,2026-05-31 18:29,2026-05-31 18:29,2026-05-31 18:29
2026-06-03,Mercredi,21:00,22:00,Terrain 1623d87a,60,40.0,dispo,True,2026-05-31 18:29,2026-05-31 18:29,2026-05-31 18:29
2026-06-03,Mercredi,21:00,22:00,Terrain 2c18d1d9,60,40.0,dispo,True,2026-05-31 18:29,2026-05-31 18:29,2026-05-31 18:29
2026-06-03,Mercredi,21:00,22:00,Terrain 2e267263,60,40.0,dispo,True,2026-05-31 18:29,2026-05-31 18:29,2026-05-31 18:29
2026-06-03,Mercredi,21:00,22:00,Terrain 69d293cc,60,40.0,dispo,True,2026-05-31 18:29,2026-05-31 18:29,2026-05-31 18:29
2026-06-03,Mercredi,21:00,22:00,Terrain 94fca3b5,60,40.0,dispo,True,2026-05-31 18:29,2026-05-31 18:29,2026-05-31 18:29
2026-06-03,Mercredi,21:00,22:00,Terrain a62df697,60,40.0,dispo,True,2026-05-31 18:29,2026-05-31 18:29,2026-05-31 18:29
2026-06-03,Mercredi,21:00,22:00,Terrain aa8d8a07,60,60.0,dispo,True,2026-05-31 18:29,2026-05-31 18:29,2026-05-31 18:29
2026-06-03,Mercredi,22:00,23:00,Terrain 1623d87a,60,25.0,dispo,True,2026-05-31 18:29,2026-05-31 18:29,2026-05-31 18:29
2026-06-03,Mercredi,22:00,23:00,Terrain 2c18d1d9,60,25.0,dispo,True,2026-05-31 18:29,2026-05-31 18:29,2026-05-31 18:29
2026-06-03,Mercredi,22:00,23:00,Terrain 2e267263,60,25.0,dispo,True,2026-05-31 18:29,2026-05-31 18:29,2026-05-31 18:29
2026-06-03,Mercredi,22:00,23:00,Terrain 53b0cefd,60,54.0,dispo,True,2026-05-31 18:29,2026-05-31 18:29,2026-05-31 18:29
2026-06-03,Mercredi,22:00,23:00,Terrain 581b1057,60,40.0,dispo,True,2026-05-31 18:29,2026-05-31 18:29,2026-05-31 18:29
2026-06-03,Mercredi,22:00,23:00,Terrain 59f5c1cc,60,54.0,dispo,True,2026-05-31 18:29,2026-05-31 18:29,2026-05-31 18:29
2026-06-03,Mercredi,22:00,23:00,Terrain 69d293cc,60,25.0,dispo,True,2026-05-31 18:29,2026-05-31 18:29,2026-05-31 18:29
2026-06-03,Mercredi,22:00,23:00,Terrain 921734ea,60,54.0,dispo,True,2026-05-31 18:29,2026-05-31 18:29,2026-05-31 18:29
2026-06-03,Mercredi,22:00,23:00,Terrain 94fca3b5,60,25.0,dispo,True,2026-05-31 18:29,2026-05-31 18:29,2026-05-31 18:29
2026-06-03,Mercredi,22:00,23:00,Terrain a62df697,60,25.0,dispo,True,2026-05-31 18:29,2026-05-31 18:29,2026-05-31 18:29
2026-06-03,Mercredi,22:00,23:00,Terrain e9a9a453,60,40.0,dispo,True,2026-05-31 18:29,2026-05-31 18:29,2026-05-31 18:29
2026-06-03,Mercredi,23:00,00:00,Terrain 1623d87a,60,25.0,dispo,True,2026-05-31 18:29,2026-05-31 18:29,2026-05-31 18:29
2026-06-03,Mercredi,23:00,00:00,Terrain 2c18d1d9,60,25.0,dispo,True,2026-05-31 18:29,2026-05-31 18:29,2026-05-31 18:29
2026-06-03,Mercredi,23:00,00:00,Terrain 2e267263,60,25.0,dispo,True,2026-05-31 18:29,2026-05-31 18:29,2026-05-31 18:29
2026-06-03,Mercredi,23:00,00:00,Terrain 53b0cefd,60,54.0,dispo,True,2026-05-31 18:29,2026-05-31 18:29,2026-05-31 18:29
2026-06-03,Mercredi,23:00,00:00,Terrain 581b1057,60,40.0,dispo,True,2026-05-31 18:29,2026-05-31 18:29,2026-05-31 18:29
2026-06-03,Mercredi,23:00,00:00,Terrain 59f5c1cc,60,54.0,dispo,True,2026-05-31 18:29,2026-05-31 18:29,2026-05-31 18:29
2026-06-03,Mercredi,23:00,00:00,Terrain 69d293cc,60,25.0,dispo,True,2026-05-31 18:29,2026-05-31 18:29,2026-05-31 18:29
2026-06-03,Mercredi,23:00,00:00,Terrain 921734ea,60,54.0,dispo,True,2026-05-31 18:29,2026-05-31 18:29,2026-05-31 18:29
2026-06-03,Mercredi,23:00,00:00,Terrain 94fca3b5,60,25.0,dispo,True,2026-05-31 18:29,2026-05-31 18:29,2026-05-31 18:29
2026-06-03,Mercredi,23:00,00:00,Terrain a115dc23,60,40.0,dispo,True,2026-05-31 18:29,2026-05-31 18:29,2026-05-31 18:29
2026-06-03,Mercredi,23:00,00:00,Terrain a62df697,60,25.0,dispo,True,2026-05-31 18:29,2026-05-31 18:29,2026-05-31 18:29
2026-06-03,Mercredi,23:00,00:00,Terrain ac280e48,60,54.0,dispo,True,2026-05-31 18:29,2026-05-31 18:29,2026-05-31 18:29
2026-06-03,Mercredi,23:00,00:00,Terrain db9df5dc,60,54.0,dispo,True,2026-05-31 18:29,2026-05-31 18:29,2026-05-31 18:29
2026-06-03,Mercredi,23:00,00:00,Terrain e9a9a453,60,40.0,dispo,True,2026-05-31 18:29,2026-05-31 18:29,2026-05-31 18:29
2026-06-03,Mercredi,23:00,00:00,Terrain ef842448,60,40.0,dispo,True,2026-05-31 18:29,2026-05-31 18:29,2026-05-31 18:29
2026-06-03,Mercredi,23:30,01:00,Terrain 3517c630,90,81.0,dispo,True,2026-05-31 18:29,2026-05-31 18:29,2026-05-31 18:29
2026-06-03,Mercredi,23:30,01:00,Terrain 81821ffc,90,81.0,dispo,True,2026-05-31 18:29,2026-05-31 18:29,2026-05-31 18:29
2026-06-04,Jeudi,00:00,01:00,Terrain 53b0cefd,60,54.0,dispo,True,2026-05-31 18:29,2026-05-31 18:29,2026-05-31 18:29
2026-06-04,Jeudi,00:00,01:00,Terrain 59f5c1cc,60,54.0,dispo,True,2026-05-31 18:29,2026-05-31 18:29,2026-05-31 18:29
2026-06-04,Jeudi,00:00,01:00,Terrain 7b129f34,60,54.0,dispo,True,2026-05-31 18:29,2026-05-31 18:29,2026-05-31 18:29
2026-06-04,Jeudi,00:00,01:00,Terrain 921734ea,60,54.0,dispo,True,2026-05-31 18:29,2026-05-31 18:29,2026-05-31 18:29
2026-06-04,Jeudi,00:00,01:00,Terrain ac280e48,60,54.0,dispo,True,2026-05-31 18:29,2026-05-31 18:29,2026-05-31 18:29
2026-06-04,Jeudi,00:00,01:00,Terrain db9df5dc,60,54.0,dispo,True,2026-05-31 18:29,2026-05-31 18:29,2026-05-31 18:29
2026-06-04,Jeudi,07:00,08:00,Terrain 1623d87a,60,25.0,dispo,True,2026-05-31 18:29,2026-05-31 18:29,2026-05-31 18:29
2026-06-04,Jeudi,07:00,08:00,Terrain 2c18d1d9,60,25.0,dispo,True,2026-05-31 18:29,2026-05-31 18:29,2026-05-31 18:29
2026-06-04,Jeudi,07:00,08:00,Terrain 2e267263,60,25.0,dispo,True,2026-05-31 18:29,2026-05-31 18:29,2026-05-31 18:29
2026-06-04,Jeudi,07:00,08:30,Terrain 3517c630,90,81.0,dispo,True,2026-05-31 18:29,2026-05-31 18:29,2026-05-31 18:29
2026-06-04,Jeudi,07:00,08:00,Terrain 53b0cefd,60,54.0,dispo,True,2026-05-31 18:29,2026-05-31 18:29,2026-05-31 18:29
2026-06-04,Jeudi,07:00,08:00,Terrain 581b1057,60,40.0,dispo,True,2026-05-31 18:29,2026-05-31 18:29,2026-05-31 18:29
2026-06-04,Jeudi,07:00,08:00,Terrain 59f5c1cc,60,54.0,dispo,True,2026-05-31 18:29,2026-05-31 18:29,2026-05-31 18:29
2026-06-04,Jeudi,07:00,08:00,Terrain 69d293cc,60,25.0,dispo,True,2026-05-31 18:29,2026-05-31 18:29,2026-05-31 18:29
2026-06-04,Jeudi,07:00,08:00,Terrain 7b129f34,60,54.0,dispo,True,2026-05-31 18:29,2026-05-31 18:29,2026-05-31 18:29
2026-06-04,Jeudi,07:00,08:30,Terrain 81821ffc,90,81.0,dispo,True,2026-05-31 18:29,2026-05-31 18:29,2026-05-31 18:29
2026-06-04,Jeudi,07:00,08:00,Terrain 921734ea,60,54.0,dispo,True,2026-05-31 18:29,2026-05-31 18:29,2026-05-31 18:29
2026-06-04,Jeudi,07:00,08:00,Terrain 94fca3b5,60,25.0,dispo,True,2026-05-31 18:29,2026-05-31 18:29,2026-05-31 18:29
2026-06-04,Jeudi,07:00,08:00,Terrain a115dc23,60,40.0,dispo,True,2026-05-31 18:29,2026-05-31 18:29,2026-05-31 18:29
2026-06-04,Jeudi,07:00,08:00,Terrain a62df697,60,25.0,dispo,True,2026-05-31 18:29,2026-05-31 18:29,2026-05-31 18:29
2026-06-04,Jeudi,07:00,08:00,Terrain aa8d8a07,60,40.0,dispo,True,2026-05-31 18:29,2026-05-31 18:29,2026-05-31 18:29
2026-06-04,Jeudi,07:00,08:00,Terrain ac280e48,60,54.0,dispo,True,2026-05-31 18:29,2026-05-31 18:29,2026-05-31 18:29
2026-06-04,Jeudi,07:00,08:00,Terrain db9df5dc,60,54.0,dispo,True,2026-05-31 18:29,2026-05-31 18:29,2026-05-31 18:29
2026-06-04,Jeudi,07:00,08:00,Terrain ef842448,60,40.0,dispo,True,2026-05-31 18:29,2026-05-31 18:29,2026-05-31 18:29
2026-06-04,Jeudi,08:00,09:00,Terrain 1623d87a,60,25.0,dispo,True,2026-05-31 18:29,2026-05-31 18:29,2026-05-31 18:29
2026-06-04,Jeudi,08:00,09:00,Terrain 2c18d1d9,60,25.0,dispo,True,2026-05-31 18:29,2026-05-31 18:29,2026-05-31 18:29
2026-06-04,Jeudi,08:00,09:00,Terrain 2e267263,60,25.0,dispo,True,2026-05-31 18:29,2026-05-31 18:29,2026-05-31 18:29
2026-06-04,Jeudi,08:00,09:00,Terrain 53b0cefd,60,54.0,dispo,True,2026-05-31 18:29,2026-05-31 18:29,2026-05-31 18:29
2026-06-04,Jeudi,08:00,09:00,Terrain 581b1057,60,40.0,dispo,True,2026-05-31 18:29,2026-05-31 18:29,2026-05-31 18:29
2026-06-04,Jeudi,08:00,09:00,Terrain 59f5c1cc,60,54.0,dispo,True,2026-05-31 18:29,2026-05-31 18:29,2026-05-31 18:29
2026-06-04,Jeudi,08:00,09:00,Terrain 69d293cc,60,25.0,dispo,True,2026-05-31 18:29,2026-05-31 18:29,2026-05-31 18:29
2026-06-04,Jeudi,08:00,09:00,Terrain 7b129f34,60,54.0,dispo,True,2026-05-31 18:29,2026-05-31 18:29,2026-05-31 18:29
2026-06-04,Jeudi,08:00,09:00,Terrain 921734ea,60,54.0,dispo,True,2026-05-31 18:29,2026-05-31 18:29,2026-05-31 18:29
2026-06-04,Jeudi,08:00,09:00,Terrain 94fca3b5,60,25.0,dispo,True,2026-05-31 18:29,2026-05-31 18:29,2026-05-31 18:29
2026-06-04,Jeudi,08:00,09:00,Terrain a115dc23,60,40.0,dispo,True,2026-05-31 18:29,2026-05-31 18:29,2026-05-31 18:29
2026-06-04,Jeudi,08:00,09:00,Terrain a62df697,60,25.0,dispo,True,2026-05-31 18:29,2026-05-31 18:29,2026-05-31 18:29
2026-06-04,Jeudi,08:00,09:00,Terrain aa8d8a07,60,40.0,dispo,True,2026-05-31 18:29,2026-05-31 18:29,2026-05-31 18:29
2026-06-04,Jeudi,08:00,09:00,Terrain ac280e48,60,54.0,dispo,True,2026-05-31 18:29,2026-05-31 18:29,2026-05-31 18:29
2026-06-04,Jeudi,08:00,09:00,Terrain db9df5dc,60,54.0,dispo,True,2026-05-31 18:29,2026-05-31 18:29,2026-05-31 18:29
2026-06-04,Jeudi,08:00,09:00,Terrain ef842448,60,40.0,dispo,True,2026-05-31 18:29,2026-05-31 18:29,2026-05-31 18:29
2026-06-04,Jeudi,08:30,10:00,Terrain 3517c630,90,81.0,dispo,True,2026-05-31 18:29,2026-05-31 18:29,2026-05-31 18:29
2026-06-04,Jeudi,08:30,10:00,Terrain 81821ffc,90,81.0,dispo,True,2026-05-31 18:29,2026-05-31 18:29,2026-05-31 18:29
2026-06-04,Jeudi,09:00,10:00,Terrain 1623d87a,60,25.0,dispo,True,2026-05-31 18:29,2026-05-31 18:29,2026-05-31 18:29
2026-06-04,Jeudi,09:00,10:00,Terrain 2c18d1d9,60,25.0,dispo,True,2026-05-31 18:29,2026-05-31 18:29,2026-05-31 18:29
2026-06-04,Jeudi,09:00,10:00,Terrain 2e267263,60,25.0,dispo,True,2026-05-31 18:29,2026-05-31 18:29,2026-05-31 18:29
2026-06-04,Jeudi,09:00,10:00,Terrain 53b0cefd,60,54.0,dispo,True,2026-05-31 18:29,2026-05-31 18:29,2026-05-31 18:29
2026-06-04,Jeudi,09:00,10:00,Terrain 581b1057,60,40.0,dispo,True,2026-05-31 18:29,2026-05-31 18:29,2026-05-31 18:29
2026-06-04,Jeudi,09:00,10:00,Terrain 59f5c1cc,60,54.0,dispo,True,2026-05-31 18:29,2026-05-31 18:29,2026-05-31 18:29
2026-06-04,Jeudi,09:00,10:00,Terrain 69d293cc,60,25.0,dispo,True,2026-05-31 18:29,2026-05-31 18:29,2026-05-31 18:29
2026-06-04,Jeudi,09:00,10:00,Terrain 7b129f34,60,54.0,dispo,True,2026-05-31 18:29,2026-05-31 18:29,2026-05-31 18:29
2026-06-04,Jeudi,09:00,10:00,Terrain 921734ea,60,54.0,dispo,True,2026-05-31 18:29,2026-05-31 18:29,2026-05-31 18:29
2026-06-04,Jeudi,09:00,10:00,Terrain 94fca3b5,60,25.0,dispo,True,2026-05-31 18:29,2026-05-31 18:29,2026-05-31 18:29
2026-06-04,Jeudi,09:00,10:00,Terrain a62df697,60,25.0,dispo,True,2026-05-31 18:29,2026-05-31 18:29,2026-05-31 18:29
2026-06-04,Jeudi,09:00,10:00,Terrain aa8d8a07,60,40.0,dispo,True,2026-05-31 18:29,2026-05-31 18:29,2026-05-31 18:29
2026-06-04,Jeudi,09:00,10:00,Terrain ac280e48,60,54.0,dispo,True,2026-05-31 18:29,2026-05-31 18:29,2026-05-31 18:29
2026-06-04,Jeudi,09:00,10:00,Terrain db9df5dc,60,54.0,dispo,True,2026-05-31 18:29,2026-05-31 18:29,2026-05-31 18:29
2026-06-04,Jeudi,09:00,10:00,Terrain ef842448,60,40.0,dispo,True,2026-05-31 18:29,2026-05-31 18:29,2026-05-31 18:29
2026-06-04,Jeudi,10:00,11:00,Terrain 1623d87a,60,25.0,dispo,True,2026-05-31 18:29,2026-05-31 18:29,2026-05-31 18:29
2026-06-04,Jeudi,10:00,11:00,Terrain 2c18d1d9,60,25.0,dispo,True,2026-05-31 18:29,2026-05-31 18:29,2026-05-31 18:29
2026-06-04,Jeudi,10:00,11:00,Terrain 2e267263,60,25.0,dispo,True,2026-05-31 18:29,2026-05-31 18:29,2026-05-31 18:29
2026-06-04,Jeudi,10:00,11:30,Terrain 3517c630,90,81.0,dispo,True,2026-05-31 18:29,2026-05-31 18:29,2026-05-31 18:29
2026-06-04,Jeudi,10:00,11:00,Terrain 53b0cefd,60,54.0,dispo,True,2026-05-31 18:29,2026-05-31 18:29,2026-05-31 18:29
2026-06-04,Jeudi,10:00,11:00,Terrain 581b1057,60,40.0,dispo,True,2026-05-31 18:29,2026-05-31 18:29,2026-05-31 18:29
2026-06-04,Jeudi,10:00,11:00,Terrain 59f5c1cc,60,54.0,dispo,True,2026-05-31 18:29,2026-05-31 18:29,2026-05-31 18:29
2026-06-04,Jeudi,10:00,11:00,Terrain 69d293cc,60,25.0,dispo,True,2026-05-31 18:29,2026-05-31 18:29,2026-05-31 18:29
2026-06-04,Jeudi,10:00,11:30,Terrain 81821ffc,90,81.0,dispo,True,2026-05-31 18:29,2026-05-31 18:29,2026-05-31 18:29
2026-06-04,Jeudi,10:00,11:00,Terrain 921734ea,60,54.0,dispo,True,2026-05-31 18:29,2026-05-31 18:29,2026-05-31 18:29
2026-06-04,Jeudi,10:00,11:00,Terrain 94fca3b5,60,25.0,dispo,True,2026-05-31 18:29,2026-05-31 18:29,2026-05-31 18:29
2026-06-04,Jeudi,10:00,11:00,Terrain a115dc23,60,40.0,dispo,True,2026-05-31 18:29,2026-05-31 18:29,2026-05-31 18:29
2026-06-04,Jeudi,10:00,11:00,Terrain a62df697,60,25.0,dispo,True,2026-05-31 18:29,2026-05-31 18:29,2026-05-31 18:29
2026-06-04,Jeudi,10:00,11:00,Terrain aa8d8a07,60,40.0,dispo,True,2026-05-31 18:29,2026-05-31 18:29,2026-05-31 18:29
2026-06-04,Jeudi,10:00,11:00,Terrain ac280e48,60,54.0,dispo,True,2026-05-31 18:29,2026-05-31 18:29,2026-05-31 18:29
2026-06-04,Jeudi,10:00,11:00,Terrain db9df5dc,60,54.0,dispo,True,2026-05-31 18:29,2026-05-31 18:29,2026-05-31 18:29
2026-06-04,Jeudi,10:00,11:00,Terrain ef842448,60,40.0,dispo,True,2026-05-31 18:29,2026-05-31 18:29,2026-05-31 18:29
2026-06-04,Jeudi,11:00,12:00,Terrain 1623d87a,60,25.0,dispo,True,2026-05-31 18:29,2026-05-31 18:29,2026-05-31 18:29
2026-06-04,Jeudi,11:00,12:00,Terrain 2c18d1d9,60,25.0,dispo,True,2026-05-31 18:29,2026-05-31 18:29,2026-05-31 18:29
2026-06-04,Jeudi,11:00,12:00,Terrain 2e267263,60,25.0,dispo,True,2026-05-31 18:29,2026-05-31 18:29,2026-05-31 18:29
2026-06-04,Jeudi,11:00,12:00,Terrain 53b0cefd,60,54.0,dispo,True,2026-05-31 18:29,2026-05-31 18:29,2026-05-31 18:29
2026-06-04,Jeudi,11:00,12:00,Terrain 581b1057,60,40.0,dispo,True,2026-05-31 18:29,2026-05-31 18:29,2026-05-31 18:29
2026-06-04,Jeudi,11:00,12:00,Terrain 59f5c1cc,60,54.0,dispo,True,2026-05-31 18:29,2026-05-31 18:29,2026-05-31 18:29
2026-06-04,Jeudi,11:00,12:00,Terrain 69d293cc,60,25.0,dispo,True,2026-05-31 18:29,2026-05-31 18:29,2026-05-31 18:29
2026-06-04,Jeudi,11:00,12:00,Terrain 921734ea,60,54.0,dispo,True,2026-05-31 18:29,2026-05-31 18:29,2026-05-31 18:29
2026-06-04,Jeudi,11:00,12:00,Terrain 94fca3b5,60,25.0,dispo,True,2026-05-31 18:29,2026-05-31 18:29,2026-05-31 18:29
2026-06-04,Jeudi,11:00,12:00,Terrain a115dc23,60,40.0,dispo,True,2026-05-31 18:29,2026-05-31 18:29,2026-05-31 18:29
2026-06-04,Jeudi,11:00,12:00,Terrain a62df697,60,25.0,dispo,True,2026-05-31 18:29,2026-05-31 18:29,2026-05-31 18:29
2026-06-04,Jeudi,11:00,12:00,Terrain aa8d8a07,60,40.0,dispo,True,2026-05-31 18:29,2026-05-31 18:29,2026-05-31 18:29
2026-06-04,Jeudi,11:00,12:00,Terrain ac280e48,60,54.0,dispo,True,2026-05-31 18:29,2026-05-31 18:29,2026-05-31 18:29
2026-06-04,Jeudi,11:00,12:00,Terrain db9df5dc,60,54.0,dispo,True,2026-05-31 18:29,2026-05-31 18:29,2026-05-31 18:29
2026-06-04,Jeudi,11:00,12:00,Terrain ef842448,60,40.0,dispo,True,2026-05-31 18:29,2026-05-31 18:29,2026-05-31 18:29
2026-06-04,Jeudi,11:30,13:00,Terrain 3517c630,90,96.0,dispo,True,2026-05-31 18:29,2026-05-31 18:29,2026-05-31 18:29
2026-06-04,Jeudi,11:30,13:00,Terrain 81821ffc,90,96.0,dispo,True,2026-05-31 18:29,2026-05-31 18:29,2026-05-31 18:29
2026-06-04,Jeudi,12:00,13:00,Terrain 1623d87a,60,40.0,dispo,True,2026-05-31 18:29,2026-05-31 18:29,2026-05-31 18:29
2026-06-04,Jeudi,12:00,13:00,Terrain 2c18d1d9,60,40.0,dispo,True,2026-05-31 18:29,2026-05-31 18:29,2026-05-31 18:29
2026-06-04,Jeudi,12:00,13:00,Terrain 2e267263,60,40.0,dispo,True,2026-05-31 18:29,2026-05-31 18:29,2026-05-31 18:29
2026-06-04,Jeudi,12:00,13:00,Terrain 53b0cefd,60,64.0,dispo,True,2026-05-31 18:29,2026-05-31 18:29,2026-05-31 18:29
2026-06-04,Jeudi,12:00,13:00,Terrain 59f5c1cc,60,64.0,dispo,True,2026-05-31 18:29,2026-05-31 18:29,2026-05-31 18:29
2026-06-04,Jeudi,12:00,13:00,Terrain 69d293cc,60,40.0,dispo,True,2026-05-31 18:29,2026-05-31 18:29,2026-05-31 18:29
2026-06-04,Jeudi,12:00,13:00,Terrain 921734ea,60,64.0,dispo,True,2026-05-31 18:29,2026-05-31 18:29,2026-05-31 18:29
2026-06-04,Jeudi,12:00,13:00,Terrain 94fca3b5,60,40.0,dispo,True,2026-05-31 18:29,2026-05-31 18:29,2026-05-31 18:29
2026-06-04,Jeudi,12:00,13:00,Terrain a115dc23,60,55.0,dispo,True,2026-05-31 18:29,2026-05-31 18:29,2026-05-31 18:29
2026-06-04,Jeudi,12:00,13:00,Terrain a62df697,60,40.0,dispo,True,2026-05-31 18:29,2026-05-31 18:29,2026-05-31 18:29
2026-06-04,Jeudi,12:00,13:00,Terrain aa8d8a07,60,55.0,dispo,True,2026-05-31 18:29,2026-05-31 18:29,2026-05-31 18:29
2026-06-04,Jeudi,12:00,13:00,Terrain db9df5dc,60,64.0,dispo,True,2026-05-31 18:29,2026-05-31 18:29,2026-05-31 18:29
2026-06-04,Jeudi,12:00,13:00,Terrain e9a9a453,60,55.0,dispo,True,2026-05-31 18:29,2026-05-31 18:29,2026-05-31 18:29
2026-06-04,Jeudi,13:00,14:00,Terrain 1623d87a,60,40.0,dispo,True,2026-05-31 18:29,2026-05-31 18:29,2026-05-31 18:29
2026-06-04,Jeudi,13:00,14:00,Terrain 2c18d1d9,60,40.0,dispo,True,2026-05-31 18:29,2026-05-31 18:29,2026-05-31 18:29
2026-06-04,Jeudi,13:00,14:00,Terrain 2e267263,60,40.0,dispo,True,2026-05-31 18:29,2026-05-31 18:29,2026-05-31 18:29
2026-06-04,Jeudi,13:00,14:30,Terrain 3517c630,90,96.0,dispo,True,2026-05-31 18:29,2026-05-31 18:29,2026-05-31 18:29
2026-06-04,Jeudi,13:00,14:00,Terrain 53b0cefd,60,64.0,dispo,True,2026-05-31 18:29,2026-05-31 18:29,2026-05-31 18:29
2026-06-04,Jeudi,13:00,14:00,Terrain 59f5c1cc,60,64.0,dispo,True,2026-05-31 18:29,2026-05-31 18:29,2026-05-31 18:29
2026-06-04,Jeudi,13:00,14:00,Terrain 69d293cc,60,40.0,dispo,True,2026-05-31 18:29,2026-05-31 18:29,2026-05-31 18:29
2026-06-04,Jeudi,13:00,14:00,Terrain 7b129f34,60,64.0,dispo,True,2026-05-31 18:29,2026-05-31 18:29,2026-05-31 18:29
2026-06-04,Jeudi,13:00,14:30,Terrain 81821ffc,90,96.0,dispo,True,2026-05-31 18:29,2026-05-31 18:29,2026-05-31 18:29
2026-06-04,Jeudi,13:00,14:00,Terrain 921734ea,60,64.0,dispo,True,2026-05-31 18:29,2026-05-31 18:29,2026-05-31 18:29
2026-06-04,Jeudi,13:00,14:00,Terrain 94fca3b5,60,40.0,dispo,True,2026-05-31 18:29,2026-05-31 18:29,2026-05-31 18:29
2026-06-04,Jeudi,13:00,14:00,Terrain a115dc23,60,55.0,dispo,True,2026-05-31 18:29,2026-05-31 18:29,2026-05-31 18:29
2026-06-04,Jeudi,13:00,14:00,Terrain a62df697,60,40.0,dispo,True,2026-05-31 18:29,2026-05-31 18:29,2026-05-31 18:29
2026-06-04,Jeudi,13:00,14:00,Terrain aa8d8a07,60,55.0,dispo,True,2026-05-31 18:29,2026-05-31 18:29,2026-05-31 18:29
2026-06-04,Jeudi,13:00,14:00,Terrain ac280e48,60,64.0,dispo,True,2026-05-31 18:29,2026-05-31 18:29,2026-05-31 18:29
2026-06-04,Jeudi,13:00,14:00,Terrain db9df5dc,60,64.0,dispo,True,2026-05-31 18:29,2026-05-31 18:29,2026-05-31 18:29
2026-06-04,Jeudi,13:00,14:00,Terrain e9a9a453,60,55.0,dispo,True,2026-05-31 18:29,2026-05-31 18:29,2026-05-31 18:29
2026-06-04,Jeudi,13:00,14:00,Terrain ef842448,60,55.0,dispo,True,2026-05-31 18:29,2026-05-31 18:29,2026-05-31 18:29
2026-06-04,Jeudi,14:00,15:00,Terrain 1623d87a,60,25.0,dispo,True,2026-05-31 18:29,2026-05-31 18:29,2026-05-31 18:29
2026-06-04,Jeudi,14:00,15:00,Terrain 2c18d1d9,60,25.0,dispo,True,2026-05-31 18:29,2026-05-31 18:29,2026-05-31 18:29
2026-06-04,Jeudi,14:00,15:00,Terrain 2e267263,60,25.0,dispo,True,2026-05-31 18:29,2026-05-31 18:29,2026-05-31 18:29
2026-06-04,Jeudi,14:00,15:00,Terrain 53b0cefd,60,54.0,dispo,True,2026-05-31 18:29,2026-05-31 18:29,2026-05-31 18:29
2026-06-04,Jeudi,14:00,15:00,Terrain 581b1057,60,40.0,dispo,True,2026-05-31 18:29,2026-05-31 18:29,2026-05-31 18:29
2026-06-04,Jeudi,14:00,15:00,Terrain 59f5c1cc,60,54.0,dispo,True,2026-05-31 18:29,2026-05-31 18:29,2026-05-31 18:29
2026-06-04,Jeudi,14:00,15:00,Terrain 69d293cc,60,25.0,dispo,True,2026-05-31 18:29,2026-05-31 18:29,2026-05-31 18:29
2026-06-04,Jeudi,14:00,15:00,Terrain 7b129f34,60,54.0,dispo,True,2026-05-31 18:29,2026-05-31 18:29,2026-05-31 18:29
2026-06-04,Jeudi,14:00,15:00,Terrain 921734ea,60,54.0,dispo,True,2026-05-31 18:29,2026-05-31 18:29,2026-05-31 18:29
2026-06-04,Jeudi,14:00,15:00,Terrain 94fca3b5,60,25.0,dispo,True,2026-05-31 18:29,2026-05-31 18:29,2026-05-31 18:29
2026-06-04,Jeudi,14:00,15:00,Terrain a62df697,60,25.0,dispo,True,2026-05-31 18:29,2026-05-31 18:29,2026-05-31 18:29
2026-06-04,Jeudi,14:00,15:00,Terrain aa8d8a07,60,40.0,dispo,True,2026-05-31 18:29,2026-05-31 18:29,2026-05-31 18:29
2026-06-04,Jeudi,14:00,15:00,Terrain ac280e48,60,54.0,dispo,True,2026-05-31 18:29,2026-05-31 18:29,2026-05-31 18:29
2026-06-04,Jeudi,14:00,15:00,Terrain db9df5dc,60,54.0,dispo,True,2026-05-31 18:29,2026-05-31 18:29,2026-05-31 18:29
2026-06-04,Jeudi,14:00,15:00,Terrain e9a9a453,60,40.0,dispo,True,2026-05-31 18:29,2026-05-31 18:29,2026-05-31 18:29
2026-06-04,Jeudi,14:00,15:00,Terrain ef842448,60,40.0,dispo,True,2026-05-31 18:29,2026-05-31 18:29,2026-05-31 18:29
2026-06-04,Jeudi,14:30,16:00,Terrain 3517c630,90,81.0,dispo,True,2026-05-31 18:29,2026-05-31 18:29,2026-05-31 18:29
2026-06-04,Jeudi,14:30,16:00,Terrain 81821ffc,90,81.0,dispo,True,2026-05-31 18:29,2026-05-31 18:29,2026-05-31 18:29
2026-06-04,Jeudi,15:00,16:00,Terrain 1623d87a,60,25.0,dispo,True,2026-05-31 18:29,2026-05-31 18:29,2026-05-31 18:29
2026-06-04,Jeudi,15:00,16:00,Terrain 2c18d1d9,60,25.0,dispo,True,2026-05-31 18:29,2026-05-31 18:29,2026-05-31 18:29
2026-06-04,Jeudi,15:00,16:00,Terrain 2e267263,60,25.0,dispo,True,2026-05-31 18:29,2026-05-31 18:29,2026-05-31 18:29
2026-06-04,Jeudi,15:00,16:00,Terrain 53b0cefd,60,54.0,dispo,True,2026-05-31 18:29,2026-05-31 18:29,2026-05-31 18:29
2026-06-04,Jeudi,15:00,16:00,Terrain 59f5c1cc,60,54.0,dispo,True,2026-05-31 18:29,2026-05-31 18:29,2026-05-31 18:29
2026-06-04,Jeudi,15:00,16:00,Terrain 69d293cc,60,25.0,dispo,True,2026-05-31 18:29,2026-05-31 18:29,2026-05-31 18:29
2026-06-04,Jeudi,15:00,16:00,Terrain 7b129f34,60,54.0,dispo,True,2026-05-31 18:29,2026-05-31 18:29,2026-05-31 18:29
2026-06-04,Jeudi,15:00,16:00,Terrain 921734ea,60,54.0,dispo,True,2026-05-31 18:29,2026-05-31 18:29,2026-05-31 18:29
2026-06-04,Jeudi,15:00,16:00,Terrain 94fca3b5,60,25.0,dispo,True,2026-05-31 18:29,2026-05-31 18:29,2026-05-31 18:29
2026-06-04,Jeudi,15:00,16:00,Terrain a62df697,60,25.0,dispo,True,2026-05-31 18:29,2026-05-31 18:29,2026-05-31 18:29
2026-06-04,Jeudi,15:00,16:00,Terrain aa8d8a07,60,40.0,dispo,True,2026-05-31 18:29,2026-05-31 18:29,2026-05-31 18:29
2026-06-04,Jeudi,15:00,16:00,Terrain ac280e48,60,54.0,dispo,True,2026-05-31 18:29,2026-05-31 18:29,2026-05-31 18:29
2026-06-04,Jeudi,15:00,16:00,Terrain db9df5dc,60,54.0,dispo,True,2026-05-31 18:29,2026-05-31 18:29,2026-05-31 18:29
2026-06-04,Jeudi,15:00,16:00,Terrain e9a9a453,60,40.0,dispo,True,2026-05-31 18:29,2026-05-31 18:29,2026-05-31 18:29
2026-06-04,Jeudi,16:00,17:00,Terrain 1623d87a,60,25.0,dispo,True,2026-05-31 18:29,2026-05-31 18:29,2026-05-31 18:29
2026-06-04,Jeudi,16:00,17:00,Terrain 2c18d1d9,60,25.0,dispo,True,2026-05-31 18:29,2026-05-31 18:29,2026-05-31 18:29
2026-06-04,Jeudi,16:00,17:00,Terrain 2e267263,60,25.0,dispo,True,2026-05-31 18:29,2026-05-31 18:29,2026-05-31 18:29
2026-06-04,Jeudi,16:00,17:30,Terrain 3517c630,90,81.0,dispo,True,2026-05-31 18:29,2026-05-31 18:29,2026-05-31 18:29
2026-06-04,Jeudi,16:00,17:00,Terrain 53b0cefd,60,54.0,dispo,True,2026-05-31 18:29,2026-05-31 18:29,2026-05-31 18:29
2026-06-04,Jeudi,16:00,17:00,Terrain 59f5c1cc,60,54.0,dispo,True,2026-05-31 18:29,2026-05-31 18:29,2026-05-31 18:29
2026-06-04,Jeudi,16:00,17:00,Terrain 69d293cc,60,25.0,dispo,True,2026-05-31 18:29,2026-05-31 18:29,2026-05-31 18:29
2026-06-04,Jeudi,16:00,17:30,Terrain 81821ffc,90,81.0,dispo,True,2026-05-31 18:29,2026-05-31 18:29,2026-05-31 18:29
2026-06-04,Jeudi,16:00,17:00,Terrain 921734ea,60,54.0,dispo,True,2026-05-31 18:29,2026-05-31 18:29,2026-05-31 18:29
2026-06-04,Jeudi,16:00,17:00,Terrain 94fca3b5,60,25.0,dispo,True,2026-05-31 18:29,2026-05-31 18:29,2026-05-31 18:29
2026-06-04,Jeudi,16:00,17:00,Terrain a115dc23,60,40.0,dispo,True,2026-05-31 18:29,2026-05-31 18:29,2026-05-31 18:29
2026-06-04,Jeudi,16:00,17:00,Terrain a62df697,60,25.0,dispo,True,2026-05-31 18:29,2026-05-31 18:29,2026-05-31 18:29
2026-06-04,Jeudi,16:00,17:00,Terrain aa8d8a07,60,40.0,dispo,True,2026-05-31 18:29,2026-05-31 18:29,2026-05-31 18:29
2026-06-04,Jeudi,16:00,17:00,Terrain ac280e48,60,54.0,dispo,True,2026-05-31 18:29,2026-05-31 18:29,2026-05-31 18:29
2026-06-04,Jeudi,16:00,17:00,Terrain db9df5dc,60,54.0,dispo,True,2026-05-31 18:29,2026-05-31 18:29,2026-05-31 18:29
2026-06-04,Jeudi,16:00,17:00,Terrain e9a9a453,60,40.0,dispo,True,2026-05-31 18:29,2026-05-31 18:29,2026-05-31 18:29
2026-06-04,Jeudi,17:00,18:00,Terrain 1623d87a,60,25.0,dispo,True,2026-05-31 18:29,2026-05-31 18:29,2026-05-31 18:29
2026-06-04,Jeudi,17:00,18:00,Terrain 2c18d1d9,60,25.0,dispo,True,2026-05-31 18:29,2026-05-31 18:29,2026-05-31 18:29
2026-06-04,Jeudi,17:00,18:00,Terrain 2e267263,60,25.0,dispo,True,2026-05-31 18:29,2026-05-31 18:29,2026-05-31 18:29
2026-06-04,Jeudi,17:00,18:00,Terrain 53b0cefd,60,54.0,dispo,True,2026-05-31 18:29,2026-05-31 18:29,2026-05-31 18:29
2026-06-04,Jeudi,17:00,18:00,Terrain 581b1057,60,40.0,dispo,True,2026-05-31 18:29,2026-05-31 18:29,2026-05-31 18:29
2026-06-04,Jeudi,17:00,18:00,Terrain 59f5c1cc,60,54.0,dispo,True,2026-05-31 18:29,2026-05-31 18:29,2026-05-31 18:29
2026-06-04,Jeudi,17:00,18:00,Terrain 69d293cc,60,25.0,dispo,True,2026-05-31 18:29,2026-05-31 18:29,2026-05-31 18:29
2026-06-04,Jeudi,17:00,18:00,Terrain 921734ea,60,54.0,dispo,True,2026-05-31 18:29,2026-05-31 18:29,2026-05-31 18:29
2026-06-04,Jeudi,17:00,18:00,Terrain 94fca3b5,60,25.0,dispo,True,2026-05-31 18:29,2026-05-31 18:29,2026-05-31 18:29
2026-06-04,Jeudi,17:00,18:00,Terrain a62df697,60,25.0,dispo,True,2026-05-31 18:29,2026-05-31 18:29,2026-05-31 18:29
2026-06-04,Jeudi,17:00,18:00,Terrain aa8d8a07,60,40.0,dispo,True,2026-05-31 18:29,2026-05-31 18:29,2026-05-31 18:29
2026-06-04,Jeudi,17:00,18:00,Terrain db9df5dc,60,54.0,dispo,True,2026-05-31 18:29,2026-05-31 18:29,2026-05-31 18:29
2026-06-04,Jeudi,17:00,18:00,Terrain e9a9a453,60,40.0,dispo,True,2026-05-31 18:29,2026-05-31 18:29,2026-05-31 18:29
2026-06-04,Jeudi,17:00,18:00,Terrain ef842448,60,40.0,dispo,True,2026-05-31 18:29,2026-05-31 18:29,2026-05-31 18:29
2026-06-04,Jeudi,18:00,19:00,Terrain 1623d87a,60,40.0,dispo,True,2026-05-31 18:29,2026-05-31 18:29,2026-05-31 18:29
2026-06-04,Jeudi,18:00,19:00,Terrain 2c18d1d9,60,40.0,dispo,True,2026-05-31 18:29,2026-05-31 18:29,2026-05-31 18:29
2026-06-04,Jeudi,18:00,19:00,Terrain 2e267263,60,40.0,dispo,True,2026-05-31 18:29,2026-05-31 18:29,2026-05-31 18:29
2026-06-04,Jeudi,18:00,19:00,Terrain 59f5c1cc,60,64.0,dispo,True,2026-05-31 18:29,2026-05-31 18:29,2026-05-31 18:29
2026-06-04,Jeudi,18:00,19:00,Terrain 69d293cc,60,40.0,dispo,True,2026-05-31 18:29,2026-05-31 18:29,2026-05-31 18:29
2026-06-04,Jeudi,18:00,19:00,Terrain 921734ea,60,64.0,dispo,True,2026-05-31 18:29,2026-05-31 18:29,2026-05-31 18:29
2026-06-04,Jeudi,18:00,19:00,Terrain 94fca3b5,60,40.0,dispo,True,2026-05-31 18:29,2026-05-31 18:29,2026-05-31 18:29
2026-06-04,Jeudi,18:00,19:00,Terrain a62df697,60,40.0,dispo,True,2026-05-31 18:29,2026-05-31 18:29,2026-05-31 18:29
2026-06-04,Jeudi,18:00,19:00,Terrain aa8d8a07,60,55.0,dispo,True,2026-05-31 18:29,2026-05-31 18:29,2026-05-31 18:29
2026-06-04,Jeudi,18:00,19:00,Terrain ef842448,60,55.0,dispo,True,2026-05-31 18:29,2026-05-31 18:29,2026-05-31 18:29
2026-06-04,Jeudi,19:00,20:00,Terrain 1623d87a,60,40.0,dispo,True,2026-05-31 18:29,2026-05-31 18:29,2026-05-31 18:29
2026-06-04,Jeudi,19:00,20:00,Terrain 2c18d1d9,60,40.0,dispo,True,2026-05-31 18:29,2026-05-31 18:29,2026-05-31 18:29
2026-06-04,Jeudi,19:00,20:00,Terrain 2e267263,60,40.0,dispo,True,2026-05-31 18:29,2026-05-31 18:29,2026-05-31 18:29
2026-06-04,Jeudi,19:00,20:00,Terrain 69d293cc,60,40.0,dispo,True,2026-05-31 18:29,2026-05-31 18:29,2026-05-31 18:29
2026-06-04,Jeudi,19:00,20:00,Terrain 94fca3b5,60,40.0,dispo,True,2026-05-31 18:29,2026-05-31 18:29,2026-05-31 18:29
2026-06-04,Jeudi,19:00,20:00,Terrain a62df697,60,40.0,dispo,True,2026-05-31 18:29,2026-05-31 18:29,2026-05-31 18:29
2026-06-04,Jeudi,19:00,20:00,Terrain aa8d8a07,60,60.0,dispo,True,2026-05-31 18:29,2026-05-31 18:29,2026-05-31 18:29
2026-06-04,Jeudi,20:00,21:00,Terrain 1623d87a,60,40.0,dispo,True,2026-05-31 18:29,2026-05-31 18:29,2026-05-31 18:29
2026-06-04,Jeudi,20:00,21:00,Terrain 2c18d1d9,60,40.0,dispo,True,2026-05-31 18:29,2026-05-31 18:29,2026-05-31 18:29
2026-06-04,Jeudi,20:00,21:00,Terrain 2e267263,60,40.0,dispo,True,2026-05-31 18:29,2026-05-31 18:29,2026-05-31 18:29
2026-06-04,Jeudi,20:00,21:00,Terrain 69d293cc,60,40.0,dispo,True,2026-05-31 18:29,2026-05-31 18:29,2026-05-31 18:29
2026-06-04,Jeudi,20:00,21:00,Terrain 94fca3b5,60,40.0,dispo,True,2026-05-31 18:29,2026-05-31 18:29,2026-05-31 18:29
2026-06-04,Jeudi,20:00,21:00,Terrain a62df697,60,40.0,dispo,True,2026-05-31 18:29,2026-05-31 18:29,2026-05-31 18:29
2026-06-04,Jeudi,20:00,21:00,Terrain aa8d8a07,60,60.0,dispo,True,2026-05-31 18:29,2026-05-31 18:29,2026-05-31 18:29
2026-06-04,Jeudi,21:00,22:00,Terrain 1623d87a,60,40.0,dispo,True,2026-05-31 18:29,2026-05-31 18:29,2026-05-31 18:29
2026-06-04,Jeudi,21:00,22:00,Terrain 2c18d1d9,60,40.0,dispo,True,2026-05-31 18:29,2026-05-31 18:29,2026-05-31 18:29
2026-06-04,Jeudi,21:00,22:00,Terrain 2e267263,60,40.0,dispo,True,2026-05-31 18:29,2026-05-31 18:29,2026-05-31 18:29
2026-06-04,Jeudi,21:00,22:00,Terrain 69d293cc,60,40.0,dispo,True,2026-05-31 18:29,2026-05-31 18:29,2026-05-31 18:29
2026-06-04,Jeudi,21:00,22:00,Terrain 94fca3b5,60,40.0,dispo,True,2026-05-31 18:29,2026-05-31 18:29,2026-05-31 18:29
2026-06-04,Jeudi,21:00,22:00,Terrain a115dc23,60,60.0,dispo,True,2026-05-31 18:29,2026-05-31 18:29,2026-05-31 18:29
2026-06-04,Jeudi,21:00,22:00,Terrain a62df697,60,40.0,dispo,True,2026-05-31 18:29,2026-05-31 18:29,2026-05-31 18:29
2026-06-04,Jeudi,21:00,22:00,Terrain aa8d8a07,60,60.0,dispo,True,2026-05-31 18:29,2026-05-31 18:29,2026-05-31 18:29
2026-06-04,Jeudi,22:00,23:00,Terrain 1623d87a,60,25.0,dispo,True,2026-05-31 18:29,2026-05-31 18:29,2026-05-31 18:29
2026-06-04,Jeudi,22:00,23:00,Terrain 2c18d1d9,60,25.0,dispo,True,2026-05-31 18:29,2026-05-31 18:29,2026-05-31 18:29
2026-06-04,Jeudi,22:00,23:00,Terrain 2e267263,60,25.0,dispo,True,2026-05-31 18:29,2026-05-31 18:29,2026-05-31 18:29
2026-06-04,Jeudi,22:00,23:00,Terrain 53b0cefd,60,54.0,dispo,True,2026-05-31 18:29,2026-05-31 18:29,2026-05-31 18:29
2026-06-04,Jeudi,22:00,23:00,Terrain 581b1057,60,40.0,dispo,True,2026-05-31 18:29,2026-05-31 18:29,2026-05-31 18:29
2026-06-04,Jeudi,22:00,23:00,Terrain 59f5c1cc,60,54.0,dispo,True,2026-05-31 18:29,2026-05-31 18:29,2026-05-31 18:29
2026-06-04,Jeudi,22:00,23:00,Terrain 69d293cc,60,25.0,dispo,True,2026-05-31 18:29,2026-05-31 18:29,2026-05-31 18:29
2026-06-04,Jeudi,22:00,23:00,Terrain 921734ea,60,54.0,dispo,True,2026-05-31 18:29,2026-05-31 18:29,2026-05-31 18:29
2026-06-04,Jeudi,22:00,23:00,Terrain 94fca3b5,60,25.0,dispo,True,2026-05-31 18:29,2026-05-31 18:29,2026-05-31 18:29
2026-06-04,Jeudi,22:00,23:00,Terrain a115dc23,60,40.0,dispo,True,2026-05-31 18:29,2026-05-31 18:29,2026-05-31 18:29
2026-06-04,Jeudi,22:00,23:00,Terrain a62df697,60,25.0,dispo,True,2026-05-31 18:29,2026-05-31 18:29,2026-05-31 18:29
2026-06-04,Jeudi,22:00,23:00,Terrain db9df5dc,60,54.0,dispo,True,2026-05-31 18:29,2026-05-31 18:29,2026-05-31 18:29
2026-06-04,Jeudi,22:00,23:00,Terrain e9a9a453,60,40.0,dispo,True,2026-05-31 18:29,2026-05-31 18:29,2026-05-31 18:29
2026-06-04,Jeudi,23:00,00:00,Terrain 1623d87a,60,25.0,dispo,True,2026-05-31 18:29,2026-05-31 18:29,2026-05-31 18:29
2026-06-04,Jeudi,23:00,00:00,Terrain 2c18d1d9,60,25.0,dispo,True,2026-05-31 18:29,2026-05-31 18:29,2026-05-31 18:29
2026-06-04,Jeudi,23:00,00:00,Terrain 2e267263,60,25.0,dispo,True,2026-05-31 18:29,2026-05-31 18:29,2026-05-31 18:29
2026-06-04,Jeudi,23:00,00:00,Terrain 53b0cefd,60,54.0,dispo,True,2026-05-31 18:29,2026-05-31 18:29,2026-05-31 18:29
2026-06-04,Jeudi,23:00,00:00,Terrain 581b1057,60,40.0,dispo,True,2026-05-31 18:29,2026-05-31 18:29,2026-05-31 18:29
2026-06-04,Jeudi,23:00,00:00,Terrain 59f5c1cc,60,54.0,dispo,True,2026-05-31 18:29,2026-05-31 18:29,2026-05-31 18:29
2026-06-04,Jeudi,23:00,00:00,Terrain 69d293cc,60,25.0,dispo,True,2026-05-31 18:29,2026-05-31 18:29,2026-05-31 18:29
2026-06-04,Jeudi,23:00,00:00,Terrain 7b129f34,60,54.0,dispo,True,2026-05-31 18:29,2026-05-31 18:29,2026-05-31 18:29
2026-06-04,Jeudi,23:00,00:00,Terrain 921734ea,60,54.0,dispo,True,2026-05-31 18:29,2026-05-31 18:29,2026-05-31 18:29
2026-06-04,Jeudi,23:00,00:00,Terrain 94fca3b5,60,25.0,dispo,True,2026-05-31 18:29,2026-05-31 18:29,2026-05-31 18:29
2026-06-04,Jeudi,23:00,00:00,Terrain a115dc23,60,40.0,dispo,True,2026-05-31 18:29,2026-05-31 18:29,2026-05-31 18:29
2026-06-04,Jeudi,23:00,00:00,Terrain a62df697,60,25.0,dispo,True,2026-05-31 18:29,2026-05-31 18:29,2026-05-31 18:29
2026-06-04,Jeudi,23:00,00:00,Terrain ac280e48,60,54.0,dispo,True,2026-05-31 18:29,2026-05-31 18:29,2026-05-31 18:29
2026-06-04,Jeudi,23:00,00:00,Terrain db9df5dc,60,54.0,dispo,True,2026-05-31 18:29,2026-05-31 18:29,2026-05-31 18:29
2026-06-04,Jeudi,23:00,00:00,Terrain e9a9a453,60,40.0,dispo,True,2026-05-31 18:29,2026-05-31 18:29,2026-05-31 18:29
2026-06-04,Jeudi,23:00,00:00,Terrain ef842448,60,40.0,dispo,True,2026-05-31 18:29,2026-05-31 18:29,2026-05-31 18:29
2026-06-04,Jeudi,23:30,01:00,Terrain 3517c630,90,81.0,dispo,True,2026-05-31 18:29,2026-05-31 18:29,2026-05-31 18:29
2026-06-04,Jeudi,23:30,01:00,Terrain 81821ffc,90,81.0,dispo,True,2026-05-31 18:29,2026-05-31 18:29,2026-05-31 18:29
2026-06-05,Vendredi,00:00,01:00,Terrain 53b0cefd,60,54.0,dispo,True,2026-05-31 18:29,2026-05-31 18:29,2026-05-31 18:29
2026-06-05,Vendredi,00:00,01:00,Terrain 59f5c1cc,60,54.0,dispo,True,2026-05-31 18:29,2026-05-31 18:29,2026-05-31 18:29
2026-06-05,Vendredi,00:00,01:00,Terrain 7b129f34,60,54.0,dispo,True,2026-05-31 18:29,2026-05-31 18:29,2026-05-31 18:29
2026-06-05,Vendredi,00:00,01:00,Terrain 921734ea,60,54.0,dispo,True,2026-05-31 18:29,2026-05-31 18:29,2026-05-31 18:29
2026-06-05,Vendredi,00:00,01:00,Terrain ac280e48,60,54.0,dispo,True,2026-05-31 18:29,2026-05-31 18:29,2026-05-31 18:29
2026-06-05,Vendredi,00:00,01:00,Terrain db9df5dc,60,54.0,dispo,True,2026-05-31 18:29,2026-05-31 18:29,2026-05-31 18:29
2026-06-05,Vendredi,07:00,08:00,Terrain 1623d87a,60,25.0,dispo,True,2026-05-31 18:29,2026-05-31 18:29,2026-05-31 18:29
2026-06-05,Vendredi,07:00,08:00,Terrain 2c18d1d9,60,25.0,dispo,True,2026-05-31 18:29,2026-05-31 18:29,2026-05-31 18:29
2026-06-05,Vendredi,07:00,08:00,Terrain 2e267263,60,25.0,dispo,True,2026-05-31 18:29,2026-05-31 18:29,2026-05-31 18:29
2026-06-05,Vendredi,07:00,08:30,Terrain 3517c630,90,81.0,dispo,True,2026-05-31 18:29,2026-05-31 18:29,2026-05-31 18:29
2026-06-05,Vendredi,07:00,08:00,Terrain 53b0cefd,60,54.0,dispo,True,2026-05-31 18:29,2026-05-31 18:29,2026-05-31 18:29
2026-06-05,Vendredi,07:00,08:00,Terrain 581b1057,60,40.0,dispo,True,2026-05-31 18:29,2026-05-31 18:29,2026-05-31 18:29
2026-06-05,Vendredi,07:00,08:00,Terrain 59f5c1cc,60,54.0,dispo,True,2026-05-31 18:29,2026-05-31 18:29,2026-05-31 18:29
2026-06-05,Vendredi,07:00,08:00,Terrain 69d293cc,60,25.0,dispo,True,2026-05-31 18:29,2026-05-31 18:29,2026-05-31 18:29
2026-06-05,Vendredi,07:00,08:00,Terrain 7b129f34,60,54.0,dispo,True,2026-05-31 18:29,2026-05-31 18:29,2026-05-31 18:29
2026-06-05,Vendredi,07:00,08:30,Terrain 81821ffc,90,81.0,dispo,True,2026-05-31 18:29,2026-05-31 18:29,2026-05-31 18:29
2026-06-05,Vendredi,07:00,08:00,Terrain 921734ea,60,54.0,dispo,True,2026-05-31 18:29,2026-05-31 18:29,2026-05-31 18:29
2026-06-05,Vendredi,07:00,08:00,Terrain 94fca3b5,60,25.0,dispo,True,2026-05-31 18:29,2026-05-31 18:29,2026-05-31 18:29
2026-06-05,Vendredi,07:00,08:00,Terrain a115dc23,60,40.0,dispo,True,2026-05-31 18:29,2026-05-31 18:29,2026-05-31 18:29
2026-06-05,Vendredi,07:00,08:00,Terrain a62df697,60,25.0,dispo,True,2026-05-31 18:29,2026-05-31 18:29,2026-05-31 18:29
2026-06-05,Vendredi,07:00,08:00,Terrain aa8d8a07,60,40.0,dispo,True,2026-05-31 18:29,2026-05-31 18:29,2026-05-31 18:29
2026-06-05,Vendredi,07:00,08:00,Terrain ac280e48,60,54.0,dispo,True,2026-05-31 18:29,2026-05-31 18:29,2026-05-31 18:29
2026-06-05,Vendredi,07:00,08:00,Terrain db9df5dc,60,54.0,dispo,True,2026-05-31 18:29,2026-05-31 18:29,2026-05-31 18:29
2026-06-05,Vendredi,07:00,08:00,Terrain ef842448,60,40.0,dispo,True,2026-05-31 18:29,2026-05-31 18:29,2026-05-31 18:29
2026-06-05,Vendredi,08:00,09:00,Terrain 1623d87a,60,25.0,dispo,True,2026-05-31 18:29,2026-05-31 18:29,2026-05-31 18:29
2026-06-05,Vendredi,08:00,09:00,Terrain 2c18d1d9,60,25.0,dispo,True,2026-05-31 18:29,2026-05-31 18:29,2026-05-31 18:29
2026-06-05,Vendredi,08:00,09:00,Terrain 2e267263,60,25.0,dispo,True,2026-05-31 18:29,2026-05-31 18:29,2026-05-31 18:29
2026-06-05,Vendredi,08:00,09:00,Terrain 53b0cefd,60,54.0,dispo,True,2026-05-31 18:29,2026-05-31 18:29,2026-05-31 18:29
2026-06-05,Vendredi,08:00,09:00,Terrain 581b1057,60,40.0,dispo,True,2026-05-31 18:29,2026-05-31 18:29,2026-05-31 18:29
2026-06-05,Vendredi,08:00,09:00,Terrain 59f5c1cc,60,54.0,dispo,True,2026-05-31 18:29,2026-05-31 18:29,2026-05-31 18:29
2026-06-05,Vendredi,08:00,09:00,Terrain 69d293cc,60,25.0,dispo,True,2026-05-31 18:29,2026-05-31 18:29,2026-05-31 18:29
2026-06-05,Vendredi,08:00,09:00,Terrain 7b129f34,60,54.0,dispo,True,2026-05-31 18:29,2026-05-31 18:29,2026-05-31 18:29
2026-06-05,Vendredi,08:00,09:00,Terrain 921734ea,60,54.0,dispo,True,2026-05-31 18:29,2026-05-31 18:29,2026-05-31 18:29
2026-06-05,Vendredi,08:00,09:00,Terrain 94fca3b5,60,25.0,dispo,True,2026-05-31 18:29,2026-05-31 18:29,2026-05-31 18:29
2026-06-05,Vendredi,08:00,09:00,Terrain a115dc23,60,40.0,dispo,True,2026-05-31 18:29,2026-05-31 18:29,2026-05-31 18:29
2026-06-05,Vendredi,08:00,09:00,Terrain a62df697,60,25.0,dispo,True,2026-05-31 18:29,2026-05-31 18:29,2026-05-31 18:29
2026-06-05,Vendredi,08:00,09:00,Terrain aa8d8a07,60,40.0,dispo,True,2026-05-31 18:29,2026-05-31 18:29,2026-05-31 18:29
2026-06-05,Vendredi,08:00,09:00,Terrain ac280e48,60,54.0,dispo,True,2026-05-31 18:29,2026-05-31 18:29,2026-05-31 18:29
2026-06-05,Vendredi,08:00,09:00,Terrain db9df5dc,60,54.0,dispo,True,2026-05-31 18:29,2026-05-31 18:29,2026-05-31 18:29
2026-06-05,Vendredi,08:00,09:00,Terrain ef842448,60,40.0,dispo,True,2026-05-31 18:29,2026-05-31 18:29,2026-05-31 18:29
2026-06-05,Vendredi,08:30,10:00,Terrain 3517c630,90,81.0,dispo,True,2026-05-31 18:29,2026-05-31 18:29,2026-05-31 18:29
2026-06-05,Vendredi,08:30,10:00,Terrain 81821ffc,90,81.0,dispo,True,2026-05-31 18:29,2026-05-31 18:29,2026-05-31 18:29
2026-06-05,Vendredi,09:00,10:00,Terrain 1623d87a,60,25.0,dispo,True,2026-05-31 18:29,2026-05-31 18:29,2026-05-31 18:29
2026-06-05,Vendredi,09:00,10:00,Terrain 2c18d1d9,60,25.0,dispo,True,2026-05-31 18:29,2026-05-31 18:29,2026-05-31 18:29
2026-06-05,Vendredi,09:00,10:00,Terrain 2e267263,60,25.0,dispo,True,2026-05-31 18:29,2026-05-31 18:29,2026-05-31 18:29
2026-06-05,Vendredi,09:00,10:00,Terrain 53b0cefd,60,54.0,dispo,True,2026-05-31 18:29,2026-05-31 18:29,2026-05-31 18:29
2026-06-05,Vendredi,09:00,10:00,Terrain 581b1057,60,40.0,dispo,True,2026-05-31 18:29,2026-05-31 18:29,2026-05-31 18:29
2026-06-05,Vendredi,09:00,10:00,Terrain 59f5c1cc,60,54.0,dispo,True,2026-05-31 18:29,2026-05-31 18:29,2026-05-31 18:29
2026-06-05,Vendredi,09:00,10:00,Terrain 69d293cc,60,25.0,dispo,True,2026-05-31 18:29,2026-05-31 18:29,2026-05-31 18:29
2026-06-05,Vendredi,09:00,10:00,Terrain 921734ea,60,54.0,dispo,True,2026-05-31 18:29,2026-05-31 18:29,2026-05-31 18:29
2026-06-05,Vendredi,09:00,10:00,Terrain 94fca3b5,60,25.0,dispo,True,2026-05-31 18:29,2026-05-31 18:29,2026-05-31 18:29
2026-06-05,Vendredi,09:00,10:00,Terrain a62df697,60,25.0,dispo,True,2026-05-31 18:29,2026-05-31 18:29,2026-05-31 18:29
2026-06-05,Vendredi,09:00,10:00,Terrain aa8d8a07,60,40.0,dispo,True,2026-05-31 18:29,2026-05-31 18:29,2026-05-31 18:29
2026-06-05,Vendredi,09:00,10:00,Terrain ac280e48,60,54.0,dispo,True,2026-05-31 18:29,2026-05-31 18:29,2026-05-31 18:29
2026-06-05,Vendredi,09:00,10:00,Terrain db9df5dc,60,54.0,dispo,True,2026-05-31 18:29,2026-05-31 18:29,2026-05-31 18:29
2026-06-05,Vendredi,09:00,10:00,Terrain ef842448,60,40.0,dispo,True,2026-05-31 18:29,2026-05-31 18:29,2026-05-31 18:29
2026-06-05,Vendredi,10:00,11:00,Terrain 1623d87a,60,25.0,dispo,True,2026-05-31 18:29,2026-05-31 18:29,2026-05-31 18:29
2026-06-05,Vendredi,10:00,11:00,Terrain 2c18d1d9,60,25.0,dispo,True,2026-05-31 18:29,2026-05-31 18:29,2026-05-31 18:29
2026-06-05,Vendredi,10:00,11:00,Terrain 2e267263,60,25.0,dispo,True,2026-05-31 18:29,2026-05-31 18:29,2026-05-31 18:29
2026-06-05,Vendredi,10:00,11:30,Terrain 3517c630,90,81.0,dispo,True,2026-05-31 18:29,2026-05-31 18:29,2026-05-31 18:29
2026-06-05,Vendredi,10:00,11:00,Terrain 53b0cefd,60,54.0,dispo,True,2026-05-31 18:29,2026-05-31 18:29,2026-05-31 18:29
2026-06-05,Vendredi,10:00,11:00,Terrain 59f5c1cc,60,54.0,dispo,True,2026-05-31 18:29,2026-05-31 18:29,2026-05-31 18:29
2026-06-05,Vendredi,10:00,11:00,Terrain 69d293cc,60,25.0,dispo,True,2026-05-31 18:29,2026-05-31 18:29,2026-05-31 18:29
2026-06-05,Vendredi,10:00,11:30,Terrain 81821ffc,90,81.0,dispo,True,2026-05-31 18:29,2026-05-31 18:29,2026-05-31 18:29
2026-06-05,Vendredi,10:00,11:00,Terrain 921734ea,60,54.0,dispo,True,2026-05-31 18:29,2026-05-31 18:29,2026-05-31 18:29
2026-06-05,Vendredi,10:00,11:00,Terrain 94fca3b5,60,25.0,dispo,True,2026-05-31 18:29,2026-05-31 18:29,2026-05-31 18:29
2026-06-05,Vendredi,10:00,11:00,Terrain a115dc23,60,40.0,dispo,True,2026-05-31 18:29,2026-05-31 18:29,2026-05-31 18:29
2026-06-05,Vendredi,10:00,11:00,Terrain a62df697,60,25.0,dispo,True,2026-05-31 18:29,2026-05-31 18:29,2026-05-31 18:29
2026-06-05,Vendredi,10:00,11:00,Terrain aa8d8a07,60,40.0,dispo,True,2026-05-31 18:29,2026-05-31 18:29,2026-05-31 18:29
2026-06-05,Vendredi,10:00,11:00,Terrain ac280e48,60,54.0,dispo,True,2026-05-31 18:29,2026-05-31 18:29,2026-05-31 18:29
2026-06-05,Vendredi,10:00,11:00,Terrain db9df5dc,60,54.0,dispo,True,2026-05-31 18:29,2026-05-31 18:29,2026-05-31 18:29
2026-06-05,Vendredi,11:00,12:00,Terrain 1623d87a,60,25.0,dispo,True,2026-05-31 18:29,2026-05-31 18:29,2026-05-31 18:29
2026-06-05,Vendredi,11:00,12:00,Terrain 2c18d1d9,60,25.0,dispo,True,2026-05-31 18:29,2026-05-31 18:29,2026-05-31 18:29
2026-06-05,Vendredi,11:00,12:00,Terrain 2e267263,60,25.0,dispo,True,2026-05-31 18:29,2026-05-31 18:29,2026-05-31 18:29
2026-06-05,Vendredi,11:00,12:00,Terrain 53b0cefd,60,54.0,dispo,True,2026-05-31 18:29,2026-05-31 18:29,2026-05-31 18:29
2026-06-05,Vendredi,11:00,12:00,Terrain 59f5c1cc,60,54.0,dispo,True,2026-05-31 18:29,2026-05-31 18:29,2026-05-31 18:29
2026-06-05,Vendredi,11:00,12:00,Terrain 69d293cc,60,25.0,dispo,True,2026-05-31 18:29,2026-05-31 18:29,2026-05-31 18:29
2026-06-05,Vendredi,11:00,12:00,Terrain 7b129f34,60,54.0,dispo,True,2026-05-31 18:29,2026-05-31 18:29,2026-05-31 18:29
2026-06-05,Vendredi,11:00,12:00,Terrain 921734ea,60,54.0,dispo,True,2026-05-31 18:29,2026-05-31 18:29,2026-05-31 18:29
2026-06-05,Vendredi,11:00,12:00,Terrain 94fca3b5,60,25.0,dispo,True,2026-05-31 18:29,2026-05-31 18:29,2026-05-31 18:29
2026-06-05,Vendredi,11:00,12:00,Terrain a115dc23,60,40.0,dispo,True,2026-05-31 18:29,2026-05-31 18:29,2026-05-31 18:29
2026-06-05,Vendredi,11:00,12:00,Terrain a62df697,60,25.0,dispo,True,2026-05-31 18:29,2026-05-31 18:29,2026-05-31 18:29
2026-06-05,Vendredi,11:00,12:00,Terrain aa8d8a07,60,40.0,dispo,True,2026-05-31 18:29,2026-05-31 18:29,2026-05-31 18:29
2026-06-05,Vendredi,11:00,12:00,Terrain ac280e48,60,54.0,dispo,True,2026-05-31 18:29,2026-05-31 18:29,2026-05-31 18:29
2026-06-05,Vendredi,11:00,12:00,Terrain db9df5dc,60,54.0,dispo,True,2026-05-31 18:29,2026-05-31 18:29,2026-05-31 18:29
2026-06-05,Vendredi,12:00,13:00,Terrain 1623d87a,60,40.0,dispo,True,2026-05-31 18:29,2026-05-31 18:29,2026-05-31 18:29
2026-06-05,Vendredi,12:00,13:00,Terrain 2c18d1d9,60,40.0,dispo,True,2026-05-31 18:29,2026-05-31 18:29,2026-05-31 18:29
2026-06-05,Vendredi,12:00,13:00,Terrain 2e267263,60,40.0,dispo,True,2026-05-31 18:29,2026-05-31 18:29,2026-05-31 18:29
2026-06-05,Vendredi,12:00,13:00,Terrain 53b0cefd,60,64.0,dispo,True,2026-05-31 18:29,2026-05-31 18:29,2026-05-31 18:29
2026-06-05,Vendredi,12:00,13:00,Terrain 59f5c1cc,60,64.0,dispo,True,2026-05-31 18:29,2026-05-31 18:29,2026-05-31 18:29
2026-06-05,Vendredi,12:00,13:00,Terrain 69d293cc,60,40.0,dispo,True,2026-05-31 18:29,2026-05-31 18:29,2026-05-31 18:29
2026-06-05,Vendredi,12:00,13:00,Terrain 921734ea,60,64.0,dispo,True,2026-05-31 18:29,2026-05-31 18:29,2026-05-31 18:29
2026-06-05,Vendredi,12:00,13:00,Terrain 94fca3b5,60,40.0,dispo,True,2026-05-31 18:29,2026-05-31 18:29,2026-05-31 18:29
2026-06-05,Vendredi,12:00,13:00,Terrain a62df697,60,40.0,dispo,True,2026-05-31 18:29,2026-05-31 18:29,2026-05-31 18:29
2026-06-05,Vendredi,12:00,13:00,Terrain aa8d8a07,60,55.0,dispo,True,2026-05-31 18:29,2026-05-31 18:29,2026-05-31 18:29
2026-06-05,Vendredi,12:00,13:00,Terrain db9df5dc,60,64.0,dispo,True,2026-05-31 18:29,2026-05-31 18:29,2026-05-31 18:29
2026-06-05,Vendredi,13:00,14:00,Terrain 1623d87a,60,40.0,dispo,True,2026-05-31 18:29,2026-05-31 18:29,2026-05-31 18:29
2026-06-05,Vendredi,13:00,14:00,Terrain 2c18d1d9,60,40.0,dispo,True,2026-05-31 18:29,2026-05-31 18:29,2026-05-31 18:29
2026-06-05,Vendredi,13:00,14:00,Terrain 2e267263,60,40.0,dispo,True,2026-05-31 18:29,2026-05-31 18:29,2026-05-31 18:29
2026-06-05,Vendredi,13:00,14:30,Terrain 3517c630,90,96.0,dispo,True,2026-05-31 18:29,2026-05-31 18:29,2026-05-31 18:29
2026-06-05,Vendredi,13:00,14:00,Terrain 53b0cefd,60,64.0,dispo,True,2026-05-31 18:29,2026-05-31 18:29,2026-05-31 18:29
2026-06-05,Vendredi,13:00,14:00,Terrain 59f5c1cc,60,64.0,dispo,True,2026-05-31 18:29,2026-05-31 18:29,2026-05-31 18:29
2026-06-05,Vendredi,13:00,14:00,Terrain 69d293cc,60,40.0,dispo,True,2026-05-31 18:29,2026-05-31 18:29,2026-05-31 18:29
2026-06-05,Vendredi,13:00,14:00,Terrain 7b129f34,60,64.0,dispo,True,2026-05-31 18:29,2026-05-31 18:29,2026-05-31 18:29
2026-06-05,Vendredi,13:00,14:30,Terrain 81821ffc,90,96.0,dispo,True,2026-05-31 18:29,2026-05-31 18:29,2026-05-31 18:29
2026-06-05,Vendredi,13:00,14:00,Terrain 921734ea,60,64.0,dispo,True,2026-05-31 18:29,2026-05-31 18:29,2026-05-31 18:29
2026-06-05,Vendredi,13:00,14:00,Terrain 94fca3b5,60,40.0,dispo,True,2026-05-31 18:29,2026-05-31 18:29,2026-05-31 18:29
2026-06-05,Vendredi,13:00,14:00,Terrain a115dc23,60,55.0,dispo,True,2026-05-31 18:29,2026-05-31 18:29,2026-05-31 18:29
2026-06-05,Vendredi,13:00,14:00,Terrain a62df697,60,40.0,dispo,True,2026-05-31 18:29,2026-05-31 18:29,2026-05-31 18:29
2026-06-05,Vendredi,13:00,14:00,Terrain aa8d8a07,60,55.0,dispo,True,2026-05-31 18:29,2026-05-31 18:29,2026-05-31 18:29
2026-06-05,Vendredi,13:00,14:00,Terrain ac280e48,60,64.0,dispo,True,2026-05-31 18:29,2026-05-31 18:29,2026-05-31 18:29
2026-06-05,Vendredi,13:00,14:00,Terrain db9df5dc,60,64.0,dispo,True,2026-05-31 18:29,2026-05-31 18:29,2026-05-31 18:29
2026-06-05,Vendredi,13:00,14:00,Terrain e9a9a453,60,55.0,dispo,True,2026-05-31 18:29,2026-05-31 18:29,2026-05-31 18:29
2026-06-05,Vendredi,14:00,15:00,Terrain 1623d87a,60,25.0,dispo,True,2026-05-31 18:29,2026-05-31 18:29,2026-05-31 18:29
2026-06-05,Vendredi,14:00,15:00,Terrain 2c18d1d9,60,25.0,dispo,True,2026-05-31 18:29,2026-05-31 18:29,2026-05-31 18:29
2026-06-05,Vendredi,14:00,15:00,Terrain 2e267263,60,25.0,dispo,True,2026-05-31 18:29,2026-05-31 18:29,2026-05-31 18:29
2026-06-05,Vendredi,14:00,15:00,Terrain 53b0cefd,60,54.0,dispo,True,2026-05-31 18:29,2026-05-31 18:29,2026-05-31 18:29
2026-06-05,Vendredi,14:00,15:00,Terrain 581b1057,60,40.0,dispo,True,2026-05-31 18:29,2026-05-31 18:29,2026-05-31 18:29
2026-06-05,Vendredi,14:00,15:00,Terrain 59f5c1cc,60,54.0,dispo,True,2026-05-31 18:29,2026-05-31 18:29,2026-05-31 18:29
2026-06-05,Vendredi,14:00,15:00,Terrain 69d293cc,60,25.0,dispo,True,2026-05-31 18:29,2026-05-31 18:29,2026-05-31 18:29
2026-06-05,Vendredi,14:00,15:00,Terrain 7b129f34,60,54.0,dispo,True,2026-05-31 18:29,2026-05-31 18:29,2026-05-31 18:29
2026-06-05,Vendredi,14:00,15:00,Terrain 921734ea,60,54.0,dispo,True,2026-05-31 18:29,2026-05-31 18:29,2026-05-31 18:29
2026-06-05,Vendredi,14:00,15:00,Terrain 94fca3b5,60,25.0,dispo,True,2026-05-31 18:29,2026-05-31 18:29,2026-05-31 18:29
2026-06-05,Vendredi,14:00,15:00,Terrain a62df697,60,25.0,dispo,True,2026-05-31 18:29,2026-05-31 18:29,2026-05-31 18:29
2026-06-05,Vendredi,14:00,15:00,Terrain aa8d8a07,60,40.0,dispo,True,2026-05-31 18:29,2026-05-31 18:29,2026-05-31 18:29
2026-06-05,Vendredi,14:00,15:00,Terrain ac280e48,60,54.0,dispo,True,2026-05-31 18:29,2026-05-31 18:29,2026-05-31 18:29
2026-06-05,Vendredi,14:00,15:00,Terrain db9df5dc,60,54.0,dispo,True,2026-05-31 18:29,2026-05-31 18:29,2026-05-31 18:29
2026-06-05,Vendredi,14:00,15:00,Terrain e9a9a453,60,40.0,dispo,True,2026-05-31 18:29,2026-05-31 18:29,2026-05-31 18:29
2026-06-05,Vendredi,14:00,15:00,Terrain ef842448,60,40.0,dispo,True,2026-05-31 18:29,2026-05-31 18:29,2026-05-31 18:29
2026-06-05,Vendredi,14:30,16:00,Terrain 3517c630,90,81.0,dispo,True,2026-05-31 18:29,2026-05-31 18:29,2026-05-31 18:29
2026-06-05,Vendredi,14:30,16:00,Terrain 81821ffc,90,81.0,dispo,True,2026-05-31 18:29,2026-05-31 18:29,2026-05-31 18:29
2026-06-05,Vendredi,15:00,16:00,Terrain 1623d87a,60,25.0,dispo,True,2026-05-31 18:29,2026-05-31 18:29,2026-05-31 18:29
2026-06-05,Vendredi,15:00,16:00,Terrain 2c18d1d9,60,25.0,dispo,True,2026-05-31 18:29,2026-05-31 18:29,2026-05-31 18:29
2026-06-05,Vendredi,15:00,16:00,Terrain 2e267263,60,25.0,dispo,True,2026-05-31 18:29,2026-05-31 18:29,2026-05-31 18:29
2026-06-05,Vendredi,15:00,16:00,Terrain 53b0cefd,60,54.0,dispo,True,2026-05-31 18:29,2026-05-31 18:29,2026-05-31 18:29
2026-06-05,Vendredi,15:00,16:00,Terrain 581b1057,60,40.0,dispo,True,2026-05-31 18:29,2026-05-31 18:29,2026-05-31 18:29
2026-06-05,Vendredi,15:00,16:00,Terrain 59f5c1cc,60,54.0,dispo,True,2026-05-31 18:29,2026-05-31 18:29,2026-05-31 18:29
2026-06-05,Vendredi,15:00,16:00,Terrain 69d293cc,60,25.0,dispo,True,2026-05-31 18:29,2026-05-31 18:29,2026-05-31 18:29
2026-06-05,Vendredi,15:00,16:00,Terrain 7b129f34,60,54.0,dispo,True,2026-05-31 18:29,2026-05-31 18:29,2026-05-31 18:29
2026-06-05,Vendredi,15:00,16:00,Terrain 921734ea,60,54.0,dispo,True,2026-05-31 18:29,2026-05-31 18:29,2026-05-31 18:29
2026-06-05,Vendredi,15:00,16:00,Terrain 94fca3b5,60,25.0,dispo,True,2026-05-31 18:29,2026-05-31 18:29,2026-05-31 18:29
2026-06-05,Vendredi,15:00,16:00,Terrain a62df697,60,25.0,dispo,True,2026-05-31 18:29,2026-05-31 18:29,2026-05-31 18:29
2026-06-05,Vendredi,15:00,16:00,Terrain aa8d8a07,60,40.0,dispo,True,2026-05-31 18:29,2026-05-31 18:29,2026-05-31 18:29
2026-06-05,Vendredi,15:00,16:00,Terrain ac280e48,60,54.0,dispo,True,2026-05-31 18:29,2026-05-31 18:29,2026-05-31 18:29
2026-06-05,Vendredi,15:00,16:00,Terrain db9df5dc,60,54.0,dispo,True,2026-05-31 18:29,2026-05-31 18:29,2026-05-31 18:29
2026-06-05,Vendredi,15:00,16:00,Terrain e9a9a453,60,40.0,dispo,True,2026-05-31 18:29,2026-05-31 18:29,2026-05-31 18:29
2026-06-05,Vendredi,15:00,16:00,Terrain ef842448,60,40.0,dispo,True,2026-05-31 18:29,2026-05-31 18:29,2026-05-31 18:29
2026-06-05,Vendredi,16:00,17:00,Terrain 1623d87a,60,25.0,dispo,True,2026-05-31 18:29,2026-05-31 18:29,2026-05-31 18:29
2026-06-05,Vendredi,16:00,17:00,Terrain 2c18d1d9,60,25.0,dispo,True,2026-05-31 18:29,2026-05-31 18:29,2026-05-31 18:29
2026-06-05,Vendredi,16:00,17:00,Terrain 2e267263,60,25.0,dispo,True,2026-05-31 18:29,2026-05-31 18:29,2026-05-31 18:29
2026-06-05,Vendredi,16:00,17:30,Terrain 3517c630,90,81.0,dispo,True,2026-05-31 18:29,2026-05-31 18:29,2026-05-31 18:29
2026-06-05,Vendredi,16:00,17:00,Terrain 53b0cefd,60,54.0,dispo,True,2026-05-31 18:29,2026-05-31 18:29,2026-05-31 18:29
2026-06-05,Vendredi,16:00,17:00,Terrain 581b1057,60,40.0,dispo,True,2026-05-31 18:29,2026-05-31 18:29,2026-05-31 18:29
2026-06-05,Vendredi,16:00,17:00,Terrain 59f5c1cc,60,54.0,dispo,True,2026-05-31 18:29,2026-05-31 18:29,2026-05-31 18:29
2026-06-05,Vendredi,16:00,17:00,Terrain 69d293cc,60,25.0,dispo,True,2026-05-31 18:29,2026-05-31 18:29,2026-05-31 18:29
2026-06-05,Vendredi,16:00,17:00,Terrain 7b129f34,60,54.0,dispo,True,2026-05-31 18:29,2026-05-31 18:29,2026-05-31 18:29
2026-06-05,Vendredi,16:00,17:30,Terrain 81821ffc,90,81.0,dispo,True,2026-05-31 18:29,2026-05-31 18:29,2026-05-31 18:29
2026-06-05,Vendredi,16:00,17:00,Terrain 921734ea,60,54.0,dispo,True,2026-05-31 18:29,2026-05-31 18:29,2026-05-31 18:29
2026-06-05,Vendredi,16:00,17:00,Terrain 94fca3b5,60,25.0,dispo,True,2026-05-31 18:29,2026-05-31 18:29,2026-05-31 18:29
2026-06-05,Vendredi,16:00,17:00,Terrain a115dc23,60,40.0,dispo,True,2026-05-31 18:29,2026-05-31 18:29,2026-05-31 18:29
2026-06-05,Vendredi,16:00,17:00,Terrain a62df697,60,25.0,dispo,True,2026-05-31 18:29,2026-05-31 18:29,2026-05-31 18:29
2026-06-05,Vendredi,16:00,17:00,Terrain aa8d8a07,60,40.0,dispo,True,2026-05-31 18:29,2026-05-31 18:29,2026-05-31 18:29
2026-06-05,Vendredi,16:00,17:00,Terrain ac280e48,60,54.0,dispo,True,2026-05-31 18:29,2026-05-31 18:29,2026-05-31 18:29
2026-06-05,Vendredi,16:00,17:00,Terrain db9df5dc,60,54.0,dispo,True,2026-05-31 18:29,2026-05-31 18:29,2026-05-31 18:29
2026-06-05,Vendredi,16:00,17:00,Terrain e9a9a453,60,40.0,dispo,True,2026-05-31 18:29,2026-05-31 18:29,2026-05-31 18:29
2026-06-05,Vendredi,16:00,17:00,Terrain ef842448,60,40.0,dispo,True,2026-05-31 18:29,2026-05-31 18:29,2026-05-31 18:29
2026-06-05,Vendredi,17:00,18:00,Terrain 1623d87a,60,25.0,dispo,True,2026-05-31 18:29,2026-05-31 18:29,2026-05-31 18:29
2026-06-05,Vendredi,17:00,18:00,Terrain 2c18d1d9,60,25.0,dispo,True,2026-05-31 18:29,2026-05-31 18:29,2026-05-31 18:29
2026-06-05,Vendredi,17:00,18:00,Terrain 2e267263,60,25.0,dispo,True,2026-05-31 18:29,2026-05-31 18:29,2026-05-31 18:29
2026-06-05,Vendredi,17:00,18:00,Terrain 53b0cefd,60,54.0,dispo,True,2026-05-31 18:29,2026-05-31 18:29,2026-05-31 18:29
2026-06-05,Vendredi,17:00,18:00,Terrain 581b1057,60,40.0,dispo,True,2026-05-31 18:29,2026-05-31 18:29,2026-05-31 18:29
2026-06-05,Vendredi,17:00,18:00,Terrain 59f5c1cc,60,54.0,dispo,True,2026-05-31 18:29,2026-05-31 18:29,2026-05-31 18:29
2026-06-05,Vendredi,17:00,18:00,Terrain 69d293cc,60,25.0,dispo,True,2026-05-31 18:29,2026-05-31 18:29,2026-05-31 18:29
2026-06-05,Vendredi,17:00,18:00,Terrain 7b129f34,60,54.0,dispo,True,2026-05-31 18:29,2026-05-31 18:29,2026-05-31 18:29
2026-06-05,Vendredi,17:00,18:00,Terrain 94fca3b5,60,25.0,dispo,True,2026-05-31 18:29,2026-05-31 18:29,2026-05-31 18:29
2026-06-05,Vendredi,17:00,18:00,Terrain a115dc23,60,40.0,dispo,True,2026-05-31 18:29,2026-05-31 18:29,2026-05-31 18:29
2026-06-05,Vendredi,17:00,18:00,Terrain a62df697,60,25.0,dispo,True,2026-05-31 18:29,2026-05-31 18:29,2026-05-31 18:29
2026-06-05,Vendredi,17:00,18:00,Terrain aa8d8a07,60,40.0,dispo,True,2026-05-31 18:29,2026-05-31 18:29,2026-05-31 18:29
2026-06-05,Vendredi,17:00,18:00,Terrain ac280e48,60,54.0,dispo,True,2026-05-31 18:29,2026-05-31 18:29,2026-05-31 18:29
2026-06-05,Vendredi,17:00,18:00,Terrain db9df5dc,60,54.0,dispo,True,2026-05-31 18:29,2026-05-31 18:29,2026-05-31 18:29
2026-06-05,Vendredi,17:00,18:00,Terrain e9a9a453,60,40.0,dispo,True,2026-05-31 18:29,2026-05-31 18:29,2026-05-31 18:29
2026-06-05,Vendredi,17:30,19:00,Terrain 3517c630,90,96.0,dispo,True,2026-05-31 18:29,2026-05-31 18:29,2026-05-31 18:29
2026-06-05,Vendredi,17:30,19:00,Terrain 81821ffc,90,96.0,dispo,True,2026-05-31 18:29,2026-05-31 18:29,2026-05-31 18:29
2026-06-05,Vendredi,18:00,19:00,Terrain 1623d87a,60,40.0,dispo,True,2026-05-31 18:29,2026-05-31 18:29,2026-05-31 18:29
2026-06-05,Vendredi,18:00,19:00,Terrain 2c18d1d9,60,40.0,dispo,True,2026-05-31 18:29,2026-05-31 18:29,2026-05-31 18:29
2026-06-05,Vendredi,18:00,19:00,Terrain 2e267263,60,40.0,dispo,True,2026-05-31 18:29,2026-05-31 18:29,2026-05-31 18:29
2026-06-05,Vendredi,18:00,19:00,Terrain 53b0cefd,60,64.0,dispo,True,2026-05-31 18:29,2026-05-31 18:29,2026-05-31 18:29
2026-06-05,Vendredi,18:00,19:00,Terrain 59f5c1cc,60,64.0,dispo,True,2026-05-31 18:29,2026-05-31 18:29,2026-05-31 18:29
2026-06-05,Vendredi,18:00,19:00,Terrain 69d293cc,60,40.0,dispo,True,2026-05-31 18:29,2026-05-31 18:29,2026-05-31 18:29
2026-06-05,Vendredi,18:00,19:00,Terrain 921734ea,60,64.0,dispo,True,2026-05-31 18:29,2026-05-31 18:29,2026-05-31 18:29
2026-06-05,Vendredi,18:00,19:00,Terrain 94fca3b5,60,40.0,dispo,True,2026-05-31 18:29,2026-05-31 18:29,2026-05-31 18:29
2026-06-05,Vendredi,18:00,19:00,Terrain a62df697,60,40.0,dispo,True,2026-05-31 18:29,2026-05-31 18:29,2026-05-31 18:29
2026-06-05,Vendredi,18:00,19:00,Terrain aa8d8a07,60,55.0,dispo,True,2026-05-31 18:29,2026-05-31 18:29,2026-05-31 18:29
2026-06-05,Vendredi,19:00,20:00,Terrain 1623d87a,60,40.0,dispo,True,2026-05-31 18:29,2026-05-31 18:29,2026-05-31 18:29
2026-06-05,Vendredi,19:00,20:00,Terrain 2c18d1d9,60,40.0,dispo,True,2026-05-31 18:29,2026-05-31 18:29,2026-05-31 18:29
2026-06-05,Vendredi,19:00,20:00,Terrain 2e267263,60,40.0,dispo,True,2026-05-31 18:29,2026-05-31 18:29,2026-05-31 18:29
2026-06-05,Vendredi,19:00,20:00,Terrain 53b0cefd,60,68.0,dispo,True,2026-05-31 18:29,2026-05-31 18:29,2026-05-31 18:29
2026-06-05,Vendredi,19:00,20:00,Terrain 59f5c1cc,60,68.0,dispo,True,2026-05-31 18:29,2026-05-31 18:29,2026-05-31 18:29
2026-06-05,Vendredi,19:00,20:00,Terrain 69d293cc,60,40.0,dispo,True,2026-05-31 18:29,2026-05-31 18:29,2026-05-31 18:29
2026-06-05,Vendredi,19:00,20:00,Terrain 94fca3b5,60,40.0,dispo,True,2026-05-31 18:29,2026-05-31 18:29,2026-05-31 18:29
2026-06-05,Vendredi,19:00,20:00,Terrain a62df697,60,40.0,dispo,True,2026-05-31 18:29,2026-05-31 18:29,2026-05-31 18:29
2026-06-05,Vendredi,19:00,20:00,Terrain aa8d8a07,60,60.0,dispo,True,2026-05-31 18:29,2026-05-31 18:29,2026-05-31 18:29
2026-06-05,Vendredi,20:00,21:00,Terrain 1623d87a,60,40.0,dispo,True,2026-05-31 18:29,2026-05-31 18:29,2026-05-31 18:29
2026-06-05,Vendredi,20:00,21:00,Terrain 2c18d1d9,60,40.0,dispo,True,2026-05-31 18:29,2026-05-31 18:29,2026-05-31 18:29
2026-06-05,Vendredi,20:00,21:00,Terrain 2e267263,60,40.0,dispo,True,2026-05-31 18:29,2026-05-31 18:29,2026-05-31 18:29
2026-06-05,Vendredi,20:00,21:00,Terrain 53b0cefd,60,68.0,dispo,True,2026-05-31 18:29,2026-05-31 18:29,2026-05-31 18:29
2026-06-05,Vendredi,20:00,21:00,Terrain 59f5c1cc,60,68.0,dispo,True,2026-05-31 18:29,2026-05-31 18:29,2026-05-31 18:29
2026-06-05,Vendredi,20:00,21:00,Terrain 69d293cc,60,40.0,dispo,True,2026-05-31 18:29,2026-05-31 18:29,2026-05-31 18:29
2026-06-05,Vendredi,20:00,21:00,Terrain 921734ea,60,68.0,dispo,True,2026-05-31 18:29,2026-05-31 18:29,2026-05-31 18:29
2026-06-05,Vendredi,20:00,21:00,Terrain 94fca3b5,60,40.0,dispo,True,2026-05-31 18:29,2026-05-31 18:29,2026-05-31 18:29
2026-06-05,Vendredi,20:00,21:00,Terrain a115dc23,60,60.0,dispo,True,2026-05-31 18:29,2026-05-31 18:29,2026-05-31 18:29
2026-06-05,Vendredi,20:00,21:00,Terrain a62df697,60,40.0,dispo,True,2026-05-31 18:29,2026-05-31 18:29,2026-05-31 18:29
2026-06-05,Vendredi,20:00,21:00,Terrain aa8d8a07,60,60.0,dispo,True,2026-05-31 18:29,2026-05-31 18:29,2026-05-31 18:29
2026-06-05,Vendredi,20:00,21:00,Terrain ac280e48,60,68.0,dispo,True,2026-05-31 18:29,2026-05-31 18:29,2026-05-31 18:29
2026-06-05,Vendredi,20:00,21:00,Terrain db9df5dc,60,68.0,dispo,True,2026-05-31 18:29,2026-05-31 18:29,2026-05-31 18:29
2026-06-05,Vendredi,20:00,21:00,Terrain e9a9a453,60,60.0,dispo,True,2026-05-31 18:29,2026-05-31 18:29,2026-05-31 18:29
2026-06-05,Vendredi,21:00,22:00,Terrain 1623d87a,60,40.0,dispo,True,2026-05-31 18:29,2026-05-31 18:29,2026-05-31 18:29
2026-06-05,Vendredi,21:00,22:00,Terrain 2c18d1d9,60,40.0,dispo,True,2026-05-31 18:29,2026-05-31 18:29,2026-05-31 18:29
2026-06-05,Vendredi,21:00,22:00,Terrain 2e267263,60,40.0,dispo,True,2026-05-31 18:29,2026-05-31 18:29,2026-05-31 18:29
2026-06-05,Vendredi,21:00,22:00,Terrain 53b0cefd,60,68.0,dispo,True,2026-05-31 18:29,2026-05-31 18:29,2026-05-31 18:29
2026-06-05,Vendredi,21:00,22:00,Terrain 59f5c1cc,60,68.0,dispo,True,2026-05-31 18:29,2026-05-31 18:29,2026-05-31 18:29
2026-06-05,Vendredi,21:00,22:00,Terrain 69d293cc,60,40.0,dispo,True,2026-05-31 18:29,2026-05-31 18:29,2026-05-31 18:29
2026-06-05,Vendredi,21:00,22:00,Terrain 7b129f34,60,68.0,dispo,True,2026-05-31 18:29,2026-05-31 18:29,2026-05-31 18:29
2026-06-05,Vendredi,21:00,22:00,Terrain 921734ea,60,68.0,dispo,True,2026-05-31 18:29,2026-05-31 18:29,2026-05-31 18:29
2026-06-05,Vendredi,21:00,22:00,Terrain 94fca3b5,60,40.0,dispo,True,2026-05-31 18:29,2026-05-31 18:29,2026-05-31 18:29
2026-06-05,Vendredi,21:00,22:00,Terrain a115dc23,60,60.0,dispo,True,2026-05-31 18:29,2026-05-31 18:29,2026-05-31 18:29
2026-06-05,Vendredi,21:00,22:00,Terrain a62df697,60,40.0,dispo,True,2026-05-31 18:29,2026-05-31 18:29,2026-05-31 18:29
2026-06-05,Vendredi,21:00,22:00,Terrain aa8d8a07,60,60.0,dispo,True,2026-05-31 18:29,2026-05-31 18:29,2026-05-31 18:29
2026-06-05,Vendredi,21:00,22:00,Terrain ac280e48,60,68.0,dispo,True,2026-05-31 18:29,2026-05-31 18:29,2026-05-31 18:29
2026-06-05,Vendredi,21:00,22:00,Terrain db9df5dc,60,68.0,dispo,True,2026-05-31 18:29,2026-05-31 18:29,2026-05-31 18:29
2026-06-05,Vendredi,21:00,22:00,Terrain e9a9a453,60,60.0,dispo,True,2026-05-31 18:29,2026-05-31 18:29,2026-05-31 18:29
2026-06-05,Vendredi,22:00,23:00,Terrain 1623d87a,60,25.0,dispo,True,2026-05-31 18:29,2026-05-31 18:29,2026-05-31 18:29
2026-06-05,Vendredi,22:00,23:00,Terrain 2c18d1d9,60,25.0,dispo,True,2026-05-31 18:29,2026-05-31 18:29,2026-05-31 18:29
2026-06-05,Vendredi,22:00,23:00,Terrain 2e267263,60,25.0,dispo,True,2026-05-31 18:29,2026-05-31 18:29,2026-05-31 18:29
2026-06-05,Vendredi,22:00,23:30,Terrain 3517c630,90,81.0,dispo,True,2026-05-31 18:29,2026-05-31 18:29,2026-05-31 18:29
2026-06-05,Vendredi,22:00,23:00,Terrain 53b0cefd,60,54.0,dispo,True,2026-05-31 18:29,2026-05-31 18:29,2026-05-31 18:29
2026-06-05,Vendredi,22:00,23:00,Terrain 581b1057,60,40.0,dispo,True,2026-05-31 18:29,2026-05-31 18:29,2026-05-31 18:29
2026-06-05,Vendredi,22:00,23:00,Terrain 59f5c1cc,60,54.0,dispo,True,2026-05-31 18:29,2026-05-31 18:29,2026-05-31 18:29
2026-06-05,Vendredi,22:00,23:00,Terrain 69d293cc,60,25.0,dispo,True,2026-05-31 18:29,2026-05-31 18:29,2026-05-31 18:29
2026-06-05,Vendredi,22:00,23:00,Terrain 7b129f34,60,54.0,dispo,True,2026-05-31 18:29,2026-05-31 18:29,2026-05-31 18:29
2026-06-05,Vendredi,22:00,23:30,Terrain 81821ffc,90,81.0,dispo,True,2026-05-31 18:29,2026-05-31 18:29,2026-05-31 18:29
2026-06-05,Vendredi,22:00,23:00,Terrain 921734ea,60,54.0,dispo,True,2026-05-31 18:29,2026-05-31 18:29,2026-05-31 18:29
2026-06-05,Vendredi,22:00,23:00,Terrain 94fca3b5,60,25.0,dispo,True,2026-05-31 18:29,2026-05-31 18:29,2026-05-31 18:29
2026-06-05,Vendredi,22:00,23:00,Terrain a115dc23,60,40.0,dispo,True,2026-05-31 18:29,2026-05-31 18:29,2026-05-31 18:29
2026-06-05,Vendredi,22:00,23:00,Terrain a62df697,60,25.0,dispo,True,2026-05-31 18:29,2026-05-31 18:29,2026-05-31 18:29
2026-06-05,Vendredi,22:00,23:00,Terrain ac280e48,60,54.0,dispo,True,2026-05-31 18:29,2026-05-31 18:29,2026-05-31 18:29
2026-06-05,Vendredi,22:00,23:00,Terrain db9df5dc,60,54.0,dispo,True,2026-05-31 18:29,2026-05-31 18:29,2026-05-31 18:29
2026-06-05,Vendredi,22:00,23:00,Terrain e9a9a453,60,40.0,dispo,True,2026-05-31 18:29,2026-05-31 18:29,2026-05-31 18:29
2026-06-05,Vendredi,22:00,23:00,Terrain ef842448,60,40.0,dispo,True,2026-05-31 18:29,2026-05-31 18:29,2026-05-31 18:29
2026-06-05,Vendredi,23:00,00:00,Terrain 1623d87a,60,25.0,dispo,True,2026-05-31 18:29,2026-05-31 18:29,2026-05-31 18:29
2026-06-05,Vendredi,23:00,00:00,Terrain 2c18d1d9,60,25.0,dispo,True,2026-05-31 18:29,2026-05-31 18:29,2026-05-31 18:29
2026-06-05,Vendredi,23:00,00:00,Terrain 2e267263,60,25.0,dispo,True,2026-05-31 18:29,2026-05-31 18:29,2026-05-31 18:29
2026-06-05,Vendredi,23:00,00:00,Terrain 53b0cefd,60,54.0,dispo,True,2026-05-31 18:29,2026-05-31 18:29,2026-05-31 18:29
2026-06-05,Vendredi,23:00,00:00,Terrain 581b1057,60,40.0,dispo,True,2026-05-31 18:29,2026-05-31 18:29,2026-05-31 18:29
2026-06-05,Vendredi,23:00,00:00,Terrain 59f5c1cc,60,54.0,dispo,True,2026-05-31 18:29,2026-05-31 18:29,2026-05-31 18:29
2026-06-05,Vendredi,23:00,00:00,Terrain 69d293cc,60,25.0,dispo,True,2026-05-31 18:29,2026-05-31 18:29,2026-05-31 18:29
2026-06-05,Vendredi,23:00,00:00,Terrain 7b129f34,60,54.0,dispo,True,2026-05-31 18:29,2026-05-31 18:29,2026-05-31 18:29
2026-06-05,Vendredi,23:00,00:00,Terrain 921734ea,60,54.0,dispo,True,2026-05-31 18:29,2026-05-31 18:29,2026-05-31 18:29
2026-06-05,Vendredi,23:00,00:00,Terrain 94fca3b5,60,25.0,dispo,True,2026-05-31 18:29,2026-05-31 18:29,2026-05-31 18:29
2026-06-05,Vendredi,23:00,00:00,Terrain a115dc23,60,40.0,dispo,True,2026-05-31 18:29,2026-05-31 18:29,2026-05-31 18:29
2026-06-05,Vendredi,23:00,00:00,Terrain a62df697,60,25.0,dispo,True,2026-05-31 18:29,2026-05-31 18:29,2026-05-31 18:29
2026-06-05,Vendredi,23:00,00:00,Terrain ac280e48,60,54.0,dispo,True,2026-05-31 18:29,2026-05-31 18:29,2026-05-31 18:29
2026-06-05,Vendredi,23:00,00:00,Terrain db9df5dc,60,54.0,dispo,True,2026-05-31 18:29,2026-05-31 18:29,2026-05-31 18:29
2026-06-05,Vendredi,23:00,00:00,Terrain e9a9a453,60,40.0,dispo,True,2026-05-31 18:29,2026-05-31 18:29,2026-05-31 18:29
2026-06-05,Vendredi,23:00,00:00,Terrain ef842448,60,40.0,dispo,True,2026-05-31 18:29,2026-05-31 18:29,2026-05-31 18:29
2026-06-05,Vendredi,23:30,01:00,Terrain 3517c630,90,81.0,dispo,True,2026-05-31 18:29,2026-05-31 18:29,2026-05-31 18:29
2026-06-05,Vendredi,23:30,01:00,Terrain 81821ffc,90,81.0,dispo,True,2026-05-31 18:29,2026-05-31 18:29,2026-05-31 18:29
2026-06-06,Samedi,00:00,01:00,Terrain 53b0cefd,60,54.0,dispo,True,2026-05-31 18:29,2026-05-31 18:29,2026-05-31 18:29
2026-06-06,Samedi,00:00,01:00,Terrain 59f5c1cc,60,54.0,dispo,True,2026-05-31 18:29,2026-05-31 18:29,2026-05-31 18:29
2026-06-06,Samedi,00:00,01:00,Terrain 7b129f34,60,54.0,dispo,True,2026-05-31 18:29,2026-05-31 18:29,2026-05-31 18:29
2026-06-06,Samedi,00:00,01:00,Terrain 921734ea,60,54.0,dispo,True,2026-05-31 18:29,2026-05-31 18:29,2026-05-31 18:29
2026-06-06,Samedi,00:00,01:00,Terrain ac280e48,60,54.0,dispo,True,2026-05-31 18:29,2026-05-31 18:29,2026-05-31 18:29
2026-06-06,Samedi,00:00,01:00,Terrain db9df5dc,60,54.0,dispo,True,2026-05-31 18:29,2026-05-31 18:29,2026-05-31 18:29
2026-06-06,Samedi,07:00,08:00,Terrain 1623d87a,60,25.0,dispo,True,2026-05-31 18:29,2026-05-31 18:29,2026-05-31 18:29
2026-06-06,Samedi,07:00,08:00,Terrain 2c18d1d9,60,25.0,dispo,True,2026-05-31 18:29,2026-05-31 18:29,2026-05-31 18:29
2026-06-06,Samedi,07:00,08:00,Terrain 2e267263,60,25.0,dispo,True,2026-05-31 18:29,2026-05-31 18:29,2026-05-31 18:29
2026-06-06,Samedi,07:00,08:30,Terrain 3517c630,90,81.0,dispo,True,2026-05-31 18:29,2026-05-31 18:29,2026-05-31 18:29
2026-06-06,Samedi,07:00,08:00,Terrain 53b0cefd,60,54.0,dispo,True,2026-05-31 18:29,2026-05-31 18:29,2026-05-31 18:29
2026-06-06,Samedi,07:00,08:00,Terrain 581b1057,60,40.0,dispo,True,2026-05-31 18:29,2026-05-31 18:29,2026-05-31 18:29
2026-06-06,Samedi,07:00,08:00,Terrain 59f5c1cc,60,54.0,dispo,True,2026-05-31 18:29,2026-05-31 18:29,2026-05-31 18:29
2026-06-06,Samedi,07:00,08:00,Terrain 69d293cc,60,25.0,dispo,True,2026-05-31 18:29,2026-05-31 18:29,2026-05-31 18:29
2026-06-06,Samedi,07:00,08:00,Terrain 7b129f34,60,54.0,dispo,True,2026-05-31 18:29,2026-05-31 18:29,2026-05-31 18:29
2026-06-06,Samedi,07:00,08:30,Terrain 81821ffc,90,81.0,dispo,True,2026-05-31 18:29,2026-05-31 18:29,2026-05-31 18:29
2026-06-06,Samedi,07:00,08:00,Terrain 921734ea,60,54.0,dispo,True,2026-05-31 18:29,2026-05-31 18:29,2026-05-31 18:29
2026-06-06,Samedi,07:00,08:00,Terrain 94fca3b5,60,25.0,dispo,True,2026-05-31 18:29,2026-05-31 18:29,2026-05-31 18:29
2026-06-06,Samedi,07:00,08:00,Terrain a115dc23,60,40.0,dispo,True,2026-05-31 18:29,2026-05-31 18:29,2026-05-31 18:29
2026-06-06,Samedi,07:00,08:00,Terrain a62df697,60,25.0,dispo,True,2026-05-31 18:29,2026-05-31 18:29,2026-05-31 18:29
2026-06-06,Samedi,07:00,08:00,Terrain aa8d8a07,60,40.0,dispo,True,2026-05-31 18:29,2026-05-31 18:29,2026-05-31 18:29
2026-06-06,Samedi,07:00,08:00,Terrain ac280e48,60,54.0,dispo,True,2026-05-31 18:29,2026-05-31 18:29,2026-05-31 18:29
2026-06-06,Samedi,07:00,08:00,Terrain db9df5dc,60,54.0,dispo,True,2026-05-31 18:29,2026-05-31 18:29,2026-05-31 18:29
2026-06-06,Samedi,07:00,08:00,Terrain ef842448,60,40.0,dispo,True,2026-05-31 18:29,2026-05-31 18:29,2026-05-31 18:29
2026-06-06,Samedi,08:00,09:00,Terrain 1623d87a,60,25.0,dispo,True,2026-05-31 18:29,2026-05-31 18:29,2026-05-31 18:29
2026-06-06,Samedi,08:00,09:00,Terrain 2c18d1d9,60,25.0,dispo,True,2026-05-31 18:29,2026-05-31 18:29,2026-05-31 18:29
2026-06-06,Samedi,08:00,09:00,Terrain 2e267263,60,25.0,dispo,True,2026-05-31 18:29,2026-05-31 18:29,2026-05-31 18:29
2026-06-06,Samedi,08:00,09:00,Terrain 53b0cefd,60,54.0,dispo,True,2026-05-31 18:29,2026-05-31 18:29,2026-05-31 18:29
2026-06-06,Samedi,08:00,09:00,Terrain 581b1057,60,40.0,dispo,True,2026-05-31 18:29,2026-05-31 18:29,2026-05-31 18:29
2026-06-06,Samedi,08:00,09:00,Terrain 59f5c1cc,60,54.0,dispo,True,2026-05-31 18:29,2026-05-31 18:29,2026-05-31 18:29
2026-06-06,Samedi,08:00,09:00,Terrain 69d293cc,60,25.0,dispo,True,2026-05-31 18:29,2026-05-31 18:29,2026-05-31 18:29
2026-06-06,Samedi,08:00,09:00,Terrain 7b129f34,60,54.0,dispo,True,2026-05-31 18:29,2026-05-31 18:29,2026-05-31 18:29
2026-06-06,Samedi,08:00,09:00,Terrain 921734ea,60,54.0,dispo,True,2026-05-31 18:29,2026-05-31 18:29,2026-05-31 18:29
2026-06-06,Samedi,08:00,09:00,Terrain 94fca3b5,60,25.0,dispo,True,2026-05-31 18:29,2026-05-31 18:29,2026-05-31 18:29
2026-06-06,Samedi,08:00,09:00,Terrain a115dc23,60,40.0,dispo,True,2026-05-31 18:29,2026-05-31 18:29,2026-05-31 18:29
2026-06-06,Samedi,08:00,09:00,Terrain a62df697,60,25.0,dispo,True,2026-05-31 18:29,2026-05-31 18:29,2026-05-31 18:29
2026-06-06,Samedi,08:00,09:00,Terrain aa8d8a07,60,40.0,dispo,True,2026-05-31 18:29,2026-05-31 18:29,2026-05-31 18:29
2026-06-06,Samedi,08:00,09:00,Terrain ac280e48,60,54.0,dispo,True,2026-05-31 18:29,2026-05-31 18:29,2026-05-31 18:29
2026-06-06,Samedi,08:00,09:00,Terrain db9df5dc,60,54.0,dispo,True,2026-05-31 18:29,2026-05-31 18:29,2026-05-31 18:29
2026-06-06,Samedi,08:30,10:00,Terrain 3517c630,90,81.0,dispo,True,2026-05-31 18:29,2026-05-31 18:29,2026-05-31 18:29
2026-06-06,Samedi,08:30,10:00,Terrain 81821ffc,90,81.0,dispo,True,2026-05-31 18:29,2026-05-31 18:29,2026-05-31 18:29
2026-06-06,Samedi,09:00,10:00,Terrain 1623d87a,60,40.0,dispo,True,2026-05-31 18:29,2026-05-31 18:29,2026-05-31 18:29
2026-06-06,Samedi,09:00,10:00,Terrain 2c18d1d9,60,40.0,dispo,True,2026-05-31 18:29,2026-05-31 18:29,2026-05-31 18:29
2026-06-06,Samedi,09:00,10:00,Terrain 2e267263,60,40.0,dispo,True,2026-05-31 18:29,2026-05-31 18:29,2026-05-31 18:29
2026-06-06,Samedi,09:00,10:00,Terrain 53b0cefd,60,64.0,dispo,True,2026-05-31 18:29,2026-05-31 18:29,2026-05-31 18:29
2026-06-06,Samedi,09:00,10:00,Terrain 59f5c1cc,60,64.0,dispo,True,2026-05-31 18:29,2026-05-31 18:29,2026-05-31 18:29
2026-06-06,Samedi,09:00,10:00,Terrain 69d293cc,60,40.0,dispo,True,2026-05-31 18:29,2026-05-31 18:29,2026-05-31 18:29
2026-06-06,Samedi,09:00,10:00,Terrain 7b129f34,60,64.0,dispo,True,2026-05-31 18:29,2026-05-31 18:29,2026-05-31 18:29
2026-06-06,Samedi,09:00,10:00,Terrain 921734ea,60,64.0,dispo,True,2026-05-31 18:29,2026-05-31 18:29,2026-05-31 18:29
2026-06-06,Samedi,09:00,10:00,Terrain 94fca3b5,60,40.0,dispo,True,2026-05-31 18:29,2026-05-31 18:29,2026-05-31 18:29
2026-06-06,Samedi,09:00,10:00,Terrain a62df697,60,40.0,dispo,True,2026-05-31 18:29,2026-05-31 18:29,2026-05-31 18:29
2026-06-06,Samedi,09:00,10:00,Terrain aa8d8a07,60,55.0,dispo,True,2026-05-31 18:29,2026-05-31 18:29,2026-05-31 18:29
2026-06-06,Samedi,09:00,10:00,Terrain ac280e48,60,64.0,dispo,True,2026-05-31 18:29,2026-05-31 18:29,2026-05-31 18:29
2026-06-06,Samedi,09:00,10:00,Terrain db9df5dc,60,64.0,dispo,True,2026-05-31 18:29,2026-05-31 18:29,2026-05-31 18:29
2026-06-06,Samedi,10:00,11:00,Terrain 1623d87a,60,40.0,dispo,True,2026-05-31 18:29,2026-05-31 18:29,2026-05-31 18:29
2026-06-06,Samedi,10:00,11:00,Terrain 2c18d1d9,60,40.0,dispo,True,2026-05-31 18:29,2026-05-31 18:29,2026-05-31 18:29
2026-06-06,Samedi,10:00,11:00,Terrain 2e267263,60,40.0,dispo,True,2026-05-31 18:29,2026-05-31 18:29,2026-05-31 18:29
2026-06-06,Samedi,10:00,11:00,Terrain 69d293cc,60,40.0,dispo,True,2026-05-31 18:29,2026-05-31 18:29,2026-05-31 18:29
2026-06-06,Samedi,10:00,11:00,Terrain 921734ea,60,68.0,dispo,True,2026-05-31 18:29,2026-05-31 18:29,2026-05-31 18:29
2026-06-06,Samedi,10:00,11:00,Terrain 94fca3b5,60,40.0,dispo,True,2026-05-31 18:29,2026-05-31 18:29,2026-05-31 18:29
2026-06-06,Samedi,10:00,11:00,Terrain a62df697,60,40.0,dispo,True,2026-05-31 18:29,2026-05-31 18:29,2026-05-31 18:29
2026-06-06,Samedi,10:00,11:00,Terrain aa8d8a07,60,60.0,dispo,True,2026-05-31 18:29,2026-05-31 18:29,2026-05-31 18:29
2026-06-06,Samedi,11:00,12:00,Terrain 1623d87a,60,40.0,dispo,True,2026-05-31 18:29,2026-05-31 18:29,2026-05-31 18:29
2026-06-06,Samedi,11:00,12:00,Terrain 2c18d1d9,60,40.0,dispo,True,2026-05-31 18:29,2026-05-31 18:29,2026-05-31 18:29
2026-06-06,Samedi,11:00,12:00,Terrain 2e267263,60,40.0,dispo,True,2026-05-31 18:29,2026-05-31 18:29,2026-05-31 18:29
2026-06-06,Samedi,11:00,12:00,Terrain 59f5c1cc,60,68.0,dispo,True,2026-05-31 18:29,2026-05-31 18:29,2026-05-31 18:29
2026-06-06,Samedi,11:00,12:00,Terrain 69d293cc,60,40.0,dispo,True,2026-05-31 18:29,2026-05-31 18:29,2026-05-31 18:29
2026-06-06,Samedi,11:00,12:00,Terrain 94fca3b5,60,40.0,dispo,True,2026-05-31 18:29,2026-05-31 18:29,2026-05-31 18:29
2026-06-06,Samedi,11:00,12:00,Terrain a115dc23,60,60.0,dispo,True,2026-05-31 18:29,2026-05-31 18:29,2026-05-31 18:29
2026-06-06,Samedi,11:00,12:00,Terrain a62df697,60,40.0,dispo,True,2026-05-31 18:29,2026-05-31 18:29,2026-05-31 18:29
2026-06-06,Samedi,11:00,12:00,Terrain aa8d8a07,60,60.0,dispo,True,2026-05-31 18:29,2026-05-31 18:29,2026-05-31 18:29
2026-06-06,Samedi,12:00,13:00,Terrain 1623d87a,60,40.0,dispo,True,2026-05-31 18:29,2026-05-31 18:29,2026-05-31 18:29
2026-06-06,Samedi,12:00,13:00,Terrain 2c18d1d9,60,40.0,dispo,True,2026-05-31 18:29,2026-05-31 18:29,2026-05-31 18:29
2026-06-06,Samedi,12:00,13:00,Terrain 2e267263,60,40.0,dispo,True,2026-05-31 18:29,2026-05-31 18:29,2026-05-31 18:29
2026-06-06,Samedi,12:00,13:00,Terrain 53b0cefd,60,68.0,dispo,True,2026-05-31 18:29,2026-05-31 18:29,2026-05-31 18:29
2026-06-06,Samedi,12:00,13:00,Terrain 59f5c1cc,60,68.0,dispo,True,2026-05-31 18:29,2026-05-31 18:29,2026-05-31 18:29
2026-06-06,Samedi,12:00,13:00,Terrain 69d293cc,60,40.0,dispo,True,2026-05-31 18:29,2026-05-31 18:29,2026-05-31 18:29
2026-06-06,Samedi,12:00,13:00,Terrain 921734ea,60,68.0,dispo,True,2026-05-31 18:29,2026-05-31 18:29,2026-05-31 18:29
2026-06-06,Samedi,12:00,13:00,Terrain 94fca3b5,60,40.0,dispo,True,2026-05-31 18:29,2026-05-31 18:29,2026-05-31 18:29
2026-06-06,Samedi,12:00,13:00,Terrain a62df697,60,40.0,dispo,True,2026-05-31 18:29,2026-05-31 18:29,2026-05-31 18:29
2026-06-06,Samedi,12:00,13:00,Terrain aa8d8a07,60,60.0,dispo,True,2026-05-31 18:29,2026-05-31 18:29,2026-05-31 18:29
2026-06-06,Samedi,12:00,13:00,Terrain db9df5dc,60,68.0,dispo,True,2026-05-31 18:29,2026-05-31 18:29,2026-05-31 18:29
2026-06-06,Samedi,13:00,14:00,Terrain 1623d87a,60,40.0,dispo,True,2026-05-31 18:29,2026-05-31 18:29,2026-05-31 18:29
2026-06-06,Samedi,13:00,14:00,Terrain 2c18d1d9,60,40.0,dispo,True,2026-05-31 18:29,2026-05-31 18:29,2026-05-31 18:29
2026-06-06,Samedi,13:00,14:00,Terrain 2e267263,60,40.0,dispo,True,2026-05-31 18:29,2026-05-31 18:29,2026-05-31 18:29
2026-06-06,Samedi,13:00,14:00,Terrain 53b0cefd,60,68.0,dispo,True,2026-05-31 18:29,2026-05-31 18:29,2026-05-31 18:29
2026-06-06,Samedi,13:00,14:00,Terrain 59f5c1cc,60,68.0,dispo,True,2026-05-31 18:29,2026-05-31 18:29,2026-05-31 18:29
2026-06-06,Samedi,13:00,14:00,Terrain 69d293cc,60,40.0,dispo,True,2026-05-31 18:29,2026-05-31 18:29,2026-05-31 18:29
2026-06-06,Samedi,13:00,14:00,Terrain 921734ea,60,68.0,dispo,True,2026-05-31 18:29,2026-05-31 18:29,2026-05-31 18:29
2026-06-06,Samedi,13:00,14:00,Terrain 94fca3b5,60,40.0,dispo,True,2026-05-31 18:29,2026-05-31 18:29,2026-05-31 18:29
2026-06-06,Samedi,13:00,14:00,Terrain a62df697,60,40.0,dispo,True,2026-05-31 18:29,2026-05-31 18:29,2026-05-31 18:29
2026-06-06,Samedi,13:00,14:00,Terrain aa8d8a07,60,60.0,dispo,True,2026-05-31 18:29,2026-05-31 18:29,2026-05-31 18:29
2026-06-06,Samedi,13:00,14:00,Terrain ac280e48,60,68.0,dispo,True,2026-05-31 18:29,2026-05-31 18:29,2026-05-31 18:29
2026-06-06,Samedi,13:00,14:00,Terrain db9df5dc,60,68.0,dispo,True,2026-05-31 18:29,2026-05-31 18:29,2026-05-31 18:29
2026-06-06,Samedi,14:00,15:00,Terrain 1623d87a,60,40.0,dispo,True,2026-05-31 18:29,2026-05-31 18:29,2026-05-31 18:29
2026-06-06,Samedi,14:00,15:00,Terrain 2c18d1d9,60,40.0,dispo,True,2026-05-31 18:29,2026-05-31 18:29,2026-05-31 18:29
2026-06-06,Samedi,14:00,15:00,Terrain 2e267263,60,40.0,dispo,True,2026-05-31 18:29,2026-05-31 18:29,2026-05-31 18:29
2026-06-06,Samedi,14:00,15:00,Terrain 59f5c1cc,60,68.0,dispo,True,2026-05-31 18:29,2026-05-31 18:29,2026-05-31 18:29
2026-06-06,Samedi,14:00,15:00,Terrain 69d293cc,60,40.0,dispo,True,2026-05-31 18:29,2026-05-31 18:29,2026-05-31 18:29
2026-06-06,Samedi,14:00,15:00,Terrain 921734ea,60,68.0,dispo,True,2026-05-31 18:29,2026-05-31 18:29,2026-05-31 18:29
2026-06-06,Samedi,14:00,15:00,Terrain 94fca3b5,60,40.0,dispo,True,2026-05-31 18:29,2026-05-31 18:29,2026-05-31 18:29
2026-06-06,Samedi,14:00,15:00,Terrain a62df697,60,40.0,dispo,True,2026-05-31 18:29,2026-05-31 18:29,2026-05-31 18:29
2026-06-06,Samedi,14:00,15:00,Terrain aa8d8a07,60,60.0,dispo,True,2026-05-31 18:29,2026-05-31 18:29,2026-05-31 18:29
2026-06-06,Samedi,14:00,15:00,Terrain ac280e48,60,68.0,dispo,True,2026-05-31 18:29,2026-05-31 18:29,2026-05-31 18:29
2026-06-06,Samedi,14:00,15:00,Terrain db9df5dc,60,68.0,dispo,True,2026-05-31 18:29,2026-05-31 18:29,2026-05-31 18:29
2026-06-06,Samedi,14:00,15:00,Terrain e9a9a453,60,60.0,dispo,True,2026-05-31 18:29,2026-05-31 18:29,2026-05-31 18:29
2026-06-06,Samedi,14:30,16:00,Terrain 3517c630,90,102.0,dispo,True,2026-05-31 18:29,2026-05-31 18:29,2026-05-31 18:29
2026-06-06,Samedi,14:30,16:00,Terrain 81821ffc,90,102.0,dispo,True,2026-05-31 18:29,2026-05-31 18:29,2026-05-31 18:29
2026-06-06,Samedi,15:00,16:00,Terrain 1623d87a,60,40.0,dispo,True,2026-05-31 18:29,2026-05-31 18:29,2026-05-31 18:29
2026-06-06,Samedi,15:00,16:00,Terrain 2c18d1d9,60,40.0,dispo,True,2026-05-31 18:29,2026-05-31 18:29,2026-05-31 18:29
2026-06-06,Samedi,15:00,16:00,Terrain 2e267263,60,40.0,dispo,True,2026-05-31 18:29,2026-05-31 18:29,2026-05-31 18:29
2026-06-06,Samedi,15:00,16:00,Terrain 59f5c1cc,60,68.0,dispo,True,2026-05-31 18:29,2026-05-31 18:29,2026-05-31 18:29
2026-06-06,Samedi,15:00,16:00,Terrain 69d293cc,60,40.0,dispo,True,2026-05-31 18:29,2026-05-31 18:29,2026-05-31 18:29
2026-06-06,Samedi,15:00,16:00,Terrain 7b129f34,60,68.0,dispo,True,2026-05-31 18:29,2026-05-31 18:29,2026-05-31 18:29
2026-06-06,Samedi,15:00,16:00,Terrain 921734ea,60,68.0,dispo,True,2026-05-31 18:29,2026-05-31 18:29,2026-05-31 18:29
2026-06-06,Samedi,15:00,16:00,Terrain 94fca3b5,60,40.0,dispo,True,2026-05-31 18:29,2026-05-31 18:29,2026-05-31 18:29
2026-06-06,Samedi,15:00,16:00,Terrain a62df697,60,40.0,dispo,True,2026-05-31 18:29,2026-05-31 18:29,2026-05-31 18:29
2026-06-06,Samedi,15:00,16:00,Terrain aa8d8a07,60,60.0,dispo,True,2026-05-31 18:29,2026-05-31 18:29,2026-05-31 18:29
2026-06-06,Samedi,15:00,16:00,Terrain ac280e48,60,68.0,dispo,True,2026-05-31 18:29,2026-05-31 18:29,2026-05-31 18:29
2026-06-06,Samedi,15:00,16:00,Terrain db9df5dc,60,68.0,dispo,True,2026-05-31 18:29,2026-05-31 18:29,2026-05-31 18:29
2026-06-06,Samedi,15:00,16:00,Terrain e9a9a453,60,60.0,dispo,True,2026-05-31 18:29,2026-05-31 18:29,2026-05-31 18:29
2026-06-06,Samedi,16:00,17:00,Terrain 1623d87a,60,40.0,dispo,True,2026-05-31 18:29,2026-05-31 18:29,2026-05-31 18:29
2026-06-06,Samedi,16:00,17:00,Terrain 2c18d1d9,60,40.0,dispo,True,2026-05-31 18:29,2026-05-31 18:29,2026-05-31 18:29
2026-06-06,Samedi,16:00,17:00,Terrain 2e267263,60,40.0,dispo,True,2026-05-31 18:29,2026-05-31 18:29,2026-05-31 18:29
2026-06-06,Samedi,16:00,17:00,Terrain 59f5c1cc,60,68.0,dispo,True,2026-05-31 18:29,2026-05-31 18:29,2026-05-31 18:29
2026-06-06,Samedi,16:00,17:00,Terrain 69d293cc,60,40.0,dispo,True,2026-05-31 18:29,2026-05-31 18:29,2026-05-31 18:29
2026-06-06,Samedi,16:00,17:00,Terrain 7b129f34,60,68.0,dispo,True,2026-05-31 18:29,2026-05-31 18:29,2026-05-31 18:29
2026-06-06,Samedi,16:00,17:30,Terrain 81821ffc,90,102.0,dispo,True,2026-05-31 18:29,2026-05-31 18:29,2026-05-31 18:29
2026-06-06,Samedi,16:00,17:00,Terrain 921734ea,60,68.0,dispo,True,2026-05-31 18:29,2026-05-31 18:29,2026-05-31 18:29
2026-06-06,Samedi,16:00,17:00,Terrain 94fca3b5,60,40.0,dispo,True,2026-05-31 18:29,2026-05-31 18:29,2026-05-31 18:29
2026-06-06,Samedi,16:00,17:00,Terrain a62df697,60,40.0,dispo,True,2026-05-31 18:29,2026-05-31 18:29,2026-05-31 18:29
2026-06-06,Samedi,16:00,17:00,Terrain aa8d8a07,60,60.0,dispo,True,2026-05-31 18:29,2026-05-31 18:29,2026-05-31 18:29
2026-06-06,Samedi,16:00,17:00,Terrain ac280e48,60,68.0,dispo,True,2026-05-31 18:29,2026-05-31 18:29,2026-05-31 18:29
2026-06-06,Samedi,16:00,17:00,Terrain db9df5dc,60,68.0,dispo,True,2026-05-31 18:29,2026-05-31 18:29,2026-05-31 18:29
2026-06-06,Samedi,17:00,18:00,Terrain 1623d87a,60,40.0,dispo,True,2026-05-31 18:29,2026-05-31 18:29,2026-05-31 18:29
2026-06-06,Samedi,17:00,18:00,Terrain 2c18d1d9,60,40.0,dispo,True,2026-05-31 18:29,2026-05-31 18:29,2026-05-31 18:29
2026-06-06,Samedi,17:00,18:00,Terrain 2e267263,60,40.0,dispo,True,2026-05-31 18:29,2026-05-31 18:29,2026-05-31 18:29
2026-06-06,Samedi,17:00,18:00,Terrain 59f5c1cc,60,68.0,dispo,True,2026-05-31 18:29,2026-05-31 18:29,2026-05-31 18:29
2026-06-06,Samedi,17:00,18:00,Terrain 69d293cc,60,40.0,dispo,True,2026-05-31 18:29,2026-05-31 18:29,2026-05-31 18:29
2026-06-06,Samedi,17:00,18:00,Terrain 921734ea,60,68.0,dispo,True,2026-05-31 18:29,2026-05-31 18:29,2026-05-31 18:29
2026-06-06,Samedi,17:00,18:00,Terrain 94fca3b5,60,40.0,dispo,True,2026-05-31 18:29,2026-05-31 18:29,2026-05-31 18:29
2026-06-06,Samedi,17:00,18:00,Terrain a115dc23,60,60.0,dispo,True,2026-05-31 18:29,2026-05-31 18:29,2026-05-31 18:29
2026-06-06,Samedi,17:00,18:00,Terrain a62df697,60,40.0,dispo,True,2026-05-31 18:29,2026-05-31 18:29,2026-05-31 18:29
2026-06-06,Samedi,17:00,18:00,Terrain aa8d8a07,60,60.0,dispo,True,2026-05-31 18:29,2026-05-31 18:29,2026-05-31 18:29
2026-06-06,Samedi,17:00,18:00,Terrain ac280e48,60,68.0,dispo,True,2026-05-31 18:29,2026-05-31 18:29,2026-05-31 18:29
2026-06-06,Samedi,17:00,18:00,Terrain db9df5dc,60,68.0,dispo,True,2026-05-31 18:29,2026-05-31 18:29,2026-05-31 18:29
2026-06-06,Samedi,17:00,18:00,Terrain e9a9a453,60,60.0,dispo,True,2026-05-31 18:29,2026-05-31 18:29,2026-05-31 18:29
2026-06-06,Samedi,17:30,19:00,Terrain 3517c630,90,102.0,dispo,True,2026-05-31 18:29,2026-05-31 18:29,2026-05-31 18:29
2026-06-06,Samedi,17:30,19:00,Terrain 81821ffc,90,102.0,dispo,True,2026-05-31 18:29,2026-05-31 18:29,2026-05-31 18:29
2026-06-06,Samedi,18:00,19:00,Terrain 1623d87a,60,40.0,dispo,True,2026-05-31 18:29,2026-05-31 18:29,2026-05-31 18:29
2026-06-06,Samedi,18:00,19:00,Terrain 2c18d1d9,60,40.0,dispo,True,2026-05-31 18:29,2026-05-31 18:29,2026-05-31 18:29
2026-06-06,Samedi,18:00,19:00,Terrain 2e267263,60,40.0,dispo,True,2026-05-31 18:29,2026-05-31 18:29,2026-05-31 18:29
2026-06-06,Samedi,18:00,19:00,Terrain 59f5c1cc,60,68.0,dispo,True,2026-05-31 18:29,2026-05-31 18:29,2026-05-31 18:29
2026-06-06,Samedi,18:00,19:00,Terrain 69d293cc,60,40.0,dispo,True,2026-05-31 18:29,2026-05-31 18:29,2026-05-31 18:29
2026-06-06,Samedi,18:00,19:00,Terrain 921734ea,60,68.0,dispo,True,2026-05-31 18:29,2026-05-31 18:29,2026-05-31 18:29
2026-06-06,Samedi,18:00,19:00,Terrain 94fca3b5,60,40.0,dispo,True,2026-05-31 18:29,2026-05-31 18:29,2026-05-31 18:29
2026-06-06,Samedi,18:00,19:00,Terrain a115dc23,60,60.0,dispo,True,2026-05-31 18:29,2026-05-31 18:29,2026-05-31 18:29
2026-06-06,Samedi,18:00,19:00,Terrain a62df697,60,40.0,dispo,True,2026-05-31 18:29,2026-05-31 18:29,2026-05-31 18:29
2026-06-06,Samedi,18:00,19:00,Terrain aa8d8a07,60,60.0,dispo,True,2026-05-31 18:29,2026-05-31 18:29,2026-05-31 18:29
2026-06-06,Samedi,18:00,19:00,Terrain ac280e48,60,68.0,dispo,True,2026-05-31 18:29,2026-05-31 18:29,2026-05-31 18:29
2026-06-06,Samedi,18:00,19:00,Terrain db9df5dc,60,68.0,dispo,True,2026-05-31 18:29,2026-05-31 18:29,2026-05-31 18:29
2026-06-06,Samedi,18:00,19:00,Terrain e9a9a453,60,60.0,dispo,True,2026-05-31 18:29,2026-05-31 18:29,2026-05-31 18:29
2026-06-06,Samedi,19:00,20:00,Terrain 1623d87a,60,40.0,dispo,True,2026-05-31 18:29,2026-05-31 18:29,2026-05-31 18:29
2026-06-06,Samedi,19:00,20:00,Terrain 2c18d1d9,60,40.0,dispo,True,2026-05-31 18:29,2026-05-31 18:29,2026-05-31 18:29
2026-06-06,Samedi,19:00,20:00,Terrain 2e267263,60,40.0,dispo,True,2026-05-31 18:29,2026-05-31 18:29,2026-05-31 18:29
2026-06-06,Samedi,19:00,20:30,Terrain 3517c630,90,96.0,dispo,True,2026-05-31 18:29,2026-05-31 18:29,2026-05-31 18:29
2026-06-06,Samedi,19:00,20:00,Terrain 53b0cefd,60,64.0,dispo,True,2026-05-31 18:29,2026-05-31 18:29,2026-05-31 18:29
2026-06-06,Samedi,19:00,20:00,Terrain 581b1057,60,55.0,dispo,True,2026-05-31 18:29,2026-05-31 18:29,2026-05-31 18:29
2026-06-06,Samedi,19:00,20:00,Terrain 59f5c1cc,60,64.0,dispo,True,2026-05-31 18:29,2026-05-31 18:29,2026-05-31 18:29
2026-06-06,Samedi,19:00,20:00,Terrain 69d293cc,60,40.0,dispo,True,2026-05-31 18:29,2026-05-31 18:29,2026-05-31 18:29
2026-06-06,Samedi,19:00,20:00,Terrain 7b129f34,60,64.0,dispo,True,2026-05-31 18:29,2026-05-31 18:29,2026-05-31 18:29
2026-06-06,Samedi,19:00,20:30,Terrain 81821ffc,90,96.0,dispo,True,2026-05-31 18:29,2026-05-31 18:29,2026-05-31 18:29
2026-06-06,Samedi,19:00,20:00,Terrain 921734ea,60,64.0,dispo,True,2026-05-31 18:29,2026-05-31 18:29,2026-05-31 18:29
2026-06-06,Samedi,19:00,20:00,Terrain 94fca3b5,60,40.0,dispo,True,2026-05-31 18:29,2026-05-31 18:29,2026-05-31 18:29
2026-06-06,Samedi,19:00,20:00,Terrain a115dc23,60,55.0,dispo,True,2026-05-31 18:29,2026-05-31 18:29,2026-05-31 18:29
2026-06-06,Samedi,19:00,20:00,Terrain a62df697,60,40.0,dispo,True,2026-05-31 18:29,2026-05-31 18:29,2026-05-31 18:29
2026-06-06,Samedi,19:00,20:00,Terrain aa8d8a07,60,55.0,dispo,True,2026-05-31 18:29,2026-05-31 18:29,2026-05-31 18:29
2026-06-06,Samedi,19:00,20:00,Terrain ac280e48,60,64.0,dispo,True,2026-05-31 18:29,2026-05-31 18:29,2026-05-31 18:29
2026-06-06,Samedi,19:00,20:00,Terrain db9df5dc,60,64.0,dispo,True,2026-05-31 18:29,2026-05-31 18:29,2026-05-31 18:29
2026-06-06,Samedi,19:00,20:00,Terrain e9a9a453,60,55.0,dispo,True,2026-05-31 18:29,2026-05-31 18:29,2026-05-31 18:29
