date,jour,heure,fin,lieu,cours,coach,capacite,presents,finie,releve
2026-05-28,Jeudi,07:15,08:05,STUDIO REFORMER - Paris République,REFORMER,Leane AMRAM,12,0,True,2026-05-31 23:54
2026-05-28,Jeudi,07:30,08:30,STUDIO SKILL-ATHLETX - Neuilly,OPEN GYM (entraînement en accès libre),Open Gym,10,0,True,2026-05-31 23:54
2026-05-28,Jeudi,07:30,08:20,STUDIO TOTAL HYROX - Neuilly,TOTAL HYROX,Mehdi El Ouariachi,24,10,True,2026-05-31 23:54
2026-05-28,Jeudi,07:30,08:20,STUDIO TOTAL HYROX - Paris République,TOTAL HYROX,Alexandre Creantor-Cafournet,24,0,True,2026-05-31 23:54
2026-05-28,Jeudi,08:15,09:05,STUDIO REFORMER - Paris République,REFORMER,Leane AMRAM,12,0,True,2026-05-31 23:54
2026-05-28,Jeudi,08:30,09:30,STUDIO SKILL-ATHLETX - Neuilly,OPEN GYM (entraînement en accès libre),Open Gym,10,2,True,2026-05-31 23:54
2026-05-28,Jeudi,09:00,09:50,STUDIO REFORMER - Neuilly,REFORMER,Laura Jullien,15,15,True,2026-05-31 23:54
2026-05-28,Jeudi,09:30,10:30,STUDIO SKILL-ATHLETX - Neuilly,OPEN GYM (entraînement en accès libre),Open Gym,10,1,True,2026-05-31 23:54
2026-05-28,Jeudi,10:00,10:50,STUDIO REFORMER - Neuilly,REFORMER,Laura Jullien,15,9,True,2026-05-31 23:54
2026-05-28,Jeudi,10:30,11:30,STUDIO SKILL-ATHLETX - Neuilly,OPEN GYM (entraînement en accès libre),Open Gym,10,0,True,2026-05-31 23:54
2026-05-28,Jeudi,10:45,11:45,STUDIO SKILL-ATHLETX - Neuilly,OPEN GYM (entraînement en accès libre),Open Gym,10,0,True,2026-05-31 23:54
2026-05-28,Jeudi,12:00,12:45,STUDIO STRETCHING - Neuilly,REFORMER,Coraline Moinat,15,14,True,2026-05-31 23:54
2026-05-28,Jeudi,12:00,12:45,STUDIO TOTAL HYROX - Neuilly,TOTAL HYROX,Mehdi El Ouariachi,24,13,True,2026-05-31 23:54
2026-05-28,Jeudi,12:15,13:05,STUDIO TOTAL HYROX - Paris République,TOTAL HYROX,Marcus Feliho,24,0,True,2026-05-31 23:54
2026-05-28,Jeudi,12:30,13:20,STUDIO BOOTCAMP - Neuilly,BOOT CAMP,Laura Jullien,40,16,True,2026-05-31 23:54
2026-05-28,Jeudi,12:30,13:20,STUDIO BOOTCAMP - Paris République,BOOT CAMP,Lola millerot,36,8,True,2026-05-31 23:54
2026-05-28,Jeudi,12:30,13:20,STUDIO REFORMER - Paris République,REFORMER,Margot Moittie,12,4,True,2026-05-31 23:54
2026-05-28,Jeudi,12:30,13:15,STUDIO X-BIKE - Neuilly,X-BIKE,Lola millerot,15,0,True,2026-05-31 23:54
2026-05-28,Jeudi,12:45,13:40,STUDIO LIFT ATHLETX - Neuilly,LIFT ATHLETX,Mehdi El Ouariachi,16,9,True,2026-05-31 23:54
2026-05-28,Jeudi,12:45,13:30,STUDIO REFORMER - Neuilly,REFORMER RESET,Coraline Moinat,15,11,True,2026-05-31 23:54
2026-05-28,Jeudi,14:00,15:00,STUDIO SKILL-ATHLETX - Neuilly,OPEN GYM (entraînement en accès libre),Open Gym,10,3,True,2026-05-31 23:54
2026-05-28,Jeudi,15:00,16:00,ATHLETX REBEL - Neuilly,OPEN GYM (entraînement en accès libre),Open Gym,10,0,True,2026-05-31 23:54
2026-05-28,Jeudi,15:00,16:00,STUDIO SKILL-ATHLETX - Neuilly,OPEN GYM (entraînement en accès libre),Open Gym,10,0,True,2026-05-31 23:54
2026-05-28,Jeudi,16:00,17:00,ATHLETX REBEL - Neuilly,OPEN GYM (entraînement en accès libre),Open Gym,10,0,True,2026-05-31 23:54
2026-05-28,Jeudi,16:00,17:00,STUDIO SKILL-ATHLETX - Neuilly,OPEN GYM (entraînement en accès libre),Open Gym,10,0,True,2026-05-31 23:54
2026-05-28,Jeudi,17:00,17:50,STUDIO REFORMER - Neuilly,REFORMER,Camille  Tykoczinsky,15,0,True,2026-05-31 23:54
2026-05-28,Jeudi,17:00,17:50,STUDIO REFORMER - Neuilly,REFORMER,Berkane Carolann,15,0,True,2026-05-31 23:54
2026-05-28,Jeudi,17:00,18:00,STUDIO SKILL-ATHLETX - Neuilly,OPEN GYM (entraînement en accès libre),Open Gym,10,3,True,2026-05-31 23:54
2026-05-28,Jeudi,18:00,18:50,STUDIO REFORMER - Neuilly,REFORMER,Marie  Clément ,15,13,True,2026-05-31 23:54
2026-05-28,Jeudi,18:00,18:50,STUDIO REFORMER - Paris République,REFORMER,Chloé CASPAR,12,4,True,2026-05-31 23:54
2026-05-28,Jeudi,18:15,19:05,STUDIO REFORMER - Paris République,REFORMER,Marie  Clément ,12,0,True,2026-05-31 23:54
2026-05-28,Jeudi,18:30,19:20,STUDIO BOOTCAMP - Paris République,BOOT CAMP,Marcus Feliho,36,0,True,2026-05-31 23:54
2026-05-28,Jeudi,18:30,19:25,STUDIO TOTAL HYROX - Neuilly,TOTAL HYROX,Elodie Baudin,24,12,True,2026-05-31 23:54
2026-05-28,Jeudi,18:30,19:20,STUDIO TOTAL HYROX - Paris République,TOTAL HYROX,Marcus Feliho,24,9,True,2026-05-31 23:54
2026-05-28,Jeudi,18:30,19:20,STUDIO X-BIKE - Neuilly,X-BIKE,William Pamfile,15,5,True,2026-05-31 23:54
2026-05-28,Jeudi,19:00,19:50,STUDIO REFORMER - Neuilly,REFORMER,Marie  Clément ,15,14,True,2026-05-31 23:54
2026-05-28,Jeudi,19:00,19:50,STUDIO REFORMER - Paris République,REFORMER,Chloé CASPAR,12,9,True,2026-05-31 23:54
2026-05-28,Jeudi,19:15,20:05,STUDIO REFORMER - Paris République,REFORMER,Marie  Clément ,12,0,True,2026-05-31 23:54
2026-05-28,Jeudi,19:30,20:20,STUDIO BOOTCAMP - Neuilly,BOOT CAMP,Enzo Pichon,40,25,True,2026-05-31 23:54
2026-05-28,Jeudi,19:30,20:20,STUDIO BOOTCAMP - Paris République,BOOT CAMP,Marcus Feliho,36,10,True,2026-05-31 23:54
2026-05-28,Jeudi,19:30,20:30,STUDIO LIFT ATHLETX - Neuilly,LIFT ATHLETX,Elodie Baudin,16,14,True,2026-05-31 23:54
2026-05-28,Jeudi,20:00,20:50,STUDIO REFORMER - Neuilly,REFORMER,Marie  Clément ,15,14,True,2026-05-31 23:54
2026-05-28,Jeudi,20:00,20:50,STUDIO REFORMER - Paris République,REFORMER,Chloé CASPAR,12,3,True,2026-05-31 23:54
2026-05-29,Vendredi,07:30,08:20,STUDIO BOOTCAMP - Neuilly,BOOT CAMP,Marcus Feliho,32,0,True,2026-06-01 23:11
2026-05-29,Vendredi,07:30,08:20,STUDIO REFORMER - Neuilly,REFORMER,Ava Achouche,15,4,True,2026-06-01 23:11
2026-05-29,Vendredi,07:30,08:20,STUDIO REFORMER - Paris République,REFORMER,Marie  Clément ,12,0,True,2026-06-01 23:11
2026-05-29,Vendredi,07:30,08:30,STUDIO SKILL-ATHLETX - Neuilly,OPEN GYM (entraînement en accès libre),Open Gym,10,1,True,2026-06-01 23:11
2026-05-29,Vendredi,08:00,08:45,STUDIO SKILL-ATHLETX - Neuilly,OPEN GYM (entraînement en accès libre),Open Gym,10,0,True,2026-06-01 23:11
2026-05-29,Vendredi,08:00,08:50,STUDIO TOTAL HYROX - Paris République,TOTAL HYROX,Marcus Feliho,24,0,True,2026-06-01 23:11
2026-05-29,Vendredi,08:45,09:35,STUDIO REFORMER - Neuilly,REFORMER RESET,Ava Achouche,15,3,True,2026-06-01 23:11
2026-05-29,Vendredi,09:00,09:50,ATHLETX REBEL - Neuilly,ABS & ASS,Coraline Moinat,16,14,True,2026-06-01 23:11
2026-05-29,Vendredi,10:00,11:00,STUDIO SKILL-ATHLETX - Neuilly,OPEN GYM (entraînement en accès libre),Open Gym,10,0,True,2026-06-01 23:11
2026-05-29,Vendredi,10:45,11:35,STUDIO REFORMER - Neuilly,REFORMER,Ava Achouche,15,12,True,2026-06-01 23:11
2026-05-29,Vendredi,11:00,12:00,STUDIO SKILL-ATHLETX - Neuilly,OPEN GYM (entraînement en accès libre),Open Gym,10,1,True,2026-06-01 23:11
2026-05-29,Vendredi,11:15,12:05,STUDIO REFORMER - Paris République,REFORMER,Curtis Arthur,12,3,True,2026-06-01 23:11
2026-05-29,Vendredi,12:00,12:45,STUDIO SKILL-ATHLETX - Neuilly,SKILL ATHLETX,Jessica Sanki,16,12,True,2026-06-01 23:11
2026-05-29,Vendredi,12:00,12:45,STUDIO TOTAL HYROX - Paris République,TOTAL HYROX,Marcus Feliho,24,6,True,2026-06-01 23:11
2026-05-29,Vendredi,12:30,13:20,STUDIO BOOTCAMP - Neuilly,BOOT CAMP,Coraline Moinat,40,22,True,2026-06-01 23:11
2026-05-29,Vendredi,12:30,13:20,STUDIO REFORMER - Neuilly,REFORMER,Laura Jullien,15,15,True,2026-06-01 23:11
2026-05-29,Vendredi,12:30,13:20,STUDIO REFORMER - Paris République,REFORMER,Curtis Arthur,12,5,True,2026-06-01 23:11
2026-05-29,Vendredi,12:30,13:20,STUDIO YOGA - Neuilly,YOGA VINYASA,Nadia El Makaoui,16,0,True,2026-06-01 23:11
2026-05-29,Vendredi,12:45,13:35,STUDIO BOOTCAMP - Paris République,BOOT CAMP,Marcus Feliho,36,6,True,2026-06-01 23:11
2026-05-29,Vendredi,12:45,13:30,STUDIO TOTAL HYROX - Neuilly,LIFT ATHLETX,Jessica Sanki,16,7,True,2026-06-01 23:11
2026-05-29,Vendredi,12:45,13:45,STUDIO YOGA - Neuilly,YOGA VINYASA,Nadia El Makaoui,16,0,True,2026-06-01 23:11
2026-05-29,Vendredi,14:00,15:00,STUDIO SKILL-ATHLETX - Neuilly,OPEN GYM (entraînement en accès libre),Open Gym,10,1,True,2026-06-01 23:11
2026-05-29,Vendredi,15:00,16:00,ATHLETX REBEL - Neuilly,OPEN GYM (entraînement en accès libre),Open Gym,10,1,True,2026-06-01 23:11
2026-05-29,Vendredi,15:00,16:00,STUDIO SKILL-ATHLETX - Neuilly,OPEN GYM (entraînement en accès libre),Open Gym,10,0,True,2026-06-01 23:11
2026-05-29,Vendredi,16:00,17:00,ATHLETX REBEL - Neuilly,OPEN GYM (entraînement en accès libre),Open Gym,10,1,True,2026-06-01 23:11
2026-05-29,Vendredi,16:00,17:00,STUDIO SKILL-ATHLETX - Neuilly,OPEN GYM (entraînement en accès libre),Open Gym,10,0,True,2026-06-01 23:11
2026-05-29,Vendredi,17:00,17:50,STUDIO REFORMER - Neuilly,REFORMER,Elisa RINGLER,15,0,True,2026-06-01 23:11
2026-05-29,Vendredi,17:00,17:50,STUDIO REFORMER - Paris République,REFORMER,LÉNA BACHELIER,12,0,True,2026-06-01 23:11
2026-05-29,Vendredi,17:00,18:00,STUDIO SKILL-ATHLETX - Neuilly,OPEN GYM (entraînement en accès libre),Open Gym,10,1,True,2026-06-01 23:11
2026-05-29,Vendredi,18:00,18:50,STUDIO REFORMER - Neuilly,REFORMER,Olivia Feliciano,15,8,True,2026-06-01 23:11
2026-05-29,Vendredi,18:00,18:50,STUDIO REFORMER - Paris République,REFORMER,LÉNA BACHELIER,12,0,True,2026-06-01 23:11
2026-05-29,Vendredi,18:00,19:00,STUDIO SKILL-ATHLETX - Neuilly,OPEN GYM (entraînement en accès libre),Open Gym,10,0,True,2026-06-01 23:11
2026-05-29,Vendredi,18:00,18:55,STUDIO TOTAL HYROX - Neuilly,TOTAL HYROX,Laura Jullien,24,10,True,2026-06-01 23:11
2026-05-29,Vendredi,18:00,18:50,STUDIO TOTAL HYROX - Paris République,TOTAL HYROX,Alexandre Creantor-Cafournet,24,3,True,2026-06-01 23:11
2026-05-29,Vendredi,19:00,19:50,STUDIO BOOTCAMP - Neuilly,HYROX BOOTCAMP,Laura Jullien,40,13,True,2026-06-01 23:11
2026-05-29,Vendredi,19:00,19:50,STUDIO BOOTCAMP - Paris République,BOOT CAMP,Alexandre Creantor-Cafournet,36,5,True,2026-06-01 23:11
2026-05-29,Vendredi,19:00,19:50,STUDIO REFORMER - Neuilly,REFORMER,Olivia Feliciano,15,9,True,2026-06-01 23:11
2026-05-29,Vendredi,19:00,19:50,STUDIO REFORMER - Paris République,REFORMER,LÉNA BACHELIER,12,3,True,2026-06-01 23:11
2026-05-29,Vendredi,19:00,20:00,STUDIO SKILL-ATHLETX - Neuilly,OPEN GYM (entraînement en accès libre),Open Gym,10,2,True,2026-06-01 23:11
2026-05-29,Vendredi,19:00,19:50,STUDIO TOTAL HYROX - Paris République,TOTAL HYROX,Marcus Feliho,24,0,True,2026-06-01 23:11
2026-05-30,Samedi,09:00,09:50,STUDIO REFORMER - Neuilly,REFORMER,Tania Pozdnyakova ,15,8,True,2026-06-02 16:48
2026-05-30,Samedi,09:00,09:50,STUDIO REFORMER - Paris République,REFORMER,Marie  Clément ,12,0,True,2026-06-02 16:48
2026-05-30,Samedi,10:00,10:50,STUDIO REFORMER - Neuilly,REFORMER,Tania Pozdnyakova ,15,14,True,2026-06-02 16:48
2026-05-30,Samedi,10:00,10:50,STUDIO REFORMER - Paris République,REFORMER,Hané Saade,12,4,True,2026-06-02 16:48
2026-05-30,Samedi,10:00,10:50,STUDIO SKILL-ATHLETX - Neuilly,SKILL ATHLETX,Jessica Sanki,16,12,True,2026-06-02 16:48
2026-05-30,Samedi,10:00,10:50,STUDIO TOTAL HYROX - Paris République,TOTAL HYROX,Marcus Feliho,24,7,True,2026-06-02 16:48
2026-05-30,Samedi,10:00,10:50,STUDIO X-BIKE - Neuilly,X-BIKE,William Pamfile,15,15,True,2026-06-02 16:48
2026-05-30,Samedi,11:00,11:50,STUDIO BOOTCAMP - Neuilly,BOOT CAMP,William Pamfile,40,23,True,2026-06-02 16:48
2026-05-30,Samedi,11:00,11:50,STUDIO BOOTCAMP - Paris République,BOOT CAMP,Marcus Feliho,36,6,True,2026-06-02 16:48
2026-05-30,Samedi,11:00,12:00,STUDIO LIFT ATHLETX - Neuilly,LIFT ATHLETX,Jessica Sanki,16,15,True,2026-06-02 16:48
2026-05-30,Samedi,11:00,11:50,STUDIO REFORMER - Neuilly,REFORMER,Tania Pozdnyakova ,15,15,True,2026-06-02 16:48
2026-05-30,Samedi,11:00,11:50,STUDIO REFORMER - Paris République,REFORMER,Hané Saade,12,9,True,2026-06-02 16:48
2026-05-30,Samedi,12:00,12:50,STUDIO REFORMER - Neuilly,REFORMER,Sara Sadeg,15,14,True,2026-06-02 16:48
2026-05-30,Samedi,12:00,12:50,STUDIO REFORMER - Paris République,REFORMER,Hané Saade,12,5,True,2026-06-02 16:48
2026-05-30,Samedi,12:00,12:55,STUDIO TOTAL HYROX - Neuilly,TOTAL HYROX,Jessica Sanki,24,13,True,2026-06-02 16:48
2026-05-30,Samedi,12:00,12:50,STUDIO TOTAL HYROX - Paris République,TOTAL HYROX,Marcus Feliho,24,12,True,2026-06-02 16:48
2026-05-30,Samedi,13:00,13:50,STUDIO REFORMER - Neuilly,REFORMER RESET,Sara Sadeg,15,6,True,2026-06-02 16:48
2026-05-30,Samedi,13:00,14:00,STUDIO SKILL-ATHLETX - Neuilly,OPEN GYM (entraînement en accès libre),Open Gym,10,6,True,2026-06-02 16:48
2026-05-30,Samedi,14:00,15:00,STUDIO SKILL-ATHLETX - Neuilly,OPEN GYM (entraînement en accès libre),Open Gym,10,3,True,2026-06-02 16:48
2026-05-30,Samedi,15:00,16:00,STUDIO SKILL-ATHLETX - Neuilly,OPEN GYM (entraînement en accès libre),Open Gym,10,0,True,2026-06-02 16:48
2026-05-30,Samedi,16:00,16:50,STUDIO REFORMER - Neuilly,REFORMER,Arthur Gambardella,15,0,True,2026-06-02 16:48
2026-05-30,Samedi,16:00,16:50,STUDIO REFORMER - Neuilly,REFORMER,Salomé Dadoun ,15,0,True,2026-06-02 16:48
2026-05-30,Samedi,16:00,17:00,STUDIO SKILL-ATHLETX - Neuilly,OPEN GYM (entraînement en accès libre),Open Gym,10,0,True,2026-06-02 16:48
2026-05-30,Samedi,17:00,17:50,STUDIO BOOTCAMP - Neuilly,BOOT CAMP,Mehdi El Ouariachi,40,0,True,2026-06-02 16:48
2026-05-30,Samedi,17:00,17:50,STUDIO REFORMER - Neuilly,REFORMER,Arthur Gambardella,15,0,True,2026-06-02 16:48
2026-05-30,Samedi,17:00,17:50,STUDIO REFORMER - Neuilly,REFORMER,Salomé Dadoun ,15,0,True,2026-06-02 16:48
2026-05-30,Samedi,17:00,17:50,STUDIO REFORMER - Paris République,REFORMER,Chloé CASPAR,12,0,True,2026-06-02 16:48
2026-05-30,Samedi,17:00,18:00,STUDIO SKILL-ATHLETX - Neuilly,OPEN GYM (entraînement en accès libre),Open Gym,10,0,True,2026-06-02 16:48
2026-05-30,Samedi,17:00,17:50,STUDIO TOTAL HYROX - Paris République,TOTAL HYROX,Alexandre Creantor-Cafournet,24,3,True,2026-06-02 16:48
2026-05-30,Samedi,18:00,18:50,STUDIO BOOTCAMP - Paris République,BOOT CAMP,Alexandre Creantor-Cafournet,36,0,True,2026-06-02 16:48
2026-05-30,Samedi,18:00,18:50,STUDIO REFORMER - Paris République,REFORMER,Chloé CASPAR,12,0,True,2026-06-02 16:48
2026-05-30,Samedi,20:00,20:50,STUDIO REFORMER - Paris République,REFORMER,Marie  Clément ,12,0,True,2026-06-02 16:48
2026-05-31,Dimanche,10:00,10:50,STUDIO BOOTCAMP - Paris République,BOOT CAMP,Olivia Feliciano,36,7,True,2026-06-03 17:26
2026-05-31,Dimanche,10:00,10:50,STUDIO REFORMER - Neuilly,REFORMER,Leane AMRAM,15,12,True,2026-06-03 17:26
2026-05-31,Dimanche,10:00,10:50,STUDIO REFORMER - Paris République,REFORMER,Marie  Clément ,12,0,True,2026-06-03 17:26
2026-05-31,Dimanche,10:00,11:00,STUDIO SKILL-ATHLETX - Neuilly,OPEN GYM (entraînement en accès libre),Open Gym,10,0,True,2026-06-03 17:26
2026-05-31,Dimanche,10:00,10:50,STUDIO TOTAL HYROX - Neuilly,TOTAL HYROX,Enzo Pichon,24,21,True,2026-06-03 17:26
2026-05-31,Dimanche,10:00,10:50,STUDIO TOTAL HYROX - Paris République,TOTAL HYROX,Marcus Feliho,24,0,True,2026-06-03 17:26
2026-05-31,Dimanche,11:00,11:50,STUDIO BOOTCAMP - Neuilly,BOOT CAMP,Enzo Pichon,40,29,True,2026-06-03 17:26
2026-05-31,Dimanche,11:00,11:50,STUDIO REFORMER - Neuilly,REFORMER,Leane AMRAM,15,11,True,2026-06-03 17:26
2026-05-31,Dimanche,11:00,11:50,STUDIO REFORMER - Paris République,REFORMER,Olivia Feliciano,12,9,True,2026-06-03 17:26
2026-05-31,Dimanche,11:00,11:50,STUDIO SKILL-ATHLETX - Neuilly,ABS & ASS,Berkane Carolann,16,9,True,2026-06-03 17:26
2026-05-31,Dimanche,11:00,11:50,STUDIO TOTAL HYROX - Paris République,TOTAL HYROX,Marie  Clément ,24,16,True,2026-06-03 17:26
2026-05-31,Dimanche,12:00,12:50,STUDIO BOOTCAMP - Neuilly,RUNNING BOOTCAMP,Aliou Camara,20,3,True,2026-06-03 17:26
2026-05-31,Dimanche,12:00,12:50,STUDIO BOOTCAMP - Paris République,BOOT CAMP,Olivia Feliciano,36,3,True,2026-06-03 17:26
2026-05-31,Dimanche,12:00,12:50,STUDIO REFORMER - Neuilly,REFORMER,Leane AMRAM,15,5,True,2026-06-03 17:26
2026-05-31,Dimanche,12:00,12:50,STUDIO REFORMER - Paris République,REFORMER,Marie  Clément ,12,8,True,2026-06-03 17:26
2026-05-31,Dimanche,12:00,12:50,STUDIO TOTAL HYROX - Neuilly,TOTAL HYROX,William Pamfile,16,0,True,2026-06-03 17:26
2026-05-31,Dimanche,12:00,12:50,STUDIO TOTAL HYROX - Neuilly,TOTAL HYROX,Enzo Pichon,24,9,True,2026-06-03 17:26
2026-05-31,Dimanche,13:00,13:50,STUDIO REFORMER - Neuilly,REFORMER RESET,Berkane Carolann,15,8,True,2026-06-03 17:26
2026-05-31,Dimanche,13:00,14:00,STUDIO SKILL-ATHLETX - Neuilly,OPEN GYM (entraînement en accès libre),Open Gym,10,1,True,2026-06-03 17:26
2026-05-31,Dimanche,14:00,15:00,STUDIO SKILL-ATHLETX - Neuilly,OPEN GYM (entraînement en accès libre),Open Gym,10,0,True,2026-06-03 17:26
2026-05-31,Dimanche,15:00,16:00,ATHLETX REBEL - Neuilly,OPEN GYM (entraînement en accès libre),Open Gym,10,1,True,2026-06-03 17:26
2026-05-31,Dimanche,15:00,16:00,STUDIO SKILL-ATHLETX - Neuilly,OPEN GYM (entraînement en accès libre),Open Gym,10,0,True,2026-06-03 17:26
2026-05-31,Dimanche,16:00,17:00,ATHLETX REBEL - Neuilly,OPEN GYM (entraînement en accès libre),Open Gym,10,2,True,2026-06-03 17:26
2026-05-31,Dimanche,16:00,16:50,STUDIO REFORMER - Neuilly,REFORMER,Berkane Carolann,15,5,True,2026-06-03 17:26
2026-05-31,Dimanche,16:00,17:00,STUDIO SKILL-ATHLETX - Neuilly,OPEN GYM (entraînement en accès libre),Open Gym,10,0,True,2026-06-03 17:26
2026-05-31,Dimanche,17:00,17:50,STUDIO BOOTCAMP - Paris République,BOOT CAMP,Mathieu Escubedo,36,8,True,2026-06-03 17:26
2026-05-31,Dimanche,17:00,17:50,STUDIO REFORMER - Neuilly,REFORMER,Berkane Carolann,15,7,True,2026-06-03 17:26
2026-05-31,Dimanche,17:00,17:50,STUDIO REFORMER - Paris République,REFORMER,Chloé CASPAR,12,0,True,2026-06-03 17:26
2026-05-31,Dimanche,17:00,18:00,STUDIO SKILL-ATHLETX - Neuilly,OPEN GYM (entraînement en accès libre),Open Gym,10,1,True,2026-06-03 17:26
2026-05-31,Dimanche,17:15,18:05,STUDIO BOOTCAMP - Neuilly,BOOT CAMP,Aliou Camara,40,10,True,2026-06-03 17:26
2026-05-31,Dimanche,18:00,18:50,STUDIO REFORMER - Paris République,REFORMER,Chloé CASPAR,12,0,True,2026-06-03 17:26
2026-05-31,Dimanche,18:00,18:50,STUDIO TOTAL HYROX - Paris République,TOTAL HYROX,Mathieu Escubedo,24,4,True,2026-06-03 17:26
2026-06-01,Lundi,00:00,00:50,STUDIO REFORMER - Paris République,REFORMER,Marie  Clément ,12,0,True,2026-06-04 15:56
2026-06-01,Lundi,07:15,08:05,STUDIO REFORMER - Paris République,REFORMER,Marie  Clément ,12,0,True,2026-06-04 15:56
2026-06-01,Lundi,07:30,08:20,STUDIO LIFT ATHLETX - Neuilly,OPEN GYM (entraînement en accès libre),Open Gym,15,0,True,2026-06-04 15:56
2026-06-01,Lundi,07:30,08:20,STUDIO REFORMER - Neuilly,REFORMER,Lola millerot,15,0,True,2026-06-04 15:56
2026-06-01,Lundi,07:30,08:30,STUDIO SKILL-ATHLETX - Neuilly,OPEN GYM (entraînement en accès libre),Open Gym,10,5,True,2026-06-04 15:56
2026-06-01,Lundi,07:30,08:20,STUDIO TOTAL HYROX - Paris République,TOTAL HYROX,Marcus Feliho,24,0,True,2026-06-04 15:56
2026-06-01,Lundi,08:30,09:45,ATHLETX REBEL - Neuilly,OPEN GYM (entraînement en accès libre),Open Gym,10,5,True,2026-06-04 15:56
2026-06-01,Lundi,08:30,09:30,STUDIO SKILL-ATHLETX - Neuilly,OPEN GYM (entraînement en accès libre),Open Gym,10,0,True,2026-06-04 15:56
2026-06-01,Lundi,09:00,10:00,JUM-FIT - Neuilly,JUMP-FIT,amandine sportes,5,0,True,2026-06-04 15:56
2026-06-01,Lundi,09:00,09:50,STUDIO REFORMER - Neuilly,REFORMER,Lola millerot,15,15,True,2026-06-04 15:56
2026-06-01,Lundi,09:30,10:30,STUDIO SKILL-ATHLETX - Neuilly,OPEN GYM (entraînement en accès libre),Open Gym,10,0,True,2026-06-04 15:56
2026-06-01,Lundi,10:00,10:50,STUDIO REFORMER - Neuilly,ABS & ASS,Lola millerot,16,11,True,2026-06-04 15:56
2026-06-01,Lundi,11:00,12:00,STUDIO SKILL-ATHLETX - Neuilly,OPEN GYM (entraînement en accès libre),Open Gym,10,4,True,2026-06-04 15:56
2026-06-01,Lundi,11:30,12:30,STUDIO SKILL-ATHLETX - Neuilly,OPEN GYM (entraînement en accès libre),Open Gym,10,0,True,2026-06-04 15:56
2026-06-01,Lundi,12:00,12:45,STUDIO BOOTCAMP - Paris République,BOOT CAMP,Ahcene Meziani ,36,5,True,2026-06-04 15:56
2026-06-01,Lundi,12:00,12:50,STUDIO REFORMER - Paris République,REFORMER,LÉNA BACHELIER,12,7,True,2026-06-04 15:56
2026-06-01,Lundi,12:15,13:05,STUDIO BOOTCAMP - Paris République,BOOT CAMP,Marcus Feliho,36,0,True,2026-06-04 15:56
2026-06-01,Lundi,12:15,13:10,STUDIO TOTAL HYROX - Neuilly,LIFT ATHLETX,Mehdi El Ouariachi,16,13,True,2026-06-04 15:56
2026-06-01,Lundi,12:30,13:20,STUDIO BOOTCAMP - Neuilly,HYROX BOOTCAMP,William Pamfile,40,27,True,2026-06-04 15:56
2026-06-01,Lundi,12:30,13:20,STUDIO BOOTCAMP - Paris République,BOOT CAMP,Marcus Feliho,36,0,True,2026-06-04 15:56
2026-06-01,Lundi,12:30,13:20,STUDIO REFORMER - Neuilly,REFORMER,Lola millerot,15,14,True,2026-06-04 15:56
2026-06-01,Lundi,12:30,13:30,STUDIO SKILL-ATHLETX - Neuilly,OPEN GYM (entraînement en accès libre),Open Gym,10,0,True,2026-06-04 15:56
2026-06-01,Lundi,12:30,13:15,STUDIO X-BIKE - Neuilly,X-BIKE,Coraline Moinat,15,10,True,2026-06-04 15:56
2026-06-01,Lundi,12:45,13:35,STUDIO REFORMER - Paris République,REFORMER,LÉNA BACHELIER,12,4,True,2026-06-04 15:56
2026-06-01,Lundi,12:45,13:35,STUDIO TOTAL HYROX - Paris République,TOTAL HYROX,Ahcene Meziani ,24,4,True,2026-06-04 15:56
2026-06-01,Lundi,14:00,15:00,STUDIO SKILL-ATHLETX - Neuilly,OPEN GYM (entraînement en accès libre),Open Gym,10,1,True,2026-06-04 15:56
2026-06-01,Lundi,15:00,16:00,ATHLETX REBEL - Neuilly,OPEN GYM (entraînement en accès libre),Open Gym,10,0,True,2026-06-04 15:56
2026-06-01,Lundi,15:00,16:00,STUDIO SKILL-ATHLETX - Neuilly,OPEN GYM (entraînement en accès libre),Open Gym,10,0,True,2026-06-04 15:56
2026-06-01,Lundi,16:00,17:00,STUDIO SKILL-ATHLETX - Neuilly,OPEN GYM (entraînement en accès libre),Open Gym,10,3,True,2026-06-04 15:56
2026-06-01,Lundi,17:00,17:50,STUDIO REFORMER - Neuilly,REFORMER,Coraline Moinat,15,0,True,2026-06-04 15:56
2026-06-01,Lundi,17:00,17:50,STUDIO REFORMER - Neuilly,REFORMER,Mehdi El Ouariachi,15,0,True,2026-06-04 15:56
2026-06-01,Lundi,17:00,17:45,STUDIO SKILL-ATHLETX - Neuilly,OPEN GYM (entraînement en accès libre),Open Gym,10,2,True,2026-06-04 15:56
2026-06-01,Lundi,18:00,18:50,STUDIO BOOTCAMP - Paris République,BOOT CAMP,Ahcene Meziani ,36,7,True,2026-06-04 15:56
2026-06-01,Lundi,18:00,18:50,STUDIO LIFT ATHLETX - Neuilly,LIFT ATHLETX,Enzo Pichon,16,16,True,2026-06-04 15:56
2026-06-01,Lundi,18:00,18:50,STUDIO REFORMER - Neuilly,REFORMER,Margot Moittie,15,15,True,2026-06-04 15:56
2026-06-01,Lundi,18:00,18:50,STUDIO REFORMER - Paris République,REFORMER,Hané Saade,12,11,True,2026-06-04 15:56
2026-06-01,Lundi,18:00,18:45,STUDIO SKILL-ATHLETX - Neuilly,OPEN GYM (entraînement en accès libre),Open Gym,10,0,True,2026-06-04 15:56
2026-06-01,Lundi,18:30,19:20,STUDIO BOXING - Neuilly,BOXING,William Pamfile,32,0,True,2026-06-04 15:56
2026-06-01,Lundi,18:30,19:30,STUDIO SKILL-ATHLETX - Neuilly,OPEN GYM (entraînement en accès libre),Open Gym,10,0,True,2026-06-04 15:56
2026-06-01,Lundi,19:00,19:50,STUDIO BOOTCAMP - Paris République,TOTAL HYROX,Alexandre Creantor-Cafournet,24,18,True,2026-06-04 15:56
2026-06-01,Lundi,19:00,19:50,STUDIO REFORMER - Neuilly,REFORMER,Margot Moittie,15,11,True,2026-06-04 15:56
2026-06-01,Lundi,19:00,19:50,STUDIO REFORMER - Paris République,REFORMER,Hané Saade,12,11,True,2026-06-04 15:56
2026-06-01,Lundi,19:00,19:55,STUDIO TOTAL HYROX - Neuilly,TOTAL HYROX,Mehdi El Ouariachi,24,24,True,2026-06-04 15:56
2026-06-01,Lundi,19:00,19:45,STUDIO X-BIKE - Neuilly,X-BIKE,Elisa RINGLER,15,13,True,2026-06-04 15:56
2026-06-01,Lundi,19:30,20:20,STUDIO BOOTCAMP - Neuilly,BOOT CAMP,Enzo Pichon,40,39,True,2026-06-04 15:56
2026-06-01,Lundi,20:00,20:50,STUDIO BOOTCAMP - Paris République,BOOT CAMP,Marcus Feliho,36,0,True,2026-06-04 15:56
2026-06-01,Lundi,20:00,20:50,STUDIO BOOTCAMP - Paris République,BOOT CAMP,Alexandre Creantor-Cafournet,36,5,True,2026-06-04 15:56
2026-06-01,Lundi,20:00,20:50,STUDIO REFORMER - Neuilly,REFORMER,Margot Moittie,15,15,True,2026-06-04 15:56
2026-06-01,Lundi,20:00,20:50,STUDIO REFORMER - Paris République,REFORMER,Hané Saade,12,12,True,2026-06-04 15:56
2026-06-01,Lundi,20:00,20:50,STUDIO SKILL-ATHLETX - Neuilly,SKILL ATHLETX,Mehdi El Ouariachi,16,4,True,2026-06-04 15:56
2026-06-01,Lundi,20:30,21:20,STUDIO X-BIKE - Neuilly,X-BIKE,William Pamfile,15,0,True,2026-06-04 15:56
2026-06-02,Mardi,07:15,08:05,STUDIO REFORMER - Paris République,REFORMER,Chloé CASPAR,12,0,True,2026-06-05 15:51
2026-06-02,Mardi,07:30,08:20,STUDIO BOOTCAMP - Paris République,BOOT CAMP,Alexandre Creantor-Cafournet,36,0,True,2026-06-05 15:51
2026-06-02,Mardi,07:30,08:20,STUDIO PILATES - Neuilly,REFORMER,Tania Pozdnyakova ,15,8,True,2026-06-05 15:51
2026-06-02,Mardi,07:30,08:25,STUDIO TOTAL HYROX - Neuilly,TOTAL HYROX,Mehdi El Ouariachi,24,12,True,2026-06-05 15:51
2026-06-02,Mardi,08:15,09:05,STUDIO REFORMER - Paris République,REFORMER,Chloé CASPAR,12,0,True,2026-06-05 15:51
2026-06-02,Mardi,08:30,09:30,STUDIO SKILL-ATHLETX - Neuilly,OPEN GYM (entraînement en accès libre),Open Gym,10,2,True,2026-06-05 15:51
2026-06-02,Mardi,08:45,09:35,STUDIO REFORMER - Neuilly,REFORMER,Tania Pozdnyakova ,15,14,True,2026-06-05 15:51
2026-06-02,Mardi,09:00,09:50,STUDIO REFORMER - Neuilly,REFORMER,Lola millerot,15,0,True,2026-06-05 15:51
2026-06-02,Mardi,09:30,10:30,STUDIO SKILL-ATHLETX - Neuilly,OPEN GYM (entraînement en accès libre),Open Gym,10,2,True,2026-06-05 15:51
2026-06-02,Mardi,10:15,11:05,ATHLETX REBEL - Neuilly,ABS & ASS,Coraline Moinat,16,0,True,2026-06-05 15:51
2026-06-02,Mardi,10:30,11:20,STUDIO REFORMER - Neuilly,REFORMER,Laura Jullien,15,8,True,2026-06-05 15:51
2026-06-02,Mardi,11:00,12:00,STUDIO SKILL-ATHLETX - Neuilly,OPEN GYM (entraînement en accès libre),Open Gym,10,0,True,2026-06-05 15:51
2026-06-02,Mardi,12:00,13:00,STUDIO SKILL-ATHLETX - Neuilly,OPEN GYM (entraînement en accès libre),Open Gym,10,0,True,2026-06-05 15:51
2026-06-02,Mardi,12:00,12:50,STUDIO TOTAL HYROX - Paris République,TOTAL HYROX,Marcus Feliho,24,0,True,2026-06-05 15:51
2026-06-02,Mardi,12:15,13:05,STUDIO REFORMER - Neuilly,REFORMER,Laura Jullien,15,13,True,2026-06-05 15:51
2026-06-02,Mardi,12:15,13:00,STUDIO TOTAL HYROX - Neuilly,TOTAL HYROX,Juliette Vercher,24,15,True,2026-06-05 15:51
2026-06-02,Mardi,12:30,13:25,ATHLETX REBEL - Neuilly,ATHLETX RUNNING CLUB,Margot Moittie,15,0,True,2026-06-05 15:51
2026-06-02,Mardi,12:30,13:20,STUDIO BOOTCAMP - Neuilly,BOOT CAMP,Marcus Feliho,40,33,True,2026-06-05 15:51
2026-06-02,Mardi,12:30,13:20,STUDIO BOOTCAMP - Paris République,BOOT CAMP,Curtis Arthur,36,7,True,2026-06-05 15:51
2026-06-02,Mardi,12:30,13:20,STUDIO REFORMER - Paris République,REFORMER,Chloé CASPAR,12,8,True,2026-06-05 15:51
2026-06-02,Mardi,12:30,13:15,STUDIO X-BIKE - Neuilly,X-BIKE,Olivia Feliciano,15,0,True,2026-06-05 15:51
2026-06-02,Mardi,14:00,15:00,STUDIO SKILL-ATHLETX - Neuilly,OPEN GYM (entraînement en accès libre),Open Gym,10,0,True,2026-06-05 15:51
2026-06-02,Mardi,15:00,16:00,ATHLETX REBEL - Neuilly,OPEN GYM (entraînement en accès libre),Open Gym,10,2,True,2026-06-05 15:51
2026-06-02,Mardi,15:00,16:00,STUDIO SKILL-ATHLETX - Neuilly,OPEN GYM (entraînement en accès libre),Open Gym,10,0,True,2026-06-05 15:51
2026-06-02,Mardi,16:00,17:00,ATHLETX REBEL - Neuilly,OPEN GYM (entraînement en accès libre),Open Gym,10,3,True,2026-06-05 15:51
2026-06-02,Mardi,16:00,17:00,STUDIO SKILL-ATHLETX - Neuilly,OPEN GYM (entraînement en accès libre),Open Gym,10,0,True,2026-06-05 15:51
2026-06-02,Mardi,17:00,17:50,STUDIO REFORMER - Neuilly,REFORMER,Camille  Tykoczinsky,15,0,True,2026-06-05 15:51
2026-06-02,Mardi,17:00,18:00,STUDIO SKILL-ATHLETX - Neuilly,OPEN GYM (entraînement en accès libre),Open Gym,10,3,True,2026-06-05 15:51
2026-06-02,Mardi,18:00,18:50,STUDIO REFORMER - Neuilly,REFORMER,Margot Moittie,15,15,True,2026-06-05 15:51
2026-06-02,Mardi,18:00,18:50,STUDIO REFORMER - Paris République,REFORMER,Tania POZDNYAKOVA,12,6,True,2026-06-05 15:51
2026-06-02,Mardi,18:00,19:00,STUDIO SKILL-ATHLETX - Neuilly,OPEN GYM (entraînement en accès libre),Open Gym,10,0,True,2026-06-05 15:51
2026-06-02,Mardi,18:00,18:55,STUDIO TOTAL HYROX - Neuilly,ABS & ASS,Ava Achouche,16,7,True,2026-06-05 15:51
2026-06-02,Mardi,18:00,18:50,STUDIO TOTAL HYROX - Paris République,TOTAL HYROX,William Pamfile,24,7,True,2026-06-05 15:51
2026-06-02,Mardi,18:15,19:05,STUDIO BOOTCAMP - Neuilly,BOOT CAMP,Marcus Feliho,40,27,True,2026-06-05 15:51
2026-06-02,Mardi,18:30,19:20,STUDIO BOOTCAMP - Paris République,BOOT CAMP,Marie  Clément ,36,0,True,2026-06-05 15:51
2026-06-02,Mardi,19:00,19:50,STUDIO BOOTCAMP - Paris République,BOOT CAMP,William Pamfile,36,13,True,2026-06-05 15:51
2026-06-02,Mardi,19:00,20:00,STUDIO LIFT ATHLETX - Neuilly,LIFT ATHLETX,Ava Achouche,16,11,True,2026-06-05 15:51
2026-06-02,Mardi,19:00,19:50,STUDIO REFORMER - Neuilly,REFORMER,Margot Moittie,15,15,True,2026-06-05 15:51
2026-06-02,Mardi,19:00,19:50,STUDIO REFORMER - Paris République,REFORMER,Tania POZDNYAKOVA,12,12,True,2026-06-05 15:51
2026-06-02,Mardi,19:00,19:45,STUDIO X-BIKE - Neuilly,X-BIKE,Lola millerot,15,11,True,2026-06-05 15:51
2026-06-02,Mardi,19:15,20:05,STUDIO BOXING - Neuilly,BOXING,Marcus Feliho,32,14,True,2026-06-05 15:51
2026-06-02,Mardi,20:00,21:00,JUM-FIT - Neuilly,JUMP-FIT,amandine sportes,5,0,True,2026-06-05 15:51
2026-06-02,Mardi,20:00,20:50,STUDIO REFORMER - Neuilly,REFORMER,Lola millerot,15,15,True,2026-06-05 15:51
2026-06-02,Mardi,20:00,20:50,STUDIO REFORMER - Paris République,REFORMER,Tania POZDNYAKOVA,12,7,True,2026-06-05 15:51
2026-06-02,Mardi,20:00,20:50,STUDIO TOTAL HYROX - Paris République,TOTAL HYROX,William Pamfile,24,22,True,2026-06-05 15:51
2026-06-02,Mardi,20:15,21:05,STUDIO BOOTCAMP - Neuilly,HYROX BOOTCAMP,Marcus Feliho,40,25,True,2026-06-05 15:51
2026-06-03,Mercredi,07:00,07:50,STUDIO BOOTCAMP - Paris République,BOOT CAMP,Marcus Feliho,36,0,True,2026-06-06 23:59
2026-06-03,Mercredi,07:30,08:20,STUDIO REFORMER - Neuilly,REFORMER,Leane AMRAM,15,4,True,2026-06-06 23:59
2026-06-03,Mercredi,07:30,08:20,STUDIO REFORMER - Paris République,REFORMER,Marie  Clément ,12,0,True,2026-06-06 23:59
2026-06-03,Mercredi,07:30,08:20,STUDIO TOTAL HYROX - Paris République,TOTAL HYROX,Marcus Feliho,24,0,True,2026-06-06 23:59
2026-06-03,Mercredi,08:00,09:00,STUDIO SKILL-ATHLETX - Neuilly,OPEN GYM (entraînement en accès libre),Open Gym,10,0,True,2026-06-06 23:59
2026-06-03,Mercredi,08:45,09:35,STUDIO REFORMER - Neuilly,REFORMER,Leane AMRAM,15,4,True,2026-06-06 23:59
2026-06-03,Mercredi,09:00,10:00,STUDIO SKILL-ATHLETX - Neuilly,OPEN GYM (entraînement en accès libre),Open Gym,10,0,True,2026-06-06 23:59
2026-06-03,Mercredi,10:00,10:50,ATHLETX REBEL - Neuilly,ABS & ASS,Ava Achouche,16,8,True,2026-06-06 23:59
2026-06-03,Mercredi,11:00,11:50,STUDIO REFORMER - Neuilly,REFORMER,Ava Achouche,15,9,True,2026-06-06 23:59
2026-06-03,Mercredi,12:00,12:45,STUDIO REFORMER - Neuilly,TOTAL HYROX,Mehdi El Ouariachi,15,0,True,2026-06-06 23:59
2026-06-03,Mercredi,12:00,12:50,STUDIO REFORMER - Paris République,REFORMER,Lola millerot,12,2,True,2026-06-06 23:59
2026-06-03,Mercredi,12:00,12:45,STUDIO TOTAL HYROX - Paris République,TOTAL HYROX,Marie-Claire Azar,24,4,True,2026-06-06 23:59
2026-06-03,Mercredi,12:30,13:20,STUDIO BOOTCAMP - Neuilly,BOOT CAMP,Marcus Feliho,40,21,True,2026-06-06 23:59
2026-06-03,Mercredi,12:30,13:20,STUDIO REFORMER - Neuilly,REFORMER,Mehdi El Ouariachi,15,10,True,2026-06-06 23:59
2026-06-03,Mercredi,12:30,13:20,STUDIO SKILL-ATHLETX - Neuilly,SKILL ATHLETX,Elodie Baudin,16,12,True,2026-06-06 23:59
2026-06-03,Mercredi,12:45,13:35,STUDIO BOOTCAMP - Paris République,BOOT CAMP,Lola millerot,36,4,True,2026-06-06 23:59
2026-06-03,Mercredi,12:45,13:35,STUDIO REFORMER - Paris République,REFORMER,Marie-Claire Azar,12,3,True,2026-06-06 23:59
2026-06-03,Mercredi,12:45,13:35,STUDIO YOGA - Neuilly,YOGA VINYASA,Nadia El Makaoui,16,0,True,2026-06-06 23:59
2026-06-03,Mercredi,14:00,15:00,STUDIO SKILL-ATHLETX - Neuilly,OPEN GYM (entraînement en accès libre),Open Gym,10,4,True,2026-06-06 23:59
2026-06-03,Mercredi,15:00,16:00,ATHLETX REBEL - Neuilly,OPEN GYM (entraînement en accès libre),Open Gym,10,2,True,2026-06-06 23:59
2026-06-03,Mercredi,15:00,16:00,STUDIO SKILL-ATHLETX - Neuilly,OPEN GYM (entraînement en accès libre),Open Gym,10,0,True,2026-06-06 23:59
2026-06-03,Mercredi,16:00,17:00,ATHLETX REBEL - Neuilly,OPEN GYM (entraînement en accès libre),Open Gym,10,1,True,2026-06-06 23:59
2026-06-03,Mercredi,16:00,17:00,STUDIO SKILL-ATHLETX - Neuilly,OPEN GYM (entraînement en accès libre),Open Gym,10,0,True,2026-06-06 23:59
2026-06-03,Mercredi,17:00,17:50,STUDIO REFORMER - Neuilly,REFORMER,Berkane Carolann,15,5,True,2026-06-06 23:59
2026-06-03,Mercredi,17:00,18:00,STUDIO SKILL-ATHLETX - Neuilly,OPEN GYM (entraînement en accès libre),Open Gym,10,3,True,2026-06-06 23:59
2026-06-03,Mercredi,18:00,18:50,STUDIO BOOTCAMP - Paris République,BOOT CAMP,alexis choukri,36,4,True,2026-06-06 23:59
2026-06-03,Mercredi,18:00,18:50,STUDIO REFORMER - Neuilly,REFORMER,Laura Jullien,15,11,True,2026-06-06 23:59
2026-06-03,Mercredi,18:00,18:50,STUDIO REFORMER - Paris République,REFORMER,Angelina TAVARES,12,6,True,2026-06-06 23:59
2026-06-03,Mercredi,18:00,18:55,STUDIO TOTAL HYROX - Neuilly,TOTAL HYROX,Juliette Vercher,24,19,True,2026-06-06 23:59
2026-06-03,Mercredi,18:30,19:20,STUDIO TOTAL HYROX - Paris République,TOTAL HYROX,Marcus Feliho,24,0,True,2026-06-06 23:59
2026-06-03,Mercredi,19:00,19:50,STUDIO BOXING - Neuilly,BOXING,Marcus Feliho,32,8,True,2026-06-06 23:59
2026-06-03,Mercredi,19:00,19:50,STUDIO REFORMER - Neuilly,REFORMER,Laura Jullien,15,13,True,2026-06-06 23:59
2026-06-03,Mercredi,19:00,19:50,STUDIO REFORMER - Paris République,REFORMER,Angelina TAVARES,12,10,True,2026-06-06 23:59
2026-06-03,Mercredi,19:00,19:50,STUDIO SKILL-ATHLETX - Neuilly,SKILL ATHLETX,Elodie Baudin,16,0,True,2026-06-06 23:59
2026-06-03,Mercredi,19:00,19:50,STUDIO TOTAL HYROX - Paris République,TOTAL HYROX,alexis choukri,24,10,True,2026-06-06 23:59
2026-06-03,Mercredi,19:00,19:45,STUDIO X-BIKE - Neuilly,X-BIKE,Juliette Vercher,15,14,True,2026-06-06 23:59
2026-06-03,Mercredi,20:00,20:50,STUDIO BOOTCAMP - Neuilly,BOOT CAMP,Marcus Feliho,40,18,True,2026-06-06 23:59
2026-06-03,Mercredi,20:00,20:50,STUDIO BOOTCAMP - Paris République,BOOT CAMP,alexis choukri,36,8,True,2026-06-06 23:59
2026-06-03,Mercredi,20:00,21:00,STUDIO LIFT ATHLETX - Neuilly,LIFT ATHLETX,Elodie Baudin,16,9,True,2026-06-06 23:59
2026-06-03,Mercredi,20:00,20:50,STUDIO REFORMER - Neuilly,REFORMER,Juliette Vercher,15,13,True,2026-06-06 23:59
2026-06-03,Mercredi,20:00,20:50,STUDIO REFORMER - Paris République,REFORMER,Marie  Clément ,12,0,True,2026-06-06 23:59
2026-06-03,Mercredi,20:00,20:50,STUDIO REFORMER - Paris République,REFORMER,Angelina TAVARES,12,11,True,2026-06-06 23:59
2026-06-04,Jeudi,07:15,08:05,STUDIO REFORMER - Paris République,REFORMER,Diane Hurez,12,0,True,2026-06-07 14:18
2026-06-04,Jeudi,07:30,08:30,STUDIO SKILL-ATHLETX - Neuilly,OPEN GYM (entraînement en accès libre),Open Gym,10,0,True,2026-06-07 14:18
2026-06-04,Jeudi,07:30,08:20,STUDIO TOTAL HYROX - Neuilly,TOTAL HYROX,Mehdi El Ouariachi,24,7,True,2026-06-07 14:18
2026-06-04,Jeudi,07:30,08:20,STUDIO TOTAL HYROX - Paris République,TOTAL HYROX,Alexandre Creantor-Cafournet,24,0,True,2026-06-07 14:18
2026-06-04,Jeudi,08:15,09:05,STUDIO REFORMER - Paris République,REFORMER,Diane Hurez,12,0,True,2026-06-07 14:18
2026-06-04,Jeudi,08:30,09:30,STUDIO SKILL-ATHLETX - Neuilly,OPEN GYM (entraînement en accès libre),Open Gym,10,2,True,2026-06-07 14:18
2026-06-04,Jeudi,09:00,09:50,STUDIO REFORMER - Neuilly,REFORMER,Laura Jullien,15,13,True,2026-06-07 14:18
2026-06-04,Jeudi,09:30,10:30,STUDIO SKILL-ATHLETX - Neuilly,OPEN GYM (entraînement en accès libre),Open Gym,10,2,True,2026-06-07 14:18
2026-06-04,Jeudi,10:00,10:50,STUDIO REFORMER - Neuilly,REFORMER,Laura Jullien,15,12,True,2026-06-07 14:18
2026-06-04,Jeudi,10:30,11:30,STUDIO SKILL-ATHLETX - Neuilly,OPEN GYM (entraînement en accès libre),Open Gym,10,1,True,2026-06-07 14:18
2026-06-04,Jeudi,10:45,11:45,STUDIO SKILL-ATHLETX - Neuilly,OPEN GYM (entraînement en accès libre),Open Gym,10,0,True,2026-06-07 14:18
2026-06-04,Jeudi,12:00,12:45,STUDIO STRETCHING - Neuilly,REFORMER SIGNATURE,Coraline Moinat,15,14,True,2026-06-07 14:18
2026-06-04,Jeudi,12:00,12:45,STUDIO TOTAL HYROX - Neuilly,TOTAL HYROX,Mehdi El Ouariachi,24,7,True,2026-06-07 14:18
2026-06-04,Jeudi,12:15,13:05,STUDIO TOTAL HYROX - Paris République,TOTAL HYROX,Marcus Feliho,24,0,True,2026-06-07 14:18
2026-06-04,Jeudi,12:30,13:20,STUDIO BOOTCAMP - Neuilly,BOOT CAMP,Laura Jullien,40,13,True,2026-06-07 14:18
2026-06-04,Jeudi,12:30,13:20,STUDIO BOOTCAMP - Paris République,BOOT CAMP,Lola millerot,36,8,True,2026-06-07 14:18
2026-06-04,Jeudi,12:30,13:20,STUDIO REFORMER - Paris République,REFORMER,Margot Moittie,12,2,True,2026-06-07 14:18
2026-06-04,Jeudi,12:30,13:15,STUDIO X-BIKE - Neuilly,X-BIKE,Lola millerot,15,0,True,2026-06-07 14:18
2026-06-04,Jeudi,12:45,13:40,STUDIO LIFT ATHLETX - Neuilly,LIFT ATHLETX,Mehdi El Ouariachi,16,8,True,2026-06-07 14:18
2026-06-04,Jeudi,12:45,13:30,STUDIO REFORMER - Neuilly,REFORMER RESET,Coraline Moinat,15,15,True,2026-06-07 14:18
2026-06-04,Jeudi,14:00,15:00,STUDIO SKILL-ATHLETX - Neuilly,OPEN GYM (entraînement en accès libre),Open Gym,10,0,True,2026-06-07 14:18
2026-06-04,Jeudi,15:00,16:00,ATHLETX REBEL - Neuilly,OPEN GYM (entraînement en accès libre),Open Gym,10,1,True,2026-06-07 14:18
2026-06-04,Jeudi,15:00,16:00,STUDIO SKILL-ATHLETX - Neuilly,OPEN GYM (entraînement en accès libre),Open Gym,10,0,True,2026-06-07 14:18
2026-06-04,Jeudi,16:00,17:00,ATHLETX REBEL - Neuilly,OPEN GYM (entraînement en accès libre),Open Gym,10,2,True,2026-06-07 14:18
2026-06-04,Jeudi,16:00,17:00,STUDIO SKILL-ATHLETX - Neuilly,OPEN GYM (entraînement en accès libre),Open Gym,10,0,True,2026-06-07 14:18
2026-06-04,Jeudi,17:00,17:50,STUDIO REFORMER - Neuilly,REFORMER,Camille  Tykoczinsky,15,0,True,2026-06-07 14:18
2026-06-04,Jeudi,17:00,17:50,STUDIO REFORMER - Neuilly,REFORMER,Berkane Carolann,15,0,True,2026-06-07 14:18
2026-06-04,Jeudi,17:00,18:00,STUDIO SKILL-ATHLETX - Neuilly,OPEN GYM (entraînement en accès libre),Open Gym,10,2,True,2026-06-07 14:18
2026-06-04,Jeudi,18:00,18:50,STUDIO REFORMER - Neuilly,REFORMER,Marie  Clément ,15,13,True,2026-06-07 14:18
2026-06-04,Jeudi,18:00,18:50,STUDIO REFORMER - Paris République,REFORMER,Chloé CASPAR,12,2,True,2026-06-07 14:18
2026-06-04,Jeudi,18:15,19:05,STUDIO REFORMER - Paris République,REFORMER,Marie  Clément ,12,0,True,2026-06-07 14:18
2026-06-04,Jeudi,18:30,19:20,STUDIO BOOTCAMP - Paris République,BOOT CAMP,Marcus Feliho,36,0,True,2026-06-07 14:18
2026-06-04,Jeudi,18:30,19:25,STUDIO TOTAL HYROX - Neuilly,TOTAL HYROX,Jessica Sanki,24,22,True,2026-06-07 14:18
2026-06-04,Jeudi,18:30,19:20,STUDIO TOTAL HYROX - Paris République,TOTAL HYROX,Alexandre Creantor-Cafournet,24,20,True,2026-06-07 14:18
2026-06-04,Jeudi,18:30,19:20,STUDIO X-BIKE - Neuilly,X-BIKE,William Pamfile,15,9,True,2026-06-07 14:18
2026-06-04,Jeudi,19:00,19:50,STUDIO REFORMER - Neuilly,REFORMER,Marie  Clément ,15,12,True,2026-06-07 14:18
2026-06-04,Jeudi,19:00,19:50,STUDIO REFORMER - Paris République,REFORMER,Chloé CASPAR,12,5,True,2026-06-07 14:18
2026-06-04,Jeudi,19:15,20:05,STUDIO REFORMER - Paris République,REFORMER,Marie  Clément ,12,0,True,2026-06-07 14:18
2026-06-04,Jeudi,19:30,20:20,STUDIO BOOTCAMP - Neuilly,BOOT CAMP,Enzo Pichon,40,29,True,2026-06-07 14:18
2026-06-04,Jeudi,19:30,20:20,STUDIO BOOTCAMP - Paris République,BOOT CAMP,Alexandre Creantor-Cafournet,36,0,True,2026-06-07 14:18
2026-06-04,Jeudi,19:30,20:30,STUDIO LIFT ATHLETX - Neuilly,LIFT ATHLETX,Jessica Sanki,16,13,True,2026-06-07 14:18
2026-06-04,Jeudi,20:00,20:50,STUDIO REFORMER - Neuilly,REFORMER,Marie  Clément ,15,15,True,2026-06-07 14:18
2026-06-04,Jeudi,20:00,20:50,STUDIO REFORMER - Paris République,REFORMER,Chloé CASPAR,12,4,True,2026-06-07 14:18
2026-06-05,Vendredi,07:30,08:20,STUDIO BOOTCAMP - Neuilly,BOOT CAMP,Marcus Feliho,32,0,True,2026-06-08 16:45
2026-06-05,Vendredi,07:30,08:20,STUDIO REFORMER - Neuilly,REFORMER,Hané Saade,15,6,True,2026-06-08 16:45
2026-06-05,Vendredi,07:30,08:20,STUDIO REFORMER - Paris République,REFORMER,Marie  Clément ,12,0,True,2026-06-08 16:45
2026-06-05,Vendredi,07:30,08:30,STUDIO SKILL-ATHLETX - Neuilly,OPEN GYM (entraînement en accès libre),Open Gym,10,4,True,2026-06-08 16:45
2026-06-05,Vendredi,08:00,08:45,STUDIO SKILL-ATHLETX - Neuilly,OPEN GYM (entraînement en accès libre),Open Gym,10,0,True,2026-06-08 16:45
2026-06-05,Vendredi,08:00,08:50,STUDIO TOTAL HYROX - Paris République,TOTAL HYROX,Marcus Feliho,24,0,True,2026-06-08 16:45
2026-06-05,Vendredi,08:45,09:35,STUDIO REFORMER - Neuilly,REFORMER RESET,Hané Saade,15,5,True,2026-06-08 16:45
2026-06-05,Vendredi,09:00,09:50,ATHLETX REBEL - Neuilly,ABS & ASS,Coraline Moinat,16,11,True,2026-06-08 16:45
2026-06-05,Vendredi,10:00,11:00,STUDIO SKILL-ATHLETX - Neuilly,OPEN GYM (entraînement en accès libre),Open Gym,10,0,True,2026-06-08 16:45
2026-06-05,Vendredi,10:45,11:35,STUDIO REFORMER - Neuilly,REFORMER,Ava Achouche,15,13,True,2026-06-08 16:45
2026-06-05,Vendredi,11:00,12:00,STUDIO SKILL-ATHLETX - Neuilly,OPEN GYM (entraînement en accès libre),Open Gym,10,4,True,2026-06-08 16:45
2026-06-05,Vendredi,11:15,12:05,STUDIO REFORMER - Paris République,REFORMER,Curtis Arthur,12,4,True,2026-06-08 16:45
2026-06-05,Vendredi,12:00,12:45,STUDIO BOOTCAMP - Paris République,BOOT CAMP,Alexandre Creantor-Cafournet,36,10,True,2026-06-08 16:45
2026-06-05,Vendredi,12:00,12:45,STUDIO SKILL-ATHLETX - Neuilly,SKILL ATHLETX,Jessica Sanki,16,16,True,2026-06-08 16:45
2026-06-05,Vendredi,12:30,13:20,STUDIO BOOTCAMP - Neuilly,BOOT CAMP,Coraline Moinat,40,27,True,2026-06-08 16:45
2026-06-05,Vendredi,12:30,13:20,STUDIO REFORMER - Neuilly,REFORMER,Laura Jullien,15,14,True,2026-06-08 16:45
2026-06-05,Vendredi,12:30,13:20,STUDIO REFORMER - Paris République,REFORMER,Curtis Arthur,12,4,True,2026-06-08 16:45
2026-06-05,Vendredi,12:30,13:20,STUDIO YOGA - Neuilly,YOGA VINYASA,Nadia El Makaoui,16,0,True,2026-06-08 16:45
2026-06-05,Vendredi,12:45,13:30,STUDIO TOTAL HYROX - Neuilly,LIFT ATHLETX,Jessica Sanki,16,12,True,2026-06-08 16:45
2026-06-05,Vendredi,12:45,13:30,STUDIO TOTAL HYROX - Paris République,TOTAL HYROX,Alexandre Creantor-Cafournet,24,10,True,2026-06-08 16:45
2026-06-05,Vendredi,12:45,13:45,STUDIO YOGA - Neuilly,YOGA VINYASA,Nadia El Makaoui,16,0,True,2026-06-08 16:45
2026-06-05,Vendredi,14:00,15:00,STUDIO SKILL-ATHLETX - Neuilly,OPEN GYM (entraînement en accès libre),Open Gym,10,2,True,2026-06-08 16:45
2026-06-05,Vendredi,15:00,16:00,ATHLETX REBEL - Neuilly,OPEN GYM (entraînement en accès libre),Open Gym,10,1,True,2026-06-08 16:45
2026-06-05,Vendredi,15:00,16:00,STUDIO SKILL-ATHLETX - Neuilly,OPEN GYM (entraînement en accès libre),Open Gym,10,0,True,2026-06-08 16:45
2026-06-05,Vendredi,16:00,17:00,ATHLETX REBEL - Neuilly,OPEN GYM (entraînement en accès libre),Open Gym,10,3,True,2026-06-08 16:45
2026-06-05,Vendredi,16:00,17:00,STUDIO SKILL-ATHLETX - Neuilly,OPEN GYM (entraînement en accès libre),Open Gym,10,0,True,2026-06-08 16:45
2026-06-05,Vendredi,17:00,17:50,STUDIO REFORMER - Neuilly,REFORMER,Elisa RINGLER,15,0,True,2026-06-08 16:45
2026-06-05,Vendredi,17:00,17:50,STUDIO REFORMER - Paris République,REFORMER,Hané Saade,12,0,True,2026-06-08 16:45
2026-06-05,Vendredi,17:00,18:00,STUDIO SKILL-ATHLETX - Neuilly,OPEN GYM (entraînement en accès libre),Open Gym,10,1,True,2026-06-08 16:45
2026-06-05,Vendredi,18:00,18:50,STUDIO REFORMER - Neuilly,REFORMER,Olivia Feliciano,15,11,True,2026-06-08 16:45
2026-06-05,Vendredi,18:00,18:50,STUDIO REFORMER - Paris République,REFORMER,Hané Saade,12,0,True,2026-06-08 16:45
2026-06-05,Vendredi,18:00,19:00,STUDIO SKILL-ATHLETX - Neuilly,OPEN GYM (entraînement en accès libre),Open Gym,10,0,True,2026-06-08 16:45
2026-06-05,Vendredi,18:00,18:55,STUDIO TOTAL HYROX - Neuilly,TOTAL HYROX,Laura Jullien,24,16,True,2026-06-08 16:45
2026-06-05,Vendredi,18:00,18:50,STUDIO TOTAL HYROX - Paris République,TOTAL HYROX,Alexandre Creantor-Cafournet,24,14,True,2026-06-08 16:45
2026-06-05,Vendredi,19:00,19:50,STUDIO BOOTCAMP - Neuilly,HYROX BOOTCAMP,Laura Jullien,40,0,True,2026-06-08 16:45
2026-06-05,Vendredi,19:00,19:50,STUDIO BOOTCAMP - Paris République,BOOT CAMP,Alexandre Creantor-Cafournet,36,7,True,2026-06-08 16:45
2026-06-05,Vendredi,19:00,19:50,STUDIO REFORMER - Neuilly,REFORMER,Olivia Feliciano,15,15,True,2026-06-08 16:45
2026-06-05,Vendredi,19:00,19:50,STUDIO REFORMER - Paris République,REFORMER,Hané Saade,12,0,True,2026-06-08 16:45
2026-06-05,Vendredi,19:00,20:00,STUDIO SKILL-ATHLETX - Neuilly,OPEN GYM (entraînement en accès libre),Open Gym,10,6,True,2026-06-08 16:45
2026-06-05,Vendredi,19:00,19:50,STUDIO TOTAL HYROX - Paris République,TOTAL HYROX,Marcus Feliho,24,0,True,2026-06-08 16:45
2026-06-06,Samedi,09:00,09:50,STUDIO REFORMER - Neuilly,REFORMER,Olivia Feliciano,15,9,True,2026-06-09 15:40
2026-06-06,Samedi,09:00,09:50,STUDIO REFORMER - Paris République,REFORMER,Marie  Clément ,12,0,True,2026-06-09 15:40
2026-06-06,Samedi,10:00,10:50,STUDIO REFORMER - Neuilly,REFORMER,Coraline Moinat,15,15,True,2026-06-09 15:40
2026-06-06,Samedi,10:00,10:50,STUDIO REFORMER - Paris République,REFORMER,Hané Saade,12,6,True,2026-06-09 15:40
2026-06-06,Samedi,10:00,10:50,STUDIO SKILL-ATHLETX - Neuilly,SKILL ATHLETX,Jessica Sanki,16,10,True,2026-06-09 15:40
2026-06-06,Samedi,10:00,10:50,STUDIO TOTAL HYROX - Paris République,TOTAL HYROX,Alexandre Creantor-Cafournet,24,6,True,2026-06-09 15:40
2026-06-06,Samedi,10:00,10:50,STUDIO X-BIKE - Neuilly,X-BIKE,William Pamfile,15,15,True,2026-06-09 15:40
2026-06-06,Samedi,11:00,11:50,STUDIO BOOTCAMP - Neuilly,BOOT CAMP,William Pamfile,40,19,True,2026-06-09 15:40
2026-06-06,Samedi,11:00,11:50,STUDIO BOOTCAMP - Paris République,BOOT CAMP,Alexandre Creantor-Cafournet,12,0,True,2026-06-09 15:40
2026-06-06,Samedi,11:00,12:00,STUDIO LIFT ATHLETX - Neuilly,LIFT ATHLETX,Jessica Sanki,16,13,True,2026-06-09 15:40
2026-06-06,Samedi,11:00,11:50,STUDIO REFORMER - Neuilly,REFORMER,Coraline Moinat,15,15,True,2026-06-09 15:40
2026-06-06,Samedi,11:00,11:50,STUDIO REFORMER - Paris République,REFORMER,Hané Saade,12,11,True,2026-06-09 15:40
2026-06-06,Samedi,12:00,12:50,STUDIO REFORMER - Neuilly,REFORMER,Sara Sadeg,15,8,True,2026-06-09 15:40
2026-06-06,Samedi,12:00,12:50,STUDIO REFORMER - Paris République,REFORMER,Hané Saade,12,4,True,2026-06-09 15:40
2026-06-06,Samedi,12:00,12:55,STUDIO TOTAL HYROX - Neuilly,TOTAL HYROX,Jessica Sanki,24,8,True,2026-06-09 15:40
2026-06-06,Samedi,12:00,12:50,STUDIO TOTAL HYROX - Paris République,TOTAL HYROX,Alexandre Creantor-Cafournet,24,7,True,2026-06-09 15:40
2026-06-06,Samedi,13:00,13:50,STUDIO REFORMER - Neuilly,REFORMER RESET,Sara Sadeg,15,0,True,2026-06-09 15:40
2026-06-06,Samedi,13:00,14:00,STUDIO SKILL-ATHLETX - Neuilly,OPEN GYM (entraînement en accès libre),Open Gym,10,10,True,2026-06-09 15:40
2026-06-06,Samedi,14:00,15:00,STUDIO SKILL-ATHLETX - Neuilly,OPEN GYM (entraînement en accès libre),Open Gym,10,0,True,2026-06-09 15:40
2026-06-06,Samedi,15:00,16:00,STUDIO SKILL-ATHLETX - Neuilly,OPEN GYM (entraînement en accès libre),Open Gym,10,0,True,2026-06-09 15:40
2026-06-06,Samedi,16:00,16:50,STUDIO REFORMER - Neuilly,REFORMER,Arthur Gambardella,15,0,True,2026-06-09 15:40
2026-06-06,Samedi,16:00,16:50,STUDIO REFORMER - Neuilly,REFORMER,Salomé Dadoun ,15,0,True,2026-06-09 15:40
2026-06-06,Samedi,16:00,17:00,STUDIO SKILL-ATHLETX - Neuilly,OPEN GYM (entraînement en accès libre),Open Gym,10,0,True,2026-06-09 15:40
2026-06-06,Samedi,17:00,17:50,STUDIO BOOTCAMP - Neuilly,BOOT CAMP,Mehdi El Ouariachi,40,0,True,2026-06-09 15:40
2026-06-06,Samedi,17:00,17:50,STUDIO REFORMER - Neuilly,REFORMER,Arthur Gambardella,15,0,True,2026-06-09 15:40
2026-06-06,Samedi,17:00,17:50,STUDIO REFORMER - Neuilly,REFORMER,Salomé Dadoun ,15,0,True,2026-06-09 15:40
2026-06-06,Samedi,17:00,17:50,STUDIO REFORMER - Paris République,REFORMER,Chloé CASPAR,12,0,True,2026-06-09 15:40
2026-06-06,Samedi,17:00,18:00,STUDIO SKILL-ATHLETX - Neuilly,OPEN GYM (entraînement en accès libre),Open Gym,10,0,True,2026-06-09 15:40
2026-06-06,Samedi,17:00,17:50,STUDIO TOTAL HYROX - Paris République,TOTAL HYROX,Enzo Pichon,24,10,True,2026-06-09 15:40
2026-06-06,Samedi,18:00,18:50,STUDIO BOOTCAMP - Paris République,BOOT CAMP,Enzo Pichon,36,0,True,2026-06-09 15:40
2026-06-06,Samedi,18:00,18:50,STUDIO REFORMER - Paris République,REFORMER,Chloé CASPAR,12,0,True,2026-06-09 15:40
2026-06-06,Samedi,20:00,20:50,STUDIO REFORMER - Paris République,REFORMER,Marie  Clément ,12,0,True,2026-06-09 15:40
2026-06-07,Dimanche,10:00,10:50,STUDIO BOOTCAMP - Paris République,BOOT CAMP,alexis choukri,36,9,True,2026-06-10 16:21
2026-06-07,Dimanche,10:00,10:50,STUDIO REFORMER - Neuilly,REFORMER,Leane AMRAM,15,15,True,2026-06-10 16:21
2026-06-07,Dimanche,10:00,10:50,STUDIO REFORMER - Paris République,REFORMER,Olivia Feliciano,12,7,True,2026-06-10 16:21
2026-06-07,Dimanche,10:00,11:00,STUDIO SKILL-ATHLETX - Neuilly,OPEN GYM (entraînement en accès libre),Open Gym,10,0,True,2026-06-10 16:21
2026-06-07,Dimanche,10:00,10:50,STUDIO TOTAL HYROX - Neuilly,TOTAL HYROX,Enzo Pichon,24,24,True,2026-06-10 16:21
2026-06-07,Dimanche,10:00,10:50,STUDIO TOTAL HYROX - Paris République,TOTAL HYROX,Marcus Feliho,24,0,True,2026-06-10 16:21
2026-06-07,Dimanche,11:00,11:50,STUDIO BOOTCAMP - Neuilly,BOOT CAMP,Enzo Pichon,40,37,True,2026-06-10 16:21
2026-06-07,Dimanche,11:00,11:50,STUDIO REFORMER - Neuilly,REFORMER,Leane AMRAM,15,13,True,2026-06-10 16:21
2026-06-07,Dimanche,11:00,11:50,STUDIO REFORMER - Paris République,REFORMER,Olivia Feliciano,12,11,True,2026-06-10 16:21
2026-06-07,Dimanche,11:00,11:50,STUDIO SKILL-ATHLETX - Neuilly,ABS & ASS,Berkane Carolann,16,8,True,2026-06-10 16:21
2026-06-07,Dimanche,11:00,11:50,STUDIO TOTAL HYROX - Paris République,TOTAL HYROX,alexis choukri,24,6,True,2026-06-10 16:21
2026-06-07,Dimanche,12:00,12:50,STUDIO BOOTCAMP - Neuilly,RUNNING BOOTCAMP,Aliou Camara,20,6,True,2026-06-10 16:21
2026-06-07,Dimanche,12:00,12:50,STUDIO BOOTCAMP - Paris République,BOOT CAMP,alexis choukri,36,5,True,2026-06-10 16:21
2026-06-07,Dimanche,12:00,12:50,STUDIO REFORMER - Neuilly,REFORMER,Leane AMRAM,15,5,True,2026-06-10 16:21
2026-06-07,Dimanche,12:00,12:50,STUDIO REFORMER - Paris République,REFORMER,Olivia Feliciano,12,10,True,2026-06-10 16:21
2026-06-07,Dimanche,12:00,12:50,STUDIO TOTAL HYROX - Neuilly,TOTAL HYROX,William Pamfile,16,0,True,2026-06-10 16:21
2026-06-07,Dimanche,12:00,12:50,STUDIO TOTAL HYROX - Neuilly,TOTAL HYROX,Enzo Pichon,24,4,True,2026-06-10 16:21
2026-06-07,Dimanche,13:00,13:50,STUDIO REFORMER - Neuilly,REFORMER RESET,Berkane Carolann,15,7,True,2026-06-10 16:21
2026-06-07,Dimanche,13:00,14:00,STUDIO SKILL-ATHLETX - Neuilly,OPEN GYM (entraînement en accès libre),Open Gym,10,4,True,2026-06-10 16:21
2026-06-07,Dimanche,14:00,15:00,STUDIO SKILL-ATHLETX - Neuilly,OPEN GYM (entraînement en accès libre),Open Gym,10,3,True,2026-06-10 16:21
2026-06-07,Dimanche,15:00,16:00,ATHLETX REBEL - Neuilly,OPEN GYM (entraînement en accès libre),Open Gym,10,1,True,2026-06-10 16:21
2026-06-07,Dimanche,15:00,16:00,STUDIO SKILL-ATHLETX - Neuilly,OPEN GYM (entraînement en accès libre),Open Gym,10,0,True,2026-06-10 16:21
2026-06-07,Dimanche,16:00,17:00,ATHLETX REBEL - Neuilly,OPEN GYM (entraînement en accès libre),Open Gym,10,0,True,2026-06-10 16:21
2026-06-07,Dimanche,16:00,16:50,STUDIO REFORMER - Neuilly,REFORMER,Berkane Carolann,15,8,True,2026-06-10 16:21
2026-06-07,Dimanche,16:00,17:00,STUDIO SKILL-ATHLETX - Neuilly,OPEN GYM (entraînement en accès libre),Open Gym,10,0,True,2026-06-10 16:21
2026-06-07,Dimanche,17:00,17:50,STUDIO BOOTCAMP - Paris République,BOOT CAMP,Mathieu Escubedo,36,0,True,2026-06-10 16:21
2026-06-07,Dimanche,17:00,17:50,STUDIO REFORMER - Neuilly,REFORMER,Berkane Carolann,15,8,True,2026-06-10 16:21
2026-06-07,Dimanche,17:00,18:00,STUDIO SKILL-ATHLETX - Neuilly,OPEN GYM (entraînement en accès libre),Open Gym,10,2,True,2026-06-10 16:21
2026-06-07,Dimanche,17:15,18:05,STUDIO BOOTCAMP - Neuilly,BOOT CAMP,Aliou Camara,40,9,True,2026-06-10 16:21
2026-06-07,Dimanche,17:30,18:20,STUDIO REFORMER - Paris République,REFORMER,Chloé CASPAR,6,3,True,2026-06-10 16:21
2026-06-07,Dimanche,18:00,18:50,STUDIO TOTAL HYROX - Paris République,TOTAL HYROX,Mathieu Escubedo,24,3,True,2026-06-10 16:21
2026-06-08,Lundi,00:00,00:50,STUDIO REFORMER - Paris République,REFORMER,Marie  Clément ,12,0,True,2026-06-11 16:34
2026-06-08,Lundi,07:15,08:05,STUDIO REFORMER - Paris République,REFORMER,Marie  Clément ,12,0,True,2026-06-11 16:34
2026-06-08,Lundi,07:30,08:20,STUDIO LIFT ATHLETX - Neuilly,OPEN GYM (entraînement en accès libre),Open Gym,15,0,True,2026-06-11 16:34
2026-06-08,Lundi,07:30,08:20,STUDIO REFORMER - Neuilly,REFORMER,Lola millerot,15,0,True,2026-06-11 16:34
2026-06-08,Lundi,07:30,08:30,STUDIO SKILL-ATHLETX - Neuilly,OPEN GYM (entraînement en accès libre),Open Gym,10,4,True,2026-06-11 16:34
2026-06-08,Lundi,07:30,08:20,STUDIO TOTAL HYROX - Paris République,TOTAL HYROX,Marcus Feliho,24,0,True,2026-06-11 16:34
2026-06-08,Lundi,08:30,09:45,ATHLETX REBEL - Neuilly,OPEN GYM (entraînement en accès libre),Open Gym,10,2,True,2026-06-11 16:34
2026-06-08,Lundi,08:30,09:30,STUDIO SKILL-ATHLETX - Neuilly,OPEN GYM (entraînement en accès libre),Open Gym,10,0,True,2026-06-11 16:34
2026-06-08,Lundi,09:00,10:00,JUM-FIT - Neuilly,JUMP-FIT,amandine sportes,5,0,True,2026-06-11 16:34
2026-06-08,Lundi,09:00,09:50,STUDIO REFORMER - Neuilly,REFORMER,Lola millerot,15,12,True,2026-06-11 16:34
2026-06-08,Lundi,09:30,10:30,STUDIO SKILL-ATHLETX - Neuilly,OPEN GYM (entraînement en accès libre),Open Gym,10,0,True,2026-06-11 16:34
2026-06-08,Lundi,10:00,10:50,STUDIO REFORMER - Neuilly,ABS & ASS,Lola millerot,16,13,True,2026-06-11 16:34
2026-06-08,Lundi,11:00,12:00,STUDIO SKILL-ATHLETX - Neuilly,OPEN GYM (entraînement en accès libre),Open Gym,10,3,True,2026-06-11 16:34
2026-06-08,Lundi,11:30,12:30,STUDIO SKILL-ATHLETX - Neuilly,OPEN GYM (entraînement en accès libre),Open Gym,10,0,True,2026-06-11 16:34
2026-06-08,Lundi,12:00,12:45,STUDIO BOOTCAMP - Paris République,BOOT CAMP,Marcus Feliho,36,5,True,2026-06-11 16:34
2026-06-08,Lundi,12:00,12:50,STUDIO REFORMER - Paris République,REFORMER,LÉNA BACHELIER,12,0,True,2026-06-11 16:34
2026-06-08,Lundi,12:15,13:05,STUDIO BOOTCAMP - Paris République,BOOT CAMP,Marcus Feliho,36,0,True,2026-06-11 16:34
2026-06-08,Lundi,12:15,13:10,STUDIO TOTAL HYROX - Neuilly,LIFT ATHLETX,Mehdi El Ouariachi,16,16,True,2026-06-11 16:34
2026-06-08,Lundi,12:30,13:20,STUDIO BOOTCAMP - Neuilly,HYROX BOOTCAMP,William Pamfile,40,22,True,2026-06-11 16:34
2026-06-08,Lundi,12:30,13:20,STUDIO BOOTCAMP - Paris République,BOOT CAMP,Marcus Feliho,36,0,True,2026-06-11 16:34
2026-06-08,Lundi,12:30,13:20,STUDIO REFORMER - Neuilly,REFORMER,Lola millerot,15,14,True,2026-06-11 16:34
2026-06-08,Lundi,12:30,13:30,STUDIO SKILL-ATHLETX - Neuilly,OPEN GYM (entraînement en accès libre),Open Gym,10,0,True,2026-06-11 16:34
2026-06-08,Lundi,12:30,13:15,STUDIO X-BIKE - Neuilly,X-BIKE,Coraline Moinat,15,0,True,2026-06-11 16:34
2026-06-08,Lundi,12:45,13:35,STUDIO REFORMER - Paris République,REFORMER,LÉNA BACHELIER,12,7,True,2026-06-11 16:34
2026-06-08,Lundi,12:45,13:35,STUDIO TOTAL HYROX - Paris République,TOTAL HYROX,Marcus Feliho,24,7,True,2026-06-11 16:34
2026-06-08,Lundi,14:00,15:00,STUDIO SKILL-ATHLETX - Neuilly,OPEN GYM (entraînement en accès libre),Open Gym,10,1,True,2026-06-11 16:34
2026-06-08,Lundi,15:00,16:00,ATHLETX REBEL - Neuilly,OPEN GYM (entraînement en accès libre),Open Gym,10,0,True,2026-06-11 16:34
2026-06-08,Lundi,15:00,16:00,STUDIO SKILL-ATHLETX - Neuilly,OPEN GYM (entraînement en accès libre),Open Gym,10,1,True,2026-06-11 16:34
2026-06-08,Lundi,16:00,17:00,STUDIO SKILL-ATHLETX - Neuilly,OPEN GYM (entraînement en accès libre),Open Gym,10,1,True,2026-06-11 16:34
2026-06-08,Lundi,17:00,17:50,STUDIO REFORMER - Neuilly,REFORMER,Coraline Moinat,15,0,True,2026-06-11 16:34
2026-06-08,Lundi,17:00,17:50,STUDIO REFORMER - Neuilly,REFORMER,Mehdi El Ouariachi,15,0,True,2026-06-11 16:34
2026-06-08,Lundi,17:00,17:45,STUDIO SKILL-ATHLETX - Neuilly,OPEN GYM (entraînement en accès libre),Open Gym,10,4,True,2026-06-11 16:34
2026-06-08,Lundi,18:00,18:50,STUDIO BOOTCAMP - Paris République,BOOT CAMP,Marcus Feliho,36,7,True,2026-06-11 16:34
2026-06-08,Lundi,18:00,18:50,STUDIO LIFT ATHLETX - Neuilly,LIFT ATHLETX,Enzo Pichon,16,16,True,2026-06-11 16:34
2026-06-08,Lundi,18:00,18:50,STUDIO REFORMER - Neuilly,REFORMER,Margot Moittie,15,13,True,2026-06-11 16:34
2026-06-08,Lundi,18:00,18:50,STUDIO REFORMER - Paris République,REFORMER,Hané Saade,12,10,True,2026-06-11 16:34
2026-06-08,Lundi,18:00,18:45,STUDIO SKILL-ATHLETX - Neuilly,OPEN GYM (entraînement en accès libre),Open Gym,10,0,True,2026-06-11 16:34
2026-06-08,Lundi,18:30,19:20,STUDIO BOXING - Neuilly,BOXING,William Pamfile,32,0,True,2026-06-11 16:34
2026-06-08,Lundi,18:30,19:30,STUDIO SKILL-ATHLETX - Neuilly,OPEN GYM (entraînement en accès libre),Open Gym,10,0,True,2026-06-11 16:34
2026-06-08,Lundi,19:00,19:50,STUDIO BOOTCAMP - Paris République,TOTAL HYROX,Marcus Feliho,24,16,True,2026-06-11 16:34
2026-06-08,Lundi,19:00,19:50,STUDIO REFORMER - Neuilly,REFORMER,Margot Moittie,15,15,True,2026-06-11 16:34
2026-06-08,Lundi,19:00,19:50,STUDIO REFORMER - Paris République,REFORMER,Hané Saade,12,9,True,2026-06-11 16:34
2026-06-08,Lundi,19:00,19:55,STUDIO TOTAL HYROX - Neuilly,TOTAL HYROX,Mehdi El Ouariachi,24,24,True,2026-06-11 16:34
2026-06-08,Lundi,19:00,19:45,STUDIO X-BIKE - Neuilly,X-BIKE,Elisa RINGLER,15,11,True,2026-06-11 16:34
2026-06-08,Lundi,19:30,20:20,STUDIO BOOTCAMP - Neuilly,BOOT CAMP,Enzo Pichon,40,36,True,2026-06-11 16:34
2026-06-08,Lundi,20:00,20:50,STUDIO BOOTCAMP - Paris République,BOOT CAMP,Marcus Feliho,36,0,True,2026-06-11 16:34
2026-06-08,Lundi,20:00,20:50,STUDIO REFORMER - Neuilly,REFORMER,Margot Moittie,15,11,True,2026-06-11 16:34
2026-06-08,Lundi,20:00,20:50,STUDIO REFORMER - Paris République,REFORMER,Hané Saade,12,7,True,2026-06-11 16:34
2026-06-08,Lundi,20:00,20:50,STUDIO SKILL-ATHLETX - Neuilly,SKILL ATHLETX,Mehdi El Ouariachi,16,13,True,2026-06-11 16:34
2026-06-08,Lundi,20:30,21:20,STUDIO X-BIKE - Neuilly,X-BIKE,William Pamfile,15,0,True,2026-06-11 16:34
2026-06-09,Mardi,07:15,08:05,STUDIO REFORMER - Paris République,REFORMER,Chloé CASPAR,12,0,True,2026-06-12 16:00
2026-06-09,Mardi,07:30,08:20,STUDIO BOOTCAMP - Paris République,BOOT CAMP,Marcus Feliho,36,0,True,2026-06-12 16:00
2026-06-09,Mardi,07:30,08:20,STUDIO PILATES - Neuilly,REFORMER,Tania Pozdnyakova ,15,6,True,2026-06-12 16:00
2026-06-09,Mardi,07:30,08:25,STUDIO TOTAL HYROX - Neuilly,TOTAL HYROX,Mehdi El Ouariachi,24,7,True,2026-06-12 16:00
2026-06-09,Mardi,08:15,09:05,STUDIO REFORMER - Paris République,REFORMER,Chloé CASPAR,12,0,True,2026-06-12 16:00
2026-06-09,Mardi,08:30,09:30,STUDIO SKILL-ATHLETX - Neuilly,OPEN GYM (entraînement en accès libre),Open Gym,10,1,True,2026-06-12 16:00
2026-06-09,Mardi,08:45,09:35,STUDIO REFORMER - Neuilly,REFORMER,Tania Pozdnyakova ,15,14,True,2026-06-12 16:00
2026-06-09,Mardi,09:00,09:50,STUDIO REFORMER - Neuilly,REFORMER,Lola millerot,15,0,True,2026-06-12 16:00
2026-06-09,Mardi,09:30,10:30,STUDIO SKILL-ATHLETX - Neuilly,OPEN GYM (entraînement en accès libre),Open Gym,10,5,True,2026-06-12 16:00
2026-06-09,Mardi,10:15,11:05,ATHLETX REBEL - Neuilly,ABS & ASS,Coraline Moinat,16,0,True,2026-06-12 16:00
2026-06-09,Mardi,10:30,11:20,STUDIO REFORMER - Neuilly,REFORMER,Laura Jullien,15,15,True,2026-06-12 16:00
2026-06-09,Mardi,11:00,12:00,STUDIO SKILL-ATHLETX - Neuilly,OPEN GYM (entraînement en accès libre),Open Gym,10,1,True,2026-06-12 16:00
2026-06-09,Mardi,12:00,13:00,STUDIO SKILL-ATHLETX - Neuilly,OPEN GYM (entraînement en accès libre),Open Gym,10,0,True,2026-06-12 16:00
2026-06-09,Mardi,12:00,12:50,STUDIO TOTAL HYROX - Paris République,TOTAL HYROX,Marcus Feliho,24,0,True,2026-06-12 16:00
2026-06-09,Mardi,12:15,13:05,STUDIO REFORMER - Neuilly,REFORMER,Laura Jullien,15,14,True,2026-06-12 16:00
2026-06-09,Mardi,12:15,13:00,STUDIO TOTAL HYROX - Neuilly,TOTAL HYROX,Juliette Vercher,24,12,True,2026-06-12 16:00
2026-06-09,Mardi,12:30,13:25,ATHLETX REBEL - Neuilly,ATHLETX RUNNING CLUB,Margot Moittie,15,0,True,2026-06-12 16:00
2026-06-09,Mardi,12:30,13:20,STUDIO BOOTCAMP - Neuilly,BOOT CAMP,Marcus Feliho,40,32,True,2026-06-12 16:00
2026-06-09,Mardi,12:30,13:20,STUDIO BOOTCAMP - Paris République,BOOT CAMP,Curtis Arthur,36,15,True,2026-06-12 16:00
2026-06-09,Mardi,12:30,13:20,STUDIO REFORMER - Paris République,REFORMER,Chloé CASPAR,12,9,True,2026-06-12 16:00
2026-06-09,Mardi,12:30,13:15,STUDIO X-BIKE - Neuilly,X-BIKE,Olivia Feliciano,15,0,True,2026-06-12 16:00
2026-06-09,Mardi,14:00,15:00,STUDIO SKILL-ATHLETX - Neuilly,OPEN GYM (entraînement en accès libre),Open Gym,10,2,True,2026-06-12 16:00
2026-06-09,Mardi,15:00,16:00,ATHLETX REBEL - Neuilly,OPEN GYM (entraînement en accès libre),Open Gym,10,0,True,2026-06-12 16:00
2026-06-09,Mardi,15:00,16:00,STUDIO SKILL-ATHLETX - Neuilly,OPEN GYM (entraînement en accès libre),Open Gym,10,0,True,2026-06-12 16:00
2026-06-09,Mardi,16:00,17:00,ATHLETX REBEL - Neuilly,OPEN GYM (entraînement en accès libre),Open Gym,10,1,True,2026-06-12 16:00
2026-06-09,Mardi,16:00,17:00,STUDIO SKILL-ATHLETX - Neuilly,OPEN GYM (entraînement en accès libre),Open Gym,10,0,True,2026-06-12 16:00
2026-06-09,Mardi,17:00,17:50,STUDIO REFORMER - Neuilly,REFORMER,Camille  Tykoczinsky,15,0,True,2026-06-12 16:00
2026-06-09,Mardi,17:00,18:00,STUDIO SKILL-ATHLETX - Neuilly,OPEN GYM (entraînement en accès libre),Open Gym,10,1,True,2026-06-12 16:00
2026-06-09,Mardi,18:00,18:50,STUDIO REFORMER - Neuilly,REFORMER,Margot Moittie,15,13,True,2026-06-12 16:00
2026-06-09,Mardi,18:00,18:50,STUDIO REFORMER - Paris République,REFORMER,Marie  Clément ,12,8,True,2026-06-12 16:00
2026-06-09,Mardi,18:00,19:00,STUDIO SKILL-ATHLETX - Neuilly,OPEN GYM (entraînement en accès libre),Open Gym,10,0,True,2026-06-12 16:00
2026-06-09,Mardi,18:00,18:55,STUDIO TOTAL HYROX - Neuilly,ABS & ASS,Ava Achouche,16,2,True,2026-06-12 16:00
2026-06-09,Mardi,18:00,18:50,STUDIO TOTAL HYROX - Paris République,TOTAL HYROX,William Pamfile,24,11,True,2026-06-12 16:00
2026-06-09,Mardi,18:15,19:05,STUDIO BOOTCAMP - Neuilly,BOOT CAMP,Marcus Feliho,40,25,True,2026-06-12 16:00
2026-06-09,Mardi,18:30,19:20,STUDIO BOOTCAMP - Paris République,BOOT CAMP,Marie  Clément ,36,0,True,2026-06-12 16:00
2026-06-09,Mardi,19:00,19:50,STUDIO BOOTCAMP - Paris République,BOOT CAMP,William Pamfile,36,15,True,2026-06-12 16:00
2026-06-09,Mardi,19:00,20:00,STUDIO LIFT ATHLETX - Neuilly,LIFT ATHLETX,Ava Achouche,16,16,True,2026-06-12 16:00
2026-06-09,Mardi,19:00,19:50,STUDIO REFORMER - Neuilly,REFORMER,Margot Moittie,15,15,True,2026-06-12 16:00
2026-06-09,Mardi,19:00,19:50,STUDIO REFORMER - Paris République,REFORMER,Marie  Clément ,12,12,True,2026-06-12 16:00
2026-06-09,Mardi,19:00,19:45,STUDIO X-BIKE - Neuilly,X-BIKE,Lola millerot,15,12,True,2026-06-12 16:00
2026-06-09,Mardi,19:15,20:05,STUDIO BOXING - Neuilly,BOXING,Marcus Feliho,32,21,True,2026-06-12 16:00
2026-06-09,Mardi,20:00,21:00,JUM-FIT - Neuilly,JUMP-FIT,amandine sportes,5,0,True,2026-06-12 16:00
2026-06-09,Mardi,20:00,20:50,STUDIO REFORMER - Neuilly,REFORMER,Lola millerot,15,11,True,2026-06-12 16:00
2026-06-09,Mardi,20:00,20:50,STUDIO REFORMER - Paris République,REFORMER,Marie  Clément ,12,12,True,2026-06-12 16:00
2026-06-09,Mardi,20:00,20:50,STUDIO TOTAL HYROX - Paris République,TOTAL HYROX,William Pamfile,24,8,True,2026-06-12 16:00
2026-06-09,Mardi,20:15,21:05,STUDIO BOOTCAMP - Neuilly,HYROX BOOTCAMP,Marcus Feliho,40,32,True,2026-06-12 16:00
2026-06-10,Mercredi,07:00,07:50,STUDIO BOOTCAMP - Paris République,BOOT CAMP,Marcus Feliho,36,0,True,2026-06-13 23:58
2026-06-10,Mercredi,07:30,08:20,STUDIO REFORMER - Neuilly,REFORMER,Leane AMRAM,15,5,True,2026-06-13 23:58
2026-06-10,Mercredi,07:30,08:20,STUDIO REFORMER - Paris République,REFORMER,Marie  Clément ,12,0,True,2026-06-13 23:58
2026-06-10,Mercredi,07:30,08:20,STUDIO TOTAL HYROX - Paris République,TOTAL HYROX,Marcus Feliho,24,0,True,2026-06-13 23:58
2026-06-10,Mercredi,08:00,09:00,STUDIO SKILL-ATHLETX - Neuilly,OPEN GYM (entraînement en accès libre),Open Gym,10,0,True,2026-06-13 23:58
2026-06-10,Mercredi,08:45,09:35,STUDIO REFORMER - Neuilly,REFORMER,Leane AMRAM,15,8,True,2026-06-13 23:58
2026-06-10,Mercredi,09:00,10:00,STUDIO SKILL-ATHLETX - Neuilly,OPEN GYM (entraînement en accès libre),Open Gym,10,0,True,2026-06-13 23:58
2026-06-10,Mercredi,10:00,10:50,ATHLETX REBEL - Neuilly,ABS & ASS,Ava Achouche,16,13,True,2026-06-13 23:58
2026-06-10,Mercredi,11:00,11:50,STUDIO REFORMER - Neuilly,REFORMER,Ava Achouche,15,7,True,2026-06-13 23:58
2026-06-10,Mercredi,12:00,12:45,STUDIO REFORMER - Neuilly,TOTAL HYROX,Mehdi El Ouariachi,15,0,True,2026-06-13 23:58
2026-06-10,Mercredi,12:00,12:50,STUDIO REFORMER - Paris République,REFORMER,Marie  Clément ,12,6,True,2026-06-13 23:58
2026-06-10,Mercredi,12:00,12:45,STUDIO TOTAL HYROX - Paris République,TOTAL HYROX,alexis choukri,24,5,True,2026-06-13 23:58
2026-06-10,Mercredi,12:30,13:20,STUDIO BOOTCAMP - Neuilly,BOOT CAMP,Marcus Feliho,40,40,True,2026-06-13 23:58
2026-06-10,Mercredi,12:30,13:20,STUDIO REFORMER - Neuilly,REFORMER,Mehdi El Ouariachi,15,15,True,2026-06-13 23:58
2026-06-10,Mercredi,12:30,13:20,STUDIO SKILL-ATHLETX - Neuilly,SKILL ATHLETX,Elodie Baudin,16,13,True,2026-06-13 23:58
2026-06-10,Mercredi,12:45,13:35,STUDIO BOOTCAMP - Paris République,BOOT CAMP,alexis choukri,36,4,True,2026-06-13 23:58
2026-06-10,Mercredi,12:45,13:35,STUDIO REFORMER - Paris République,REFORMER,Marie  Clément ,12,6,True,2026-06-13 23:58
2026-06-10,Mercredi,12:45,13:35,STUDIO YOGA - Neuilly,YOGA VINYASA,Nadia El Makaoui,16,0,True,2026-06-13 23:58
2026-06-10,Mercredi,14:00,15:00,STUDIO SKILL-ATHLETX - Neuilly,OPEN GYM (entraînement en accès libre),Open Gym,10,3,True,2026-06-13 23:58
2026-06-10,Mercredi,15:00,16:00,ATHLETX REBEL - Neuilly,OPEN GYM (entraînement en accès libre),Open Gym,10,2,True,2026-06-13 23:58
2026-06-10,Mercredi,15:00,16:00,STUDIO SKILL-ATHLETX - Neuilly,OPEN GYM (entraînement en accès libre),Open Gym,10,0,True,2026-06-13 23:58
2026-06-10,Mercredi,16:00,17:00,ATHLETX REBEL - Neuilly,OPEN GYM (entraînement en accès libre),Open Gym,10,1,True,2026-06-13 23:58
2026-06-10,Mercredi,16:00,17:00,STUDIO SKILL-ATHLETX - Neuilly,OPEN GYM (entraînement en accès libre),Open Gym,10,0,True,2026-06-13 23:58
2026-06-10,Mercredi,17:00,17:50,STUDIO REFORMER - Neuilly,REFORMER,Berkane Carolann,15,7,True,2026-06-13 23:58
2026-06-10,Mercredi,17:00,18:00,STUDIO SKILL-ATHLETX - Neuilly,OPEN GYM (entraînement en accès libre),Open Gym,10,7,True,2026-06-13 23:58
2026-06-10,Mercredi,18:00,18:50,STUDIO BOOTCAMP - Paris République,BOOT CAMP,Marcus Feliho,36,2,True,2026-06-13 23:58
2026-06-10,Mercredi,18:00,18:50,STUDIO REFORMER - Neuilly,REFORMER,Laura Jullien,15,9,True,2026-06-13 23:58
2026-06-10,Mercredi,18:00,18:50,STUDIO REFORMER - Paris République,REFORMER,Marie  Clément ,12,3,True,2026-06-13 23:58
2026-06-10,Mercredi,18:00,18:55,STUDIO TOTAL HYROX - Neuilly,TOTAL HYROX,Juliette Vercher,24,12,True,2026-06-13 23:58
2026-06-10,Mercredi,18:30,19:20,STUDIO TOTAL HYROX - Paris République,TOTAL HYROX,Marcus Feliho,24,0,True,2026-06-13 23:58
2026-06-10,Mercredi,19:00,19:50,STUDIO BOXING - Neuilly,ABS & RIDE,Marcus Feliho,30,22,True,2026-06-13 23:58
2026-06-10,Mercredi,19:00,19:50,STUDIO REFORMER - Neuilly,REFORMER,Laura Jullien,15,13,True,2026-06-13 23:58
2026-06-10,Mercredi,19:00,19:50,STUDIO REFORMER - Paris République,REFORMER SIGNATURE,Marie  Clément ,12,9,True,2026-06-13 23:58
2026-06-10,Mercredi,19:00,19:50,STUDIO SKILL-ATHLETX - Neuilly,SKILL ATHLETX,Elodie Baudin,16,8,True,2026-06-13 23:58
2026-06-10,Mercredi,19:00,19:50,STUDIO TOTAL HYROX - Paris République,TOTAL HYROX,Marcus Feliho,24,17,True,2026-06-13 23:58
2026-06-10,Mercredi,19:00,19:45,STUDIO X-BIKE - Neuilly,X-BIKE,Juliette Vercher,15,0,True,2026-06-13 23:58
2026-06-10,Mercredi,20:00,20:50,STUDIO BOOTCAMP - Neuilly,BOOT CAMP,Marcus Feliho,40,20,True,2026-06-13 23:58
2026-06-10,Mercredi,20:00,20:50,STUDIO BOOTCAMP - Paris République,BOOT CAMP,Marcus Feliho,36,0,True,2026-06-13 23:58
2026-06-10,Mercredi,20:00,21:00,STUDIO LIFT ATHLETX - Neuilly,LIFT ATHLETX,Elodie Baudin,16,7,True,2026-06-13 23:58
2026-06-10,Mercredi,20:00,20:50,STUDIO REFORMER - Neuilly,REFORMER,Juliette Vercher,15,14,True,2026-06-13 23:58
2026-06-10,Mercredi,20:00,20:50,STUDIO REFORMER - Paris République,REFORMER,Marie  Clément ,12,0,True,2026-06-13 23:58
2026-06-11,Jeudi,07:15,08:05,STUDIO REFORMER - Paris République,REFORMER,Leane AMRAM,12,0,True,2026-06-14 14:59
2026-06-11,Jeudi,07:30,08:30,STUDIO SKILL-ATHLETX - Neuilly,OPEN GYM (entraînement en accès libre),Open Gym,10,0,True,2026-06-14 14:59
2026-06-11,Jeudi,07:30,08:20,STUDIO TOTAL HYROX - Neuilly,TOTAL HYROX,Mehdi El Ouariachi,24,7,True,2026-06-14 14:59
2026-06-11,Jeudi,07:30,08:20,STUDIO TOTAL HYROX - Paris République,TOTAL HYROX,Alexandre Creantor-Cafournet,24,0,True,2026-06-14 14:59
2026-06-11,Jeudi,08:15,09:05,STUDIO REFORMER - Paris République,REFORMER,Leane AMRAM,12,0,True,2026-06-14 14:59
2026-06-11,Jeudi,08:30,09:30,STUDIO SKILL-ATHLETX - Neuilly,OPEN GYM (entraînement en accès libre),Open Gym,10,2,True,2026-06-14 14:59
2026-06-11,Jeudi,09:00,09:50,STUDIO REFORMER - Neuilly,REFORMER,Laura Jullien,15,7,True,2026-06-14 14:59
2026-06-11,Jeudi,09:30,10:30,STUDIO SKILL-ATHLETX - Neuilly,OPEN GYM (entraînement en accès libre),Open Gym,10,2,True,2026-06-14 14:59
2026-06-11,Jeudi,10:00,10:50,STUDIO REFORMER - Neuilly,REFORMER,Laura Jullien,15,8,True,2026-06-14 14:59
2026-06-11,Jeudi,10:30,11:30,STUDIO SKILL-ATHLETX - Neuilly,OPEN GYM (entraînement en accès libre),Open Gym,10,0,True,2026-06-14 14:59
2026-06-11,Jeudi,10:45,11:45,STUDIO SKILL-ATHLETX - Neuilly,OPEN GYM (entraînement en accès libre),Open Gym,10,0,True,2026-06-14 14:59
2026-06-11,Jeudi,12:00,12:45,STUDIO STRETCHING - Neuilly,REFORMER SIGNATURE,Coraline Moinat,15,14,True,2026-06-14 14:59
2026-06-11,Jeudi,12:00,12:45,STUDIO TOTAL HYROX - Neuilly,TOTAL HYROX,Mehdi El Ouariachi,24,16,True,2026-06-14 14:59
2026-06-11,Jeudi,12:15,13:05,STUDIO TOTAL HYROX - Paris République,TOTAL HYROX,Marcus Feliho,24,0,True,2026-06-14 14:59
2026-06-11,Jeudi,12:30,13:20,STUDIO BOOTCAMP - Neuilly,BOOT CAMP,Laura Jullien,40,13,True,2026-06-14 14:59
2026-06-11,Jeudi,12:30,13:20,STUDIO BOOTCAMP - Paris République,BOOT CAMP,Lola millerot,36,8,True,2026-06-14 14:59
2026-06-11,Jeudi,12:30,13:20,STUDIO REFORMER - Paris République,REFORMER,Margot Moittie,12,8,True,2026-06-14 14:59
2026-06-11,Jeudi,12:30,13:15,STUDIO X-BIKE - Neuilly,X-BIKE,Lola millerot,15,0,True,2026-06-14 14:59
2026-06-11,Jeudi,12:45,13:40,STUDIO LIFT ATHLETX - Neuilly,LIFT ATHLETX,Mehdi El Ouariachi,16,10,True,2026-06-14 14:59
2026-06-11,Jeudi,12:45,13:30,STUDIO REFORMER - Neuilly,REFORMER RESET,Coraline Moinat,15,15,True,2026-06-14 14:59
2026-06-11,Jeudi,14:00,15:00,STUDIO SKILL-ATHLETX - Neuilly,OPEN GYM (entraînement en accès libre),Open Gym,10,0,True,2026-06-14 14:59
2026-06-11,Jeudi,15:00,16:00,ATHLETX REBEL - Neuilly,OPEN GYM (entraînement en accès libre),Open Gym,10,0,True,2026-06-14 14:59
2026-06-11,Jeudi,15:00,16:00,STUDIO SKILL-ATHLETX - Neuilly,OPEN GYM (entraînement en accès libre),Open Gym,10,0,True,2026-06-14 14:59
2026-06-11,Jeudi,16:00,17:00,ATHLETX REBEL - Neuilly,OPEN GYM (entraînement en accès libre),Open Gym,10,0,True,2026-06-14 14:59
2026-06-11,Jeudi,16:00,17:00,STUDIO SKILL-ATHLETX - Neuilly,OPEN GYM (entraînement en accès libre),Open Gym,10,0,True,2026-06-14 14:59
2026-06-11,Jeudi,17:00,17:50,STUDIO REFORMER - Neuilly,REFORMER,Camille  Tykoczinsky,15,0,True,2026-06-14 14:59
2026-06-11,Jeudi,17:00,17:50,STUDIO REFORMER - Neuilly,REFORMER,Berkane Carolann,15,0,True,2026-06-14 14:59
2026-06-11,Jeudi,17:00,18:00,STUDIO SKILL-ATHLETX - Neuilly,OPEN GYM (entraînement en accès libre),Open Gym,10,1,True,2026-06-14 14:59
2026-06-11,Jeudi,18:00,18:50,STUDIO REFORMER - Neuilly,REFORMER SIGNATURE,Marie  Clément ,15,15,True,2026-06-14 14:59
2026-06-11,Jeudi,18:00,18:50,STUDIO REFORMER - Paris République,REFORMER,Coraline Moinat,12,4,True,2026-06-14 14:59
2026-06-11,Jeudi,18:15,19:05,STUDIO REFORMER - Paris République,REFORMER,Marie  Clément ,12,0,True,2026-06-14 14:59
2026-06-11,Jeudi,18:30,19:20,STUDIO BOOTCAMP - Neuilly,ABS & RIDE,William Pamfile,30,12,True,2026-06-14 14:59
2026-06-11,Jeudi,18:30,19:20,STUDIO BOOTCAMP - Paris République,BOOT CAMP,Marcus Feliho,36,0,True,2026-06-14 14:59
2026-06-11,Jeudi,18:30,19:25,STUDIO TOTAL HYROX - Neuilly,TOTAL HYROX,Jessica Sanki,24,14,True,2026-06-14 14:59
2026-06-11,Jeudi,18:30,19:20,STUDIO TOTAL HYROX - Paris République,TOTAL HYROX,Marcus Feliho,24,9,True,2026-06-14 14:59
2026-06-11,Jeudi,19:00,19:50,STUDIO REFORMER - Neuilly,REFORMER SIGNATURE,Marie  Clément ,15,15,True,2026-06-14 14:59
2026-06-11,Jeudi,19:00,19:50,STUDIO REFORMER - Paris République,REFORMER,Coraline Moinat,12,8,True,2026-06-14 14:59
2026-06-11,Jeudi,19:15,20:05,STUDIO REFORMER - Paris République,REFORMER,Marie  Clément ,12,0,True,2026-06-14 14:59
2026-06-11,Jeudi,19:30,20:20,STUDIO BOOTCAMP - Neuilly,BOOT CAMP,Enzo Pichon,40,17,True,2026-06-14 14:59
2026-06-11,Jeudi,19:30,20:20,STUDIO BOOTCAMP - Paris République,BOOT CAMP,Marcus Feliho,36,18,True,2026-06-14 14:59
2026-06-11,Jeudi,19:30,20:30,STUDIO LIFT ATHLETX - Neuilly,LIFT ATHLETX,Jessica Sanki,16,12,True,2026-06-14 14:59
2026-06-11,Jeudi,20:00,20:50,STUDIO REFORMER - Neuilly,REFORMER SIGNATURE,Marie  Clément ,15,13,True,2026-06-14 14:59
2026-06-11,Jeudi,20:00,20:50,STUDIO REFORMER - Paris République,REFORMER,Coraline Moinat,12,7,True,2026-06-14 14:59
2026-06-12,Vendredi,07:30,08:20,STUDIO BOOTCAMP - Neuilly,BOOT CAMP,Marcus Feliho,32,0,True,2026-06-15 18:14
2026-06-12,Vendredi,07:30,08:20,STUDIO REFORMER - Neuilly,REFORMER,Hané Saade,15,11,True,2026-06-15 18:14
2026-06-12,Vendredi,07:30,08:20,STUDIO REFORMER - Paris République,REFORMER,Marie  Clément ,12,0,True,2026-06-15 18:14
2026-06-12,Vendredi,07:30,08:30,STUDIO SKILL-ATHLETX - Neuilly,OPEN GYM (entraînement en accès libre),Open Gym,10,8,True,2026-06-15 18:14
2026-06-12,Vendredi,08:00,08:45,STUDIO SKILL-ATHLETX - Neuilly,OPEN GYM (entraînement en accès libre),Open Gym,10,0,True,2026-06-15 18:14
2026-06-12,Vendredi,08:00,08:50,STUDIO TOTAL HYROX - Paris République,TOTAL HYROX,Marcus Feliho,24,0,True,2026-06-15 18:14
2026-06-12,Vendredi,08:45,09:35,STUDIO REFORMER - Neuilly,REFORMER RESET,Hané Saade,15,5,True,2026-06-15 18:14
2026-06-12,Vendredi,09:00,09:50,ATHLETX REBEL - Neuilly,ABS & ASS,Coraline Moinat,16,13,True,2026-06-15 18:14
2026-06-12,Vendredi,10:00,11:00,STUDIO SKILL-ATHLETX - Neuilly,OPEN GYM (entraînement en accès libre),Open Gym,10,0,True,2026-06-15 18:14
2026-06-12,Vendredi,10:45,11:35,STUDIO REFORMER - Neuilly,REFORMER,Ava Achouche,15,9,True,2026-06-15 18:14
2026-06-12,Vendredi,11:00,12:00,STUDIO SKILL-ATHLETX - Neuilly,OPEN GYM (entraînement en accès libre),Open Gym,10,0,True,2026-06-15 18:14
2026-06-12,Vendredi,11:15,12:05,STUDIO REFORMER - Paris République,REFORMER,Curtis Arthur,12,7,True,2026-06-15 18:14
2026-06-12,Vendredi,12:00,12:45,STUDIO BOOTCAMP - Paris République,BOOT CAMP,Marcus Feliho,36,4,True,2026-06-15 18:14
2026-06-12,Vendredi,12:00,12:45,STUDIO SKILL-ATHLETX - Neuilly,SKILL ATHLETX,Jessica Sanki,16,14,True,2026-06-15 18:14
2026-06-12,Vendredi,12:30,13:20,STUDIO BOOTCAMP - Neuilly,BOOT CAMP,Coraline Moinat,40,21,True,2026-06-15 18:14
2026-06-12,Vendredi,12:30,13:20,STUDIO REFORMER - Neuilly,REFORMER,Laura Jullien,15,14,True,2026-06-15 18:14
2026-06-12,Vendredi,12:30,13:20,STUDIO REFORMER - Paris République,REFORMER,Curtis Arthur,12,7,True,2026-06-15 18:14
2026-06-12,Vendredi,12:30,13:20,STUDIO YOGA - Neuilly,YOGA VINYASA,Nadia El Makaoui,16,0,True,2026-06-15 18:14
2026-06-12,Vendredi,12:45,13:30,STUDIO TOTAL HYROX - Neuilly,LIFT ATHLETX,Jessica Sanki,16,14,True,2026-06-15 18:14
2026-06-12,Vendredi,12:45,13:30,STUDIO TOTAL HYROX - Paris République,TOTAL HYROX,Marcus Feliho,24,19,True,2026-06-15 18:14
2026-06-12,Vendredi,12:45,13:45,STUDIO YOGA - Neuilly,YOGA VINYASA,Nadia El Makaoui,16,0,True,2026-06-15 18:14
2026-06-12,Vendredi,14:00,15:00,STUDIO SKILL-ATHLETX - Neuilly,OPEN GYM (entraînement en accès libre),Open Gym,10,0,True,2026-06-15 18:14
2026-06-12,Vendredi,15:00,16:00,ATHLETX REBEL - Neuilly,OPEN GYM (entraînement en accès libre),Open Gym,10,1,True,2026-06-15 18:14
2026-06-12,Vendredi,15:00,16:00,STUDIO SKILL-ATHLETX - Neuilly,OPEN GYM (entraînement en accès libre),Open Gym,10,0,True,2026-06-15 18:14
2026-06-12,Vendredi,16:00,17:00,ATHLETX REBEL - Neuilly,OPEN GYM (entraînement en accès libre),Open Gym,10,3,True,2026-06-15 18:14
2026-06-12,Vendredi,16:00,17:00,STUDIO SKILL-ATHLETX - Neuilly,OPEN GYM (entraînement en accès libre),Open Gym,10,0,True,2026-06-15 18:14
2026-06-12,Vendredi,17:00,17:50,STUDIO REFORMER - Neuilly,REFORMER,Elisa RINGLER,15,0,True,2026-06-15 18:14
2026-06-12,Vendredi,17:00,17:50,STUDIO REFORMER - Paris République,REFORMER,Hané Saade,12,0,True,2026-06-15 18:14
2026-06-12,Vendredi,17:00,18:00,STUDIO SKILL-ATHLETX - Neuilly,OPEN GYM (entraînement en accès libre),Open Gym,10,2,True,2026-06-15 18:14
2026-06-12,Vendredi,18:00,18:50,STUDIO REFORMER - Neuilly,REFORMER,Olivia Feliciano,15,9,True,2026-06-15 18:14
2026-06-12,Vendredi,18:00,18:50,STUDIO REFORMER - Paris République,REFORMER,Hané Saade,12,9,True,2026-06-15 18:14
2026-06-12,Vendredi,18:00,19:00,STUDIO SKILL-ATHLETX - Neuilly,OPEN GYM (entraînement en accès libre),Open Gym,10,0,True,2026-06-15 18:14
2026-06-12,Vendredi,18:00,18:55,STUDIO TOTAL HYROX - Neuilly,TOTAL HYROX,Laura Jullien,24,14,True,2026-06-15 18:14
2026-06-12,Vendredi,18:00,18:50,STUDIO TOTAL HYROX - Paris République,TOTAL HYROX,Alexandre Creantor-Cafournet,24,5,True,2026-06-15 18:14
2026-06-12,Vendredi,19:00,19:50,STUDIO BOOTCAMP - Neuilly,HYROX BOOTCAMP,Laura Jullien,40,9,True,2026-06-15 18:14
2026-06-12,Vendredi,19:00,19:50,STUDIO BOOTCAMP - Paris République,BOOT CAMP,Alexandre Creantor-Cafournet,36,6,True,2026-06-15 18:14
2026-06-12,Vendredi,19:00,19:50,STUDIO REFORMER - Neuilly,REFORMER,Olivia Feliciano,15,12,True,2026-06-15 18:14
2026-06-12,Vendredi,19:00,19:50,STUDIO REFORMER - Paris République,REFORMER,Hané Saade,12,8,True,2026-06-15 18:14
2026-06-12,Vendredi,19:00,20:00,STUDIO SKILL-ATHLETX - Neuilly,OPEN GYM (entraînement en accès libre),Open Gym,10,2,True,2026-06-15 18:14
2026-06-12,Vendredi,19:00,19:50,STUDIO TOTAL HYROX - Paris République,TOTAL HYROX,Marcus Feliho,24,0,True,2026-06-15 18:14
2026-06-13,Samedi,09:00,09:50,STUDIO REFORMER - Neuilly,REFORMER,Tania Pozdnyakova ,15,0,True,2026-06-16 17:51
2026-06-13,Samedi,09:00,09:50,STUDIO REFORMER - Paris République,REFORMER,Marie  Clément ,12,0,True,2026-06-16 17:51
2026-06-13,Samedi,10:00,10:50,STUDIO BOOTCAMP - Neuilly,ABS & RIDE,William Pamfile,30,10,True,2026-06-16 17:51
2026-06-13,Samedi,10:00,10:50,STUDIO BOOTCAMP - Paris République,BOOT CAMP,Marcus Feliho,36,11,True,2026-06-16 17:51
2026-06-13,Samedi,10:00,10:50,STUDIO REFORMER - Neuilly,REFORMER,Tania Pozdnyakova ,15,15,True,2026-06-16 17:51
2026-06-13,Samedi,10:00,10:50,STUDIO REFORMER - Paris République,REFORMER,Hané Saade,12,9,True,2026-06-16 17:51
2026-06-13,Samedi,10:00,10:50,STUDIO SKILL-ATHLETX - Neuilly,SKILL ATHLETX,Jessica Sanki,16,13,True,2026-06-16 17:51
2026-06-13,Samedi,11:00,11:50,STUDIO BOOTCAMP - Neuilly,BOOT CAMP,William Pamfile,40,17,True,2026-06-16 17:51
2026-06-13,Samedi,11:00,12:00,STUDIO LIFT ATHLETX - Neuilly,LIFT ATHLETX,Jessica Sanki,16,16,True,2026-06-16 17:51
2026-06-13,Samedi,11:00,11:50,STUDIO REFORMER - Neuilly,REFORMER,Tania Pozdnyakova ,15,15,True,2026-06-16 17:51
2026-06-13,Samedi,11:00,11:50,STUDIO REFORMER - Paris République,REFORMER,Hané Saade,12,7,True,2026-06-16 17:51
2026-06-13,Samedi,11:00,11:50,STUDIO TOTAL HYROX - Paris République,TOTAL HYROX,Marcus Feliho,24,11,True,2026-06-16 17:51
2026-06-13,Samedi,12:00,12:50,STUDIO REFORMER - Neuilly,REFORMER,Sara Sadeg,15,11,True,2026-06-16 17:51
2026-06-13,Samedi,12:00,12:50,STUDIO REFORMER - Paris République,REFORMER,Hané Saade,12,4,True,2026-06-16 17:51
2026-06-13,Samedi,12:00,12:55,STUDIO TOTAL HYROX - Neuilly,TOTAL HYROX,Jessica Sanki,24,19,True,2026-06-16 17:51
2026-06-13,Samedi,12:00,12:50,STUDIO TOTAL HYROX - Paris République,HYROX BOOTCAMP,Marcus Feliho,36,6,True,2026-06-16 17:51
2026-06-13,Samedi,13:00,13:50,STUDIO REFORMER - Neuilly,REFORMER RESET,Sara Sadeg,15,5,True,2026-06-16 17:51
2026-06-13,Samedi,13:00,14:00,STUDIO SKILL-ATHLETX - Neuilly,OPEN GYM (entraînement en accès libre),Open Gym,10,4,True,2026-06-16 17:51
2026-06-13,Samedi,14:00,15:00,STUDIO SKILL-ATHLETX - Neuilly,OPEN GYM (entraînement en accès libre),Open Gym,10,2,True,2026-06-16 17:51
2026-06-13,Samedi,15:00,16:00,STUDIO SKILL-ATHLETX - Neuilly,OPEN GYM (entraînement en accès libre),Open Gym,10,0,True,2026-06-16 17:51
2026-06-13,Samedi,16:00,16:50,STUDIO REFORMER - Neuilly,REFORMER,Arthur Gambardella,15,0,True,2026-06-16 17:51
2026-06-13,Samedi,16:00,16:50,STUDIO REFORMER - Neuilly,REFORMER,Salomé Dadoun ,15,0,True,2026-06-16 17:51
2026-06-13,Samedi,16:00,17:00,STUDIO SKILL-ATHLETX - Neuilly,OPEN GYM (entraînement en accès libre),Open Gym,10,0,True,2026-06-16 17:51
2026-06-13,Samedi,17:00,17:50,STUDIO BOOTCAMP - Neuilly,BOOT CAMP,Mehdi El Ouariachi,40,0,True,2026-06-16 17:51
2026-06-13,Samedi,17:00,17:50,STUDIO REFORMER - Neuilly,REFORMER,Arthur Gambardella,15,0,True,2026-06-16 17:51
2026-06-13,Samedi,17:00,17:50,STUDIO REFORMER - Neuilly,REFORMER,Salomé Dadoun ,15,0,True,2026-06-16 17:51
2026-06-13,Samedi,17:00,17:50,STUDIO REFORMER - Paris République,REFORMER,Chloé CASPAR,12,0,True,2026-06-16 17:51
2026-06-13,Samedi,17:00,18:00,STUDIO SKILL-ATHLETX - Neuilly,OPEN GYM (entraînement en accès libre),Open Gym,10,0,True,2026-06-16 17:51
2026-06-13,Samedi,17:00,17:50,STUDIO TOTAL HYROX - Paris République,TOTAL HYROX,Enzo Pichon,24,0,True,2026-06-16 17:51
2026-06-13,Samedi,17:30,18:20,STUDIO BOOTCAMP - Paris République,BOOT CAMP,Enzo Pichon,36,0,True,2026-06-16 17:51
2026-06-13,Samedi,17:30,18:20,STUDIO REFORMER - Paris République,REFORMER,Chloé CASPAR,12,0,True,2026-06-16 17:51
2026-06-13,Samedi,20:00,20:50,STUDIO REFORMER - Paris République,REFORMER,Marie  Clément ,12,0,True,2026-06-16 17:51
2026-06-14,Dimanche,10:00,10:50,STUDIO REFORMER - Neuilly,REFORMER  : JUMP BOARD 💥,Leane AMRAM,15,11,True,2026-06-17 16:25
2026-06-14,Dimanche,10:00,10:50,STUDIO REFORMER - Paris République,REFORMER,Marie  Clément ,12,7,True,2026-06-17 16:25
2026-06-14,Dimanche,10:00,11:00,STUDIO SKILL-ATHLETX - Neuilly,OPEN GYM (entraînement en accès libre),Open Gym,10,0,True,2026-06-17 16:25
2026-06-14,Dimanche,10:00,10:50,STUDIO TOTAL HYROX - Neuilly,TOTAL HYROX,Enzo Pichon,24,17,True,2026-06-17 16:25
2026-06-14,Dimanche,10:00,10:50,STUDIO TOTAL HYROX - Paris République,TOTAL HYROX,alexis choukri,24,11,True,2026-06-17 16:25
2026-06-14,Dimanche,10:00,10:50,STUDIO TOTAL HYROX - Paris République,TOTAL HYROX,Marcus Feliho,24,0,True,2026-06-17 16:25
2026-06-14,Dimanche,11:00,11:50,STUDIO BOOTCAMP - Neuilly,BOOT CAMP,Enzo Pichon,40,30,True,2026-06-17 16:25
2026-06-14,Dimanche,11:00,11:50,STUDIO BOOTCAMP - Paris République,BOOT CAMP,alexis choukri,36,4,True,2026-06-17 16:25
2026-06-14,Dimanche,11:00,11:50,STUDIO REFORMER - Neuilly,REFORMER  : JUMP BOARD 💥,Leane AMRAM,15,4,True,2026-06-17 16:25
2026-06-14,Dimanche,11:00,11:50,STUDIO REFORMER - Paris République,REFORMER,Marie  Clément ,12,8,True,2026-06-17 16:25
2026-06-14,Dimanche,11:00,11:50,STUDIO SKILL-ATHLETX - Neuilly,ABS & ASS,Berkane Carolann,16,13,True,2026-06-17 16:25
2026-06-14,Dimanche,12:00,12:50,STUDIO BOOTCAMP - Neuilly,RUNNING BOOTCAMP,Aliou Camara,20,9,True,2026-06-17 16:25
2026-06-14,Dimanche,12:00,12:50,STUDIO REFORMER - Neuilly,REFORMER  : JUMP BOARD 💥,Leane AMRAM,15,8,True,2026-06-17 16:25
2026-06-14,Dimanche,12:00,12:50,STUDIO REFORMER - Paris République,REFORMER,Marie  Clément ,12,7,True,2026-06-17 16:25
2026-06-14,Dimanche,12:00,12:50,STUDIO TOTAL HYROX - Neuilly,TOTAL HYROX,William Pamfile,16,0,True,2026-06-17 16:25
2026-06-14,Dimanche,12:00,12:50,STUDIO TOTAL HYROX - Neuilly,TOTAL HYROX,Enzo Pichon,24,7,True,2026-06-17 16:25
2026-06-14,Dimanche,12:00,12:50,STUDIO TOTAL HYROX - Paris République,TOTAL HYROX,alexis choukri,24,7,True,2026-06-17 16:25
2026-06-14,Dimanche,13:00,13:50,STUDIO REFORMER - Neuilly,REFORMER RESET,Berkane Carolann,15,7,True,2026-06-17 16:25
2026-06-14,Dimanche,13:00,14:00,STUDIO SKILL-ATHLETX - Neuilly,OPEN GYM (entraînement en accès libre),Open Gym,10,5,True,2026-06-17 16:25
2026-06-14,Dimanche,14:00,15:00,STUDIO SKILL-ATHLETX - Neuilly,OPEN GYM (entraînement en accès libre),Open Gym,10,0,True,2026-06-17 16:25
2026-06-14,Dimanche,15:00,16:00,ATHLETX REBEL - Neuilly,OPEN GYM (entraînement en accès libre),Open Gym,10,3,True,2026-06-17 16:25
2026-06-14,Dimanche,15:00,16:00,STUDIO SKILL-ATHLETX - Neuilly,OPEN GYM (entraînement en accès libre),Open Gym,10,0,True,2026-06-17 16:25
2026-06-14,Dimanche,16:00,17:00,ATHLETX REBEL - Neuilly,OPEN GYM (entraînement en accès libre),Open Gym,10,0,True,2026-06-17 16:25
2026-06-14,Dimanche,16:00,16:50,STUDIO REFORMER - Neuilly,REFORMER,Berkane Carolann,15,0,True,2026-06-17 16:25
2026-06-14,Dimanche,16:00,17:00,STUDIO SKILL-ATHLETX - Neuilly,OPEN GYM (entraînement en accès libre),Open Gym,10,0,True,2026-06-17 16:25
2026-06-14,Dimanche,17:00,17:50,STUDIO BOOTCAMP - Paris République,BOOT CAMP,Marcus Feliho,36,0,True,2026-06-17 16:25
2026-06-14,Dimanche,17:00,17:50,STUDIO REFORMER - Neuilly,REFORMER,Berkane Carolann,15,11,True,2026-06-17 16:25
2026-06-14,Dimanche,17:00,17:50,STUDIO REFORMER - Paris République,REFORMER,Chloé CASPAR,12,0,True,2026-06-17 16:25
2026-06-14,Dimanche,17:00,18:00,STUDIO SKILL-ATHLETX - Neuilly,OPEN GYM (entraînement en accès libre),Open Gym,10,3,True,2026-06-17 16:25
2026-06-14,Dimanche,17:15,18:05,STUDIO BOOTCAMP - Neuilly,BOOT CAMP,Aliou Camara,40,12,True,2026-06-17 16:25
2026-06-14,Dimanche,17:30,18:20,STUDIO REFORMER - Paris République,REFORMER,Chloé CASPAR,12,9,True,2026-06-17 16:25
2026-06-14,Dimanche,17:30,18:20,STUDIO TOTAL HYROX - Paris République,TOTAL HYROX,Mathieu Escubedo,24,5,True,2026-06-17 16:25
2026-06-15,Lundi,00:00,00:50,STUDIO REFORMER - Paris République,REFORMER,Marie  Clément ,12,0,True,2026-06-18 16:00
2026-06-15,Lundi,07:15,08:05,STUDIO REFORMER - Paris République,REFORMER,Marie  Clément ,12,0,True,2026-06-18 16:00
2026-06-15,Lundi,07:30,08:20,STUDIO LIFT ATHLETX - Neuilly,OPEN GYM (entraînement en accès libre),Open Gym,15,0,True,2026-06-18 16:00
2026-06-15,Lundi,07:30,08:20,STUDIO REFORMER - Neuilly,REFORMER,Lola millerot,15,0,True,2026-06-18 16:00
2026-06-15,Lundi,07:30,08:30,STUDIO SKILL-ATHLETX - Neuilly,OPEN GYM (entraînement en accès libre),Open Gym,10,2,True,2026-06-18 16:00
2026-06-15,Lundi,07:30,08:20,STUDIO TOTAL HYROX - Paris République,TOTAL HYROX,Marcus Feliho,24,0,True,2026-06-18 16:00
2026-06-15,Lundi,08:30,09:45,ATHLETX REBEL - Neuilly,OPEN GYM (entraînement en accès libre),Open Gym,10,1,True,2026-06-18 16:00
2026-06-15,Lundi,08:30,09:30,STUDIO SKILL-ATHLETX - Neuilly,OPEN GYM (entraînement en accès libre),Open Gym,10,0,True,2026-06-18 16:00
2026-06-15,Lundi,09:00,10:00,JUM-FIT - Neuilly,JUMP-FIT,amandine sportes,5,0,True,2026-06-18 16:00
2026-06-15,Lundi,09:00,09:50,STUDIO REFORMER - Neuilly,REFORMER,Lola millerot,15,10,True,2026-06-18 16:00
2026-06-15,Lundi,09:30,10:30,STUDIO SKILL-ATHLETX - Neuilly,OPEN GYM (entraînement en accès libre),Open Gym,10,0,True,2026-06-18 16:00
2026-06-15,Lundi,10:00,10:50,STUDIO REFORMER - Neuilly,ABS & ASS,Lola millerot,16,11,True,2026-06-18 16:00
2026-06-15,Lundi,11:00,12:00,STUDIO SKILL-ATHLETX - Neuilly,OPEN GYM (entraînement en accès libre),Open Gym,10,3,True,2026-06-18 16:00
2026-06-15,Lundi,11:30,12:30,STUDIO SKILL-ATHLETX - Neuilly,OPEN GYM (entraînement en accès libre),Open Gym,10,0,True,2026-06-18 16:00
2026-06-15,Lundi,12:00,12:45,STUDIO REFORMER - Paris République,REFORMER,Marie  Clément ,12,7,True,2026-06-18 16:00
2026-06-15,Lundi,12:15,13:05,STUDIO BOOTCAMP - Paris République,BOOT CAMP,Marcus Feliho,36,0,True,2026-06-18 16:00
2026-06-15,Lundi,12:15,13:10,STUDIO TOTAL HYROX - Neuilly,LIFT ATHLETX,Mehdi El Ouariachi,16,15,True,2026-06-18 16:00
2026-06-15,Lundi,12:30,13:20,STUDIO BOOTCAMP - Neuilly,HYROX BOOTCAMP,William Pamfile,40,24,True,2026-06-18 16:00
2026-06-15,Lundi,12:30,13:20,STUDIO BOOTCAMP - Paris République,BOOT CAMP,Marcus Feliho,36,0,True,2026-06-18 16:00
2026-06-15,Lundi,12:30,13:20,STUDIO REFORMER - Neuilly,REFORMER,Lola millerot,15,14,True,2026-06-18 16:00
2026-06-15,Lundi,12:30,13:30,STUDIO SKILL-ATHLETX - Neuilly,OPEN GYM (entraînement en accès libre),Open Gym,10,0,True,2026-06-18 16:00
2026-06-15,Lundi,12:45,13:35,STUDIO REFORMER - Paris République,REFORMER,LÉNA BACHELIER,12,0,True,2026-06-18 16:00
2026-06-15,Lundi,12:45,13:35,STUDIO TOTAL HYROX - Paris République,TOTAL HYROX,Marie  Clément ,24,6,True,2026-06-18 16:00
2026-06-15,Lundi,14:00,15:00,STUDIO SKILL-ATHLETX - Neuilly,OPEN GYM (entraînement en accès libre),Open Gym,10,1,True,2026-06-18 16:00
2026-06-15,Lundi,15:00,16:00,ATHLETX REBEL - Neuilly,OPEN GYM (entraînement en accès libre),Open Gym,10,0,True,2026-06-18 16:00
2026-06-15,Lundi,15:00,16:00,STUDIO SKILL-ATHLETX - Neuilly,OPEN GYM (entraînement en accès libre),Open Gym,10,2,True,2026-06-18 16:00
2026-06-15,Lundi,16:00,17:00,STUDIO SKILL-ATHLETX - Neuilly,OPEN GYM (entraînement en accès libre),Open Gym,10,2,True,2026-06-18 16:00
2026-06-15,Lundi,17:00,17:50,STUDIO REFORMER - Neuilly,REFORMER,Coraline Moinat,15,0,True,2026-06-18 16:00
2026-06-15,Lundi,17:00,17:50,STUDIO REFORMER - Neuilly,REFORMER,Mehdi El Ouariachi,15,0,True,2026-06-18 16:00
2026-06-15,Lundi,17:00,17:45,STUDIO SKILL-ATHLETX - Neuilly,OPEN GYM (entraînement en accès libre),Open Gym,10,4,True,2026-06-18 16:00
2026-06-15,Lundi,18:00,18:50,STUDIO LIFT ATHLETX - Neuilly,LIFT ATHLETX,Enzo Pichon,16,13,True,2026-06-18 16:00
2026-06-15,Lundi,18:00,18:50,STUDIO REFORMER - Neuilly,REFORMER,Margot Moittie,15,13,True,2026-06-18 16:00
2026-06-15,Lundi,18:00,18:50,STUDIO REFORMER - Paris République,REFORMER,Hané Saade,12,12,True,2026-06-18 16:00
2026-06-15,Lundi,18:00,18:45,STUDIO SKILL-ATHLETX - Neuilly,OPEN GYM (entraînement en accès libre),Open Gym,10,0,True,2026-06-18 16:00
2026-06-15,Lundi,18:30,19:20,STUDIO BOOTCAMP - Paris République,BOOT CAMP,Marcus Feliho,36,7,True,2026-06-18 16:00
2026-06-15,Lundi,18:30,19:20,STUDIO BOXING - Neuilly,ABS & RIDE,William Pamfile,30,0,True,2026-06-18 16:00
2026-06-15,Lundi,18:30,19:30,STUDIO SKILL-ATHLETX - Neuilly,OPEN GYM (entraînement en accès libre),Open Gym,10,0,True,2026-06-18 16:00
2026-06-15,Lundi,19:00,19:50,STUDIO BOOTCAMP - Paris République,TOTAL HYROX,Marcus Feliho,24,24,True,2026-06-18 16:00
2026-06-15,Lundi,19:00,19:50,STUDIO REFORMER - Neuilly,REFORMER,Margot Moittie,15,15,True,2026-06-18 16:00
2026-06-15,Lundi,19:00,19:50,STUDIO REFORMER - Paris République,REFORMER,Hané Saade,12,6,True,2026-06-18 16:00
2026-06-15,Lundi,19:00,19:55,STUDIO TOTAL HYROX - Neuilly,TOTAL HYROX,Mehdi El Ouariachi,24,19,True,2026-06-18 16:00
2026-06-15,Lundi,19:00,19:45,STUDIO X-BIKE - Neuilly,X-BIKE,Elisa RINGLER,15,0,True,2026-06-18 16:00
2026-06-15,Lundi,19:30,20:20,STUDIO BOOTCAMP - Neuilly,BOOT CAMP,Enzo Pichon,40,40,True,2026-06-18 16:00
2026-06-15,Lundi,19:30,20:20,STUDIO BOOTCAMP - Paris République,BOOT CAMP,Marcus Feliho,36,0,True,2026-06-18 16:00
2026-06-15,Lundi,20:00,20:50,STUDIO BOOTCAMP - Paris République,BOOT CAMP,Marcus Feliho,36,0,True,2026-06-18 16:00
2026-06-15,Lundi,20:00,20:50,STUDIO REFORMER - Neuilly,REFORMER,salma khalfaoui,15,15,True,2026-06-18 16:00
2026-06-15,Lundi,20:00,20:50,STUDIO REFORMER - Paris République,REFORMER,Hané Saade,12,12,True,2026-06-18 16:00
2026-06-15,Lundi,20:00,20:50,STUDIO SKILL-ATHLETX - Neuilly,SKILL ATHLETX,Mehdi El Ouariachi,16,2,True,2026-06-18 16:00
2026-06-15,Lundi,20:30,21:20,STUDIO X-BIKE - Neuilly,X-BIKE,William Pamfile,15,0,True,2026-06-18 16:00
2026-06-16,Mardi,07:15,08:05,STUDIO REFORMER - Paris République,REFORMER,Chloé CASPAR,12,0,True,2026-06-19 15:59
2026-06-16,Mardi,07:30,08:20,STUDIO BOOTCAMP - Paris République,BOOT CAMP,Marcus Feliho,36,0,True,2026-06-19 15:59
2026-06-16,Mardi,07:30,08:20,STUDIO PILATES - Neuilly,REFORMER,Tania Pozdnyakova ,15,1,True,2026-06-19 15:59
2026-06-16,Mardi,07:30,08:25,STUDIO TOTAL HYROX - Neuilly,TOTAL HYROX,Mehdi El Ouariachi,24,19,True,2026-06-19 15:59
2026-06-16,Mardi,08:15,09:05,STUDIO REFORMER - Paris République,REFORMER,Chloé CASPAR,12,0,True,2026-06-19 15:59
2026-06-16,Mardi,08:30,09:30,STUDIO SKILL-ATHLETX - Neuilly,OPEN GYM (entraînement en accès libre),Open Gym,10,3,True,2026-06-19 15:59
2026-06-16,Mardi,08:45,09:35,STUDIO REFORMER - Neuilly,REFORMER,Tania Pozdnyakova ,15,13,True,2026-06-19 15:59
2026-06-16,Mardi,09:00,09:50,STUDIO REFORMER - Neuilly,REFORMER,Lola millerot,15,0,True,2026-06-19 15:59
2026-06-16,Mardi,09:30,10:30,STUDIO SKILL-ATHLETX - Neuilly,OPEN GYM (entraînement en accès libre),Open Gym,10,2,True,2026-06-19 15:59
2026-06-16,Mardi,10:15,11:05,ATHLETX REBEL - Neuilly,ABS & ASS,Coraline Moinat,16,0,True,2026-06-19 15:59
2026-06-16,Mardi,10:30,11:20,STUDIO REFORMER - Neuilly,REFORMER CORE & BOOTY,Laura Jullien,15,11,True,2026-06-19 15:59
2026-06-16,Mardi,11:00,12:00,STUDIO SKILL-ATHLETX - Neuilly,OPEN GYM (entraînement en accès libre),Open Gym,10,3,True,2026-06-19 15:59
2026-06-16,Mardi,12:00,13:00,STUDIO SKILL-ATHLETX - Neuilly,OPEN GYM (entraînement en accès libre),Open Gym,10,0,True,2026-06-19 15:59
2026-06-16,Mardi,12:00,12:50,STUDIO TOTAL HYROX - Paris République,TOTAL HYROX,Marcus Feliho,24,0,True,2026-06-19 15:59
2026-06-16,Mardi,12:15,13:05,STUDIO REFORMER - Neuilly,REFORMER,Laura Jullien,15,14,True,2026-06-19 15:59
2026-06-16,Mardi,12:15,13:00,STUDIO TOTAL HYROX - Neuilly,TOTAL HYROX,Juliette Vercher,24,8,True,2026-06-19 15:59
2026-06-16,Mardi,12:30,13:25,ATHLETX REBEL - Neuilly,ATHLETX RUNNING CLUB,Margot Moittie,15,0,True,2026-06-19 15:59
2026-06-16,Mardi,12:30,13:20,STUDIO BOOTCAMP - Neuilly,BOOT CAMP,Marcus Feliho,40,32,True,2026-06-19 15:59
2026-06-16,Mardi,12:30,13:15,STUDIO BOOTCAMP - Neuilly,ABS & RIDE,Olivia Feliciano,30,0,True,2026-06-19 15:59
2026-06-16,Mardi,12:30,13:20,STUDIO BOOTCAMP - Paris République,BOOT CAMP,Curtis Arthur,36,0,True,2026-06-19 15:59
2026-06-16,Mardi,12:30,13:20,STUDIO REFORMER - Paris République,REFORMER,Chloé CASPAR,12,12,True,2026-06-19 15:59
2026-06-16,Mardi,14:00,15:00,STUDIO SKILL-ATHLETX - Neuilly,OPEN GYM (entraînement en accès libre),Open Gym,10,2,True,2026-06-19 15:59
2026-06-16,Mardi,15:00,16:00,ATHLETX REBEL - Neuilly,OPEN GYM (entraînement en accès libre),Open Gym,10,1,True,2026-06-19 15:59
2026-06-16,Mardi,15:00,16:00,STUDIO SKILL-ATHLETX - Neuilly,OPEN GYM (entraînement en accès libre),Open Gym,10,0,True,2026-06-19 15:59
2026-06-16,Mardi,16:00,17:00,ATHLETX REBEL - Neuilly,OPEN GYM (entraînement en accès libre),Open Gym,10,1,True,2026-06-19 15:59
2026-06-16,Mardi,16:00,17:00,STUDIO SKILL-ATHLETX - Neuilly,OPEN GYM (entraînement en accès libre),Open Gym,10,0,True,2026-06-19 15:59
2026-06-16,Mardi,17:00,17:50,STUDIO REFORMER - Neuilly,REFORMER,Camille  Tykoczinsky,15,0,True,2026-06-19 15:59
2026-06-16,Mardi,17:00,18:00,STUDIO SKILL-ATHLETX - Neuilly,OPEN GYM (entraînement en accès libre),Open Gym,10,0,True,2026-06-19 15:59
2026-06-16,Mardi,18:00,18:50,STUDIO REFORMER - Neuilly,REFORMER,Margot Moittie,15,15,True,2026-06-19 15:59
2026-06-16,Mardi,18:00,18:50,STUDIO REFORMER - Paris République,REFORMER,Marie  Clément ,12,12,True,2026-06-19 15:59
2026-06-16,Mardi,18:00,19:00,STUDIO SKILL-ATHLETX - Neuilly,OPEN GYM (entraînement en accès libre),Open Gym,10,0,True,2026-06-19 15:59
2026-06-16,Mardi,18:00,18:55,STUDIO TOTAL HYROX - Neuilly,ABS & ASS,Ava Achouche,16,5,True,2026-06-19 15:59
2026-06-16,Mardi,18:15,19:05,STUDIO BOOTCAMP - Neuilly,BOOT CAMP,Marcus Feliho,40,28,True,2026-06-19 15:59
2026-06-16,Mardi,18:30,19:20,STUDIO BOOTCAMP - Paris République,BOOT CAMP,Marie  Clément ,36,0,True,2026-06-19 15:59
2026-06-16,Mardi,18:30,19:20,STUDIO TOTAL HYROX - Paris République,TOTAL HYROX,Mehdi El Ouariachi,24,9,True,2026-06-19 15:59
2026-06-16,Mardi,19:00,19:50,STUDIO BOOTCAMP - Paris République,BOOT CAMP,alexis choukri,36,4,True,2026-06-19 15:59
2026-06-16,Mardi,19:00,20:00,STUDIO LIFT ATHLETX - Neuilly,LIFT ATHLETX,Ava Achouche,16,16,True,2026-06-19 15:59
2026-06-16,Mardi,19:00,19:50,STUDIO REFORMER - Neuilly,REFORMER,Margot Moittie,15,15,True,2026-06-19 15:59
2026-06-16,Mardi,19:00,19:50,STUDIO REFORMER - Paris République,REFORMER,Marie  Clément ,12,12,True,2026-06-19 15:59
2026-06-16,Mardi,19:00,19:45,STUDIO X-BIKE - Neuilly,X-BIKE,Lola millerot,15,0,True,2026-06-19 15:59
2026-06-16,Mardi,19:15,20:05,STUDIO BOXING - Neuilly,ABS & RIDE,Marcus Feliho,30,20,True,2026-06-19 15:59
2026-06-16,Mardi,19:30,20:20,STUDIO TOTAL HYROX - Paris République,TOTAL HYROX,Mehdi El Ouariachi,24,5,True,2026-06-19 15:59
2026-06-16,Mardi,20:00,21:00,JUM-FIT - Neuilly,JUMP-FIT,amandine sportes,5,0,True,2026-06-19 15:59
2026-06-16,Mardi,20:00,20:50,STUDIO REFORMER - Neuilly,REFORMER,Lola millerot,15,14,True,2026-06-19 15:59
2026-06-16,Mardi,20:00,20:50,STUDIO REFORMER - Paris République,REFORMER,Marie  Clément ,12,10,True,2026-06-19 15:59
2026-06-16,Mardi,20:15,21:05,STUDIO BOOTCAMP - Neuilly,HYROX BOOTCAMP,Marcus Feliho,40,16,True,2026-06-19 15:59
2026-06-17,Mercredi,07:00,07:50,STUDIO BOOTCAMP - Paris République,BOOT CAMP,Marcus Feliho,36,0,True,2026-06-20 14:25
2026-06-17,Mercredi,07:30,08:20,STUDIO REFORMER - Neuilly,REFORMER,Leane AMRAM,15,8,True,2026-06-20 14:25
2026-06-17,Mercredi,07:30,08:20,STUDIO REFORMER - Paris République,REFORMER,Marie  Clément ,12,0,True,2026-06-20 14:25
2026-06-17,Mercredi,07:30,08:20,STUDIO TOTAL HYROX - Paris République,TOTAL HYROX,Marcus Feliho,24,0,True,2026-06-20 14:25
2026-06-17,Mercredi,08:00,09:00,STUDIO SKILL-ATHLETX - Neuilly,OPEN GYM (entraînement en accès libre),Open Gym,10,0,True,2026-06-20 14:25
2026-06-17,Mercredi,08:45,09:35,STUDIO REFORMER - Neuilly,REFORMER,Leane AMRAM,15,5,True,2026-06-20 14:25
2026-06-17,Mercredi,09:00,10:00,STUDIO SKILL-ATHLETX - Neuilly,OPEN GYM (entraînement en accès libre),Open Gym,10,0,True,2026-06-20 14:25
2026-06-17,Mercredi,10:00,10:50,ATHLETX REBEL - Neuilly,ABS & ASS,Ava Achouche,16,9,True,2026-06-20 14:25
2026-06-17,Mercredi,11:00,11:50,STUDIO REFORMER - Neuilly,REFORMER,Ava Achouche,15,7,True,2026-06-20 14:25
2026-06-17,Mercredi,12:00,12:45,STUDIO REFORMER - Neuilly,TOTAL HYROX,Mehdi El Ouariachi,15,0,True,2026-06-20 14:25
2026-06-17,Mercredi,12:00,12:45,STUDIO REFORMER - Paris République,REFORMER,Marie  Clément ,12,3,True,2026-06-20 14:25
2026-06-17,Mercredi,12:00,12:45,STUDIO TOTAL HYROX - Paris République,TOTAL HYROX,Marcus Feliho,24,2,True,2026-06-20 14:25
2026-06-17,Mercredi,12:30,13:20,STUDIO BOOTCAMP - Neuilly,BOOT CAMP,Marcus Feliho,40,37,True,2026-06-20 14:25
2026-06-17,Mercredi,12:30,13:20,STUDIO REFORMER - Neuilly,REFORMER,Mehdi El Ouariachi,15,15,True,2026-06-20 14:25
2026-06-17,Mercredi,12:30,13:20,STUDIO SKILL-ATHLETX - Neuilly,SKILL ATHLETX,Elodie Baudin,16,13,True,2026-06-20 14:25
2026-06-17,Mercredi,12:45,13:35,STUDIO BOOTCAMP - Paris République,BOOT CAMP,Marcus Feliho,36,7,True,2026-06-20 14:25
2026-06-17,Mercredi,12:45,13:35,STUDIO REFORMER - Paris République,REFORMER,Marie  Clément ,12,6,True,2026-06-20 14:25
2026-06-17,Mercredi,12:45,13:35,STUDIO YOGA - Neuilly,YOGA VINYASA,Nadia El Makaoui,16,0,True,2026-06-20 14:25
2026-06-17,Mercredi,14:00,15:00,STUDIO SKILL-ATHLETX - Neuilly,OPEN GYM (entraînement en accès libre),Open Gym,10,4,True,2026-06-20 14:25
2026-06-17,Mercredi,15:00,16:00,ATHLETX REBEL - Neuilly,OPEN GYM (entraînement en accès libre),Open Gym,10,1,True,2026-06-20 14:25
2026-06-17,Mercredi,15:00,16:00,STUDIO SKILL-ATHLETX - Neuilly,OPEN GYM (entraînement en accès libre),Open Gym,10,0,True,2026-06-20 14:25
2026-06-17,Mercredi,16:00,17:00,ATHLETX REBEL - Neuilly,OPEN GYM (entraînement en accès libre),Open Gym,10,3,True,2026-06-20 14:25
2026-06-17,Mercredi,16:00,17:00,STUDIO SKILL-ATHLETX - Neuilly,OPEN GYM (entraînement en accès libre),Open Gym,10,0,True,2026-06-20 14:25
2026-06-17,Mercredi,17:00,17:50,STUDIO REFORMER - Neuilly,REFORMER,Berkane Carolann,15,7,True,2026-06-20 14:25
2026-06-17,Mercredi,17:00,18:00,STUDIO SKILL-ATHLETX - Neuilly,OPEN GYM (entraînement en accès libre),Open Gym,10,1,True,2026-06-20 14:25
2026-06-17,Mercredi,18:00,18:50,STUDIO REFORMER - Neuilly,REFORMER SIGNATURE,Laura Jullien,15,12,True,2026-06-20 14:25
2026-06-17,Mercredi,18:00,18:50,STUDIO REFORMER - Paris République,REFORMER,Mehdi El Ouariachi,12,7,True,2026-06-20 14:25
2026-06-17,Mercredi,18:00,18:55,STUDIO TOTAL HYROX - Neuilly,TOTAL HYROX,Juliette Vercher,24,12,True,2026-06-20 14:25
2026-06-17,Mercredi,18:30,19:20,STUDIO BOOTCAMP - Paris République,BOOT CAMP,Marcus Feliho,36,22,True,2026-06-20 14:25
2026-06-17,Mercredi,18:30,19:20,STUDIO TOTAL HYROX - Paris République,TOTAL HYROX,Marcus Feliho,24,0,True,2026-06-20 14:25
2026-06-17,Mercredi,19:00,19:50,STUDIO BOXING - Neuilly,ABS & RIDE,Marcus Feliho,15,15,True,2026-06-20 14:25
2026-06-17,Mercredi,19:00,19:50,STUDIO REFORMER - Neuilly,REFORMER SIGNATURE,Laura Jullien,15,13,True,2026-06-20 14:25
2026-06-17,Mercredi,19:00,19:50,STUDIO REFORMER - Paris République,REFORMER SIGNATURE,Marie  Clément ,12,11,True,2026-06-20 14:25
2026-06-17,Mercredi,19:00,19:50,STUDIO SKILL-ATHLETX - Neuilly,SKILL ATHLETX,Elodie Baudin,16,5,True,2026-06-20 14:25
2026-06-17,Mercredi,19:00,19:50,STUDIO TOTAL HYROX - Paris République,TOTAL HYROX,Mehdi El Ouariachi,24,17,True,2026-06-20 14:25
2026-06-17,Mercredi,19:00,19:45,STUDIO X-BIKE - Neuilly,X-BIKE,Juliette Vercher,15,0,True,2026-06-20 14:25
2026-06-17,Mercredi,19:30,20:20,STUDIO BOOTCAMP - Paris République,BOOT CAMP : DJ SET !,Marcus Feliho,36,32,True,2026-06-20 14:25
2026-06-17,Mercredi,20:00,20:50,STUDIO BOOTCAMP - Neuilly,BOOT CAMP,Marcus Feliho,40,22,True,2026-06-20 14:25
2026-06-17,Mercredi,20:00,21:00,STUDIO LIFT ATHLETX - Neuilly,LIFT ATHLETX,Elodie Baudin,16,10,True,2026-06-20 14:25
2026-06-17,Mercredi,20:00,20:50,STUDIO REFORMER - Neuilly,REFORMER,Juliette Vercher,15,13,True,2026-06-20 14:25
2026-06-17,Mercredi,20:00,20:50,STUDIO REFORMER - Paris République,REFORMER,Marie  Clément ,12,0,True,2026-06-20 14:25
2026-06-17,Mercredi,20:00,20:50,STUDIO REFORMER - Paris République,REFORMER,Mehdi El Ouariachi,12,6,True,2026-06-20 14:25
2026-06-18,Jeudi,07:15,08:05,STUDIO REFORMER - Paris République,REFORMER,Leane AMRAM,12,0,True,2026-06-21 15:03
2026-06-18,Jeudi,07:30,08:30,STUDIO SKILL-ATHLETX - Neuilly,OPEN GYM (entraînement en accès libre),Open Gym,10,0,True,2026-06-21 15:03
2026-06-18,Jeudi,07:30,08:20,STUDIO TOTAL HYROX - Neuilly,TOTAL HYROX,Mehdi El Ouariachi,24,16,True,2026-06-21 15:03
2026-06-18,Jeudi,07:30,08:20,STUDIO TOTAL HYROX - Paris République,TOTAL HYROX,Alexandre Creantor-Cafournet,24,0,True,2026-06-21 15:03
2026-06-18,Jeudi,08:15,09:05,STUDIO REFORMER - Paris République,REFORMER,Leane AMRAM,12,0,True,2026-06-21 15:03
2026-06-18,Jeudi,08:30,09:30,STUDIO SKILL-ATHLETX - Neuilly,OPEN GYM (entraînement en accès libre),Open Gym,10,4,True,2026-06-21 15:03
2026-06-18,Jeudi,09:00,09:50,STUDIO REFORMER - Neuilly,REFORMER,Laura Jullien,15,9,True,2026-06-21 15:03
2026-06-18,Jeudi,09:30,10:30,STUDIO SKILL-ATHLETX - Neuilly,OPEN GYM (entraînement en accès libre),Open Gym,10,0,True,2026-06-21 15:03
2026-06-18,Jeudi,10:00,10:50,STUDIO REFORMER - Neuilly,REFORMER,Laura Jullien,15,13,True,2026-06-21 15:03
2026-06-18,Jeudi,10:30,11:30,STUDIO SKILL-ATHLETX - Neuilly,OPEN GYM (entraînement en accès libre),Open Gym,10,2,True,2026-06-21 15:03
2026-06-18,Jeudi,10:45,11:45,STUDIO SKILL-ATHLETX - Neuilly,OPEN GYM (entraînement en accès libre),Open Gym,10,0,True,2026-06-21 15:03
2026-06-18,Jeudi,12:00,12:45,STUDIO STRETCHING - Neuilly,REFORMER SIGNATURE,Coraline Moinat,15,14,True,2026-06-21 15:03
2026-06-18,Jeudi,12:00,12:45,STUDIO TOTAL HYROX - Neuilly,TOTAL HYROX,Mehdi El Ouariachi,24,21,True,2026-06-21 15:03
2026-06-18,Jeudi,12:15,13:05,STUDIO TOTAL HYROX - Paris République,TOTAL HYROX,Marcus Feliho,24,0,True,2026-06-21 15:03
2026-06-18,Jeudi,12:30,13:20,STUDIO BOOTCAMP - Neuilly,BOOT CAMP,Laura Jullien,40,22,True,2026-06-21 15:03
2026-06-18,Jeudi,12:30,13:20,STUDIO BOOTCAMP - Paris République,BOOT CAMP,Alexandre Creantor-Cafournet,36,8,True,2026-06-21 15:03
2026-06-18,Jeudi,12:30,13:20,STUDIO REFORMER - Paris République,REFORMER,Marie  Clément ,12,9,True,2026-06-21 15:03
2026-06-18,Jeudi,12:30,13:15,STUDIO X-BIKE - Neuilly,X-BIKE,Lola millerot,15,0,True,2026-06-21 15:03
2026-06-18,Jeudi,12:45,13:40,STUDIO LIFT ATHLETX - Neuilly,LIFT ATHLETX,Mehdi El Ouariachi,16,9,True,2026-06-21 15:03
2026-06-18,Jeudi,12:45,13:30,STUDIO REFORMER - Neuilly,REFORMER RESET,Coraline Moinat,15,9,True,2026-06-21 15:03
2026-06-18,Jeudi,14:00,15:00,STUDIO SKILL-ATHLETX - Neuilly,OPEN GYM (entraînement en accès libre),Open Gym,10,0,True,2026-06-21 15:03
2026-06-18,Jeudi,15:00,16:00,ATHLETX REBEL - Neuilly,OPEN GYM (entraînement en accès libre),Open Gym,10,1,True,2026-06-21 15:03
2026-06-18,Jeudi,15:00,16:00,STUDIO SKILL-ATHLETX - Neuilly,OPEN GYM (entraînement en accès libre),Open Gym,10,0,True,2026-06-21 15:03
2026-06-18,Jeudi,16:00,17:00,ATHLETX REBEL - Neuilly,OPEN GYM (entraînement en accès libre),Open Gym,10,0,True,2026-06-21 15:03
2026-06-18,Jeudi,16:00,17:00,STUDIO SKILL-ATHLETX - Neuilly,OPEN GYM (entraînement en accès libre),Open Gym,10,0,True,2026-06-21 15:03
2026-06-18,Jeudi,17:00,17:50,STUDIO REFORMER - Neuilly,REFORMER,Camille  Tykoczinsky,15,0,True,2026-06-21 15:03
2026-06-18,Jeudi,17:00,17:50,STUDIO REFORMER - Neuilly,REFORMER,Berkane Carolann,15,0,True,2026-06-21 15:03
2026-06-18,Jeudi,17:00,18:00,STUDIO SKILL-ATHLETX - Neuilly,OPEN GYM (entraînement en accès libre),Open Gym,10,2,True,2026-06-21 15:03
2026-06-18,Jeudi,18:00,18:50,STUDIO REFORMER - Neuilly,REFORMER SIGNATURE,Marie  Clément ,15,10,True,2026-06-21 15:03
2026-06-18,Jeudi,18:00,18:50,STUDIO REFORMER - Paris République,REFORMER,Chloé CASPAR,12,0,True,2026-06-21 15:03
2026-06-18,Jeudi,18:15,19:05,STUDIO REFORMER - Paris République,REFORMER,Marie  Clément ,12,0,True,2026-06-21 15:03
2026-06-18,Jeudi,18:30,19:20,STUDIO BOOTCAMP - Paris République,BOOT CAMP,Marcus Feliho,36,0,True,2026-06-21 15:03
2026-06-18,Jeudi,18:30,19:25,STUDIO TOTAL HYROX - Neuilly,TOTAL HYROX,Jessica Sanki,24,20,True,2026-06-21 15:03
2026-06-18,Jeudi,18:30,19:20,STUDIO TOTAL HYROX - Paris République,TOTAL HYROX,Marcus Feliho,24,10,True,2026-06-21 15:03
2026-06-18,Jeudi,18:30,19:20,STUDIO X-BIKE - Neuilly,X-BIKE,William Pamfile,15,0,True,2026-06-21 15:03
2026-06-18,Jeudi,19:00,19:50,STUDIO REFORMER - Neuilly,REFORMER SIGNATURE,Marie  Clément ,15,12,True,2026-06-21 15:03
2026-06-18,Jeudi,19:00,19:50,STUDIO REFORMER - Paris République,REFORMER,Chloé CASPAR,12,11,True,2026-06-21 15:03
2026-06-18,Jeudi,19:15,20:05,STUDIO REFORMER - Paris République,REFORMER,Marie  Clément ,12,0,True,2026-06-21 15:03
2026-06-18,Jeudi,19:30,20:20,STUDIO BOOTCAMP - Neuilly,BOOT CAMP,Enzo Pichon,40,0,True,2026-06-21 15:03
2026-06-18,Jeudi,19:30,20:20,STUDIO BOOTCAMP - Paris République,BOOT CAMP,Marcus Feliho,36,17,True,2026-06-21 15:03
2026-06-18,Jeudi,19:30,20:30,STUDIO LIFT ATHLETX - Neuilly,LIFT ATHLETX,Jessica Sanki,16,16,True,2026-06-21 15:03
2026-06-18,Jeudi,20:00,20:50,STUDIO REFORMER - Neuilly,REFORMER SIGNATURE,Marie  Clément ,15,12,True,2026-06-21 15:03
2026-06-18,Jeudi,20:00,20:50,STUDIO REFORMER - Paris République,REFORMER,Chloé CASPAR,12,5,True,2026-06-21 15:03
2026-06-19,Vendredi,07:30,08:20,STUDIO BOOTCAMP - Neuilly,BOOT CAMP,Marcus Feliho,32,0,True,2026-06-22 17:48
2026-06-19,Vendredi,07:30,08:20,STUDIO REFORMER - Neuilly,REFORMER,Hané Saade,15,10,True,2026-06-22 17:48
2026-06-19,Vendredi,07:30,08:20,STUDIO REFORMER - Paris République,REFORMER,Marie  Clément ,12,0,True,2026-06-22 17:48
2026-06-19,Vendredi,07:30,08:30,STUDIO SKILL-ATHLETX - Neuilly,OPEN GYM (entraînement en accès libre),Open Gym,10,2,True,2026-06-22 17:48
2026-06-19,Vendredi,08:00,08:45,STUDIO SKILL-ATHLETX - Neuilly,OPEN GYM (entraînement en accès libre),Open Gym,10,0,True,2026-06-22 17:48
2026-06-19,Vendredi,08:00,08:50,STUDIO TOTAL HYROX - Paris République,TOTAL HYROX,Marcus Feliho,24,0,True,2026-06-22 17:48
2026-06-19,Vendredi,08:45,09:35,STUDIO REFORMER - Neuilly,REFORMER RESET,Hané Saade,15,2,True,2026-06-22 17:48
2026-06-19,Vendredi,09:00,09:50,ATHLETX REBEL - Neuilly,ABS & ASS,Coraline Moinat,16,14,True,2026-06-22 17:48
2026-06-19,Vendredi,10:00,11:00,STUDIO SKILL-ATHLETX - Neuilly,OPEN GYM (entraînement en accès libre),Open Gym,10,0,True,2026-06-22 17:48
2026-06-19,Vendredi,10:45,11:35,STUDIO REFORMER - Neuilly,REFORMER,Ava Achouche,15,14,True,2026-06-22 17:48
2026-06-19,Vendredi,11:00,12:00,STUDIO SKILL-ATHLETX - Neuilly,OPEN GYM (entraînement en accès libre),Open Gym,10,1,True,2026-06-22 17:48
2026-06-19,Vendredi,11:15,12:05,STUDIO REFORMER - Paris République,REFORMER,Curtis Arthur,12,0,True,2026-06-22 17:48
2026-06-19,Vendredi,12:00,12:45,STUDIO BOOTCAMP - Paris République,BOOT CAMP,Marcus Feliho,36,10,True,2026-06-22 17:48
2026-06-19,Vendredi,12:00,12:45,STUDIO SKILL-ATHLETX - Neuilly,SKILL ATHLETX,Jessica Sanki,16,13,True,2026-06-22 17:48
2026-06-19,Vendredi,12:30,13:20,STUDIO BOOTCAMP - Neuilly,BOOT CAMP,Coraline Moinat,40,20,True,2026-06-22 17:48
2026-06-19,Vendredi,12:30,13:20,STUDIO REFORMER - Neuilly,REFORMER,Laura Jullien,15,8,True,2026-06-22 17:48
2026-06-19,Vendredi,12:30,13:20,STUDIO REFORMER - Paris République,REFORMER,Marie  Clément ,12,3,True,2026-06-22 17:48
2026-06-19,Vendredi,12:30,13:20,STUDIO YOGA - Neuilly,YOGA VINYASA,Nadia El Makaoui,16,0,True,2026-06-22 17:48
2026-06-19,Vendredi,12:45,13:30,STUDIO TOTAL HYROX - Neuilly,LIFT ATHLETX,Jessica Sanki,16,11,True,2026-06-22 17:48
2026-06-19,Vendredi,12:45,13:30,STUDIO TOTAL HYROX - Paris République,TOTAL HYROX,Marcus Feliho,24,9,True,2026-06-22 17:48
2026-06-19,Vendredi,12:45,13:45,STUDIO YOGA - Neuilly,YOGA VINYASA,Nadia El Makaoui,16,0,True,2026-06-22 17:48
2026-06-19,Vendredi,14:00,15:00,STUDIO SKILL-ATHLETX - Neuilly,OPEN GYM (entraînement en accès libre),Open Gym,10,0,True,2026-06-22 17:48
2026-06-19,Vendredi,15:00,16:00,ATHLETX REBEL - Neuilly,OPEN GYM (entraînement en accès libre),Open Gym,10,1,True,2026-06-22 17:48
2026-06-19,Vendredi,15:00,16:00,STUDIO SKILL-ATHLETX - Neuilly,OPEN GYM (entraînement en accès libre),Open Gym,10,0,True,2026-06-22 17:48
2026-06-19,Vendredi,16:00,17:00,ATHLETX REBEL - Neuilly,OPEN GYM (entraînement en accès libre),Open Gym,10,3,True,2026-06-22 17:48
2026-06-19,Vendredi,16:00,17:00,STUDIO SKILL-ATHLETX - Neuilly,OPEN GYM (entraînement en accès libre),Open Gym,10,0,True,2026-06-22 17:48
2026-06-19,Vendredi,17:00,17:50,STUDIO REFORMER - Neuilly,REFORMER,Elisa RINGLER,15,0,True,2026-06-22 17:48
2026-06-19,Vendredi,17:00,17:50,STUDIO REFORMER - Paris République,REFORMER,Curtis Arthur,12,0,True,2026-06-22 17:48
2026-06-19,Vendredi,17:00,18:00,STUDIO SKILL-ATHLETX - Neuilly,OPEN GYM (entraînement en accès libre),Open Gym,10,1,True,2026-06-22 17:48
2026-06-19,Vendredi,18:00,18:50,STUDIO REFORMER - Neuilly,REFORMER,Olivia Feliciano,15,12,True,2026-06-22 17:48
2026-06-19,Vendredi,18:00,18:50,STUDIO REFORMER - Paris République,REFORMER,Jade Chedumbrun,12,4,True,2026-06-22 17:48
2026-06-19,Vendredi,18:00,19:00,STUDIO SKILL-ATHLETX - Neuilly,OPEN GYM (entraînement en accès libre),Open Gym,10,0,True,2026-06-22 17:48
2026-06-19,Vendredi,18:00,18:55,STUDIO TOTAL HYROX - Neuilly,TOTAL HYROX,Laura Jullien,24,10,True,2026-06-22 17:48
2026-06-19,Vendredi,18:00,18:50,STUDIO TOTAL HYROX - Paris République,TOTAL HYROX,Alexandre Creantor-Cafournet,24,5,True,2026-06-22 17:48
2026-06-19,Vendredi,19:00,19:50,STUDIO BOOTCAMP - Neuilly,HYROX BOOTCAMP,Laura Jullien,40,15,True,2026-06-22 17:48
2026-06-19,Vendredi,19:00,19:50,STUDIO BOOTCAMP - Paris République,BOOT CAMP,Alexandre Creantor-Cafournet,36,10,True,2026-06-22 17:48
2026-06-19,Vendredi,19:00,19:50,STUDIO REFORMER - Neuilly,REFORMER,Olivia Feliciano,15,10,True,2026-06-22 17:48
2026-06-19,Vendredi,19:00,19:50,STUDIO REFORMER - Paris République,REFORMER,Curtis Arthur,12,0,True,2026-06-22 17:48
2026-06-19,Vendredi,19:00,20:00,STUDIO SKILL-ATHLETX - Neuilly,OPEN GYM (entraînement en accès libre),Open Gym,10,6,True,2026-06-22 17:48
2026-06-19,Vendredi,19:00,19:50,STUDIO TOTAL HYROX - Paris République,TOTAL HYROX,Marcus Feliho,24,0,True,2026-06-22 17:48
2026-06-20,Samedi,09:00,09:50,STUDIO REFORMER - Neuilly,REFORMER,Olivia Feliciano,15,0,True,2026-06-23 15:39
2026-06-20,Samedi,09:00,09:50,STUDIO REFORMER - Paris République,REFORMER,Marie  Clément ,12,0,True,2026-06-23 15:39
2026-06-20,Samedi,10:00,10:50,STUDIO REFORMER - Neuilly,REFORMER,Olivia Feliciano,15,10,True,2026-06-23 15:39
2026-06-20,Samedi,10:00,10:50,STUDIO REFORMER - Paris République,REFORMER,Hané Saade,12,12,True,2026-06-23 15:39
2026-06-20,Samedi,10:00,10:50,STUDIO SKILL-ATHLETX - Neuilly,SKILL ATHLETX,Jessica Sanki,16,16,True,2026-06-23 15:39
2026-06-20,Samedi,10:00,10:50,STUDIO TOTAL HYROX - Paris République,BOOT CAMP,Marcus Feliho,36,8,True,2026-06-23 15:39
2026-06-20,Samedi,10:00,10:50,STUDIO X-BIKE - Neuilly,X-BIKE,William Pamfile,15,14,True,2026-06-23 15:39
2026-06-20,Samedi,11:00,11:50,STUDIO BOOTCAMP - Neuilly,BOOT CAMP,William Pamfile,40,24,True,2026-06-23 15:39
2026-06-20,Samedi,11:00,11:50,STUDIO BOOTCAMP - Paris République,TOTAL HYROX,Marcus Feliho,24,19,True,2026-06-23 15:39
2026-06-20,Samedi,11:00,12:00,STUDIO LIFT ATHLETX - Neuilly,LIFT ATHLETX,Jessica Sanki,16,15,True,2026-06-23 15:39
2026-06-20,Samedi,11:00,11:50,STUDIO REFORMER - Neuilly,REFORMER,Olivia Feliciano,15,14,True,2026-06-23 15:39
2026-06-20,Samedi,11:00,11:50,STUDIO REFORMER - Paris République,REFORMER,Hané Saade,12,12,True,2026-06-23 15:39
2026-06-20,Samedi,12:00,12:50,STUDIO REFORMER - Neuilly,REFORMER,Sara Sadeg,15,9,True,2026-06-23 15:39
2026-06-20,Samedi,12:00,12:50,STUDIO REFORMER - Paris République,REFORMER,Hané Saade,12,7,True,2026-06-23 15:39
2026-06-20,Samedi,12:00,12:55,STUDIO TOTAL HYROX - Neuilly,TOTAL HYROX,Jessica Sanki,24,7,True,2026-06-23 15:39
2026-06-20,Samedi,12:00,12:50,STUDIO TOTAL HYROX - Paris République,HYROX BOOTCAMP,Marcus Feliho,36,8,True,2026-06-23 15:39
2026-06-20,Samedi,13:00,13:50,STUDIO REFORMER - Neuilly,REFORMER RESET,Sara Sadeg,15,5,True,2026-06-23 15:39
2026-06-20,Samedi,13:00,14:00,STUDIO SKILL-ATHLETX - Neuilly,OPEN GYM (entraînement en accès libre),Open Gym,10,2,True,2026-06-23 15:39
2026-06-20,Samedi,14:00,15:00,STUDIO SKILL-ATHLETX - Neuilly,OPEN GYM (entraînement en accès libre),Open Gym,10,6,True,2026-06-23 15:39
2026-06-20,Samedi,15:00,16:00,STUDIO SKILL-ATHLETX - Neuilly,OPEN GYM (entraînement en accès libre),Open Gym,10,0,True,2026-06-23 15:39
2026-06-20,Samedi,16:00,16:50,STUDIO REFORMER - Neuilly,REFORMER,Arthur Gambardella,15,0,True,2026-06-23 15:39
2026-06-20,Samedi,16:00,16:50,STUDIO REFORMER - Neuilly,REFORMER,Salomé Dadoun ,15,0,True,2026-06-23 15:39
2026-06-20,Samedi,16:00,17:00,STUDIO SKILL-ATHLETX - Neuilly,OPEN GYM (entraînement en accès libre),Open Gym,10,0,True,2026-06-23 15:39
2026-06-20,Samedi,17:00,17:50,STUDIO BOOTCAMP - Neuilly,BOOT CAMP,Mehdi El Ouariachi,40,0,True,2026-06-23 15:39
2026-06-20,Samedi,17:00,17:50,STUDIO REFORMER - Neuilly,REFORMER,Arthur Gambardella,15,0,True,2026-06-23 15:39
2026-06-20,Samedi,17:00,17:50,STUDIO REFORMER - Neuilly,REFORMER,Salomé Dadoun ,15,0,True,2026-06-23 15:39
2026-06-20,Samedi,17:00,17:50,STUDIO REFORMER - Paris République,REFORMER,Chloé CASPAR,12,0,True,2026-06-23 15:39
2026-06-20,Samedi,17:00,18:00,STUDIO SKILL-ATHLETX - Neuilly,OPEN GYM (entraînement en accès libre),Open Gym,10,0,True,2026-06-23 15:39
2026-06-20,Samedi,17:00,17:50,STUDIO TOTAL HYROX - Paris République,TOTAL HYROX,Alexandre Creantor-Cafournet,24,0,True,2026-06-23 15:39
2026-06-20,Samedi,17:30,18:20,STUDIO BOOTCAMP - Paris République,BOOT CAMP,Alexandre Creantor-Cafournet,36,0,True,2026-06-23 15:39
2026-06-20,Samedi,17:30,18:20,STUDIO REFORMER - Paris République,REFORMER,Chloé CASPAR,12,12,True,2026-06-23 15:39
2026-06-20,Samedi,20:00,20:50,STUDIO REFORMER - Paris République,REFORMER,Marie  Clément ,12,0,True,2026-06-23 15:39
2026-06-21,Dimanche,10:00,10:50,STUDIO BOOTCAMP - Paris République,TOTAL HYROX,Mathieu Escubedo,24,14,True,2026-06-24 15:14
2026-06-21,Dimanche,10:00,10:50,STUDIO REFORMER - Neuilly,REFORMER,Leane AMRAM,15,11,True,2026-06-24 15:14
2026-06-21,Dimanche,10:00,10:50,STUDIO REFORMER - Paris République,REFORMER,Marie  Clément ,12,6,True,2026-06-24 15:14
2026-06-21,Dimanche,10:00,11:00,STUDIO SKILL-ATHLETX - Neuilly,OPEN GYM (entraînement en accès libre),Open Gym,10,0,True,2026-06-24 15:14
2026-06-21,Dimanche,10:00,10:50,STUDIO TOTAL HYROX - Neuilly,TOTAL HYROX,Enzo Pichon,24,23,True,2026-06-24 15:14
2026-06-21,Dimanche,10:00,10:50,STUDIO TOTAL HYROX - Paris République,TOTAL HYROX,Marcus Feliho,24,0,True,2026-06-24 15:14
2026-06-21,Dimanche,11:00,11:50,STUDIO BOOTCAMP - Neuilly,BOOT CAMP,Enzo Pichon,40,29,True,2026-06-24 15:14
2026-06-21,Dimanche,11:00,11:50,STUDIO REFORMER - Neuilly,REFORMER,Leane AMRAM,15,15,True,2026-06-24 15:14
2026-06-21,Dimanche,11:00,11:50,STUDIO REFORMER - Paris République,REFORMER,Marie  Clément ,12,11,True,2026-06-24 15:14
2026-06-21,Dimanche,11:00,11:50,STUDIO SKILL-ATHLETX - Neuilly,ABS & ASS,Berkane Carolann,16,7,True,2026-06-24 15:14
2026-06-21,Dimanche,11:00,11:50,STUDIO TOTAL HYROX - Paris République,BOOT CAMP,Mathieu Escubedo,36,6,True,2026-06-24 15:14
2026-06-21,Dimanche,12:00,12:50,STUDIO BOOTCAMP - Neuilly,RUNNING BOOTCAMP,Aliou Camara,20,4,True,2026-06-24 15:14
2026-06-21,Dimanche,12:00,12:50,STUDIO BOOTCAMP - Paris République,TOTAL HYROX,Mathieu Escubedo,24,3,True,2026-06-24 15:14
2026-06-21,Dimanche,12:00,12:50,STUDIO REFORMER - Neuilly,REFORMER  : JUMP BOARD 💥,Leane AMRAM,15,8,True,2026-06-24 15:14
2026-06-21,Dimanche,12:00,12:50,STUDIO REFORMER - Paris République,REFORMER,Marie  Clément ,12,10,True,2026-06-24 15:14
2026-06-21,Dimanche,12:00,12:50,STUDIO TOTAL HYROX - Neuilly,TOTAL HYROX,William Pamfile,16,0,True,2026-06-24 15:14
2026-06-21,Dimanche,12:00,12:50,STUDIO TOTAL HYROX - Neuilly,TOTAL HYROX,Enzo Pichon,24,10,True,2026-06-24 15:14
2026-06-21,Dimanche,13:00,13:50,STUDIO REFORMER - Neuilly,REFORMER RESET,Berkane Carolann,15,8,True,2026-06-24 15:14
2026-06-21,Dimanche,13:00,14:00,STUDIO SKILL-ATHLETX - Neuilly,OPEN GYM (entraînement en accès libre),Open Gym,10,3,True,2026-06-24 15:14
2026-06-21,Dimanche,14:00,15:00,STUDIO SKILL-ATHLETX - Neuilly,OPEN GYM (entraînement en accès libre),Open Gym,10,4,True,2026-06-24 15:14
2026-06-21,Dimanche,15:00,16:00,ATHLETX REBEL - Neuilly,OPEN GYM (entraînement en accès libre),Open Gym,10,4,True,2026-06-24 15:14
2026-06-21,Dimanche,15:00,16:00,STUDIO SKILL-ATHLETX - Neuilly,OPEN GYM (entraînement en accès libre),Open Gym,10,0,True,2026-06-24 15:14
2026-06-21,Dimanche,16:00,17:00,ATHLETX REBEL - Neuilly,OPEN GYM (entraînement en accès libre),Open Gym,10,3,True,2026-06-24 15:14
2026-06-21,Dimanche,16:00,16:50,STUDIO REFORMER - Neuilly,REFORMER,Berkane Carolann,15,7,True,2026-06-24 15:14
2026-06-21,Dimanche,16:00,17:00,STUDIO SKILL-ATHLETX - Neuilly,OPEN GYM (entraînement en accès libre),Open Gym,10,0,True,2026-06-24 15:14
2026-06-21,Dimanche,17:00,17:50,STUDIO BOOTCAMP - Paris République,BOOT CAMP,Marcus Feliho,36,0,True,2026-06-24 15:14
2026-06-21,Dimanche,17:00,17:50,STUDIO REFORMER - Neuilly,REFORMER,Berkane Carolann,15,4,True,2026-06-24 15:14
2026-06-21,Dimanche,17:00,17:50,STUDIO REFORMER - Paris République,REFORMER,Chloé CASPAR,12,0,True,2026-06-24 15:14
2026-06-21,Dimanche,17:00,18:00,STUDIO SKILL-ATHLETX - Neuilly,OPEN GYM (entraînement en accès libre),Open Gym,10,4,True,2026-06-24 15:14
2026-06-21,Dimanche,17:15,18:05,STUDIO BOOTCAMP - Neuilly,BOOT CAMP,Aliou Camara,40,6,True,2026-06-24 15:14
2026-06-21,Dimanche,17:30,18:20,STUDIO REFORMER - Paris République,REFORMER,Chloé CASPAR,12,0,True,2026-06-24 15:14
2026-06-21,Dimanche,17:30,18:20,STUDIO TOTAL HYROX - Paris République,TOTAL HYROX,Mathieu Escubedo,24,0,True,2026-06-24 15:14
2026-06-22,Lundi,00:00,00:50,STUDIO REFORMER - Paris République,REFORMER,Marie  Clément ,12,0,True,2026-06-25 15:13
2026-06-22,Lundi,07:15,08:05,STUDIO REFORMER - Paris République,REFORMER,Marie  Clément ,12,0,True,2026-06-25 15:13
2026-06-22,Lundi,07:30,08:20,STUDIO LIFT ATHLETX - Neuilly,OPEN GYM (entraînement en accès libre),Open Gym,15,0,True,2026-06-25 15:13
2026-06-22,Lundi,07:30,08:20,STUDIO REFORMER - Neuilly,REFORMER,Lola millerot,15,0,True,2026-06-25 15:13
2026-06-22,Lundi,07:30,08:30,STUDIO SKILL-ATHLETX - Neuilly,OPEN GYM (entraînement en accès libre),Open Gym,10,2,True,2026-06-25 15:13
2026-06-22,Lundi,07:30,08:20,STUDIO TOTAL HYROX - Paris République,TOTAL HYROX,Marcus Feliho,24,0,True,2026-06-25 15:13
2026-06-22,Lundi,08:30,09:45,ATHLETX REBEL - Neuilly,OPEN GYM (entraînement en accès libre),Open Gym,10,3,True,2026-06-25 15:13
2026-06-22,Lundi,08:30,09:30,STUDIO SKILL-ATHLETX - Neuilly,OPEN GYM (entraînement en accès libre),Open Gym,10,0,True,2026-06-25 15:13
2026-06-22,Lundi,09:00,10:00,JUM-FIT - Neuilly,JUMP-FIT,amandine sportes,5,0,True,2026-06-25 15:13
2026-06-22,Lundi,09:00,09:50,STUDIO REFORMER - Neuilly,REFORMER SIGNATURE,Lola millerot,15,11,True,2026-06-25 15:13
2026-06-22,Lundi,09:30,10:30,STUDIO SKILL-ATHLETX - Neuilly,OPEN GYM (entraînement en accès libre),Open Gym,10,0,True,2026-06-25 15:13
2026-06-22,Lundi,10:00,10:50,STUDIO REFORMER - Neuilly,ABS & ASS,Lola millerot,16,6,True,2026-06-25 15:13
2026-06-22,Lundi,11:00,12:00,STUDIO SKILL-ATHLETX - Neuilly,OPEN GYM (entraînement en accès libre),Open Gym,10,3,True,2026-06-25 15:13
2026-06-22,Lundi,11:30,12:30,STUDIO SKILL-ATHLETX - Neuilly,OPEN GYM (entraînement en accès libre),Open Gym,10,0,True,2026-06-25 15:13
2026-06-22,Lundi,12:00,12:45,STUDIO BOOTCAMP - Paris République,BOOT CAMP,Marcus Feliho,36,4,True,2026-06-25 15:13
2026-06-22,Lundi,12:00,12:45,STUDIO REFORMER - Paris République,REFORMER,LÉNA BACHELIER,12,0,True,2026-06-25 15:13
2026-06-22,Lundi,12:15,13:05,STUDIO BOOTCAMP - Paris République,BOOT CAMP,Marcus Feliho,36,0,True,2026-06-25 15:13
2026-06-22,Lundi,12:15,13:10,STUDIO TOTAL HYROX - Neuilly,LIFT ATHLETX,Mehdi El Ouariachi,16,8,True,2026-06-25 15:13
2026-06-22,Lundi,12:30,13:20,STUDIO BOOTCAMP - Neuilly,HYROX BOOTCAMP,William Pamfile,40,10,True,2026-06-25 15:13
2026-06-22,Lundi,12:30,13:20,STUDIO BOOTCAMP - Paris République,BOOT CAMP,Marcus Feliho,36,0,True,2026-06-25 15:13
2026-06-22,Lundi,12:30,13:20,STUDIO REFORMER - Neuilly,REFORMER,Lola millerot,15,11,True,2026-06-25 15:13
2026-06-22,Lundi,12:30,13:30,STUDIO SKILL-ATHLETX - Neuilly,OPEN GYM (entraînement en accès libre),Open Gym,10,0,True,2026-06-25 15:13
2026-06-22,Lundi,12:30,13:15,STUDIO X-BIKE - Neuilly,X-BIKE,Coraline Moinat,15,0,True,2026-06-25 15:13
2026-06-22,Lundi,12:45,13:35,STUDIO REFORMER - Paris République,REFORMER,Marie  Clément ,12,6,True,2026-06-25 15:13
2026-06-22,Lundi,12:45,13:35,STUDIO TOTAL HYROX - Paris République,HYROX ENGINE,Marcus Feliho,24,0,True,2026-06-25 15:13
2026-06-22,Lundi,14:00,15:00,STUDIO SKILL-ATHLETX - Neuilly,OPEN GYM (entraînement en accès libre),Open Gym,10,1,True,2026-06-25 15:13
2026-06-22,Lundi,15:00,16:00,ATHLETX REBEL - Neuilly,OPEN GYM (entraînement en accès libre),Open Gym,10,0,True,2026-06-25 15:13
2026-06-22,Lundi,15:00,16:00,STUDIO SKILL-ATHLETX - Neuilly,OPEN GYM (entraînement en accès libre),Open Gym,10,1,True,2026-06-25 15:13
2026-06-22,Lundi,16:00,17:00,STUDIO SKILL-ATHLETX - Neuilly,OPEN GYM (entraînement en accès libre),Open Gym,10,0,True,2026-06-25 15:13
2026-06-22,Lundi,17:00,17:50,STUDIO REFORMER - Neuilly,REFORMER,Coraline Moinat,15,0,True,2026-06-25 15:13
2026-06-22,Lundi,17:00,17:50,STUDIO REFORMER - Neuilly,REFORMER,Mehdi El Ouariachi,15,0,True,2026-06-25 15:13
2026-06-22,Lundi,17:00,17:45,STUDIO SKILL-ATHLETX - Neuilly,OPEN GYM (entraînement en accès libre),Open Gym,10,2,True,2026-06-25 15:13
2026-06-22,Lundi,18:00,18:50,STUDIO BOOTCAMP - Paris République,LIFT ATHLETX,Marcus Feliho,18,2,True,2026-06-25 15:13
2026-06-22,Lundi,18:00,18:50,STUDIO LIFT ATHLETX - Neuilly,LIFT ATHLETX,Enzo Pichon,16,16,True,2026-06-25 15:13
2026-06-22,Lundi,18:00,18:50,STUDIO REFORMER - Neuilly,REFORMER,Leane AMRAM,15,13,True,2026-06-25 15:13
2026-06-22,Lundi,18:00,18:50,STUDIO REFORMER - Paris République,REFORMER,Hané Saade,12,4,True,2026-06-25 15:13
2026-06-22,Lundi,18:00,18:45,STUDIO SKILL-ATHLETX - Neuilly,OPEN GYM (entraînement en accès libre),Open Gym,10,0,True,2026-06-25 15:13
2026-06-22,Lundi,18:30,19:20,STUDIO BOOTCAMP - Neuilly,BOOTY & RIDE,William Pamfile,30,0,True,2026-06-25 15:13
2026-06-22,Lundi,18:30,19:20,STUDIO BOXING - Neuilly,BOXING,William Pamfile,32,0,True,2026-06-25 15:13
2026-06-22,Lundi,18:30,19:30,STUDIO SKILL-ATHLETX - Neuilly,OPEN GYM (entraînement en accès libre),Open Gym,10,0,True,2026-06-25 15:13
2026-06-22,Lundi,19:00,19:50,STUDIO BOOTCAMP - Paris République,HYROX STRENGTH,Marcus Feliho,24,18,True,2026-06-25 15:13
2026-06-22,Lundi,19:00,19:50,STUDIO REFORMER - Neuilly,REFORMER,Leane AMRAM,15,11,True,2026-06-25 15:13
2026-06-22,Lundi,19:00,19:50,STUDIO REFORMER - Paris République,REFORMER SIGNATURE,Hané Saade,12,9,True,2026-06-25 15:13
2026-06-22,Lundi,19:00,19:55,STUDIO TOTAL HYROX - Neuilly,TOTAL HYROX,Mehdi El Ouariachi,24,20,True,2026-06-25 15:13
2026-06-22,Lundi,19:00,19:45,STUDIO X-BIKE - Neuilly,X-BIKE,Elisa RINGLER,15,0,True,2026-06-25 15:13
2026-06-22,Lundi,19:30,20:20,STUDIO BOOTCAMP - Neuilly,BOOT CAMP,Enzo Pichon,40,35,True,2026-06-25 15:13
2026-06-22,Lundi,20:00,20:50,STUDIO BOOTCAMP - Paris République,BOOT CAMP,Marcus Feliho,36,0,True,2026-06-25 15:13
2026-06-22,Lundi,20:00,20:50,STUDIO BOOTCAMP - Paris République,HYROX BOOTCAMP,Marcus Feliho,36,0,True,2026-06-25 15:13
2026-06-22,Lundi,20:00,20:50,STUDIO REFORMER - Neuilly,REFORMER,Leane AMRAM,15,12,True,2026-06-25 15:13
2026-06-22,Lundi,20:00,20:50,STUDIO REFORMER - Paris République,REFORMER,Hané Saade,12,9,True,2026-06-25 15:13
2026-06-22,Lundi,20:00,20:50,STUDIO SKILL-ATHLETX - Neuilly,SKILL ATHLETX,Mehdi El Ouariachi,16,7,True,2026-06-25 15:13
2026-06-22,Lundi,20:30,21:20,STUDIO X-BIKE - Neuilly,X-BIKE,William Pamfile,15,0,True,2026-06-25 15:13
2026-06-23,Mardi,07:15,08:05,STUDIO REFORMER - Paris République,REFORMER,Chloé CASPAR,12,0,True,2026-06-26 15:06
2026-06-23,Mardi,07:30,08:20,STUDIO BOOTCAMP - Paris République,BOOT CAMP,Marcus Feliho,36,0,True,2026-06-26 15:06
2026-06-23,Mardi,07:30,08:20,STUDIO PILATES - Neuilly,REFORMER,Tania Pozdnyakova ,15,9,True,2026-06-26 15:06
2026-06-23,Mardi,07:30,08:25,STUDIO TOTAL HYROX - Neuilly,TOTAL HYROX,Mehdi El Ouariachi,24,11,True,2026-06-26 15:06
2026-06-23,Mardi,08:15,09:05,STUDIO REFORMER - Paris République,REFORMER,Chloé CASPAR,12,0,True,2026-06-26 15:06
2026-06-23,Mardi,08:30,09:30,STUDIO SKILL-ATHLETX - Neuilly,OPEN GYM (entraînement en accès libre),Open Gym,10,2,True,2026-06-26 15:06
2026-06-23,Mardi,08:45,09:35,STUDIO REFORMER - Neuilly,REFORMER,Tania Pozdnyakova ,15,10,True,2026-06-26 15:06
2026-06-23,Mardi,09:00,09:50,STUDIO REFORMER - Neuilly,REFORMER,Lola millerot,15,0,True,2026-06-26 15:06
2026-06-23,Mardi,09:30,10:30,STUDIO SKILL-ATHLETX - Neuilly,OPEN GYM (entraînement en accès libre),Open Gym,10,2,True,2026-06-26 15:06
2026-06-23,Mardi,10:15,11:05,ATHLETX REBEL - Neuilly,ABS & ASS,Coraline Moinat,16,0,True,2026-06-26 15:06
2026-06-23,Mardi,10:30,11:20,STUDIO REFORMER - Neuilly,REFORMER CORE & BOOTY,Tania Pozdnyakova ,15,10,True,2026-06-26 15:06
2026-06-23,Mardi,11:00,12:00,STUDIO SKILL-ATHLETX - Neuilly,OPEN GYM (entraînement en accès libre),Open Gym,10,1,True,2026-06-26 15:06
2026-06-23,Mardi,12:00,13:00,STUDIO SKILL-ATHLETX - Neuilly,OPEN GYM (entraînement en accès libre),Open Gym,10,0,True,2026-06-26 15:06
2026-06-23,Mardi,12:00,12:50,STUDIO TOTAL HYROX - Paris République,TOTAL HYROX,Marcus Feliho,24,0,True,2026-06-26 15:06
2026-06-23,Mardi,12:15,13:05,STUDIO REFORMER - Neuilly,REFORMER,Laura Jullien,15,12,True,2026-06-26 15:06
2026-06-23,Mardi,12:15,13:00,STUDIO TOTAL HYROX - Neuilly,TOTAL HYROX,Juliette Vercher,24,13,True,2026-06-26 15:06
2026-06-23,Mardi,12:30,13:25,ATHLETX REBEL - Neuilly,ATHLETX RUNNING CLUB,Margot Moittie,15,0,True,2026-06-26 15:06
2026-06-23,Mardi,12:30,13:20,STUDIO BOOTCAMP - Neuilly,BOOT CAMP,Marcus Feliho,40,22,True,2026-06-26 15:06
2026-06-23,Mardi,12:30,13:20,STUDIO BOOTCAMP - Paris République,BOOT CAMP,alexis choukri,36,8,True,2026-06-26 15:06
2026-06-23,Mardi,12:30,13:20,STUDIO REFORMER - Paris République,REFORMER,Chloé CASPAR,12,12,True,2026-06-26 15:06
2026-06-23,Mardi,12:30,13:15,STUDIO X-BIKE - Neuilly,X-BIKE,Olivia Feliciano,15,0,True,2026-06-26 15:06
2026-06-23,Mardi,14:00,15:00,STUDIO SKILL-ATHLETX - Neuilly,OPEN GYM (entraînement en accès libre),Open Gym,10,0,True,2026-06-26 15:06
2026-06-23,Mardi,15:00,16:00,ATHLETX REBEL - Neuilly,OPEN GYM (entraînement en accès libre),Open Gym,10,0,True,2026-06-26 15:06
2026-06-23,Mardi,15:00,16:00,STUDIO SKILL-ATHLETX - Neuilly,OPEN GYM (entraînement en accès libre),Open Gym,10,0,True,2026-06-26 15:06
2026-06-23,Mardi,16:00,17:00,ATHLETX REBEL - Neuilly,OPEN GYM (entraînement en accès libre),Open Gym,10,1,True,2026-06-26 15:06
2026-06-23,Mardi,16:00,17:00,STUDIO SKILL-ATHLETX - Neuilly,OPEN GYM (entraînement en accès libre),Open Gym,10,0,True,2026-06-26 15:06
2026-06-23,Mardi,17:00,17:50,STUDIO REFORMER - Neuilly,REFORMER,Camille  Tykoczinsky,15,0,True,2026-06-26 15:06
2026-06-23,Mardi,17:00,18:00,STUDIO SKILL-ATHLETX - Neuilly,OPEN GYM (entraînement en accès libre),Open Gym,10,2,True,2026-06-26 15:06
2026-06-23,Mardi,18:00,18:50,STUDIO REFORMER - Neuilly,REFORMER SIGNATURE,Margot Moittie,15,15,True,2026-06-26 15:06
2026-06-23,Mardi,18:00,18:50,STUDIO REFORMER - Paris République,REFORMER,Nadège Louis,12,6,True,2026-06-26 15:06
2026-06-23,Mardi,18:00,19:00,STUDIO SKILL-ATHLETX - Neuilly,OPEN GYM (entraînement en accès libre),Open Gym,10,0,True,2026-06-26 15:06
2026-06-23,Mardi,18:00,18:55,STUDIO TOTAL HYROX - Neuilly,ABS & ASS,Ava Achouche,16,0,True,2026-06-26 15:06
2026-06-23,Mardi,18:00,18:50,STUDIO TOTAL HYROX - Paris République,HYROX ENGINE,alexis choukri,24,0,True,2026-06-26 15:06
2026-06-23,Mardi,18:15,19:05,STUDIO BOOTCAMP - Neuilly,BOOT CAMP,Marcus Feliho,40,20,True,2026-06-26 15:06
2026-06-23,Mardi,18:30,19:20,STUDIO BOOTCAMP - Paris République,BOOT CAMP,Marie  Clément ,36,0,True,2026-06-26 15:06
2026-06-23,Mardi,19:00,19:50,STUDIO BOOTCAMP - Paris République,BOOT CAMP,Marie  Clément ,36,21,True,2026-06-26 15:06
2026-06-23,Mardi,19:00,20:00,STUDIO LIFT ATHLETX - Neuilly,LIFT ATHLETX,Ava Achouche,16,14,True,2026-06-26 15:06
2026-06-23,Mardi,19:00,19:50,STUDIO REFORMER - Neuilly,REFORMER SIGNATURE,Margot Moittie,15,15,True,2026-06-26 15:06
2026-06-23,Mardi,19:00,19:50,STUDIO REFORMER - Paris République,REFORMER,Nadège Louis,0,0,True,2026-06-26 15:06
2026-06-23,Mardi,19:00,19:45,STUDIO X-BIKE - Neuilly,X-BIKE,Lola millerot,15,0,True,2026-06-26 15:06
2026-06-23,Mardi,19:15,20:05,STUDIO BOOTCAMP - Neuilly,BOOTY & RIDE,Marcus Feliho,30,16,True,2026-06-26 15:06
2026-06-23,Mardi,19:15,20:05,STUDIO BOXING - Neuilly,BOXING,Marcus Feliho,32,0,True,2026-06-26 15:06
2026-06-23,Mardi,20:00,21:00,JUM-FIT - Neuilly,JUMP-FIT,amandine sportes,5,0,True,2026-06-26 15:06
2026-06-23,Mardi,20:00,20:50,STUDIO REFORMER - Neuilly,REFORMER,Lola millerot,15,14,True,2026-06-26 15:06
2026-06-23,Mardi,20:00,20:50,STUDIO REFORMER - Paris République,REFORMER SIGNATURE,Marie  Clément ,12,11,True,2026-06-26 15:06
2026-06-23,Mardi,20:00,20:50,STUDIO TOTAL HYROX - Paris République,TOTAL HYROX,Mehdi El Ouariachi,24,0,True,2026-06-26 15:06
2026-06-23,Mardi,20:00,20:50,STUDIO TOTAL HYROX - Paris République,HYROX RACE,Mehdi El Ouariachi,24,0,True,2026-06-26 15:06
2026-06-23,Mardi,20:15,21:05,STUDIO BOOTCAMP - Neuilly,HYROX BOOTCAMP,Marcus Feliho,40,23,True,2026-06-26 15:06
2026-06-24,Mercredi,07:00,07:50,STUDIO BOOTCAMP - Paris République,BOOT CAMP,Marcus Feliho,36,0,True,2026-06-27 00:06
2026-06-24,Mercredi,07:30,08:20,STUDIO REFORMER - Neuilly,REFORMER,Leane AMRAM,15,12,True,2026-06-27 00:06
2026-06-24,Mercredi,07:30,08:20,STUDIO REFORMER - Paris République,REFORMER,Marie  Clément ,12,0,True,2026-06-27 00:06
2026-06-24,Mercredi,07:30,08:20,STUDIO TOTAL HYROX - Paris République,TOTAL HYROX,Marcus Feliho,24,0,True,2026-06-27 00:06
2026-06-24,Mercredi,08:00,09:00,STUDIO SKILL-ATHLETX - Neuilly,OPEN GYM (entraînement en accès libre),Open Gym,10,0,True,2026-06-27 00:06
2026-06-24,Mercredi,08:45,09:35,STUDIO REFORMER - Neuilly,REFORMER,Leane AMRAM,15,7,True,2026-06-27 00:06
2026-06-24,Mercredi,09:00,10:00,STUDIO SKILL-ATHLETX - Neuilly,OPEN GYM (entraînement en accès libre),Open Gym,10,0,True,2026-06-27 00:06
2026-06-24,Mercredi,10:00,10:50,ATHLETX REBEL - Neuilly,ABS & ASS,Ava Achouche,16,12,True,2026-06-27 00:06
2026-06-24,Mercredi,11:00,11:50,STUDIO REFORMER - Neuilly,REFORMER,Ava Achouche,15,5,True,2026-06-27 00:06
2026-06-24,Mercredi,12:00,12:45,STUDIO REFORMER - Neuilly,TOTAL HYROX,Mehdi El Ouariachi,15,0,True,2026-06-27 00:06
2026-06-24,Mercredi,12:00,12:45,STUDIO REFORMER - Paris République,REFORMER,Lola millerot,12,5,True,2026-06-27 00:06
2026-06-24,Mercredi,12:00,12:45,STUDIO TOTAL HYROX - Paris République,TOTAL HYROX,Marie  Clément ,24,0,True,2026-06-27 00:06
2026-06-24,Mercredi,12:00,12:45,STUDIO TOTAL HYROX - Paris République,HYROX STRENGTH,Marie  Clément ,24,9,True,2026-06-27 00:06
2026-06-24,Mercredi,12:30,13:20,STUDIO BOOTCAMP - Neuilly,BOOT CAMP,Marcus Feliho,40,19,True,2026-06-27 00:06
2026-06-24,Mercredi,12:30,13:20,STUDIO REFORMER - Neuilly,REFORMER,Mathieu Escubedo,15,14,True,2026-06-27 00:06
2026-06-24,Mercredi,12:30,13:20,STUDIO SKILL-ATHLETX - Neuilly,SKILL ATHLETX,Elodie Baudin,16,15,True,2026-06-27 00:06
2026-06-24,Mercredi,12:45,13:35,STUDIO BOOTCAMP - Paris République,BOOT CAMP,Lola millerot,36,7,True,2026-06-27 00:06
2026-06-24,Mercredi,12:45,13:35,STUDIO REFORMER - Paris République,REFORMER,Marie  Clément ,12,10,True,2026-06-27 00:06
2026-06-24,Mercredi,12:45,13:35,STUDIO YOGA - Neuilly,YOGA VINYASA,Nadia El Makaoui,16,0,True,2026-06-27 00:06
2026-06-24,Mercredi,14:00,15:00,STUDIO SKILL-ATHLETX - Neuilly,OPEN GYM (entraînement en accès libre),Open Gym,10,2,True,2026-06-27 00:06
2026-06-24,Mercredi,15:00,16:00,ATHLETX REBEL - Neuilly,OPEN GYM (entraînement en accès libre),Open Gym,10,1,True,2026-06-27 00:06
2026-06-24,Mercredi,15:00,16:00,STUDIO SKILL-ATHLETX - Neuilly,OPEN GYM (entraînement en accès libre),Open Gym,10,0,True,2026-06-27 00:06
2026-06-24,Mercredi,16:00,17:00,ATHLETX REBEL - Neuilly,OPEN GYM (entraînement en accès libre),Open Gym,10,2,True,2026-06-27 00:06
2026-06-24,Mercredi,16:00,17:00,STUDIO SKILL-ATHLETX - Neuilly,OPEN GYM (entraînement en accès libre),Open Gym,10,0,True,2026-06-27 00:06
2026-06-24,Mercredi,17:00,17:50,STUDIO REFORMER - Neuilly,REFORMER,Berkane Carolann,15,0,True,2026-06-27 00:06
2026-06-24,Mercredi,17:00,18:00,STUDIO SKILL-ATHLETX - Neuilly,OPEN GYM (entraînement en accès libre),Open Gym,10,0,True,2026-06-27 00:06
2026-06-24,Mercredi,18:00,18:45,STUDIO BOOTCAMP - Neuilly,X-BIKE,Juliette Vercher,15,4,True,2026-06-27 00:06
2026-06-24,Mercredi,18:00,18:50,STUDIO BOOTCAMP - Paris République,BOOT CAMP,alexis choukri,36,6,True,2026-06-27 00:06
2026-06-24,Mercredi,18:00,18:50,STUDIO REFORMER - Neuilly,REFORMER SIGNATURE,Laura Jullien,15,13,True,2026-06-27 00:06
2026-06-24,Mercredi,18:00,18:50,STUDIO REFORMER - Paris République,REFORMER,Marie  Clément ,12,0,True,2026-06-27 00:06
2026-06-24,Mercredi,18:00,18:55,STUDIO TOTAL HYROX - Neuilly,TOTAL HYROX,Marcus Feliho,24,6,True,2026-06-27 00:06
2026-06-24,Mercredi,18:30,19:20,STUDIO TOTAL HYROX - Paris République,TOTAL HYROX,Marcus Feliho,24,0,True,2026-06-27 00:06
2026-06-24,Mercredi,19:00,19:50,STUDIO BOOTCAMP - Neuilly,BOOTY & RIDE,Marcus Feliho,30,16,True,2026-06-27 00:06
2026-06-24,Mercredi,19:00,19:50,STUDIO BOXING - Neuilly,BOXING,Marcus Feliho,32,0,True,2026-06-27 00:06
2026-06-24,Mercredi,19:00,19:50,STUDIO REFORMER - Neuilly,REFORMER SIGNATURE,Laura Jullien,15,11,True,2026-06-27 00:06
2026-06-24,Mercredi,19:00,19:50,STUDIO REFORMER - Paris République,REFORMER SIGNATURE,Marie  Clément ,12,10,True,2026-06-27 00:06
2026-06-24,Mercredi,19:00,19:50,STUDIO SKILL-ATHLETX - Neuilly,SKILL ATHLETX,Elodie Baudin,16,8,True,2026-06-27 00:06
2026-06-24,Mercredi,19:00,19:50,STUDIO TOTAL HYROX - Paris République,HYROX ENGINE,Mehdi El Ouariachi,24,13,True,2026-06-27 00:06
2026-06-24,Mercredi,19:00,19:45,STUDIO X-BIKE - Neuilly,X-BIKE,Juliette Vercher,15,0,True,2026-06-27 00:06
2026-06-24,Mercredi,20:00,20:50,STUDIO BOOTCAMP - Neuilly,BOOT CAMP,Marcus Feliho,40,22,True,2026-06-27 00:06
2026-06-24,Mercredi,20:00,20:50,STUDIO BOOTCAMP - Paris République,LIFT ATHLETX,Mehdi El Ouariachi,18,5,True,2026-06-27 00:06
2026-06-24,Mercredi,20:00,21:00,STUDIO LIFT ATHLETX - Neuilly,LIFT ATHLETX,Elodie Baudin,16,10,True,2026-06-27 00:06
2026-06-24,Mercredi,20:00,20:50,STUDIO REFORMER - Neuilly,REFORMER,Juliette Vercher,15,14,True,2026-06-27 00:06
2026-06-24,Mercredi,20:00,20:50,STUDIO REFORMER - Paris République,REFORMER,Marie  Clément ,12,0,True,2026-06-27 00:06
2026-06-25,Jeudi,07:15,08:05,STUDIO REFORMER - Paris République,REFORMER,Leane AMRAM,12,0,True,2026-06-27 00:06
2026-06-25,Jeudi,07:30,08:30,STUDIO SKILL-ATHLETX - Neuilly,OPEN GYM (entraînement en accès libre),Open Gym,10,0,True,2026-06-27 00:06
2026-06-25,Jeudi,07:30,08:20,STUDIO TOTAL HYROX - Neuilly,TOTAL HYROX,Mehdi El Ouariachi,24,10,True,2026-06-27 00:06
2026-06-25,Jeudi,07:30,08:20,STUDIO TOTAL HYROX - Paris République,TOTAL HYROX,Alexandre Creantor-Cafournet,24,0,True,2026-06-27 00:06
2026-06-25,Jeudi,07:30,08:20,STUDIO TOTAL HYROX - Paris République,HYROX STRENGTH,Alexandre Creantor-Cafournet,24,0,True,2026-06-27 00:06
2026-06-25,Jeudi,08:15,09:05,STUDIO REFORMER - Paris République,REFORMER,Leane AMRAM,12,0,True,2026-06-27 00:06
2026-06-25,Jeudi,08:30,09:30,STUDIO SKILL-ATHLETX - Neuilly,OPEN GYM (entraînement en accès libre),Open Gym,10,5,True,2026-06-27 00:06
2026-06-25,Jeudi,09:00,09:50,STUDIO REFORMER - Neuilly,REFORMER,Laura Jullien,15,10,True,2026-06-27 00:06
2026-06-25,Jeudi,09:30,10:30,STUDIO SKILL-ATHLETX - Neuilly,OPEN GYM (entraînement en accès libre),Open Gym,10,1,True,2026-06-27 00:06
2026-06-25,Jeudi,10:00,10:50,STUDIO REFORMER - Neuilly,REFORMER,Laura Jullien,15,6,True,2026-06-27 00:06
2026-06-25,Jeudi,10:30,11:30,STUDIO SKILL-ATHLETX - Neuilly,OPEN GYM (entraînement en accès libre),Open Gym,10,0,True,2026-06-27 00:06
2026-06-25,Jeudi,10:45,11:45,STUDIO SKILL-ATHLETX - Neuilly,OPEN GYM (entraînement en accès libre),Open Gym,10,0,True,2026-06-27 00:06
2026-06-25,Jeudi,12:00,12:45,STUDIO STRETCHING - Neuilly,REFORMER SIGNATURE,Coraline Moinat,15,13,True,2026-06-27 00:06
2026-06-25,Jeudi,12:00,12:45,STUDIO TOTAL HYROX - Neuilly,TOTAL HYROX,Mehdi El Ouariachi,24,7,True,2026-06-27 00:06
2026-06-25,Jeudi,12:15,13:05,STUDIO TOTAL HYROX - Paris République,TOTAL HYROX,Marcus Feliho,24,0,True,2026-06-27 00:06
2026-06-25,Jeudi,12:30,13:20,STUDIO BOOTCAMP - Neuilly,BOOT CAMP,Laura Jullien,40,11,True,2026-06-27 00:06
2026-06-25,Jeudi,12:30,13:20,STUDIO BOOTCAMP - Paris République,BOOT CAMP,Lola millerot,36,4,True,2026-06-27 00:06
2026-06-25,Jeudi,12:30,13:20,STUDIO REFORMER - Paris République,REFORMER,Margot Moittie,12,7,True,2026-06-27 00:06
2026-06-25,Jeudi,12:30,13:15,STUDIO X-BIKE - Neuilly,X-BIKE,Lola millerot,15,0,True,2026-06-27 00:06
2026-06-25,Jeudi,12:45,13:40,STUDIO LIFT ATHLETX - Neuilly,LIFT ATHLETX,Mehdi El Ouariachi,16,5,True,2026-06-27 00:06
2026-06-25,Jeudi,12:45,13:30,STUDIO REFORMER - Neuilly,STRETCHING REFORMER,Coraline Moinat,15,10,True,2026-06-27 00:06
2026-06-25,Jeudi,14:00,15:00,STUDIO SKILL-ATHLETX - Neuilly,OPEN GYM (entraînement en accès libre),Open Gym,10,0,True,2026-06-27 00:06
2026-06-25,Jeudi,15:00,16:00,ATHLETX REBEL - Neuilly,OPEN GYM (entraînement en accès libre),Open Gym,10,0,True,2026-06-27 00:06
2026-06-25,Jeudi,15:00,16:00,STUDIO SKILL-ATHLETX - Neuilly,OPEN GYM (entraînement en accès libre),Open Gym,10,0,True,2026-06-27 00:06
2026-06-25,Jeudi,16:00,17:00,ATHLETX REBEL - Neuilly,OPEN GYM (entraînement en accès libre),Open Gym,10,0,True,2026-06-27 00:06
2026-06-25,Jeudi,16:00,17:00,STUDIO SKILL-ATHLETX - Neuilly,OPEN GYM (entraînement en accès libre),Open Gym,10,0,True,2026-06-27 00:06
2026-06-25,Jeudi,17:00,17:50,STUDIO REFORMER - Neuilly,REFORMER,Camille  Tykoczinsky,15,0,True,2026-06-27 00:06
2026-06-25,Jeudi,17:00,17:50,STUDIO REFORMER - Neuilly,REFORMER,Berkane Carolann,15,0,True,2026-06-27 00:06
2026-06-25,Jeudi,17:00,18:00,STUDIO SKILL-ATHLETX - Neuilly,OPEN GYM (entraînement en accès libre),Open Gym,10,0,True,2026-06-27 00:06
2026-06-25,Jeudi,18:00,18:50,STUDIO REFORMER - Neuilly,REFORMER SIGNATURE,Marie  Clément ,15,14,True,2026-06-27 00:06
2026-06-25,Jeudi,18:00,18:50,STUDIO REFORMER - Paris République,REFORMER,Jade Chedumbrun,12,4,True,2026-06-27 00:06
2026-06-25,Jeudi,18:15,19:05,STUDIO REFORMER - Paris République,REFORMER,Marie  Clément ,12,0,True,2026-06-27 00:06
2026-06-25,Jeudi,18:30,19:20,STUDIO BOOTCAMP - Neuilly,BOOTY & RIDE,William Pamfile,30,6,True,2026-06-27 00:06
2026-06-25,Jeudi,18:30,19:20,STUDIO BOOTCAMP - Paris République,BOOT CAMP,Marcus Feliho,36,0,True,2026-06-27 00:06
2026-06-25,Jeudi,18:30,19:25,STUDIO TOTAL HYROX - Neuilly,TOTAL HYROX,Jessica Sanki,24,21,True,2026-06-27 00:06
2026-06-25,Jeudi,18:30,19:20,STUDIO TOTAL HYROX - Paris République,HYROX RACE,Marcus Feliho,24,9,True,2026-06-27 00:06
2026-06-25,Jeudi,18:30,19:20,STUDIO X-BIKE - Neuilly,X-BIKE,William Pamfile,15,0,True,2026-06-27 00:06
2026-06-25,Jeudi,19:00,19:50,STUDIO REFORMER - Neuilly,REFORMER SIGNATURE,Marie  Clément ,15,10,True,2026-06-27 00:06
2026-06-25,Jeudi,19:00,19:50,STUDIO REFORMER - Paris République,REFORMER,Jade Chedumbrun,12,7,True,2026-06-27 00:06
2026-06-25,Jeudi,19:15,20:05,STUDIO REFORMER - Paris République,REFORMER,Marie  Clément ,12,0,True,2026-06-27 00:06
2026-06-25,Jeudi,19:30,20:20,STUDIO BOOTCAMP - Neuilly,BOOT CAMP,Enzo Pichon,40,21,True,2026-06-27 00:06
2026-06-25,Jeudi,19:30,20:20,STUDIO BOOTCAMP - Paris République,BOOT CAMP,Marcus Feliho,36,12,True,2026-06-27 00:06
2026-06-25,Jeudi,19:30,20:30,STUDIO LIFT ATHLETX - Neuilly,LIFT ATHLETX,Jessica Sanki,16,16,True,2026-06-27 00:06
2026-06-25,Jeudi,20:00,20:50,STUDIO REFORMER - Neuilly,REFORMER SIGNATURE,Marie  Clément ,15,15,True,2026-06-27 00:06
2026-06-25,Jeudi,20:00,20:50,STUDIO REFORMER - Paris République,REFORMER,Jade Chedumbrun,12,4,True,2026-06-27 00:06
2026-06-26,Vendredi,07:30,08:20,STUDIO BOOTCAMP - Neuilly,BOOT CAMP,Marcus Feliho,32,0,True,2026-06-27 00:06
2026-06-26,Vendredi,07:30,08:20,STUDIO REFORMER - Neuilly,REFORMER,Hané Saade,15,7,True,2026-06-27 00:06
2026-06-26,Vendredi,07:30,08:20,STUDIO REFORMER - Paris République,REFORMER,Marie  Clément ,12,0,True,2026-06-27 00:06
2026-06-26,Vendredi,07:30,08:30,STUDIO SKILL-ATHLETX - Neuilly,OPEN GYM (entraînement en accès libre),Open Gym,10,0,True,2026-06-27 00:06
2026-06-26,Vendredi,08:00,08:45,STUDIO SKILL-ATHLETX - Neuilly,OPEN GYM (entraînement en accès libre),Open Gym,10,0,True,2026-06-27 00:06
2026-06-26,Vendredi,08:00,08:50,STUDIO TOTAL HYROX - Paris République,TOTAL HYROX,Marcus Feliho,24,0,True,2026-06-27 00:06
2026-06-26,Vendredi,08:45,09:35,STUDIO REFORMER - Neuilly,STRETCHING REFORMER,Hané Saade,15,3,True,2026-06-27 00:06
2026-06-26,Vendredi,09:00,09:50,ATHLETX REBEL - Neuilly,ABS & ASS,Coraline Moinat,16,9,True,2026-06-27 00:06
2026-06-26,Vendredi,10:00,11:00,STUDIO SKILL-ATHLETX - Neuilly,OPEN GYM (entraînement en accès libre),Open Gym,10,0,True,2026-06-27 00:06
2026-06-26,Vendredi,10:45,11:35,STUDIO REFORMER - Neuilly,REFORMER,Ava Achouche,15,5,True,2026-06-27 00:06
2026-06-26,Vendredi,11:00,12:00,STUDIO SKILL-ATHLETX - Neuilly,OPEN GYM (entraînement en accès libre),Open Gym,10,0,True,2026-06-27 00:06
2026-06-26,Vendredi,11:15,12:05,STUDIO REFORMER - Paris République,REFORMER,Curtis Arthur,12,0,True,2026-06-27 00:06
2026-06-26,Vendredi,12:00,12:45,STUDIO BOOTCAMP - Paris République,LIFT ATHLETX,Marie  Clément ,18,4,True,2026-06-27 00:06
2026-06-26,Vendredi,12:00,12:45,STUDIO SKILL-ATHLETX - Neuilly,SKILL ATHLETX,Jessica Sanki,16,10,True,2026-06-27 00:06
2026-06-26,Vendredi,12:30,13:20,STUDIO BOOTCAMP - Neuilly,BOOT CAMP,Coraline Moinat,40,15,True,2026-06-27 00:06
2026-06-26,Vendredi,12:30,13:20,STUDIO REFORMER - Neuilly,REFORMER,Laura Jullien,15,15,True,2026-06-27 00:06
2026-06-26,Vendredi,12:30,13:20,STUDIO REFORMER - Paris République,REFORMER,Curtis Arthur,12,7,True,2026-06-27 00:06
2026-06-26,Vendredi,12:30,13:20,STUDIO YOGA - Neuilly,YOGA VINYASA,Nadia El Makaoui,16,0,True,2026-06-27 00:06
2026-06-26,Vendredi,12:45,13:30,STUDIO TOTAL HYROX - Neuilly,LIFT ATHLETX,Jessica Sanki,16,12,True,2026-06-27 00:06
2026-06-26,Vendredi,12:45,13:45,STUDIO YOGA - Neuilly,YOGA VINYASA,Nadia El Makaoui,16,0,True,2026-06-27 00:06
2026-06-26,Vendredi,12:50,13:35,STUDIO TOTAL HYROX - Paris République,HYROX ENGINE,Marie  Clément ,24,6,True,2026-06-27 00:06
2026-06-26,Vendredi,14:00,15:00,STUDIO SKILL-ATHLETX - Neuilly,OPEN GYM (entraînement en accès libre),Open Gym,10,0,True,2026-06-27 00:06
2026-06-26,Vendredi,15:00,16:00,ATHLETX REBEL - Neuilly,OPEN GYM (entraînement en accès libre),Open Gym,10,2,True,2026-06-27 00:06
2026-06-26,Vendredi,15:00,16:00,STUDIO SKILL-ATHLETX - Neuilly,OPEN GYM (entraînement en accès libre),Open Gym,10,0,True,2026-06-27 00:06
2026-06-26,Vendredi,16:00,17:00,ATHLETX REBEL - Neuilly,OPEN GYM (entraînement en accès libre),Open Gym,10,2,True,2026-06-27 00:06
2026-06-26,Vendredi,16:00,17:00,STUDIO SKILL-ATHLETX - Neuilly,OPEN GYM (entraînement en accès libre),Open Gym,10,0,True,2026-06-27 00:06
2026-06-26,Vendredi,17:00,17:50,STUDIO REFORMER - Neuilly,REFORMER,Elisa RINGLER,15,0,True,2026-06-27 00:06
2026-06-26,Vendredi,17:00,17:50,STUDIO REFORMER - Paris République,REFORMER,Hané Saade,12,4,True,2026-06-27 00:06
2026-06-26,Vendredi,17:00,18:00,STUDIO SKILL-ATHLETX - Neuilly,OPEN GYM (entraînement en accès libre),Open Gym,10,0,True,2026-06-27 00:06
2026-06-26,Vendredi,18:00,18:50,STUDIO REFORMER - Neuilly,REFORMER,Olivia Feliciano,15,12,True,2026-06-27 00:06
2026-06-26,Vendredi,18:00,18:50,STUDIO REFORMER - Paris République,REFORMER,Hané Saade,12,8,True,2026-06-27 00:06
2026-06-26,Vendredi,18:00,19:00,STUDIO SKILL-ATHLETX - Neuilly,OPEN GYM (entraînement en accès libre),Open Gym,10,0,True,2026-06-27 00:06
2026-06-26,Vendredi,18:00,18:55,STUDIO TOTAL HYROX - Neuilly,TOTAL HYROX,Laura Jullien,24,0,True,2026-06-27 00:06
2026-06-26,Vendredi,18:00,18:50,STUDIO TOTAL HYROX - Paris République,HYROX STRENGTH,William Pamfile,24,7,True,2026-06-27 00:06
2026-06-26,Vendredi,19:00,19:50,STUDIO BOOTCAMP - Neuilly,HYROX BOOTCAMP,Laura Jullien,40,0,True,2026-06-27 00:06
2026-06-26,Vendredi,19:00,19:50,STUDIO BOOTCAMP - Paris République,BOOT CAMP,William Pamfile,36,0,True,2026-06-27 00:06
2026-06-26,Vendredi,19:00,19:50,STUDIO REFORMER - Neuilly,REFORMER,Olivia Feliciano,15,10,True,2026-06-27 00:06
2026-06-26,Vendredi,19:00,19:50,STUDIO REFORMER - Paris République,REFORMER,Hané Saade,12,0,True,2026-06-27 00:06
2026-06-26,Vendredi,19:00,20:00,STUDIO SKILL-ATHLETX - Neuilly,OPEN GYM (entraînement en accès libre),Open Gym,10,5,True,2026-06-27 00:06
2026-06-26,Vendredi,19:00,19:50,STUDIO TOTAL HYROX - Paris République,TOTAL HYROX,Marcus Feliho,24,0,True,2026-06-27 00:06
2026-06-27,Samedi,09:00,09:50,STUDIO REFORMER - Neuilly,REFORMER,Tania Pozdnyakova ,15,5,False,2026-06-27 00:06
2026-06-27,Samedi,09:00,09:50,STUDIO REFORMER - Paris République,REFORMER,Marie  Clément ,12,0,False,2026-06-27 00:06
2026-06-27,Samedi,10:00,10:50,STUDIO BOOTCAMP - Paris République,BOOT CAMP,Alexandre Creantor-Cafournet,36,0,False,2026-06-27 00:06
2026-06-27,Samedi,10:00,10:50,STUDIO REFORMER - Neuilly,REFORMER,Tania Pozdnyakova ,15,9,False,2026-06-27 00:06
2026-06-27,Samedi,10:00,10:50,STUDIO REFORMER - Paris République,REFORMER,Nadège Louis,12,7,False,2026-06-27 00:06
2026-06-27,Samedi,10:00,10:50,STUDIO SKILL-ATHLETX - Neuilly,SKILL ATHLETX,Jessica Sanki,16,16,False,2026-06-27 00:06
2026-06-27,Samedi,10:00,10:50,STUDIO X-BIKE - Neuilly,X-BIKE,William Pamfile,15,8,False,2026-06-27 00:06
2026-06-27,Samedi,11:00,11:50,STUDIO BOOTCAMP - Neuilly,BOOT CAMP,William Pamfile,40,15,False,2026-06-27 00:06
2026-06-27,Samedi,11:00,12:00,STUDIO LIFT ATHLETX - Neuilly,LIFT ATHLETX,Jessica Sanki,16,16,False,2026-06-27 00:06
2026-06-27,Samedi,11:00,11:50,STUDIO REFORMER - Neuilly,REFORMER,Tania Pozdnyakova ,15,12,False,2026-06-27 00:06
2026-06-27,Samedi,11:00,11:50,STUDIO REFORMER - Paris République,REFORMER,Nadège Louis,12,10,False,2026-06-27 00:06
2026-06-27,Samedi,11:00,11:50,STUDIO TOTAL HYROX - Paris République,HYROX RACE,Alexandre Creantor-Cafournet,24,10,False,2026-06-27 00:06
2026-06-27,Samedi,12:00,12:50,STUDIO BOOTCAMP - Paris République,HYROX BOOTCAMP,Alexandre Creantor-Cafournet,36,3,False,2026-06-27 00:06
2026-06-27,Samedi,12:00,12:50,STUDIO REFORMER - Neuilly,REFORMER,Sara Sadeg,15,10,False,2026-06-27 00:06
2026-06-27,Samedi,12:00,12:50,STUDIO REFORMER - Paris République,REFORMER,Nadège Louis,12,11,False,2026-06-27 00:06
2026-06-27,Samedi,12:00,12:55,STUDIO TOTAL HYROX - Neuilly,TOTAL HYROX,Jessica Sanki,24,10,False,2026-06-27 00:06
2026-06-27,Samedi,13:00,13:50,STUDIO REFORMER - Neuilly,STRETCHING REFORMER,Sara Sadeg,15,4,False,2026-06-27 00:06
2026-06-27,Samedi,13:00,14:00,STUDIO SKILL-ATHLETX - Neuilly,OPEN GYM (entraînement en accès libre),Open Gym,10,0,False,2026-06-27 00:06
2026-06-27,Samedi,14:00,15:00,STUDIO SKILL-ATHLETX - Neuilly,OPEN GYM (entraînement en accès libre),Open Gym,10,0,False,2026-06-27 00:06
2026-06-27,Samedi,15:00,16:00,STUDIO SKILL-ATHLETX - Neuilly,OPEN GYM (entraînement en accès libre),Open Gym,10,0,False,2026-06-27 00:06
2026-06-27,Samedi,16:00,16:50,STUDIO REFORMER - Neuilly,REFORMER,Arthur Gambardella,15,0,False,2026-06-27 00:06
2026-06-27,Samedi,16:00,16:50,STUDIO REFORMER - Neuilly,REFORMER,Salomé Dadoun ,15,0,False,2026-06-27 00:06
2026-06-27,Samedi,16:00,17:00,STUDIO SKILL-ATHLETX - Neuilly,OPEN GYM (entraînement en accès libre),Open Gym,10,0,False,2026-06-27 00:06
2026-06-27,Samedi,17:00,17:50,STUDIO BOOTCAMP - Neuilly,BOOT CAMP,Mehdi El Ouariachi,40,0,False,2026-06-27 00:06
2026-06-27,Samedi,17:00,17:50,STUDIO REFORMER - Neuilly,REFORMER,Arthur Gambardella,15,0,False,2026-06-27 00:06
2026-06-27,Samedi,17:00,17:50,STUDIO REFORMER - Neuilly,REFORMER,Salomé Dadoun ,15,0,False,2026-06-27 00:06
2026-06-27,Samedi,17:00,17:50,STUDIO REFORMER - Paris République,REFORMER,Chloé CASPAR,12,0,False,2026-06-27 00:06
2026-06-27,Samedi,17:00,18:00,STUDIO SKILL-ATHLETX - Neuilly,OPEN GYM (entraînement en accès libre),Open Gym,10,0,False,2026-06-27 00:06
2026-06-27,Samedi,17:00,17:50,STUDIO TOTAL HYROX - Paris République,TOTAL HYROX,Enzo Pichon,24,0,False,2026-06-27 00:06
2026-06-27,Samedi,17:30,18:20,STUDIO BOOTCAMP - Paris République,BOOT CAMP,Enzo Pichon,36,4,False,2026-06-27 00:06
2026-06-27,Samedi,17:30,18:20,STUDIO REFORMER - Paris République,REFORMER,Mélanie Kotian,12,2,False,2026-06-27 00:06
2026-06-27,Samedi,20:00,20:50,STUDIO REFORMER - Paris République,REFORMER,Marie  Clément ,12,0,False,2026-06-27 00:06
2026-06-28,Dimanche,10:00,10:50,STUDIO REFORMER - Neuilly,REFORMER,Leane AMRAM,15,14,False,2026-06-27 00:06
2026-06-28,Dimanche,10:00,10:50,STUDIO REFORMER - Paris République,REFORMER,Olivia Feliciano,12,4,False,2026-06-27 00:06
2026-06-28,Dimanche,10:00,11:00,STUDIO SKILL-ATHLETX - Neuilly,OPEN GYM (entraînement en accès libre),Open Gym,10,0,False,2026-06-27 00:06
2026-06-28,Dimanche,10:00,10:50,STUDIO TOTAL HYROX - Neuilly,TOTAL HYROX,Enzo Pichon,24,11,False,2026-06-27 00:06
2026-06-28,Dimanche,10:00,10:50,STUDIO TOTAL HYROX - Paris République,TOTAL HYROX,Marcus Feliho,24,0,False,2026-06-27 00:06
2026-06-28,Dimanche,10:30,11:20,STUDIO TOTAL HYROX - Paris République,TOTAL HYROX,Marie  Clément ,24,0,False,2026-06-27 00:06
2026-06-28,Dimanche,10:30,11:20,STUDIO TOTAL HYROX - Paris République,HYROX ENGINE,Mathieu Escubedo,24,5,False,2026-06-27 00:06
2026-06-28,Dimanche,11:00,11:50,STUDIO BOOTCAMP - Neuilly,BOOT CAMP,Enzo Pichon,40,11,False,2026-06-27 00:06
2026-06-28,Dimanche,11:00,11:50,STUDIO REFORMER - Neuilly,REFORMER,Leane AMRAM,15,9,False,2026-06-27 00:06
2026-06-28,Dimanche,11:00,11:50,STUDIO REFORMER - Paris République,REFORMER SIGNATURE,Olivia Feliciano,12,5,False,2026-06-27 00:06
2026-06-28,Dimanche,11:00,11:50,STUDIO SKILL-ATHLETX - Neuilly,ABS & ASS,Berkane Carolann,16,10,False,2026-06-27 00:06
2026-06-28,Dimanche,11:00,11:50,STUDIO TOTAL HYROX - Paris République,TOTAL HYROX,Marie  Clément ,24,0,False,2026-06-27 00:06
2026-06-28,Dimanche,11:30,12:20,STUDIO BOOTCAMP - Paris République,BOOT CAMP,Marie  Clément ,36,7,False,2026-06-27 00:06
2026-06-28,Dimanche,12:00,12:50,STUDIO BOOTCAMP - Neuilly,RUNNING BOOTCAMP,Aliou Camara,20,4,False,2026-06-27 00:06
2026-06-28,Dimanche,12:00,12:50,STUDIO REFORMER - Neuilly,REFORMER  : JUMP BOARD 💥,Leane AMRAM,15,2,False,2026-06-27 00:06
2026-06-28,Dimanche,12:00,12:50,STUDIO REFORMER - Paris République,REFORMER,Olivia Feliciano,12,5,False,2026-06-27 00:06
2026-06-28,Dimanche,12:00,12:50,STUDIO TOTAL HYROX - Neuilly,TOTAL HYROX,William Pamfile,16,0,False,2026-06-27 00:06
2026-06-28,Dimanche,12:00,12:50,STUDIO TOTAL HYROX - Neuilly,TOTAL HYROX,Enzo Pichon,24,4,False,2026-06-27 00:06
2026-06-28,Dimanche,13:00,13:50,STUDIO REFORMER - Neuilly,STRETCHING REFORMER,Berkane Carolann,15,2,False,2026-06-27 00:06
2026-06-28,Dimanche,13:00,14:00,STUDIO SKILL-ATHLETX - Neuilly,OPEN GYM (entraînement en accès libre),Open Gym,10,1,False,2026-06-27 00:06
2026-06-28,Dimanche,14:00,15:00,STUDIO SKILL-ATHLETX - Neuilly,OPEN GYM (entraînement en accès libre),Open Gym,10,0,False,2026-06-27 00:06
2026-06-28,Dimanche,15:00,16:00,ATHLETX REBEL - Neuilly,OPEN GYM (entraînement en accès libre),Open Gym,10,0,False,2026-06-27 00:06
2026-06-28,Dimanche,15:00,16:00,STUDIO SKILL-ATHLETX - Neuilly,OPEN GYM (entraînement en accès libre),Open Gym,10,0,False,2026-06-27 00:06
2026-06-28,Dimanche,16:00,17:00,ATHLETX REBEL - Neuilly,OPEN GYM (entraînement en accès libre),Open Gym,10,0,False,2026-06-27 00:06
2026-06-28,Dimanche,16:00,16:50,STUDIO REFORMER - Neuilly,REFORMER,Berkane Carolann,15,2,False,2026-06-27 00:06
2026-06-28,Dimanche,16:00,17:00,STUDIO SKILL-ATHLETX - Neuilly,OPEN GYM (entraînement en accès libre),Open Gym,10,0,False,2026-06-27 00:06
2026-06-28,Dimanche,17:00,17:50,STUDIO BOOTCAMP - Paris République,BOOT CAMP,Marcus Feliho,36,0,False,2026-06-27 00:06
2026-06-28,Dimanche,17:00,17:50,STUDIO REFORMER - Neuilly,REFORMER,Berkane Carolann,15,5,False,2026-06-27 00:06
2026-06-28,Dimanche,17:00,17:50,STUDIO REFORMER - Paris République,REFORMER,Chloé CASPAR,12,0,False,2026-06-27 00:06
2026-06-28,Dimanche,17:00,18:00,STUDIO SKILL-ATHLETX - Neuilly,OPEN GYM (entraînement en accès libre),Open Gym,10,0,False,2026-06-27 00:06
2026-06-28,Dimanche,17:15,18:05,STUDIO BOOTCAMP - Neuilly,BOOT CAMP,Aliou Camara,40,8,False,2026-06-27 00:06
2026-06-28,Dimanche,17:30,18:20,STUDIO REFORMER - Paris République,REFORMER,Mélanie Kotian,12,8,False,2026-06-27 00:06
2026-06-28,Dimanche,17:30,18:20,STUDIO TOTAL HYROX - Paris République,HYROX STRENGTH,Mathieu Escubedo,24,1,False,2026-06-27 00:06
2026-06-29,Lundi,00:00,00:50,STUDIO REFORMER - Paris République,REFORMER,Marie  Clément ,12,0,False,2026-06-27 00:06
2026-06-29,Lundi,07:15,08:05,STUDIO REFORMER - Paris République,REFORMER,Marie  Clément ,12,0,False,2026-06-27 00:06
2026-06-29,Lundi,07:30,08:20,STUDIO LIFT ATHLETX - Neuilly,OPEN GYM (entraînement en accès libre),Open Gym,15,0,False,2026-06-27 00:06
2026-06-29,Lundi,07:30,08:20,STUDIO REFORMER - Neuilly,REFORMER,Lola millerot,15,0,False,2026-06-27 00:06
2026-06-29,Lundi,07:30,08:30,STUDIO SKILL-ATHLETX - Neuilly,OPEN GYM (entraînement en accès libre),Open Gym,10,0,False,2026-06-27 00:06
2026-06-29,Lundi,07:30,08:20,STUDIO TOTAL HYROX - Paris République,TOTAL HYROX,Marcus Feliho,24,0,False,2026-06-27 00:06
2026-06-29,Lundi,08:30,09:45,ATHLETX REBEL - Neuilly,OPEN GYM (entraînement en accès libre),Open Gym,10,0,False,2026-06-27 00:06
2026-06-29,Lundi,08:30,09:30,STUDIO SKILL-ATHLETX - Neuilly,OPEN GYM (entraînement en accès libre),Open Gym,10,0,False,2026-06-27 00:06
2026-06-29,Lundi,09:00,10:00,JUM-FIT - Neuilly,JUMP-FIT,amandine sportes,5,0,False,2026-06-27 00:06
2026-06-29,Lundi,09:00,09:50,STUDIO REFORMER - Neuilly,REFORMER SIGNATURE,Lola millerot,15,7,False,2026-06-27 00:06
2026-06-29,Lundi,09:30,10:30,STUDIO SKILL-ATHLETX - Neuilly,OPEN GYM (entraînement en accès libre),Open Gym,10,0,False,2026-06-27 00:06
2026-06-29,Lundi,10:00,10:50,STUDIO REFORMER - Neuilly,ABS & ASS,Lola millerot,16,6,False,2026-06-27 00:06
2026-06-29,Lundi,11:00,12:00,STUDIO SKILL-ATHLETX - Neuilly,OPEN GYM (entraînement en accès libre),Open Gym,10,1,False,2026-06-27 00:06
2026-06-29,Lundi,11:30,12:30,STUDIO SKILL-ATHLETX - Neuilly,OPEN GYM (entraînement en accès libre),Open Gym,10,0,False,2026-06-27 00:06
2026-06-29,Lundi,12:00,12:45,STUDIO BOOTCAMP - Paris République,BOOT CAMP,Marcus Feliho,36,3,False,2026-06-27 00:06
2026-06-29,Lundi,12:00,12:45,STUDIO REFORMER - Paris République,REFORMER,LÉNA BACHELIER,12,0,False,2026-06-27 00:06
2026-06-29,Lundi,12:15,13:05,STUDIO BOOTCAMP - Paris République,BOOT CAMP,Marcus Feliho,36,0,False,2026-06-27 00:06
2026-06-29,Lundi,12:15,13:10,STUDIO TOTAL HYROX - Neuilly,LIFT ATHLETX,Mehdi El Ouariachi,16,16,False,2026-06-27 00:06
2026-06-29,Lundi,12:30,13:20,STUDIO BOOTCAMP - Neuilly,HYROX BOOTCAMP,William Pamfile,40,0,False,2026-06-27 00:06
2026-06-29,Lundi,12:30,13:20,STUDIO BOOTCAMP - Paris République,BOOT CAMP,Marcus Feliho,36,0,False,2026-06-27 00:06
2026-06-29,Lundi,12:30,13:20,STUDIO REFORMER - Neuilly,REFORMER,Lola millerot,15,14,False,2026-06-27 00:06
2026-06-29,Lundi,12:30,13:20,STUDIO REFORMER - Paris République,REFORMER,Marie  Clément ,12,5,False,2026-06-27 00:06
2026-06-29,Lundi,12:30,13:30,STUDIO SKILL-ATHLETX - Neuilly,OPEN GYM (entraînement en accès libre),Open Gym,10,0,False,2026-06-27 00:06
2026-06-29,Lundi,12:30,13:15,STUDIO X-BIKE - Neuilly,X-BIKE,William Pamfile,15,7,False,2026-06-27 00:06
2026-06-29,Lundi,12:45,13:35,STUDIO TOTAL HYROX - Paris République,HYROX ENGINE,Marcus Feliho,24,2,False,2026-06-27 00:06
2026-06-29,Lundi,14:00,15:00,STUDIO SKILL-ATHLETX - Neuilly,OPEN GYM (entraînement en accès libre),Open Gym,10,0,False,2026-06-27 00:06
2026-06-29,Lundi,15:00,16:00,ATHLETX REBEL - Neuilly,OPEN GYM (entraînement en accès libre),Open Gym,10,0,False,2026-06-27 00:06
2026-06-29,Lundi,15:00,16:00,STUDIO SKILL-ATHLETX - Neuilly,OPEN GYM (entraînement en accès libre),Open Gym,10,0,False,2026-06-27 00:06
2026-06-29,Lundi,16:00,17:00,STUDIO SKILL-ATHLETX - Neuilly,OPEN GYM (entraînement en accès libre),Open Gym,10,0,False,2026-06-27 00:06
2026-06-29,Lundi,17:00,17:50,STUDIO REFORMER - Neuilly,REFORMER,Coraline Moinat,15,0,False,2026-06-27 00:06
2026-06-29,Lundi,17:00,17:50,STUDIO REFORMER - Neuilly,REFORMER,Mehdi El Ouariachi,15,0,False,2026-06-27 00:06
2026-06-29,Lundi,17:00,17:45,STUDIO SKILL-ATHLETX - Neuilly,OPEN GYM (entraînement en accès libre),Open Gym,10,3,False,2026-06-27 00:06
2026-06-29,Lundi,18:00,18:50,STUDIO BOOTCAMP - Paris République,LIFT ATHLETX,Marcus Feliho,18,1,False,2026-06-27 00:06
2026-06-29,Lundi,18:00,18:50,STUDIO LIFT ATHLETX - Neuilly,LIFT ATHLETX,Enzo Pichon,16,13,False,2026-06-27 00:06
2026-06-29,Lundi,18:00,18:50,STUDIO REFORMER - Neuilly,REFORMER,Margot Moittie,15,15,False,2026-06-27 00:06
2026-06-29,Lundi,18:00,18:50,STUDIO REFORMER - Paris République,REFORMER,Mathieu Escubedo,12,2,False,2026-06-27 00:06
2026-06-29,Lundi,18:00,18:45,STUDIO SKILL-ATHLETX - Neuilly,OPEN GYM (entraînement en accès libre),Open Gym,10,0,False,2026-06-27 00:06
2026-06-29,Lundi,18:30,19:20,STUDIO BOXING - Neuilly,BOXING,William Pamfile,32,0,False,2026-06-27 00:06
2026-06-29,Lundi,18:30,19:30,STUDIO SKILL-ATHLETX - Neuilly,OPEN GYM (entraînement en accès libre),Open Gym,10,0,False,2026-06-27 00:06
2026-06-29,Lundi,18:30,19:15,STUDIO X-BIKE - Neuilly,X-BIKE,Elisa RINGLER,15,6,False,2026-06-27 00:06
2026-06-29,Lundi,19:00,19:50,STUDIO BOOTCAMP - Paris République,HYROX STRENGTH,Marcus Feliho,24,8,False,2026-06-27 00:06
2026-06-29,Lundi,19:00,19:50,STUDIO REFORMER - Neuilly,REFORMER,Margot Moittie,15,15,False,2026-06-27 00:06
2026-06-29,Lundi,19:00,19:50,STUDIO REFORMER - Paris République,REFORMER,Mathieu Escubedo,12,9,False,2026-06-27 00:06
2026-06-29,Lundi,19:00,19:55,STUDIO TOTAL HYROX - Neuilly,TOTAL HYROX,Mehdi El Ouariachi,24,24,False,2026-06-27 00:06
2026-06-29,Lundi,19:30,20:20,STUDIO BOOTCAMP - Neuilly,BOOT CAMP,Enzo Pichon,40,14,False,2026-06-27 00:06
2026-06-29,Lundi,20:00,20:50,STUDIO BOOTCAMP - Paris République,HYROX BOOTCAMP,Marcus Feliho,36,5,False,2026-06-27 00:06
2026-06-29,Lundi,20:00,20:50,STUDIO BOOTCAMP - Paris République,BOOT CAMP,Marcus Feliho,36,0,False,2026-06-27 00:06
2026-06-29,Lundi,20:00,20:50,STUDIO REFORMER - Neuilly,REFORMER,Margot Moittie,15,14,False,2026-06-27 00:06
2026-06-29,Lundi,20:00,20:50,STUDIO REFORMER - Paris République,REFORMER,Mathieu Escubedo,12,5,False,2026-06-27 00:06
2026-06-29,Lundi,20:00,20:50,STUDIO SKILL-ATHLETX - Neuilly,SKILL ATHLETX,Mehdi El Ouariachi,16,1,False,2026-06-27 00:06
2026-06-29,Lundi,20:30,21:20,STUDIO X-BIKE - Neuilly,X-BIKE,William Pamfile,15,0,False,2026-06-27 00:06
