id,date,jour,heure,fin,lieu,cours,coach,capacite,presents,finie,statut,releve
2026-05-29|17:00|banote x collectionneur|functional bootcamp - functional training class,2026-05-29,Vendredi,17:00,18:00,Banote x Collectionneur,Functional Bootcamp - Functional Training class,Michael Moore,12,0,True,inconnu,2026-05-29 17:25
2026-05-29|18:00|banote club paris 16e|full body - micro lagree,2026-05-29,Vendredi,18:00,19:00,Banote Club Paris 16e,FULL BODY - MICRO LAGREE,Noa,12,0,True,inconnu,2026-05-29 17:25
2026-05-29|18:00|banote x collectionneur|functional bootcamp - functional training class,2026-05-29,Vendredi,18:00,19:00,Banote x Collectionneur,Functional Bootcamp - Functional Training class,Michael Moore,12,0,True,inconnu,2026-05-29 17:25
2026-05-30|10:00|banote club paris 16e|full body - micro lagree,2026-05-30,Samedi,10:00,11:00,Banote Club Paris 16e,FULL BODY - MICRO LAGREE,Aya Rose,12,0,True,disponible,2026-05-29 17:25
2026-05-30|11:00|banote club paris 16e|full body - micro lagree,2026-05-30,Samedi,11:00,12:00,Banote Club Paris 16e,FULL BODY - MICRO LAGREE,Aya Rose,12,0,True,disponible,2026-05-29 17:25
2026-05-30|12:00|banote club paris 16e|full body - micro lagree,2026-05-30,Samedi,12:00,13:00,Banote Club Paris 16e,FULL BODY - MICRO LAGREE,Aya Rose,12,0,True,disponible,2026-05-29 17:25
2026-05-30|13:00|banote club paris 16e|full body - micro lagree,2026-05-30,Samedi,13:00,14:00,Banote Club Paris 16e,FULL BODY - MICRO LAGREE,Aya Rose,12,0,True,disponible,2026-05-29 17:25
2026-05-30|17:30|banote club paris 16e|full body - micro lagree,2026-05-30,Samedi,17:30,18:30,Banote Club Paris 16e,FULL BODY - MICRO LAGREE,Golda (Suppléant),12,0,True,disponible,2026-05-29 17:25
2026-05-30|18:30|banote club paris 16e|full body - micro lagree,2026-05-30,Samedi,18:30,19:30,Banote Club Paris 16e,FULL BODY - MICRO LAGREE,Golda (Suppléant),12,0,True,disponible,2026-05-29 17:25
2026-05-31|10:00|banote club charenton|full body - micro lagree,2026-05-31,Dimanche,10:00,11:00,Banote Club Charenton,FULL BODY - MICRO LAGREE,Noa,12,0,True,disponible,2026-05-29 17:25
2026-05-31|11:00|banote club charenton|full body - micro lagree,2026-05-31,Dimanche,11:00,12:00,Banote Club Charenton,FULL BODY - MICRO LAGREE,Noa,12,0,True,disponible,2026-05-29 17:25
2026-05-31|11:00|banote club paris 16e|full body - micro lagree,2026-05-31,Dimanche,11:00,12:00,Banote Club Paris 16e,FULL BODY - MICRO LAGREE,Aya Rose (Suppléant),12,0,True,disponible,2026-05-29 17:25
2026-05-31|12:00|banote club charenton|full body - micro lagree,2026-05-31,Dimanche,12:00,13:00,Banote Club Charenton,FULL BODY - MICRO LAGREE,Noa,12,0,True,disponible,2026-05-29 17:25
2026-05-31|12:00|banote club paris 16e|advanced full body - micro lagree,2026-05-31,Dimanche,12:00,13:00,Banote Club Paris 16e,ADVANCED FULL BODY - MICRO LAGREE,Aya Rose (Suppléant),12,0,True,disponible,2026-05-29 17:25
2026-05-31|13:00|banote club charenton|full body - micro lagree,2026-05-31,Dimanche,13:00,14:00,Banote Club Charenton,FULL BODY - MICRO LAGREE,Noa,12,0,True,disponible,2026-05-29 17:25
2026-05-31|13:00|banote club paris 16e|advanced full body - micro lagree,2026-05-31,Dimanche,13:00,14:00,Banote Club Paris 16e,ADVANCED FULL BODY - MICRO LAGREE,Aya Rose (Suppléant),12,0,True,disponible,2026-05-29 17:25
2026-05-31|17:00|banote club paris 16e|full body - micro lagree,2026-05-31,Dimanche,17:00,18:00,Banote Club Paris 16e,FULL BODY - MICRO LAGREE,Aya Rose,12,0,True,disponible,2026-05-29 17:25
2026-05-31|17:30|banote club charenton|full body - micro lagree,2026-05-31,Dimanche,17:30,18:30,Banote Club Charenton,FULL BODY - MICRO LAGREE,Golda,12,0,True,disponible,2026-05-29 17:25
2026-05-31|18:00|banote club paris 16e|full body - micro lagree,2026-05-31,Dimanche,18:00,19:00,Banote Club Paris 16e,FULL BODY - MICRO LAGREE,Aya Rose,12,0,True,disponible,2026-05-29 17:25
2026-05-31|18:30|banote club charenton|full body - micro lagree,2026-05-31,Dimanche,18:30,19:30,Banote Club Charenton,FULL BODY - MICRO LAGREE,Golda,12,0,True,disponible,2026-05-29 17:25
2026-05-31|19:00|banote club paris 16e|full body - micro lagree,2026-05-31,Dimanche,19:00,20:00,Banote Club Paris 16e,FULL BODY - MICRO LAGREE,Aya Rose,12,0,True,disponible,2026-05-29 17:25
2026-05-31|19:30|banote club charenton|full body - micro lagree,2026-05-31,Dimanche,19:30,20:30,Banote Club Charenton,FULL BODY - MICRO LAGREE,Golda,12,0,True,disponible,2026-05-29 17:25
2026-06-01|05:00|banote x collectionneur|functional bootcamp - functional training class,2026-06-01,Lundi,05:00,06:00,Banote x Collectionneur,Functional Bootcamp - Functional Training class,Michael Moore,12,0,True,disponible,2026-05-29 17:25
2026-06-01|06:00|banote x collectionneur|functional bootcamp - functional training class,2026-06-01,Lundi,06:00,07:00,Banote x Collectionneur,Functional Bootcamp - Functional Training class,Michael Moore,12,0,True,disponible,2026-05-29 17:25
2026-06-01|08:00|banote x collectionneur|functional bootcamp - functional training class,2026-06-01,Lundi,08:00,09:00,Banote x Collectionneur,Functional Bootcamp - Functional Training class,Michael Moore,12,0,True,disponible,2026-05-29 17:25
2026-06-01|09:00|banote x collectionneur|functional bootcamp - functional training class,2026-06-01,Lundi,09:00,10:00,Banote x Collectionneur,Functional Bootcamp - Functional Training class,Michael Moore,12,0,True,disponible,2026-05-29 17:25
2026-06-01|11:00|banote club charenton|full body - micro lagree,2026-06-01,Lundi,11:00,12:00,Banote Club Charenton,FULL BODY - MICRO LAGREE,Tally,12,0,True,disponible,2026-05-29 17:25
2026-06-01|11:00|banote club paris 16e|full body - micro lagree,2026-06-01,Lundi,11:00,12:00,Banote Club Paris 16e,FULL BODY - MICRO LAGREE,Rachel,12,0,True,disponible,2026-05-29 17:25
2026-06-01|12:00|banote club paris 16e|full body - micro lagree,2026-06-01,Lundi,12:00,13:00,Banote Club Paris 16e,FULL BODY - MICRO LAGREE,Rachel,12,0,True,disponible,2026-05-29 17:25
2026-06-01|12:30|banote club charenton|full body - micro lagree,2026-06-01,Lundi,12:30,13:30,Banote Club Charenton,FULL BODY - MICRO LAGREE,Tally,12,0,True,disponible,2026-05-29 17:25
2026-06-01|13:00|banote club paris 16e|full body - micro lagree,2026-06-01,Lundi,13:00,14:00,Banote Club Paris 16e,FULL BODY - MICRO LAGREE,Rachel,12,0,True,disponible,2026-05-29 17:25
2026-06-01|13:30|banote club charenton|full body - micro lagree,2026-06-01,Lundi,13:30,14:30,Banote Club Charenton,FULL BODY - MICRO LAGREE,Tally,12,0,True,disponible,2026-05-29 17:25
2026-06-01|17:00|banote club paris 16e|full body - micro lagree,2026-06-01,Lundi,17:00,18:00,Banote Club Paris 16e,FULL BODY - MICRO LAGREE,Rachel,12,0,True,disponible,2026-05-29 17:25
2026-06-01|17:00|banote x collectionneur|functional bootcamp - functional training class,2026-06-01,Lundi,17:00,18:00,Banote x Collectionneur,Functional Bootcamp - Functional Training class,Michael Moore,12,0,True,disponible,2026-05-29 17:25
2026-06-01|17:30|banote club charenton|full body - micro lagree,2026-06-01,Lundi,17:30,18:30,Banote Club Charenton,FULL BODY - MICRO LAGREE,Noa,12,0,True,disponible,2026-05-29 17:25
2026-06-01|18:00|banote club paris 16e|full body - micro lagree,2026-06-01,Lundi,18:00,19:00,Banote Club Paris 16e,FULL BODY - MICRO LAGREE,Rachel,12,0,True,disponible,2026-05-29 17:25
2026-06-01|18:00|banote x collectionneur|functional bootcamp - functional training class,2026-06-01,Lundi,18:00,19:00,Banote x Collectionneur,Functional Bootcamp - Functional Training class,Michael Moore,12,0,True,disponible,2026-05-29 17:25
2026-06-01|18:30|banote club charenton|full body - micro lagree,2026-06-01,Lundi,18:30,19:30,Banote Club Charenton,FULL BODY - MICRO LAGREE,Noa,12,0,True,disponible,2026-05-29 17:25
2026-06-01|19:00|banote club paris 16e|full body - micro lagree,2026-06-01,Lundi,19:00,20:00,Banote Club Paris 16e,FULL BODY - MICRO LAGREE,Rachel,12,0,True,disponible,2026-05-29 17:25
2026-06-01|19:00|banote x collectionneur|functional bootcamp - functional training class,2026-06-01,Lundi,19:00,20:00,Banote x Collectionneur,Functional Bootcamp - Functional Training class,Michael Moore,12,0,True,disponible,2026-05-29 17:25
2026-06-01|19:30|banote club charenton|full body - micro lagree,2026-06-01,Lundi,19:30,20:30,Banote Club Charenton,FULL BODY - MICRO LAGREE,Noa,12,0,True,disponible,2026-05-29 17:25
2026-06-01|20:00|banote club paris 16e|full body - micro lagree,2026-06-01,Lundi,20:00,21:00,Banote Club Paris 16e,FULL BODY - MICRO LAGREE,Rachel,12,0,True,disponible,2026-05-29 17:25
2026-06-02|09:00|banote club paris 16e|full body - micro lagree,2026-06-02,Mardi,09:00,10:00,Banote Club Paris 16e,FULL BODY - MICRO LAGREE,Rachel,12,0,True,disponible,2026-05-29 17:25
2026-06-02|10:00|banote club charenton|full body - micro lagree,2026-06-02,Mardi,10:00,11:00,Banote Club Charenton,FULL BODY - MICRO LAGREE,Noa,12,0,True,disponible,2026-05-29 17:25
2026-06-02|10:00|banote club paris 16e|full body - micro lagree,2026-06-02,Mardi,10:00,11:00,Banote Club Paris 16e,FULL BODY - MICRO LAGREE,Rachel,12,0,True,disponible,2026-05-29 17:25
2026-06-02|11:00|banote club charenton|full body - micro lagree,2026-06-02,Mardi,11:00,12:00,Banote Club Charenton,FULL BODY - MICRO LAGREE,Noa,12,0,True,disponible,2026-05-29 17:25
2026-06-02|11:00|banote club paris 16e|full body - micro lagree,2026-06-02,Mardi,11:00,12:00,Banote Club Paris 16e,FULL BODY - MICRO LAGREE,Alexandra,12,0,True,disponible,2026-05-29 17:25
2026-06-02|12:00|banote club paris 16e|advanced full body - micro lagree,2026-06-02,Mardi,12:00,13:00,Banote Club Paris 16e,ADVANCED FULL BODY - MICRO LAGREE,Alexandra,12,0,True,disponible,2026-05-29 17:25
2026-06-02|12:30|banote club charenton|full body - micro lagree,2026-06-02,Mardi,12:30,13:30,Banote Club Charenton,FULL BODY - MICRO LAGREE,Noa,12,0,True,disponible,2026-05-29 17:25
2026-06-02|13:00|banote club paris 16e|advanced full body - micro lagree,2026-06-02,Mardi,13:00,14:00,Banote Club Paris 16e,ADVANCED FULL BODY - MICRO LAGREE,Alexandra,12,0,True,disponible,2026-05-29 17:25
2026-06-02|14:00|banote club paris 16e|full body - micro lagree,2026-06-02,Mardi,14:00,15:00,Banote Club Paris 16e,FULL BODY - MICRO LAGREE,Alexandra,12,12,True,complet,2026-05-29 17:25
2026-06-02|17:30|banote club charenton|full body - micro lagree,2026-06-02,Mardi,17:30,18:30,Banote Club Charenton,FULL BODY - MICRO LAGREE,Rachel,12,0,True,disponible,2026-05-29 17:25
2026-06-02|17:30|banote club paris 16e|full body - micro lagree,2026-06-02,Mardi,17:30,18:30,Banote Club Paris 16e,FULL BODY - MICRO LAGREE,Noa (Suppléant),12,0,True,disponible,2026-05-29 17:25
2026-06-02|18:30|banote club charenton|full body - micro lagree,2026-06-02,Mardi,18:30,19:30,Banote Club Charenton,FULL BODY - MICRO LAGREE,Rachel,12,0,True,disponible,2026-05-29 17:25
2026-06-02|18:30|banote club paris 16e|full body - micro lagree,2026-06-02,Mardi,18:30,19:30,Banote Club Paris 16e,FULL BODY - MICRO LAGREE,Noa (Suppléant),12,0,True,disponible,2026-05-29 17:25
2026-06-02|19:30|banote club charenton|full body - micro lagree,2026-06-02,Mardi,19:30,20:30,Banote Club Charenton,FULL BODY - MICRO LAGREE,Rachel,12,0,True,disponible,2026-05-29 17:25
2026-06-02|19:30|banote club paris 16e|full body - micro lagree,2026-06-02,Mardi,19:30,20:30,Banote Club Paris 16e,FULL BODY - MICRO LAGREE,Noa (Suppléant),12,0,True,disponible,2026-05-29 17:25
2026-06-02|20:30|banote club paris 16e|full body - micro lagree,2026-06-02,Mardi,20:30,21:30,Banote Club Paris 16e,FULL BODY - MICRO LAGREE,Noa (Suppléant),12,0,True,disponible,2026-05-29 17:25
2026-06-03|05:00|banote x collectionneur|functional bootcamp - functional training class,2026-06-03,Mercredi,05:00,06:00,Banote x Collectionneur,Functional Bootcamp - Functional Training class,Michael Moore,12,0,True,disponible,2026-05-29 17:25
2026-06-03|06:00|banote x collectionneur|functional bootcamp - functional training class,2026-06-03,Mercredi,06:00,07:00,Banote x Collectionneur,Functional Bootcamp - Functional Training class,Michael Moore,12,0,True,disponible,2026-05-29 17:25
2026-06-03|08:00|banote club paris 16e|full body - micro lagree,2026-06-03,Mercredi,08:00,09:00,Banote Club Paris 16e,FULL BODY - MICRO LAGREE,Rachel,12,0,True,disponible,2026-05-29 17:25
2026-06-03|08:00|banote x collectionneur|functional bootcamp - functional training class,2026-06-03,Mercredi,08:00,09:00,Banote x Collectionneur,Functional Bootcamp - Functional Training class,Michael Moore,12,0,True,disponible,2026-05-29 17:25
2026-06-03|09:00|banote club paris 16e|full body - micro lagree,2026-06-03,Mercredi,09:00,10:00,Banote Club Paris 16e,FULL BODY - MICRO LAGREE,Rachel,12,0,True,disponible,2026-05-29 17:25
2026-06-03|09:00|banote x collectionneur|functional bootcamp - functional training class,2026-06-03,Mercredi,09:00,10:00,Banote x Collectionneur,Functional Bootcamp - Functional Training class,Michael Moore,12,0,True,disponible,2026-05-29 17:25
2026-06-03|10:00|banote club charenton|full body - micro lagree,2026-06-03,Mercredi,10:00,11:00,Banote Club Charenton,FULL BODY - MICRO LAGREE,Tally (Suppléant),12,0,True,disponible,2026-05-29 17:25
2026-06-03|10:00|banote club paris 16e|full body - micro lagree,2026-06-03,Mercredi,10:00,11:00,Banote Club Paris 16e,FULL BODY - MICRO LAGREE,Rachel,12,0,True,disponible,2026-05-29 17:25
2026-06-03|11:00|banote club paris 16e|full body - micro lagree,2026-06-03,Mercredi,11:00,12:00,Banote Club Paris 16e,FULL BODY - MICRO LAGREE,Aya Rose (Suppléant),12,0,True,disponible,2026-05-29 17:25
2026-06-03|11:30|banote club charenton|full body - micro lagree,2026-06-03,Mercredi,11:30,12:30,Banote Club Charenton,FULL BODY - MICRO LAGREE,Tally (Suppléant),12,0,True,disponible,2026-05-29 17:25
2026-06-03|12:00|banote club paris 16e|full body - micro lagree,2026-06-03,Mercredi,12:00,13:00,Banote Club Paris 16e,FULL BODY - MICRO LAGREE,Aya Rose (Suppléant),12,0,True,disponible,2026-05-29 17:25
2026-06-03|12:30|banote club charenton|full body - micro lagree,2026-06-03,Mercredi,12:30,13:30,Banote Club Charenton,FULL BODY - MICRO LAGREE,Tally (Suppléant),12,0,True,disponible,2026-05-29 17:25
2026-06-03|13:00|banote club paris 16e|full body - micro lagree,2026-06-03,Mercredi,13:00,14:00,Banote Club Paris 16e,FULL BODY - MICRO LAGREE,Aya Rose (Suppléant),12,0,True,disponible,2026-05-29 17:25
2026-06-03|17:00|banote x collectionneur|functional bootcamp - functional training class,2026-06-03,Mercredi,17:00,18:00,Banote x Collectionneur,Functional Bootcamp - Functional Training class,Michael Moore,12,0,True,disponible,2026-05-29 17:25
2026-06-03|18:00|banote x collectionneur|functional bootcamp - functional training class,2026-06-03,Mercredi,18:00,19:00,Banote x Collectionneur,Functional Bootcamp - Functional Training class,Michael Moore,12,0,True,disponible,2026-05-29 17:25
2026-06-03|18:30|banote club charenton|full body - micro lagree,2026-06-03,Mercredi,18:30,19:30,Banote Club Charenton,FULL BODY - MICRO LAGREE,Tally (Suppléant),12,0,True,disponible,2026-05-29 17:25
2026-06-03|18:30|banote club paris 16e|full body - micro lagree,2026-06-03,Mercredi,18:30,19:30,Banote Club Paris 16e,FULL BODY - MICRO LAGREE,Aya Rose (Suppléant),12,0,True,disponible,2026-05-29 17:25
2026-06-03|19:00|banote x collectionneur|functional bootcamp - functional training class,2026-06-03,Mercredi,19:00,20:00,Banote x Collectionneur,Functional Bootcamp - Functional Training class,Michael Moore,12,0,True,disponible,2026-05-29 17:25
2026-06-03|19:30|banote club charenton|full body - micro lagree,2026-06-03,Mercredi,19:30,20:30,Banote Club Charenton,FULL BODY - MICRO LAGREE,Tally (Suppléant),12,0,True,disponible,2026-05-29 17:25
2026-06-03|19:30|banote club paris 16e|full body - micro lagree,2026-06-03,Mercredi,19:30,20:30,Banote Club Paris 16e,FULL BODY - MICRO LAGREE,Aya Rose (Suppléant),12,0,True,disponible,2026-05-29 17:25
2026-06-03|20:30|banote club charenton|full body - micro lagree,2026-06-03,Mercredi,20:30,21:30,Banote Club Charenton,FULL BODY - MICRO LAGREE,Tally (Suppléant),12,0,True,disponible,2026-05-29 17:25
2026-06-03|20:30|banote club paris 16e|full body - micro lagree,2026-06-03,Mercredi,20:30,21:30,Banote Club Paris 16e,FULL BODY - MICRO LAGREE,Aya Rose (Suppléant),12,0,True,disponible,2026-05-29 17:25
2026-06-04|08:00|banote club paris 16e|full body - micro lagree,2026-06-04,Jeudi,08:00,09:00,Banote Club Paris 16e,FULL BODY - MICRO LAGREE,Aya Rose (Suppléant),12,0,True,disponible,2026-05-29 17:25
2026-06-04|09:00|banote club paris 16e|full body - micro lagree,2026-06-04,Jeudi,09:00,10:00,Banote Club Paris 16e,FULL BODY - MICRO LAGREE,Aya Rose (Suppléant),12,0,True,disponible,2026-05-29 17:25
2026-06-04|10:00|banote club charenton|full body - micro lagree,2026-06-04,Jeudi,10:00,11:00,Banote Club Charenton,FULL BODY - MICRO LAGREE,Tally (Suppléant),12,0,True,disponible,2026-05-29 17:25
2026-06-04|10:00|banote club paris 16e|full body - micro lagree,2026-06-04,Jeudi,10:00,11:00,Banote Club Paris 16e,FULL BODY - MICRO LAGREE,Aya Rose (Suppléant),12,0,True,disponible,2026-05-29 17:25
2026-06-04|11:00|banote club charenton|full body - micro lagree,2026-06-04,Jeudi,11:00,12:00,Banote Club Charenton,FULL BODY - MICRO LAGREE,Tally (Suppléant),12,0,True,disponible,2026-05-29 17:25
2026-06-04|11:00|banote club paris 16e|full body - micro lagree,2026-06-04,Jeudi,11:00,12:00,Banote Club Paris 16e,FULL BODY - MICRO LAGREE,Rachel (Suppléant),12,0,True,disponible,2026-05-29 17:25
2026-06-04|12:00|banote club paris 16e|advanced full body - micro lagree,2026-06-04,Jeudi,12:00,13:00,Banote Club Paris 16e,ADVANCED FULL BODY - MICRO LAGREE,Rachel (Suppléant),12,0,True,disponible,2026-05-29 17:25
2026-06-04|12:30|banote club charenton|full body - micro lagree,2026-06-04,Jeudi,12:30,13:30,Banote Club Charenton,FULL BODY - MICRO LAGREE,Tally (Suppléant),12,0,True,disponible,2026-05-29 17:25
2026-06-04|13:00|banote club paris 16e|advanced full body - micro lagree,2026-06-04,Jeudi,13:00,14:00,Banote Club Paris 16e,ADVANCED FULL BODY - MICRO LAGREE,Rachel (Suppléant),12,0,True,disponible,2026-05-29 17:25
2026-06-04|14:00|banote club paris 16e|full body - micro lagree,2026-06-04,Jeudi,14:00,15:00,Banote Club Paris 16e,FULL BODY - MICRO LAGREE,Rachel (Suppléant),12,0,True,disponible,2026-05-29 17:25
2026-06-04|17:30|banote club charenton|full body - micro lagree,2026-06-04,Jeudi,17:30,18:30,Banote Club Charenton,FULL BODY - MICRO LAGREE,Rachel,12,0,True,disponible,2026-05-29 17:25
2026-06-04|17:30|banote club paris 16e|full body - micro lagree,2026-06-04,Jeudi,17:30,18:30,Banote Club Paris 16e,FULL BODY - MICRO LAGREE,Aya Rose,12,0,True,disponible,2026-05-29 17:25
2026-06-04|18:30|banote club charenton|full body - micro lagree,2026-06-04,Jeudi,18:30,19:30,Banote Club Charenton,FULL BODY - MICRO LAGREE,Rachel,12,0,True,disponible,2026-05-29 17:25
2026-06-04|18:30|banote club paris 16e|full body - micro lagree,2026-06-04,Jeudi,18:30,19:30,Banote Club Paris 16e,FULL BODY - MICRO LAGREE,Aya Rose,12,0,True,disponible,2026-05-29 17:25
2026-06-04|19:30|banote club charenton|full body - micro lagree,2026-06-04,Jeudi,19:30,20:30,Banote Club Charenton,FULL BODY - MICRO LAGREE,Rachel,12,0,True,disponible,2026-05-29 17:25
2026-06-04|19:30|banote club paris 16e|full body - micro lagree,2026-06-04,Jeudi,19:30,20:30,Banote Club Paris 16e,FULL BODY - MICRO LAGREE,Aya Rose,12,0,True,disponible,2026-05-29 17:25
2026-06-05|09:00|banote club charenton|full body - micro lagree,2026-06-05,Vendredi,09:00,10:00,Banote Club Charenton,FULL BODY - MICRO LAGREE,Tally,12,0,True,disponible,2026-05-30 14:20
2026-06-05|09:00|banote club paris 16e|full body - micro lagree,2026-06-05,Vendredi,09:00,10:00,Banote Club Paris 16e,FULL BODY - MICRO LAGREE,Aya Rose (Suppléant),12,0,True,disponible,2026-05-30 17:50
2026-06-05|10:00|banote club charenton|full body - micro lagree,2026-06-05,Vendredi,10:00,11:00,Banote Club Charenton,FULL BODY - MICRO LAGREE,Tally,12,0,True,disponible,2026-05-30 14:20
2026-06-05|10:00|banote club paris 16e|full body - micro lagree,2026-06-05,Vendredi,10:00,11:00,Banote Club Paris 16e,FULL BODY - MICRO LAGREE,Aya Rose (Suppléant),12,0,True,disponible,2026-05-30 17:50
2026-06-05|11:00|banote club charenton|full body - micro lagree,2026-06-05,Vendredi,11:00,12:00,Banote Club Charenton,FULL BODY - MICRO LAGREE,Tally,12,0,True,disponible,2026-05-30 14:20
2026-06-05|11:00|banote club paris 16e|full body - micro lagree,2026-06-05,Vendredi,11:00,12:00,Banote Club Paris 16e,FULL BODY - MICRO LAGREE,Aya Rose (Suppléant),12,0,True,disponible,2026-05-30 17:50
2026-06-05|12:00|banote club paris 16e|full body - micro lagree,2026-06-05,Vendredi,12:00,13:00,Banote Club Paris 16e,FULL BODY - MICRO LAGREE,Rachel,12,0,True,disponible,2026-05-30 17:50
2026-06-05|12:30|banote club charenton|full body - micro lagree,2026-06-05,Vendredi,12:30,13:30,Banote Club Charenton,FULL BODY - MICRO LAGREE,Tally (Suppléant),12,0,True,disponible,2026-05-30 14:20
2026-06-05|13:00|banote club paris 16e|full body - micro lagree,2026-06-05,Vendredi,13:00,14:00,Banote Club Paris 16e,FULL BODY - MICRO LAGREE,Rachel,12,0,True,disponible,2026-05-30 17:50
2026-06-05|13:30|banote club charenton|full body - micro lagree,2026-06-05,Vendredi,13:30,14:30,Banote Club Charenton,FULL BODY - MICRO LAGREE,Tally (Suppléant),12,0,True,disponible,2026-05-30 14:20
2026-06-05|14:00|banote club paris 16e|full body - micro lagree,2026-06-05,Vendredi,14:00,15:00,Banote Club Paris 16e,FULL BODY - MICRO LAGREE,Rachel,12,0,True,disponible,2026-05-30 17:50
2026-06-05|16:00|banote club paris 16e|full body - micro lagree,2026-06-05,Vendredi,16:00,17:00,Banote Club Paris 16e,FULL BODY - MICRO LAGREE,Rachel (Suppléant),12,0,True,disponible,2026-05-30 17:50
2026-06-05|17:00|banote club paris 16e|full body - micro lagree,2026-06-05,Vendredi,17:00,18:00,Banote Club Paris 16e,FULL BODY - MICRO LAGREE,Rachel (Suppléant),12,0,True,disponible,2026-05-30 17:50
2026-06-05|18:00|banote club paris 16e|full body - micro lagree,2026-06-05,Vendredi,18:00,19:00,Banote Club Paris 16e,FULL BODY - MICRO LAGREE,Rachel (Suppléant),12,0,True,disponible,2026-05-30 17:50
2026-06-06|10:00|banote club paris 16e|full body - micro lagree,2026-06-06,Samedi,10:00,11:00,Banote Club Paris 16e,FULL BODY - MICRO LAGREE,Aya Rose,12,0,True,disponible,2026-05-31 12:23
2026-06-06|11:00|banote club paris 16e|full body - micro lagree,2026-06-06,Samedi,11:00,12:00,Banote Club Paris 16e,FULL BODY - MICRO LAGREE,Aya Rose,12,0,True,disponible,2026-05-31 12:23
2026-06-06|12:00|banote club paris 16e|full body - micro lagree,2026-06-06,Samedi,12:00,13:00,Banote Club Paris 16e,FULL BODY - MICRO LAGREE,Aya Rose,12,0,True,disponible,2026-05-31 12:23
2026-06-06|13:00|banote club paris 16e|full body - micro lagree,2026-06-06,Samedi,13:00,14:00,Banote Club Paris 16e,FULL BODY - MICRO LAGREE,Aya Rose,12,0,True,disponible,2026-05-31 12:23
2026-06-06|17:30|banote club paris 16e|full body - micro lagree,2026-06-06,Samedi,17:30,18:30,Banote Club Paris 16e,FULL BODY - MICRO LAGREE,Rachel,12,0,True,disponible,2026-05-31 12:23
2026-06-06|18:30|banote club paris 16e|full body - micro lagree,2026-06-06,Samedi,18:30,19:30,Banote Club Paris 16e,FULL BODY - MICRO LAGREE,Rachel,12,0,True,disponible,2026-05-31 12:23
2026-06-07|10:00|banote club charenton|full body - micro lagree,2026-06-07,Dimanche,10:00,11:00,Banote Club Charenton,FULL BODY - MICRO LAGREE,Tally (Suppléant),12,0,True,disponible,2026-06-01 11:34
2026-06-07|10:00|banote club paris 16e|advanced full body - micro lagree,2026-06-07,Dimanche,10:00,11:00,Banote Club Paris 16e,ADVANCED FULL BODY - MICRO LAGREE,Alexandra,12,0,True,disponible,2026-06-01 22:23
2026-06-07|11:00|banote club charenton|full body - micro lagree,2026-06-07,Dimanche,11:00,12:00,Banote Club Charenton,FULL BODY - MICRO LAGREE,Tally (Suppléant),12,0,True,disponible,2026-06-01 11:34
2026-06-07|11:00|banote club paris 16e|full body - micro lagree,2026-06-07,Dimanche,11:00,12:00,Banote Club Paris 16e,FULL BODY - MICRO LAGREE,Alexandra,12,0,True,disponible,2026-06-01 22:23
2026-06-07|12:00|banote club charenton|full body - micro lagree,2026-06-07,Dimanche,12:00,13:00,Banote Club Charenton,FULL BODY - MICRO LAGREE,Tally (Suppléant),12,0,True,disponible,2026-06-01 11:34
2026-06-07|12:00|banote club paris 16e|advanced full body - micro lagree,2026-06-07,Dimanche,12:00,13:00,Banote Club Paris 16e,ADVANCED FULL BODY - MICRO LAGREE,Alexandra,12,0,True,disponible,2026-06-01 22:23
2026-06-07|13:00|banote club charenton|full body - micro lagree,2026-06-07,Dimanche,13:00,14:00,Banote Club Charenton,FULL BODY - MICRO LAGREE,Tally (Suppléant),12,0,True,disponible,2026-06-01 11:34
2026-06-07|13:00|banote club paris 16e|advanced full body - micro lagree,2026-06-07,Dimanche,13:00,14:00,Banote Club Paris 16e,ADVANCED FULL BODY - MICRO LAGREE,Alexandra,12,0,True,disponible,2026-06-01 22:23
2026-06-07|17:00|banote club paris 16e|full body - micro lagree,2026-06-07,Dimanche,17:00,18:00,Banote Club Paris 16e,FULL BODY - MICRO LAGREE,Aya Rose,12,0,True,disponible,2026-06-01 22:23
2026-06-07|17:30|banote club charenton|full body - micro lagree,2026-06-07,Dimanche,17:30,18:30,Banote Club Charenton,FULL BODY - MICRO LAGREE,Noa (Suppléant),12,0,True,disponible,2026-06-01 11:34
2026-06-07|18:00|banote club paris 16e|full body - micro lagree,2026-06-07,Dimanche,18:00,19:00,Banote Club Paris 16e,FULL BODY - MICRO LAGREE,Aya Rose,12,0,True,disponible,2026-06-01 22:23
2026-06-07|18:30|banote club charenton|full body - micro lagree,2026-06-07,Dimanche,18:30,19:30,Banote Club Charenton,FULL BODY - MICRO LAGREE,Noa (Suppléant),12,0,True,disponible,2026-06-01 11:34
2026-06-07|19:00|banote club paris 16e|full body - micro lagree,2026-06-07,Dimanche,19:00,20:00,Banote Club Paris 16e,FULL BODY - MICRO LAGREE,Aya Rose,12,0,True,disponible,2026-06-01 22:23
2026-06-07|19:30|banote club charenton|full body - micro lagree,2026-06-07,Dimanche,19:30,20:30,Banote Club Charenton,FULL BODY - MICRO LAGREE,Noa (Suppléant),12,0,True,disponible,2026-06-01 11:34
2026-06-08|11:00|banote club charenton|full body - micro lagree,2026-06-08,Lundi,11:00,12:00,Banote Club Charenton,FULL BODY - MICRO LAGREE,Tally,12,0,True,disponible,2026-06-02 10:44
2026-06-08|11:00|banote club paris 16e|full body - micro lagree,2026-06-08,Lundi,11:00,12:00,Banote Club Paris 16e,FULL BODY - MICRO LAGREE,Rachel,12,0,True,disponible,2026-06-02 14:50
2026-06-08|12:00|banote club paris 16e|full body - micro lagree,2026-06-08,Lundi,12:00,13:00,Banote Club Paris 16e,FULL BODY - MICRO LAGREE,Rachel,12,0,True,disponible,2026-06-02 14:50
2026-06-08|12:30|banote club charenton|full body - micro lagree,2026-06-08,Lundi,12:30,13:30,Banote Club Charenton,FULL BODY - MICRO LAGREE,Tally,12,0,True,disponible,2026-06-02 10:44
2026-06-08|13:00|banote club paris 16e|full body - micro lagree,2026-06-08,Lundi,13:00,14:00,Banote Club Paris 16e,FULL BODY - MICRO LAGREE,Rachel,12,0,True,disponible,2026-06-02 14:50
2026-06-08|13:30|banote club charenton|full body - micro lagree,2026-06-08,Lundi,13:30,14:30,Banote Club Charenton,FULL BODY - MICRO LAGREE,Tally,12,0,True,disponible,2026-06-02 10:44
2026-06-08|17:00|banote club paris 16e|full body - micro lagree,2026-06-08,Lundi,17:00,18:00,Banote Club Paris 16e,FULL BODY - MICRO LAGREE,Rachel,12,0,True,disponible,2026-06-02 14:50
2026-06-08|17:30|banote club charenton|full body - micro lagree,2026-06-08,Lundi,17:30,18:30,Banote Club Charenton,FULL BODY - MICRO LAGREE,Noa,12,0,True,disponible,2026-06-02 10:44
2026-06-08|18:00|banote club paris 16e|full body - micro lagree,2026-06-08,Lundi,18:00,19:00,Banote Club Paris 16e,FULL BODY - MICRO LAGREE,Rachel,12,0,True,disponible,2026-06-02 14:50
2026-06-08|18:30|banote club charenton|full body - micro lagree,2026-06-08,Lundi,18:30,19:30,Banote Club Charenton,FULL BODY - MICRO LAGREE,Noa,12,0,True,disponible,2026-06-02 10:44
2026-06-08|19:00|banote club paris 16e|full body - micro lagree,2026-06-08,Lundi,19:00,20:00,Banote Club Paris 16e,FULL BODY - MICRO LAGREE,Rachel,12,0,True,disponible,2026-06-02 14:50
2026-06-08|19:30|banote club charenton|full body - micro lagree,2026-06-08,Lundi,19:30,20:30,Banote Club Charenton,FULL BODY - MICRO LAGREE,Noa,12,0,True,disponible,2026-06-02 10:44
2026-06-08|20:00|banote club paris 16e|full body - micro lagree,2026-06-08,Lundi,20:00,21:00,Banote Club Paris 16e,FULL BODY - MICRO LAGREE,Rachel,12,0,True,disponible,2026-06-02 14:50
2026-06-09|09:00|banote club paris 16e|full body - micro lagree,2026-06-09,Mardi,09:00,10:00,Banote Club Paris 16e,FULL BODY - MICRO LAGREE,Rachel,12,0,True,disponible,2026-06-04 10:32
2026-06-09|10:00|banote club charenton|full body - micro lagree,2026-06-09,Mardi,10:00,11:00,Banote Club Charenton,FULL BODY - MICRO LAGREE,Noa,12,0,True,disponible,2026-06-04 10:32
2026-06-09|10:00|banote club paris 16e|full body - micro lagree,2026-06-09,Mardi,10:00,11:00,Banote Club Paris 16e,FULL BODY - MICRO LAGREE,Rachel,12,0,True,disponible,2026-06-04 10:32
2026-06-09|11:00|banote club charenton|full body - micro lagree,2026-06-09,Mardi,11:00,12:00,Banote Club Charenton,FULL BODY - MICRO LAGREE,Noa,12,0,True,disponible,2026-06-04 10:32
2026-06-09|11:00|banote club paris 16e|full body - micro lagree,2026-06-09,Mardi,11:00,12:00,Banote Club Paris 16e,FULL BODY - MICRO LAGREE,Rachel (Suppléant),12,0,True,disponible,2026-06-04 10:32
2026-06-09|12:00|banote club paris 16e|advanced full body - micro lagree,2026-06-09,Mardi,12:00,13:00,Banote Club Paris 16e,ADVANCED FULL BODY - MICRO LAGREE,Aya Rose (Suppléant),12,0,True,disponible,2026-06-04 10:32
2026-06-09|12:30|banote club charenton|full body - micro lagree,2026-06-09,Mardi,12:30,13:30,Banote Club Charenton,FULL BODY - MICRO LAGREE,Noa,12,0,True,disponible,2026-06-04 10:32
2026-06-09|13:00|banote club paris 16e|advanced full body - micro lagree,2026-06-09,Mardi,13:00,14:00,Banote Club Paris 16e,ADVANCED FULL BODY - MICRO LAGREE,Aya Rose (Suppléant),12,0,True,disponible,2026-06-04 10:32
2026-06-09|14:00|banote club paris 16e|full body - micro lagree,2026-06-09,Mardi,14:00,15:00,Banote Club Paris 16e,FULL BODY - MICRO LAGREE,Aya Rose (Suppléant),12,0,True,disponible,2026-06-04 10:32
2026-06-09|17:30|banote club charenton|full body - micro lagree,2026-06-09,Mardi,17:30,18:30,Banote Club Charenton,FULL BODY - MICRO LAGREE,Rachel,12,0,True,disponible,2026-06-04 10:32
2026-06-09|17:30|banote club paris 16e|full body - micro lagree,2026-06-09,Mardi,17:30,18:30,Banote Club Paris 16e,FULL BODY - MICRO LAGREE,Noa,12,0,True,disponible,2026-06-04 10:32
2026-06-09|18:30|banote club charenton|full body - micro lagree,2026-06-09,Mardi,18:30,19:30,Banote Club Charenton,FULL BODY - MICRO LAGREE,Rachel,12,0,True,disponible,2026-06-04 10:32
2026-06-09|18:30|banote club paris 16e|full body - micro lagree,2026-06-09,Mardi,18:30,19:30,Banote Club Paris 16e,FULL BODY - MICRO LAGREE,Noa,12,0,True,disponible,2026-06-04 10:32
2026-06-09|19:30|banote club charenton|full body - micro lagree,2026-06-09,Mardi,19:30,20:30,Banote Club Charenton,FULL BODY - MICRO LAGREE,Rachel,12,12,True,complet,2026-06-04 10:32
2026-06-09|19:30|banote club paris 16e|full body - micro lagree,2026-06-09,Mardi,19:30,20:30,Banote Club Paris 16e,FULL BODY - MICRO LAGREE,Noa,12,0,True,disponible,2026-06-04 10:32
2026-06-09|20:30|banote club paris 16e|full body - micro lagree,2026-06-09,Mardi,20:30,21:30,Banote Club Paris 16e,FULL BODY - MICRO LAGREE,Noa,12,0,True,disponible,2026-06-04 10:32
2026-06-10|08:00|banote club paris 16e|full body - micro lagree,2026-06-10,Mercredi,08:00,09:00,Banote Club Paris 16e,FULL BODY - MICRO LAGREE,Rachel,12,0,True,disponible,2026-06-04 10:32
2026-06-10|09:00|banote club paris 16e|full body - micro lagree,2026-06-10,Mercredi,09:00,10:00,Banote Club Paris 16e,FULL BODY - MICRO LAGREE,Rachel,12,0,True,disponible,2026-06-04 10:32
2026-06-10|10:00|banote club charenton|full body - micro lagree,2026-06-10,Mercredi,10:00,11:00,Banote Club Charenton,FULL BODY - MICRO LAGREE,Marine,12,0,True,disponible,2026-06-04 10:32
2026-06-10|10:00|banote club paris 16e|full body - micro lagree,2026-06-10,Mercredi,10:00,11:00,Banote Club Paris 16e,FULL BODY - MICRO LAGREE,Rachel,12,0,True,disponible,2026-06-04 10:32
2026-06-10|11:00|banote club paris 16e|full body - micro lagree,2026-06-10,Mercredi,11:00,12:00,Banote Club Paris 16e,FULL BODY - MICRO LAGREE,Rachel (Suppléant),12,0,True,disponible,2026-06-04 10:32
2026-06-10|11:30|banote club charenton|full body - micro lagree,2026-06-10,Mercredi,11:30,12:30,Banote Club Charenton,FULL BODY - MICRO LAGREE,Marine,12,0,True,disponible,2026-06-04 10:32
2026-06-10|12:00|banote club paris 16e|full body - micro lagree,2026-06-10,Mercredi,12:00,13:00,Banote Club Paris 16e,FULL BODY - MICRO LAGREE,Aya Rose (Suppléant),12,0,True,disponible,2026-06-04 10:32
2026-06-10|12:30|banote club charenton|full body - micro lagree,2026-06-10,Mercredi,12:30,13:30,Banote Club Charenton,FULL BODY - MICRO LAGREE,Marine,12,0,True,disponible,2026-06-04 10:32
2026-06-10|13:00|banote club paris 16e|full body - micro lagree,2026-06-10,Mercredi,13:00,14:00,Banote Club Paris 16e,FULL BODY - MICRO LAGREE,Aya Rose (Suppléant),12,0,True,disponible,2026-06-04 10:32
2026-06-10|18:30|banote club charenton|full body - micro lagree,2026-06-10,Mercredi,18:30,19:30,Banote Club Charenton,FULL BODY - MICRO LAGREE,Noa,12,0,True,disponible,2026-06-04 10:32
2026-06-10|18:30|banote club paris 16e|full body - micro lagree,2026-06-10,Mercredi,18:30,19:30,Banote Club Paris 16e,FULL BODY - MICRO LAGREE,Alexandra,12,0,True,disponible,2026-06-04 10:32
2026-06-10|19:30|banote club charenton|full body - micro lagree,2026-06-10,Mercredi,19:30,20:30,Banote Club Charenton,FULL BODY - MICRO LAGREE,Noa,12,0,True,disponible,2026-06-04 10:32
2026-06-10|19:30|banote club paris 16e|full body - micro lagree,2026-06-10,Mercredi,19:30,20:30,Banote Club Paris 16e,FULL BODY - MICRO LAGREE,Alexandra,12,0,True,disponible,2026-06-04 10:32
2026-06-10|20:30|banote club charenton|full body - micro lagree,2026-06-10,Mercredi,20:30,21:30,Banote Club Charenton,FULL BODY - MICRO LAGREE,Noa,12,0,True,disponible,2026-06-04 10:32
2026-06-10|20:30|banote club paris 16e|full body - micro lagree,2026-06-10,Mercredi,20:30,21:30,Banote Club Paris 16e,FULL BODY - MICRO LAGREE,Alexandra,12,0,True,disponible,2026-06-04 10:32
2026-06-11|08:00|banote club paris 16e|full body - micro lagree,2026-06-11,Jeudi,08:00,09:00,Banote Club Paris 16e,FULL BODY - MICRO LAGREE,Rachel (Suppléant),12,0,True,disponible,2026-06-05 10:15
2026-06-11|09:00|banote club paris 16e|full body - micro lagree,2026-06-11,Jeudi,09:00,10:00,Banote Club Paris 16e,FULL BODY - MICRO LAGREE,Rachel (Suppléant),12,0,True,disponible,2026-06-05 10:15
2026-06-11|10:00|banote club charenton|full body - micro lagree,2026-06-11,Jeudi,10:00,11:00,Banote Club Charenton,FULL BODY - MICRO LAGREE,Noa,12,0,True,disponible,2026-06-05 19:30
2026-06-11|10:00|banote club paris 16e|full body - micro lagree,2026-06-11,Jeudi,10:00,11:00,Banote Club Paris 16e,FULL BODY - MICRO LAGREE,Rachel (Suppléant),12,0,True,disponible,2026-06-05 10:15
2026-06-11|11:00|banote club charenton|full body - micro lagree,2026-06-11,Jeudi,11:00,12:00,Banote Club Charenton,FULL BODY - MICRO LAGREE,Noa,12,0,True,disponible,2026-06-05 19:30
2026-06-11|11:00|banote club paris 16e|full body - micro lagree,2026-06-11,Jeudi,11:00,12:00,Banote Club Paris 16e,FULL BODY - MICRO LAGREE,Tally (Suppléant),12,0,True,disponible,2026-06-05 10:15
2026-06-11|12:00|banote club paris 16e|advanced full body - micro lagree,2026-06-11,Jeudi,12:00,13:00,Banote Club Paris 16e,ADVANCED FULL BODY - MICRO LAGREE,Tally (Suppléant),12,0,True,disponible,2026-06-05 10:15
2026-06-11|12:30|banote club charenton|full body - micro lagree,2026-06-11,Jeudi,12:30,13:30,Banote Club Charenton,FULL BODY - MICRO LAGREE,Noa,12,0,True,disponible,2026-06-05 19:30
2026-06-11|13:00|banote club paris 16e|advanced full body - micro lagree,2026-06-11,Jeudi,13:00,14:00,Banote Club Paris 16e,ADVANCED FULL BODY - MICRO LAGREE,Tally (Suppléant),12,0,True,disponible,2026-06-05 10:15
2026-06-11|14:00|banote club paris 16e|full body - micro lagree,2026-06-11,Jeudi,14:00,15:00,Banote Club Paris 16e,FULL BODY - MICRO LAGREE,Tally (Suppléant),12,0,True,disponible,2026-06-05 10:15
2026-06-11|17:30|banote club charenton|full body - micro lagree,2026-06-11,Jeudi,17:30,18:30,Banote Club Charenton,FULL BODY - MICRO LAGREE,Rachel,12,0,True,disponible,2026-06-05 19:30
2026-06-11|17:30|banote club paris 16e|full body - micro lagree,2026-06-11,Jeudi,17:30,18:30,Banote Club Paris 16e,FULL BODY - MICRO LAGREE,Aya Rose,12,0,True,disponible,2026-06-05 10:15
2026-06-11|18:30|banote club charenton|full body - micro lagree,2026-06-11,Jeudi,18:30,19:30,Banote Club Charenton,FULL BODY - MICRO LAGREE,Rachel,12,0,True,disponible,2026-06-05 19:30
2026-06-11|18:30|banote club paris 16e|full body - micro lagree,2026-06-11,Jeudi,18:30,19:30,Banote Club Paris 16e,FULL BODY - MICRO LAGREE,Aya Rose,12,0,True,disponible,2026-06-05 10:15
2026-06-11|19:30|banote club charenton|full body - micro lagree,2026-06-11,Jeudi,19:30,20:30,Banote Club Charenton,FULL BODY - MICRO LAGREE,Rachel,12,0,True,disponible,2026-06-05 19:30
2026-06-11|19:30|banote club paris 16e|full body - micro lagree,2026-06-11,Jeudi,19:30,20:30,Banote Club Paris 16e,FULL BODY - MICRO LAGREE,Aya Rose,12,0,True,disponible,2026-06-05 10:15
2026-06-12|09:00|banote club charenton|full body - micro lagree,2026-06-12,Vendredi,09:00,10:00,Banote Club Charenton,FULL BODY - MICRO LAGREE,Tally,12,0,True,disponible,2026-06-06 17:54
2026-06-12|09:00|banote club paris 16e|full body - micro lagree,2026-06-12,Vendredi,09:00,10:00,Banote Club Paris 16e,FULL BODY - MICRO LAGREE,Aya Rose (Suppléant),12,0,True,disponible,2026-06-06 11:36
2026-06-12|10:00|banote club charenton|full body - micro lagree,2026-06-12,Vendredi,10:00,11:00,Banote Club Charenton,FULL BODY - MICRO LAGREE,Tally,12,0,True,disponible,2026-06-06 17:54
2026-06-12|10:00|banote club paris 16e|full body - micro lagree,2026-06-12,Vendredi,10:00,11:00,Banote Club Paris 16e,FULL BODY - MICRO LAGREE,Aya Rose (Suppléant),12,0,True,disponible,2026-06-06 11:36
2026-06-12|11:00|banote club charenton|full body - micro lagree,2026-06-12,Vendredi,11:00,12:00,Banote Club Charenton,FULL BODY - MICRO LAGREE,Tally,12,0,True,disponible,2026-06-06 17:54
2026-06-12|11:00|banote club paris 16e|full body - micro lagree,2026-06-12,Vendredi,11:00,12:00,Banote Club Paris 16e,FULL BODY - MICRO LAGREE,Aya Rose (Suppléant),12,0,True,disponible,2026-06-06 11:36
2026-06-12|12:00|banote club paris 16e|full body - micro lagree,2026-06-12,Vendredi,12:00,13:00,Banote Club Paris 16e,FULL BODY - MICRO LAGREE,Rachel,12,0,True,disponible,2026-06-06 11:36
2026-06-12|12:30|banote club charenton|full body - micro lagree,2026-06-12,Vendredi,12:30,13:30,Banote Club Charenton,FULL BODY - MICRO LAGREE,Noa,12,0,True,disponible,2026-06-06 17:54
2026-06-12|13:00|banote club paris 16e|full body - micro lagree,2026-06-12,Vendredi,13:00,14:00,Banote Club Paris 16e,FULL BODY - MICRO LAGREE,Rachel,12,0,True,disponible,2026-06-06 11:36
2026-06-12|13:30|banote club charenton|full body - micro lagree,2026-06-12,Vendredi,13:30,14:30,Banote Club Charenton,FULL BODY - MICRO LAGREE,Noa,12,0,True,disponible,2026-06-06 17:54
2026-06-12|14:00|banote club paris 16e|full body - micro lagree,2026-06-12,Vendredi,14:00,15:00,Banote Club Paris 16e,FULL BODY - MICRO LAGREE,Rachel,12,0,True,disponible,2026-06-06 11:36
2026-06-12|16:00|banote club paris 16e|full body - micro lagree,2026-06-12,Vendredi,16:00,17:00,Banote Club Paris 16e,FULL BODY - MICRO LAGREE,Noa,12,0,True,disponible,2026-06-06 11:36
2026-06-12|17:00|banote club paris 16e|full body - micro lagree,2026-06-12,Vendredi,17:00,18:00,Banote Club Paris 16e,FULL BODY - MICRO LAGREE,Noa,12,0,True,disponible,2026-06-06 11:36
2026-06-12|18:00|banote club paris 16e|full body - micro lagree,2026-06-12,Vendredi,18:00,19:00,Banote Club Paris 16e,FULL BODY - MICRO LAGREE,Noa,12,0,True,disponible,2026-06-06 11:36
2026-06-13|10:00|banote club paris 16e|full body - micro lagree,2026-06-13,Samedi,10:00,11:00,Banote Club Paris 16e,FULL BODY - MICRO LAGREE,Aya Rose,12,0,True,disponible,2026-06-07 17:56
2026-06-13|11:00|banote club paris 16e|full body - micro lagree,2026-06-13,Samedi,11:00,12:00,Banote Club Paris 16e,FULL BODY - MICRO LAGREE,Aya Rose,12,0,True,disponible,2026-06-07 17:56
2026-06-13|12:00|banote club paris 16e|full body - micro lagree,2026-06-13,Samedi,12:00,13:00,Banote Club Paris 16e,FULL BODY - MICRO LAGREE,Aya Rose,12,0,True,disponible,2026-06-07 17:56
2026-06-13|13:00|banote club paris 16e|full body - micro lagree,2026-06-13,Samedi,13:00,14:00,Banote Club Paris 16e,FULL BODY - MICRO LAGREE,Aya Rose,12,0,True,disponible,2026-06-07 17:56
2026-06-13|17:30|banote club paris 16e|full body - micro lagree,2026-06-13,Samedi,17:30,18:30,Banote Club Paris 16e,FULL BODY - MICRO LAGREE,Rachel,12,0,True,disponible,2026-06-07 17:56
2026-06-13|18:30|banote club paris 16e|full body - micro lagree,2026-06-13,Samedi,18:30,19:30,Banote Club Paris 16e,FULL BODY - MICRO LAGREE,Rachel,12,0,True,disponible,2026-06-07 17:56
2026-06-14|10:00|banote club charenton|full body - micro lagree,2026-06-14,Dimanche,10:00,11:00,Banote Club Charenton,FULL BODY - MICRO LAGREE,Noa,12,0,True,disponible,2026-06-08 23:25
2026-06-14|10:00|banote club paris 16e|advanced full body - micro lagree,2026-06-14,Dimanche,10:00,11:00,Banote Club Paris 16e,ADVANCED FULL BODY - MICRO LAGREE,Alexandra,12,0,True,disponible,2026-06-08 15:15
2026-06-14|11:00|banote club charenton|full body - micro lagree,2026-06-14,Dimanche,11:00,12:00,Banote Club Charenton,FULL BODY - MICRO LAGREE,Noa,12,0,True,disponible,2026-06-08 23:25
2026-06-14|11:00|banote club paris 16e|full body - micro lagree,2026-06-14,Dimanche,11:00,12:00,Banote Club Paris 16e,FULL BODY - MICRO LAGREE,Alexandra,12,0,True,disponible,2026-06-08 15:15
2026-06-14|12:00|banote club charenton|full body - micro lagree,2026-06-14,Dimanche,12:00,13:00,Banote Club Charenton,FULL BODY - MICRO LAGREE,Noa,12,0,True,disponible,2026-06-08 23:25
2026-06-14|12:00|banote club paris 16e|advanced full body - micro lagree,2026-06-14,Dimanche,12:00,13:00,Banote Club Paris 16e,ADVANCED FULL BODY - MICRO LAGREE,Alexandra,12,0,True,disponible,2026-06-08 15:15
2026-06-14|13:00|banote club charenton|full body - micro lagree,2026-06-14,Dimanche,13:00,14:00,Banote Club Charenton,FULL BODY - MICRO LAGREE,Noa,12,0,True,disponible,2026-06-08 23:25
2026-06-14|13:00|banote club paris 16e|advanced full body - micro lagree,2026-06-14,Dimanche,13:00,14:00,Banote Club Paris 16e,ADVANCED FULL BODY - MICRO LAGREE,Alexandra,12,0,True,disponible,2026-06-08 15:15
2026-06-14|16:30|banote club charenton|full body - micro lagree,2026-06-14,Dimanche,16:30,17:30,Banote Club Charenton,FULL BODY - MICRO LAGREE,Tally,12,0,True,disponible,2026-06-08 23:25
2026-06-14|17:00|banote club paris 16e|full body - micro lagree,2026-06-14,Dimanche,17:00,18:00,Banote Club Paris 16e,FULL BODY - MICRO LAGREE,Aya Rose,12,0,True,disponible,2026-06-08 15:15
2026-06-14|17:30|banote club charenton|full body - micro lagree,2026-06-14,Dimanche,17:30,18:30,Banote Club Charenton,FULL BODY - MICRO LAGREE,Tally,12,0,True,disponible,2026-06-08 23:25
2026-06-14|18:00|banote club paris 16e|full body - micro lagree,2026-06-14,Dimanche,18:00,19:00,Banote Club Paris 16e,FULL BODY - MICRO LAGREE,Aya Rose,12,0,True,disponible,2026-06-08 15:15
2026-06-14|19:00|banote club paris 16e|full body - micro lagree,2026-06-14,Dimanche,19:00,20:00,Banote Club Paris 16e,FULL BODY - MICRO LAGREE,Aya Rose,12,0,True,disponible,2026-06-08 15:15
2026-06-15|11:00|banote club charenton|full body - micro lagree,2026-06-15,Lundi,11:00,12:00,Banote Club Charenton,FULL BODY - MICRO LAGREE,Tally,12,0,True,disponible,2026-06-09 21:27
2026-06-15|11:00|banote club paris 16e|full body - micro lagree,2026-06-15,Lundi,11:00,12:00,Banote Club Paris 16e,FULL BODY - MICRO LAGREE,Rachel,12,0,True,disponible,2026-06-09 16:02
2026-06-15|12:00|banote club paris 16e|full body - micro lagree,2026-06-15,Lundi,12:00,13:00,Banote Club Paris 16e,FULL BODY - MICRO LAGREE,Rachel,12,0,True,disponible,2026-06-09 16:02
2026-06-15|12:30|banote club charenton|full body - micro lagree,2026-06-15,Lundi,12:30,13:30,Banote Club Charenton,FULL BODY - MICRO LAGREE,Tally,12,0,True,disponible,2026-06-09 21:27
2026-06-15|13:00|banote club paris 16e|full body - micro lagree,2026-06-15,Lundi,13:00,14:00,Banote Club Paris 16e,FULL BODY - MICRO LAGREE,Rachel,12,0,True,disponible,2026-06-09 16:02
2026-06-15|13:30|banote club charenton|full body - micro lagree,2026-06-15,Lundi,13:30,14:30,Banote Club Charenton,FULL BODY - MICRO LAGREE,Tally,12,0,True,disponible,2026-06-09 21:27
2026-06-15|17:00|banote club paris 16e|full body - micro lagree,2026-06-15,Lundi,17:00,18:00,Banote Club Paris 16e,FULL BODY - MICRO LAGREE,Rachel,12,0,True,disponible,2026-06-09 16:02
2026-06-15|17:30|banote club charenton|full body - micro lagree,2026-06-15,Lundi,17:30,18:30,Banote Club Charenton,FULL BODY - MICRO LAGREE,Noa,12,0,True,disponible,2026-06-09 21:27
2026-06-15|18:00|banote club paris 16e|full body - micro lagree,2026-06-15,Lundi,18:00,19:00,Banote Club Paris 16e,FULL BODY - MICRO LAGREE,Rachel,12,0,True,disponible,2026-06-09 16:02
2026-06-15|18:30|banote club charenton|full body - micro lagree,2026-06-15,Lundi,18:30,19:30,Banote Club Charenton,FULL BODY - MICRO LAGREE,Noa,12,0,True,disponible,2026-06-09 21:27
2026-06-15|19:00|banote club paris 16e|full body - micro lagree,2026-06-15,Lundi,19:00,20:00,Banote Club Paris 16e,FULL BODY - MICRO LAGREE,Rachel,12,0,True,disponible,2026-06-09 16:02
2026-06-15|19:30|banote club charenton|full body - micro lagree,2026-06-15,Lundi,19:30,20:30,Banote Club Charenton,FULL BODY - MICRO LAGREE,Noa,12,0,True,disponible,2026-06-09 21:27
2026-06-15|20:00|banote club paris 16e|full body - micro lagree,2026-06-15,Lundi,20:00,21:00,Banote Club Paris 16e,FULL BODY - MICRO LAGREE,Rachel,12,0,True,disponible,2026-06-09 16:02
2026-06-16|09:00|banote club paris 16e|full body - micro lagree,2026-06-16,Mardi,09:00,10:00,Banote Club Paris 16e,FULL BODY - MICRO LAGREE,Rachel,12,0,True,disponible,2026-06-10 18:03
2026-06-16|10:00|banote club charenton|full body - micro lagree,2026-06-16,Mardi,10:00,11:00,Banote Club Charenton,FULL BODY - MICRO LAGREE,Noa,12,0,True,disponible,2026-06-10 10:15
2026-06-16|10:00|banote club paris 16e|full body - micro lagree,2026-06-16,Mardi,10:00,11:00,Banote Club Paris 16e,FULL BODY - MICRO LAGREE,Rachel,12,0,True,disponible,2026-06-10 18:03
2026-06-16|11:00|banote club charenton|full body - micro lagree,2026-06-16,Mardi,11:00,12:00,Banote Club Charenton,FULL BODY - MICRO LAGREE,Noa,12,0,True,disponible,2026-06-10 10:15
2026-06-16|11:00|banote club paris 16e|full body - micro lagree,2026-06-16,Mardi,11:00,12:00,Banote Club Paris 16e,FULL BODY - MICRO LAGREE,Alexandra,12,0,True,disponible,2026-06-10 18:03
2026-06-16|12:00|banote club paris 16e|advanced full body - micro lagree,2026-06-16,Mardi,12:00,13:00,Banote Club Paris 16e,ADVANCED FULL BODY - MICRO LAGREE,Alexandra,12,0,True,disponible,2026-06-10 18:03
2026-06-16|12:30|banote club charenton|full body - micro lagree,2026-06-16,Mardi,12:30,13:30,Banote Club Charenton,FULL BODY - MICRO LAGREE,Noa,12,0,True,disponible,2026-06-10 10:15
2026-06-16|13:00|banote club paris 16e|advanced full body - micro lagree,2026-06-16,Mardi,13:00,14:00,Banote Club Paris 16e,ADVANCED FULL BODY - MICRO LAGREE,Alexandra,12,0,True,disponible,2026-06-10 18:03
2026-06-16|14:00|banote club paris 16e|full body - micro lagree,2026-06-16,Mardi,14:00,15:00,Banote Club Paris 16e,FULL BODY - MICRO LAGREE,Alexandra,12,12,True,complet,2026-06-10 18:03
2026-06-16|17:30|banote club charenton|full body - micro lagree,2026-06-16,Mardi,17:30,18:30,Banote Club Charenton,FULL BODY - MICRO LAGREE,Rachel,12,0,True,disponible,2026-06-10 10:15
2026-06-16|17:30|banote club paris 16e|full body - micro lagree,2026-06-16,Mardi,17:30,18:30,Banote Club Paris 16e,FULL BODY - MICRO LAGREE,Noa,12,0,True,disponible,2026-06-10 18:03
2026-06-16|18:30|banote club charenton|full body - micro lagree,2026-06-16,Mardi,18:30,19:30,Banote Club Charenton,FULL BODY - MICRO LAGREE,Rachel,12,0,True,disponible,2026-06-10 10:15
2026-06-16|18:30|banote club paris 16e|full body - micro lagree,2026-06-16,Mardi,18:30,19:30,Banote Club Paris 16e,FULL BODY - MICRO LAGREE,Noa,12,0,True,disponible,2026-06-10 18:03
2026-06-16|19:30|banote club charenton|full body - micro lagree,2026-06-16,Mardi,19:30,20:30,Banote Club Charenton,FULL BODY - MICRO LAGREE,Rachel,12,0,True,disponible,2026-06-10 10:15
2026-06-16|19:30|banote club paris 16e|full body - micro lagree,2026-06-16,Mardi,19:30,20:30,Banote Club Paris 16e,FULL BODY - MICRO LAGREE,Noa,12,0,True,disponible,2026-06-10 18:03
2026-06-16|20:30|banote club paris 16e|full body - micro lagree,2026-06-16,Mardi,20:30,21:30,Banote Club Paris 16e,FULL BODY - MICRO LAGREE,Noa,12,0,True,disponible,2026-06-10 18:03
2026-06-17|08:00|banote club paris 16e|full body - micro lagree,2026-06-17,Mercredi,08:00,09:00,Banote Club Paris 16e,FULL BODY - MICRO LAGREE,Rachel,12,0,True,disponible,2026-06-11 10:53
2026-06-17|09:00|banote club paris 16e|full body - micro lagree,2026-06-17,Mercredi,09:00,10:00,Banote Club Paris 16e,FULL BODY - MICRO LAGREE,Rachel,12,0,True,disponible,2026-06-11 10:53
2026-06-17|10:00|banote club charenton|full body - micro lagree,2026-06-17,Mercredi,10:00,11:00,Banote Club Charenton,FULL BODY - MICRO LAGREE,Marine,12,0,True,disponible,2026-06-11 21:42
2026-06-17|10:00|banote club paris 16e|full body - micro lagree,2026-06-17,Mercredi,10:00,11:00,Banote Club Paris 16e,FULL BODY - MICRO LAGREE,Rachel,12,0,True,disponible,2026-06-11 10:53
2026-06-17|11:00|banote club paris 16e|full body - micro lagree,2026-06-17,Mercredi,11:00,12:00,Banote Club Paris 16e,FULL BODY - MICRO LAGREE,Alexandra,12,0,True,disponible,2026-06-11 10:53
2026-06-17|11:30|banote club charenton|full body - micro lagree,2026-06-17,Mercredi,11:30,12:30,Banote Club Charenton,FULL BODY - MICRO LAGREE,Marine,12,0,True,disponible,2026-06-11 21:42
2026-06-17|12:00|banote club paris 16e|full body - micro lagree,2026-06-17,Mercredi,12:00,13:00,Banote Club Paris 16e,FULL BODY - MICRO LAGREE,Alexandra,12,0,True,disponible,2026-06-11 10:53
2026-06-17|12:30|banote club charenton|full body - micro lagree,2026-06-17,Mercredi,12:30,13:30,Banote Club Charenton,FULL BODY - MICRO LAGREE,Marine,12,0,True,disponible,2026-06-11 21:42
2026-06-17|13:00|banote club paris 16e|full body - micro lagree,2026-06-17,Mercredi,13:00,14:00,Banote Club Paris 16e,FULL BODY - MICRO LAGREE,Alexandra,12,0,True,disponible,2026-06-11 10:53
2026-06-17|18:30|banote club charenton|full body - micro lagree,2026-06-17,Mercredi,18:30,19:30,Banote Club Charenton,FULL BODY - MICRO LAGREE,Noa,12,0,True,disponible,2026-06-11 21:42
2026-06-17|18:30|banote club paris 16e|full body - micro lagree,2026-06-17,Mercredi,18:30,19:30,Banote Club Paris 16e,FULL BODY - MICRO LAGREE,Alexandra,12,0,True,disponible,2026-06-11 10:53
2026-06-17|19:30|banote club charenton|full body - micro lagree,2026-06-17,Mercredi,19:30,20:30,Banote Club Charenton,FULL BODY - MICRO LAGREE,Noa,12,0,True,disponible,2026-06-11 21:42
2026-06-17|19:30|banote club paris 16e|full body - micro lagree,2026-06-17,Mercredi,19:30,20:30,Banote Club Paris 16e,FULL BODY - MICRO LAGREE,Alexandra,12,0,True,disponible,2026-06-11 10:53
2026-06-17|20:30|banote club charenton|full body - micro lagree,2026-06-17,Mercredi,20:30,21:30,Banote Club Charenton,FULL BODY - MICRO LAGREE,Noa,12,0,True,disponible,2026-06-11 21:42
2026-06-17|20:30|banote club paris 16e|full body - micro lagree,2026-06-17,Mercredi,20:30,21:30,Banote Club Paris 16e,FULL BODY - MICRO LAGREE,Alexandra,12,0,True,disponible,2026-06-11 10:53
2026-06-18|08:00|banote club paris 16e|full body - micro lagree,2026-06-18,Jeudi,08:00,09:00,Banote Club Paris 16e,FULL BODY - MICRO LAGREE,Susie,12,0,True,disponible,2026-06-12 17:35
2026-06-18|09:00|banote club paris 16e|full body - micro lagree,2026-06-18,Jeudi,09:00,10:00,Banote Club Paris 16e,FULL BODY - MICRO LAGREE,Susie,12,0,True,disponible,2026-06-12 17:35
2026-06-18|10:00|banote club charenton|full body - micro lagree,2026-06-18,Jeudi,10:00,11:00,Banote Club Charenton,FULL BODY - MICRO LAGREE,Noa,12,0,True,disponible,2026-06-12 14:02
2026-06-18|10:00|banote club paris 16e|full body - micro lagree,2026-06-18,Jeudi,10:00,11:00,Banote Club Paris 16e,FULL BODY - MICRO LAGREE,Susie,12,0,True,disponible,2026-06-12 17:35
2026-06-18|11:00|banote club charenton|full body - micro lagree,2026-06-18,Jeudi,11:00,12:00,Banote Club Charenton,FULL BODY - MICRO LAGREE,Noa,12,0,True,disponible,2026-06-12 14:02
2026-06-18|11:00|banote club paris 16e|full body - micro lagree,2026-06-18,Jeudi,11:00,12:00,Banote Club Paris 16e,FULL BODY - MICRO LAGREE,Alexandra,12,0,True,disponible,2026-06-12 17:35
2026-06-18|12:00|banote club paris 16e|advanced full body - micro lagree,2026-06-18,Jeudi,12:00,13:00,Banote Club Paris 16e,ADVANCED FULL BODY - MICRO LAGREE,Alexandra,12,0,True,disponible,2026-06-12 17:35
2026-06-18|12:30|banote club charenton|full body - micro lagree,2026-06-18,Jeudi,12:30,13:30,Banote Club Charenton,FULL BODY - MICRO LAGREE,Noa,12,12,True,complet,2026-06-12 14:02
2026-06-18|13:00|banote club paris 16e|advanced full body - micro lagree,2026-06-18,Jeudi,13:00,14:00,Banote Club Paris 16e,ADVANCED FULL BODY - MICRO LAGREE,Alexandra,12,0,True,disponible,2026-06-12 17:35
2026-06-18|14:00|banote club paris 16e|full body - micro lagree,2026-06-18,Jeudi,14:00,15:00,Banote Club Paris 16e,FULL BODY - MICRO LAGREE,Alexandra,12,12,True,complet,2026-06-12 17:35
2026-06-18|17:30|banote club charenton|full body - micro lagree,2026-06-18,Jeudi,17:30,18:30,Banote Club Charenton,FULL BODY - MICRO LAGREE,Tally (Suppléant),12,0,True,disponible,2026-06-12 14:02
2026-06-18|17:30|banote club paris 16e|full body - micro lagree,2026-06-18,Jeudi,17:30,18:30,Banote Club Paris 16e,FULL BODY - MICRO LAGREE,Aya Rose,12,0,True,disponible,2026-06-12 17:35
2026-06-18|18:30|banote club charenton|full body - micro lagree,2026-06-18,Jeudi,18:30,19:30,Banote Club Charenton,FULL BODY - MICRO LAGREE,Tally (Suppléant),12,0,True,disponible,2026-06-12 14:02
2026-06-18|18:30|banote club paris 16e|full body - micro lagree,2026-06-18,Jeudi,18:30,19:30,Banote Club Paris 16e,FULL BODY - MICRO LAGREE,Aya Rose,12,0,True,disponible,2026-06-12 17:35
2026-06-18|19:30|banote club charenton|full body - micro lagree,2026-06-18,Jeudi,19:30,20:30,Banote Club Charenton,FULL BODY - MICRO LAGREE,Tally (Suppléant),12,0,True,disponible,2026-06-12 14:02
2026-06-18|19:30|banote club paris 16e|full body - micro lagree,2026-06-18,Jeudi,19:30,20:30,Banote Club Paris 16e,FULL BODY - MICRO LAGREE,Aya Rose,12,0,True,disponible,2026-06-12 17:35
2026-06-19|09:00|banote club charenton|full body - micro lagree,2026-06-19,Vendredi,09:00,10:00,Banote Club Charenton,FULL BODY - MICRO LAGREE,Tally,12,0,True,disponible,2026-06-13 18:41
2026-06-19|09:00|banote club paris 16e|full body - micro lagree,2026-06-19,Vendredi,09:00,10:00,Banote Club Paris 16e,FULL BODY - MICRO LAGREE,Alexandra,12,0,True,disponible,2026-06-13 12:41
2026-06-19|10:00|banote club charenton|full body - micro lagree,2026-06-19,Vendredi,10:00,11:00,Banote Club Charenton,FULL BODY - MICRO LAGREE,Tally,12,0,True,disponible,2026-06-13 18:41
2026-06-19|10:00|banote club paris 16e|full body - micro lagree,2026-06-19,Vendredi,10:00,11:00,Banote Club Paris 16e,FULL BODY - MICRO LAGREE,Alexandra,12,0,True,disponible,2026-06-13 12:41
2026-06-19|11:00|banote club charenton|full body - micro lagree,2026-06-19,Vendredi,11:00,12:00,Banote Club Charenton,FULL BODY - MICRO LAGREE,Tally,12,0,True,disponible,2026-06-13 18:41
2026-06-19|11:00|banote club paris 16e|full body - micro lagree,2026-06-19,Vendredi,11:00,12:00,Banote Club Paris 16e,FULL BODY - MICRO LAGREE,Alexandra,12,0,True,disponible,2026-06-13 12:41
2026-06-19|12:00|banote club paris 16e|full body - micro lagree,2026-06-19,Vendredi,12:00,13:00,Banote Club Paris 16e,FULL BODY - MICRO LAGREE,Rachel,12,0,True,disponible,2026-06-13 12:41
2026-06-19|12:30|banote club charenton|full body - micro lagree,2026-06-19,Vendredi,12:30,13:30,Banote Club Charenton,FULL BODY - MICRO LAGREE,Noa,12,0,True,disponible,2026-06-13 18:41
2026-06-19|13:00|banote club paris 16e|full body - micro lagree,2026-06-19,Vendredi,13:00,14:00,Banote Club Paris 16e,FULL BODY - MICRO LAGREE,Rachel,12,0,True,disponible,2026-06-13 12:41
2026-06-19|13:30|banote club charenton|full body - micro lagree,2026-06-19,Vendredi,13:30,14:30,Banote Club Charenton,FULL BODY - MICRO LAGREE,Noa,12,0,True,disponible,2026-06-13 18:41
2026-06-19|14:00|banote club paris 16e|full body - micro lagree,2026-06-19,Vendredi,14:00,15:00,Banote Club Paris 16e,FULL BODY - MICRO LAGREE,Rachel,12,0,True,disponible,2026-06-13 12:41
2026-06-19|16:00|banote club paris 16e|full body - micro lagree,2026-06-19,Vendredi,16:00,17:00,Banote Club Paris 16e,FULL BODY - MICRO LAGREE,Noa,12,0,True,disponible,2026-06-13 12:41
2026-06-19|17:00|banote club paris 16e|full body - micro lagree,2026-06-19,Vendredi,17:00,18:00,Banote Club Paris 16e,FULL BODY - MICRO LAGREE,Noa,12,0,True,disponible,2026-06-13 12:41
2026-06-19|18:00|banote club paris 16e|full body - micro lagree,2026-06-19,Vendredi,18:00,19:00,Banote Club Paris 16e,FULL BODY - MICRO LAGREE,Noa,12,0,True,disponible,2026-06-13 12:41
2026-06-20|10:00|banote club paris 16e|full body - micro lagree,2026-06-20,Samedi,10:00,11:00,Banote Club Paris 16e,FULL BODY - MICRO LAGREE,Aya Rose,12,0,True,disponible,2026-06-14 13:15
2026-06-20|11:00|banote club paris 16e|full body - micro lagree,2026-06-20,Samedi,11:00,12:00,Banote Club Paris 16e,FULL BODY - MICRO LAGREE,Aya Rose,12,0,True,disponible,2026-06-14 13:15
2026-06-20|12:00|banote club paris 16e|full body - micro lagree,2026-06-20,Samedi,12:00,13:00,Banote Club Paris 16e,FULL BODY - MICRO LAGREE,Aya Rose,12,0,True,disponible,2026-06-14 13:15
2026-06-20|13:00|banote club paris 16e|full body - micro lagree,2026-06-20,Samedi,13:00,14:00,Banote Club Paris 16e,FULL BODY - MICRO LAGREE,Aya Rose,12,0,True,disponible,2026-06-14 13:15
2026-06-20|17:30|banote club paris 16e|full body - micro lagree,2026-06-20,Samedi,17:30,18:30,Banote Club Paris 16e,FULL BODY - MICRO LAGREE,Rachel,12,0,True,disponible,2026-06-14 13:15
2026-06-20|18:30|banote club paris 16e|full body - micro lagree,2026-06-20,Samedi,18:30,19:30,Banote Club Paris 16e,FULL BODY - MICRO LAGREE,Rachel,12,0,True,disponible,2026-06-14 13:15
2026-06-21|10:00|banote club charenton|full body - micro lagree,2026-06-21,Dimanche,10:00,11:00,Banote Club Charenton,FULL BODY - MICRO LAGREE,Tally (Suppléant),12,0,True,disponible,2026-06-15 18:09
2026-06-21|10:00|banote club paris 16e|advanced full body - micro lagree,2026-06-21,Dimanche,10:00,11:00,Banote Club Paris 16e,ADVANCED FULL BODY - MICRO LAGREE,Alexandra,12,0,True,disponible,2026-06-16 16:36
2026-06-21|11:00|banote club charenton|full body - micro lagree,2026-06-21,Dimanche,11:00,12:00,Banote Club Charenton,FULL BODY - MICRO LAGREE,Tally (Suppléant),12,0,True,disponible,2026-06-15 18:09
2026-06-21|11:00|banote club paris 16e|full body - micro lagree,2026-06-21,Dimanche,11:00,12:00,Banote Club Paris 16e,FULL BODY - MICRO LAGREE,Alexandra,12,0,True,disponible,2026-06-16 16:36
2026-06-21|12:00|banote club charenton|full body - micro lagree,2026-06-21,Dimanche,12:00,13:00,Banote Club Charenton,FULL BODY - MICRO LAGREE,Tally (Suppléant),12,0,True,disponible,2026-06-15 18:09
2026-06-21|12:00|banote club paris 16e|advanced full body - micro lagree,2026-06-21,Dimanche,12:00,13:00,Banote Club Paris 16e,ADVANCED FULL BODY - MICRO LAGREE,Alexandra,12,0,True,disponible,2026-06-16 16:36
2026-06-21|13:00|banote club charenton|full body - micro lagree,2026-06-21,Dimanche,13:00,14:00,Banote Club Charenton,FULL BODY - MICRO LAGREE,Tally (Suppléant),12,0,True,disponible,2026-06-15 18:09
2026-06-21|13:00|banote club paris 16e|advanced full body - micro lagree,2026-06-21,Dimanche,13:00,14:00,Banote Club Paris 16e,ADVANCED FULL BODY - MICRO LAGREE,Alexandra,12,0,True,disponible,2026-06-16 16:36
2026-06-21|16:30|banote club charenton|full body - micro lagree,2026-06-21,Dimanche,16:30,17:30,Banote Club Charenton,FULL BODY - MICRO LAGREE,Noa (Suppléant),12,0,True,disponible,2026-06-15 18:09
2026-06-21|17:00|banote club paris 16e|full body - micro lagree,2026-06-21,Dimanche,17:00,18:00,Banote Club Paris 16e,FULL BODY - MICRO LAGREE,Aya Rose,12,0,True,disponible,2026-06-16 16:36
2026-06-21|17:30|banote club charenton|full body - micro lagree,2026-06-21,Dimanche,17:30,18:30,Banote Club Charenton,FULL BODY - MICRO LAGREE,Noa (Suppléant),12,0,True,disponible,2026-06-15 18:09
2026-06-21|18:00|banote club paris 16e|full body - micro lagree,2026-06-21,Dimanche,18:00,19:00,Banote Club Paris 16e,FULL BODY - MICRO LAGREE,Aya Rose,12,0,True,disponible,2026-06-16 16:36
2026-06-21|19:00|banote club paris 16e|full body - micro lagree,2026-06-21,Dimanche,19:00,20:00,Banote Club Paris 16e,FULL BODY - MICRO LAGREE,Aya Rose,12,0,True,disponible,2026-06-16 16:36
2026-06-22|11:00|banote club charenton|full body - micro lagree,2026-06-22,Lundi,11:00,12:00,Banote Club Charenton,FULL BODY - MICRO LAGREE,Tally,12,0,True,disponible,2026-06-16 23:45
2026-06-22|11:00|banote club paris 16e|full body - micro lagree,2026-06-22,Lundi,11:00,12:00,Banote Club Paris 16e,FULL BODY - MICRO LAGREE,Rachel,12,0,True,disponible,2026-06-16 16:36
2026-06-22|12:00|banote club paris 16e|full body - micro lagree,2026-06-22,Lundi,12:00,13:00,Banote Club Paris 16e,FULL BODY - MICRO LAGREE,Rachel,12,0,True,disponible,2026-06-16 16:36
2026-06-22|12:30|banote club charenton|full body - micro lagree,2026-06-22,Lundi,12:30,13:30,Banote Club Charenton,FULL BODY - MICRO LAGREE,Tally,12,0,True,disponible,2026-06-16 23:45
2026-06-22|13:00|banote club paris 16e|full body - micro lagree,2026-06-22,Lundi,13:00,14:00,Banote Club Paris 16e,FULL BODY - MICRO LAGREE,Rachel,12,0,True,disponible,2026-06-16 16:36
2026-06-22|13:30|banote club charenton|full body - micro lagree,2026-06-22,Lundi,13:30,14:30,Banote Club Charenton,FULL BODY - MICRO LAGREE,Tally,12,0,True,disponible,2026-06-16 23:45
2026-06-22|17:00|banote club paris 16e|full body - micro lagree,2026-06-22,Lundi,17:00,18:00,Banote Club Paris 16e,FULL BODY - MICRO LAGREE,Rachel,12,0,True,disponible,2026-06-16 16:36
2026-06-22|17:30|banote club charenton|full body - micro lagree,2026-06-22,Lundi,17:30,18:30,Banote Club Charenton,FULL BODY - MICRO LAGREE,Noa,12,0,True,disponible,2026-06-16 23:45
2026-06-22|18:00|banote club paris 16e|full body - micro lagree,2026-06-22,Lundi,18:00,19:00,Banote Club Paris 16e,FULL BODY - MICRO LAGREE,Rachel,12,0,True,disponible,2026-06-16 16:36
2026-06-22|18:30|banote club charenton|full body - micro lagree,2026-06-22,Lundi,18:30,19:30,Banote Club Charenton,FULL BODY - MICRO LAGREE,Noa,12,0,True,disponible,2026-06-16 23:45
2026-06-22|19:00|banote club paris 16e|full body - micro lagree,2026-06-22,Lundi,19:00,20:00,Banote Club Paris 16e,FULL BODY - MICRO LAGREE,Rachel,12,0,True,disponible,2026-06-16 16:36
2026-06-22|19:30|banote club charenton|full body - micro lagree,2026-06-22,Lundi,19:30,20:30,Banote Club Charenton,FULL BODY - MICRO LAGREE,Noa,12,0,True,disponible,2026-06-16 23:45
2026-06-22|20:00|banote club paris 16e|full body - micro lagree,2026-06-22,Lundi,20:00,21:00,Banote Club Paris 16e,FULL BODY - MICRO LAGREE,Rachel,12,0,True,disponible,2026-06-16 16:36
2026-06-23|09:00|banote club paris 16e|full body - micro lagree,2026-06-23,Mardi,09:00,10:00,Banote Club Paris 16e,FULL BODY - MICRO LAGREE,Rachel,12,0,True,disponible,2026-06-17 14:57
2026-06-23|10:00|banote club charenton|full body - micro lagree,2026-06-23,Mardi,10:00,11:00,Banote Club Charenton,FULL BODY - MICRO LAGREE,Noa,12,0,True,disponible,2026-06-17 14:57
2026-06-23|10:00|banote club paris 16e|full body - micro lagree,2026-06-23,Mardi,10:00,11:00,Banote Club Paris 16e,FULL BODY - MICRO LAGREE,Rachel,12,0,True,disponible,2026-06-17 14:57
2026-06-23|11:00|banote club charenton|full body - micro lagree,2026-06-23,Mardi,11:00,12:00,Banote Club Charenton,FULL BODY - MICRO LAGREE,Noa,12,0,True,disponible,2026-06-17 14:57
2026-06-23|11:00|banote club paris 16e|full body - micro lagree,2026-06-23,Mardi,11:00,12:00,Banote Club Paris 16e,FULL BODY - MICRO LAGREE,Alexandra,12,0,True,disponible,2026-06-17 14:57
2026-06-23|12:00|banote club paris 16e|advanced full body - micro lagree,2026-06-23,Mardi,12:00,13:00,Banote Club Paris 16e,ADVANCED FULL BODY - MICRO LAGREE,Alexandra,12,0,True,disponible,2026-06-17 14:57
2026-06-23|12:30|banote club charenton|full body - micro lagree,2026-06-23,Mardi,12:30,13:30,Banote Club Charenton,FULL BODY - MICRO LAGREE,Noa,12,0,True,disponible,2026-06-17 14:57
2026-06-23|13:00|banote club paris 16e|advanced full body - micro lagree,2026-06-23,Mardi,13:00,14:00,Banote Club Paris 16e,ADVANCED FULL BODY - MICRO LAGREE,Alexandra,12,0,True,disponible,2026-06-17 14:57
2026-06-23|14:00|banote club paris 16e|full body - micro lagree,2026-06-23,Mardi,14:00,15:00,Banote Club Paris 16e,FULL BODY - MICRO LAGREE,Alexandra,12,0,True,disponible,2026-06-17 14:57
2026-06-23|17:30|banote club charenton|full body - micro lagree,2026-06-23,Mardi,17:30,18:30,Banote Club Charenton,FULL BODY - MICRO LAGREE,Rachel,12,0,True,disponible,2026-06-17 14:57
2026-06-23|17:30|banote club paris 16e|full body - micro lagree,2026-06-23,Mardi,17:30,18:30,Banote Club Paris 16e,FULL BODY - MICRO LAGREE,Noa,12,0,True,disponible,2026-06-17 14:57
2026-06-23|18:30|banote club charenton|full body - micro lagree,2026-06-23,Mardi,18:30,19:30,Banote Club Charenton,FULL BODY - MICRO LAGREE,Rachel,12,0,True,disponible,2026-06-17 14:57
2026-06-23|18:30|banote club paris 16e|full body - micro lagree,2026-06-23,Mardi,18:30,19:30,Banote Club Paris 16e,FULL BODY - MICRO LAGREE,Noa,12,0,True,disponible,2026-06-17 14:57
2026-06-23|19:30|banote club charenton|full body - micro lagree,2026-06-23,Mardi,19:30,20:30,Banote Club Charenton,FULL BODY - MICRO LAGREE,Rachel,12,0,True,disponible,2026-06-17 14:57
2026-06-23|19:30|banote club paris 16e|full body - micro lagree,2026-06-23,Mardi,19:30,20:30,Banote Club Paris 16e,FULL BODY - MICRO LAGREE,Noa,12,0,True,disponible,2026-06-17 14:57
2026-06-23|20:30|banote club paris 16e|full body - micro lagree,2026-06-23,Mardi,20:30,21:30,Banote Club Paris 16e,FULL BODY - MICRO LAGREE,Noa,12,0,True,disponible,2026-06-17 14:57
2026-06-24|08:00|banote club paris 16e|full body - micro lagree,2026-06-24,Mercredi,08:00,09:00,Banote Club Paris 16e,FULL BODY - MICRO LAGREE,Rachel,12,0,True,disponible,2026-06-18 20:37
2026-06-24|09:00|banote club paris 16e|full body - micro lagree,2026-06-24,Mercredi,09:00,10:00,Banote Club Paris 16e,FULL BODY - MICRO LAGREE,Rachel,12,0,True,disponible,2026-06-18 20:37
2026-06-24|10:00|banote club charenton|full body - micro lagree,2026-06-24,Mercredi,10:00,11:00,Banote Club Charenton,FULL BODY - MICRO LAGREE,Marine,12,0,True,disponible,2026-06-18 14:30
2026-06-24|10:00|banote club paris 16e|full body - micro lagree,2026-06-24,Mercredi,10:00,11:00,Banote Club Paris 16e,FULL BODY - MICRO LAGREE,Rachel,12,0,True,disponible,2026-06-18 20:37
2026-06-24|11:00|banote club paris 16e|full body - micro lagree,2026-06-24,Mercredi,11:00,12:00,Banote Club Paris 16e,FULL BODY - MICRO LAGREE,Alexandra,12,0,True,disponible,2026-06-18 20:37
2026-06-24|11:30|banote club charenton|full body - micro lagree,2026-06-24,Mercredi,11:30,12:30,Banote Club Charenton,FULL BODY - MICRO LAGREE,Marine,12,0,True,disponible,2026-06-18 14:30
2026-06-24|12:00|banote club paris 16e|full body - micro lagree,2026-06-24,Mercredi,12:00,13:00,Banote Club Paris 16e,FULL BODY - MICRO LAGREE,Alexandra,12,0,True,disponible,2026-06-18 20:37
2026-06-24|12:30|banote club charenton|full body - micro lagree,2026-06-24,Mercredi,12:30,13:30,Banote Club Charenton,FULL BODY - MICRO LAGREE,Marine,12,0,True,disponible,2026-06-18 14:30
2026-06-24|13:00|banote club paris 16e|full body - micro lagree,2026-06-24,Mercredi,13:00,14:00,Banote Club Paris 16e,FULL BODY - MICRO LAGREE,Alexandra,12,0,True,disponible,2026-06-18 20:37
2026-06-24|18:30|banote club charenton|full body - micro lagree,2026-06-24,Mercredi,18:30,19:30,Banote Club Charenton,FULL BODY - MICRO LAGREE,Noa,12,0,True,disponible,2026-06-18 14:30
2026-06-24|18:30|banote club paris 16e|full body - micro lagree,2026-06-24,Mercredi,18:30,19:30,Banote Club Paris 16e,FULL BODY - MICRO LAGREE,Alexandra,12,0,True,disponible,2026-06-18 20:37
2026-06-24|19:30|banote club charenton|full body - micro lagree,2026-06-24,Mercredi,19:30,20:30,Banote Club Charenton,FULL BODY - MICRO LAGREE,Noa,12,0,True,disponible,2026-06-18 14:30
2026-06-24|19:30|banote club paris 16e|full body - micro lagree,2026-06-24,Mercredi,19:30,20:30,Banote Club Paris 16e,FULL BODY - MICRO LAGREE,Alexandra,12,0,True,disponible,2026-06-18 20:37
2026-06-24|20:30|banote club charenton|full body - micro lagree,2026-06-24,Mercredi,20:30,21:30,Banote Club Charenton,FULL BODY - MICRO LAGREE,Noa,12,0,True,disponible,2026-06-18 14:30
2026-06-24|20:30|banote club paris 16e|full body - micro lagree,2026-06-24,Mercredi,20:30,21:30,Banote Club Paris 16e,FULL BODY - MICRO LAGREE,Alexandra,12,0,True,disponible,2026-06-18 20:37
2026-06-25|08:00|banote club paris 16e|full body - micro lagree,2026-06-25,Jeudi,08:00,09:00,Banote Club Paris 16e,FULL BODY - MICRO LAGREE,Susie,12,0,True,disponible,2026-06-19 18:13
2026-06-25|09:00|banote club paris 16e|full body - micro lagree,2026-06-25,Jeudi,09:00,10:00,Banote Club Paris 16e,FULL BODY - MICRO LAGREE,Susie,12,0,True,disponible,2026-06-19 18:13
2026-06-25|10:00|banote club charenton|full body - micro lagree,2026-06-25,Jeudi,10:00,11:00,Banote Club Charenton,FULL BODY - MICRO LAGREE,Noa,12,0,True,disponible,2026-06-19 11:10
2026-06-25|10:00|banote club paris 16e|full body - micro lagree,2026-06-25,Jeudi,10:00,11:00,Banote Club Paris 16e,FULL BODY - MICRO LAGREE,Susie,12,0,True,disponible,2026-06-19 18:13
2026-06-25|11:00|banote club charenton|full body - micro lagree,2026-06-25,Jeudi,11:00,12:00,Banote Club Charenton,FULL BODY - MICRO LAGREE,Noa,12,0,True,disponible,2026-06-19 11:10
2026-06-25|11:00|banote club paris 16e|full body - micro lagree,2026-06-25,Jeudi,11:00,12:00,Banote Club Paris 16e,FULL BODY - MICRO LAGREE,Alexandra,12,0,True,disponible,2026-06-19 18:13
2026-06-25|12:00|banote club paris 16e|advanced full body - micro lagree,2026-06-25,Jeudi,12:00,13:00,Banote Club Paris 16e,ADVANCED FULL BODY - MICRO LAGREE,Alexandra,12,0,True,disponible,2026-06-19 18:13
2026-06-25|12:30|banote club charenton|full body - micro lagree,2026-06-25,Jeudi,12:30,13:30,Banote Club Charenton,FULL BODY - MICRO LAGREE,Noa,12,0,True,disponible,2026-06-19 11:10
2026-06-25|13:00|banote club paris 16e|advanced full body - micro lagree,2026-06-25,Jeudi,13:00,14:00,Banote Club Paris 16e,ADVANCED FULL BODY - MICRO LAGREE,Alexandra,12,0,True,disponible,2026-06-19 18:13
2026-06-25|14:00|banote club paris 16e|full body - micro lagree,2026-06-25,Jeudi,14:00,15:00,Banote Club Paris 16e,FULL BODY - MICRO LAGREE,Alexandra,12,0,True,disponible,2026-06-19 18:13
2026-06-25|17:30|banote club charenton|full body - micro lagree,2026-06-25,Jeudi,17:30,18:30,Banote Club Charenton,FULL BODY - MICRO LAGREE,Rachel,12,0,True,disponible,2026-06-19 11:10
2026-06-25|17:30|banote club paris 16e|full body - micro lagree,2026-06-25,Jeudi,17:30,18:30,Banote Club Paris 16e,FULL BODY - MICRO LAGREE,Noa (Suppléant),12,0,True,disponible,2026-06-19 18:13
2026-06-25|18:30|banote club charenton|full body - micro lagree,2026-06-25,Jeudi,18:30,19:30,Banote Club Charenton,FULL BODY - MICRO LAGREE,Rachel,12,0,True,disponible,2026-06-19 11:10
2026-06-25|18:30|banote club paris 16e|full body - micro lagree,2026-06-25,Jeudi,18:30,19:30,Banote Club Paris 16e,FULL BODY - MICRO LAGREE,Noa (Suppléant),12,0,True,disponible,2026-06-19 18:13
2026-06-25|19:30|banote club charenton|full body - micro lagree,2026-06-25,Jeudi,19:30,20:30,Banote Club Charenton,FULL BODY - MICRO LAGREE,Rachel,12,0,True,disponible,2026-06-19 11:10
2026-06-25|19:30|banote club paris 16e|full body - micro lagree,2026-06-25,Jeudi,19:30,20:30,Banote Club Paris 16e,FULL BODY - MICRO LAGREE,Noa (Suppléant),12,0,True,disponible,2026-06-19 18:13
2026-06-26|09:00|banote club charenton|full body - micro lagree,2026-06-26,Vendredi,09:00,10:00,Banote Club Charenton,FULL BODY - MICRO LAGREE,Marine (Suppléant),12,0,True,disponible,2026-06-20 18:44
2026-06-26|09:00|banote club paris 16e|full body - micro lagree,2026-06-26,Vendredi,09:00,10:00,Banote Club Paris 16e,FULL BODY - MICRO LAGREE,Alexandra,12,0,True,disponible,2026-06-20 09:56
2026-06-26|10:00|banote club charenton|full body - micro lagree,2026-06-26,Vendredi,10:00,11:00,Banote Club Charenton,FULL BODY - MICRO LAGREE,Marine (Suppléant),12,0,True,disponible,2026-06-20 18:44
2026-06-26|10:00|banote club paris 16e|full body - micro lagree,2026-06-26,Vendredi,10:00,11:00,Banote Club Paris 16e,FULL BODY - MICRO LAGREE,Alexandra,12,0,True,disponible,2026-06-20 09:56
2026-06-26|11:00|banote club charenton|full body - micro lagree,2026-06-26,Vendredi,11:00,12:00,Banote Club Charenton,FULL BODY - MICRO LAGREE,Marine (Suppléant),12,0,True,disponible,2026-06-20 18:44
2026-06-26|11:00|banote club paris 16e|full body - micro lagree,2026-06-26,Vendredi,11:00,12:00,Banote Club Paris 16e,FULL BODY - MICRO LAGREE,Alexandra,12,0,True,disponible,2026-06-20 09:56
2026-06-26|12:00|banote club paris 16e|full body - micro lagree,2026-06-26,Vendredi,12:00,13:00,Banote Club Paris 16e,FULL BODY - MICRO LAGREE,Rachel,12,0,True,disponible,2026-06-20 09:56
2026-06-26|12:30|banote club charenton|full body - micro lagree,2026-06-26,Vendredi,12:30,13:30,Banote Club Charenton,FULL BODY - MICRO LAGREE,Marine (Suppléant),12,0,True,disponible,2026-06-20 18:44
2026-06-26|13:00|banote club paris 16e|full body - micro lagree,2026-06-26,Vendredi,13:00,14:00,Banote Club Paris 16e,FULL BODY - MICRO LAGREE,Rachel,12,0,True,disponible,2026-06-20 09:56
2026-06-26|13:30|banote club charenton|full body - micro lagree,2026-06-26,Vendredi,13:30,14:30,Banote Club Charenton,FULL BODY - MICRO LAGREE,Marine (Suppléant),12,0,True,disponible,2026-06-20 18:44
2026-06-26|14:00|banote club paris 16e|full body - micro lagree,2026-06-26,Vendredi,14:00,15:00,Banote Club Paris 16e,FULL BODY - MICRO LAGREE,Rachel,12,0,True,disponible,2026-06-20 09:56
2026-06-26|16:00|banote club paris 16e|full body - micro lagree,2026-06-26,Vendredi,16:00,17:00,Banote Club Paris 16e,FULL BODY - MICRO LAGREE,Noa,12,0,True,disponible,2026-06-20 09:56
2026-06-26|17:00|banote club paris 16e|full body - micro lagree,2026-06-26,Vendredi,17:00,18:00,Banote Club Paris 16e,FULL BODY - MICRO LAGREE,Noa,12,0,True,disponible,2026-06-20 09:56
2026-06-26|18:00|banote club paris 16e|full body - micro lagree,2026-06-26,Vendredi,18:00,19:00,Banote Club Paris 16e,FULL BODY - MICRO LAGREE,Noa,12,0,True,disponible,2026-06-20 09:56
2026-06-27|10:00|banote club paris 16e|full body - micro lagree,2026-06-27,Samedi,10:00,11:00,Banote Club Paris 16e,FULL BODY - MICRO LAGREE,Aya Rose,12,0,True,disponible,2026-06-21 10:40
2026-06-27|11:00|banote club paris 16e|full body - micro lagree,2026-06-27,Samedi,11:00,12:00,Banote Club Paris 16e,FULL BODY - MICRO LAGREE,Aya Rose,12,0,True,disponible,2026-06-21 10:40
2026-06-27|12:00|banote club paris 16e|full body - micro lagree,2026-06-27,Samedi,12:00,13:00,Banote Club Paris 16e,FULL BODY - MICRO LAGREE,Aya Rose,12,0,True,disponible,2026-06-21 10:40
2026-06-27|13:00|banote club paris 16e|full body - micro lagree,2026-06-27,Samedi,13:00,14:00,Banote Club Paris 16e,FULL BODY - MICRO LAGREE,Aya Rose,12,0,True,disponible,2026-06-21 10:40
2026-06-27|17:30|banote club paris 16e|full body - micro lagree,2026-06-27,Samedi,17:30,18:30,Banote Club Paris 16e,FULL BODY - MICRO LAGREE,Rachel,12,0,True,disponible,2026-06-21 10:40
2026-06-27|18:30|banote club paris 16e|full body - micro lagree,2026-06-27,Samedi,18:30,19:30,Banote Club Paris 16e,FULL BODY - MICRO LAGREE,Rachel,12,0,True,disponible,2026-06-21 10:40
2026-06-28|10:00|banote club charenton|full body - micro lagree,2026-06-28,Dimanche,10:00,11:00,Banote Club Charenton,FULL BODY - MICRO LAGREE,Noa,12,0,True,disponible,2026-06-22 20:58
2026-06-28|10:00|banote club paris 16e|advanced full body - micro lagree,2026-06-28,Dimanche,10:00,11:00,Banote Club Paris 16e,ADVANCED FULL BODY - MICRO LAGREE,Alexandra,12,0,True,disponible,2026-06-23 22:37
2026-06-28|11:00|banote club charenton|full body - micro lagree,2026-06-28,Dimanche,11:00,12:00,Banote Club Charenton,FULL BODY - MICRO LAGREE,Noa,12,0,True,disponible,2026-06-22 20:58
2026-06-28|11:00|banote club paris 16e|full body - micro lagree,2026-06-28,Dimanche,11:00,12:00,Banote Club Paris 16e,FULL BODY - MICRO LAGREE,Alexandra,12,0,True,disponible,2026-06-23 22:37
2026-06-28|12:00|banote club charenton|full body - micro lagree,2026-06-28,Dimanche,12:00,13:00,Banote Club Charenton,FULL BODY - MICRO LAGREE,Noa,12,0,True,disponible,2026-06-22 20:58
2026-06-28|12:00|banote club paris 16e|advanced full body - micro lagree,2026-06-28,Dimanche,12:00,13:00,Banote Club Paris 16e,ADVANCED FULL BODY - MICRO LAGREE,Alexandra,12,0,True,disponible,2026-06-23 22:37
2026-06-28|13:00|banote club charenton|full body - micro lagree,2026-06-28,Dimanche,13:00,14:00,Banote Club Charenton,FULL BODY - MICRO LAGREE,Noa,12,0,True,disponible,2026-06-22 20:58
2026-06-28|13:00|banote club paris 16e|advanced full body - micro lagree,2026-06-28,Dimanche,13:00,14:00,Banote Club Paris 16e,ADVANCED FULL BODY - MICRO LAGREE,Alexandra,12,0,True,disponible,2026-06-23 22:37
2026-06-28|16:30|banote club charenton|full body - micro lagree,2026-06-28,Dimanche,16:30,17:30,Banote Club Charenton,FULL BODY - MICRO LAGREE,Tally,12,0,True,disponible,2026-06-22 20:58
2026-06-28|17:00|banote club paris 16e|full body - micro lagree,2026-06-28,Dimanche,17:00,18:00,Banote Club Paris 16e,FULL BODY - MICRO LAGREE,Aya Rose,12,0,True,disponible,2026-06-23 22:37
2026-06-28|17:30|banote club charenton|full body - micro lagree,2026-06-28,Dimanche,17:30,18:30,Banote Club Charenton,FULL BODY - MICRO LAGREE,Tally,12,0,True,disponible,2026-06-22 20:58
2026-06-28|18:00|banote club paris 16e|full body - micro lagree,2026-06-28,Dimanche,18:00,19:00,Banote Club Paris 16e,FULL BODY - MICRO LAGREE,Aya Rose,12,0,True,disponible,2026-06-23 22:37
2026-06-28|19:00|banote club paris 16e|full body - micro lagree,2026-06-28,Dimanche,19:00,20:00,Banote Club Paris 16e,FULL BODY - MICRO LAGREE,Aya Rose,12,0,True,disponible,2026-06-23 22:37
2026-06-29|11:00|banote club charenton|full body - micro lagree,2026-06-29,Lundi,11:00,12:00,Banote Club Charenton,FULL BODY - MICRO LAGREE,Marine (Suppléant),12,0,True,disponible,2026-06-23 09:56
2026-06-29|11:00|banote club paris 16e|full body - micro lagree,2026-06-29,Lundi,11:00,12:00,Banote Club Paris 16e,FULL BODY - MICRO LAGREE,Rachel,12,0,True,disponible,2026-06-23 22:37
2026-06-29|12:00|banote club paris 16e|full body - micro lagree,2026-06-29,Lundi,12:00,13:00,Banote Club Paris 16e,FULL BODY - MICRO LAGREE,Rachel,12,0,True,disponible,2026-06-23 22:37
2026-06-29|12:30|banote club charenton|full body - micro lagree,2026-06-29,Lundi,12:30,13:30,Banote Club Charenton,FULL BODY - MICRO LAGREE,Marine (Suppléant),12,0,True,disponible,2026-06-23 09:56
2026-06-29|13:00|banote club paris 16e|full body - micro lagree,2026-06-29,Lundi,13:00,14:00,Banote Club Paris 16e,FULL BODY - MICRO LAGREE,Rachel,12,0,True,disponible,2026-06-23 22:37
2026-06-29|13:30|banote club charenton|full body - micro lagree,2026-06-29,Lundi,13:30,14:30,Banote Club Charenton,FULL BODY - MICRO LAGREE,Marine (Suppléant),12,0,True,disponible,2026-06-23 09:56
2026-06-29|17:00|banote club paris 16e|full body - micro lagree,2026-06-29,Lundi,17:00,18:00,Banote Club Paris 16e,FULL BODY - MICRO LAGREE,Rachel,12,0,True,disponible,2026-06-23 22:37
2026-06-29|17:30|banote club charenton|full body - micro lagree,2026-06-29,Lundi,17:30,18:30,Banote Club Charenton,FULL BODY - MICRO LAGREE,Noa,12,0,True,disponible,2026-06-23 09:56
2026-06-29|18:00|banote club paris 16e|full body - micro lagree,2026-06-29,Lundi,18:00,19:00,Banote Club Paris 16e,FULL BODY - MICRO LAGREE,Rachel,12,0,True,disponible,2026-06-23 22:37
2026-06-29|18:30|banote club charenton|full body - micro lagree,2026-06-29,Lundi,18:30,19:30,Banote Club Charenton,FULL BODY - MICRO LAGREE,Noa,12,0,True,disponible,2026-06-23 09:56
2026-06-29|19:00|banote club paris 16e|full body - micro lagree,2026-06-29,Lundi,19:00,20:00,Banote Club Paris 16e,FULL BODY - MICRO LAGREE,Rachel,12,0,True,disponible,2026-06-23 22:37
2026-06-29|19:30|banote club charenton|full body - micro lagree,2026-06-29,Lundi,19:30,20:30,Banote Club Charenton,FULL BODY - MICRO LAGREE,Noa,12,0,True,disponible,2026-06-23 09:56
2026-06-29|20:00|banote club paris 16e|full body - micro lagree,2026-06-29,Lundi,20:00,21:00,Banote Club Paris 16e,FULL BODY - MICRO LAGREE,Rachel,12,0,True,disponible,2026-06-23 22:37
2026-06-30|09:00|banote club paris 16e|full body - micro lagree,2026-06-30,Mardi,09:00,10:00,Banote Club Paris 16e,FULL BODY - MICRO LAGREE,Rachel,12,0,True,disponible,2026-06-24 09:52
2026-06-30|10:00|banote club charenton|full body - micro lagree,2026-06-30,Mardi,10:00,11:00,Banote Club Charenton,FULL BODY - MICRO LAGREE,Noa,12,0,True,disponible,2026-06-24 15:49
2026-06-30|10:00|banote club paris 16e|full body - micro lagree,2026-06-30,Mardi,10:00,11:00,Banote Club Paris 16e,FULL BODY - MICRO LAGREE,Rachel,12,0,True,disponible,2026-06-24 09:52
2026-06-30|11:00|banote club charenton|full body - micro lagree,2026-06-30,Mardi,11:00,12:00,Banote Club Charenton,FULL BODY - MICRO LAGREE,Noa,12,0,True,disponible,2026-06-24 15:49
2026-06-30|11:00|banote club paris 16e|full body - micro lagree,2026-06-30,Mardi,11:00,12:00,Banote Club Paris 16e,FULL BODY - MICRO LAGREE,Alexandra,12,0,True,disponible,2026-06-24 09:52
2026-06-30|12:00|banote club paris 16e|advanced full body - micro lagree,2026-06-30,Mardi,12:00,13:00,Banote Club Paris 16e,ADVANCED FULL BODY - MICRO LAGREE,Alexandra,12,0,True,disponible,2026-06-24 09:52
2026-06-30|12:30|banote club charenton|full body - micro lagree,2026-06-30,Mardi,12:30,13:30,Banote Club Charenton,FULL BODY - MICRO LAGREE,Noa,12,0,True,disponible,2026-06-24 15:49
2026-06-30|13:00|banote club paris 16e|advanced full body - micro lagree,2026-06-30,Mardi,13:00,14:00,Banote Club Paris 16e,ADVANCED FULL BODY - MICRO LAGREE,Alexandra,12,0,True,disponible,2026-06-24 09:52
2026-06-30|14:00|banote club paris 16e|full body - micro lagree,2026-06-30,Mardi,14:00,15:00,Banote Club Paris 16e,FULL BODY - MICRO LAGREE,Alexandra,12,0,True,disponible,2026-06-24 09:52
2026-06-30|17:30|banote club charenton|full body - micro lagree,2026-06-30,Mardi,17:30,18:30,Banote Club Charenton,FULL BODY - MICRO LAGREE,Rachel,12,0,True,disponible,2026-06-24 15:49
2026-06-30|17:30|banote club paris 16e|full body - micro lagree,2026-06-30,Mardi,17:30,18:30,Banote Club Paris 16e,FULL BODY - MICRO LAGREE,Noa,12,0,True,disponible,2026-06-24 09:52
2026-06-30|18:30|banote club charenton|full body - micro lagree,2026-06-30,Mardi,18:30,19:30,Banote Club Charenton,FULL BODY - MICRO LAGREE,Rachel,12,0,True,disponible,2026-06-24 15:49
2026-06-30|18:30|banote club paris 16e|full body - micro lagree,2026-06-30,Mardi,18:30,19:30,Banote Club Paris 16e,FULL BODY - MICRO LAGREE,Noa,12,0,True,disponible,2026-06-24 09:52
2026-06-30|19:30|banote club charenton|full body - micro lagree,2026-06-30,Mardi,19:30,20:30,Banote Club Charenton,FULL BODY - MICRO LAGREE,Rachel,12,0,True,disponible,2026-06-24 15:49
2026-06-30|19:30|banote club paris 16e|full body - micro lagree,2026-06-30,Mardi,19:30,20:30,Banote Club Paris 16e,FULL BODY - MICRO LAGREE,Noa,12,0,True,disponible,2026-06-24 09:52
2026-06-30|20:30|banote club paris 16e|full body - micro lagree,2026-06-30,Mardi,20:30,21:30,Banote Club Paris 16e,FULL BODY - MICRO LAGREE,Noa,12,0,True,disponible,2026-06-24 09:52
2026-07-01|08:00|banote club paris 16e|full body - micro lagree,2026-07-01,Mercredi,08:00,09:00,Banote Club Paris 16e,FULL BODY - MICRO LAGREE,Rachel,12,0,True,disponible,2026-06-25 15:28
2026-07-01|09:00|banote club paris 16e|full body - micro lagree,2026-07-01,Mercredi,09:00,10:00,Banote Club Paris 16e,FULL BODY - MICRO LAGREE,Rachel,12,0,True,disponible,2026-06-25 15:28
2026-07-01|10:00|banote club charenton|full body - micro lagree,2026-07-01,Mercredi,10:00,11:00,Banote Club Charenton,FULL BODY - MICRO LAGREE,Marine,12,0,True,disponible,2026-06-26 13:12
2026-07-01|10:00|banote club paris 16e|full body - micro lagree,2026-07-01,Mercredi,10:00,11:00,Banote Club Paris 16e,FULL BODY - MICRO LAGREE,Rachel,12,0,True,disponible,2026-06-25 15:28
2026-07-01|11:00|banote club paris 16e|full body - micro lagree,2026-07-01,Mercredi,11:00,12:00,Banote Club Paris 16e,FULL BODY - MICRO LAGREE,Alexandra,12,0,True,disponible,2026-06-25 15:28
2026-07-01|11:30|banote club charenton|full body - micro lagree,2026-07-01,Mercredi,11:30,12:30,Banote Club Charenton,FULL BODY - MICRO LAGREE,Marine,12,0,True,disponible,2026-06-26 13:12
2026-07-01|12:00|banote club paris 16e|full body - micro lagree,2026-07-01,Mercredi,12:00,13:00,Banote Club Paris 16e,FULL BODY - MICRO LAGREE,Alexandra,12,0,True,disponible,2026-06-25 15:28
2026-07-01|12:30|banote club charenton|full body - micro lagree,2026-07-01,Mercredi,12:30,13:30,Banote Club Charenton,FULL BODY - MICRO LAGREE,Marine,12,0,True,disponible,2026-06-26 13:12
2026-07-01|13:00|banote club paris 16e|full body - micro lagree,2026-07-01,Mercredi,13:00,14:00,Banote Club Paris 16e,FULL BODY - MICRO LAGREE,Alexandra,12,0,True,disponible,2026-06-25 15:28
2026-07-01|18:30|banote club charenton|full body - micro lagree,2026-07-01,Mercredi,18:30,19:30,Banote Club Charenton,FULL BODY - MICRO LAGREE,Noa,12,0,True,disponible,2026-06-26 13:12
2026-07-01|18:30|banote club paris 16e|full body - micro lagree,2026-07-01,Mercredi,18:30,19:30,Banote Club Paris 16e,FULL BODY - MICRO LAGREE,Alexandra,12,0,True,disponible,2026-06-25 15:28
2026-07-01|19:30|banote club charenton|full body - micro lagree,2026-07-01,Mercredi,19:30,20:30,Banote Club Charenton,FULL BODY - MICRO LAGREE,Noa,12,0,True,disponible,2026-06-26 13:12
2026-07-01|19:30|banote club paris 16e|full body - micro lagree,2026-07-01,Mercredi,19:30,20:30,Banote Club Paris 16e,FULL BODY - MICRO LAGREE,Alexandra,12,0,True,disponible,2026-06-25 15:28
2026-07-01|20:30|banote club charenton|full body - micro lagree,2026-07-01,Mercredi,20:30,21:30,Banote Club Charenton,FULL BODY - MICRO LAGREE,Noa,12,0,True,disponible,2026-06-26 13:12
2026-07-01|20:30|banote club paris 16e|full body - micro lagree,2026-07-01,Mercredi,20:30,21:30,Banote Club Paris 16e,FULL BODY - MICRO LAGREE,Alexandra,12,0,True,disponible,2026-06-25 15:28
2026-07-02|08:00|banote club paris 16e|full body - micro lagree,2026-07-02,Jeudi,08:00,09:00,Banote Club Paris 16e,FULL BODY - MICRO LAGREE,Susie,12,0,True,disponible,2026-06-26 22:05
2026-07-02|09:00|banote club paris 16e|full body - micro lagree,2026-07-02,Jeudi,09:00,10:00,Banote Club Paris 16e,FULL BODY - MICRO LAGREE,Susie,12,0,True,disponible,2026-06-26 22:05
2026-07-02|10:00|banote club charenton|full body - micro lagree,2026-07-02,Jeudi,10:00,11:00,Banote Club Charenton,FULL BODY - MICRO LAGREE,Noa,12,0,True,disponible,2026-06-26 13:12
2026-07-02|10:00|banote club paris 16e|full body - micro lagree,2026-07-02,Jeudi,10:00,11:00,Banote Club Paris 16e,FULL BODY - MICRO LAGREE,Susie,12,0,True,disponible,2026-06-26 22:05
2026-07-02|11:00|banote club charenton|full body - micro lagree,2026-07-02,Jeudi,11:00,12:00,Banote Club Charenton,FULL BODY - MICRO LAGREE,Noa,12,0,True,disponible,2026-06-26 13:12
2026-07-02|11:00|banote club paris 16e|full body - micro lagree,2026-07-02,Jeudi,11:00,12:00,Banote Club Paris 16e,FULL BODY - MICRO LAGREE,Alexandra,12,0,True,disponible,2026-06-26 22:05
2026-07-02|12:00|banote club paris 16e|advanced full body - micro lagree,2026-07-02,Jeudi,12:00,13:00,Banote Club Paris 16e,ADVANCED FULL BODY - MICRO LAGREE,Alexandra,12,0,True,disponible,2026-06-26 22:05
2026-07-02|12:30|banote club charenton|full body - micro lagree,2026-07-02,Jeudi,12:30,13:30,Banote Club Charenton,FULL BODY - MICRO LAGREE,Noa,12,0,True,disponible,2026-06-26 13:12
2026-07-02|13:00|banote club paris 16e|advanced full body - micro lagree,2026-07-02,Jeudi,13:00,14:00,Banote Club Paris 16e,ADVANCED FULL BODY - MICRO LAGREE,Alexandra,12,0,True,disponible,2026-06-26 22:05
2026-07-02|14:00|banote club paris 16e|full body - micro lagree,2026-07-02,Jeudi,14:00,15:00,Banote Club Paris 16e,FULL BODY - MICRO LAGREE,Alexandra,12,0,True,disponible,2026-06-26 22:05
2026-07-02|17:30|banote club charenton|full body - micro lagree,2026-07-02,Jeudi,17:30,18:30,Banote Club Charenton,FULL BODY - MICRO LAGREE,Rachel,12,0,True,disponible,2026-06-26 13:12
2026-07-02|17:30|banote club paris 16e|full body - micro lagree,2026-07-02,Jeudi,17:30,18:30,Banote Club Paris 16e,FULL BODY - MICRO LAGREE,Aya Rose,12,0,True,disponible,2026-06-26 22:05
2026-07-02|18:30|banote club charenton|full body - micro lagree,2026-07-02,Jeudi,18:30,19:30,Banote Club Charenton,FULL BODY - MICRO LAGREE,Rachel,12,0,True,disponible,2026-06-26 13:12
2026-07-02|18:30|banote club paris 16e|full body - micro lagree,2026-07-02,Jeudi,18:30,19:30,Banote Club Paris 16e,FULL BODY - MICRO LAGREE,Aya Rose,12,0,True,disponible,2026-06-26 22:05
2026-07-02|19:30|banote club charenton|full body - micro lagree,2026-07-02,Jeudi,19:30,20:30,Banote Club Charenton,FULL BODY - MICRO LAGREE,Rachel,12,0,True,disponible,2026-06-26 13:12
2026-07-02|19:30|banote club paris 16e|full body - micro lagree,2026-07-02,Jeudi,19:30,20:30,Banote Club Paris 16e,FULL BODY - MICRO LAGREE,Aya Rose,12,0,True,disponible,2026-06-26 22:05
2026-07-03|09:00|banote club charenton|full body - micro lagree,2026-07-03,Vendredi,09:00,10:00,Banote Club Charenton,FULL BODY - MICRO LAGREE,Tally,12,0,True,disponible,2026-06-27 09:25
2026-07-03|09:00|banote club paris 16e|full body - micro lagree,2026-07-03,Vendredi,09:00,10:00,Banote Club Paris 16e,FULL BODY - MICRO LAGREE,Alexandra,12,0,True,disponible,2026-06-27 11:39
2026-07-03|10:00|banote club charenton|full body - micro lagree,2026-07-03,Vendredi,10:00,11:00,Banote Club Charenton,FULL BODY - MICRO LAGREE,Tally,12,0,True,disponible,2026-06-27 09:25
2026-07-03|10:00|banote club paris 16e|full body - micro lagree,2026-07-03,Vendredi,10:00,11:00,Banote Club Paris 16e,FULL BODY - MICRO LAGREE,Alexandra,12,0,True,disponible,2026-06-27 11:39
2026-07-03|11:00|banote club charenton|full body - micro lagree,2026-07-03,Vendredi,11:00,12:00,Banote Club Charenton,FULL BODY - MICRO LAGREE,Tally,12,0,True,disponible,2026-06-27 09:25
2026-07-03|11:00|banote club paris 16e|full body - micro lagree,2026-07-03,Vendredi,11:00,12:00,Banote Club Paris 16e,FULL BODY - MICRO LAGREE,Alexandra,12,0,True,disponible,2026-06-27 11:39
2026-07-03|12:00|banote club paris 16e|full body - micro lagree,2026-07-03,Vendredi,12:00,13:00,Banote Club Paris 16e,FULL BODY - MICRO LAGREE,Aya Rose (Suppléant),12,0,True,disponible,2026-06-27 11:39
2026-07-03|12:30|banote club charenton|full body - micro lagree,2026-07-03,Vendredi,12:30,13:30,Banote Club Charenton,FULL BODY - MICRO LAGREE,Noa,12,0,True,disponible,2026-06-27 09:25
2026-07-03|13:00|banote club paris 16e|full body - micro lagree,2026-07-03,Vendredi,13:00,14:00,Banote Club Paris 16e,FULL BODY - MICRO LAGREE,Aya Rose (Suppléant),12,0,True,disponible,2026-06-27 11:39
2026-07-03|13:30|banote club charenton|full body - micro lagree,2026-07-03,Vendredi,13:30,14:30,Banote Club Charenton,FULL BODY - MICRO LAGREE,Noa,12,0,True,disponible,2026-06-27 09:25
2026-07-03|14:00|banote club paris 16e|full body - micro lagree,2026-07-03,Vendredi,14:00,15:00,Banote Club Paris 16e,FULL BODY - MICRO LAGREE,Aya Rose (Suppléant),12,0,True,disponible,2026-06-27 11:39
2026-07-03|16:00|banote club paris 16e|full body - micro lagree,2026-07-03,Vendredi,16:00,17:00,Banote Club Paris 16e,FULL BODY - MICRO LAGREE,Noa,12,0,True,disponible,2026-06-27 11:39
2026-07-03|17:00|banote club paris 16e|full body - micro lagree,2026-07-03,Vendredi,17:00,18:00,Banote Club Paris 16e,FULL BODY - MICRO LAGREE,Noa,12,0,True,disponible,2026-06-27 11:39
2026-07-03|18:00|banote club paris 16e|full body - micro lagree,2026-07-03,Vendredi,18:00,19:00,Banote Club Paris 16e,FULL BODY - MICRO LAGREE,Noa,12,0,True,disponible,2026-06-27 11:39
2026-07-04|10:00|banote club paris 16e|full body - micro lagree,2026-07-04,Samedi,10:00,11:00,Banote Club Paris 16e,FULL BODY - MICRO LAGREE,Aya Rose,12,0,True,disponible,2026-06-28 09:56
2026-07-04|11:00|banote club paris 16e|full body - micro lagree,2026-07-04,Samedi,11:00,12:00,Banote Club Paris 16e,FULL BODY - MICRO LAGREE,Aya Rose,12,0,True,disponible,2026-06-28 09:56
2026-07-04|12:00|banote club paris 16e|full body - micro lagree,2026-07-04,Samedi,12:00,13:00,Banote Club Paris 16e,FULL BODY - MICRO LAGREE,Aya Rose,12,0,True,disponible,2026-06-28 09:56
2026-07-04|13:00|banote club paris 16e|full body - micro lagree,2026-07-04,Samedi,13:00,14:00,Banote Club Paris 16e,FULL BODY - MICRO LAGREE,Aya Rose,12,0,True,disponible,2026-06-28 09:56
2026-07-04|17:30|banote club paris 16e|full body - micro lagree,2026-07-04,Samedi,17:30,18:30,Banote Club Paris 16e,FULL BODY - MICRO LAGREE,Charlotte (Suppléant),12,0,True,disponible,2026-06-28 09:56
2026-07-04|18:30|banote club paris 16e|full body - micro lagree,2026-07-04,Samedi,18:30,19:30,Banote Club Paris 16e,FULL BODY - MICRO LAGREE,Charlotte (Suppléant),12,0,True,disponible,2026-06-28 09:56
2026-07-05|10:00|banote club charenton|full body - micro lagree,2026-07-05,Dimanche,10:00,11:00,Banote Club Charenton,FULL BODY - MICRO LAGREE,Noa,12,0,True,disponible,2026-06-29 11:05
2026-07-05|10:00|banote club paris 16e|advanced full body - micro lagree,2026-07-05,Dimanche,10:00,11:00,Banote Club Paris 16e,ADVANCED FULL BODY - MICRO LAGREE,Alexandra,12,0,True,disponible,2026-06-29 15:18
2026-07-05|11:00|banote club charenton|full body - micro lagree,2026-07-05,Dimanche,11:00,12:00,Banote Club Charenton,FULL BODY - MICRO LAGREE,Noa,12,0,True,disponible,2026-06-29 11:05
2026-07-05|11:00|banote club paris 16e|full body - micro lagree,2026-07-05,Dimanche,11:00,12:00,Banote Club Paris 16e,FULL BODY - MICRO LAGREE,Alexandra,12,0,True,disponible,2026-06-29 15:18
2026-07-05|12:00|banote club charenton|full body - micro lagree,2026-07-05,Dimanche,12:00,13:00,Banote Club Charenton,FULL BODY - MICRO LAGREE,Noa,12,0,True,disponible,2026-06-29 11:05
2026-07-05|12:00|banote club paris 16e|advanced full body - micro lagree,2026-07-05,Dimanche,12:00,13:00,Banote Club Paris 16e,ADVANCED FULL BODY - MICRO LAGREE,Alexandra,12,0,True,disponible,2026-06-29 15:18
2026-07-05|13:00|banote club charenton|full body - micro lagree,2026-07-05,Dimanche,13:00,14:00,Banote Club Charenton,FULL BODY - MICRO LAGREE,Noa,12,0,True,disponible,2026-06-29 11:05
2026-07-05|13:00|banote club paris 16e|advanced full body - micro lagree,2026-07-05,Dimanche,13:00,14:00,Banote Club Paris 16e,ADVANCED FULL BODY - MICRO LAGREE,Alexandra,12,0,True,disponible,2026-06-29 15:18
2026-07-05|16:30|banote club charenton|full body - micro lagree,2026-07-05,Dimanche,16:30,17:30,Banote Club Charenton,FULL BODY - MICRO LAGREE,Tally,12,0,True,disponible,2026-06-29 11:05
2026-07-05|17:00|banote club paris 16e|full body - micro lagree,2026-07-05,Dimanche,17:00,18:00,Banote Club Paris 16e,FULL BODY - MICRO LAGREE,Aya Rose,12,0,True,disponible,2026-06-29 15:18
2026-07-05|17:30|banote club charenton|full body - micro lagree,2026-07-05,Dimanche,17:30,18:30,Banote Club Charenton,FULL BODY - MICRO LAGREE,Tally,12,0,True,disponible,2026-06-29 11:05
2026-07-05|18:00|banote club paris 16e|full body - micro lagree,2026-07-05,Dimanche,18:00,19:00,Banote Club Paris 16e,FULL BODY - MICRO LAGREE,Aya Rose,12,0,True,disponible,2026-06-29 15:18
2026-07-05|19:00|banote club paris 16e|full body - micro lagree,2026-07-05,Dimanche,19:00,20:00,Banote Club Paris 16e,FULL BODY - MICRO LAGREE,Aya Rose,12,0,True,disponible,2026-06-29 15:18
2026-07-06|11:00|banote club charenton|full body - micro lagree,2026-07-06,Lundi,11:00,12:00,Banote Club Charenton,FULL BODY - MICRO LAGREE,Tally,12,0,True,disponible,2026-06-30 20:13
2026-07-06|11:00|banote club paris 16e|full body - micro lagree,2026-07-06,Lundi,11:00,12:00,Banote Club Paris 16e,FULL BODY - MICRO LAGREE,Noa (Suppléant),12,0,True,disponible,2026-06-30 18:10
2026-07-06|12:00|banote club paris 16e|full body - micro lagree,2026-07-06,Lundi,12:00,13:00,Banote Club Paris 16e,FULL BODY - MICRO LAGREE,Noa (Suppléant),12,0,True,disponible,2026-06-30 18:10
2026-07-06|12:30|banote club charenton|full body - micro lagree,2026-07-06,Lundi,12:30,13:30,Banote Club Charenton,FULL BODY - MICRO LAGREE,Tally,12,0,True,disponible,2026-06-30 20:13
2026-07-06|13:00|banote club paris 16e|full body - micro lagree,2026-07-06,Lundi,13:00,14:00,Banote Club Paris 16e,FULL BODY - MICRO LAGREE,Noa (Suppléant),12,0,True,disponible,2026-06-30 18:10
2026-07-06|13:30|banote club charenton|full body - micro lagree,2026-07-06,Lundi,13:30,14:30,Banote Club Charenton,FULL BODY - MICRO LAGREE,Tally,12,0,True,disponible,2026-06-30 20:13
2026-07-06|17:00|banote club paris 16e|full body - micro lagree,2026-07-06,Lundi,17:00,18:00,Banote Club Paris 16e,FULL BODY - MICRO LAGREE,Rachel,12,0,True,disponible,2026-06-30 18:10
2026-07-06|17:30|banote club charenton|full body - micro lagree,2026-07-06,Lundi,17:30,18:30,Banote Club Charenton,FULL BODY - MICRO LAGREE,Noa,12,0,True,disponible,2026-06-30 20:13
2026-07-06|18:00|banote club paris 16e|full body - micro lagree,2026-07-06,Lundi,18:00,19:00,Banote Club Paris 16e,FULL BODY - MICRO LAGREE,Tally (Suppléant),12,0,True,disponible,2026-06-30 18:10
2026-07-06|18:30|banote club charenton|full body - micro lagree,2026-07-06,Lundi,18:30,19:30,Banote Club Charenton,FULL BODY - MICRO LAGREE,Noa,12,0,True,disponible,2026-06-30 20:13
2026-07-06|19:00|banote club paris 16e|full body - micro lagree,2026-07-06,Lundi,19:00,20:00,Banote Club Paris 16e,FULL BODY - MICRO LAGREE,Tally (Suppléant),12,0,True,disponible,2026-06-30 18:10
2026-07-06|19:30|banote club charenton|full body - micro lagree,2026-07-06,Lundi,19:30,20:30,Banote Club Charenton,FULL BODY - MICRO LAGREE,Noa,12,0,True,disponible,2026-06-30 20:13
2026-07-06|20:00|banote club paris 16e|full body - micro lagree,2026-07-06,Lundi,20:00,21:00,Banote Club Paris 16e,FULL BODY - MICRO LAGREE,Tally (Suppléant),12,0,True,disponible,2026-06-30 18:10
2026-07-07|09:00|banote club paris 16e|full body - micro lagree,2026-07-07,Mardi,09:00,10:00,Banote Club Paris 16e,FULL BODY - MICRO LAGREE,Aya Rose (Suppléant),12,0,True,disponible,2026-07-01 13:40
2026-07-07|10:00|banote club charenton|full body - micro lagree,2026-07-07,Mardi,10:00,11:00,Banote Club Charenton,FULL BODY - MICRO LAGREE,Noa,12,0,True,disponible,2026-07-01 13:40
2026-07-07|10:00|banote club paris 16e|full body - micro lagree,2026-07-07,Mardi,10:00,11:00,Banote Club Paris 16e,FULL BODY - MICRO LAGREE,Aya Rose (Suppléant),12,0,True,disponible,2026-07-01 13:40
2026-07-07|11:00|banote club charenton|full body - micro lagree,2026-07-07,Mardi,11:00,12:00,Banote Club Charenton,FULL BODY - MICRO LAGREE,Noa,12,0,True,disponible,2026-07-01 13:40
2026-07-07|11:00|banote club paris 16e|full body - micro lagree,2026-07-07,Mardi,11:00,12:00,Banote Club Paris 16e,FULL BODY - MICRO LAGREE,Alexandra,12,0,True,disponible,2026-07-01 13:40
2026-07-07|12:00|banote club paris 16e|advanced full body - micro lagree,2026-07-07,Mardi,12:00,13:00,Banote Club Paris 16e,ADVANCED FULL BODY - MICRO LAGREE,Alexandra,12,0,True,disponible,2026-07-01 13:40
2026-07-07|12:30|banote club charenton|full body - micro lagree,2026-07-07,Mardi,12:30,13:30,Banote Club Charenton,FULL BODY - MICRO LAGREE,Noa,12,0,True,disponible,2026-07-01 13:40
2026-07-07|13:00|banote club paris 16e|advanced full body - micro lagree,2026-07-07,Mardi,13:00,14:00,Banote Club Paris 16e,ADVANCED FULL BODY - MICRO LAGREE,Alexandra,12,0,True,disponible,2026-07-01 13:40
2026-07-07|14:00|banote club paris 16e|full body - micro lagree,2026-07-07,Mardi,14:00,15:00,Banote Club Paris 16e,FULL BODY - MICRO LAGREE,Alexandra,12,0,True,disponible,2026-07-01 13:40
2026-07-07|17:30|banote club charenton|full body - micro lagree,2026-07-07,Mardi,17:30,18:30,Banote Club Charenton,FULL BODY - MICRO LAGREE,Tally (Suppléant),12,0,True,disponible,2026-07-01 13:40
2026-07-07|17:30|banote club paris 16e|full body - micro lagree,2026-07-07,Mardi,17:30,18:30,Banote Club Paris 16e,FULL BODY - MICRO LAGREE,Noa,12,0,True,disponible,2026-07-01 13:40
2026-07-07|18:30|banote club charenton|full body - micro lagree,2026-07-07,Mardi,18:30,19:30,Banote Club Charenton,FULL BODY - MICRO LAGREE,Tally (Suppléant),12,0,True,disponible,2026-07-01 13:40
2026-07-07|18:30|banote club paris 16e|full body - micro lagree,2026-07-07,Mardi,18:30,19:30,Banote Club Paris 16e,FULL BODY - MICRO LAGREE,Noa,12,0,True,disponible,2026-07-01 13:40
2026-07-07|19:30|banote club charenton|full body - micro lagree,2026-07-07,Mardi,19:30,20:30,Banote Club Charenton,FULL BODY - MICRO LAGREE,Tally (Suppléant),12,0,True,disponible,2026-07-01 13:40
2026-07-07|19:30|banote club paris 16e|full body - micro lagree,2026-07-07,Mardi,19:30,20:30,Banote Club Paris 16e,FULL BODY - MICRO LAGREE,Noa,12,0,True,disponible,2026-07-01 13:40
2026-07-07|20:30|banote club paris 16e|full body - micro lagree,2026-07-07,Mardi,20:30,21:30,Banote Club Paris 16e,FULL BODY - MICRO LAGREE,Noa,12,0,True,disponible,2026-07-01 13:40
2026-07-08|08:00|banote club paris 16e|full body - micro lagree,2026-07-08,Mercredi,08:00,09:00,Banote Club Paris 16e,FULL BODY - MICRO LAGREE,Tally (Suppléant),12,0,True,disponible,2026-07-02 14:31
2026-07-08|09:00|banote club paris 16e|full body - micro lagree,2026-07-08,Mercredi,09:00,10:00,Banote Club Paris 16e,FULL BODY - MICRO LAGREE,Tally (Suppléant),12,0,True,disponible,2026-07-02 14:31
2026-07-08|10:00|banote club charenton|full body - micro lagree,2026-07-08,Mercredi,10:00,11:00,Banote Club Charenton,FULL BODY - MICRO LAGREE,Marine,12,0,True,disponible,2026-07-02 14:31
2026-07-08|10:00|banote club paris 16e|full body - micro lagree,2026-07-08,Mercredi,10:00,11:00,Banote Club Paris 16e,FULL BODY - MICRO LAGREE,Tally (Suppléant),12,0,True,disponible,2026-07-02 14:31
2026-07-08|11:00|banote club paris 16e|full body - micro lagree,2026-07-08,Mercredi,11:00,12:00,Banote Club Paris 16e,FULL BODY - MICRO LAGREE,Alexandra,12,0,True,disponible,2026-07-02 14:31
2026-07-08|11:30|banote club charenton|full body - micro lagree,2026-07-08,Mercredi,11:30,12:30,Banote Club Charenton,FULL BODY - MICRO LAGREE,Marine,12,0,True,disponible,2026-07-02 14:31
2026-07-08|12:00|banote club paris 16e|full body - micro lagree,2026-07-08,Mercredi,12:00,13:00,Banote Club Paris 16e,FULL BODY - MICRO LAGREE,Alexandra,12,0,True,disponible,2026-07-02 14:31
2026-07-08|12:30|banote club charenton|full body - micro lagree,2026-07-08,Mercredi,12:30,13:30,Banote Club Charenton,FULL BODY - MICRO LAGREE,Marine,12,0,True,disponible,2026-07-02 14:31
2026-07-08|13:00|banote club paris 16e|full body - micro lagree,2026-07-08,Mercredi,13:00,14:00,Banote Club Paris 16e,FULL BODY - MICRO LAGREE,Alexandra,12,0,True,disponible,2026-07-02 14:31
2026-07-08|18:30|banote club charenton|full body - micro lagree,2026-07-08,Mercredi,18:30,19:30,Banote Club Charenton,FULL BODY - MICRO LAGREE,Noa,12,0,True,disponible,2026-07-02 14:31
2026-07-08|18:30|banote club paris 16e|full body - micro lagree,2026-07-08,Mercredi,18:30,19:30,Banote Club Paris 16e,FULL BODY - MICRO LAGREE,Alexandra,12,12,True,complet,2026-07-02 14:31
2026-07-08|19:30|banote club charenton|full body - micro lagree,2026-07-08,Mercredi,19:30,20:30,Banote Club Charenton,FULL BODY - MICRO LAGREE,Noa,12,0,True,disponible,2026-07-02 14:31
2026-07-08|19:30|banote club paris 16e|full body - micro lagree,2026-07-08,Mercredi,19:30,20:30,Banote Club Paris 16e,FULL BODY - MICRO LAGREE,Alexandra,12,0,True,disponible,2026-07-02 14:31
2026-07-08|20:30|banote club charenton|full body - micro lagree,2026-07-08,Mercredi,20:30,21:30,Banote Club Charenton,FULL BODY - MICRO LAGREE,Noa,12,0,True,disponible,2026-07-02 14:31
2026-07-08|20:30|banote club paris 16e|full body - micro lagree,2026-07-08,Mercredi,20:30,21:30,Banote Club Paris 16e,FULL BODY - MICRO LAGREE,Alexandra,12,0,True,disponible,2026-07-02 14:31
2026-07-09|08:00|banote club paris 16e|full body - micro lagree,2026-07-09,Jeudi,08:00,09:00,Banote Club Paris 16e,FULL BODY - MICRO LAGREE,Aya Rose (Suppléant),12,0,True,disponible,2026-07-03 18:43
2026-07-09|09:00|banote club paris 16e|full body - micro lagree,2026-07-09,Jeudi,09:00,10:00,Banote Club Paris 16e,FULL BODY - MICRO LAGREE,Aya Rose (Suppléant),12,0,True,disponible,2026-07-03 18:43
2026-07-09|10:00|banote club charenton|full body - micro lagree,2026-07-09,Jeudi,10:00,11:00,Banote Club Charenton,FULL BODY - MICRO LAGREE,Noa,12,0,True,disponible,2026-07-03 09:32
2026-07-09|10:00|banote club paris 16e|full body - micro lagree,2026-07-09,Jeudi,10:00,11:00,Banote Club Paris 16e,FULL BODY - MICRO LAGREE,Aya Rose (Suppléant),12,0,True,disponible,2026-07-03 18:43
2026-07-09|11:00|banote club charenton|full body - micro lagree,2026-07-09,Jeudi,11:00,12:00,Banote Club Charenton,FULL BODY - MICRO LAGREE,Noa,12,0,True,disponible,2026-07-03 09:32
2026-07-09|11:00|banote club paris 16e|full body - micro lagree,2026-07-09,Jeudi,11:00,12:00,Banote Club Paris 16e,FULL BODY - MICRO LAGREE,Alexandra,12,0,True,disponible,2026-07-03 18:43
2026-07-09|12:00|banote club paris 16e|advanced full body - micro lagree,2026-07-09,Jeudi,12:00,13:00,Banote Club Paris 16e,ADVANCED FULL BODY - MICRO LAGREE,Alexandra,12,0,True,disponible,2026-07-03 18:43
2026-07-09|12:30|banote club charenton|full body - micro lagree,2026-07-09,Jeudi,12:30,13:30,Banote Club Charenton,FULL BODY - MICRO LAGREE,Noa,12,0,True,disponible,2026-07-03 09:32
2026-07-09|13:00|banote club paris 16e|advanced full body - micro lagree,2026-07-09,Jeudi,13:00,14:00,Banote Club Paris 16e,ADVANCED FULL BODY - MICRO LAGREE,Alexandra,12,0,True,disponible,2026-07-03 18:43
2026-07-09|14:00|banote club paris 16e|full body - micro lagree,2026-07-09,Jeudi,14:00,15:00,Banote Club Paris 16e,FULL BODY - MICRO LAGREE,Alexandra,12,0,True,disponible,2026-07-03 18:43
2026-07-09|17:30|banote club charenton|full body - micro lagree,2026-07-09,Jeudi,17:30,18:30,Banote Club Charenton,FULL BODY - MICRO LAGREE,Tally (Suppléant),12,0,True,disponible,2026-07-03 09:32
2026-07-09|17:30|banote club paris 16e|full body - micro lagree,2026-07-09,Jeudi,17:30,18:30,Banote Club Paris 16e,FULL BODY - MICRO LAGREE,Aya Rose,12,0,True,disponible,2026-07-03 18:43
2026-07-09|18:30|banote club charenton|full body - micro lagree,2026-07-09,Jeudi,18:30,19:30,Banote Club Charenton,FULL BODY - MICRO LAGREE,Tally (Suppléant),12,0,True,disponible,2026-07-03 09:32
2026-07-09|18:30|banote club paris 16e|full body - micro lagree,2026-07-09,Jeudi,18:30,19:30,Banote Club Paris 16e,FULL BODY - MICRO LAGREE,Aya Rose,12,0,True,disponible,2026-07-03 18:43
2026-07-09|19:30|banote club charenton|full body - micro lagree,2026-07-09,Jeudi,19:30,20:30,Banote Club Charenton,FULL BODY - MICRO LAGREE,Tally (Suppléant),12,0,True,disponible,2026-07-03 09:32
2026-07-09|19:30|banote club paris 16e|full body - micro lagree,2026-07-09,Jeudi,19:30,20:30,Banote Club Paris 16e,FULL BODY - MICRO LAGREE,Aya Rose,12,0,True,disponible,2026-07-03 18:43
2026-07-10|09:00|banote club charenton|full body - micro lagree,2026-07-10,Vendredi,09:00,10:00,Banote Club Charenton,FULL BODY - MICRO LAGREE,Tally,12,0,True,disponible,2026-07-04 09:11
2026-07-10|09:00|banote club paris 16e|full body - micro lagree,2026-07-10,Vendredi,09:00,10:00,Banote Club Paris 16e,FULL BODY - MICRO LAGREE,Charlotte (Suppléant),12,0,True,disponible,2026-07-04 17:18
2026-07-10|10:00|banote club charenton|full body - micro lagree,2026-07-10,Vendredi,10:00,11:00,Banote Club Charenton,FULL BODY - MICRO LAGREE,Tally,12,0,True,disponible,2026-07-04 09:11
2026-07-10|10:00|banote club paris 16e|full body - micro lagree,2026-07-10,Vendredi,10:00,11:00,Banote Club Paris 16e,FULL BODY - MICRO LAGREE,Charlotte (Suppléant),12,0,True,disponible,2026-07-04 17:18
2026-07-10|11:00|banote club charenton|full body - micro lagree,2026-07-10,Vendredi,11:00,12:00,Banote Club Charenton,FULL BODY - MICRO LAGREE,Tally,12,0,True,disponible,2026-07-04 09:11
2026-07-10|11:00|banote club paris 16e|full body - micro lagree,2026-07-10,Vendredi,11:00,12:00,Banote Club Paris 16e,FULL BODY - MICRO LAGREE,Charlotte (Suppléant),12,0,True,disponible,2026-07-04 17:18
2026-07-10|12:00|banote club paris 16e|full body - micro lagree,2026-07-10,Vendredi,12:00,13:00,Banote Club Paris 16e,FULL BODY - MICRO LAGREE,Aya Rose (Suppléant),12,0,True,disponible,2026-07-04 17:18
2026-07-10|12:30|banote club charenton|full body - micro lagree,2026-07-10,Vendredi,12:30,13:30,Banote Club Charenton,FULL BODY - MICRO LAGREE,Noa,12,0,True,disponible,2026-07-04 09:11
2026-07-10|13:00|banote club paris 16e|full body - micro lagree,2026-07-10,Vendredi,13:00,14:00,Banote Club Paris 16e,FULL BODY - MICRO LAGREE,Aya Rose (Suppléant),12,0,True,disponible,2026-07-04 17:18
2026-07-10|13:30|banote club charenton|full body - micro lagree,2026-07-10,Vendredi,13:30,14:30,Banote Club Charenton,FULL BODY - MICRO LAGREE,Noa,12,0,True,disponible,2026-07-04 09:11
2026-07-10|14:00|banote club paris 16e|full body - micro lagree,2026-07-10,Vendredi,14:00,15:00,Banote Club Paris 16e,FULL BODY - MICRO LAGREE,Aya Rose (Suppléant),12,0,True,disponible,2026-07-04 17:18
2026-07-10|16:00|banote club paris 16e|full body - micro lagree,2026-07-10,Vendredi,16:00,17:00,Banote Club Paris 16e,FULL BODY - MICRO LAGREE,Noa,12,0,True,disponible,2026-07-04 17:18
2026-07-10|17:00|banote club paris 16e|full body - micro lagree,2026-07-10,Vendredi,17:00,18:00,Banote Club Paris 16e,FULL BODY - MICRO LAGREE,Noa,12,0,True,disponible,2026-07-04 17:18
2026-07-10|18:00|banote club paris 16e|full body - micro lagree,2026-07-10,Vendredi,18:00,19:00,Banote Club Paris 16e,FULL BODY - MICRO LAGREE,Noa,12,0,True,disponible,2026-07-04 17:18
2026-07-11|10:00|banote club paris 16e|full body - micro lagree,2026-07-11,Samedi,10:00,11:00,Banote Club Paris 16e,FULL BODY - MICRO LAGREE,Aya Rose,12,0,True,disponible,2026-07-05 11:56
2026-07-11|11:00|banote club paris 16e|full body - micro lagree,2026-07-11,Samedi,11:00,12:00,Banote Club Paris 16e,FULL BODY - MICRO LAGREE,Aya Rose,12,0,True,disponible,2026-07-05 11:56
2026-07-11|12:00|banote club paris 16e|full body - micro lagree,2026-07-11,Samedi,12:00,13:00,Banote Club Paris 16e,FULL BODY - MICRO LAGREE,Aya Rose,12,0,True,disponible,2026-07-05 11:56
2026-07-11|13:00|banote club paris 16e|full body - micro lagree,2026-07-11,Samedi,13:00,14:00,Banote Club Paris 16e,FULL BODY - MICRO LAGREE,Aya Rose,12,0,True,disponible,2026-07-05 11:56
2026-07-11|17:30|banote club paris 16e|full body - micro lagree,2026-07-11,Samedi,17:30,18:30,Banote Club Paris 16e,FULL BODY - MICRO LAGREE,Noa (Suppléant),12,0,True,disponible,2026-07-05 11:56
2026-07-11|18:30|banote club paris 16e|full body - micro lagree,2026-07-11,Samedi,18:30,19:30,Banote Club Paris 16e,FULL BODY - MICRO LAGREE,Noa (Suppléant),12,0,True,disponible,2026-07-05 11:56
2026-07-12|10:00|banote club charenton|full body - micro lagree,2026-07-12,Dimanche,10:00,11:00,Banote Club Charenton,FULL BODY - MICRO LAGREE,Noa,12,0,True,disponible,2026-07-06 22:31
2026-07-12|10:00|banote club paris 16e|advanced full body - micro lagree,2026-07-12,Dimanche,10:00,11:00,Banote Club Paris 16e,ADVANCED FULL BODY - MICRO LAGREE,Tally (Suppléant),12,0,True,disponible,2026-07-07 09:54
2026-07-12|11:00|banote club charenton|full body - micro lagree,2026-07-12,Dimanche,11:00,12:00,Banote Club Charenton,FULL BODY - MICRO LAGREE,Noa,12,0,True,disponible,2026-07-06 22:31
2026-07-12|11:00|banote club paris 16e|full body - micro lagree,2026-07-12,Dimanche,11:00,12:00,Banote Club Paris 16e,FULL BODY - MICRO LAGREE,Tally (Suppléant),12,0,True,disponible,2026-07-07 09:54
2026-07-12|12:00|banote club charenton|full body - micro lagree,2026-07-12,Dimanche,12:00,13:00,Banote Club Charenton,FULL BODY - MICRO LAGREE,Noa,12,0,True,disponible,2026-07-06 22:31
2026-07-12|12:00|banote club paris 16e|advanced full body - micro lagree,2026-07-12,Dimanche,12:00,13:00,Banote Club Paris 16e,ADVANCED FULL BODY - MICRO LAGREE,Tally (Suppléant),12,0,True,disponible,2026-07-07 09:54
2026-07-12|13:00|banote club charenton|full body - micro lagree,2026-07-12,Dimanche,13:00,14:00,Banote Club Charenton,FULL BODY - MICRO LAGREE,Noa,12,0,True,disponible,2026-07-06 22:31
2026-07-12|13:00|banote club paris 16e|advanced full body - micro lagree,2026-07-12,Dimanche,13:00,14:00,Banote Club Paris 16e,ADVANCED FULL BODY - MICRO LAGREE,Tally (Suppléant),12,0,True,disponible,2026-07-07 09:54
2026-07-12|16:30|banote club charenton|full body - micro lagree,2026-07-12,Dimanche,16:30,17:30,Banote Club Charenton,FULL BODY - MICRO LAGREE,Tally,12,0,True,disponible,2026-07-06 22:31
2026-07-12|17:00|banote club paris 16e|full body - micro lagree,2026-07-12,Dimanche,17:00,18:00,Banote Club Paris 16e,FULL BODY - MICRO LAGREE,Aya Rose,12,0,True,disponible,2026-07-07 09:54
2026-07-12|17:30|banote club charenton|full body - micro lagree,2026-07-12,Dimanche,17:30,18:30,Banote Club Charenton,FULL BODY - MICRO LAGREE,Tally,12,0,True,disponible,2026-07-06 22:31
2026-07-12|18:00|banote club paris 16e|full body - micro lagree,2026-07-12,Dimanche,18:00,19:00,Banote Club Paris 16e,FULL BODY - MICRO LAGREE,Aya Rose,12,0,True,disponible,2026-07-07 09:54
2026-07-12|19:00|banote club paris 16e|full body - micro lagree,2026-07-12,Dimanche,19:00,20:00,Banote Club Paris 16e,FULL BODY - MICRO LAGREE,Aya Rose,12,0,True,disponible,2026-07-07 09:54
2026-07-13|11:00|banote club charenton|full body - micro lagree,2026-07-13,Lundi,11:00,12:00,Banote Club Charenton,FULL BODY - MICRO LAGREE,Tally,12,0,True,disponible,2026-07-07 09:54
2026-07-13|11:00|banote club paris 16e|full body - micro lagree,2026-07-13,Lundi,11:00,12:00,Banote Club Paris 16e,FULL BODY - MICRO LAGREE,Noa (Suppléant),12,0,True,disponible,2026-07-07 09:54
2026-07-13|12:00|banote club paris 16e|full body - micro lagree,2026-07-13,Lundi,12:00,13:00,Banote Club Paris 16e,FULL BODY - MICRO LAGREE,Noa (Suppléant),12,0,True,disponible,2026-07-07 09:54
2026-07-13|12:30|banote club charenton|full body - micro lagree,2026-07-13,Lundi,12:30,13:30,Banote Club Charenton,FULL BODY - MICRO LAGREE,Tally,12,0,True,disponible,2026-07-07 09:54
2026-07-13|13:00|banote club paris 16e|full body - micro lagree,2026-07-13,Lundi,13:00,14:00,Banote Club Paris 16e,FULL BODY - MICRO LAGREE,Noa (Suppléant),12,0,True,disponible,2026-07-07 09:54
2026-07-13|13:30|banote club charenton|full body - micro lagree,2026-07-13,Lundi,13:30,14:30,Banote Club Charenton,FULL BODY - MICRO LAGREE,Tally,12,0,True,disponible,2026-07-07 09:54
2026-07-13|17:00|banote club paris 16e|full body - micro lagree,2026-07-13,Lundi,17:00,18:00,Banote Club Paris 16e,FULL BODY - MICRO LAGREE,Tally (Suppléant),12,0,True,disponible,2026-07-07 09:54
2026-07-13|17:30|banote club charenton|full body - micro lagree,2026-07-13,Lundi,17:30,18:30,Banote Club Charenton,FULL BODY - MICRO LAGREE,Noa,12,0,True,disponible,2026-07-07 09:54
2026-07-13|18:00|banote club paris 16e|full body - micro lagree,2026-07-13,Lundi,18:00,19:00,Banote Club Paris 16e,FULL BODY - MICRO LAGREE,Tally (Suppléant),12,0,True,disponible,2026-07-07 09:54
2026-07-13|18:30|banote club charenton|full body - micro lagree,2026-07-13,Lundi,18:30,19:30,Banote Club Charenton,FULL BODY - MICRO LAGREE,Noa,12,0,True,disponible,2026-07-07 09:54
2026-07-13|19:00|banote club paris 16e|full body - micro lagree,2026-07-13,Lundi,19:00,20:00,Banote Club Paris 16e,FULL BODY - MICRO LAGREE,Tally (Suppléant),12,0,True,disponible,2026-07-07 09:54
2026-07-13|19:30|banote club charenton|full body - micro lagree,2026-07-13,Lundi,19:30,20:30,Banote Club Charenton,FULL BODY - MICRO LAGREE,Noa,12,0,True,disponible,2026-07-07 09:54
2026-07-13|20:00|banote club paris 16e|full body - micro lagree,2026-07-13,Lundi,20:00,21:00,Banote Club Paris 16e,FULL BODY - MICRO LAGREE,Tally (Suppléant),12,0,True,disponible,2026-07-07 09:54
2026-07-14|09:00|banote club paris 16e|full body - micro lagree,2026-07-14,Mardi,09:00,10:00,Banote Club Paris 16e,FULL BODY - MICRO LAGREE,Tally (Suppléant),12,0,True,disponible,2026-07-08 15:13
2026-07-14|10:00|banote club charenton|full body - micro lagree,2026-07-14,Mardi,10:00,11:00,Banote Club Charenton,FULL BODY - MICRO LAGREE,Noa,12,0,True,disponible,2026-07-08 15:13
2026-07-14|10:00|banote club paris 16e|full body - micro lagree,2026-07-14,Mardi,10:00,11:00,Banote Club Paris 16e,FULL BODY - MICRO LAGREE,Tally (Suppléant),12,0,True,disponible,2026-07-08 15:13
2026-07-14|11:00|banote club charenton|full body - micro lagree,2026-07-14,Mardi,11:00,12:00,Banote Club Charenton,FULL BODY - MICRO LAGREE,Noa,12,0,True,disponible,2026-07-08 15:13
2026-07-14|11:00|banote club paris 16e|full body - micro lagree,2026-07-14,Mardi,11:00,12:00,Banote Club Paris 16e,FULL BODY - MICRO LAGREE,Alexandra,12,0,True,disponible,2026-07-08 15:13
2026-07-14|12:00|banote club paris 16e|advanced full body - micro lagree,2026-07-14,Mardi,12:00,13:00,Banote Club Paris 16e,ADVANCED FULL BODY - MICRO LAGREE,Alexandra,12,0,True,disponible,2026-07-08 15:13
2026-07-14|12:30|banote club charenton|full body - micro lagree,2026-07-14,Mardi,12:30,13:30,Banote Club Charenton,FULL BODY - MICRO LAGREE,Noa,12,0,True,disponible,2026-07-08 15:13
2026-07-14|13:00|banote club paris 16e|advanced full body - micro lagree,2026-07-14,Mardi,13:00,14:00,Banote Club Paris 16e,ADVANCED FULL BODY - MICRO LAGREE,Alexandra,12,0,True,disponible,2026-07-08 15:13
2026-07-14|14:00|banote club paris 16e|full body - micro lagree,2026-07-14,Mardi,14:00,15:00,Banote Club Paris 16e,FULL BODY - MICRO LAGREE,Alexandra,12,0,True,disponible,2026-07-08 15:13
2026-07-14|17:30|banote club charenton|full body - micro lagree,2026-07-14,Mardi,17:30,18:30,Banote Club Charenton,FULL BODY - MICRO LAGREE,Marine (Suppléant),12,0,True,disponible,2026-07-08 15:13
2026-07-14|17:30|banote club paris 16e|full body - micro lagree,2026-07-14,Mardi,17:30,18:30,Banote Club Paris 16e,FULL BODY - MICRO LAGREE,Noa,12,0,True,disponible,2026-07-08 15:13
2026-07-14|18:30|banote club charenton|full body - micro lagree,2026-07-14,Mardi,18:30,19:30,Banote Club Charenton,FULL BODY - MICRO LAGREE,Marine (Suppléant),12,0,True,disponible,2026-07-08 15:13
2026-07-14|18:30|banote club paris 16e|full body - micro lagree,2026-07-14,Mardi,18:30,19:30,Banote Club Paris 16e,FULL BODY - MICRO LAGREE,Noa,12,0,True,disponible,2026-07-08 15:13
2026-07-14|19:30|banote club charenton|full body - micro lagree,2026-07-14,Mardi,19:30,20:30,Banote Club Charenton,FULL BODY - MICRO LAGREE,Marine (Suppléant),12,0,True,disponible,2026-07-08 15:13
2026-07-14|19:30|banote club paris 16e|full body - micro lagree,2026-07-14,Mardi,19:30,20:30,Banote Club Paris 16e,FULL BODY - MICRO LAGREE,Noa,12,0,True,disponible,2026-07-08 15:13
2026-07-14|20:30|banote club paris 16e|full body - micro lagree,2026-07-14,Mardi,20:30,21:30,Banote Club Paris 16e,FULL BODY - MICRO LAGREE,Noa,12,0,True,disponible,2026-07-08 15:13
2026-07-15|08:00|banote club paris 16e|full body - micro lagree,2026-07-15,Mercredi,08:00,09:00,Banote Club Paris 16e,FULL BODY - MICRO LAGREE,Tally (Suppléant),12,0,True,disponible,2026-07-09 16:11
2026-07-15|09:00|banote club paris 16e|full body - micro lagree,2026-07-15,Mercredi,09:00,10:00,Banote Club Paris 16e,FULL BODY - MICRO LAGREE,Tally (Suppléant),12,0,True,disponible,2026-07-09 16:11
2026-07-15|10:00|banote club charenton|full body - micro lagree,2026-07-15,Mercredi,10:00,11:00,Banote Club Charenton,FULL BODY - MICRO LAGREE,Marine,12,0,True,disponible,2026-07-09 16:11
2026-07-15|10:00|banote club paris 16e|full body - micro lagree,2026-07-15,Mercredi,10:00,11:00,Banote Club Paris 16e,FULL BODY - MICRO LAGREE,Tally (Suppléant),12,0,True,disponible,2026-07-09 16:11
2026-07-15|11:00|banote club paris 16e|full body - micro lagree,2026-07-15,Mercredi,11:00,12:00,Banote Club Paris 16e,FULL BODY - MICRO LAGREE,Noa (Suppléant),12,0,True,disponible,2026-07-09 16:11
2026-07-15|11:30|banote club charenton|full body - micro lagree,2026-07-15,Mercredi,11:30,12:30,Banote Club Charenton,FULL BODY - MICRO LAGREE,Marine,12,0,True,disponible,2026-07-09 16:11
2026-07-15|12:00|banote club paris 16e|full body - micro lagree,2026-07-15,Mercredi,12:00,13:00,Banote Club Paris 16e,FULL BODY - MICRO LAGREE,Noa (Suppléant),12,0,True,disponible,2026-07-09 16:11
2026-07-15|12:30|banote club charenton|full body - micro lagree,2026-07-15,Mercredi,12:30,13:30,Banote Club Charenton,FULL BODY - MICRO LAGREE,Marine,12,0,True,disponible,2026-07-09 16:11
2026-07-15|13:00|banote club paris 16e|full body - micro lagree,2026-07-15,Mercredi,13:00,14:00,Banote Club Paris 16e,FULL BODY - MICRO LAGREE,Noa (Suppléant),12,0,True,disponible,2026-07-09 16:11
2026-07-15|18:30|banote club charenton|full body - micro lagree,2026-07-15,Mercredi,18:30,19:30,Banote Club Charenton,FULL BODY - MICRO LAGREE,Noa,12,0,True,disponible,2026-07-09 16:11
2026-07-15|18:30|banote club paris 16e|full body - micro lagree,2026-07-15,Mercredi,18:30,19:30,Banote Club Paris 16e,FULL BODY - MICRO LAGREE,Alexandra,12,0,True,disponible,2026-07-09 16:11
2026-07-15|19:30|banote club charenton|full body - micro lagree,2026-07-15,Mercredi,19:30,20:30,Banote Club Charenton,FULL BODY - MICRO LAGREE,Noa,12,0,True,disponible,2026-07-09 16:11
2026-07-15|19:30|banote club paris 16e|full body - micro lagree,2026-07-15,Mercredi,19:30,20:30,Banote Club Paris 16e,FULL BODY - MICRO LAGREE,Alexandra,12,0,True,disponible,2026-07-09 16:11
2026-07-15|20:30|banote club charenton|full body - micro lagree,2026-07-15,Mercredi,20:30,21:30,Banote Club Charenton,FULL BODY - MICRO LAGREE,Noa,12,0,True,disponible,2026-07-09 16:11
2026-07-15|20:30|banote club paris 16e|full body - micro lagree,2026-07-15,Mercredi,20:30,21:30,Banote Club Paris 16e,FULL BODY - MICRO LAGREE,Alexandra,12,0,True,disponible,2026-07-09 16:11
2026-07-16|08:00|banote club paris 16e|full body - micro lagree,2026-07-16,Jeudi,08:00,09:00,Banote Club Paris 16e,FULL BODY - MICRO LAGREE,Alexandra (Suppléant),12,0,True,disponible,2026-07-10 21:52
2026-07-16|09:00|banote club paris 16e|full body - micro lagree,2026-07-16,Jeudi,09:00,10:00,Banote Club Paris 16e,FULL BODY - MICRO LAGREE,Alexandra (Suppléant),12,0,True,disponible,2026-07-10 21:52
2026-07-16|10:00|banote club charenton|full body - micro lagree,2026-07-16,Jeudi,10:00,11:00,Banote Club Charenton,FULL BODY - MICRO LAGREE,Noa,12,0,True,disponible,2026-07-11 13:21
2026-07-16|10:00|banote club paris 16e|full body - micro lagree,2026-07-16,Jeudi,10:00,11:00,Banote Club Paris 16e,FULL BODY - MICRO LAGREE,Alexandra (Suppléant),12,0,True,disponible,2026-07-10 21:52
2026-07-16|11:00|banote club charenton|full body - micro lagree,2026-07-16,Jeudi,11:00,12:00,Banote Club Charenton,FULL BODY - MICRO LAGREE,Noa,12,0,True,disponible,2026-07-11 13:21
2026-07-16|11:00|banote club paris 16e|full body - micro lagree,2026-07-16,Jeudi,11:00,12:00,Banote Club Paris 16e,FULL BODY - MICRO LAGREE,Alexandra,12,0,True,disponible,2026-07-10 21:52
2026-07-16|12:00|banote club paris 16e|advanced full body - micro lagree,2026-07-16,Jeudi,12:00,13:00,Banote Club Paris 16e,ADVANCED FULL BODY - MICRO LAGREE,Alexandra,12,0,True,disponible,2026-07-10 21:52
2026-07-16|12:30|banote club charenton|full body - micro lagree,2026-07-16,Jeudi,12:30,13:30,Banote Club Charenton,FULL BODY - MICRO LAGREE,Noa,12,0,True,disponible,2026-07-11 13:21
2026-07-16|13:00|banote club paris 16e|advanced full body - micro lagree,2026-07-16,Jeudi,13:00,14:00,Banote Club Paris 16e,ADVANCED FULL BODY - MICRO LAGREE,Alexandra,12,0,True,disponible,2026-07-10 21:52
2026-07-16|14:00|banote club paris 16e|full body - micro lagree,2026-07-16,Jeudi,14:00,15:00,Banote Club Paris 16e,FULL BODY - MICRO LAGREE,Alexandra,12,0,True,disponible,2026-07-10 21:52
2026-07-16|17:30|banote club charenton|full body - micro lagree,2026-07-16,Jeudi,17:30,18:30,Banote Club Charenton,FULL BODY - MICRO LAGREE,Noa (Suppléant),12,0,True,disponible,2026-07-11 13:21
2026-07-16|17:30|banote club paris 16e|full body - micro lagree,2026-07-16,Jeudi,17:30,18:30,Banote Club Paris 16e,FULL BODY - MICRO LAGREE,Alexandra (Suppléant),12,0,True,disponible,2026-07-10 21:52
2026-07-16|18:30|banote club charenton|full body - micro lagree,2026-07-16,Jeudi,18:30,19:30,Banote Club Charenton,FULL BODY - MICRO LAGREE,Noa (Suppléant),12,0,True,disponible,2026-07-11 13:21
2026-07-16|18:30|banote club paris 16e|full body - micro lagree,2026-07-16,Jeudi,18:30,19:30,Banote Club Paris 16e,FULL BODY - MICRO LAGREE,Alexandra (Suppléant),12,0,True,disponible,2026-07-10 21:52
2026-07-16|19:30|banote club charenton|full body - micro lagree,2026-07-16,Jeudi,19:30,20:30,Banote Club Charenton,FULL BODY - MICRO LAGREE,Noa (Suppléant),12,0,True,disponible,2026-07-11 13:21
2026-07-16|19:30|banote club paris 16e|full body - micro lagree,2026-07-16,Jeudi,19:30,20:30,Banote Club Paris 16e,FULL BODY - MICRO LAGREE,Alexandra (Suppléant),12,0,True,disponible,2026-07-10 21:52
2026-07-17|09:00|banote club charenton|full body - micro lagree,2026-07-17,Vendredi,09:00,10:00,Banote Club Charenton,FULL BODY - MICRO LAGREE,Tally,12,0,True,disponible,2026-07-11 13:21
2026-07-17|09:00|banote club paris 16e|full body - micro lagree,2026-07-17,Vendredi,09:00,10:00,Banote Club Paris 16e,FULL BODY - MICRO LAGREE,Alexandra,12,0,True,disponible,2026-07-11 10:29
2026-07-17|10:00|banote club charenton|full body - micro lagree,2026-07-17,Vendredi,10:00,11:00,Banote Club Charenton,FULL BODY - MICRO LAGREE,Tally,12,0,True,disponible,2026-07-11 13:21
2026-07-17|10:00|banote club paris 16e|full body - micro lagree,2026-07-17,Vendredi,10:00,11:00,Banote Club Paris 16e,FULL BODY - MICRO LAGREE,Alexandra,12,0,True,disponible,2026-07-11 10:29
2026-07-17|11:00|banote club charenton|full body - micro lagree,2026-07-17,Vendredi,11:00,12:00,Banote Club Charenton,FULL BODY - MICRO LAGREE,Tally,12,0,True,disponible,2026-07-11 13:21
2026-07-17|11:00|banote club paris 16e|full body - micro lagree,2026-07-17,Vendredi,11:00,12:00,Banote Club Paris 16e,FULL BODY - MICRO LAGREE,Alexandra,12,0,True,disponible,2026-07-11 10:29
2026-07-17|12:00|banote club paris 16e|full body - micro lagree,2026-07-17,Vendredi,12:00,13:00,Banote Club Paris 16e,FULL BODY - MICRO LAGREE,Alexandra (Suppléant),12,0,True,disponible,2026-07-11 10:29
2026-07-17|12:30|banote club charenton|full body - micro lagree,2026-07-17,Vendredi,12:30,13:30,Banote Club Charenton,FULL BODY - MICRO LAGREE,Noa,12,0,True,disponible,2026-07-11 13:21
2026-07-17|13:00|banote club paris 16e|full body - micro lagree,2026-07-17,Vendredi,13:00,14:00,Banote Club Paris 16e,FULL BODY - MICRO LAGREE,Alexandra (Suppléant),12,0,True,disponible,2026-07-11 10:29
2026-07-17|13:30|banote club charenton|full body - micro lagree,2026-07-17,Vendredi,13:30,14:30,Banote Club Charenton,FULL BODY - MICRO LAGREE,Noa,12,0,True,disponible,2026-07-11 13:21
2026-07-17|14:00|banote club paris 16e|full body - micro lagree,2026-07-17,Vendredi,14:00,15:00,Banote Club Paris 16e,FULL BODY - MICRO LAGREE,Alexandra (Suppléant),12,0,True,disponible,2026-07-11 10:29
2026-07-17|16:00|banote club paris 16e|full body - micro lagree,2026-07-17,Vendredi,16:00,17:00,Banote Club Paris 16e,FULL BODY - MICRO LAGREE,Noa,12,0,True,disponible,2026-07-11 10:29
2026-07-17|17:00|banote club paris 16e|full body - micro lagree,2026-07-17,Vendredi,17:00,18:00,Banote Club Paris 16e,FULL BODY - MICRO LAGREE,Noa,12,0,True,disponible,2026-07-11 10:29
2026-07-17|18:00|banote club paris 16e|full body - micro lagree,2026-07-17,Vendredi,18:00,19:00,Banote Club Paris 16e,FULL BODY - MICRO LAGREE,Noa,12,0,True,disponible,2026-07-11 10:29
2026-07-18|10:00|banote club paris 16e|full body - micro lagree,2026-07-18,Samedi,10:00,11:00,Banote Club Paris 16e,FULL BODY - MICRO LAGREE,Aya Rose,12,0,True,disponible,2026-07-13 20:05
2026-07-18|11:00|banote club paris 16e|full body - micro lagree,2026-07-18,Samedi,11:00,12:00,Banote Club Paris 16e,FULL BODY - MICRO LAGREE,Aya Rose,12,0,True,disponible,2026-07-13 20:05
2026-07-18|12:00|banote club paris 16e|full body - micro lagree,2026-07-18,Samedi,12:00,13:00,Banote Club Paris 16e,FULL BODY - MICRO LAGREE,Aya Rose,12,0,True,disponible,2026-07-13 20:05
2026-07-18|13:00|banote club paris 16e|full body - micro lagree,2026-07-18,Samedi,13:00,14:00,Banote Club Paris 16e,FULL BODY - MICRO LAGREE,Aya Rose,12,0,True,disponible,2026-07-13 20:05
2026-07-18|17:30|banote club paris 16e|full body - micro lagree,2026-07-18,Samedi,17:30,18:30,Banote Club Paris 16e,FULL BODY - MICRO LAGREE,Charlotte (Suppléant),12,0,True,disponible,2026-07-13 20:05
2026-07-18|18:30|banote club paris 16e|full body - micro lagree,2026-07-18,Samedi,18:30,19:30,Banote Club Paris 16e,FULL BODY - MICRO LAGREE,Charlotte (Suppléant),12,0,True,disponible,2026-07-13 20:05
2026-07-19|10:00|banote club charenton|full body - micro lagree,2026-07-19,Dimanche,10:00,11:00,Banote Club Charenton,FULL BODY - MICRO LAGREE,Noa,12,0,True,disponible,2026-07-13 20:05
2026-07-19|10:00|banote club paris 16e|advanced full body - micro lagree,2026-07-19,Dimanche,10:00,11:00,Banote Club Paris 16e,ADVANCED FULL BODY - MICRO LAGREE,Alexandra,12,0,True,disponible,2026-07-13 20:05
2026-07-19|11:00|banote club charenton|full body - micro lagree,2026-07-19,Dimanche,11:00,12:00,Banote Club Charenton,FULL BODY - MICRO LAGREE,Noa,12,0,True,disponible,2026-07-13 20:05
2026-07-19|11:00|banote club paris 16e|full body - micro lagree,2026-07-19,Dimanche,11:00,12:00,Banote Club Paris 16e,FULL BODY - MICRO LAGREE,Alexandra,12,0,True,disponible,2026-07-13 20:05
2026-07-19|12:00|banote club charenton|full body - micro lagree,2026-07-19,Dimanche,12:00,13:00,Banote Club Charenton,FULL BODY - MICRO LAGREE,Noa,12,0,True,disponible,2026-07-13 20:05
2026-07-19|12:00|banote club paris 16e|advanced full body - micro lagree,2026-07-19,Dimanche,12:00,13:00,Banote Club Paris 16e,ADVANCED FULL BODY - MICRO LAGREE,Alexandra,12,0,True,disponible,2026-07-13 20:05
2026-07-19|13:00|banote club charenton|full body - micro lagree,2026-07-19,Dimanche,13:00,14:00,Banote Club Charenton,FULL BODY - MICRO LAGREE,Noa,12,0,True,disponible,2026-07-13 20:05
2026-07-19|13:00|banote club paris 16e|advanced full body - micro lagree,2026-07-19,Dimanche,13:00,14:00,Banote Club Paris 16e,ADVANCED FULL BODY - MICRO LAGREE,Alexandra,12,0,True,disponible,2026-07-13 20:05
2026-07-19|16:30|banote club charenton|full body - micro lagree,2026-07-19,Dimanche,16:30,17:30,Banote Club Charenton,FULL BODY - MICRO LAGREE,Tally,12,0,True,disponible,2026-07-13 20:05
2026-07-19|17:00|banote club paris 16e|full body - micro lagree,2026-07-19,Dimanche,17:00,18:00,Banote Club Paris 16e,FULL BODY - MICRO LAGREE,Aya Rose,12,0,True,disponible,2026-07-13 20:05
2026-07-19|17:30|banote club charenton|full body - micro lagree,2026-07-19,Dimanche,17:30,18:30,Banote Club Charenton,FULL BODY - MICRO LAGREE,Tally,12,0,True,disponible,2026-07-13 20:05
2026-07-19|18:00|banote club paris 16e|full body - micro lagree,2026-07-19,Dimanche,18:00,19:00,Banote Club Paris 16e,FULL BODY - MICRO LAGREE,Aya Rose,12,0,True,disponible,2026-07-13 20:05
2026-07-19|19:00|banote club paris 16e|full body - micro lagree,2026-07-19,Dimanche,19:00,20:00,Banote Club Paris 16e,FULL BODY - MICRO LAGREE,Aya Rose,12,0,True,disponible,2026-07-13 20:05
2026-07-20|11:00|banote club charenton|full body - micro lagree,2026-07-20,Lundi,11:00,12:00,Banote Club Charenton,FULL BODY - MICRO LAGREE,Tally,12,0,True,disponible,2026-07-14 10:52
2026-07-20|11:00|banote club paris 16e|full body - micro lagree,2026-07-20,Lundi,11:00,12:00,Banote Club Paris 16e,FULL BODY - MICRO LAGREE,Noa (Suppléant),12,0,True,disponible,2026-07-14 10:52
2026-07-20|12:00|banote club paris 16e|full body - micro lagree,2026-07-20,Lundi,12:00,13:00,Banote Club Paris 16e,FULL BODY - MICRO LAGREE,Noa (Suppléant),12,0,True,disponible,2026-07-14 10:52
2026-07-20|12:30|banote club charenton|full body - micro lagree,2026-07-20,Lundi,12:30,13:30,Banote Club Charenton,FULL BODY - MICRO LAGREE,Tally,12,0,True,disponible,2026-07-14 10:52
2026-07-20|13:00|banote club paris 16e|full body - micro lagree,2026-07-20,Lundi,13:00,14:00,Banote Club Paris 16e,FULL BODY - MICRO LAGREE,Noa (Suppléant),12,0,True,disponible,2026-07-14 10:52
2026-07-20|13:30|banote club charenton|full body - micro lagree,2026-07-20,Lundi,13:30,14:30,Banote Club Charenton,FULL BODY - MICRO LAGREE,Tally,12,0,True,disponible,2026-07-14 10:52
2026-07-20|17:00|banote club paris 16e|full body - micro lagree,2026-07-20,Lundi,17:00,18:00,Banote Club Paris 16e,FULL BODY - MICRO LAGREE,Tally (Suppléant),12,0,True,disponible,2026-07-14 10:52
2026-07-20|17:30|banote club charenton|full body - micro lagree,2026-07-20,Lundi,17:30,18:30,Banote Club Charenton,FULL BODY - MICRO LAGREE,Noa,12,0,True,disponible,2026-07-14 10:52
2026-07-20|18:00|banote club paris 16e|full body - micro lagree,2026-07-20,Lundi,18:00,19:00,Banote Club Paris 16e,FULL BODY - MICRO LAGREE,Tally (Suppléant),12,0,True,disponible,2026-07-14 10:52
2026-07-20|18:30|banote club charenton|full body - micro lagree,2026-07-20,Lundi,18:30,19:30,Banote Club Charenton,FULL BODY - MICRO LAGREE,Noa,12,0,True,disponible,2026-07-14 10:52
2026-07-20|19:00|banote club paris 16e|full body - micro lagree,2026-07-20,Lundi,19:00,20:00,Banote Club Paris 16e,FULL BODY - MICRO LAGREE,Tally (Suppléant),12,0,True,disponible,2026-07-14 10:52
2026-07-20|19:30|banote club charenton|full body - micro lagree,2026-07-20,Lundi,19:30,20:30,Banote Club Charenton,FULL BODY - MICRO LAGREE,Noa,12,0,True,disponible,2026-07-14 10:52
2026-07-20|20:00|banote club paris 16e|full body - micro lagree,2026-07-20,Lundi,20:00,21:00,Banote Club Paris 16e,FULL BODY - MICRO LAGREE,Tally (Suppléant),12,0,True,disponible,2026-07-14 10:52
2026-07-21|09:00|banote club paris 16e|full body - micro lagree,2026-07-21,Mardi,09:00,10:00,Banote Club Paris 16e,FULL BODY - MICRO LAGREE,Golda (Suppléant),12,0,True,disponible,2026-07-15 18:06
2026-07-21|10:00|banote club charenton|full body - micro lagree,2026-07-21,Mardi,10:00,11:00,Banote Club Charenton,FULL BODY - MICRO LAGREE,Noa,12,0,True,disponible,2026-07-15 16:27
2026-07-21|10:00|banote club paris 16e|full body - micro lagree,2026-07-21,Mardi,10:00,11:00,Banote Club Paris 16e,FULL BODY - MICRO LAGREE,Golda (Suppléant),12,0,True,disponible,2026-07-15 18:06
2026-07-21|11:00|banote club charenton|full body - micro lagree,2026-07-21,Mardi,11:00,12:00,Banote Club Charenton,FULL BODY - MICRO LAGREE,Noa,12,0,True,disponible,2026-07-15 16:27
2026-07-21|11:00|banote club paris 16e|full body - micro lagree,2026-07-21,Mardi,11:00,12:00,Banote Club Paris 16e,FULL BODY - MICRO LAGREE,Alexandra,12,0,True,disponible,2026-07-15 18:06
2026-07-21|12:00|banote club paris 16e|advanced full body - micro lagree,2026-07-21,Mardi,12:00,13:00,Banote Club Paris 16e,ADVANCED FULL BODY - MICRO LAGREE,Alexandra,12,0,True,disponible,2026-07-15 18:06
2026-07-21|12:30|banote club charenton|full body - micro lagree,2026-07-21,Mardi,12:30,13:30,Banote Club Charenton,FULL BODY - MICRO LAGREE,Noa,12,0,True,disponible,2026-07-15 16:27
2026-07-21|13:00|banote club paris 16e|advanced full body - micro lagree,2026-07-21,Mardi,13:00,14:00,Banote Club Paris 16e,ADVANCED FULL BODY - MICRO LAGREE,Alexandra,12,0,True,disponible,2026-07-15 18:06
2026-07-21|14:00|banote club paris 16e|full body - micro lagree,2026-07-21,Mardi,14:00,15:00,Banote Club Paris 16e,FULL BODY - MICRO LAGREE,Alexandra,12,0,True,disponible,2026-07-15 18:06
2026-07-21|17:30|banote club charenton|full body - micro lagree,2026-07-21,Mardi,17:30,18:30,Banote Club Charenton,FULL BODY - MICRO LAGREE,Charlotte (Suppléant),12,0,True,disponible,2026-07-15 16:27
2026-07-21|17:30|banote club paris 16e|full body - micro lagree,2026-07-21,Mardi,17:30,18:30,Banote Club Paris 16e,FULL BODY - MICRO LAGREE,Noa,12,0,True,disponible,2026-07-15 18:06
2026-07-21|18:30|banote club charenton|full body - micro lagree,2026-07-21,Mardi,18:30,19:30,Banote Club Charenton,FULL BODY - MICRO LAGREE,Charlotte (Suppléant),12,0,True,disponible,2026-07-15 16:27
2026-07-21|18:30|banote club paris 16e|full body - micro lagree,2026-07-21,Mardi,18:30,19:30,Banote Club Paris 16e,FULL BODY - MICRO LAGREE,Noa,12,0,True,disponible,2026-07-15 18:06
2026-07-21|19:30|banote club charenton|full body - micro lagree,2026-07-21,Mardi,19:30,20:30,Banote Club Charenton,FULL BODY - MICRO LAGREE,Charlotte (Suppléant),12,0,True,disponible,2026-07-15 16:27
2026-07-21|19:30|banote club paris 16e|full body - micro lagree,2026-07-21,Mardi,19:30,20:30,Banote Club Paris 16e,FULL BODY - MICRO LAGREE,Noa,12,0,True,disponible,2026-07-15 18:06
2026-07-21|20:30|banote club paris 16e|full body - micro lagree,2026-07-21,Mardi,20:30,21:30,Banote Club Paris 16e,FULL BODY - MICRO LAGREE,Noa,12,0,True,disponible,2026-07-15 18:06
2026-07-22|08:00|banote club paris 16e|full body - micro lagree,2026-07-22,Mercredi,08:00,09:00,Banote Club Paris 16e,FULL BODY - MICRO LAGREE,Tally (Suppléant),12,0,True,disponible,2026-07-16 13:07
2026-07-22|09:00|banote club paris 16e|full body - micro lagree,2026-07-22,Mercredi,09:00,10:00,Banote Club Paris 16e,FULL BODY - MICRO LAGREE,Tally (Suppléant),12,0,True,disponible,2026-07-16 13:07
2026-07-22|10:00|banote club charenton|full body - micro lagree,2026-07-22,Mercredi,10:00,11:00,Banote Club Charenton,FULL BODY - MICRO LAGREE,Charlotte (Suppléant),12,0,True,disponible,2026-07-16 14:47
2026-07-22|10:00|banote club paris 16e|full body - micro lagree,2026-07-22,Mercredi,10:00,11:00,Banote Club Paris 16e,FULL BODY - MICRO LAGREE,Tally (Suppléant),12,0,True,disponible,2026-07-16 13:07
2026-07-22|11:00|banote club paris 16e|full body - micro lagree,2026-07-22,Mercredi,11:00,12:00,Banote Club Paris 16e,FULL BODY - MICRO LAGREE,Alexandra,12,0,True,disponible,2026-07-16 13:07
2026-07-22|11:30|banote club charenton|full body - micro lagree,2026-07-22,Mercredi,11:30,12:30,Banote Club Charenton,FULL BODY - MICRO LAGREE,Golda (Suppléant),12,0,True,disponible,2026-07-16 14:47
2026-07-22|12:00|banote club paris 16e|full body - micro lagree,2026-07-22,Mercredi,12:00,13:00,Banote Club Paris 16e,FULL BODY - MICRO LAGREE,Alexandra,12,0,True,disponible,2026-07-16 13:07
2026-07-22|12:30|banote club charenton|full body - micro lagree,2026-07-22,Mercredi,12:30,13:30,Banote Club Charenton,FULL BODY - MICRO LAGREE,Golda (Suppléant),12,0,True,disponible,2026-07-16 14:47
2026-07-22|13:00|banote club paris 16e|full body - micro lagree,2026-07-22,Mercredi,13:00,14:00,Banote Club Paris 16e,FULL BODY - MICRO LAGREE,Alexandra,12,0,True,disponible,2026-07-16 13:07
2026-07-22|18:30|banote club charenton|full body - micro lagree,2026-07-22,Mercredi,18:30,19:30,Banote Club Charenton,FULL BODY - MICRO LAGREE,Noa,12,0,True,disponible,2026-07-16 14:47
2026-07-22|18:30|banote club paris 16e|full body - micro lagree,2026-07-22,Mercredi,18:30,19:30,Banote Club Paris 16e,FULL BODY - MICRO LAGREE,Alexandra,12,0,True,disponible,2026-07-16 13:07
2026-07-22|19:30|banote club charenton|full body - micro lagree,2026-07-22,Mercredi,19:30,20:30,Banote Club Charenton,FULL BODY - MICRO LAGREE,Noa,12,0,True,disponible,2026-07-16 14:47
2026-07-22|19:30|banote club paris 16e|full body - micro lagree,2026-07-22,Mercredi,19:30,20:30,Banote Club Paris 16e,FULL BODY - MICRO LAGREE,Alexandra,12,0,True,disponible,2026-07-16 13:07
2026-07-22|20:30|banote club charenton|full body - micro lagree,2026-07-22,Mercredi,20:30,21:30,Banote Club Charenton,FULL BODY - MICRO LAGREE,Noa,12,0,True,disponible,2026-07-16 14:47
2026-07-22|20:30|banote club paris 16e|full body - micro lagree,2026-07-22,Mercredi,20:30,21:30,Banote Club Paris 16e,FULL BODY - MICRO LAGREE,Alexandra,12,0,True,disponible,2026-07-16 13:07
2026-07-23|08:00|banote club paris 16e|full body - micro lagree,2026-07-23,Jeudi,08:00,09:00,Banote Club Paris 16e,FULL BODY - MICRO LAGREE,Alexandra (Suppléant),12,0,True,disponible,2026-07-17 21:42
2026-07-23|09:00|banote club paris 16e|full body - micro lagree,2026-07-23,Jeudi,09:00,10:00,Banote Club Paris 16e,FULL BODY - MICRO LAGREE,Alexandra (Suppléant),12,0,True,disponible,2026-07-17 21:42
2026-07-23|10:00|banote club charenton|full body - micro lagree,2026-07-23,Jeudi,10:00,11:00,Banote Club Charenton,FULL BODY - MICRO LAGREE,Noa,12,0,True,disponible,2026-07-17 10:39
2026-07-23|10:00|banote club paris 16e|full body - micro lagree,2026-07-23,Jeudi,10:00,11:00,Banote Club Paris 16e,FULL BODY - MICRO LAGREE,Alexandra (Suppléant),12,0,True,disponible,2026-07-17 21:42
2026-07-23|11:00|banote club charenton|full body - micro lagree,2026-07-23,Jeudi,11:00,12:00,Banote Club Charenton,FULL BODY - MICRO LAGREE,Noa,12,0,True,disponible,2026-07-17 10:39
2026-07-23|11:00|banote club paris 16e|full body - micro lagree,2026-07-23,Jeudi,11:00,12:00,Banote Club Paris 16e,FULL BODY - MICRO LAGREE,Alexandra,12,0,True,disponible,2026-07-17 21:42
2026-07-23|12:00|banote club paris 16e|advanced full body - micro lagree,2026-07-23,Jeudi,12:00,13:00,Banote Club Paris 16e,ADVANCED FULL BODY - MICRO LAGREE,Alexandra,12,0,True,disponible,2026-07-17 21:42
2026-07-23|12:30|banote club charenton|full body - micro lagree,2026-07-23,Jeudi,12:30,13:30,Banote Club Charenton,FULL BODY - MICRO LAGREE,Noa,12,0,True,disponible,2026-07-17 10:39
2026-07-23|13:00|banote club paris 16e|advanced full body - micro lagree,2026-07-23,Jeudi,13:00,14:00,Banote Club Paris 16e,ADVANCED FULL BODY - MICRO LAGREE,Alexandra,12,0,True,disponible,2026-07-17 21:42
2026-07-23|14:00|banote club paris 16e|full body - micro lagree,2026-07-23,Jeudi,14:00,15:00,Banote Club Paris 16e,FULL BODY - MICRO LAGREE,Alexandra,12,0,True,disponible,2026-07-17 21:42
2026-07-23|17:30|banote club charenton|full body - micro lagree,2026-07-23,Jeudi,17:30,18:30,Banote Club Charenton,FULL BODY - MICRO LAGREE,Tally (Suppléant),12,0,True,disponible,2026-07-17 10:39
2026-07-23|17:30|banote club paris 16e|full body - micro lagree,2026-07-23,Jeudi,17:30,18:30,Banote Club Paris 16e,FULL BODY - MICRO LAGREE,Noa (Suppléant),12,0,True,disponible,2026-07-17 21:42
2026-07-23|18:30|banote club charenton|full body - micro lagree,2026-07-23,Jeudi,18:30,19:30,Banote Club Charenton,FULL BODY - MICRO LAGREE,Tally (Suppléant),12,0,True,disponible,2026-07-17 10:39
2026-07-23|18:30|banote club paris 16e|full body - micro lagree,2026-07-23,Jeudi,18:30,19:30,Banote Club Paris 16e,FULL BODY - MICRO LAGREE,Noa (Suppléant),12,0,True,disponible,2026-07-17 21:42
2026-07-23|19:30|banote club charenton|full body - micro lagree,2026-07-23,Jeudi,19:30,20:30,Banote Club Charenton,FULL BODY - MICRO LAGREE,Tally (Suppléant),12,0,True,disponible,2026-07-17 10:39
2026-07-23|19:30|banote club paris 16e|full body - micro lagree,2026-07-23,Jeudi,19:30,20:30,Banote Club Paris 16e,FULL BODY - MICRO LAGREE,Noa (Suppléant),12,0,True,disponible,2026-07-17 21:42
2026-07-24|09:00|banote club charenton|full body - micro lagree,2026-07-24,Vendredi,09:00,10:00,Banote Club Charenton,FULL BODY - MICRO LAGREE,Tally,12,0,True,disponible,2026-07-18 10:25
2026-07-24|09:00|banote club paris 16e|full body - micro lagree,2026-07-24,Vendredi,09:00,10:00,Banote Club Paris 16e,FULL BODY - MICRO LAGREE,Alexandra,12,0,True,disponible,2026-07-18 12:02
2026-07-24|10:00|banote club charenton|full body - micro lagree,2026-07-24,Vendredi,10:00,11:00,Banote Club Charenton,FULL BODY - MICRO LAGREE,Tally,12,0,True,disponible,2026-07-18 10:25
2026-07-24|10:00|banote club paris 16e|full body - micro lagree,2026-07-24,Vendredi,10:00,11:00,Banote Club Paris 16e,FULL BODY - MICRO LAGREE,Alexandra,12,0,True,disponible,2026-07-18 12:02
2026-07-24|11:00|banote club charenton|full body - micro lagree,2026-07-24,Vendredi,11:00,12:00,Banote Club Charenton,FULL BODY - MICRO LAGREE,Tally,12,0,True,disponible,2026-07-18 10:25
2026-07-24|11:00|banote club paris 16e|full body - micro lagree,2026-07-24,Vendredi,11:00,12:00,Banote Club Paris 16e,FULL BODY - MICRO LAGREE,Alexandra,12,0,True,disponible,2026-07-18 12:02
2026-07-24|12:00|banote club paris 16e|full body - micro lagree,2026-07-24,Vendredi,12:00,13:00,Banote Club Paris 16e,FULL BODY - MICRO LAGREE,Alexandra (Suppléant),12,0,True,disponible,2026-07-18 12:02
2026-07-24|12:30|banote club charenton|full body - micro lagree,2026-07-24,Vendredi,12:30,13:30,Banote Club Charenton,FULL BODY - MICRO LAGREE,Noa,12,0,True,disponible,2026-07-18 10:25
2026-07-24|13:00|banote club paris 16e|full body - micro lagree,2026-07-24,Vendredi,13:00,14:00,Banote Club Paris 16e,FULL BODY - MICRO LAGREE,Alexandra (Suppléant),12,0,True,disponible,2026-07-18 12:02
2026-07-24|13:30|banote club charenton|full body - micro lagree,2026-07-24,Vendredi,13:30,14:30,Banote Club Charenton,FULL BODY - MICRO LAGREE,Noa,12,0,True,disponible,2026-07-18 10:25
2026-07-24|13:30|banote club charenton|full body – micro lagree | invite your partner,2026-07-24,Vendredi,13:30,14:30,Banote Club Charenton,FULL BODY – MICRO LAGREE | INVITE YOUR PARTNER,Noa,12,0,True,disponible,2026-07-23 11:12
2026-07-24|14:00|banote club paris 16e|full body - micro lagree,2026-07-24,Vendredi,14:00,15:00,Banote Club Paris 16e,FULL BODY - MICRO LAGREE,Alexandra (Suppléant),12,0,True,disponible,2026-07-18 12:02
2026-07-24|16:00|banote club paris 16e|full body - micro lagree,2026-07-24,Vendredi,16:00,17:00,Banote Club Paris 16e,FULL BODY - MICRO LAGREE,Noa,12,0,True,disponible,2026-07-18 12:02
2026-07-24|17:00|banote club paris 16e|full body - micro lagree,2026-07-24,Vendredi,17:00,18:00,Banote Club Paris 16e,FULL BODY - MICRO LAGREE,Noa,12,0,True,disponible,2026-07-18 12:02
2026-07-24|18:00|banote club paris 16e|full body - micro lagree,2026-07-24,Vendredi,18:00,19:00,Banote Club Paris 16e,FULL BODY - MICRO LAGREE,Noa,12,0,True,disponible,2026-07-18 12:02
2026-07-25|10:00|banote club paris 16e|full body - micro lagree,2026-07-25,Samedi,10:00,11:00,Banote Club Paris 16e,FULL BODY - MICRO LAGREE,Mel (Suppléant),12,0,True,disponible,2026-07-19 12:58
2026-07-25|11:00|banote club paris 16e|full body - micro lagree,2026-07-25,Samedi,11:00,12:00,Banote Club Paris 16e,FULL BODY - MICRO LAGREE,Mel (Suppléant),12,0,True,disponible,2026-07-19 12:58
2026-07-25|12:00|banote club paris 16e|full body - micro lagree,2026-07-25,Samedi,12:00,13:00,Banote Club Paris 16e,FULL BODY - MICRO LAGREE,Mel (Suppléant),12,0,True,disponible,2026-07-19 12:58
2026-07-25|13:00|banote club paris 16e|full body - micro lagree,2026-07-25,Samedi,13:00,14:00,Banote Club Paris 16e,FULL BODY - MICRO LAGREE,Mel (Suppléant),12,0,True,disponible,2026-07-19 12:58
2026-07-25|17:30|banote club paris 16e|full body - micro lagree,2026-07-25,Samedi,17:30,18:30,Banote Club Paris 16e,FULL BODY - MICRO LAGREE,Mel (Suppléant),12,0,True,disponible,2026-07-19 12:58
2026-07-25|18:30|banote club paris 16e|full body - micro lagree,2026-07-25,Samedi,18:30,19:30,Banote Club Paris 16e,FULL BODY - MICRO LAGREE,Mel (Suppléant),12,0,True,disponible,2026-07-19 12:58
2026-07-26|10:00|banote club charenton|full body - micro lagree,2026-07-26,Dimanche,10:00,11:00,Banote Club Charenton,FULL BODY - MICRO LAGREE,Noa,12,0,True,disponible,2026-07-20 16:53
2026-07-26|10:00|banote club paris 16e|advanced full body - micro lagree,2026-07-26,Dimanche,10:00,11:00,Banote Club Paris 16e,ADVANCED FULL BODY - MICRO LAGREE,Alexandra,12,0,True,disponible,2026-07-20 14:36
2026-07-26|11:00|banote club charenton|full body - micro lagree,2026-07-26,Dimanche,11:00,12:00,Banote Club Charenton,FULL BODY - MICRO LAGREE,Noa,12,0,True,disponible,2026-07-20 16:53
2026-07-26|11:00|banote club paris 16e|full body - micro lagree,2026-07-26,Dimanche,11:00,12:00,Banote Club Paris 16e,FULL BODY - MICRO LAGREE,Alexandra,12,0,True,disponible,2026-07-20 14:36
2026-07-26|12:00|banote club charenton|full body - micro lagree,2026-07-26,Dimanche,12:00,13:00,Banote Club Charenton,FULL BODY - MICRO LAGREE,Noa,12,0,True,disponible,2026-07-20 16:53
2026-07-26|12:00|banote club paris 16e|advanced full body - micro lagree,2026-07-26,Dimanche,12:00,13:00,Banote Club Paris 16e,ADVANCED FULL BODY - MICRO LAGREE,Alexandra,12,0,True,disponible,2026-07-20 14:36
2026-07-26|13:00|banote club charenton|full body - micro lagree,2026-07-26,Dimanche,13:00,14:00,Banote Club Charenton,FULL BODY - MICRO LAGREE,Noa,12,0,True,disponible,2026-07-20 16:53
2026-07-26|13:00|banote club paris 16e|advanced full body - micro lagree,2026-07-26,Dimanche,13:00,14:00,Banote Club Paris 16e,ADVANCED FULL BODY - MICRO LAGREE,Alexandra,12,0,True,disponible,2026-07-20 14:36
2026-07-26|16:30|banote club charenton|full body - micro lagree,2026-07-26,Dimanche,16:30,17:30,Banote Club Charenton,FULL BODY - MICRO LAGREE,Charlotte (Suppléant),12,0,True,disponible,2026-07-20 16:53
2026-07-26|17:00|banote club paris 16e|full body - micro lagree,2026-07-26,Dimanche,17:00,18:00,Banote Club Paris 16e,FULL BODY - MICRO LAGREE,Mel (Suppléant),12,0,True,disponible,2026-07-20 14:36
2026-07-26|17:30|banote club charenton|full body - micro lagree,2026-07-26,Dimanche,17:30,18:30,Banote Club Charenton,FULL BODY - MICRO LAGREE,Charlotte (Suppléant),12,0,True,disponible,2026-07-20 16:53
2026-07-26|18:00|banote club paris 16e|full body - micro lagree,2026-07-26,Dimanche,18:00,19:00,Banote Club Paris 16e,FULL BODY - MICRO LAGREE,Mel (Suppléant),12,0,True,disponible,2026-07-20 14:36
2026-07-26|19:00|banote club paris 16e|full body - micro lagree,2026-07-26,Dimanche,19:00,20:00,Banote Club Paris 16e,FULL BODY - MICRO LAGREE,Mel (Suppléant),12,0,True,disponible,2026-07-20 14:36
2026-07-27|11:00|banote club charenton|full body - micro lagree,2026-07-27,Lundi,11:00,12:00,Banote Club Charenton,FULL BODY - MICRO LAGREE,Marine (Suppléant),12,0,True,disponible,2026-07-21 13:26
2026-07-27|11:00|banote club paris 16e|full body - micro lagree,2026-07-27,Lundi,11:00,12:00,Banote Club Paris 16e,FULL BODY - MICRO LAGREE,Noa (Suppléant),12,0,True,disponible,2026-07-21 11:15
2026-07-27|12:00|banote club paris 16e|full body - micro lagree,2026-07-27,Lundi,12:00,13:00,Banote Club Paris 16e,FULL BODY - MICRO LAGREE,Noa (Suppléant),12,0,True,disponible,2026-07-21 11:15
2026-07-27|12:30|banote club charenton|full body - micro lagree,2026-07-27,Lundi,12:30,13:30,Banote Club Charenton,FULL BODY - MICRO LAGREE,Marine (Suppléant),12,0,True,disponible,2026-07-21 13:26
2026-07-27|13:00|banote club paris 16e|full body - micro lagree,2026-07-27,Lundi,13:00,14:00,Banote Club Paris 16e,FULL BODY - MICRO LAGREE,Noa (Suppléant),12,0,True,disponible,2026-07-21 11:15
2026-07-27|13:30|banote club charenton|full body - micro lagree,2026-07-27,Lundi,13:30,14:30,Banote Club Charenton,FULL BODY - MICRO LAGREE,Marine (Suppléant),12,0,True,disponible,2026-07-21 13:26
2026-07-27|17:00|banote club paris 16e|full body - micro lagree,2026-07-27,Lundi,17:00,18:00,Banote Club Paris 16e,FULL BODY - MICRO LAGREE,Alexandra (Suppléant),12,0,True,disponible,2026-07-21 11:15
2026-07-27|17:30|banote club charenton|full body - micro lagree,2026-07-27,Lundi,17:30,18:30,Banote Club Charenton,FULL BODY - MICRO LAGREE,Noa,12,0,True,disponible,2026-07-21 13:26
2026-07-27|18:00|banote club paris 16e|full body - micro lagree,2026-07-27,Lundi,18:00,19:00,Banote Club Paris 16e,FULL BODY - MICRO LAGREE,Alexandra (Suppléant),12,0,True,disponible,2026-07-21 11:15
2026-07-27|18:30|banote club charenton|full body - micro lagree,2026-07-27,Lundi,18:30,19:30,Banote Club Charenton,FULL BODY - MICRO LAGREE,Noa,12,0,True,disponible,2026-07-21 13:26
2026-07-27|19:00|banote club paris 16e|full body - micro lagree,2026-07-27,Lundi,19:00,20:00,Banote Club Paris 16e,FULL BODY - MICRO LAGREE,Alexandra (Suppléant),12,0,True,disponible,2026-07-21 11:15
2026-07-27|19:30|banote club charenton|full body - micro lagree,2026-07-27,Lundi,19:30,20:30,Banote Club Charenton,FULL BODY - MICRO LAGREE,Noa,12,0,True,disponible,2026-07-21 13:26
2026-07-27|20:00|banote club paris 16e|full body - micro lagree,2026-07-27,Lundi,20:00,21:00,Banote Club Paris 16e,FULL BODY - MICRO LAGREE,Alexandra (Suppléant),12,0,True,disponible,2026-07-21 11:15
2026-07-28|09:00|banote club paris 16e|full body - micro lagree,2026-07-28,Mardi,09:00,10:00,Banote Club Paris 16e,FULL BODY - MICRO LAGREE,Alexandra (Suppléant),12,0,True,disponible,2026-07-22 13:27
2026-07-28|10:00|banote club charenton|full body - micro lagree,2026-07-28,Mardi,10:00,11:00,Banote Club Charenton,FULL BODY - MICRO LAGREE,Noa,12,0,True,disponible,2026-07-22 15:06
2026-07-28|10:00|banote club paris 16e|full body - micro lagree,2026-07-28,Mardi,10:00,11:00,Banote Club Paris 16e,FULL BODY - MICRO LAGREE,Alexandra (Suppléant),12,0,True,disponible,2026-07-22 13:27
2026-07-28|11:00|banote club charenton|full body - micro lagree,2026-07-28,Mardi,11:00,12:00,Banote Club Charenton,FULL BODY - MICRO LAGREE,Noa,12,0,True,disponible,2026-07-22 15:06
2026-07-28|11:00|banote club paris 16e|full body - micro lagree,2026-07-28,Mardi,11:00,12:00,Banote Club Paris 16e,FULL BODY - MICRO LAGREE,Alexandra,12,0,True,disponible,2026-07-22 13:27
2026-07-28|12:00|banote club paris 16e|advanced full body - micro lagree,2026-07-28,Mardi,12:00,13:00,Banote Club Paris 16e,ADVANCED FULL BODY - MICRO LAGREE,Alexandra,12,0,True,disponible,2026-07-22 13:27
2026-07-28|12:30|banote club charenton|full body - micro lagree,2026-07-28,Mardi,12:30,13:30,Banote Club Charenton,FULL BODY - MICRO LAGREE,Noa,12,0,True,disponible,2026-07-22 15:06
2026-07-28|13:00|banote club paris 16e|advanced full body - micro lagree,2026-07-28,Mardi,13:00,14:00,Banote Club Paris 16e,ADVANCED FULL BODY - MICRO LAGREE,Alexandra,12,0,True,disponible,2026-07-22 13:27
2026-07-28|14:00|banote club paris 16e|full body - micro lagree,2026-07-28,Mardi,14:00,15:00,Banote Club Paris 16e,FULL BODY - MICRO LAGREE,Alexandra,12,0,True,disponible,2026-07-22 13:27
2026-07-28|17:30|banote club charenton|full body - micro lagree,2026-07-28,Mardi,17:30,18:30,Banote Club Charenton,FULL BODY - MICRO LAGREE,Marine (Suppléant),12,0,True,disponible,2026-07-22 15:06
2026-07-28|17:30|banote club paris 16e|full body - micro lagree,2026-07-28,Mardi,17:30,18:30,Banote Club Paris 16e,FULL BODY - MICRO LAGREE,Noa,12,0,True,disponible,2026-07-22 13:27
2026-07-28|18:30|banote club charenton|full body - micro lagree,2026-07-28,Mardi,18:30,19:30,Banote Club Charenton,FULL BODY - MICRO LAGREE,Marine (Suppléant),12,0,True,disponible,2026-07-22 15:06
2026-07-28|18:30|banote club paris 16e|full body - micro lagree,2026-07-28,Mardi,18:30,19:30,Banote Club Paris 16e,FULL BODY - MICRO LAGREE,Noa,12,12,True,complet,2026-07-22 13:27
2026-07-28|19:30|banote club charenton|full body - micro lagree,2026-07-28,Mardi,19:30,20:30,Banote Club Charenton,FULL BODY - MICRO LAGREE,Marine (Suppléant),12,0,True,disponible,2026-07-22 15:06
2026-07-28|19:30|banote club paris 16e|full body - micro lagree,2026-07-28,Mardi,19:30,20:30,Banote Club Paris 16e,FULL BODY - MICRO LAGREE,Noa,12,0,True,disponible,2026-07-22 13:27
2026-07-28|20:30|banote club paris 16e|full body - micro lagree,2026-07-28,Mardi,20:30,21:30,Banote Club Paris 16e,FULL BODY - MICRO LAGREE,Noa,12,0,True,disponible,2026-07-22 13:27
2026-07-29|09:00|banote club paris 16e|full body - micro lagree,2026-07-29,Mercredi,09:00,10:00,Banote Club Paris 16e,FULL BODY - MICRO LAGREE,Noa (Suppléant),12,0,True,disponible,2026-07-24 11:07
2026-07-29|10:00|banote club charenton|full body - micro lagree,2026-07-29,Mercredi,10:00,11:00,Banote Club Charenton,FULL BODY - MICRO LAGREE,Marine,12,0,True,disponible,2026-07-23 11:12
2026-07-29|10:00|banote club paris 16e|full body - micro lagree,2026-07-29,Mercredi,10:00,11:00,Banote Club Paris 16e,FULL BODY - MICRO LAGREE,Noa (Suppléant),12,0,True,disponible,2026-07-24 11:07
2026-07-29|11:00|banote club paris 16e|full body - micro lagree,2026-07-29,Mercredi,11:00,12:00,Banote Club Paris 16e,FULL BODY - MICRO LAGREE,Noa (Suppléant),12,0,True,disponible,2026-07-24 11:07
2026-07-29|11:30|banote club charenton|full body - micro lagree,2026-07-29,Mercredi,11:30,12:30,Banote Club Charenton,FULL BODY - MICRO LAGREE,Marine,12,0,True,disponible,2026-07-23 11:12
2026-07-29|12:00|banote club paris 16e|full body - micro lagree,2026-07-29,Mercredi,12:00,13:00,Banote Club Paris 16e,FULL BODY - MICRO LAGREE,Noa (Suppléant),12,0,True,disponible,2026-07-24 11:07
2026-07-29|12:30|banote club charenton|full body - micro lagree,2026-07-29,Mercredi,12:30,13:30,Banote Club Charenton,FULL BODY - MICRO LAGREE,Marine,12,0,True,disponible,2026-07-23 11:12
2026-07-29|13:00|banote club paris 16e|full body - micro lagree,2026-07-29,Mercredi,13:00,14:00,Banote Club Paris 16e,FULL BODY - MICRO LAGREE,Noa (Suppléant),12,0,True,disponible,2026-07-24 11:07
2026-07-29|18:30|banote club charenton|full body - micro lagree,2026-07-29,Mercredi,18:30,19:30,Banote Club Charenton,FULL BODY - MICRO LAGREE,Noa,12,0,True,disponible,2026-07-23 11:12
2026-07-29|18:30|banote club paris 16e|full body - micro lagree,2026-07-29,Mercredi,18:30,19:30,Banote Club Paris 16e,FULL BODY - MICRO LAGREE,Lola (Suppléant),12,0,True,disponible,2026-07-24 11:07
2026-07-29|19:30|banote club charenton|full body - micro lagree,2026-07-29,Mercredi,19:30,20:30,Banote Club Charenton,FULL BODY - MICRO LAGREE,Noa,12,0,True,disponible,2026-07-23 11:12
2026-07-29|19:30|banote club paris 16e|full body - micro lagree,2026-07-29,Mercredi,19:30,20:30,Banote Club Paris 16e,FULL BODY - MICRO LAGREE,Lola (Suppléant),12,0,True,disponible,2026-07-24 11:07
2026-07-29|20:30|banote club charenton|full body - micro lagree,2026-07-29,Mercredi,20:30,21:30,Banote Club Charenton,FULL BODY - MICRO LAGREE,Noa,12,0,True,disponible,2026-07-23 11:12
2026-07-29|20:30|banote club paris 16e|full body - micro lagree,2026-07-29,Mercredi,20:30,21:30,Banote Club Paris 16e,FULL BODY - MICRO LAGREE,Lola (Suppléant),12,0,True,disponible,2026-07-24 11:07
2026-07-30|08:00|banote club paris 16e|full body - micro lagree,2026-07-30,Jeudi,08:00,09:00,Banote Club Paris 16e,FULL BODY - MICRO LAGREE,Lola (Suppléant),12,0,True,disponible,2026-07-24 11:07
2026-07-30|09:00|banote club paris 16e|full body - micro lagree,2026-07-30,Jeudi,09:00,10:00,Banote Club Paris 16e,FULL BODY - MICRO LAGREE,Lola (Suppléant),12,0,True,disponible,2026-07-24 11:07
2026-07-30|10:00|banote club charenton|full body - micro lagree,2026-07-30,Jeudi,10:00,11:00,Banote Club Charenton,FULL BODY - MICRO LAGREE,Noa,12,0,True,disponible,2026-07-24 22:38
2026-07-30|10:00|banote club paris 16e|full body - micro lagree,2026-07-30,Jeudi,10:00,11:00,Banote Club Paris 16e,FULL BODY - MICRO LAGREE,Lola (Suppléant),12,0,True,disponible,2026-07-24 11:07
2026-07-30|11:00|banote club charenton|full body - micro lagree,2026-07-30,Jeudi,11:00,12:00,Banote Club Charenton,FULL BODY - MICRO LAGREE,Noa,12,0,True,disponible,2026-07-24 22:38
2026-07-30|11:00|banote club paris 16e|full body - micro lagree,2026-07-30,Jeudi,11:00,12:00,Banote Club Paris 16e,FULL BODY - MICRO LAGREE,Sarah (Suppléant),12,0,True,disponible,2026-07-24 11:07
2026-07-30|12:00|banote club paris 16e|advanced full body - micro lagree,2026-07-30,Jeudi,12:00,13:00,Banote Club Paris 16e,ADVANCED FULL BODY - MICRO LAGREE,Sarah (Suppléant),12,0,True,disponible,2026-07-24 11:07
2026-07-30|12:30|banote club charenton|full body - micro lagree,2026-07-30,Jeudi,12:30,13:30,Banote Club Charenton,FULL BODY - MICRO LAGREE,Noa,12,0,True,disponible,2026-07-24 22:38
2026-07-30|13:00|banote club paris 16e|advanced full body - micro lagree,2026-07-30,Jeudi,13:00,14:00,Banote Club Paris 16e,ADVANCED FULL BODY - MICRO LAGREE,Sarah (Suppléant),12,0,True,disponible,2026-07-24 11:07
2026-07-30|14:00|banote club paris 16e|full body - micro lagree,2026-07-30,Jeudi,14:00,15:00,Banote Club Paris 16e,FULL BODY - MICRO LAGREE,Alexandra,12,0,True,disponible,2026-07-24 11:07
2026-07-30|17:30|banote club charenton|full body - micro lagree,2026-07-30,Jeudi,17:30,18:30,Banote Club Charenton,FULL BODY - MICRO LAGREE,Noa (Suppléant),12,0,True,disponible,2026-07-24 22:38
2026-07-30|17:30|banote club paris 16e|full body - micro lagree,2026-07-30,Jeudi,17:30,18:30,Banote Club Paris 16e,FULL BODY - MICRO LAGREE,Mel (Suppléant),12,0,True,disponible,2026-07-24 11:07
2026-07-30|18:30|banote club charenton|full body - micro lagree,2026-07-30,Jeudi,18:30,19:30,Banote Club Charenton,FULL BODY - MICRO LAGREE,Noa (Suppléant),12,0,True,disponible,2026-07-24 22:38
2026-07-30|18:30|banote club paris 16e|full body - micro lagree,2026-07-30,Jeudi,18:30,19:30,Banote Club Paris 16e,FULL BODY - MICRO LAGREE,Mel (Suppléant),12,0,True,disponible,2026-07-24 11:07
2026-07-30|19:30|banote club charenton|full body - micro lagree,2026-07-30,Jeudi,19:30,20:30,Banote Club Charenton,FULL BODY - MICRO LAGREE,Noa (Suppléant),12,0,True,disponible,2026-07-24 22:38
2026-07-30|19:30|banote club paris 16e|full body - micro lagree,2026-07-30,Jeudi,19:30,20:30,Banote Club Paris 16e,FULL BODY - MICRO LAGREE,Mel (Suppléant),12,0,True,disponible,2026-07-24 11:07
2026-07-31|09:00|banote club charenton|full body - micro lagree,2026-07-31,Vendredi,09:00,10:00,Banote Club Charenton,FULL BODY - MICRO LAGREE,Noa (Suppléant),12,0,True,disponible,2026-07-25 08:26
2026-07-31|09:00|banote club paris 16e|full body - micro lagree,2026-07-31,Vendredi,09:00,10:00,Banote Club Paris 16e,FULL BODY - MICRO LAGREE,Alexandra,12,0,True,disponible,2026-07-25 18:29
2026-07-31|10:00|banote club charenton|full body - micro lagree,2026-07-31,Vendredi,10:00,11:00,Banote Club Charenton,FULL BODY - MICRO LAGREE,Noa (Suppléant),12,0,True,disponible,2026-07-25 08:26
2026-07-31|10:00|banote club paris 16e|full body - micro lagree,2026-07-31,Vendredi,10:00,11:00,Banote Club Paris 16e,FULL BODY - MICRO LAGREE,Alexandra,12,0,True,disponible,2026-07-25 18:29
2026-07-31|11:00|banote club charenton|full body - micro lagree,2026-07-31,Vendredi,11:00,12:00,Banote Club Charenton,FULL BODY - MICRO LAGREE,Noa (Suppléant),12,0,True,disponible,2026-07-25 08:26
2026-07-31|11:00|banote club paris 16e|full body - micro lagree,2026-07-31,Vendredi,11:00,12:00,Banote Club Paris 16e,FULL BODY - MICRO LAGREE,Alexandra,12,0,True,disponible,2026-07-25 18:29
2026-07-31|12:00|banote club paris 16e|full body - micro lagree,2026-07-31,Vendredi,12:00,13:00,Banote Club Paris 16e,FULL BODY - MICRO LAGREE,Mel (Suppléant),12,0,True,disponible,2026-07-25 18:29
2026-07-31|12:30|banote club charenton|full body - micro lagree,2026-07-31,Vendredi,12:30,13:30,Banote Club Charenton,FULL BODY - MICRO LAGREE,Noa,12,0,True,disponible,2026-07-25 08:26
2026-07-31|13:00|banote club paris 16e|full body - micro lagree,2026-07-31,Vendredi,13:00,14:00,Banote Club Paris 16e,FULL BODY - MICRO LAGREE,Mel (Suppléant),12,0,True,disponible,2026-07-25 18:29
2026-07-31|13:30|banote club charenton|full body - micro lagree,2026-07-31,Vendredi,13:30,14:30,Banote Club Charenton,FULL BODY - MICRO LAGREE,Noa,12,0,True,disponible,2026-07-25 08:26
2026-07-31|14:00|banote club paris 16e|full body - micro lagree,2026-07-31,Vendredi,14:00,15:00,Banote Club Paris 16e,FULL BODY - MICRO LAGREE,Mel (Suppléant),12,0,True,disponible,2026-07-25 18:29
2026-07-31|16:00|banote club paris 16e|full body - micro lagree,2026-07-31,Vendredi,16:00,17:00,Banote Club Paris 16e,FULL BODY - MICRO LAGREE,Noa,12,0,True,disponible,2026-07-25 18:29
2026-07-31|17:00|banote club paris 16e|full body - micro lagree,2026-07-31,Vendredi,17:00,18:00,Banote Club Paris 16e,FULL BODY - MICRO LAGREE,Noa,12,0,True,disponible,2026-07-25 18:29
2026-07-31|18:00|banote club paris 16e|full body - micro lagree,2026-07-31,Vendredi,18:00,19:00,Banote Club Paris 16e,FULL BODY - MICRO LAGREE,Noa,12,0,True,disponible,2026-07-25 18:29
2026-08-01|10:00|banote club paris 16e|full body - micro lagree,2026-08-01,Samedi,10:00,11:00,Banote Club Paris 16e,FULL BODY - MICRO LAGREE,Aya Rose,12,0,True,disponible,2026-07-26 08:50
2026-08-01|11:00|banote club paris 16e|full body - micro lagree,2026-08-01,Samedi,11:00,12:00,Banote Club Paris 16e,FULL BODY - MICRO LAGREE,Aya Rose,12,0,True,disponible,2026-07-26 08:50
2026-08-01|12:00|banote club paris 16e|full body - micro lagree,2026-08-01,Samedi,12:00,13:00,Banote Club Paris 16e,FULL BODY - MICRO LAGREE,Aya Rose,12,0,True,disponible,2026-07-26 08:50
2026-08-01|13:00|banote club paris 16e|full body - micro lagree,2026-08-01,Samedi,13:00,14:00,Banote Club Paris 16e,FULL BODY - MICRO LAGREE,Aya Rose,12,0,True,disponible,2026-07-26 08:50
2026-08-01|17:30|banote club paris 16e|full body - micro lagree,2026-08-01,Samedi,17:30,18:30,Banote Club Paris 16e,FULL BODY - MICRO LAGREE,Charlotte (Suppléant),12,0,True,disponible,2026-07-26 08:50
2026-08-01|18:30|banote club paris 16e|full body - micro lagree,2026-08-01,Samedi,18:30,19:30,Banote Club Paris 16e,FULL BODY - MICRO LAGREE,Charlotte (Suppléant),12,0,True,disponible,2026-07-26 08:50
2026-08-02|10:00|banote club charenton|full body - micro lagree,2026-08-02,Dimanche,10:00,11:00,Banote Club Charenton,FULL BODY - MICRO LAGREE,Noa,12,0,True,disponible,2026-07-27 09:46
2026-08-02|10:00|banote club paris 16e|advanced full body - micro lagree,2026-08-02,Dimanche,10:00,11:00,Banote Club Paris 16e,ADVANCED FULL BODY - MICRO LAGREE,Alexandra,12,0,True,disponible,2026-07-27 15:56
2026-08-02|11:00|banote club charenton|full body - micro lagree,2026-08-02,Dimanche,11:00,12:00,Banote Club Charenton,FULL BODY - MICRO LAGREE,Noa,12,0,True,disponible,2026-07-27 09:46
2026-08-02|11:00|banote club paris 16e|full body - micro lagree,2026-08-02,Dimanche,11:00,12:00,Banote Club Paris 16e,FULL BODY - MICRO LAGREE,Alexandra,12,0,True,disponible,2026-07-27 15:56
2026-08-02|12:00|banote club charenton|full body - micro lagree,2026-08-02,Dimanche,12:00,13:00,Banote Club Charenton,FULL BODY - MICRO LAGREE,Noa,12,0,True,disponible,2026-07-27 09:46
2026-08-02|12:00|banote club paris 16e|advanced full body - micro lagree,2026-08-02,Dimanche,12:00,13:00,Banote Club Paris 16e,ADVANCED FULL BODY - MICRO LAGREE,Alexandra,12,0,True,disponible,2026-07-27 15:56
2026-08-02|13:00|banote club charenton|full body - micro lagree,2026-08-02,Dimanche,13:00,14:00,Banote Club Charenton,FULL BODY - MICRO LAGREE,Noa,12,0,True,disponible,2026-07-27 09:46
2026-08-02|13:00|banote club paris 16e|advanced full body - micro lagree,2026-08-02,Dimanche,13:00,14:00,Banote Club Paris 16e,ADVANCED FULL BODY - MICRO LAGREE,Alexandra,12,0,True,disponible,2026-07-27 15:56
2026-08-02|16:30|banote club charenton|full body - micro lagree,2026-08-02,Dimanche,16:30,17:30,Banote Club Charenton,FULL BODY - MICRO LAGREE,Tally,12,0,True,disponible,2026-07-27 09:46
2026-08-02|17:00|banote club paris 16e|full body - micro lagree,2026-08-02,Dimanche,17:00,18:00,Banote Club Paris 16e,FULL BODY - MICRO LAGREE,Charlotte (Suppléant),12,0,True,disponible,2026-07-27 15:56
2026-08-02|17:30|banote club charenton|full body - micro lagree,2026-08-02,Dimanche,17:30,18:30,Banote Club Charenton,FULL BODY - MICRO LAGREE,Tally,12,0,True,disponible,2026-07-27 09:46
2026-08-02|18:00|banote club paris 16e|full body - micro lagree,2026-08-02,Dimanche,18:00,19:00,Banote Club Paris 16e,FULL BODY - MICRO LAGREE,Charlotte (Suppléant),12,0,True,disponible,2026-07-27 15:56
2026-08-02|19:00|banote club paris 16e|full body - micro lagree,2026-08-02,Dimanche,19:00,20:00,Banote Club Paris 16e,FULL BODY - MICRO LAGREE,Charlotte (Suppléant),12,0,True,disponible,2026-07-27 15:56
2026-08-03|11:00|banote club charenton|full body - micro lagree,2026-08-03,Lundi,11:00,12:00,Banote Club Charenton,FULL BODY - MICRO LAGREE,Noa (Suppléant),12,0,True,disponible,2026-07-28 11:21
2026-08-03|11:00|banote club paris 16e|full body - micro lagree,2026-08-03,Lundi,11:00,12:00,Banote Club Paris 16e,FULL BODY - MICRO LAGREE,Mel (Suppléant),12,0,True,disponible,2026-07-28 17:57
2026-08-03|12:00|banote club paris 16e|full body - micro lagree,2026-08-03,Lundi,12:00,13:00,Banote Club Paris 16e,FULL BODY - MICRO LAGREE,Mel (Suppléant),12,0,True,disponible,2026-07-28 17:57
2026-08-03|12:30|banote club charenton|full body - micro lagree,2026-08-03,Lundi,12:30,13:30,Banote Club Charenton,FULL BODY - MICRO LAGREE,Noa (Suppléant),12,0,True,disponible,2026-07-28 11:21
2026-08-03|13:00|banote club paris 16e|full body - micro lagree,2026-08-03,Lundi,13:00,14:00,Banote Club Paris 16e,FULL BODY - MICRO LAGREE,Mel (Suppléant),12,0,True,disponible,2026-07-28 17:57
2026-08-03|13:30|banote club charenton|full body - micro lagree,2026-08-03,Lundi,13:30,14:30,Banote Club Charenton,FULL BODY - MICRO LAGREE,Noa (Suppléant),12,0,True,disponible,2026-07-28 11:21
2026-08-03|17:00|banote club paris 16e|full body - micro lagree,2026-08-03,Lundi,17:00,18:00,Banote Club Paris 16e,FULL BODY - MICRO LAGREE,Golda (Suppléant),12,0,True,disponible,2026-07-28 17:57
2026-08-03|17:30|banote club charenton|full body - micro lagree,2026-08-03,Lundi,17:30,18:30,Banote Club Charenton,FULL BODY - MICRO LAGREE,Noa,12,0,True,disponible,2026-07-28 11:21
2026-08-03|18:00|banote club paris 16e|full body - micro lagree,2026-08-03,Lundi,18:00,19:00,Banote Club Paris 16e,FULL BODY - MICRO LAGREE,Golda (Suppléant),12,0,True,disponible,2026-07-28 17:57
2026-08-03|18:30|banote club charenton|full body - micro lagree,2026-08-03,Lundi,18:30,19:30,Banote Club Charenton,FULL BODY - MICRO LAGREE,Noa,12,0,True,disponible,2026-07-28 11:21
2026-08-03|19:00|banote club paris 16e|full body - micro lagree,2026-08-03,Lundi,19:00,20:00,Banote Club Paris 16e,FULL BODY - MICRO LAGREE,Golda (Suppléant),12,0,True,disponible,2026-07-28 17:57
2026-08-03|19:30|banote club charenton|full body - micro lagree,2026-08-03,Lundi,19:30,20:30,Banote Club Charenton,FULL BODY - MICRO LAGREE,Noa,12,0,True,disponible,2026-07-28 11:21
2026-08-03|20:00|banote club paris 16e|full body - micro lagree,2026-08-03,Lundi,20:00,21:00,Banote Club Paris 16e,FULL BODY - MICRO LAGREE,Golda (Suppléant),12,0,True,disponible,2026-07-28 17:57
2026-08-04|09:00|banote club paris 16e|full body - micro lagree,2026-08-04,Mardi,09:00,10:00,Banote Club Paris 16e,FULL BODY - MICRO LAGREE,Mel (Suppléant),12,0,True,disponible,2026-07-29 11:46
2026-08-04|10:00|banote club charenton|full body - micro lagree,2026-08-04,Mardi,10:00,11:00,Banote Club Charenton,FULL BODY - MICRO LAGREE,Sarah (Suppléant),12,0,True,disponible,2026-07-29 08:41
2026-08-04|10:00|banote club paris 16e|full body - micro lagree,2026-08-04,Mardi,10:00,11:00,Banote Club Paris 16e,FULL BODY - MICRO LAGREE,Mel (Suppléant),12,0,True,disponible,2026-07-29 11:46
2026-08-04|11:00|banote club charenton|full body - micro lagree,2026-08-04,Mardi,11:00,12:00,Banote Club Charenton,FULL BODY - MICRO LAGREE,Sarah (Suppléant),12,0,True,disponible,2026-07-29 08:41
2026-08-04|11:00|banote club paris 16e|full body - micro lagree,2026-08-04,Mardi,11:00,12:00,Banote Club Paris 16e,FULL BODY - MICRO LAGREE,Mel (Suppléant),12,0,True,disponible,2026-07-29 11:46
2026-08-04|12:00|banote club paris 16e|advanced full body - micro lagree,2026-08-04,Mardi,12:00,13:00,Banote Club Paris 16e,ADVANCED FULL BODY - MICRO LAGREE,Mel (Suppléant),12,0,True,disponible,2026-07-29 11:46
2026-08-04|12:30|banote club charenton|full body - micro lagree,2026-08-04,Mardi,12:30,13:30,Banote Club Charenton,FULL BODY - MICRO LAGREE,Sarah (Suppléant),12,0,True,disponible,2026-07-29 08:41
2026-08-04|13:00|banote club paris 16e|advanced full body - micro lagree,2026-08-04,Mardi,13:00,14:00,Banote Club Paris 16e,ADVANCED FULL BODY - MICRO LAGREE,Mel (Suppléant),12,0,True,disponible,2026-07-29 11:46
2026-08-04|14:00|banote club paris 16e|full body - micro lagree,2026-08-04,Mardi,14:00,15:00,Banote Club Paris 16e,FULL BODY - MICRO LAGREE,Mel (Suppléant),12,0,True,disponible,2026-07-29 11:46
2026-08-04|17:30|banote club charenton|full body - micro lagree,2026-08-04,Mardi,17:30,18:30,Banote Club Charenton,FULL BODY - MICRO LAGREE,Charlotte (Suppléant),12,0,True,disponible,2026-07-29 08:41
2026-08-04|17:30|banote club paris 16e|full body - micro lagree,2026-08-04,Mardi,17:30,18:30,Banote Club Paris 16e,FULL BODY - MICRO LAGREE,Noa,12,0,True,disponible,2026-07-29 11:46
2026-08-04|18:30|banote club charenton|full body - micro lagree,2026-08-04,Mardi,18:30,19:30,Banote Club Charenton,FULL BODY - MICRO LAGREE,Charlotte (Suppléant),12,0,True,disponible,2026-07-29 08:41
2026-08-04|18:30|banote club paris 16e|full body - micro lagree,2026-08-04,Mardi,18:30,19:30,Banote Club Paris 16e,FULL BODY - MICRO LAGREE,Noa,12,0,True,disponible,2026-07-29 11:46
2026-08-04|19:30|banote club charenton|full body - micro lagree,2026-08-04,Mardi,19:30,20:30,Banote Club Charenton,FULL BODY - MICRO LAGREE,Charlotte (Suppléant),12,0,True,disponible,2026-07-29 08:41
2026-08-04|19:30|banote club paris 16e|full body - micro lagree,2026-08-04,Mardi,19:30,20:30,Banote Club Paris 16e,FULL BODY - MICRO LAGREE,Noa,12,0,True,disponible,2026-07-29 11:46
2026-08-04|20:30|banote club charenton|full body - micro lagree,2026-08-04,Mardi,20:30,21:30,Banote Club Charenton,FULL BODY - MICRO LAGREE,Lola,12,0,True,disponible,2026-08-04 16:35
2026-08-04|20:30|banote club paris 16e|full body - micro lagree,2026-08-04,Mardi,20:30,21:30,Banote Club Paris 16e,FULL BODY - MICRO LAGREE,Noa,12,0,True,disponible,2026-07-29 11:46
2026-08-05|09:00|banote club paris 16e|full body - micro lagree,2026-08-05,Mercredi,09:00,10:00,Banote Club Paris 16e,FULL BODY - MICRO LAGREE,Noa (Suppléant),12,0,True,disponible,2026-07-30 13:30
2026-08-05|10:00|banote club charenton|full body - micro lagree,2026-08-05,Mercredi,10:00,11:00,Banote Club Charenton,FULL BODY - MICRO LAGREE,Sarah (Suppléant),12,0,True,disponible,2026-07-30 19:11
2026-08-05|10:00|banote club paris 16e|full body - micro lagree,2026-08-05,Mercredi,10:00,11:00,Banote Club Paris 16e,FULL BODY - MICRO LAGREE,Noa (Suppléant),12,0,True,disponible,2026-07-30 13:30
2026-08-05|11:00|banote club paris 16e|full body - micro lagree,2026-08-05,Mercredi,11:00,12:00,Banote Club Paris 16e,FULL BODY - MICRO LAGREE,Noa (Suppléant),12,0,True,disponible,2026-07-30 13:30
2026-08-05|11:30|banote club charenton|full body - micro lagree,2026-08-05,Mercredi,11:30,12:30,Banote Club Charenton,FULL BODY - MICRO LAGREE,Sarah (Suppléant),12,0,True,disponible,2026-07-30 19:11
2026-08-05|12:30|banote club charenton|full body - micro lagree,2026-08-05,Mercredi,12:30,13:30,Banote Club Charenton,FULL BODY - MICRO LAGREE,Sarah (Suppléant),12,0,True,disponible,2026-07-30 19:11
2026-08-05|18:30|banote club charenton|full body - micro lagree,2026-08-05,Mercredi,18:30,19:30,Banote Club Charenton,FULL BODY - MICRO LAGREE,Noa,12,0,True,disponible,2026-07-30 19:11
2026-08-05|18:30|banote club paris 16e|full body - micro lagree,2026-08-05,Mercredi,18:30,19:30,Banote Club Paris 16e,FULL BODY - MICRO LAGREE,Mel (Suppléant),12,0,True,disponible,2026-07-30 13:30
2026-08-05|19:30|banote club charenton|full body - micro lagree,2026-08-05,Mercredi,19:30,20:30,Banote Club Charenton,FULL BODY - MICRO LAGREE,Noa,12,0,True,disponible,2026-07-30 19:11
2026-08-05|19:30|banote club paris 16e|full body - micro lagree,2026-08-05,Mercredi,19:30,20:30,Banote Club Paris 16e,FULL BODY - MICRO LAGREE,Mel (Suppléant),12,0,True,disponible,2026-07-30 13:30
2026-08-05|20:30|banote club charenton|full body - micro lagree,2026-08-05,Mercredi,20:30,21:30,Banote Club Charenton,FULL BODY - MICRO LAGREE,Noa,12,0,True,disponible,2026-07-30 19:11
2026-08-05|20:30|banote club paris 16e|full body - micro lagree,2026-08-05,Mercredi,20:30,21:30,Banote Club Paris 16e,FULL BODY - MICRO LAGREE,Mel (Suppléant),12,0,True,disponible,2026-07-30 13:30
2026-08-06|09:00|banote club paris 16e|full body - micro lagree,2026-08-06,Jeudi,09:00,10:00,Banote Club Paris 16e,FULL BODY - MICRO LAGREE,Noa (Suppléant),12,0,True,disponible,2026-07-31 11:50
2026-08-06|10:00|banote club charenton|full body - micro lagree,2026-08-06,Jeudi,10:00,11:00,Banote Club Charenton,FULL BODY - MICRO LAGREE,Sarah (Suppléant),12,0,True,disponible,2026-07-31 08:52
2026-08-06|10:00|banote club paris 16e|full body - micro lagree,2026-08-06,Jeudi,10:00,11:00,Banote Club Paris 16e,FULL BODY - MICRO LAGREE,Noa (Suppléant),12,0,True,disponible,2026-07-31 11:50
2026-08-06|11:00|banote club charenton|full body - micro lagree,2026-08-06,Jeudi,11:00,12:00,Banote Club Charenton,FULL BODY - MICRO LAGREE,Sarah (Suppléant),12,0,True,disponible,2026-07-31 08:52
2026-08-06|11:00|banote club paris 16e|full body - micro lagree,2026-08-06,Jeudi,11:00,12:00,Banote Club Paris 16e,FULL BODY - MICRO LAGREE,Noa,12,0,True,disponible,2026-07-31 11:50
2026-08-06|12:00|banote club paris 16e|full body - micro lagree,2026-08-06,Jeudi,12:00,13:00,Banote Club Paris 16e,FULL BODY - MICRO LAGREE,Noa,12,0,True,disponible,2026-07-31 11:50
2026-08-06|12:30|banote club charenton|full body - micro lagree,2026-08-06,Jeudi,12:30,13:30,Banote Club Charenton,FULL BODY - MICRO LAGREE,Sarah (Suppléant),12,0,True,disponible,2026-07-31 08:52
2026-08-06|13:00|banote club paris 16e|full body - micro lagree,2026-08-06,Jeudi,13:00,14:00,Banote Club Paris 16e,FULL BODY - MICRO LAGREE,Noa,12,0,True,disponible,2026-07-31 11:50
2026-08-06|17:30|banote club charenton|full body - micro lagree,2026-08-06,Jeudi,17:30,18:30,Banote Club Charenton,FULL BODY - MICRO LAGREE,Noa (Suppléant),12,0,True,disponible,2026-07-31 08:52
2026-08-06|17:30|banote club paris 16e|full body - micro lagree,2026-08-06,Jeudi,17:30,18:30,Banote Club Paris 16e,FULL BODY - MICRO LAGREE,Mel (Suppléant),12,0,True,disponible,2026-07-31 11:50
2026-08-06|18:30|banote club charenton|full body - micro lagree,2026-08-06,Jeudi,18:30,19:30,Banote Club Charenton,FULL BODY - MICRO LAGREE,Noa (Suppléant),12,0,True,disponible,2026-07-31 08:52
2026-08-06|18:30|banote club paris 16e|full body - micro lagree,2026-08-06,Jeudi,18:30,19:30,Banote Club Paris 16e,FULL BODY - MICRO LAGREE,Mel (Suppléant),12,0,True,disponible,2026-07-31 11:50
2026-08-06|19:30|banote club charenton|full body - micro lagree,2026-08-06,Jeudi,19:30,20:30,Banote Club Charenton,FULL BODY - MICRO LAGREE,Noa (Suppléant),12,0,True,disponible,2026-07-31 08:52
2026-08-06|19:30|banote club paris 16e|full body - micro lagree,2026-08-06,Jeudi,19:30,20:30,Banote Club Paris 16e,FULL BODY - MICRO LAGREE,Mel (Suppléant),12,0,True,disponible,2026-07-31 11:50
2026-08-07|09:00|banote club charenton|full body - micro lagree,2026-08-07,Vendredi,09:00,10:00,Banote Club Charenton,FULL BODY - MICRO LAGREE,Noa (Suppléant),12,0,True,disponible,2026-08-01 18:33
2026-08-07|09:00|banote club paris 16e|full body - micro lagree,2026-08-07,Vendredi,09:00,10:00,Banote Club Paris 16e,FULL BODY - MICRO LAGREE,Sarah (Suppléant),12,0,True,disponible,2026-08-01 08:38
2026-08-07|10:00|banote club charenton|full body - micro lagree,2026-08-07,Vendredi,10:00,11:00,Banote Club Charenton,FULL BODY - MICRO LAGREE,Noa (Suppléant),12,0,True,disponible,2026-08-01 18:33
2026-08-07|10:00|banote club paris 16e|full body - micro lagree,2026-08-07,Vendredi,10:00,11:00,Banote Club Paris 16e,FULL BODY - MICRO LAGREE,Sarah (Suppléant),12,0,True,disponible,2026-08-01 08:38
2026-08-07|11:00|banote club charenton|full body - micro lagree,2026-08-07,Vendredi,11:00,12:00,Banote Club Charenton,FULL BODY - MICRO LAGREE,Noa (Suppléant),12,0,True,disponible,2026-08-01 18:33
2026-08-07|11:00|banote club paris 16e|full body - micro lagree,2026-08-07,Vendredi,11:00,12:00,Banote Club Paris 16e,FULL BODY - MICRO LAGREE,Sarah (Suppléant),12,0,True,disponible,2026-08-01 08:38
2026-08-07|12:00|banote club paris 16e|full body - micro lagree,2026-08-07,Vendredi,12:00,13:00,Banote Club Paris 16e,FULL BODY - MICRO LAGREE,Sarah (Suppléant),12,0,True,disponible,2026-08-01 08:38
2026-08-07|12:30|banote club charenton|full body - micro lagree,2026-08-07,Vendredi,12:30,13:30,Banote Club Charenton,FULL BODY - MICRO LAGREE,Noa,12,0,True,disponible,2026-08-01 18:33
2026-08-07|13:00|banote club paris 16e|full body - micro lagree,2026-08-07,Vendredi,13:00,14:00,Banote Club Paris 16e,FULL BODY - MICRO LAGREE,Sarah (Suppléant),12,0,True,disponible,2026-08-01 08:38
2026-08-07|13:30|banote club charenton|full body - micro lagree,2026-08-07,Vendredi,13:30,14:30,Banote Club Charenton,FULL BODY - MICRO LAGREE,Noa,12,0,True,disponible,2026-08-01 18:33
2026-08-07|16:00|banote club paris 16e|full body - micro lagree,2026-08-07,Vendredi,16:00,17:00,Banote Club Paris 16e,FULL BODY - MICRO LAGREE,Charlotte (Suppléant),12,0,True,disponible,2026-08-01 08:38
2026-08-07|17:00|banote club paris 16e|full body - micro lagree,2026-08-07,Vendredi,17:00,18:00,Banote Club Paris 16e,FULL BODY - MICRO LAGREE,Charlotte (Suppléant),12,0,True,disponible,2026-08-01 08:38
2026-08-07|18:00|banote club paris 16e|full body - micro lagree,2026-08-07,Vendredi,18:00,19:00,Banote Club Paris 16e,FULL BODY - MICRO LAGREE,Charlotte (Suppléant),12,0,True,disponible,2026-08-01 08:38
2026-08-08|10:00|banote club paris 16e|full body - micro lagree,2026-08-08,Samedi,10:00,11:00,Banote Club Paris 16e,FULL BODY - MICRO LAGREE,Golda (Suppléant),12,0,True,disponible,2026-08-02 20:36
2026-08-08|11:00|banote club paris 16e|full body - micro lagree,2026-08-08,Samedi,11:00,12:00,Banote Club Paris 16e,FULL BODY - MICRO LAGREE,Golda (Suppléant),12,0,True,disponible,2026-08-02 20:36
2026-08-08|12:00|banote club paris 16e|full body - micro lagree,2026-08-08,Samedi,12:00,13:00,Banote Club Paris 16e,FULL BODY - MICRO LAGREE,Golda (Suppléant),12,0,True,disponible,2026-08-02 20:36
2026-08-08|13:00|banote club paris 16e|full body - micro lagree,2026-08-08,Samedi,13:00,14:00,Banote Club Paris 16e,FULL BODY - MICRO LAGREE,Golda (Suppléant),12,0,True,disponible,2026-08-02 20:36
2026-08-08|17:30|banote club paris 16e|full body - micro lagree,2026-08-08,Samedi,17:30,18:30,Banote Club Paris 16e,FULL BODY - MICRO LAGREE,Rachel,12,0,True,disponible,2026-08-02 20:36
2026-08-08|18:30|banote club paris 16e|full body - micro lagree,2026-08-08,Samedi,18:30,19:30,Banote Club Paris 16e,FULL BODY - MICRO LAGREE,Rachel,12,0,True,disponible,2026-08-02 20:36
2026-08-09|10:00|banote club charenton|full body - micro lagree,2026-08-09,Dimanche,10:00,11:00,Banote Club Charenton,FULL BODY - MICRO LAGREE,Noa,12,0,True,disponible,2026-08-03 18:36
2026-08-09|10:00|banote club paris 16e|advanced full body - micro lagree,2026-08-09,Dimanche,10:00,11:00,Banote Club Paris 16e,ADVANCED FULL BODY - MICRO LAGREE,Tally (Suppléant),12,0,True,disponible,2026-08-03 18:36
2026-08-09|11:00|banote club charenton|full body - micro lagree,2026-08-09,Dimanche,11:00,12:00,Banote Club Charenton,FULL BODY - MICRO LAGREE,Noa,12,0,True,disponible,2026-08-03 18:36
2026-08-09|11:00|banote club paris 16e|full body - micro lagree,2026-08-09,Dimanche,11:00,12:00,Banote Club Paris 16e,FULL BODY - MICRO LAGREE,Tally (Suppléant),12,0,True,disponible,2026-08-03 18:36
2026-08-09|12:00|banote club charenton|full body - micro lagree,2026-08-09,Dimanche,12:00,13:00,Banote Club Charenton,FULL BODY - MICRO LAGREE,Noa,12,0,True,disponible,2026-08-03 18:36
2026-08-09|12:00|banote club paris 16e|advanced full body - micro lagree,2026-08-09,Dimanche,12:00,13:00,Banote Club Paris 16e,ADVANCED FULL BODY - MICRO LAGREE,Tally (Suppléant),12,0,True,disponible,2026-08-03 18:36
2026-08-09|13:00|banote club charenton|full body - micro lagree,2026-08-09,Dimanche,13:00,14:00,Banote Club Charenton,FULL BODY - MICRO LAGREE,Noa,12,0,True,disponible,2026-08-03 18:36
2026-08-09|13:00|banote club paris 16e|advanced full body - micro lagree,2026-08-09,Dimanche,13:00,14:00,Banote Club Paris 16e,ADVANCED FULL BODY - MICRO LAGREE,Tally (Suppléant),12,0,True,disponible,2026-08-03 18:36
2026-08-09|16:30|banote club charenton|full body - micro lagree,2026-08-09,Dimanche,16:30,17:30,Banote Club Charenton,FULL BODY - MICRO LAGREE,Tally,12,0,True,disponible,2026-08-03 18:36
2026-08-09|17:00|banote club paris 16e|full body - micro lagree,2026-08-09,Dimanche,17:00,18:00,Banote Club Paris 16e,FULL BODY - MICRO LAGREE,Aya Rose,12,0,True,disponible,2026-08-03 18:36
2026-08-09|17:30|banote club charenton|full body - micro lagree,2026-08-09,Dimanche,17:30,18:30,Banote Club Charenton,FULL BODY - MICRO LAGREE,Tally,12,0,True,disponible,2026-08-03 18:36
2026-08-09|18:00|banote club paris 16e|full body - micro lagree,2026-08-09,Dimanche,18:00,19:00,Banote Club Paris 16e,FULL BODY - MICRO LAGREE,Aya Rose,12,0,True,disponible,2026-08-03 18:36
2026-08-09|19:00|banote club paris 16e|full body - micro lagree,2026-08-09,Dimanche,19:00,20:00,Banote Club Paris 16e,FULL BODY - MICRO LAGREE,Aya Rose,12,0,True,disponible,2026-08-03 18:36
2026-08-24|11:00|banote club charenton|full body - micro lagree,2026-08-24,Lundi,11:00,12:00,Banote Club Charenton,FULL BODY - MICRO LAGREE,Tally,12,0,True,disponible,2026-08-18 11:44
2026-08-24|11:00|banote club charenton|lagree full body — women only,2026-08-24,Lundi,11:00,12:00,Banote Club Charenton,LAGREE FULL BODY — WOMEN ONLY,Tally,12,0,True,disponible,2026-08-22 17:32
2026-08-24|11:00|banote club paris 16e|full body - micro lagree,2026-08-24,Lundi,11:00,12:00,Banote Club Paris 16e,FULL BODY - MICRO LAGREE,Alexandra (Suppléant),12,0,True,disponible,2026-08-18 11:44
2026-08-24|11:00|banote club paris 16e|lagree full body — women only,2026-08-24,Lundi,11:00,12:00,Banote Club Paris 16e,LAGREE FULL BODY — WOMEN ONLY,Alexandra (Suppléant),12,0,True,disponible,2026-08-22 16:33
2026-08-24|12:00|banote club paris 16e|full body - micro lagree,2026-08-24,Lundi,12:00,13:00,Banote Club Paris 16e,FULL BODY - MICRO LAGREE,Alexandra (Suppléant),12,0,True,disponible,2026-08-18 11:44
2026-08-24|12:00|banote club paris 16e|lagree full body — women only,2026-08-24,Lundi,12:00,13:00,Banote Club Paris 16e,LAGREE FULL BODY — WOMEN ONLY,Alexandra (Suppléant),12,0,True,disponible,2026-08-22 16:33
2026-08-24|12:30|banote club charenton|full body - micro lagree,2026-08-24,Lundi,12:30,13:30,Banote Club Charenton,FULL BODY - MICRO LAGREE,Tally,12,0,True,disponible,2026-08-18 11:44
2026-08-24|12:30|banote club charenton|lagree full body — women only,2026-08-24,Lundi,12:30,13:30,Banote Club Charenton,LAGREE FULL BODY — WOMEN ONLY,Tally,12,0,True,disponible,2026-08-22 17:32
2026-08-24|13:00|banote club paris 16e|full body - micro lagree,2026-08-24,Lundi,13:00,14:00,Banote Club Paris 16e,FULL BODY - MICRO LAGREE,Alexandra (Suppléant),12,0,True,disponible,2026-08-18 11:44
2026-08-24|13:00|banote club paris 16e|lagree full body — women only,2026-08-24,Lundi,13:00,14:00,Banote Club Paris 16e,LAGREE FULL BODY — WOMEN ONLY,Alexandra (Suppléant),12,0,True,disponible,2026-08-22 16:33
2026-08-24|13:30|banote club charenton|full body - micro lagree,2026-08-24,Lundi,13:30,14:30,Banote Club Charenton,FULL BODY - MICRO LAGREE,Tally,12,0,True,disponible,2026-08-18 11:44
2026-08-24|13:30|banote club charenton|lagree full body — women only,2026-08-24,Lundi,13:30,14:30,Banote Club Charenton,LAGREE FULL BODY — WOMEN ONLY,Tally,12,0,True,disponible,2026-08-22 17:32
2026-08-24|17:30|banote club charenton|full body - micro lagree,2026-08-24,Lundi,17:30,18:30,Banote Club Charenton,FULL BODY - MICRO LAGREE,Noa,12,0,True,disponible,2026-08-18 11:44
2026-08-24|17:30|banote club charenton|lagree full body — women only,2026-08-24,Lundi,17:30,18:30,Banote Club Charenton,LAGREE FULL BODY — WOMEN ONLY,Charlotte (Suppléant),12,0,True,disponible,2026-08-22 17:32
2026-08-24|18:00|banote club paris 16e|full body - micro lagree,2026-08-24,Lundi,18:00,19:00,Banote Club Paris 16e,FULL BODY - MICRO LAGREE,Alexandra (Suppléant),12,0,True,disponible,2026-08-18 11:44
2026-08-24|18:00|banote club paris 16e|lagree full body — women only,2026-08-24,Lundi,18:00,19:00,Banote Club Paris 16e,LAGREE FULL BODY — WOMEN ONLY,Alexandra (Suppléant),12,0,True,disponible,2026-08-22 16:33
2026-08-24|18:30|banote club charenton|full body - micro lagree,2026-08-24,Lundi,18:30,19:30,Banote Club Charenton,FULL BODY - MICRO LAGREE,Noa,12,0,True,disponible,2026-08-18 11:44
2026-08-24|18:30|banote club charenton|lagree full body — women only,2026-08-24,Lundi,18:30,19:30,Banote Club Charenton,LAGREE FULL BODY — WOMEN ONLY,Charlotte (Suppléant),12,0,True,disponible,2026-08-22 17:32
2026-08-24|19:00|banote club paris 16e|full body - micro lagree,2026-08-24,Lundi,19:00,20:00,Banote Club Paris 16e,FULL BODY - MICRO LAGREE,Alexandra (Suppléant),12,0,True,disponible,2026-08-18 11:44
2026-08-24|19:00|banote club paris 16e|lagree full body — women only,2026-08-24,Lundi,19:00,20:00,Banote Club Paris 16e,LAGREE FULL BODY — WOMEN ONLY,Alexandra (Suppléant),12,0,True,disponible,2026-08-22 16:33
2026-08-24|19:30|banote club charenton|full body - micro lagree,2026-08-24,Lundi,19:30,20:30,Banote Club Charenton,FULL BODY - MICRO LAGREE,Noa,12,0,True,disponible,2026-08-18 11:44
2026-08-24|19:30|banote club charenton|lagree full body — women only,2026-08-24,Lundi,19:30,20:30,Banote Club Charenton,LAGREE FULL BODY — WOMEN ONLY,Charlotte (Suppléant),12,0,True,disponible,2026-08-22 17:32
2026-08-24|20:00|banote club paris 16e|full body - micro lagree,2026-08-24,Lundi,20:00,21:00,Banote Club Paris 16e,FULL BODY - MICRO LAGREE,Alexandra (Suppléant),12,0,True,disponible,2026-08-18 11:44
2026-08-24|20:00|banote club paris 16e|lagree full body — women only,2026-08-24,Lundi,20:00,21:00,Banote Club Paris 16e,LAGREE FULL BODY — WOMEN ONLY,Alexandra (Suppléant),12,0,True,disponible,2026-08-22 16:33
2026-08-25|09:00|banote club paris 16e|full body - micro lagree,2026-08-25,Mardi,09:00,10:00,Banote Club Paris 16e,FULL BODY - MICRO LAGREE,Alexandra (Suppléant),12,0,True,disponible,2026-08-19 09:01
2026-08-25|09:00|banote club paris 16e|lagree full body — women only,2026-08-25,Mardi,09:00,10:00,Banote Club Paris 16e,LAGREE FULL BODY — WOMEN ONLY,Alexandra (Suppléant),12,0,True,disponible,2026-08-22 16:33
2026-08-25|10:00|banote club charenton|full body - micro lagree,2026-08-25,Mardi,10:00,11:00,Banote Club Charenton,FULL BODY - MICRO LAGREE,Marine (Suppléant),12,0,True,disponible,2026-08-19 09:50
2026-08-25|10:00|banote club charenton|lagree full body — women only,2026-08-25,Mardi,10:00,11:00,Banote Club Charenton,LAGREE FULL BODY — WOMEN ONLY,Marine (Suppléant),12,0,True,disponible,2026-08-22 17:32
2026-08-25|10:00|banote club paris 16e|full body - micro lagree,2026-08-25,Mardi,10:00,11:00,Banote Club Paris 16e,FULL BODY - MICRO LAGREE,Alexandra (Suppléant),12,0,True,disponible,2026-08-19 09:01
2026-08-25|10:00|banote club paris 16e|lagree full body — women only,2026-08-25,Mardi,10:00,11:00,Banote Club Paris 16e,LAGREE FULL BODY — WOMEN ONLY,Alexandra (Suppléant),12,0,True,disponible,2026-08-22 16:33
2026-08-25|11:00|banote club charenton|full body - micro lagree,2026-08-25,Mardi,11:00,12:00,Banote Club Charenton,FULL BODY - MICRO LAGREE,Marine (Suppléant),12,0,True,disponible,2026-08-19 09:50
2026-08-25|11:00|banote club charenton|lagree full body — women only,2026-08-25,Mardi,11:00,12:00,Banote Club Charenton,LAGREE FULL BODY — WOMEN ONLY,Marine (Suppléant),12,0,True,disponible,2026-08-22 17:32
2026-08-25|11:00|banote club paris 16e|full body - micro lagree,2026-08-25,Mardi,11:00,12:00,Banote Club Paris 16e,FULL BODY - MICRO LAGREE,Alexandra,12,0,True,disponible,2026-08-19 09:01
2026-08-25|11:00|banote club paris 16e|lagree full body — women only,2026-08-25,Mardi,11:00,12:00,Banote Club Paris 16e,LAGREE FULL BODY — WOMEN ONLY,Alexandra,12,0,True,disponible,2026-08-22 16:33
2026-08-25|12:00|banote club paris 16e|advanced full body - micro lagree,2026-08-25,Mardi,12:00,13:00,Banote Club Paris 16e,ADVANCED FULL BODY - MICRO LAGREE,Alexandra,12,0,True,disponible,2026-08-19 09:01
2026-08-25|12:00|banote club paris 16e|advanced full body — women only,2026-08-25,Mardi,12:00,13:00,Banote Club Paris 16e,ADVANCED FULL BODY — WOMEN ONLY,Alexandra,12,0,True,disponible,2026-08-22 16:33
2026-08-25|12:30|banote club charenton|full body - micro lagree,2026-08-25,Mardi,12:30,13:30,Banote Club Charenton,FULL BODY - MICRO LAGREE,Marine (Suppléant),12,0,True,disponible,2026-08-19 09:50
2026-08-25|12:30|banote club charenton|lagree full body — women only,2026-08-25,Mardi,12:30,13:30,Banote Club Charenton,LAGREE FULL BODY — WOMEN ONLY,Marine (Suppléant),12,0,True,disponible,2026-08-22 17:32
2026-08-25|13:00|banote club paris 16e|advanced full body - micro lagree,2026-08-25,Mardi,13:00,14:00,Banote Club Paris 16e,ADVANCED FULL BODY - MICRO LAGREE,Alexandra,12,0,True,disponible,2026-08-19 09:01
2026-08-25|13:00|banote club paris 16e|advanced full body — women only,2026-08-25,Mardi,13:00,14:00,Banote Club Paris 16e,ADVANCED FULL BODY — WOMEN ONLY,Alexandra,12,0,True,disponible,2026-08-22 16:33
2026-08-25|14:00|banote club paris 16e|full body - micro lagree,2026-08-25,Mardi,14:00,15:00,Banote Club Paris 16e,FULL BODY - MICRO LAGREE,Alexandra,12,0,True,disponible,2026-08-19 09:01
2026-08-25|14:00|banote club paris 16e|lagree full body — women only,2026-08-25,Mardi,14:00,15:00,Banote Club Paris 16e,LAGREE FULL BODY — WOMEN ONLY,Alexandra,12,0,True,disponible,2026-08-22 16:33
2026-08-25|17:30|banote club charenton|full body - micro lagree,2026-08-25,Mardi,17:30,18:30,Banote Club Charenton,FULL BODY - MICRO LAGREE,Rachel,12,0,True,disponible,2026-08-19 09:50
2026-08-25|17:30|banote club charenton|lagree full body — women only,2026-08-25,Mardi,17:30,18:30,Banote Club Charenton,LAGREE FULL BODY — WOMEN ONLY,Rachel,12,0,True,disponible,2026-08-22 17:32
2026-08-25|17:30|banote club paris 16e|full body - micro lagree,2026-08-25,Mardi,17:30,18:30,Banote Club Paris 16e,FULL BODY - MICRO LAGREE,Alexandra (Suppléant),12,0,True,disponible,2026-08-19 09:01
2026-08-25|17:30|banote club paris 16e|lagree full body — women only,2026-08-25,Mardi,17:30,18:30,Banote Club Paris 16e,LAGREE FULL BODY — WOMEN ONLY,Alexandra (Suppléant),12,0,True,disponible,2026-08-22 16:33
2026-08-25|18:30|banote club charenton|full body - micro lagree,2026-08-25,Mardi,18:30,19:30,Banote Club Charenton,FULL BODY - MICRO LAGREE,Rachel,12,0,True,disponible,2026-08-19 09:50
2026-08-25|18:30|banote club charenton|lagree full body — women only,2026-08-25,Mardi,18:30,19:30,Banote Club Charenton,LAGREE FULL BODY — WOMEN ONLY,Rachel,12,0,True,disponible,2026-08-22 17:32
2026-08-25|18:30|banote club paris 16e|full body - micro lagree,2026-08-25,Mardi,18:30,19:30,Banote Club Paris 16e,FULL BODY - MICRO LAGREE,Alexandra (Suppléant),12,0,True,disponible,2026-08-19 09:01
2026-08-25|18:30|banote club paris 16e|lagree full body — women only,2026-08-25,Mardi,18:30,19:30,Banote Club Paris 16e,LAGREE FULL BODY — WOMEN ONLY,Alexandra (Suppléant),12,0,True,disponible,2026-08-22 16:33
2026-08-25|19:30|banote club charenton|full body - micro lagree,2026-08-25,Mardi,19:30,20:30,Banote Club Charenton,FULL BODY - MICRO LAGREE,Rachel,12,0,True,disponible,2026-08-19 09:50
2026-08-25|19:30|banote club charenton|lagree full body — women only,2026-08-25,Mardi,19:30,20:30,Banote Club Charenton,LAGREE FULL BODY — WOMEN ONLY,Rachel,12,0,True,disponible,2026-08-22 17:32
2026-08-25|19:30|banote club paris 16e|full body - micro lagree,2026-08-25,Mardi,19:30,20:30,Banote Club Paris 16e,FULL BODY - MICRO LAGREE,Alexandra (Suppléant),12,0,True,disponible,2026-08-19 09:01
2026-08-25|19:30|banote club paris 16e|lagree full body — women only,2026-08-25,Mardi,19:30,20:30,Banote Club Paris 16e,LAGREE FULL BODY — WOMEN ONLY,Alexandra (Suppléant),12,0,True,disponible,2026-08-22 16:33
2026-08-25|20:30|banote club paris 16e|full body - micro lagree,2026-08-25,Mardi,20:30,21:30,Banote Club Paris 16e,FULL BODY - MICRO LAGREE,Alexandra (Suppléant),12,0,True,disponible,2026-08-19 09:01
2026-08-25|20:30|banote club paris 16e|lagree full body — women only,2026-08-25,Mardi,20:30,21:30,Banote Club Paris 16e,LAGREE FULL BODY — WOMEN ONLY,Alexandra (Suppléant),12,0,True,disponible,2026-08-22 16:33
2026-08-26|08:00|banote club paris 16e|full body - micro lagree,2026-08-26,Mercredi,08:00,09:00,Banote Club Paris 16e,FULL BODY - MICRO LAGREE,Sarah (Suppléant),12,0,True,disponible,2026-08-20 13:58
2026-08-26|08:00|banote club paris 16e|lagree full body — women only,2026-08-26,Mercredi,08:00,09:00,Banote Club Paris 16e,LAGREE FULL BODY — WOMEN ONLY,Sarah (Suppléant),12,0,True,disponible,2026-08-22 16:33
2026-08-26|09:00|banote club paris 16e|full body - micro lagree,2026-08-26,Mercredi,09:00,10:00,Banote Club Paris 16e,FULL BODY - MICRO LAGREE,Sarah (Suppléant),12,0,True,disponible,2026-08-20 13:58
2026-08-26|09:00|banote club paris 16e|lagree full body — women only,2026-08-26,Mercredi,09:00,10:00,Banote Club Paris 16e,LAGREE FULL BODY — WOMEN ONLY,Sarah (Suppléant),12,0,True,disponible,2026-08-22 16:33
2026-08-26|10:00|banote club charenton|full body - micro lagree,2026-08-26,Mercredi,10:00,11:00,Banote Club Charenton,FULL BODY - MICRO LAGREE,Marine,12,0,True,disponible,2026-08-20 12:42
2026-08-26|10:00|banote club charenton|lagree full body — women only,2026-08-26,Mercredi,10:00,11:00,Banote Club Charenton,LAGREE FULL BODY — WOMEN ONLY,Marine,12,0,True,disponible,2026-08-22 17:32
2026-08-26|10:00|banote club paris 16e|full body - micro lagree,2026-08-26,Mercredi,10:00,11:00,Banote Club Paris 16e,FULL BODY - MICRO LAGREE,Sarah (Suppléant),12,0,True,disponible,2026-08-20 13:58
2026-08-26|10:00|banote club paris 16e|lagree full body — women only,2026-08-26,Mercredi,10:00,11:00,Banote Club Paris 16e,LAGREE FULL BODY — WOMEN ONLY,Sarah (Suppléant),12,0,True,disponible,2026-08-22 16:33
2026-08-26|11:00|banote club paris 16e|full body - micro lagree,2026-08-26,Mercredi,11:00,12:00,Banote Club Paris 16e,FULL BODY - MICRO LAGREE,Mel (Suppléant),12,0,True,disponible,2026-08-20 13:58
2026-08-26|11:00|banote club paris 16e|lagree full body — women only,2026-08-26,Mercredi,11:00,12:00,Banote Club Paris 16e,LAGREE FULL BODY — WOMEN ONLY,Mel (Suppléant),12,0,True,disponible,2026-08-22 16:33
2026-08-26|11:30|banote club charenton|full body - micro lagree,2026-08-26,Mercredi,11:30,12:30,Banote Club Charenton,FULL BODY - MICRO LAGREE,Marine,12,0,True,disponible,2026-08-20 12:42
2026-08-26|11:30|banote club charenton|lagree full body — women only,2026-08-26,Mercredi,11:30,12:30,Banote Club Charenton,LAGREE FULL BODY — WOMEN ONLY,Marine,12,0,True,disponible,2026-08-22 17:32
2026-08-26|12:00|banote club paris 16e|full body - micro lagree,2026-08-26,Mercredi,12:00,13:00,Banote Club Paris 16e,FULL BODY - MICRO LAGREE,Mel (Suppléant),12,0,True,disponible,2026-08-20 13:58
2026-08-26|12:00|banote club paris 16e|lagree full body — women only,2026-08-26,Mercredi,12:00,13:00,Banote Club Paris 16e,LAGREE FULL BODY — WOMEN ONLY,Mel (Suppléant),12,0,True,disponible,2026-08-22 16:33
2026-08-26|12:30|banote club charenton|full body - micro lagree,2026-08-26,Mercredi,12:30,13:30,Banote Club Charenton,FULL BODY - MICRO LAGREE,Marine,12,0,True,disponible,2026-08-20 12:42
2026-08-26|12:30|banote club charenton|lagree full body — women only,2026-08-26,Mercredi,12:30,13:30,Banote Club Charenton,LAGREE FULL BODY — WOMEN ONLY,Marine,12,0,True,disponible,2026-08-22 17:32
2026-08-26|13:00|banote club paris 16e|full body - micro lagree,2026-08-26,Mercredi,13:00,14:00,Banote Club Paris 16e,FULL BODY - MICRO LAGREE,Mel (Suppléant),12,0,True,disponible,2026-08-20 13:58
2026-08-26|13:00|banote club paris 16e|lagree full body — women only,2026-08-26,Mercredi,13:00,14:00,Banote Club Paris 16e,LAGREE FULL BODY — WOMEN ONLY,Mel (Suppléant),12,0,True,disponible,2026-08-22 16:33
2026-08-26|18:30|banote club charenton|full body - micro lagree,2026-08-26,Mercredi,18:30,19:30,Banote Club Charenton,FULL BODY - MICRO LAGREE,Noa,12,0,True,disponible,2026-08-20 12:42
2026-08-26|18:30|banote club charenton|lagree full body — women only,2026-08-26,Mercredi,18:30,19:30,Banote Club Charenton,LAGREE FULL BODY — WOMEN ONLY,Noa,12,0,True,disponible,2026-08-22 17:32
2026-08-26|18:30|banote club paris 16e|full body - micro lagree,2026-08-26,Mercredi,18:30,19:30,Banote Club Paris 16e,FULL BODY - MICRO LAGREE,Mel,12,0,True,disponible,2026-08-20 13:58
2026-08-26|18:30|banote club paris 16e|lagree full body — women only,2026-08-26,Mercredi,18:30,19:30,Banote Club Paris 16e,LAGREE FULL BODY — WOMEN ONLY,Mel,12,0,True,disponible,2026-08-22 16:33
2026-08-26|19:30|banote club charenton|full body - micro lagree,2026-08-26,Mercredi,19:30,20:30,Banote Club Charenton,FULL BODY - MICRO LAGREE,Noa,12,0,True,disponible,2026-08-20 12:42
2026-08-26|19:30|banote club charenton|lagree full body — women only,2026-08-26,Mercredi,19:30,20:30,Banote Club Charenton,LAGREE FULL BODY — WOMEN ONLY,Noa,12,0,True,disponible,2026-08-22 17:32
2026-08-26|19:30|banote club paris 16e|full body - micro lagree,2026-08-26,Mercredi,19:30,20:30,Banote Club Paris 16e,FULL BODY - MICRO LAGREE,Mel,12,0,True,disponible,2026-08-20 13:58
2026-08-26|19:30|banote club paris 16e|lagree full body — women only,2026-08-26,Mercredi,19:30,20:30,Banote Club Paris 16e,LAGREE FULL BODY — WOMEN ONLY,Mel,12,0,True,disponible,2026-08-22 16:33
2026-08-26|20:30|banote club charenton|full body - micro lagree,2026-08-26,Mercredi,20:30,21:30,Banote Club Charenton,FULL BODY - MICRO LAGREE,Noa,12,0,True,disponible,2026-08-20 12:42
2026-08-26|20:30|banote club charenton|lagree full body — women only,2026-08-26,Mercredi,20:30,21:30,Banote Club Charenton,LAGREE FULL BODY — WOMEN ONLY,Noa,12,0,True,disponible,2026-08-22 17:32
2026-08-26|20:30|banote club paris 16e|full body - micro lagree,2026-08-26,Mercredi,20:30,21:30,Banote Club Paris 16e,FULL BODY - MICRO LAGREE,Mel,12,0,True,disponible,2026-08-20 13:58
2026-08-26|20:30|banote club paris 16e|lagree full body — women only,2026-08-26,Mercredi,20:30,21:30,Banote Club Paris 16e,LAGREE FULL BODY — WOMEN ONLY,Mel,12,0,True,disponible,2026-08-22 16:33
2026-08-27|08:00|banote club paris 16e|full body - micro lagree,2026-08-27,Jeudi,08:00,09:00,Banote Club Paris 16e,FULL BODY - MICRO LAGREE,Alexandra (Suppléant),12,0,True,disponible,2026-08-21 09:03
2026-08-27|08:00|banote club paris 16e|lagree full body — women only,2026-08-27,Jeudi,08:00,09:00,Banote Club Paris 16e,LAGREE FULL BODY — WOMEN ONLY,Alexandra (Suppléant),12,0,True,disponible,2026-08-22 16:33
2026-08-27|09:00|banote club paris 16e|full body - micro lagree,2026-08-27,Jeudi,09:00,10:00,Banote Club Paris 16e,FULL BODY - MICRO LAGREE,Alexandra (Suppléant),12,0,True,disponible,2026-08-21 09:03
2026-08-27|09:00|banote club paris 16e|lagree full body — women only,2026-08-27,Jeudi,09:00,10:00,Banote Club Paris 16e,LAGREE FULL BODY — WOMEN ONLY,Alexandra (Suppléant),12,0,True,disponible,2026-08-22 16:33
2026-08-27|10:00|banote club charenton|full body - micro lagree,2026-08-27,Jeudi,10:00,11:00,Banote Club Charenton,FULL BODY - MICRO LAGREE,Marine (Suppléant),12,0,True,disponible,2026-08-21 09:03
2026-08-27|10:00|banote club charenton|lagree full body — women only,2026-08-27,Jeudi,10:00,11:00,Banote Club Charenton,LAGREE FULL BODY — WOMEN ONLY,Marine (Suppléant),12,0,True,disponible,2026-08-22 17:32
2026-08-27|10:00|banote club paris 16e|full body - micro lagree,2026-08-27,Jeudi,10:00,11:00,Banote Club Paris 16e,FULL BODY - MICRO LAGREE,Alexandra (Suppléant),12,0,True,disponible,2026-08-21 09:03
2026-08-27|10:00|banote club paris 16e|lagree full body — women only,2026-08-27,Jeudi,10:00,11:00,Banote Club Paris 16e,LAGREE FULL BODY — WOMEN ONLY,Alexandra (Suppléant),12,0,True,disponible,2026-08-22 16:33
2026-08-27|11:00|banote club charenton|full body - micro lagree,2026-08-27,Jeudi,11:00,12:00,Banote Club Charenton,FULL BODY - MICRO LAGREE,Marine (Suppléant),12,0,True,disponible,2026-08-21 09:03
2026-08-27|11:00|banote club charenton|lagree full body — women only,2026-08-27,Jeudi,11:00,12:00,Banote Club Charenton,LAGREE FULL BODY — WOMEN ONLY,Marine (Suppléant),12,0,True,disponible,2026-08-22 17:32
2026-08-27|11:00|banote club paris 16e|full body - micro lagree,2026-08-27,Jeudi,11:00,12:00,Banote Club Paris 16e,FULL BODY - MICRO LAGREE,Alexandra,12,0,True,disponible,2026-08-21 09:03
2026-08-27|11:00|banote club paris 16e|lagree full body — women only,2026-08-27,Jeudi,11:00,12:00,Banote Club Paris 16e,LAGREE FULL BODY — WOMEN ONLY,Alexandra,12,0,True,disponible,2026-08-22 16:33
2026-08-27|12:00|banote club paris 16e|advanced full body - micro lagree,2026-08-27,Jeudi,12:00,13:00,Banote Club Paris 16e,ADVANCED FULL BODY - MICRO LAGREE,Alexandra,12,0,True,disponible,2026-08-21 09:03
2026-08-27|12:00|banote club paris 16e|advanced full body — women only,2026-08-27,Jeudi,12:00,13:00,Banote Club Paris 16e,ADVANCED FULL BODY — WOMEN ONLY,Alexandra,12,0,True,disponible,2026-08-22 16:33
2026-08-27|12:30|banote club charenton|full body - micro lagree,2026-08-27,Jeudi,12:30,13:30,Banote Club Charenton,FULL BODY - MICRO LAGREE,Marine (Suppléant),12,0,True,disponible,2026-08-21 09:03
2026-08-27|12:30|banote club charenton|lagree full body — women only,2026-08-27,Jeudi,12:30,13:30,Banote Club Charenton,LAGREE FULL BODY — WOMEN ONLY,Marine (Suppléant),12,0,True,disponible,2026-08-22 17:32
2026-08-27|13:00|banote club paris 16e|advanced full body - micro lagree,2026-08-27,Jeudi,13:00,14:00,Banote Club Paris 16e,ADVANCED FULL BODY - MICRO LAGREE,Alexandra,12,0,True,disponible,2026-08-21 09:03
2026-08-27|13:00|banote club paris 16e|advanced full body — women only,2026-08-27,Jeudi,13:00,14:00,Banote Club Paris 16e,ADVANCED FULL BODY — WOMEN ONLY,Alexandra,12,0,True,disponible,2026-08-22 16:33
2026-08-27|14:00|banote club paris 16e|full body - micro lagree,2026-08-27,Jeudi,14:00,15:00,Banote Club Paris 16e,FULL BODY - MICRO LAGREE,Alexandra,12,0,True,disponible,2026-08-21 09:03
2026-08-27|14:00|banote club paris 16e|lagree full body — women only,2026-08-27,Jeudi,14:00,15:00,Banote Club Paris 16e,LAGREE FULL BODY — WOMEN ONLY,Alexandra,12,0,True,disponible,2026-08-22 16:33
2026-08-27|17:30|banote club charenton|full body - micro lagree,2026-08-27,Jeudi,17:30,18:30,Banote Club Charenton,FULL BODY - MICRO LAGREE,Rachel,12,0,True,disponible,2026-08-21 09:03
2026-08-27|17:30|banote club charenton|lagree full body — women only,2026-08-27,Jeudi,17:30,18:30,Banote Club Charenton,LAGREE FULL BODY — WOMEN ONLY,Rachel,12,0,True,disponible,2026-08-22 17:32
2026-08-27|17:30|banote club paris 16e|full body - micro lagree,2026-08-27,Jeudi,17:30,18:30,Banote Club Paris 16e,FULL BODY - MICRO LAGREE,Alexandra (Suppléant),12,0,True,disponible,2026-08-21 09:03
2026-08-27|17:30|banote club paris 16e|lagree full body — women only,2026-08-27,Jeudi,17:30,18:30,Banote Club Paris 16e,LAGREE FULL BODY — WOMEN ONLY,Alexandra (Suppléant),12,0,True,disponible,2026-08-22 16:33
2026-08-27|18:30|banote club charenton|full body - micro lagree,2026-08-27,Jeudi,18:30,19:30,Banote Club Charenton,FULL BODY - MICRO LAGREE,Rachel,12,0,True,disponible,2026-08-21 09:03
2026-08-27|18:30|banote club charenton|lagree full body — women only,2026-08-27,Jeudi,18:30,19:30,Banote Club Charenton,LAGREE FULL BODY — WOMEN ONLY,Rachel,12,0,True,disponible,2026-08-22 17:32
2026-08-27|18:30|banote club paris 16e|full body - micro lagree,2026-08-27,Jeudi,18:30,19:30,Banote Club Paris 16e,FULL BODY - MICRO LAGREE,Alexandra (Suppléant),12,0,True,disponible,2026-08-21 09:03
2026-08-27|18:30|banote club paris 16e|lagree full body — women only,2026-08-27,Jeudi,18:30,19:30,Banote Club Paris 16e,LAGREE FULL BODY — WOMEN ONLY,Alexandra (Suppléant),12,0,True,disponible,2026-08-22 16:33
2026-08-27|19:30|banote club charenton|full body - micro lagree,2026-08-27,Jeudi,19:30,20:30,Banote Club Charenton,FULL BODY - MICRO LAGREE,Rachel,12,0,True,disponible,2026-08-21 09:03
2026-08-27|19:30|banote club charenton|lagree full body — women only,2026-08-27,Jeudi,19:30,20:30,Banote Club Charenton,LAGREE FULL BODY — WOMEN ONLY,Rachel,12,0,True,disponible,2026-08-22 17:32
2026-08-27|19:30|banote club paris 16e|full body - micro lagree,2026-08-27,Jeudi,19:30,20:30,Banote Club Paris 16e,FULL BODY - MICRO LAGREE,Alexandra (Suppléant),12,0,True,disponible,2026-08-21 09:03
2026-08-27|19:30|banote club paris 16e|lagree full body — women only,2026-08-27,Jeudi,19:30,20:30,Banote Club Paris 16e,LAGREE FULL BODY — WOMEN ONLY,Alexandra (Suppléant),12,0,True,disponible,2026-08-22 16:33
2026-08-28|09:00|banote club charenton|full body - micro lagree,2026-08-28,Vendredi,09:00,10:00,Banote Club Charenton,FULL BODY - MICRO LAGREE,Marine (Suppléant),12,0,True,disponible,2026-08-22 09:40
2026-08-28|09:00|banote club charenton|lagree full body — women only,2026-08-28,Vendredi,09:00,10:00,Banote Club Charenton,LAGREE FULL BODY — WOMEN ONLY,Marine (Suppléant),12,0,True,disponible,2026-08-22 17:32
2026-08-28|09:00|banote club paris 16e|full body - micro lagree,2026-08-28,Vendredi,09:00,10:00,Banote Club Paris 16e,FULL BODY - MICRO LAGREE,Alexandra,12,0,True,disponible,2026-08-22 13:35
2026-08-28|09:00|banote club paris 16e|lagree full body — women only,2026-08-28,Vendredi,09:00,10:00,Banote Club Paris 16e,LAGREE FULL BODY — WOMEN ONLY,Alexandra,12,0,True,disponible,2026-08-22 16:33
2026-08-28|10:00|banote club charenton|full body - micro lagree,2026-08-28,Vendredi,10:00,11:00,Banote Club Charenton,FULL BODY - MICRO LAGREE,Marine (Suppléant),12,0,True,disponible,2026-08-22 09:40
2026-08-28|10:00|banote club charenton|lagree full body — women only,2026-08-28,Vendredi,10:00,11:00,Banote Club Charenton,LAGREE FULL BODY — WOMEN ONLY,Marine (Suppléant),12,0,True,disponible,2026-08-22 17:32
2026-08-28|10:00|banote club paris 16e|full body - micro lagree,2026-08-28,Vendredi,10:00,11:00,Banote Club Paris 16e,FULL BODY - MICRO LAGREE,Alexandra,12,0,True,disponible,2026-08-22 13:35
2026-08-28|10:00|banote club paris 16e|lagree full body — women only,2026-08-28,Vendredi,10:00,11:00,Banote Club Paris 16e,LAGREE FULL BODY — WOMEN ONLY,Alexandra,12,0,True,disponible,2026-08-22 16:33
2026-08-28|11:00|banote club charenton|full body - micro lagree,2026-08-28,Vendredi,11:00,12:00,Banote Club Charenton,FULL BODY - MICRO LAGREE,Marine (Suppléant),12,0,True,disponible,2026-08-22 09:40
2026-08-28|11:00|banote club charenton|lagree full body — women only,2026-08-28,Vendredi,11:00,12:00,Banote Club Charenton,LAGREE FULL BODY — WOMEN ONLY,Marine (Suppléant),12,0,True,disponible,2026-08-22 17:32
2026-08-28|11:00|banote club paris 16e|full body - micro lagree,2026-08-28,Vendredi,11:00,12:00,Banote Club Paris 16e,FULL BODY - MICRO LAGREE,Alexandra,12,0,True,disponible,2026-08-22 13:35
2026-08-28|11:00|banote club paris 16e|lagree full body — women only,2026-08-28,Vendredi,11:00,12:00,Banote Club Paris 16e,LAGREE FULL BODY — WOMEN ONLY,Alexandra,12,0,True,disponible,2026-08-22 16:33
2026-08-28|12:00|banote club paris 16e|full body - micro lagree,2026-08-28,Vendredi,12:00,13:00,Banote Club Paris 16e,FULL BODY - MICRO LAGREE,Alexandra (Suppléant),12,0,True,disponible,2026-08-22 13:35
2026-08-28|12:00|banote club paris 16e|lagree full body — women only,2026-08-28,Vendredi,12:00,13:00,Banote Club Paris 16e,LAGREE FULL BODY — WOMEN ONLY,Alexandra (Suppléant),12,0,True,disponible,2026-08-22 16:33
2026-08-28|12:30|banote club charenton|full body - micro lagree,2026-08-28,Vendredi,12:30,13:30,Banote Club Charenton,FULL BODY - MICRO LAGREE,Marine (Suppléant),12,0,True,disponible,2026-08-22 09:40
2026-08-28|12:30|banote club charenton|lagree full body — women only,2026-08-28,Vendredi,12:30,13:30,Banote Club Charenton,LAGREE FULL BODY — WOMEN ONLY,Marine (Suppléant),12,0,True,disponible,2026-08-22 17:32
2026-08-28|13:00|banote club paris 16e|full body - micro lagree,2026-08-28,Vendredi,13:00,14:00,Banote Club Paris 16e,FULL BODY - MICRO LAGREE,Alexandra (Suppléant),12,0,True,disponible,2026-08-22 13:35
2026-08-28|13:00|banote club paris 16e|lagree full body — women only,2026-08-28,Vendredi,13:00,14:00,Banote Club Paris 16e,LAGREE FULL BODY — WOMEN ONLY,Alexandra (Suppléant),12,0,True,disponible,2026-08-22 16:33
2026-08-28|13:30|banote club charenton|full body - micro lagree,2026-08-28,Vendredi,13:30,14:30,Banote Club Charenton,FULL BODY - MICRO LAGREE,Marine (Suppléant),12,0,True,disponible,2026-08-22 09:40
2026-08-28|13:30|banote club charenton|lagree full body — women only,2026-08-28,Vendredi,13:30,14:30,Banote Club Charenton,LAGREE FULL BODY — WOMEN ONLY,Marine (Suppléant),12,0,True,disponible,2026-08-22 17:32
2026-08-28|16:00|banote club paris 16e|full body - micro lagree,2026-08-28,Vendredi,16:00,17:00,Banote Club Paris 16e,FULL BODY - MICRO LAGREE,Alexandra (Suppléant),12,0,True,disponible,2026-08-22 13:35
2026-08-28|16:00|banote club paris 16e|lagree full body — women only,2026-08-28,Vendredi,16:00,17:00,Banote Club Paris 16e,LAGREE FULL BODY — WOMEN ONLY,Alexandra (Suppléant),12,0,True,disponible,2026-08-22 16:33
2026-08-28|17:00|banote club paris 16e|full body - micro lagree,2026-08-28,Vendredi,17:00,18:00,Banote Club Paris 16e,FULL BODY - MICRO LAGREE,Alexandra (Suppléant),12,0,True,disponible,2026-08-22 13:35
2026-08-28|17:00|banote club paris 16e|lagree full body — women only,2026-08-28,Vendredi,17:00,18:00,Banote Club Paris 16e,LAGREE FULL BODY — WOMEN ONLY,Alexandra (Suppléant),12,0,True,disponible,2026-08-22 16:33
2026-08-28|18:00|banote club paris 16e|full body - micro lagree,2026-08-28,Vendredi,18:00,19:00,Banote Club Paris 16e,FULL BODY - MICRO LAGREE,Alexandra (Suppléant),12,0,True,disponible,2026-08-22 13:35
2026-08-28|18:00|banote club paris 16e|lagree full body — women only,2026-08-28,Vendredi,18:00,19:00,Banote Club Paris 16e,LAGREE FULL BODY — WOMEN ONLY,Alexandra (Suppléant),12,0,True,disponible,2026-08-22 16:33
2026-08-29|10:00|banote club paris 16e|lagree full body — women only,2026-08-29,Samedi,10:00,11:00,Banote Club Paris 16e,LAGREE FULL BODY — WOMEN ONLY,Mel (Suppléant),12,0,True,disponible,2026-08-23 14:58
2026-08-29|11:00|banote club paris 16e|lagree full body — women only,2026-08-29,Samedi,11:00,12:00,Banote Club Paris 16e,LAGREE FULL BODY — WOMEN ONLY,Mel (Suppléant),12,0,True,disponible,2026-08-23 14:58
2026-08-29|12:00|banote club paris 16e|lagree full body — women only,2026-08-29,Samedi,12:00,13:00,Banote Club Paris 16e,LAGREE FULL BODY — WOMEN ONLY,Mel (Suppléant),12,0,True,disponible,2026-08-23 14:58
2026-08-29|17:30|banote club paris 16e|lagree full body — women only,2026-08-29,Samedi,17:30,18:30,Banote Club Paris 16e,LAGREE FULL BODY — WOMEN ONLY,Rachel,12,0,True,disponible,2026-08-23 14:58
2026-08-29|18:30|banote club paris 16e|lagree full body — women only,2026-08-29,Samedi,18:30,19:30,Banote Club Paris 16e,LAGREE FULL BODY — WOMEN ONLY,Rachel,12,0,True,disponible,2026-08-23 14:58
2026-08-30|10:00|banote club charenton|lagree full body — women only,2026-08-30,Dimanche,10:00,11:00,Banote Club Charenton,LAGREE FULL BODY — WOMEN ONLY,Rachel (Suppléant),12,0,True,disponible,2026-08-24 06:57
2026-08-30|10:00|banote club paris 16e|advanced full body — women only,2026-08-30,Dimanche,10:00,11:00,Banote Club Paris 16e,ADVANCED FULL BODY — WOMEN ONLY,Alexandra,12,0,True,disponible,2026-08-24 15:09
2026-08-30|11:00|banote club charenton|lagree full body — women only,2026-08-30,Dimanche,11:00,12:00,Banote Club Charenton,LAGREE FULL BODY — WOMEN ONLY,Rachel (Suppléant),12,0,True,disponible,2026-08-24 06:57
2026-08-30|11:00|banote club paris 16e|lagree full body — women only,2026-08-30,Dimanche,11:00,12:00,Banote Club Paris 16e,LAGREE FULL BODY — WOMEN ONLY,Alexandra,12,0,True,disponible,2026-08-24 15:09
2026-08-30|12:00|banote club charenton|lagree full body — women only,2026-08-30,Dimanche,12:00,13:00,Banote Club Charenton,LAGREE FULL BODY — WOMEN ONLY,Rachel (Suppléant),12,0,True,disponible,2026-08-24 06:57
2026-08-30|12:00|banote club paris 16e|advanced full body — women only,2026-08-30,Dimanche,12:00,13:00,Banote Club Paris 16e,ADVANCED FULL BODY — WOMEN ONLY,Alexandra,12,0,True,disponible,2026-08-24 15:09
2026-08-30|13:00|banote club charenton|lagree full body — women only,2026-08-30,Dimanche,13:00,14:00,Banote Club Charenton,LAGREE FULL BODY — WOMEN ONLY,Rachel (Suppléant),12,0,True,disponible,2026-08-24 06:57
2026-08-30|13:00|banote club paris 16e|advanced full body — women only,2026-08-30,Dimanche,13:00,14:00,Banote Club Paris 16e,ADVANCED FULL BODY — WOMEN ONLY,Alexandra,12,0,True,disponible,2026-08-24 15:09
2026-08-30|16:30|banote club charenton|lagree full body — women only,2026-08-30,Dimanche,16:30,17:30,Banote Club Charenton,LAGREE FULL BODY — WOMEN ONLY,Sarah (Suppléant),12,0,True,disponible,2026-08-24 06:57
2026-08-30|17:00|banote club paris 16e|lagree full body — women only,2026-08-30,Dimanche,17:00,18:00,Banote Club Paris 16e,LAGREE FULL BODY — WOMEN ONLY,Charlotte (Suppléant),12,0,True,disponible,2026-08-24 15:09
2026-08-30|17:30|banote club charenton|lagree full body — women only,2026-08-30,Dimanche,17:30,18:30,Banote Club Charenton,LAGREE FULL BODY — WOMEN ONLY,Sarah (Suppléant),12,0,True,disponible,2026-08-24 06:57
2026-08-30|18:00|banote club paris 16e|lagree full body — women only,2026-08-30,Dimanche,18:00,19:00,Banote Club Paris 16e,LAGREE FULL BODY — WOMEN ONLY,Charlotte (Suppléant),12,0,True,disponible,2026-08-24 15:09
2026-08-30|19:00|banote club paris 16e|lagree full body — women only,2026-08-30,Dimanche,19:00,20:00,Banote Club Paris 16e,LAGREE FULL BODY — WOMEN ONLY,Charlotte (Suppléant),12,0,True,disponible,2026-08-24 15:09
2026-08-31|11:00|banote club charenton|lagree full body — women only,2026-08-31,Lundi,11:00,12:00,Banote Club Charenton,LAGREE FULL BODY — WOMEN ONLY,BANOTE CLUB (Suppléant),12,0,True,disponible,2026-08-25 11:47
2026-08-31|11:00|banote club paris 16e|lagree full body — women only,2026-08-31,Lundi,11:00,12:00,Banote Club Paris 16e,LAGREE FULL BODY — WOMEN ONLY,Mel (Suppléant),12,0,True,disponible,2026-08-25 12:45
2026-08-31|12:00|banote club paris 16e|lagree full body — women only,2026-08-31,Lundi,12:00,13:00,Banote Club Paris 16e,LAGREE FULL BODY — WOMEN ONLY,Mel (Suppléant),12,0,True,disponible,2026-08-25 12:45
2026-08-31|12:30|banote club charenton|lagree full body — women only,2026-08-31,Lundi,12:30,13:30,Banote Club Charenton,LAGREE FULL BODY — WOMEN ONLY,BANOTE CLUB (Suppléant),12,0,True,disponible,2026-08-25 11:47
2026-08-31|13:00|banote club paris 16e|lagree full body — women only,2026-08-31,Lundi,13:00,14:00,Banote Club Paris 16e,LAGREE FULL BODY — WOMEN ONLY,Mel (Suppléant),12,0,True,disponible,2026-08-25 12:45
2026-08-31|13:30|banote club charenton|lagree full body — women only,2026-08-31,Lundi,13:30,14:30,Banote Club Charenton,LAGREE FULL BODY — WOMEN ONLY,BANOTE CLUB (Suppléant),12,0,True,disponible,2026-08-25 11:47
2026-08-31|17:00|banote club paris 16e|lagree full body — women only,2026-08-31,Lundi,17:00,18:00,Banote Club Paris 16e,LAGREE FULL BODY — WOMEN ONLY,Rachel,12,0,True,disponible,2026-08-25 12:45
2026-08-31|17:30|banote club charenton|lagree full body — women only,2026-08-31,Lundi,17:30,18:30,Banote Club Charenton,LAGREE FULL BODY — WOMEN ONLY,Marine (Suppléant),12,0,True,disponible,2026-08-25 11:47
2026-08-31|18:00|banote club paris 16e|lagree full body — women only,2026-08-31,Lundi,18:00,19:00,Banote Club Paris 16e,LAGREE FULL BODY — WOMEN ONLY,Rachel,12,0,True,disponible,2026-08-25 12:45
2026-08-31|18:30|banote club charenton|lagree full body — women only,2026-08-31,Lundi,18:30,19:30,Banote Club Charenton,LAGREE FULL BODY — WOMEN ONLY,Marine (Suppléant),12,0,True,disponible,2026-08-25 11:47
2026-08-31|19:00|banote club paris 16e|lagree full body — women only,2026-08-31,Lundi,19:00,20:00,Banote Club Paris 16e,LAGREE FULL BODY — WOMEN ONLY,Rachel,12,0,True,disponible,2026-08-25 12:45
2026-08-31|19:30|banote club charenton|lagree full body — women only,2026-08-31,Lundi,19:30,20:30,Banote Club Charenton,LAGREE FULL BODY — WOMEN ONLY,Marine (Suppléant),12,0,True,disponible,2026-08-25 11:47
2026-08-31|20:00|banote club paris 16e|lagree full body — women only,2026-08-31,Lundi,20:00,21:00,Banote Club Paris 16e,LAGREE FULL BODY — WOMEN ONLY,Rachel,12,0,True,disponible,2026-08-25 12:45
2026-09-01|09:00|banote club paris 16e|lagree full body — women only,2026-09-01,Mardi,09:00,10:00,Banote Club Paris 16e,LAGREE FULL BODY — WOMEN ONLY,Rachel,12,0,True,disponible,2026-08-26 11:53
2026-09-01|10:00|banote club charenton|lagree full body — women only,2026-09-01,Mardi,10:00,11:00,Banote Club Charenton,LAGREE FULL BODY — WOMEN ONLY,BANOTE CLUB (Suppléant),12,0,True,disponible,2026-08-26 06:55
2026-09-01|10:00|banote club paris 16e|lagree full body — women only,2026-09-01,Mardi,10:00,11:00,Banote Club Paris 16e,LAGREE FULL BODY — WOMEN ONLY,Rachel,12,0,True,disponible,2026-08-26 11:53
2026-09-01|11:00|banote club charenton|lagree full body — women only,2026-09-01,Mardi,11:00,12:00,Banote Club Charenton,LAGREE FULL BODY — WOMEN ONLY,BANOTE CLUB (Suppléant),12,0,True,disponible,2026-08-26 06:55
2026-09-01|11:00|banote club paris 16e|lagree full body — women only,2026-09-01,Mardi,11:00,12:00,Banote Club Paris 16e,LAGREE FULL BODY — WOMEN ONLY,Alexandra,12,0,True,disponible,2026-08-26 11:53
2026-09-01|12:00|banote club paris 16e|advanced full body — women only,2026-09-01,Mardi,12:00,13:00,Banote Club Paris 16e,ADVANCED FULL BODY — WOMEN ONLY,Alexandra,12,0,True,disponible,2026-08-26 11:53
2026-09-01|12:30|banote club charenton|lagree full body — women only,2026-09-01,Mardi,12:30,13:30,Banote Club Charenton,LAGREE FULL BODY — WOMEN ONLY,BANOTE CLUB (Suppléant),12,0,True,disponible,2026-08-26 06:55
2026-09-01|13:00|banote club paris 16e|advanced full body — women only,2026-09-01,Mardi,13:00,14:00,Banote Club Paris 16e,ADVANCED FULL BODY — WOMEN ONLY,Alexandra,12,0,True,disponible,2026-08-26 11:53
2026-09-01|14:00|banote club paris 16e|lagree full body — women only,2026-09-01,Mardi,14:00,15:00,Banote Club Paris 16e,LAGREE FULL BODY — WOMEN ONLY,Alexandra,12,0,True,disponible,2026-08-26 11:53
2026-09-01|17:30|banote club charenton|lagree full body — women only,2026-09-01,Mardi,17:30,18:30,Banote Club Charenton,LAGREE FULL BODY — WOMEN ONLY,Marine (Suppléant),12,0,True,disponible,2026-08-26 06:55
2026-09-01|17:30|banote club paris 16e|lagree full body — women only,2026-09-01,Mardi,17:30,18:30,Banote Club Paris 16e,LAGREE FULL BODY — WOMEN ONLY,Mel (Suppléant),12,0,True,disponible,2026-08-26 11:53
2026-09-01|18:30|banote club charenton|lagree full body — women only,2026-09-01,Mardi,18:30,19:30,Banote Club Charenton,LAGREE FULL BODY — WOMEN ONLY,Marine (Suppléant),12,0,True,disponible,2026-08-26 06:55
2026-09-01|18:30|banote club paris 16e|lagree full body — women only,2026-09-01,Mardi,18:30,19:30,Banote Club Paris 16e,LAGREE FULL BODY — WOMEN ONLY,Mel (Suppléant),12,0,True,disponible,2026-08-26 11:53
2026-09-01|19:30|banote club charenton|lagree full body — women only,2026-09-01,Mardi,19:30,20:30,Banote Club Charenton,LAGREE FULL BODY — WOMEN ONLY,Marine (Suppléant),12,0,True,disponible,2026-08-26 06:55
2026-09-01|19:30|banote club paris 16e|lagree full body — women only,2026-09-01,Mardi,19:30,20:30,Banote Club Paris 16e,LAGREE FULL BODY — WOMEN ONLY,Mel (Suppléant),12,0,True,disponible,2026-08-26 11:53
2026-09-01|20:30|banote club paris 16e|lagree full body — women only,2026-09-01,Mardi,20:30,21:30,Banote Club Paris 16e,LAGREE FULL BODY — WOMEN ONLY,Mel (Suppléant),12,0,True,disponible,2026-08-26 11:53
2026-09-02|08:00|banote club paris 16e|lagree full body — women only,2026-09-02,Mercredi,08:00,09:00,Banote Club Paris 16e,LAGREE FULL BODY — WOMEN ONLY,Rachel,12,0,True,disponible,2026-08-28 18:34
2026-09-02|09:00|banote club paris 16e|lagree full body — women only,2026-09-02,Mercredi,09:00,10:00,Banote Club Paris 16e,LAGREE FULL BODY — WOMEN ONLY,Rachel,12,0,True,disponible,2026-08-28 18:34
2026-09-02|10:00|banote club paris 16e|lagree full body — women only,2026-09-02,Mercredi,10:00,11:00,Banote Club Paris 16e,LAGREE FULL BODY — WOMEN ONLY,Rachel,12,0,True,disponible,2026-08-28 18:34
2026-09-02|11:00|banote club paris 16e|lagree full body — women only,2026-09-02,Mercredi,11:00,12:00,Banote Club Paris 16e,LAGREE FULL BODY — WOMEN ONLY,Mikhal (Suppléant),12,0,True,disponible,2026-08-28 18:34
2026-09-02|12:00|banote club paris 16e|lagree full body — women only,2026-09-02,Mercredi,12:00,13:00,Banote Club Paris 16e,LAGREE FULL BODY — WOMEN ONLY,Mikhal (Suppléant),12,0,True,disponible,2026-08-28 18:34
2026-09-02|13:00|banote club paris 16e|lagree full body — women only,2026-09-02,Mercredi,13:00,14:00,Banote Club Paris 16e,LAGREE FULL BODY — WOMEN ONLY,Mikhal (Suppléant),12,0,True,disponible,2026-08-28 18:34
2026-09-02|18:30|banote club charenton|lagree full body — women only,2026-09-02,Mercredi,18:30,19:30,Banote Club Charenton,LAGREE FULL BODY — WOMEN ONLY,Marine (Suppléant),12,0,True,disponible,2026-08-27 17:09
2026-09-02|18:30|banote club paris 16e|lagree full body — women only,2026-09-02,Mercredi,18:30,19:30,Banote Club Paris 16e,LAGREE FULL BODY — WOMEN ONLY,Mel,12,0,True,disponible,2026-08-28 18:34
2026-09-02|19:30|banote club charenton|lagree full body — women only,2026-09-02,Mercredi,19:30,20:30,Banote Club Charenton,LAGREE FULL BODY — WOMEN ONLY,Marine (Suppléant),12,0,True,disponible,2026-08-27 17:09
2026-09-02|19:30|banote club paris 16e|lagree full body — women only,2026-09-02,Mercredi,19:30,20:30,Banote Club Paris 16e,LAGREE FULL BODY — WOMEN ONLY,Mel,12,0,True,disponible,2026-08-28 18:34
2026-09-02|20:30|banote club charenton|lagree full body — women only,2026-09-02,Mercredi,20:30,21:30,Banote Club Charenton,LAGREE FULL BODY — WOMEN ONLY,Marine (Suppléant),12,0,True,disponible,2026-08-27 17:09
2026-09-02|20:30|banote club paris 16e|lagree full body — women only,2026-09-02,Mercredi,20:30,21:30,Banote Club Paris 16e,LAGREE FULL BODY — WOMEN ONLY,Mel,12,0,True,disponible,2026-08-28 18:34
2026-09-03|08:00|banote club paris 16e|lagree full body — women only,2026-09-03,Jeudi,08:00,09:00,Banote Club Paris 16e,LAGREE FULL BODY — WOMEN ONLY,Mikhal,12,0,True,disponible,2026-08-28 18:34
2026-09-03|09:00|banote club paris 16e|lagree full body — women only,2026-09-03,Jeudi,09:00,10:00,Banote Club Paris 16e,LAGREE FULL BODY — WOMEN ONLY,Mikhal (Suppléant),12,0,True,disponible,2026-08-28 18:34
2026-09-03|10:00|banote club paris 16e|lagree full body — women only,2026-09-03,Jeudi,10:00,11:00,Banote Club Paris 16e,LAGREE FULL BODY — WOMEN ONLY,Mikhal (Suppléant),12,0,True,disponible,2026-08-28 18:34
2026-09-03|11:00|banote club paris 16e|lagree full body — women only,2026-09-03,Jeudi,11:00,12:00,Banote Club Paris 16e,LAGREE FULL BODY — WOMEN ONLY,Alexandra (Suppléant),12,0,True,disponible,2026-08-28 18:34
2026-09-03|12:00|banote club paris 16e|advanced full body — women only,2026-09-03,Jeudi,12:00,13:00,Banote Club Paris 16e,ADVANCED FULL BODY — WOMEN ONLY,Alexandra,12,0,True,disponible,2026-08-28 18:34
2026-09-03|13:00|banote club paris 16e|advanced full body — women only,2026-09-03,Jeudi,13:00,14:00,Banote Club Paris 16e,ADVANCED FULL BODY — WOMEN ONLY,Alexandra,12,0,True,disponible,2026-08-28 18:34
2026-09-03|14:00|banote club paris 16e|lagree full body — women only,2026-09-03,Jeudi,14:00,15:00,Banote Club Paris 16e,LAGREE FULL BODY — WOMEN ONLY,Alexandra,12,0,True,disponible,2026-08-28 18:34
2026-09-03|17:30|banote club paris 16e|lagree full body — women only,2026-09-03,Jeudi,17:30,18:30,Banote Club Paris 16e,LAGREE FULL BODY — WOMEN ONLY,Lola,12,0,True,disponible,2026-08-28 18:34
2026-09-03|18:30|banote club charenton|lagree full body — women only,2026-09-03,Jeudi,18:30,19:30,Banote Club Charenton,LAGREE FULL BODY — WOMEN ONLY,Charlotte (Suppléant),12,0,True,disponible,2026-08-29 20:49
2026-09-03|18:30|banote club paris 16e|lagree full body — women only,2026-09-03,Jeudi,18:30,19:30,Banote Club Paris 16e,LAGREE FULL BODY — WOMEN ONLY,Lola,12,0,True,disponible,2026-08-28 18:34
2026-09-03|19:30|banote club charenton|lagree full body — women only,2026-09-03,Jeudi,19:30,20:30,Banote Club Charenton,LAGREE FULL BODY — WOMEN ONLY,Charlotte (Suppléant),12,0,True,disponible,2026-08-29 20:49
2026-09-03|19:30|banote club paris 16e|lagree full body — women only,2026-09-03,Jeudi,19:30,20:30,Banote Club Paris 16e,LAGREE FULL BODY — WOMEN ONLY,Lola,12,0,True,disponible,2026-08-28 18:34
2026-09-03|20:30|banote club charenton|lagree full body — women only,2026-09-03,Jeudi,20:30,21:30,Banote Club Charenton,LAGREE FULL BODY — WOMEN ONLY,Charlotte (Suppléant),12,0,True,disponible,2026-08-29 20:49
2026-09-04|09:00|banote club paris 16e|lagree full body — women only,2026-09-04,Vendredi,09:00,10:00,Banote Club Paris 16e,LAGREE FULL BODY — WOMEN ONLY,Alexandra,12,0,True,disponible,2026-08-29 13:00
2026-09-04|10:00|banote club paris 16e|lagree full body — women only,2026-09-04,Vendredi,10:00,11:00,Banote Club Paris 16e,LAGREE FULL BODY — WOMEN ONLY,Alexandra,12,0,True,disponible,2026-08-29 13:00
2026-09-04|11:00|banote club paris 16e|lagree full body — women only,2026-09-04,Vendredi,11:00,12:00,Banote Club Paris 16e,LAGREE FULL BODY — WOMEN ONLY,Alexandra,12,0,True,disponible,2026-08-29 13:00
2026-09-04|12:00|banote club paris 16e|lagree full body — women only,2026-09-04,Vendredi,12:00,13:00,Banote Club Paris 16e,LAGREE FULL BODY — WOMEN ONLY,Rachel,12,0,True,disponible,2026-08-29 13:00
2026-09-04|13:00|banote club paris 16e|lagree full body — women only,2026-09-04,Vendredi,13:00,14:00,Banote Club Paris 16e,LAGREE FULL BODY — WOMEN ONLY,Rachel,12,0,True,disponible,2026-08-29 13:00
2026-09-04|14:00|banote club paris 16e|lagree full body — women only,2026-09-04,Vendredi,14:00,15:00,Banote Club Paris 16e,LAGREE FULL BODY — WOMEN ONLY,Rachel,12,0,True,disponible,2026-08-29 13:00
2026-09-04|16:00|banote club paris 16e|lagree full body — women only,2026-09-04,Vendredi,16:00,17:00,Banote Club Paris 16e,LAGREE FULL BODY — WOMEN ONLY,Lola (Suppléant),12,0,True,disponible,2026-08-29 13:00
2026-09-04|17:00|banote club paris 16e|lagree full body — women only,2026-09-04,Vendredi,17:00,18:00,Banote Club Paris 16e,LAGREE FULL BODY — WOMEN ONLY,Lola (Suppléant),12,0,True,disponible,2026-08-29 13:00
2026-09-04|18:00|banote club paris 16e|lagree full body — women only,2026-09-04,Vendredi,18:00,19:00,Banote Club Paris 16e,LAGREE FULL BODY — WOMEN ONLY,Lola (Suppléant),12,0,True,disponible,2026-08-29 13:00
2026-09-05|10:00|banote club paris 16e|everybody do lagree — mixed class,2026-09-05,Samedi,10:00,11:00,Banote Club Paris 16e,EVERYBODY DO LAGREE — MIXED CLASS,Enzo,12,0,True,disponible,2026-08-30 16:50
2026-09-05|11:00|banote club paris 16e|everybody do lagree — mixed class,2026-09-05,Samedi,11:00,12:00,Banote Club Paris 16e,EVERYBODY DO LAGREE — MIXED CLASS,Enzo,12,0,True,disponible,2026-08-30 16:50
2026-09-05|12:00|banote club paris 16e|everybody do lagree — mixed class,2026-09-05,Samedi,12:00,13:00,Banote Club Paris 16e,EVERYBODY DO LAGREE — MIXED CLASS,Enzo,12,0,True,disponible,2026-08-30 16:50
2026-09-05|17:30|banote club paris 16e|lagree full body — women only,2026-09-05,Samedi,17:30,18:30,Banote Club Paris 16e,LAGREE FULL BODY — WOMEN ONLY,Rachel,12,0,True,disponible,2026-08-30 16:50
2026-09-05|18:30|banote club paris 16e|lagree full body — women only,2026-09-05,Samedi,18:30,19:30,Banote Club Paris 16e,LAGREE FULL BODY — WOMEN ONLY,Rachel,12,0,True,disponible,2026-08-30 16:50
2026-09-06|10:00|banote club charenton|lagree full body — women only,2026-09-06,Dimanche,10:00,11:00,Banote Club Charenton,LAGREE FULL BODY — WOMEN ONLY,Mikhal (Suppléant),12,0,True,disponible,2026-09-01 22:58
2026-09-06|10:00|banote club paris 16e|advanced full body — women only,2026-09-06,Dimanche,10:00,11:00,Banote Club Paris 16e,ADVANCED FULL BODY — WOMEN ONLY,Alexandra,12,0,True,disponible,2026-09-01 22:58
2026-09-06|11:00|banote club charenton|lagree full body — women only,2026-09-06,Dimanche,11:00,12:00,Banote Club Charenton,LAGREE FULL BODY — WOMEN ONLY,Mikhal (Suppléant),12,0,True,disponible,2026-09-01 22:58
2026-09-06|11:00|banote club paris 16e|lagree full body — women only,2026-09-06,Dimanche,11:00,12:00,Banote Club Paris 16e,LAGREE FULL BODY — WOMEN ONLY,Alexandra,12,0,True,disponible,2026-09-01 22:58
2026-09-06|12:00|banote club charenton|lagree full body — women only,2026-09-06,Dimanche,12:00,13:00,Banote Club Charenton,LAGREE FULL BODY — WOMEN ONLY,Mikhal (Suppléant),12,0,True,disponible,2026-09-01 22:58
2026-09-06|12:00|banote club paris 16e|advanced full body — women only,2026-09-06,Dimanche,12:00,13:00,Banote Club Paris 16e,ADVANCED FULL BODY — WOMEN ONLY,Alexandra,12,0,True,disponible,2026-09-01 22:58
2026-09-06|13:00|banote club charenton|lagree full body — women only,2026-09-06,Dimanche,13:00,14:00,Banote Club Charenton,LAGREE FULL BODY — WOMEN ONLY,Mikhal (Suppléant),12,0,True,disponible,2026-09-01 22:58
2026-09-06|13:00|banote club paris 16e|advanced full body — women only,2026-09-06,Dimanche,13:00,14:00,Banote Club Paris 16e,ADVANCED FULL BODY — WOMEN ONLY,Alexandra,12,0,True,disponible,2026-09-01 22:58
2026-09-06|16:30|banote club charenton|lagree full body — women only,2026-09-06,Dimanche,16:30,17:30,Banote Club Charenton,LAGREE FULL BODY — WOMEN ONLY,Tally,12,0,True,disponible,2026-09-01 22:58
2026-09-06|17:00|banote club paris 16e|lagree full body — women only,2026-09-06,Dimanche,17:00,18:00,Banote Club Paris 16e,LAGREE FULL BODY — WOMEN ONLY,Mikhal,12,0,True,disponible,2026-09-01 22:58
2026-09-06|17:30|banote club charenton|lagree full body — women only,2026-09-06,Dimanche,17:30,18:30,Banote Club Charenton,LAGREE FULL BODY — WOMEN ONLY,Tally,12,0,True,disponible,2026-09-01 22:58
2026-09-06|18:00|banote club paris 16e|lagree full body — women only,2026-09-06,Dimanche,18:00,19:00,Banote Club Paris 16e,LAGREE FULL BODY — WOMEN ONLY,Mikhal,12,0,True,disponible,2026-09-01 22:58
2026-09-06|19:00|banote club paris 16e|lagree full body — women only,2026-09-06,Dimanche,19:00,20:00,Banote Club Paris 16e,LAGREE FULL BODY — WOMEN ONLY,Mikhal,12,0,True,disponible,2026-09-01 22:58
2026-09-07|09:00|banote club paris 16e|lagree full body — women only,2026-09-07,Lundi,09:00,10:00,Banote Club Paris 16e,LAGREE FULL BODY — WOMEN ONLY,Mikhal,12,0,True,disponible,2026-09-01 22:58
2026-09-07|10:00|banote club paris 16e|lagree full body — women only,2026-09-07,Lundi,10:00,11:00,Banote Club Paris 16e,LAGREE FULL BODY — WOMEN ONLY,Mikhal,12,0,True,disponible,2026-09-01 22:58
2026-09-07|11:00|banote club charenton|lagree full body — women only,2026-09-07,Lundi,11:00,12:00,Banote Club Charenton,LAGREE FULL BODY — WOMEN ONLY,Tally,12,0,True,disponible,2026-09-01 22:58
2026-09-07|11:00|banote club paris 16e|lagree full body — women only,2026-09-07,Lundi,11:00,12:00,Banote Club Paris 16e,LAGREE FULL BODY — WOMEN ONLY,Mikhal,12,0,True,disponible,2026-09-01 22:58
2026-09-07|12:00|banote club paris 16e|lagree full body — women only,2026-09-07,Lundi,12:00,13:00,Banote Club Paris 16e,LAGREE FULL BODY — WOMEN ONLY,Rachel,12,0,True,disponible,2026-09-01 22:58
2026-09-07|12:30|banote club charenton|lagree full body — women only,2026-09-07,Lundi,12:30,13:30,Banote Club Charenton,LAGREE FULL BODY — WOMEN ONLY,Tally,12,0,True,disponible,2026-09-01 22:58
2026-09-07|13:00|banote club paris 16e|lagree full body — women only,2026-09-07,Lundi,13:00,14:00,Banote Club Paris 16e,LAGREE FULL BODY — WOMEN ONLY,Rachel,12,0,True,disponible,2026-09-01 22:58
2026-09-07|13:30|banote club charenton|lagree full body — women only,2026-09-07,Lundi,13:30,14:30,Banote Club Charenton,LAGREE FULL BODY — WOMEN ONLY,Tally,12,0,True,disponible,2026-09-01 22:58
2026-09-07|17:00|banote club paris 16e|lagree full body — women only,2026-09-07,Lundi,17:00,18:00,Banote Club Paris 16e,LAGREE FULL BODY — WOMEN ONLY,Rachel,12,0,True,disponible,2026-09-01 22:58
2026-09-07|17:30|banote club charenton|lagree full body — women only,2026-09-07,Lundi,17:30,18:30,Banote Club Charenton,LAGREE FULL BODY — WOMEN ONLY,Marine (Suppléant),12,0,True,disponible,2026-09-01 22:58
2026-09-07|18:00|banote club paris 16e|lagree full body — women only,2026-09-07,Lundi,18:00,19:00,Banote Club Paris 16e,LAGREE FULL BODY — WOMEN ONLY,Rachel,12,0,True,disponible,2026-09-01 22:58
2026-09-07|18:30|banote club charenton|lagree full body — women only,2026-09-07,Lundi,18:30,19:30,Banote Club Charenton,LAGREE FULL BODY — WOMEN ONLY,Marine (Suppléant),12,0,True,disponible,2026-09-01 22:58
2026-09-07|19:00|banote club paris 16e|lagree full body — women only,2026-09-07,Lundi,19:00,20:00,Banote Club Paris 16e,LAGREE FULL BODY — WOMEN ONLY,Rachel,12,0,True,disponible,2026-09-01 22:58
2026-09-07|19:30|banote club charenton|lagree full body — women only,2026-09-07,Lundi,19:30,20:30,Banote Club Charenton,LAGREE FULL BODY — WOMEN ONLY,Marine (Suppléant),12,0,True,disponible,2026-09-01 22:58
2026-09-07|20:00|banote club paris 16e|lagree full body — women only,2026-09-07,Lundi,20:00,21:00,Banote Club Paris 16e,LAGREE FULL BODY — WOMEN ONLY,Rachel,12,0,True,disponible,2026-09-01 22:58
2026-09-08|09:00|banote club paris 16e|lagree full body — women only,2026-09-08,Mardi,09:00,10:00,Banote Club Paris 16e,LAGREE FULL BODY — WOMEN ONLY,Rachel,12,0,True,disponible,2026-09-02 15:34
2026-09-08|10:00|banote club charenton|lagree full body — women only,2026-09-08,Mardi,10:00,11:00,Banote Club Charenton,LAGREE FULL BODY — WOMEN ONLY,Romane (Suppléant),12,0,True,disponible,2026-09-03 10:53
2026-09-08|10:00|banote club paris 16e|lagree full body — women only,2026-09-08,Mardi,10:00,11:00,Banote Club Paris 16e,LAGREE FULL BODY — WOMEN ONLY,Rachel,12,0,True,disponible,2026-09-02 15:34
2026-09-08|11:00|banote club charenton|lagree full body — women only,2026-09-08,Mardi,11:00,12:00,Banote Club Charenton,LAGREE FULL BODY — WOMEN ONLY,Romane (Suppléant),12,0,True,disponible,2026-09-03 10:53
2026-09-08|11:00|banote club paris 16e|lagree full body — women only,2026-09-08,Mardi,11:00,12:00,Banote Club Paris 16e,LAGREE FULL BODY — WOMEN ONLY,Alexandra,12,0,True,disponible,2026-09-02 15:34
2026-09-08|12:00|banote club paris 16e|advanced full body — women only,2026-09-08,Mardi,12:00,13:00,Banote Club Paris 16e,ADVANCED FULL BODY — WOMEN ONLY,Alexandra,12,0,True,disponible,2026-09-02 15:34
2026-09-08|12:30|banote club charenton|lagree full body — women only,2026-09-08,Mardi,12:30,13:30,Banote Club Charenton,LAGREE FULL BODY — WOMEN ONLY,Romane (Suppléant),12,0,True,disponible,2026-09-03 10:53
2026-09-08|13:00|banote club paris 16e|advanced full body — women only,2026-09-08,Mardi,13:00,14:00,Banote Club Paris 16e,ADVANCED FULL BODY — WOMEN ONLY,Alexandra,12,0,True,disponible,2026-09-02 15:34
2026-09-08|14:00|banote club paris 16e|lagree full body — women only,2026-09-08,Mardi,14:00,15:00,Banote Club Paris 16e,LAGREE FULL BODY — WOMEN ONLY,Alexandra,12,0,True,disponible,2026-09-02 15:34
2026-09-08|17:30|banote club charenton|lagree full body — women only,2026-09-08,Mardi,17:30,18:30,Banote Club Charenton,LAGREE FULL BODY — WOMEN ONLY,Marine (Suppléant),12,0,True,disponible,2026-09-03 10:53
2026-09-08|17:30|banote club paris 16e|lagree full body — women only,2026-09-08,Mardi,17:30,18:30,Banote Club Paris 16e,LAGREE FULL BODY — WOMEN ONLY,Mikhal (Suppléant),12,0,True,disponible,2026-09-02 15:34
2026-09-08|18:30|banote club charenton|lagree full body — women only,2026-09-08,Mardi,18:30,19:30,Banote Club Charenton,LAGREE FULL BODY — WOMEN ONLY,Marine (Suppléant),12,0,True,disponible,2026-09-03 10:53
2026-09-08|18:30|banote club paris 16e|lagree full body — women only,2026-09-08,Mardi,18:30,19:30,Banote Club Paris 16e,LAGREE FULL BODY — WOMEN ONLY,Mikhal (Suppléant),12,0,True,disponible,2026-09-02 15:34
2026-09-08|19:30|banote club charenton|lagree full body — women only,2026-09-08,Mardi,19:30,20:30,Banote Club Charenton,LAGREE FULL BODY — WOMEN ONLY,Marine (Suppléant),12,0,True,disponible,2026-09-03 10:53
2026-09-08|19:30|banote club paris 16e|lagree full body — women only,2026-09-08,Mardi,19:30,20:30,Banote Club Paris 16e,LAGREE FULL BODY — WOMEN ONLY,Mikhal (Suppléant),12,0,True,disponible,2026-09-02 15:34
2026-09-08|20:30|banote club paris 16e|lagree full body — women only,2026-09-08,Mardi,20:30,21:30,Banote Club Paris 16e,LAGREE FULL BODY — WOMEN ONLY,Mikhal (Suppléant),12,0,True,disponible,2026-09-02 15:34
2026-09-09|08:00|banote club paris 16e|lagree full body — women only,2026-09-09,Mercredi,08:00,09:00,Banote Club Paris 16e,LAGREE FULL BODY — WOMEN ONLY,Rachel,12,0,True,disponible,2026-09-04 15:27
2026-09-09|09:00|banote club paris 16e|lagree full body — women only,2026-09-09,Mercredi,09:00,10:00,Banote Club Paris 16e,LAGREE FULL BODY — WOMEN ONLY,Rachel,12,0,True,disponible,2026-09-04 15:27
2026-09-09|10:00|banote club charenton|lagree full body — women only,2026-09-09,Mercredi,10:00,11:00,Banote Club Charenton,LAGREE FULL BODY — WOMEN ONLY,Marine,12,0,True,disponible,2026-09-03 10:53
2026-09-09|10:00|banote club paris 16e|lagree full body — women only,2026-09-09,Mercredi,10:00,11:00,Banote Club Paris 16e,LAGREE FULL BODY — WOMEN ONLY,Rachel,12,0,True,disponible,2026-09-04 15:27
2026-09-09|11:00|banote club paris 16e|lagree full body — women only,2026-09-09,Mercredi,11:00,12:00,Banote Club Paris 16e,LAGREE FULL BODY — WOMEN ONLY,Mikhal (Suppléant),12,0,True,disponible,2026-09-04 15:27
2026-09-09|11:30|banote club charenton|lagree full body — women only,2026-09-09,Mercredi,11:30,12:30,Banote Club Charenton,LAGREE FULL BODY — WOMEN ONLY,Marine,12,0,True,disponible,2026-09-03 10:53
2026-09-09|12:00|banote club paris 16e|lagree full body — women only,2026-09-09,Mercredi,12:00,13:00,Banote Club Paris 16e,LAGREE FULL BODY — WOMEN ONLY,Mikhal (Suppléant),12,0,True,disponible,2026-09-04 15:27
2026-09-09|12:30|banote club charenton|lagree full body — women only,2026-09-09,Mercredi,12:30,13:30,Banote Club Charenton,LAGREE FULL BODY — WOMEN ONLY,Marine,12,0,True,disponible,2026-09-03 10:53
2026-09-09|13:00|banote club paris 16e|lagree full body — women only,2026-09-09,Mercredi,13:00,14:00,Banote Club Paris 16e,LAGREE FULL BODY — WOMEN ONLY,Mikhal (Suppléant),12,0,True,disponible,2026-09-04 15:27
2026-09-09|18:30|banote club charenton|lagree full body — women only,2026-09-09,Mercredi,18:30,19:30,Banote Club Charenton,LAGREE FULL BODY — WOMEN ONLY,Marine (Suppléant),12,0,True,disponible,2026-09-03 10:53
2026-09-09|18:30|banote club paris 16e|lagree full body — women only,2026-09-09,Mercredi,18:30,19:30,Banote Club Paris 16e,LAGREE FULL BODY — WOMEN ONLY,Mel,12,0,True,disponible,2026-09-04 15:27
2026-09-09|19:30|banote club charenton|lagree full body — women only,2026-09-09,Mercredi,19:30,20:30,Banote Club Charenton,LAGREE FULL BODY — WOMEN ONLY,Marine (Suppléant),12,0,True,disponible,2026-09-03 10:53
2026-09-09|19:30|banote club paris 16e|lagree full body — women only,2026-09-09,Mercredi,19:30,20:30,Banote Club Paris 16e,LAGREE FULL BODY — WOMEN ONLY,Mel,12,0,True,disponible,2026-09-04 15:27
2026-09-09|20:30|banote club charenton|lagree full body — women only,2026-09-09,Mercredi,20:30,21:30,Banote Club Charenton,LAGREE FULL BODY — WOMEN ONLY,Marine (Suppléant),12,0,True,disponible,2026-09-03 10:53
2026-09-09|20:30|banote club paris 16e|lagree full body — women only,2026-09-09,Mercredi,20:30,21:30,Banote Club Paris 16e,LAGREE FULL BODY — WOMEN ONLY,Mel,12,0,True,disponible,2026-09-04 15:27
2026-09-10|08:00|banote club paris 16e|lagree full body — women only,2026-09-10,Jeudi,08:00,09:00,Banote Club Paris 16e,LAGREE FULL BODY — WOMEN ONLY,Mikhal,12,0,True,disponible,2026-09-04 15:27
2026-09-10|09:00|banote club paris 16e|lagree full body — women only,2026-09-10,Jeudi,09:00,10:00,Banote Club Paris 16e,LAGREE FULL BODY — WOMEN ONLY,Mikhal,12,0,True,disponible,2026-09-04 15:27
2026-09-10|10:00|banote club charenton|lagree full body — women only,2026-09-10,Jeudi,10:00,11:00,Banote Club Charenton,LAGREE FULL BODY — WOMEN ONLY,Noa,12,0,True,disponible,2026-09-04 10:48
2026-09-10|10:00|banote club paris 16e|lagree full body — women only,2026-09-10,Jeudi,10:00,11:00,Banote Club Paris 16e,LAGREE FULL BODY — WOMEN ONLY,Mikhal,12,0,True,disponible,2026-09-04 15:27
2026-09-10|11:00|banote club charenton|lagree full body — women only,2026-09-10,Jeudi,11:00,12:00,Banote Club Charenton,LAGREE FULL BODY — WOMEN ONLY,Noa,12,0,True,disponible,2026-09-04 10:48
2026-09-10|11:00|banote club paris 16e|lagree full body — women only,2026-09-10,Jeudi,11:00,12:00,Banote Club Paris 16e,LAGREE FULL BODY — WOMEN ONLY,Alexandra,12,0,True,disponible,2026-09-04 15:27
2026-09-10|12:00|banote club paris 16e|advanced full body — women only,2026-09-10,Jeudi,12:00,13:00,Banote Club Paris 16e,ADVANCED FULL BODY — WOMEN ONLY,Alexandra,12,0,True,disponible,2026-09-04 15:27
2026-09-10|12:30|banote club charenton|lagree full body — women only,2026-09-10,Jeudi,12:30,13:30,Banote Club Charenton,LAGREE FULL BODY — WOMEN ONLY,Noa,12,0,True,disponible,2026-09-04 10:48
2026-09-10|13:00|banote club paris 16e|advanced full body — women only,2026-09-10,Jeudi,13:00,14:00,Banote Club Paris 16e,ADVANCED FULL BODY — WOMEN ONLY,Alexandra,12,0,True,disponible,2026-09-04 15:27
2026-09-10|14:00|banote club paris 16e|lagree full body — women only,2026-09-10,Jeudi,14:00,15:00,Banote Club Paris 16e,LAGREE FULL BODY — WOMEN ONLY,Alexandra,12,0,True,disponible,2026-09-04 15:27
2026-09-10|17:30|banote club charenton|lagree full body — women only,2026-09-10,Jeudi,17:30,18:30,Banote Club Charenton,LAGREE FULL BODY — WOMEN ONLY,Rachel,12,0,True,disponible,2026-09-04 10:48
2026-09-10|17:30|banote club paris 16e|lagree full body — women only,2026-09-10,Jeudi,17:30,18:30,Banote Club Paris 16e,LAGREE FULL BODY — WOMEN ONLY,Lola,12,0,True,disponible,2026-09-04 15:27
2026-09-10|18:30|banote club charenton|lagree full body — women only,2026-09-10,Jeudi,18:30,19:30,Banote Club Charenton,LAGREE FULL BODY — WOMEN ONLY,Rachel,12,0,True,disponible,2026-09-04 10:48
2026-09-10|18:30|banote club paris 16e|lagree full body — women only,2026-09-10,Jeudi,18:30,19:30,Banote Club Paris 16e,LAGREE FULL BODY — WOMEN ONLY,Lola,12,0,True,disponible,2026-09-04 15:27
2026-09-10|19:30|banote club charenton|lagree full body — women only,2026-09-10,Jeudi,19:30,20:30,Banote Club Charenton,LAGREE FULL BODY — WOMEN ONLY,Rachel,12,0,True,disponible,2026-09-04 10:48
2026-09-10|19:30|banote club paris 16e|lagree full body — women only,2026-09-10,Jeudi,19:30,20:30,Banote Club Paris 16e,LAGREE FULL BODY — WOMEN ONLY,Lola,12,0,True,disponible,2026-09-04 15:27
2026-09-11|09:00|banote club charenton|lagree full body — women only,2026-09-11,Vendredi,09:00,10:00,Banote Club Charenton,LAGREE FULL BODY — WOMEN ONLY,Tally,12,0,True,disponible,2026-09-05 14:01
2026-09-11|09:00|banote club paris 16e|lagree full body — women only,2026-09-11,Vendredi,09:00,10:00,Banote Club Paris 16e,LAGREE FULL BODY — WOMEN ONLY,Alexandra,12,0,True,disponible,2026-09-05 19:17
2026-09-11|10:00|banote club charenton|lagree full body — women only,2026-09-11,Vendredi,10:00,11:00,Banote Club Charenton,LAGREE FULL BODY — WOMEN ONLY,Tally,12,0,True,disponible,2026-09-05 14:01
2026-09-11|10:00|banote club paris 16e|lagree full body — women only,2026-09-11,Vendredi,10:00,11:00,Banote Club Paris 16e,LAGREE FULL BODY — WOMEN ONLY,Alexandra,12,0,True,disponible,2026-09-05 19:17
2026-09-11|11:00|banote club charenton|lagree full body — women only,2026-09-11,Vendredi,11:00,12:00,Banote Club Charenton,LAGREE FULL BODY — WOMEN ONLY,Tally,12,0,True,disponible,2026-09-05 14:01
2026-09-11|11:00|banote club paris 16e|lagree full body — women only,2026-09-11,Vendredi,11:00,12:00,Banote Club Paris 16e,LAGREE FULL BODY — WOMEN ONLY,Alexandra,12,0,True,disponible,2026-09-05 19:17
2026-09-11|12:00|banote club paris 16e|lagree full body — women only,2026-09-11,Vendredi,12:00,13:00,Banote Club Paris 16e,LAGREE FULL BODY — WOMEN ONLY,Rachel,12,0,True,disponible,2026-09-05 19:17
2026-09-11|12:30|banote club charenton|lagree full body — women only,2026-09-11,Vendredi,12:30,13:30,Banote Club Charenton,LAGREE FULL BODY — WOMEN ONLY,Noa,12,0,True,disponible,2026-09-05 14:01
2026-09-11|13:00|banote club paris 16e|lagree full body — women only,2026-09-11,Vendredi,13:00,14:00,Banote Club Paris 16e,LAGREE FULL BODY — WOMEN ONLY,Rachel,12,0,True,disponible,2026-09-05 19:17
2026-09-11|13:30|banote club charenton|lagree full body — women only,2026-09-11,Vendredi,13:30,14:30,Banote Club Charenton,LAGREE FULL BODY — WOMEN ONLY,Noa,12,0,True,disponible,2026-09-05 14:01
2026-09-11|14:00|banote club paris 16e|lagree full body — women only,2026-09-11,Vendredi,14:00,15:00,Banote Club Paris 16e,LAGREE FULL BODY — WOMEN ONLY,Rachel,12,0,True,disponible,2026-09-05 19:17
2026-09-11|16:00|banote club paris 16e|lagree full body — women only,2026-09-11,Vendredi,16:00,17:00,Banote Club Paris 16e,LAGREE FULL BODY — WOMEN ONLY,Noa,12,0,True,disponible,2026-09-05 19:17
2026-09-11|17:00|banote club paris 16e|lagree full body — women only,2026-09-11,Vendredi,17:00,18:00,Banote Club Paris 16e,LAGREE FULL BODY — WOMEN ONLY,Noa,12,0,True,disponible,2026-09-05 19:17
2026-09-11|18:00|banote club paris 16e|lagree full body — women only,2026-09-11,Vendredi,18:00,19:00,Banote Club Paris 16e,LAGREE FULL BODY — WOMEN ONLY,Noa,12,0,True,disponible,2026-09-05 19:17
2026-09-14|09:00|banote club paris 16e|lagree full body — women only,2026-09-14,Lundi,09:00,10:00,Banote Club Paris 16e,LAGREE FULL BODY — WOMEN ONLY,Mikhal,12,0,True,disponible,2026-09-08 15:32
2026-09-14|10:00|banote club paris 16e|lagree full body — women only,2026-09-14,Lundi,10:00,11:00,Banote Club Paris 16e,LAGREE FULL BODY — WOMEN ONLY,Mikhal,12,0,True,disponible,2026-09-08 15:32
2026-09-14|11:00|banote club charenton|lagree full body — women only,2026-09-14,Lundi,11:00,12:00,Banote Club Charenton,LAGREE FULL BODY — WOMEN ONLY,Noa (Suppléant),12,0,True,disponible,2026-09-08 15:32
2026-09-14|11:00|banote club paris 16e|lagree full body — women only,2026-09-14,Lundi,11:00,12:00,Banote Club Paris 16e,LAGREE FULL BODY — WOMEN ONLY,Mikhal,12,0,True,disponible,2026-09-08 15:32
2026-09-14|12:00|banote club paris 16e|lagree full body — women only,2026-09-14,Lundi,12:00,13:00,Banote Club Paris 16e,LAGREE FULL BODY — WOMEN ONLY,Rachel,12,0,True,disponible,2026-09-08 15:32
2026-09-14|12:30|banote club charenton|lagree full body — women only,2026-09-14,Lundi,12:30,13:30,Banote Club Charenton,LAGREE FULL BODY — WOMEN ONLY,Noa (Suppléant),12,0,True,disponible,2026-09-08 15:32
2026-09-14|13:00|banote club paris 16e|lagree full body — women only,2026-09-14,Lundi,13:00,14:00,Banote Club Paris 16e,LAGREE FULL BODY — WOMEN ONLY,Rachel,12,0,True,disponible,2026-09-08 15:32
2026-09-14|13:30|banote club charenton|lagree full body — women only,2026-09-14,Lundi,13:30,14:30,Banote Club Charenton,LAGREE FULL BODY — WOMEN ONLY,Noa (Suppléant),12,0,True,disponible,2026-09-08 15:32
2026-09-14|17:00|banote club paris 16e|lagree full body — women only,2026-09-14,Lundi,17:00,18:00,Banote Club Paris 16e,LAGREE FULL BODY — WOMEN ONLY,Rachel,12,0,True,disponible,2026-09-08 15:32
2026-09-14|17:30|banote club charenton|lagree full body — women only,2026-09-14,Lundi,17:30,18:30,Banote Club Charenton,LAGREE FULL BODY — WOMEN ONLY,Tally (Suppléant),12,0,True,disponible,2026-09-08 15:32
2026-09-14|18:00|banote club paris 16e|lagree full body — women only,2026-09-14,Lundi,18:00,19:00,Banote Club Paris 16e,LAGREE FULL BODY — WOMEN ONLY,Rachel,12,0,True,disponible,2026-09-08 15:32
2026-09-14|18:30|banote club charenton|lagree full body — women only,2026-09-14,Lundi,18:30,19:30,Banote Club Charenton,LAGREE FULL BODY — WOMEN ONLY,Tally (Suppléant),12,0,True,disponible,2026-09-08 15:32
2026-09-14|19:00|banote club paris 16e|lagree full body — women only,2026-09-14,Lundi,19:00,20:00,Banote Club Paris 16e,LAGREE FULL BODY — WOMEN ONLY,Rachel,12,0,True,disponible,2026-09-08 15:32
2026-09-14|19:30|banote club charenton|lagree full body — women only,2026-09-14,Lundi,19:30,20:30,Banote Club Charenton,LAGREE FULL BODY — WOMEN ONLY,Tally (Suppléant),12,0,True,disponible,2026-09-08 15:32
2026-09-14|20:00|banote club paris 16e|lagree full body — women only,2026-09-14,Lundi,20:00,21:00,Banote Club Paris 16e,LAGREE FULL BODY — WOMEN ONLY,Rachel,12,0,True,disponible,2026-09-08 15:32
2026-09-15|09:00|banote club paris 16e|lagree full body — women only,2026-09-15,Mardi,09:00,10:00,Banote Club Paris 16e,LAGREE FULL BODY — WOMEN ONLY,Rachel,12,0,True,disponible,2026-09-10 10:54
2026-09-15|10:00|banote club charenton|lagree full body — women only,2026-09-15,Mardi,10:00,11:00,Banote Club Charenton,LAGREE FULL BODY — WOMEN ONLY,Noa,12,0,True,disponible,2026-09-09 15:40
2026-09-15|10:00|banote club paris 16e|lagree full body — women only,2026-09-15,Mardi,10:00,11:00,Banote Club Paris 16e,LAGREE FULL BODY — WOMEN ONLY,Rachel,12,0,True,disponible,2026-09-10 10:54
2026-09-15|11:00|banote club charenton|lagree full body — women only,2026-09-15,Mardi,11:00,12:00,Banote Club Charenton,LAGREE FULL BODY — WOMEN ONLY,Noa,12,0,True,disponible,2026-09-09 15:40
2026-09-15|11:00|banote club paris 16e|lagree full body — women only,2026-09-15,Mardi,11:00,12:00,Banote Club Paris 16e,LAGREE FULL BODY — WOMEN ONLY,Alexandra,12,0,True,disponible,2026-09-10 10:54
2026-09-15|12:00|banote club paris 16e|advanced full body — women only,2026-09-15,Mardi,12:00,13:00,Banote Club Paris 16e,ADVANCED FULL BODY — WOMEN ONLY,Alexandra,12,0,True,disponible,2026-09-10 10:54
2026-09-15|12:30|banote club charenton|lagree full body — women only,2026-09-15,Mardi,12:30,13:30,Banote Club Charenton,LAGREE FULL BODY — WOMEN ONLY,Noa,12,0,True,disponible,2026-09-09 15:40
2026-09-15|13:00|banote club paris 16e|advanced full body — women only,2026-09-15,Mardi,13:00,14:00,Banote Club Paris 16e,ADVANCED FULL BODY — WOMEN ONLY,Alexandra,12,0,True,disponible,2026-09-10 10:54
2026-09-15|14:00|banote club paris 16e|lagree full body — women only,2026-09-15,Mardi,14:00,15:00,Banote Club Paris 16e,LAGREE FULL BODY — WOMEN ONLY,Alexandra,12,0,True,disponible,2026-09-10 10:54
2026-09-15|17:30|banote club charenton|lagree full body — women only,2026-09-15,Mardi,17:30,18:30,Banote Club Charenton,LAGREE FULL BODY — WOMEN ONLY,Tally,12,0,True,disponible,2026-09-09 15:40
2026-09-15|17:30|banote club paris 16e|lagree full body — women only,2026-09-15,Mardi,17:30,18:30,Banote Club Paris 16e,LAGREE FULL BODY — WOMEN ONLY,Noa,12,0,True,disponible,2026-09-10 10:54
2026-09-15|18:30|banote club charenton|lagree full body — women only,2026-09-15,Mardi,18:30,19:30,Banote Club Charenton,LAGREE FULL BODY — WOMEN ONLY,Tally,12,0,True,disponible,2026-09-09 15:40
2026-09-15|18:30|banote club paris 16e|lagree full body — women only,2026-09-15,Mardi,18:30,19:30,Banote Club Paris 16e,LAGREE FULL BODY — WOMEN ONLY,Noa,12,0,True,disponible,2026-09-10 10:54
2026-09-15|19:30|banote club charenton|lagree full body — women only,2026-09-15,Mardi,19:30,20:30,Banote Club Charenton,LAGREE FULL BODY — WOMEN ONLY,Tally,12,0,True,disponible,2026-09-09 15:40
2026-09-15|19:30|banote club paris 16e|lagree full body — women only,2026-09-15,Mardi,19:30,20:30,Banote Club Paris 16e,LAGREE FULL BODY — WOMEN ONLY,Noa,12,0,True,disponible,2026-09-10 10:54
2026-09-15|20:30|banote club paris 16e|lagree full body — women only,2026-09-15,Mardi,20:30,21:30,Banote Club Paris 16e,LAGREE FULL BODY — WOMEN ONLY,Noa,12,0,True,disponible,2026-09-10 10:54
2026-09-16|08:00|banote club paris 16e|lagree full body — women only,2026-09-16,Mercredi,08:00,09:00,Banote Club Paris 16e,LAGREE FULL BODY — WOMEN ONLY,Rachel,12,0,True,disponible,2026-09-10 10:54
2026-09-16|09:00|banote club paris 16e|lagree full body — women only,2026-09-16,Mercredi,09:00,10:00,Banote Club Paris 16e,LAGREE FULL BODY — WOMEN ONLY,Rachel,12,0,True,disponible,2026-09-10 10:54
2026-09-16|10:00|banote club charenton|lagree full body — women only,2026-09-16,Mercredi,10:00,11:00,Banote Club Charenton,LAGREE FULL BODY — WOMEN ONLY,Marine,12,0,True,disponible,2026-09-10 15:31
2026-09-16|10:00|banote club paris 16e|lagree full body — women only,2026-09-16,Mercredi,10:00,11:00,Banote Club Paris 16e,LAGREE FULL BODY — WOMEN ONLY,Rachel,12,0,True,disponible,2026-09-10 10:54
2026-09-16|11:00|banote club paris 16e|lagree full body — women only,2026-09-16,Mercredi,11:00,12:00,Banote Club Paris 16e,LAGREE FULL BODY — WOMEN ONLY,Mel (Suppléant),12,0,True,disponible,2026-09-10 10:54
2026-09-16|11:30|banote club charenton|lagree full body — women only,2026-09-16,Mercredi,11:30,12:30,Banote Club Charenton,LAGREE FULL BODY — WOMEN ONLY,Marine,12,0,True,disponible,2026-09-10 15:31
2026-09-16|12:00|banote club paris 16e|lagree full body — women only,2026-09-16,Mercredi,12:00,13:00,Banote Club Paris 16e,LAGREE FULL BODY — WOMEN ONLY,Mel (Suppléant),12,0,True,disponible,2026-09-10 10:54
2026-09-16|12:30|banote club charenton|lagree full body — women only,2026-09-16,Mercredi,12:30,13:30,Banote Club Charenton,LAGREE FULL BODY — WOMEN ONLY,Marine,12,0,True,disponible,2026-09-10 15:31
2026-09-16|13:00|banote club paris 16e|lagree full body — women only,2026-09-16,Mercredi,13:00,14:00,Banote Club Paris 16e,LAGREE FULL BODY — WOMEN ONLY,Mel (Suppléant),12,0,True,disponible,2026-09-10 10:54
2026-09-16|18:30|banote club charenton|lagree full body — women only,2026-09-16,Mercredi,18:30,19:30,Banote Club Charenton,LAGREE FULL BODY — WOMEN ONLY,Noa,12,0,True,disponible,2026-09-10 15:31
2026-09-16|18:30|banote club paris 16e|lagree full body — women only,2026-09-16,Mercredi,18:30,19:30,Banote Club Paris 16e,LAGREE FULL BODY — WOMEN ONLY,Mel,12,0,True,disponible,2026-09-10 10:54
2026-09-16|19:30|banote club charenton|lagree full body — women only,2026-09-16,Mercredi,19:30,20:30,Banote Club Charenton,LAGREE FULL BODY — WOMEN ONLY,Noa,12,0,True,disponible,2026-09-10 15:31
2026-09-16|19:30|banote club paris 16e|lagree full body — women only,2026-09-16,Mercredi,19:30,20:30,Banote Club Paris 16e,LAGREE FULL BODY — WOMEN ONLY,Mel,12,0,True,disponible,2026-09-10 10:54
2026-09-16|20:30|banote club charenton|lagree full body — women only,2026-09-16,Mercredi,20:30,21:30,Banote Club Charenton,LAGREE FULL BODY — WOMEN ONLY,Noa,12,0,True,disponible,2026-09-10 15:31
2026-09-16|20:30|banote club paris 16e|lagree full body — women only,2026-09-16,Mercredi,20:30,21:30,Banote Club Paris 16e,LAGREE FULL BODY — WOMEN ONLY,Mel,12,0,True,disponible,2026-09-10 10:54
2026-09-17|08:00|banote club paris 16e|lagree full body — women only,2026-09-17,Jeudi,08:00,09:00,Banote Club Paris 16e,LAGREE FULL BODY — WOMEN ONLY,Mikhal,12,0,True,disponible,2026-09-11 10:52
2026-09-17|09:00|banote club paris 16e|lagree full body — women only,2026-09-17,Jeudi,09:00,10:00,Banote Club Paris 16e,LAGREE FULL BODY — WOMEN ONLY,Mikhal,12,0,True,disponible,2026-09-11 10:52
2026-09-17|10:00|banote club charenton|lagree full body — women only,2026-09-17,Jeudi,10:00,11:00,Banote Club Charenton,LAGREE FULL BODY — WOMEN ONLY,Noa,12,0,True,disponible,2026-09-11 10:52
2026-09-17|10:00|banote club paris 16e|lagree full body — women only,2026-09-17,Jeudi,10:00,11:00,Banote Club Paris 16e,LAGREE FULL BODY — WOMEN ONLY,Mikhal,12,0,True,disponible,2026-09-11 10:52
2026-09-17|11:00|banote club paris 16e|lagree full body — women only,2026-09-17,Jeudi,11:00,12:00,Banote Club Paris 16e,LAGREE FULL BODY — WOMEN ONLY,Alexandra,12,0,True,disponible,2026-09-11 10:52
2026-09-17|12:00|banote club paris 16e|advanced full body — women only,2026-09-17,Jeudi,12:00,13:00,Banote Club Paris 16e,ADVANCED FULL BODY — WOMEN ONLY,Alexandra,12,0,True,disponible,2026-09-11 10:52
2026-09-17|12:30|banote club charenton|lagree full body — women only,2026-09-17,Jeudi,12:30,13:30,Banote Club Charenton,LAGREE FULL BODY — WOMEN ONLY,Noa,12,0,True,disponible,2026-09-11 10:52
2026-09-17|13:00|banote club paris 16e|advanced full body — women only,2026-09-17,Jeudi,13:00,14:00,Banote Club Paris 16e,ADVANCED FULL BODY — WOMEN ONLY,Alexandra,12,0,True,disponible,2026-09-11 10:52
2026-09-17|14:00|banote club paris 16e|lagree full body — women only,2026-09-17,Jeudi,14:00,15:00,Banote Club Paris 16e,LAGREE FULL BODY — WOMEN ONLY,Alexandra,12,0,True,disponible,2026-09-11 10:52
2026-09-17|17:30|banote club charenton|lagree full body — women only,2026-09-17,Jeudi,17:30,18:30,Banote Club Charenton,LAGREE FULL BODY — WOMEN ONLY,Tally (Suppléant),12,0,True,disponible,2026-09-11 10:52
2026-09-17|17:30|banote club paris 16e|lagree full body — women only,2026-09-17,Jeudi,17:30,18:30,Banote Club Paris 16e,LAGREE FULL BODY — WOMEN ONLY,Lola,12,0,True,disponible,2026-09-11 10:52
2026-09-17|18:30|banote club charenton|lagree full body — women only,2026-09-17,Jeudi,18:30,19:30,Banote Club Charenton,LAGREE FULL BODY — WOMEN ONLY,Tally (Suppléant),12,0,True,disponible,2026-09-11 10:52
2026-09-17|18:30|banote club paris 16e|lagree full body — women only,2026-09-17,Jeudi,18:30,19:30,Banote Club Paris 16e,LAGREE FULL BODY — WOMEN ONLY,Lola,12,0,True,disponible,2026-09-11 10:52
2026-09-17|19:30|banote club charenton|lagree full body — women only,2026-09-17,Jeudi,19:30,20:30,Banote Club Charenton,LAGREE FULL BODY — WOMEN ONLY,Tally (Suppléant),12,0,True,disponible,2026-09-11 10:52
2026-09-17|19:30|banote club paris 16e|lagree full body — women only,2026-09-17,Jeudi,19:30,20:30,Banote Club Paris 16e,LAGREE FULL BODY — WOMEN ONLY,Lola,12,0,True,disponible,2026-09-11 10:52
2026-09-18|09:00|banote club charenton|lagree full body — women only,2026-09-18,Vendredi,09:00,10:00,Banote Club Charenton,LAGREE FULL BODY — WOMEN ONLY,Tally,12,0,True,disponible,2026-09-12 14:21
2026-09-18|09:00|banote club paris 16e|lagree full body — women only,2026-09-18,Vendredi,09:00,10:00,Banote Club Paris 16e,LAGREE FULL BODY — WOMEN ONLY,Alexandra,12,0,True,disponible,2026-09-12 22:55
2026-09-18|10:00|banote club charenton|lagree full body — women only,2026-09-18,Vendredi,10:00,11:00,Banote Club Charenton,LAGREE FULL BODY — WOMEN ONLY,Tally,12,0,True,disponible,2026-09-12 14:21
2026-09-18|10:00|banote club paris 16e|lagree full body — women only,2026-09-18,Vendredi,10:00,11:00,Banote Club Paris 16e,LAGREE FULL BODY — WOMEN ONLY,Alexandra,12,0,True,disponible,2026-09-12 22:55
2026-09-18|11:00|banote club charenton|lagree full body — women only,2026-09-18,Vendredi,11:00,12:00,Banote Club Charenton,LAGREE FULL BODY — WOMEN ONLY,Tally,12,0,True,disponible,2026-09-12 14:21
2026-09-18|11:00|banote club paris 16e|lagree full body — women only,2026-09-18,Vendredi,11:00,12:00,Banote Club Paris 16e,LAGREE FULL BODY — WOMEN ONLY,Alexandra,12,0,True,disponible,2026-09-12 22:55
2026-09-18|12:00|banote club paris 16e|lagree full body — women only,2026-09-18,Vendredi,12:00,13:00,Banote Club Paris 16e,LAGREE FULL BODY — WOMEN ONLY,Rachel,12,0,True,disponible,2026-09-12 22:55
2026-09-18|12:30|banote club charenton|lagree full body — women only,2026-09-18,Vendredi,12:30,13:30,Banote Club Charenton,LAGREE FULL BODY — WOMEN ONLY,Noa,12,0,True,disponible,2026-09-12 14:21
2026-09-18|13:00|banote club paris 16e|lagree full body — women only,2026-09-18,Vendredi,13:00,14:00,Banote Club Paris 16e,LAGREE FULL BODY — WOMEN ONLY,Rachel,12,0,True,disponible,2026-09-12 22:55
2026-09-18|13:30|banote club charenton|lagree full body — women only,2026-09-18,Vendredi,13:30,14:30,Banote Club Charenton,LAGREE FULL BODY — WOMEN ONLY,Noa,12,0,True,disponible,2026-09-12 14:21
2026-09-18|14:00|banote club paris 16e|lagree full body — women only,2026-09-18,Vendredi,14:00,15:00,Banote Club Paris 16e,LAGREE FULL BODY — WOMEN ONLY,Rachel,12,0,True,disponible,2026-09-12 22:55
2026-09-18|16:00|banote club paris 16e|lagree full body — women only,2026-09-18,Vendredi,16:00,17:00,Banote Club Paris 16e,LAGREE FULL BODY — WOMEN ONLY,Noa,12,0,True,disponible,2026-09-12 22:55
2026-09-18|17:00|banote club paris 16e|lagree full body — women only,2026-09-18,Vendredi,17:00,18:00,Banote Club Paris 16e,LAGREE FULL BODY — WOMEN ONLY,Noa,12,0,True,disponible,2026-09-12 22:55
2026-09-18|18:00|banote club paris 16e|lagree full body — women only,2026-09-18,Vendredi,18:00,19:00,Banote Club Paris 16e,LAGREE FULL BODY — WOMEN ONLY,Noa,12,0,True,disponible,2026-09-12 22:55
2026-09-19|10:00|banote club paris 16e|everybody do lagree — mixed class,2026-09-19,Samedi,10:00,11:00,Banote Club Paris 16e,EVERYBODY DO LAGREE — MIXED CLASS,Enzo,12,0,True,disponible,2026-09-13 15:52
2026-09-19|11:00|banote club paris 16e|everybody do lagree — mixed class,2026-09-19,Samedi,11:00,12:00,Banote Club Paris 16e,EVERYBODY DO LAGREE — MIXED CLASS,Enzo,12,0,True,disponible,2026-09-13 15:52
2026-09-19|12:00|banote club paris 16e|everybody do lagree — mixed class,2026-09-19,Samedi,12:00,13:00,Banote Club Paris 16e,EVERYBODY DO LAGREE — MIXED CLASS,Enzo,12,0,True,disponible,2026-09-13 15:52
2026-09-19|17:30|banote club paris 16e|lagree full body — women only,2026-09-19,Samedi,17:30,18:30,Banote Club Paris 16e,LAGREE FULL BODY — WOMEN ONLY,Rachel,12,0,True,disponible,2026-09-13 15:52
2026-09-19|18:30|banote club paris 16e|lagree full body — women only,2026-09-19,Samedi,18:30,19:30,Banote Club Paris 16e,LAGREE FULL BODY — WOMEN ONLY,Rachel,12,0,True,disponible,2026-09-13 15:52
2026-09-20|10:00|banote club charenton|lagree full body — women only,2026-09-20,Dimanche,10:00,11:00,Banote Club Charenton,LAGREE FULL BODY — WOMEN ONLY,Noa,12,0,True,disponible,2026-09-14 22:30
2026-09-20|10:00|banote club paris 16e|advanced full body — women only,2026-09-20,Dimanche,10:00,11:00,Banote Club Paris 16e,ADVANCED FULL BODY — WOMEN ONLY,Alexandra,12,0,True,disponible,2026-09-14 22:30
2026-09-20|11:00|banote club charenton|lagree full body — women only,2026-09-20,Dimanche,11:00,12:00,Banote Club Charenton,LAGREE FULL BODY — WOMEN ONLY,Noa,12,0,True,disponible,2026-09-14 22:30
2026-09-20|11:00|banote club paris 16e|lagree full body — women only,2026-09-20,Dimanche,11:00,12:00,Banote Club Paris 16e,LAGREE FULL BODY — WOMEN ONLY,Alexandra,12,0,True,disponible,2026-09-14 22:30
2026-09-20|12:00|banote club charenton|lagree full body — women only,2026-09-20,Dimanche,12:00,13:00,Banote Club Charenton,LAGREE FULL BODY — WOMEN ONLY,Noa,12,0,True,disponible,2026-09-14 22:30
2026-09-20|12:00|banote club paris 16e|advanced full body — women only,2026-09-20,Dimanche,12:00,13:00,Banote Club Paris 16e,ADVANCED FULL BODY — WOMEN ONLY,Alexandra,12,0,True,disponible,2026-09-14 22:30
2026-09-20|13:00|banote club charenton|lagree full body — women only,2026-09-20,Dimanche,13:00,14:00,Banote Club Charenton,LAGREE FULL BODY — WOMEN ONLY,Noa,12,0,True,disponible,2026-09-14 22:30
2026-09-20|13:00|banote club paris 16e|advanced full body — women only,2026-09-20,Dimanche,13:00,14:00,Banote Club Paris 16e,ADVANCED FULL BODY — WOMEN ONLY,Alexandra,12,0,True,disponible,2026-09-14 22:30
2026-09-20|16:30|banote club charenton|lagree full body — women only,2026-09-20,Dimanche,16:30,17:30,Banote Club Charenton,LAGREE FULL BODY — WOMEN ONLY,Tally,12,0,True,disponible,2026-09-14 22:30
2026-09-20|17:00|banote club paris 16e|lagree full body — women only,2026-09-20,Dimanche,17:00,18:00,Banote Club Paris 16e,LAGREE FULL BODY — WOMEN ONLY,Mikhal,12,0,True,disponible,2026-09-14 22:30
2026-09-20|17:30|banote club charenton|lagree full body — women only,2026-09-20,Dimanche,17:30,18:30,Banote Club Charenton,LAGREE FULL BODY — WOMEN ONLY,Tally,12,0,True,disponible,2026-09-14 22:30
2026-09-20|18:00|banote club paris 16e|lagree full body — women only,2026-09-20,Dimanche,18:00,19:00,Banote Club Paris 16e,LAGREE FULL BODY — WOMEN ONLY,Mikhal,12,0,True,disponible,2026-09-14 22:30
2026-09-20|19:00|banote club paris 16e|lagree full body — women only,2026-09-20,Dimanche,19:00,20:00,Banote Club Paris 16e,LAGREE FULL BODY — WOMEN ONLY,Mikhal,12,0,True,disponible,2026-09-14 22:30
2026-09-22|09:00|banote club charenton|lagree full body — women only,2026-09-22,Mardi,09:00,10:00,Banote Club Charenton,LAGREE FULL BODY — WOMEN ONLY,Noa,12,0,True,disponible,2026-09-18 19:11
2026-09-22|09:00|banote club paris 16e|lagree full body — women only,2026-09-22,Mardi,09:00,10:00,Banote Club Paris 16e,LAGREE FULL BODY — WOMEN ONLY,Rachel,12,0,True,disponible,2026-09-16 16:20
2026-09-22|10:00|banote club charenton|lagree full body — women only,2026-09-22,Mardi,10:00,11:00,Banote Club Charenton,LAGREE FULL BODY — WOMEN ONLY,Noa,12,0,True,disponible,2026-09-18 19:11
2026-09-22|10:00|banote club paris 16e|lagree full body — women only,2026-09-22,Mardi,10:00,11:00,Banote Club Paris 16e,LAGREE FULL BODY — WOMEN ONLY,Rachel,12,0,True,disponible,2026-09-16 16:20
2026-09-22|11:00|banote club charenton|lagree full body — women only,2026-09-22,Mardi,11:00,12:00,Banote Club Charenton,LAGREE FULL BODY — WOMEN ONLY,Noa,12,0,True,disponible,2026-09-18 19:11
2026-09-22|11:00|banote club paris 16e|lagree full body — women only,2026-09-22,Mardi,11:00,12:00,Banote Club Paris 16e,LAGREE FULL BODY — WOMEN ONLY,Alexandra,12,0,True,disponible,2026-09-16 16:20
2026-09-22|12:00|banote club paris 16e|advanced full body — women only,2026-09-22,Mardi,12:00,13:00,Banote Club Paris 16e,ADVANCED FULL BODY — WOMEN ONLY,Alexandra,12,0,True,disponible,2026-09-16 16:20
2026-09-22|12:30|banote club charenton|lagree full body — women only,2026-09-22,Mardi,12:30,13:30,Banote Club Charenton,LAGREE FULL BODY — WOMEN ONLY,Noa,12,0,True,disponible,2026-09-18 19:11
2026-09-22|13:00|banote club paris 16e|advanced full body — women only,2026-09-22,Mardi,13:00,14:00,Banote Club Paris 16e,ADVANCED FULL BODY — WOMEN ONLY,Alexandra,12,0,True,disponible,2026-09-16 16:20
2026-09-22|14:00|banote club paris 16e|lagree full body — women only,2026-09-22,Mardi,14:00,15:00,Banote Club Paris 16e,LAGREE FULL BODY — WOMEN ONLY,Alexandra,12,0,True,disponible,2026-09-16 16:20
2026-09-22|17:30|banote club charenton|lagree full body — women only,2026-09-22,Mardi,17:30,18:30,Banote Club Charenton,LAGREE FULL BODY — WOMEN ONLY,Tally,12,0,True,disponible,2026-09-18 19:11
2026-09-22|17:30|banote club paris 16e|lagree full body — women only,2026-09-22,Mardi,17:30,18:30,Banote Club Paris 16e,LAGREE FULL BODY — WOMEN ONLY,Noa,12,0,True,disponible,2026-09-16 16:20
2026-09-22|18:30|banote club charenton|lagree full body — women only,2026-09-22,Mardi,18:30,19:30,Banote Club Charenton,LAGREE FULL BODY — WOMEN ONLY,Tally,12,0,True,disponible,2026-09-18 19:11
2026-09-22|18:30|banote club paris 16e|lagree full body — women only,2026-09-22,Mardi,18:30,19:30,Banote Club Paris 16e,LAGREE FULL BODY — WOMEN ONLY,Noa,12,0,True,disponible,2026-09-16 16:20
2026-09-22|19:30|banote club charenton|lagree full body — women only,2026-09-22,Mardi,19:30,20:30,Banote Club Charenton,LAGREE FULL BODY — WOMEN ONLY,Tally,12,0,True,disponible,2026-09-18 19:11
2026-09-22|19:30|banote club paris 16e|lagree full body — women only,2026-09-22,Mardi,19:30,20:30,Banote Club Paris 16e,LAGREE FULL BODY — WOMEN ONLY,Noa,12,0,True,disponible,2026-09-16 16:20
2026-09-22|20:30|banote club paris 16e|lagree full body — women only,2026-09-22,Mardi,20:30,21:30,Banote Club Paris 16e,LAGREE FULL BODY — WOMEN ONLY,Noa,12,0,True,disponible,2026-09-16 16:20
2026-09-23|08:00|banote club paris 16e|lagree full body — women only,2026-09-23,Mercredi,08:00,09:00,Banote Club Paris 16e,LAGREE FULL BODY — WOMEN ONLY,Rachel,12,0,True,disponible,2026-09-18 21:56
2026-09-23|09:00|banote club charenton|lagree full body — women only,2026-09-23,Mercredi,09:00,10:00,Banote Club Charenton,LAGREE FULL BODY — WOMEN ONLY,Tally,12,0,True,disponible,2026-09-18 19:11
2026-09-23|09:00|banote club paris 16e|lagree full body — women only,2026-09-23,Mercredi,09:00,10:00,Banote Club Paris 16e,LAGREE FULL BODY — WOMEN ONLY,Rachel,12,0,True,disponible,2026-09-18 21:56
2026-09-23|10:00|banote club charenton|lagree full body — women only,2026-09-23,Mercredi,10:00,11:00,Banote Club Charenton,LAGREE FULL BODY — WOMEN ONLY,Tally,12,0,True,disponible,2026-09-18 19:11
2026-09-23|10:00|banote club paris 16e|lagree full body — women only,2026-09-23,Mercredi,10:00,11:00,Banote Club Paris 16e,LAGREE FULL BODY — WOMEN ONLY,Rachel,12,0,True,disponible,2026-09-18 21:56
2026-09-23|11:00|banote club paris 16e|lagree full body — women only,2026-09-23,Mercredi,11:00,12:00,Banote Club Paris 16e,LAGREE FULL BODY — WOMEN ONLY,Susie,12,0,True,disponible,2026-09-18 21:56
2026-09-23|11:30|banote club charenton|lagree full body — women only,2026-09-23,Mercredi,11:30,12:30,Banote Club Charenton,LAGREE FULL BODY — WOMEN ONLY,Tally,12,0,True,disponible,2026-09-18 19:11
2026-09-23|12:00|banote club paris 16e|lagree full body — women only,2026-09-23,Mercredi,12:00,13:00,Banote Club Paris 16e,LAGREE FULL BODY — WOMEN ONLY,Susie,12,0,True,disponible,2026-09-18 21:56
2026-09-23|12:30|banote club charenton|lagree full body — women only,2026-09-23,Mercredi,12:30,13:30,Banote Club Charenton,LAGREE FULL BODY — WOMEN ONLY,Tally,12,0,True,disponible,2026-09-18 19:11
2026-09-23|13:00|banote club paris 16e|lagree full body — women only,2026-09-23,Mercredi,13:00,14:00,Banote Club Paris 16e,LAGREE FULL BODY — WOMEN ONLY,Susie,12,0,True,disponible,2026-09-18 21:56
2026-09-23|18:30|banote club charenton|lagree full body — women only,2026-09-23,Mercredi,18:30,19:30,Banote Club Charenton,LAGREE FULL BODY — WOMEN ONLY,Noa,12,0,True,disponible,2026-09-18 19:11
2026-09-23|18:30|banote club paris 16e|lagree full body — women only,2026-09-23,Mercredi,18:30,19:30,Banote Club Paris 16e,LAGREE FULL BODY — WOMEN ONLY,Mel,12,0,True,disponible,2026-09-18 21:56
2026-09-23|19:30|banote club charenton|lagree full body — women only,2026-09-23,Mercredi,19:30,20:30,Banote Club Charenton,LAGREE FULL BODY — WOMEN ONLY,Noa,12,0,True,disponible,2026-09-18 19:11
2026-09-23|19:30|banote club paris 16e|lagree full body — women only,2026-09-23,Mercredi,19:30,20:30,Banote Club Paris 16e,LAGREE FULL BODY — WOMEN ONLY,Mel,12,0,True,disponible,2026-09-18 21:56
2026-09-23|20:30|banote club charenton|lagree full body — women only,2026-09-23,Mercredi,20:30,21:30,Banote Club Charenton,LAGREE FULL BODY — WOMEN ONLY,Noa,12,0,True,disponible,2026-09-18 19:11
2026-09-23|20:30|banote club paris 16e|lagree full body — women only,2026-09-23,Mercredi,20:30,21:30,Banote Club Paris 16e,LAGREE FULL BODY — WOMEN ONLY,Mel,12,0,True,disponible,2026-09-18 21:56
2026-09-24|08:00|banote club paris 16e|lagree full body — women only,2026-09-24,Jeudi,08:00,09:00,Banote Club Paris 16e,LAGREE FULL BODY — WOMEN ONLY,Mikhal,12,0,True,disponible,2026-09-18 21:56
2026-09-24|09:00|banote club paris 16e|lagree full body — women only,2026-09-24,Jeudi,09:00,10:00,Banote Club Paris 16e,LAGREE FULL BODY — WOMEN ONLY,Mikhal,12,0,True,disponible,2026-09-18 21:56
2026-09-24|10:00|banote club charenton|lagree full body — women only,2026-09-24,Jeudi,10:00,11:00,Banote Club Charenton,LAGREE FULL BODY — WOMEN ONLY,Noa,12,0,True,disponible,2026-09-18 19:11
2026-09-24|10:00|banote club paris 16e|lagree full body — women only,2026-09-24,Jeudi,10:00,11:00,Banote Club Paris 16e,LAGREE FULL BODY — WOMEN ONLY,Mikhal,12,0,True,disponible,2026-09-18 21:56
2026-09-24|11:00|banote club paris 16e|lagree full body — women only,2026-09-24,Jeudi,11:00,12:00,Banote Club Paris 16e,LAGREE FULL BODY — WOMEN ONLY,Alexandra,12,0,True,disponible,2026-09-18 21:56
2026-09-24|12:00|banote club paris 16e|advanced full body — women only,2026-09-24,Jeudi,12:00,13:00,Banote Club Paris 16e,ADVANCED FULL BODY — WOMEN ONLY,Alexandra,12,0,True,disponible,2026-09-18 21:56
2026-09-24|12:30|banote club charenton|lagree full body — women only,2026-09-24,Jeudi,12:30,13:30,Banote Club Charenton,LAGREE FULL BODY — WOMEN ONLY,Noa,12,0,True,disponible,2026-09-18 19:11
2026-09-24|13:00|banote club paris 16e|advanced full body — women only,2026-09-24,Jeudi,13:00,14:00,Banote Club Paris 16e,ADVANCED FULL BODY — WOMEN ONLY,Alexandra,12,0,True,disponible,2026-09-18 21:56
2026-09-24|14:00|banote club paris 16e|lagree full body — women only,2026-09-24,Jeudi,14:00,15:00,Banote Club Paris 16e,LAGREE FULL BODY — WOMEN ONLY,Alexandra,12,0,True,disponible,2026-09-18 21:56
2026-09-24|17:30|banote club paris 16e|lagree full body — women only,2026-09-24,Jeudi,17:30,18:30,Banote Club Paris 16e,LAGREE FULL BODY — WOMEN ONLY,Lola,12,0,True,disponible,2026-09-18 21:56
2026-09-24|18:30|banote club charenton|lagree full body — women only,2026-09-24,Jeudi,18:30,19:30,Banote Club Charenton,LAGREE FULL BODY — WOMEN ONLY,Tally (Suppléant),12,0,True,disponible,2026-09-18 19:11
2026-09-24|18:30|banote club paris 16e|lagree full body — women only,2026-09-24,Jeudi,18:30,19:30,Banote Club Paris 16e,LAGREE FULL BODY — WOMEN ONLY,Lola,12,0,True,disponible,2026-09-18 21:56
2026-09-24|19:30|banote club charenton|lagree full body — women only,2026-09-24,Jeudi,19:30,20:30,Banote Club Charenton,LAGREE FULL BODY — WOMEN ONLY,Tally (Suppléant),12,0,True,disponible,2026-09-18 19:11
2026-09-24|19:30|banote club paris 16e|lagree full body — women only,2026-09-24,Jeudi,19:30,20:30,Banote Club Paris 16e,LAGREE FULL BODY — WOMEN ONLY,Lola,12,0,True,disponible,2026-09-18 21:56
2026-09-25|09:00|banote club charenton|lagree full body — women only,2026-09-25,Vendredi,09:00,10:00,Banote Club Charenton,LAGREE FULL BODY — WOMEN ONLY,Marine (Suppléant),12,0,True,disponible,2026-09-20 11:14
2026-09-25|09:00|banote club paris 16e|lagree full body — women only,2026-09-25,Vendredi,09:00,10:00,Banote Club Paris 16e,LAGREE FULL BODY — WOMEN ONLY,Alexandra,12,0,True,disponible,2026-09-21 18:27
2026-09-25|10:00|banote club charenton|lagree full body — women only,2026-09-25,Vendredi,10:00,11:00,Banote Club Charenton,LAGREE FULL BODY — WOMEN ONLY,Marine,12,0,True,disponible,2026-09-20 11:14
2026-09-25|10:00|banote club paris 16e|lagree full body — women only,2026-09-25,Vendredi,10:00,11:00,Banote Club Paris 16e,LAGREE FULL BODY — WOMEN ONLY,Alexandra,12,0,True,disponible,2026-09-21 18:27
2026-09-25|11:00|banote club charenton|lagree full body — women only,2026-09-25,Vendredi,11:00,12:00,Banote Club Charenton,LAGREE FULL BODY — WOMEN ONLY,Marine,12,0,True,disponible,2026-09-20 11:14
2026-09-25|11:00|banote club paris 16e|lagree full body — women only,2026-09-25,Vendredi,11:00,12:00,Banote Club Paris 16e,LAGREE FULL BODY — WOMEN ONLY,Alexandra,12,0,True,disponible,2026-09-21 18:27
2026-09-25|12:00|banote club paris 16e|lagree full body — women only,2026-09-25,Vendredi,12:00,13:00,Banote Club Paris 16e,LAGREE FULL BODY — WOMEN ONLY,Rachel,12,0,True,disponible,2026-09-21 18:27
2026-09-25|12:30|banote club charenton|lagree full body — women only,2026-09-25,Vendredi,12:30,13:30,Banote Club Charenton,LAGREE FULL BODY — WOMEN ONLY,Noa,12,0,True,disponible,2026-09-20 11:14
2026-09-25|13:00|banote club paris 16e|lagree full body — women only,2026-09-25,Vendredi,13:00,14:00,Banote Club Paris 16e,LAGREE FULL BODY — WOMEN ONLY,Rachel,12,0,True,disponible,2026-09-21 18:27
2026-09-25|13:30|banote club charenton|lagree full body — women only,2026-09-25,Vendredi,13:30,14:30,Banote Club Charenton,LAGREE FULL BODY — WOMEN ONLY,Noa,12,0,True,disponible,2026-09-20 11:14
2026-09-25|14:00|banote club paris 16e|lagree full body — women only,2026-09-25,Vendredi,14:00,15:00,Banote Club Paris 16e,LAGREE FULL BODY — WOMEN ONLY,Rachel,12,0,True,disponible,2026-09-21 18:27
2026-09-25|16:00|banote club paris 16e|lagree full body — women only,2026-09-25,Vendredi,16:00,17:00,Banote Club Paris 16e,LAGREE FULL BODY — WOMEN ONLY,Noa,12,0,True,disponible,2026-09-21 18:27
2026-09-25|17:00|banote club paris 16e|lagree full body — women only,2026-09-25,Vendredi,17:00,18:00,Banote Club Paris 16e,LAGREE FULL BODY — WOMEN ONLY,Noa,12,0,True,disponible,2026-09-21 18:27
2026-09-25|18:00|banote club paris 16e|lagree full body — women only,2026-09-25,Vendredi,18:00,19:00,Banote Club Paris 16e,LAGREE FULL BODY — WOMEN ONLY,Noa,12,0,True,disponible,2026-09-21 18:27
2026-09-28|09:00|banote club paris 16e|lagree full body — women only,2026-09-28,Lundi,09:00,10:00,Banote Club Paris 16e,LAGREE FULL BODY — WOMEN ONLY,Mikhal,12,0,True,disponible,2026-09-22 11:16
2026-09-28|10:00|banote club paris 16e|lagree full body — women only,2026-09-28,Lundi,10:00,11:00,Banote Club Paris 16e,LAGREE FULL BODY — WOMEN ONLY,Mikhal,12,0,True,disponible,2026-09-22 11:16
2026-09-28|11:00|banote club charenton|lagree full body — women only,2026-09-28,Lundi,11:00,12:00,Banote Club Charenton,LAGREE FULL BODY — WOMEN ONLY,Tally,12,0,True,disponible,2026-09-23 16:24
2026-09-28|11:00|banote club paris 16e|lagree full body — women only,2026-09-28,Lundi,11:00,12:00,Banote Club Paris 16e,LAGREE FULL BODY — WOMEN ONLY,Mikhal,12,0,True,disponible,2026-09-22 11:16
2026-09-28|12:00|banote club paris 16e|lagree full body — women only,2026-09-28,Lundi,12:00,13:00,Banote Club Paris 16e,LAGREE FULL BODY — WOMEN ONLY,Rachel,12,0,True,disponible,2026-09-22 11:16
2026-09-28|12:30|banote club charenton|lagree full body — women only,2026-09-28,Lundi,12:30,13:30,Banote Club Charenton,LAGREE FULL BODY — WOMEN ONLY,Tally,12,0,True,disponible,2026-09-23 16:24
2026-09-28|13:00|banote club paris 16e|lagree full body — women only,2026-09-28,Lundi,13:00,14:00,Banote Club Paris 16e,LAGREE FULL BODY — WOMEN ONLY,Rachel,12,0,True,disponible,2026-09-22 11:16
2026-09-28|13:30|banote club charenton|lagree full body — women only,2026-09-28,Lundi,13:30,14:30,Banote Club Charenton,LAGREE FULL BODY — WOMEN ONLY,Tally,12,0,True,disponible,2026-09-23 16:24
2026-09-28|17:00|banote club paris 16e|lagree full body — women only,2026-09-28,Lundi,17:00,18:00,Banote Club Paris 16e,LAGREE FULL BODY — WOMEN ONLY,Rachel,12,0,True,disponible,2026-09-22 11:16
2026-09-28|17:30|banote club charenton|lagree full body — women only,2026-09-28,Lundi,17:30,18:30,Banote Club Charenton,LAGREE FULL BODY — WOMEN ONLY,Noa,12,0,True,disponible,2026-09-23 16:24
2026-09-28|18:00|banote club paris 16e|lagree full body — women only,2026-09-28,Lundi,18:00,19:00,Banote Club Paris 16e,LAGREE FULL BODY — WOMEN ONLY,Rachel,12,0,True,disponible,2026-09-22 11:16
2026-09-28|18:30|banote club charenton|lagree full body — women only,2026-09-28,Lundi,18:30,19:30,Banote Club Charenton,LAGREE FULL BODY — WOMEN ONLY,Noa,12,0,True,disponible,2026-09-23 16:24
2026-09-28|19:00|banote club paris 16e|lagree full body — women only,2026-09-28,Lundi,19:00,20:00,Banote Club Paris 16e,LAGREE FULL BODY — WOMEN ONLY,Rachel,12,0,True,disponible,2026-09-22 11:16
2026-09-28|19:30|banote club charenton|lagree full body — women only,2026-09-28,Lundi,19:30,20:30,Banote Club Charenton,LAGREE FULL BODY — WOMEN ONLY,Noa,12,0,True,disponible,2026-09-23 16:24
2026-09-28|20:00|banote club paris 16e|lagree full body — women only,2026-09-28,Lundi,20:00,21:00,Banote Club Paris 16e,LAGREE FULL BODY — WOMEN ONLY,Rachel,12,0,True,disponible,2026-09-22 11:16
2026-09-29|09:00|banote club charenton|lagree full body — women only,2026-09-29,Mardi,09:00,10:00,Banote Club Charenton,LAGREE FULL BODY — WOMEN ONLY,Noa,12,0,True,disponible,2026-09-23 16:24
2026-09-29|09:00|banote club paris 16e|lagree full body — women only,2026-09-29,Mardi,09:00,10:00,Banote Club Paris 16e,LAGREE FULL BODY — WOMEN ONLY,Rachel,12,0,True,disponible,2026-09-23 23:46
2026-09-29|10:00|banote club charenton|lagree full body — women only,2026-09-29,Mardi,10:00,11:00,Banote Club Charenton,LAGREE FULL BODY — WOMEN ONLY,Noa,12,0,True,disponible,2026-09-23 16:24
2026-09-29|10:00|banote club paris 16e|lagree full body — women only,2026-09-29,Mardi,10:00,11:00,Banote Club Paris 16e,LAGREE FULL BODY — WOMEN ONLY,Rachel,12,0,True,disponible,2026-09-23 23:46
2026-09-29|11:00|banote club charenton|lagree full body — women only,2026-09-29,Mardi,11:00,12:00,Banote Club Charenton,LAGREE FULL BODY — WOMEN ONLY,Noa,12,0,True,disponible,2026-09-23 16:24
2026-09-29|11:00|banote club paris 16e|lagree full body — women only,2026-09-29,Mardi,11:00,12:00,Banote Club Paris 16e,LAGREE FULL BODY — WOMEN ONLY,Alexandra,12,0,True,disponible,2026-09-23 23:46
2026-09-29|12:00|banote club paris 16e|advanced full body — women only,2026-09-29,Mardi,12:00,13:00,Banote Club Paris 16e,ADVANCED FULL BODY — WOMEN ONLY,Alexandra,12,0,True,disponible,2026-09-23 23:46
2026-09-29|12:30|banote club charenton|lagree full body — women only,2026-09-29,Mardi,12:30,13:30,Banote Club Charenton,LAGREE FULL BODY — WOMEN ONLY,Noa,12,0,True,disponible,2026-09-23 16:24
2026-09-29|13:00|banote club paris 16e|advanced full body — women only,2026-09-29,Mardi,13:00,14:00,Banote Club Paris 16e,ADVANCED FULL BODY — WOMEN ONLY,Alexandra,12,0,True,disponible,2026-09-23 23:46
2026-09-29|14:00|banote club paris 16e|lagree full body — women only,2026-09-29,Mardi,14:00,15:00,Banote Club Paris 16e,LAGREE FULL BODY — WOMEN ONLY,Alexandra,12,0,True,disponible,2026-09-23 23:46
2026-09-29|17:30|banote club charenton|lagree full body — women only,2026-09-29,Mardi,17:30,18:30,Banote Club Charenton,LAGREE FULL BODY — WOMEN ONLY,Tally,12,0,True,disponible,2026-09-23 16:24
2026-09-29|17:30|banote club paris 16e|lagree full body — women only,2026-09-29,Mardi,17:30,18:30,Banote Club Paris 16e,LAGREE FULL BODY — WOMEN ONLY,Noa,12,0,True,disponible,2026-09-23 23:46
2026-09-29|18:30|banote club charenton|lagree full body — women only,2026-09-29,Mardi,18:30,19:30,Banote Club Charenton,LAGREE FULL BODY — WOMEN ONLY,Tally,12,0,True,disponible,2026-09-23 16:24
2026-09-29|18:30|banote club paris 16e|lagree full body — women only,2026-09-29,Mardi,18:30,19:30,Banote Club Paris 16e,LAGREE FULL BODY — WOMEN ONLY,Noa,12,0,True,disponible,2026-09-23 23:46
2026-09-29|19:30|banote club charenton|lagree full body — women only,2026-09-29,Mardi,19:30,20:30,Banote Club Charenton,LAGREE FULL BODY — WOMEN ONLY,Tally,12,0,True,disponible,2026-09-23 16:24
2026-09-29|19:30|banote club paris 16e|lagree full body — women only,2026-09-29,Mardi,19:30,20:30,Banote Club Paris 16e,LAGREE FULL BODY — WOMEN ONLY,Noa,12,0,True,disponible,2026-09-23 23:46
2026-09-29|20:30|banote club paris 16e|lagree full body — women only,2026-09-29,Mardi,20:30,21:30,Banote Club Paris 16e,LAGREE FULL BODY — WOMEN ONLY,Noa,12,0,True,disponible,2026-09-23 23:46
2026-09-30|08:00|banote club paris 16e|lagree full body — women only,2026-09-30,Mercredi,08:00,09:00,Banote Club Paris 16e,LAGREE FULL BODY — WOMEN ONLY,Susie (Suppléant),12,0,True,disponible,2026-09-25 21:13
2026-09-30|09:00|banote club charenton|lagree full body — women only,2026-09-30,Mercredi,09:00,10:00,Banote Club Charenton,LAGREE FULL BODY — WOMEN ONLY,Tally,12,0,True,disponible,2026-09-24 16:23
2026-09-30|09:00|banote club paris 16e|lagree full body — women only,2026-09-30,Mercredi,09:00,10:00,Banote Club Paris 16e,LAGREE FULL BODY — WOMEN ONLY,Susie (Suppléant),12,0,True,disponible,2026-09-25 21:13
2026-09-30|10:00|banote club charenton|lagree full body — women only,2026-09-30,Mercredi,10:00,11:00,Banote Club Charenton,LAGREE FULL BODY — WOMEN ONLY,Tally,12,0,True,disponible,2026-09-24 16:23
2026-09-30|10:00|banote club paris 16e|lagree full body — women only,2026-09-30,Mercredi,10:00,11:00,Banote Club Paris 16e,LAGREE FULL BODY — WOMEN ONLY,Susie (Suppléant),12,0,True,disponible,2026-09-25 21:13
2026-09-30|11:00|banote club paris 16e|lagree full body — women only,2026-09-30,Mercredi,11:00,12:00,Banote Club Paris 16e,LAGREE FULL BODY — WOMEN ONLY,Rachel (Suppléant),12,0,True,disponible,2026-09-25 21:13
2026-09-30|11:30|banote club charenton|lagree full body — women only,2026-09-30,Mercredi,11:30,12:30,Banote Club Charenton,LAGREE FULL BODY — WOMEN ONLY,Tally,12,0,True,disponible,2026-09-24 16:23
2026-09-30|12:00|banote club paris 16e|lagree full body — women only,2026-09-30,Mercredi,12:00,13:00,Banote Club Paris 16e,LAGREE FULL BODY — WOMEN ONLY,Rachel (Suppléant),12,0,True,disponible,2026-09-25 21:13
2026-09-30|12:30|banote club charenton|lagree full body — women only,2026-09-30,Mercredi,12:30,13:30,Banote Club Charenton,LAGREE FULL BODY — WOMEN ONLY,Tally,12,0,True,disponible,2026-09-24 16:23
2026-09-30|13:00|banote club paris 16e|lagree full body — women only,2026-09-30,Mercredi,13:00,14:00,Banote Club Paris 16e,LAGREE FULL BODY — WOMEN ONLY,Rachel (Suppléant),12,0,True,disponible,2026-09-25 21:13
2026-09-30|18:30|banote club charenton|lagree full body — women only,2026-09-30,Mercredi,18:30,19:30,Banote Club Charenton,LAGREE FULL BODY — WOMEN ONLY,Noa,12,0,True,disponible,2026-09-24 16:23
2026-09-30|18:30|banote club paris 16e|lagree full body — women only,2026-09-30,Mercredi,18:30,19:30,Banote Club Paris 16e,LAGREE FULL BODY — WOMEN ONLY,Mel,12,0,True,disponible,2026-09-25 21:13
2026-09-30|19:30|banote club charenton|lagree full body — women only,2026-09-30,Mercredi,19:30,20:30,Banote Club Charenton,LAGREE FULL BODY — WOMEN ONLY,Noa,12,0,True,disponible,2026-09-24 16:23
2026-09-30|19:30|banote club paris 16e|lagree full body — women only,2026-09-30,Mercredi,19:30,20:30,Banote Club Paris 16e,LAGREE FULL BODY — WOMEN ONLY,Mel,12,0,True,disponible,2026-09-25 21:13
2026-09-30|20:30|banote club charenton|lagree full body — women only,2026-09-30,Mercredi,20:30,21:30,Banote Club Charenton,LAGREE FULL BODY — WOMEN ONLY,Noa,12,0,True,disponible,2026-09-24 16:23
2026-09-30|20:30|banote club paris 16e|lagree full body — women only,2026-09-30,Mercredi,20:30,21:30,Banote Club Paris 16e,LAGREE FULL BODY — WOMEN ONLY,Mel,12,0,True,disponible,2026-09-25 21:13
2026-10-01|08:00|banote club paris 16e|lagree full body — women only,2026-10-01,Jeudi,08:00,09:00,Banote Club Paris 16e,LAGREE FULL BODY — WOMEN ONLY,Mikhal,12,0,True,disponible,2026-09-25 21:13
2026-10-01|09:00|banote club charenton|lagree full body — women only,2026-10-01,Jeudi,09:00,10:00,Banote Club Charenton,LAGREE FULL BODY — WOMEN ONLY,Romane,12,0,True,disponible,2026-09-26 15:52
2026-10-01|09:00|banote club paris 16e|lagree full body — women only,2026-10-01,Jeudi,09:00,10:00,Banote Club Paris 16e,LAGREE FULL BODY — WOMEN ONLY,Mikhal,12,0,True,disponible,2026-09-25 21:13
2026-10-01|10:00|banote club charenton|lagree full body — women only,2026-10-01,Jeudi,10:00,11:00,Banote Club Charenton,LAGREE FULL BODY — WOMEN ONLY,Noa,12,0,True,disponible,2026-09-26 11:19
2026-10-01|10:00|banote club paris 16e|lagree full body — women only,2026-10-01,Jeudi,10:00,11:00,Banote Club Paris 16e,LAGREE FULL BODY — WOMEN ONLY,Mikhal,12,0,True,disponible,2026-09-25 21:13
2026-10-01|11:00|banote club paris 16e|lagree full body — women only,2026-10-01,Jeudi,11:00,12:00,Banote Club Paris 16e,LAGREE FULL BODY — WOMEN ONLY,Alexandra,12,0,True,disponible,2026-09-25 21:13
2026-10-01|12:00|banote club paris 16e|advanced full body — women only,2026-10-01,Jeudi,12:00,13:00,Banote Club Paris 16e,ADVANCED FULL BODY — WOMEN ONLY,Alexandra,12,0,True,disponible,2026-09-25 21:13
2026-10-01|12:30|banote club charenton|lagree full body — women only,2026-10-01,Jeudi,12:30,13:30,Banote Club Charenton,LAGREE FULL BODY — WOMEN ONLY,Noa,12,0,True,disponible,2026-09-26 11:19
2026-10-01|13:00|banote club paris 16e|advanced full body — women only,2026-10-01,Jeudi,13:00,14:00,Banote Club Paris 16e,ADVANCED FULL BODY — WOMEN ONLY,Alexandra,12,0,True,disponible,2026-09-25 21:13
2026-10-01|13:30|banote club charenton|lagree full body — women only,2026-10-01,Jeudi,13:30,14:30,Banote Club Charenton,LAGREE FULL BODY — WOMEN ONLY,Marine,12,0,True,disponible,2026-09-26 15:52
2026-10-01|14:00|banote club paris 16e|lagree full body — women only,2026-10-01,Jeudi,14:00,15:00,Banote Club Paris 16e,LAGREE FULL BODY — WOMEN ONLY,Alexandra,12,0,True,disponible,2026-09-25 21:13
2026-10-01|17:30|banote club paris 16e|lagree full body — women only,2026-10-01,Jeudi,17:30,18:30,Banote Club Paris 16e,LAGREE FULL BODY — WOMEN ONLY,Lola,12,0,True,disponible,2026-09-25 21:13
2026-10-01|18:30|banote club charenton|lagree full body — women only,2026-10-01,Jeudi,18:30,19:30,Banote Club Charenton,LAGREE FULL BODY — WOMEN ONLY,Rachel,12,0,True,disponible,2026-09-26 11:19
2026-10-01|18:30|banote club paris 16e|lagree full body — women only,2026-10-01,Jeudi,18:30,19:30,Banote Club Paris 16e,LAGREE FULL BODY — WOMEN ONLY,Lola,12,0,True,disponible,2026-09-25 21:13
2026-10-01|19:30|banote club charenton|lagree full body — women only,2026-10-01,Jeudi,19:30,20:30,Banote Club Charenton,LAGREE FULL BODY — WOMEN ONLY,Rachel,12,0,True,disponible,2026-09-26 11:19
2026-10-01|19:30|banote club paris 16e|lagree full body — women only,2026-10-01,Jeudi,19:30,20:30,Banote Club Paris 16e,LAGREE FULL BODY — WOMEN ONLY,Lola,12,0,True,disponible,2026-09-25 21:13
2026-10-02|09:00|banote club charenton|lagree full body — women only,2026-10-02,Vendredi,09:00,10:00,Banote Club Charenton,LAGREE FULL BODY — WOMEN ONLY,Marine,12,0,True,disponible,2026-09-28 20:34
2026-10-02|09:00|banote club paris 16e|lagree full body — women only,2026-10-02,Vendredi,09:00,10:00,Banote Club Paris 16e,LAGREE FULL BODY — WOMEN ONLY,Alexandra,12,0,True,disponible,2026-09-28 12:49
2026-10-02|10:00|banote club charenton|lagree full body — women only,2026-10-02,Vendredi,10:00,11:00,Banote Club Charenton,LAGREE FULL BODY — WOMEN ONLY,Marine,12,0,True,disponible,2026-09-28 20:34
2026-10-02|10:00|banote club paris 16e|lagree full body — women only,2026-10-02,Vendredi,10:00,11:00,Banote Club Paris 16e,LAGREE FULL BODY — WOMEN ONLY,Alexandra,12,0,True,disponible,2026-09-28 12:49
2026-10-02|11:00|banote club charenton|lagree full body — women only,2026-10-02,Vendredi,11:00,12:00,Banote Club Charenton,LAGREE FULL BODY — WOMEN ONLY,Marine,12,0,True,disponible,2026-09-28 20:34
2026-10-02|11:00|banote club paris 16e|lagree full body — women only,2026-10-02,Vendredi,11:00,12:00,Banote Club Paris 16e,LAGREE FULL BODY — WOMEN ONLY,Alexandra,12,0,True,disponible,2026-09-28 12:49
2026-10-02|12:00|banote club paris 16e|lagree full body — women only,2026-10-02,Vendredi,12:00,13:00,Banote Club Paris 16e,LAGREE FULL BODY — WOMEN ONLY,Rachel,12,0,True,disponible,2026-09-28 12:49
2026-10-02|12:30|banote club charenton|lagree full body — women only,2026-10-02,Vendredi,12:30,13:30,Banote Club Charenton,LAGREE FULL BODY — WOMEN ONLY,Noa,12,0,True,disponible,2026-09-28 20:34
2026-10-02|13:00|banote club paris 16e|lagree full body — women only,2026-10-02,Vendredi,13:00,14:00,Banote Club Paris 16e,LAGREE FULL BODY — WOMEN ONLY,Rachel,12,0,True,disponible,2026-09-28 12:49
2026-10-02|13:30|banote club charenton|lagree full body — women only,2026-10-02,Vendredi,13:30,14:30,Banote Club Charenton,LAGREE FULL BODY — WOMEN ONLY,Noa,12,0,True,disponible,2026-09-28 20:34
2026-10-02|14:00|banote club paris 16e|lagree full body — women only,2026-10-02,Vendredi,14:00,15:00,Banote Club Paris 16e,LAGREE FULL BODY — WOMEN ONLY,Rachel,12,0,True,disponible,2026-09-28 12:49
2026-10-02|16:00|banote club paris 16e|lagree full body — women only,2026-10-02,Vendredi,16:00,17:00,Banote Club Paris 16e,LAGREE FULL BODY — WOMEN ONLY,Noa,12,0,True,disponible,2026-09-28 12:49
2026-10-02|17:00|banote club paris 16e|lagree full body — women only,2026-10-02,Vendredi,17:00,18:00,Banote Club Paris 16e,LAGREE FULL BODY — WOMEN ONLY,Noa,12,0,True,disponible,2026-09-28 12:49
2026-10-02|18:00|banote club paris 16e|lagree full body — women only,2026-10-02,Vendredi,18:00,19:00,Banote Club Paris 16e,LAGREE FULL BODY — WOMEN ONLY,Noa,12,0,True,disponible,2026-09-28 12:49
2026-10-03|10:00|banote club paris 16e|everybody do lagree — mixed class,2026-10-03,Samedi,10:00,11:00,Banote Club Paris 16e,EVERYBODY DO LAGREE — MIXED CLASS,Enzo,12,0,True,disponible,2026-09-27 20:58
2026-10-03|11:00|banote club paris 16e|everybody do lagree — mixed class,2026-10-03,Samedi,11:00,12:00,Banote Club Paris 16e,EVERYBODY DO LAGREE — MIXED CLASS,Enzo,12,0,True,disponible,2026-09-27 20:58
2026-10-03|12:00|banote club paris 16e|everybody do lagree — mixed class,2026-10-03,Samedi,12:00,13:00,Banote Club Paris 16e,EVERYBODY DO LAGREE — MIXED CLASS,Enzo,12,0,True,disponible,2026-09-27 20:58
2026-10-03|17:30|banote club paris 16e|lagree full body — women only,2026-10-03,Samedi,17:30,18:30,Banote Club Paris 16e,LAGREE FULL BODY — WOMEN ONLY,Rachel,12,0,True,disponible,2026-09-27 20:58
2026-10-03|18:30|banote club paris 16e|lagree full body — women only,2026-10-03,Samedi,18:30,19:30,Banote Club Paris 16e,LAGREE FULL BODY — WOMEN ONLY,Rachel,12,0,True,disponible,2026-09-27 20:58
2026-10-04|10:00|banote club charenton|lagree full body — women only,2026-10-04,Dimanche,10:00,11:00,Banote Club Charenton,LAGREE FULL BODY — WOMEN ONLY,Noa,12,0,True,disponible,2026-09-28 20:34
2026-10-04|10:00|banote club paris 16e|advanced full body — women only,2026-10-04,Dimanche,10:00,11:00,Banote Club Paris 16e,ADVANCED FULL BODY — WOMEN ONLY,Alexandra,12,0,True,disponible,2026-09-28 12:49
2026-10-04|11:00|banote club charenton|lagree full body — women only,2026-10-04,Dimanche,11:00,12:00,Banote Club Charenton,LAGREE FULL BODY — WOMEN ONLY,Noa,12,0,True,disponible,2026-09-28 20:34
2026-10-04|11:00|banote club paris 16e|lagree full body — women only,2026-10-04,Dimanche,11:00,12:00,Banote Club Paris 16e,LAGREE FULL BODY — WOMEN ONLY,Alexandra,12,0,True,disponible,2026-09-28 12:49
2026-10-04|12:00|banote club charenton|lagree full body — women only,2026-10-04,Dimanche,12:00,13:00,Banote Club Charenton,LAGREE FULL BODY — WOMEN ONLY,Noa,12,0,True,disponible,2026-09-28 20:34
2026-10-04|12:00|banote club paris 16e|advanced full body — women only,2026-10-04,Dimanche,12:00,13:00,Banote Club Paris 16e,ADVANCED FULL BODY — WOMEN ONLY,Alexandra,12,0,True,disponible,2026-09-28 12:49
2026-10-04|13:00|banote club charenton|lagree full body — women only,2026-10-04,Dimanche,13:00,14:00,Banote Club Charenton,LAGREE FULL BODY — WOMEN ONLY,Noa,12,0,True,disponible,2026-09-28 20:34
2026-10-04|13:00|banote club paris 16e|advanced full body — women only,2026-10-04,Dimanche,13:00,14:00,Banote Club Paris 16e,ADVANCED FULL BODY — WOMEN ONLY,Alexandra,12,0,True,disponible,2026-09-28 12:49
2026-10-04|16:30|banote club charenton|lagree full body — women only,2026-10-04,Dimanche,16:30,17:30,Banote Club Charenton,LAGREE FULL BODY — WOMEN ONLY,Tally,12,0,True,disponible,2026-09-28 20:34
2026-10-04|17:00|banote club paris 16e|lagree full body — women only,2026-10-04,Dimanche,17:00,18:00,Banote Club Paris 16e,LAGREE FULL BODY — WOMEN ONLY,Mikhal,12,0,True,disponible,2026-09-28 12:49
2026-10-04|17:30|banote club charenton|lagree full body — women only,2026-10-04,Dimanche,17:30,18:30,Banote Club Charenton,LAGREE FULL BODY — WOMEN ONLY,Tally,12,0,True,disponible,2026-09-28 20:34
2026-10-04|18:00|banote club paris 16e|lagree full body — women only,2026-10-04,Dimanche,18:00,19:00,Banote Club Paris 16e,LAGREE FULL BODY — WOMEN ONLY,Mikhal,12,0,True,disponible,2026-09-28 12:49
2026-10-04|19:00|banote club paris 16e|lagree full body — women only,2026-10-04,Dimanche,19:00,20:00,Banote Club Paris 16e,LAGREE FULL BODY — WOMEN ONLY,Mikhal,12,0,True,disponible,2026-09-28 12:49
2026-10-05|09:00|banote club paris 16e|lagree full body — women only,2026-10-05,Lundi,09:00,10:00,Banote Club Paris 16e,LAGREE FULL BODY — WOMEN ONLY,Mikhal,12,0,True,disponible,2026-09-29 12:37
2026-10-05|10:00|banote club paris 16e|lagree full body — women only,2026-10-05,Lundi,10:00,11:00,Banote Club Paris 16e,LAGREE FULL BODY — WOMEN ONLY,Mikhal,12,0,True,disponible,2026-09-29 12:37
2026-10-05|11:00|banote club charenton|lagree full body — women only,2026-10-05,Lundi,11:00,12:00,Banote Club Charenton,LAGREE FULL BODY — WOMEN ONLY,Tally,12,0,True,disponible,2026-09-30 22:58
2026-10-05|11:00|banote club paris 16e|lagree full body — women only,2026-10-05,Lundi,11:00,12:00,Banote Club Paris 16e,LAGREE FULL BODY — WOMEN ONLY,Mikhal,12,0,True,disponible,2026-09-29 12:37
2026-10-05|12:00|banote club paris 16e|lagree full body — women only,2026-10-05,Lundi,12:00,13:00,Banote Club Paris 16e,LAGREE FULL BODY — WOMEN ONLY,Rachel,12,0,True,disponible,2026-09-29 12:37
2026-10-05|12:30|banote club charenton|lagree full body — women only,2026-10-05,Lundi,12:30,13:30,Banote Club Charenton,LAGREE FULL BODY — WOMEN ONLY,Tally,12,0,True,disponible,2026-09-30 22:58
2026-10-05|13:00|banote club paris 16e|lagree full body — women only,2026-10-05,Lundi,13:00,14:00,Banote Club Paris 16e,LAGREE FULL BODY — WOMEN ONLY,Rachel,12,0,True,disponible,2026-09-29 12:37
2026-10-05|13:30|banote club charenton|lagree full body — women only,2026-10-05,Lundi,13:30,14:30,Banote Club Charenton,LAGREE FULL BODY — WOMEN ONLY,Tally,12,0,True,disponible,2026-09-30 22:58
2026-10-05|14:00|banote club paris 16e|lagree full body — women only,2026-10-05,Lundi,14:00,15:00,Banote Club Paris 16e,LAGREE FULL BODY — WOMEN ONLY,Alexandra,12,0,True,disponible,2026-10-04 12:32
2026-10-05|17:00|banote club paris 16e|lagree full body — women only,2026-10-05,Lundi,17:00,18:00,Banote Club Paris 16e,LAGREE FULL BODY — WOMEN ONLY,Rachel,12,0,True,disponible,2026-09-29 12:37
2026-10-05|17:30|banote club charenton|lagree full body — women only,2026-10-05,Lundi,17:30,18:30,Banote Club Charenton,LAGREE FULL BODY — WOMEN ONLY,Noa,12,0,True,disponible,2026-09-30 22:58
2026-10-05|18:00|banote club paris 16e|lagree full body — women only,2026-10-05,Lundi,18:00,19:00,Banote Club Paris 16e,LAGREE FULL BODY — WOMEN ONLY,Rachel,12,0,True,disponible,2026-09-29 12:37
2026-10-05|18:30|banote club charenton|lagree full body — women only,2026-10-05,Lundi,18:30,19:30,Banote Club Charenton,LAGREE FULL BODY — WOMEN ONLY,Noa,12,0,True,disponible,2026-09-30 22:58
2026-10-05|19:00|banote club paris 16e|lagree full body — women only,2026-10-05,Lundi,19:00,20:00,Banote Club Paris 16e,LAGREE FULL BODY — WOMEN ONLY,Rachel,12,0,True,disponible,2026-09-29 12:37
2026-10-05|19:30|banote club charenton|lagree full body — women only,2026-10-05,Lundi,19:30,20:30,Banote Club Charenton,LAGREE FULL BODY — WOMEN ONLY,Noa,12,0,True,disponible,2026-09-30 22:58
2026-10-05|20:00|banote club paris 16e|lagree full body — women only,2026-10-05,Lundi,20:00,21:00,Banote Club Paris 16e,LAGREE FULL BODY — WOMEN ONLY,Rachel,12,0,True,disponible,2026-09-29 12:37
2026-10-06|09:00|banote club charenton|lagree full body — women only,2026-10-06,Mardi,09:00,10:00,Banote Club Charenton,LAGREE FULL BODY — WOMEN ONLY,Noa,12,0,True,disponible,2026-09-30 22:58
2026-10-06|09:00|banote club paris 16e|lagree full body — women only,2026-10-06,Mardi,09:00,10:00,Banote Club Paris 16e,LAGREE FULL BODY — WOMEN ONLY,Rachel,12,0,True,disponible,2026-09-30 12:26
2026-10-06|10:00|banote club charenton|lagree full body — women only,2026-10-06,Mardi,10:00,11:00,Banote Club Charenton,LAGREE FULL BODY — WOMEN ONLY,Noa,12,0,True,disponible,2026-09-30 22:58
2026-10-06|10:00|banote club paris 16e|lagree full body — women only,2026-10-06,Mardi,10:00,11:00,Banote Club Paris 16e,LAGREE FULL BODY — WOMEN ONLY,Rachel,12,0,True,disponible,2026-09-30 12:26
2026-10-06|11:00|banote club charenton|lagree full body — women only,2026-10-06,Mardi,11:00,12:00,Banote Club Charenton,LAGREE FULL BODY — WOMEN ONLY,Noa,12,0,True,disponible,2026-09-30 22:58
2026-10-06|11:00|banote club paris 16e|lagree full body — women only,2026-10-06,Mardi,11:00,12:00,Banote Club Paris 16e,LAGREE FULL BODY — WOMEN ONLY,Alexandra,12,0,True,disponible,2026-09-30 12:26
2026-10-06|12:00|banote club paris 16e|advanced full body — women only,2026-10-06,Mardi,12:00,13:00,Banote Club Paris 16e,ADVANCED FULL BODY — WOMEN ONLY,Alexandra,12,0,True,disponible,2026-09-30 12:26
2026-10-06|12:30|banote club charenton|lagree full body — women only,2026-10-06,Mardi,12:30,13:30,Banote Club Charenton,LAGREE FULL BODY — WOMEN ONLY,Noa,12,0,True,disponible,2026-09-30 22:58
2026-10-06|13:00|banote club paris 16e|advanced full body — women only,2026-10-06,Mardi,13:00,14:00,Banote Club Paris 16e,ADVANCED FULL BODY — WOMEN ONLY,Alexandra,12,0,True,disponible,2026-09-30 12:26
2026-10-06|14:00|banote club paris 16e|lagree full body — women only,2026-10-06,Mardi,14:00,15:00,Banote Club Paris 16e,LAGREE FULL BODY — WOMEN ONLY,Alexandra,12,0,True,disponible,2026-09-30 12:26
2026-10-06|17:30|banote club charenton|lagree full body — women only,2026-10-06,Mardi,17:30,18:30,Banote Club Charenton,LAGREE FULL BODY — WOMEN ONLY,Tally,12,0,True,disponible,2026-09-30 22:58
2026-10-06|17:30|banote club paris 16e|lagree full body — women only,2026-10-06,Mardi,17:30,18:30,Banote Club Paris 16e,LAGREE FULL BODY — WOMEN ONLY,Noa,12,0,True,disponible,2026-09-30 12:26
2026-10-06|18:30|banote club charenton|lagree full body — women only,2026-10-06,Mardi,18:30,19:30,Banote Club Charenton,LAGREE FULL BODY — WOMEN ONLY,Tally,12,0,True,disponible,2026-09-30 22:58
2026-10-06|18:30|banote club paris 16e|lagree full body — women only,2026-10-06,Mardi,18:30,19:30,Banote Club Paris 16e,LAGREE FULL BODY — WOMEN ONLY,Noa,12,0,True,disponible,2026-09-30 12:26
2026-10-06|19:30|banote club charenton|lagree full body — women only,2026-10-06,Mardi,19:30,20:30,Banote Club Charenton,LAGREE FULL BODY — WOMEN ONLY,Tally,12,0,True,disponible,2026-09-30 22:58
2026-10-06|19:30|banote club paris 16e|lagree full body — women only,2026-10-06,Mardi,19:30,20:30,Banote Club Paris 16e,LAGREE FULL BODY — WOMEN ONLY,Noa,12,0,True,disponible,2026-09-30 12:26
2026-10-06|20:30|banote club paris 16e|lagree full body — women only,2026-10-06,Mardi,20:30,21:30,Banote Club Paris 16e,LAGREE FULL BODY — WOMEN ONLY,Noa,12,0,True,disponible,2026-09-30 12:26
2026-10-07|08:00|banote club paris 16e|lagree full body — women only,2026-10-07,Mercredi,08:00,09:00,Banote Club Paris 16e,LAGREE FULL BODY — WOMEN ONLY,Rachel,12,0,True,disponible,2026-10-05 13:23
2026-10-07|08:00|banote x collectionneur|functional bootcamp - functional training class,2026-10-07,Mercredi,08:00,09:00,Banote x Collectionneur,Functional Bootcamp - Functional Training class,Michael Moore,12,0,True,inconnu,2026-10-07 13:00
2026-10-07|09:00|banote club charenton|lagree full body — women only,2026-10-07,Mercredi,09:00,10:00,Banote Club Charenton,LAGREE FULL BODY — WOMEN ONLY,Tally,12,0,True,disponible,2026-10-05 13:23
2026-10-07|09:00|banote club paris 16e|lagree full body — women only,2026-10-07,Mercredi,09:00,10:00,Banote Club Paris 16e,LAGREE FULL BODY — WOMEN ONLY,Rachel,12,0,True,disponible,2026-10-05 13:23
2026-10-07|09:00|banote x collectionneur|functional bootcamp - functional training class,2026-10-07,Mercredi,09:00,10:00,Banote x Collectionneur,Functional Bootcamp - Functional Training class,Michael Moore,12,0,True,inconnu,2026-10-07 13:00
2026-10-07|10:00|banote club charenton|lagree full body — women only,2026-10-07,Mercredi,10:00,11:00,Banote Club Charenton,LAGREE FULL BODY — WOMEN ONLY,Tally,12,0,True,disponible,2026-10-05 13:23
2026-10-07|10:00|banote club paris 16e|lagree full body — women only,2026-10-07,Mercredi,10:00,11:00,Banote Club Paris 16e,LAGREE FULL BODY — WOMEN ONLY,Rachel,12,0,True,disponible,2026-10-05 13:23
2026-10-07|11:00|banote club paris 16e|lagree full body — women only,2026-10-07,Mercredi,11:00,12:00,Banote Club Paris 16e,LAGREE FULL BODY — WOMEN ONLY,Susie,12,0,True,disponible,2026-10-05 13:23
2026-10-07|11:30|banote club charenton|lagree full body — women only,2026-10-07,Mercredi,11:30,12:30,Banote Club Charenton,LAGREE FULL BODY — WOMEN ONLY,Tally,12,0,True,disponible,2026-10-05 13:23
2026-10-07|12:00|banote club paris 16e|lagree full body — women only,2026-10-07,Mercredi,12:00,13:00,Banote Club Paris 16e,LAGREE FULL BODY — WOMEN ONLY,Susie,12,0,True,disponible,2026-10-05 13:23
2026-10-07|12:30|banote club charenton|lagree full body — women only,2026-10-07,Mercredi,12:30,13:30,Banote Club Charenton,LAGREE FULL BODY — WOMEN ONLY,Tally,12,0,True,disponible,2026-10-05 13:23
2026-10-07|13:00|banote club paris 16e|lagree full body — women only,2026-10-07,Mercredi,13:00,14:00,Banote Club Paris 16e,LAGREE FULL BODY — WOMEN ONLY,Susie,12,0,True,disponible,2026-10-05 13:23
2026-10-07|17:00|banote x collectionneur|functional bootcamp - functional training class,2026-10-07,Mercredi,17:00,18:00,Banote x Collectionneur,Functional Bootcamp - Functional Training class,Michael Moore,12,0,True,disponible,2026-10-07 19:47
2026-10-07|18:00|banote x collectionneur|functional bootcamp - functional training class,2026-10-07,Mercredi,18:00,19:00,Banote x Collectionneur,Functional Bootcamp - Functional Training class,Michael Moore,12,0,True,disponible,2026-10-07 19:47
2026-10-07|18:30|banote club charenton|lagree full body — women only,2026-10-07,Mercredi,18:30,19:30,Banote Club Charenton,LAGREE FULL BODY — WOMEN ONLY,Noa,12,0,True,disponible,2026-10-07 13:00
2026-10-07|18:30|banote club paris 16e|lagree full body — women only,2026-10-07,Mercredi,18:30,19:30,Banote Club Paris 16e,LAGREE FULL BODY — WOMEN ONLY,Rachel,12,0,True,disponible,2026-10-07 13:00
2026-10-07|19:00|banote x collectionneur|functional bootcamp - functional training class,2026-10-07,Mercredi,19:00,20:00,Banote x Collectionneur,Functional Bootcamp - Functional Training class,Michael Moore,12,0,True,disponible,2026-10-07 19:47
2026-10-07|19:30|banote club charenton|lagree full body — women only,2026-10-07,Mercredi,19:30,20:30,Banote Club Charenton,LAGREE FULL BODY — WOMEN ONLY,Noa,12,0,True,disponible,2026-10-07 13:00
2026-10-07|19:30|banote club paris 16e|lagree full body — women only,2026-10-07,Mercredi,19:30,20:30,Banote Club Paris 16e,LAGREE FULL BODY — WOMEN ONLY,Rachel,12,0,True,disponible,2026-10-07 13:00
2026-10-07|20:30|banote club charenton|lagree full body — women only,2026-10-07,Mercredi,20:30,21:30,Banote Club Charenton,LAGREE FULL BODY — WOMEN ONLY,Noa,12,0,True,disponible,2026-10-07 19:47
2026-10-07|20:30|banote club paris 16e|lagree full body — women only,2026-10-07,Mercredi,20:30,21:30,Banote Club Paris 16e,LAGREE FULL BODY — WOMEN ONLY,Rachel,12,0,True,disponible,2026-10-07 13:00
2026-10-08|08:00|banote club paris 16e|lagree full body — women only,2026-10-08,Jeudi,08:00,09:00,Banote Club Paris 16e,LAGREE FULL BODY — WOMEN ONLY,Mikhal,12,0,True,disponible,2026-10-08 01:01
2026-10-08|09:00|banote club charenton|lagree full body — women only,2026-10-08,Jeudi,09:00,10:00,Banote Club Charenton,LAGREE FULL BODY — WOMEN ONLY,Romane,12,0,True,disponible,2026-10-08 01:01
2026-10-08|09:00|banote club paris 16e|lagree full body — women only,2026-10-08,Jeudi,09:00,10:00,Banote Club Paris 16e,LAGREE FULL BODY — WOMEN ONLY,Mikhal,12,0,True,disponible,2026-10-08 01:01
2026-10-08|10:00|banote club charenton|lagree full body — women only,2026-10-08,Jeudi,10:00,11:00,Banote Club Charenton,LAGREE FULL BODY — WOMEN ONLY,Romane,12,0,True,disponible,2026-10-08 01:01
2026-10-08|10:00|banote club paris 16e|lagree full body — women only,2026-10-08,Jeudi,10:00,11:00,Banote Club Paris 16e,LAGREE FULL BODY — WOMEN ONLY,Mikhal,12,0,True,disponible,2026-10-08 01:01
2026-10-08|11:00|banote club paris 16e|lagree full body — women only,2026-10-08,Jeudi,11:00,12:00,Banote Club Paris 16e,LAGREE FULL BODY — WOMEN ONLY,Alexandra,12,0,True,disponible,2026-10-08 01:01
2026-10-08|12:00|banote club paris 16e|advanced full body — women only,2026-10-08,Jeudi,12:00,13:00,Banote Club Paris 16e,ADVANCED FULL BODY — WOMEN ONLY,Alexandra,12,0,True,disponible,2026-10-08 01:01
2026-10-08|12:30|banote club charenton|lagree full body — women only,2026-10-08,Jeudi,12:30,13:30,Banote Club Charenton,LAGREE FULL BODY — WOMEN ONLY,Marine (Suppléant),12,0,True,disponible,2026-10-08 01:01
2026-10-08|13:00|banote club paris 16e|advanced full body — women only,2026-10-08,Jeudi,13:00,14:00,Banote Club Paris 16e,ADVANCED FULL BODY — WOMEN ONLY,Alexandra,12,0,True,disponible,2026-10-08 01:01
2026-10-08|13:30|banote club charenton|lagree full body — women only,2026-10-08,Jeudi,13:30,14:30,Banote Club Charenton,LAGREE FULL BODY — WOMEN ONLY,Marine,12,0,True,disponible,2026-10-08 01:01
2026-10-08|14:00|banote club paris 16e|lagree full body — women only,2026-10-08,Jeudi,14:00,15:00,Banote Club Paris 16e,LAGREE FULL BODY — WOMEN ONLY,Alexandra,12,0,True,disponible,2026-10-07 13:00
2026-10-08|17:30|banote club paris 16e|lagree full body — women only,2026-10-08,Jeudi,17:30,18:30,Banote Club Paris 16e,LAGREE FULL BODY — WOMEN ONLY,Lola,12,0,True,disponible,2026-10-08 13:18
2026-10-08|18:30|banote club charenton|lagree full body — women only,2026-10-08,Jeudi,18:30,19:30,Banote Club Charenton,LAGREE FULL BODY — WOMEN ONLY,Tally (Suppléant),12,0,True,disponible,2026-10-08 13:18
2026-10-08|18:30|banote club paris 16e|lagree full body — women only,2026-10-08,Jeudi,18:30,19:30,Banote Club Paris 16e,LAGREE FULL BODY — WOMEN ONLY,Lola,12,0,True,disponible,2026-10-08 13:18
2026-10-08|19:30|banote club charenton|lagree full body — women only,2026-10-08,Jeudi,19:30,20:30,Banote Club Charenton,LAGREE FULL BODY — WOMEN ONLY,Tally (Suppléant),12,0,True,disponible,2026-10-08 13:18
2026-10-08|19:30|banote club paris 16e|lagree full body — women only,2026-10-08,Jeudi,19:30,20:30,Banote Club Paris 16e,LAGREE FULL BODY — WOMEN ONLY,Lola,12,0,True,disponible,2026-10-08 13:18
2026-10-09|05:00|banote x collectionneur|functional bootcamp - functional training class,2026-10-09,Vendredi,05:00,06:00,Banote x Collectionneur,Functional Bootcamp - Functional Training class,Michael Moore,12,0,False,disponible,2026-10-08 19:59
2026-10-09|06:00|banote x collectionneur|functional bootcamp - functional training class,2026-10-09,Vendredi,06:00,07:00,Banote x Collectionneur,Functional Bootcamp - Functional Training class,Michael Moore,12,0,False,disponible,2026-10-08 19:59
2026-10-09|08:00|banote x collectionneur|functional bootcamp - functional training class,2026-10-09,Vendredi,08:00,09:00,Banote x Collectionneur,Functional Bootcamp - Functional Training class,Michael Moore,12,0,False,disponible,2026-10-08 19:59
2026-10-09|09:00|banote club charenton|lagree full body — women only,2026-10-09,Vendredi,09:00,10:00,Banote Club Charenton,LAGREE FULL BODY — WOMEN ONLY,Marine,12,0,False,disponible,2026-10-08 19:59
2026-10-09|09:00|banote club paris 16e|lagree full body — women only,2026-10-09,Vendredi,09:00,10:00,Banote Club Paris 16e,LAGREE FULL BODY — WOMEN ONLY,Alexandra,12,0,False,disponible,2026-10-08 19:59
2026-10-09|09:00|banote x collectionneur|functional bootcamp - functional training class,2026-10-09,Vendredi,09:00,10:00,Banote x Collectionneur,Functional Bootcamp - Functional Training class,Michael Moore,12,0,False,disponible,2026-10-08 19:59
2026-10-09|10:00|banote club charenton|lagree full body — women only,2026-10-09,Vendredi,10:00,11:00,Banote Club Charenton,LAGREE FULL BODY — WOMEN ONLY,Marine,12,0,False,disponible,2026-10-08 19:59
2026-10-09|10:00|banote club paris 16e|lagree full body — women only,2026-10-09,Vendredi,10:00,11:00,Banote Club Paris 16e,LAGREE FULL BODY — WOMEN ONLY,Alexandra,12,0,False,disponible,2026-10-08 19:59
2026-10-09|11:00|banote club charenton|lagree full body — women only,2026-10-09,Vendredi,11:00,12:00,Banote Club Charenton,LAGREE FULL BODY — WOMEN ONLY,Marine,12,0,False,disponible,2026-10-08 19:59
2026-10-09|11:00|banote club paris 16e|lagree full body — women only,2026-10-09,Vendredi,11:00,12:00,Banote Club Paris 16e,LAGREE FULL BODY — WOMEN ONLY,Alexandra,12,0,False,disponible,2026-10-08 19:59
2026-10-09|12:00|banote club paris 16e|lagree full body — women only,2026-10-09,Vendredi,12:00,13:00,Banote Club Paris 16e,LAGREE FULL BODY — WOMEN ONLY,Rachel,12,0,False,disponible,2026-10-08 19:59
2026-10-09|12:30|banote club charenton|lagree full body — women only,2026-10-09,Vendredi,12:30,13:30,Banote Club Charenton,LAGREE FULL BODY — WOMEN ONLY,Noa,12,0,False,disponible,2026-10-08 19:59
2026-10-09|13:00|banote club paris 16e|lagree full body — women only,2026-10-09,Vendredi,13:00,14:00,Banote Club Paris 16e,LAGREE FULL BODY — WOMEN ONLY,Rachel,12,0,False,disponible,2026-10-08 19:59
2026-10-09|13:30|banote club charenton|lagree full body — women only,2026-10-09,Vendredi,13:30,14:30,Banote Club Charenton,LAGREE FULL BODY — WOMEN ONLY,Noa,12,0,False,disponible,2026-10-08 19:59
2026-10-09|14:00|banote club paris 16e|lagree full body — women only,2026-10-09,Vendredi,14:00,15:00,Banote Club Paris 16e,LAGREE FULL BODY — WOMEN ONLY,Rachel,12,0,False,disponible,2026-10-08 19:59
2026-10-09|16:00|banote club paris 16e|lagree full body — women only,2026-10-09,Vendredi,16:00,17:00,Banote Club Paris 16e,LAGREE FULL BODY — WOMEN ONLY,Noa,12,0,False,disponible,2026-10-08 19:59
2026-10-09|17:00|banote club paris 16e|lagree full body — women only,2026-10-09,Vendredi,17:00,18:00,Banote Club Paris 16e,LAGREE FULL BODY — WOMEN ONLY,Noa,12,0,False,disponible,2026-10-08 19:59
2026-10-09|17:00|banote x collectionneur|functional bootcamp - functional training class,2026-10-09,Vendredi,17:00,18:00,Banote x Collectionneur,Functional Bootcamp - Functional Training class,Michael Moore,12,0,False,disponible,2026-10-08 19:59
2026-10-09|18:00|banote club paris 16e|lagree full body — women only,2026-10-09,Vendredi,18:00,19:00,Banote Club Paris 16e,LAGREE FULL BODY — WOMEN ONLY,Noa,12,0,False,disponible,2026-10-08 19:59
2026-10-09|18:00|banote x collectionneur|functional bootcamp - functional training class,2026-10-09,Vendredi,18:00,19:00,Banote x Collectionneur,Functional Bootcamp - Functional Training class,Michael Moore,12,0,False,disponible,2026-10-08 19:59
2026-10-10|10:00|banote club paris 16e|everybody do lagree — mixed class,2026-10-10,Samedi,10:00,11:00,Banote Club Paris 16e,EVERYBODY DO LAGREE — MIXED CLASS,Enzo,12,0,False,disponible,2026-10-08 19:59
2026-10-10|11:00|banote club paris 16e|everybody do lagree — mixed class,2026-10-10,Samedi,11:00,12:00,Banote Club Paris 16e,EVERYBODY DO LAGREE — MIXED CLASS,Enzo,12,0,False,disponible,2026-10-08 19:59
2026-10-10|12:00|banote club paris 16e|everybody do lagree — mixed class,2026-10-10,Samedi,12:00,13:00,Banote Club Paris 16e,EVERYBODY DO LAGREE — MIXED CLASS,Enzo,12,0,False,disponible,2026-10-08 19:59
2026-10-10|17:30|banote club paris 16e|lagree full body — women only,2026-10-10,Samedi,17:30,18:30,Banote Club Paris 16e,LAGREE FULL BODY — WOMEN ONLY,Rachel,12,0,False,disponible,2026-10-08 19:59
2026-10-10|18:30|banote club paris 16e|lagree full body — women only,2026-10-10,Samedi,18:30,19:30,Banote Club Paris 16e,LAGREE FULL BODY — WOMEN ONLY,Rachel,12,0,False,disponible,2026-10-08 19:59
2026-10-11|10:00|banote club charenton|lagree full body — women only,2026-10-11,Dimanche,10:00,11:00,Banote Club Charenton,LAGREE FULL BODY — WOMEN ONLY,Noa,12,0,False,disponible,2026-10-08 19:59
2026-10-11|10:00|banote club paris 16e|advanced full body — women only,2026-10-11,Dimanche,10:00,11:00,Banote Club Paris 16e,ADVANCED FULL BODY — WOMEN ONLY,Alexandra,12,0,False,disponible,2026-10-08 19:59
2026-10-11|11:00|banote club charenton|lagree full body — women only,2026-10-11,Dimanche,11:00,12:00,Banote Club Charenton,LAGREE FULL BODY — WOMEN ONLY,Noa,12,0,False,disponible,2026-10-08 19:59
2026-10-11|11:00|banote club paris 16e|lagree full body — women only,2026-10-11,Dimanche,11:00,12:00,Banote Club Paris 16e,LAGREE FULL BODY — WOMEN ONLY,Alexandra,12,0,False,disponible,2026-10-08 19:59
2026-10-11|12:00|banote club charenton|lagree full body — women only,2026-10-11,Dimanche,12:00,13:00,Banote Club Charenton,LAGREE FULL BODY — WOMEN ONLY,Noa,12,0,False,disponible,2026-10-08 19:59
2026-10-11|12:00|banote club paris 16e|advanced full body — women only,2026-10-11,Dimanche,12:00,13:00,Banote Club Paris 16e,ADVANCED FULL BODY — WOMEN ONLY,Alexandra,12,0,False,disponible,2026-10-08 19:59
2026-10-11|13:00|banote club charenton|lagree full body — women only,2026-10-11,Dimanche,13:00,14:00,Banote Club Charenton,LAGREE FULL BODY — WOMEN ONLY,Noa,12,0,False,disponible,2026-10-08 19:59
2026-10-11|13:00|banote club paris 16e|advanced full body — women only,2026-10-11,Dimanche,13:00,14:00,Banote Club Paris 16e,ADVANCED FULL BODY — WOMEN ONLY,Alexandra,12,0,False,disponible,2026-10-08 19:59
2026-10-11|16:30|banote club charenton|lagree full body — women only,2026-10-11,Dimanche,16:30,17:30,Banote Club Charenton,LAGREE FULL BODY — WOMEN ONLY,Tally,12,0,False,disponible,2026-10-08 19:59
2026-10-11|17:00|banote club paris 16e|lagree full body — women only,2026-10-11,Dimanche,17:00,18:00,Banote Club Paris 16e,LAGREE FULL BODY — WOMEN ONLY,Mikhal,12,0,False,disponible,2026-10-08 19:59
2026-10-11|17:30|banote club charenton|lagree full body — women only,2026-10-11,Dimanche,17:30,18:30,Banote Club Charenton,LAGREE FULL BODY — WOMEN ONLY,Tally,12,0,False,disponible,2026-10-08 19:59
2026-10-11|18:00|banote club paris 16e|lagree full body — women only,2026-10-11,Dimanche,18:00,19:00,Banote Club Paris 16e,LAGREE FULL BODY — WOMEN ONLY,Mikhal,12,0,False,disponible,2026-10-08 19:59
2026-10-11|19:00|banote club paris 16e|lagree full body — women only,2026-10-11,Dimanche,19:00,20:00,Banote Club Paris 16e,LAGREE FULL BODY — WOMEN ONLY,Mikhal,12,0,False,disponible,2026-10-08 19:59
2026-10-12|05:00|banote x collectionneur|functional bootcamp - functional training class,2026-10-12,Lundi,05:00,06:00,Banote x Collectionneur,Functional Bootcamp - Functional Training class,Michael Moore,12,0,False,disponible,2026-10-08 19:59
2026-10-12|06:00|banote x collectionneur|functional bootcamp - functional training class,2026-10-12,Lundi,06:00,07:00,Banote x Collectionneur,Functional Bootcamp - Functional Training class,Michael Moore,12,0,False,disponible,2026-10-08 19:59
2026-10-12|08:00|banote x collectionneur|functional bootcamp - functional training class,2026-10-12,Lundi,08:00,09:00,Banote x Collectionneur,Functional Bootcamp - Functional Training class,Michael Moore,12,0,False,disponible,2026-10-08 19:59
2026-10-12|09:00|banote club paris 16e|lagree full body — women only,2026-10-12,Lundi,09:00,10:00,Banote Club Paris 16e,LAGREE FULL BODY — WOMEN ONLY,Mikhal,12,0,False,disponible,2026-10-08 19:59
2026-10-12|09:00|banote x collectionneur|functional bootcamp - functional training class,2026-10-12,Lundi,09:00,10:00,Banote x Collectionneur,Functional Bootcamp - Functional Training class,Michael Moore,12,0,False,disponible,2026-10-08 19:59
2026-10-12|10:00|banote club paris 16e|lagree full body — women only,2026-10-12,Lundi,10:00,11:00,Banote Club Paris 16e,LAGREE FULL BODY — WOMEN ONLY,Mikhal,12,0,False,disponible,2026-10-08 19:59
2026-10-12|11:00|banote club charenton|lagree full body — women only,2026-10-12,Lundi,11:00,12:00,Banote Club Charenton,LAGREE FULL BODY — WOMEN ONLY,Tally,12,0,False,disponible,2026-10-08 19:59
2026-10-12|11:00|banote club paris 16e|lagree full body — women only,2026-10-12,Lundi,11:00,12:00,Banote Club Paris 16e,LAGREE FULL BODY — WOMEN ONLY,Mikhal,12,0,False,disponible,2026-10-08 19:59
2026-10-12|12:00|banote club paris 16e|lagree full body — women only,2026-10-12,Lundi,12:00,13:00,Banote Club Paris 16e,LAGREE FULL BODY — WOMEN ONLY,Rachel,12,0,False,disponible,2026-10-08 19:59
2026-10-12|12:30|banote club charenton|lagree full body — women only,2026-10-12,Lundi,12:30,13:30,Banote Club Charenton,LAGREE FULL BODY — WOMEN ONLY,Tally,12,0,False,disponible,2026-10-08 19:59
2026-10-12|13:00|banote club paris 16e|lagree full body — women only,2026-10-12,Lundi,13:00,14:00,Banote Club Paris 16e,LAGREE FULL BODY — WOMEN ONLY,Rachel,12,0,False,disponible,2026-10-08 19:59
2026-10-12|13:30|banote club charenton|lagree full body — women only,2026-10-12,Lundi,13:30,14:30,Banote Club Charenton,LAGREE FULL BODY — WOMEN ONLY,Tally,12,0,False,disponible,2026-10-08 19:59
2026-10-12|14:00|banote club paris 16e|lagree full body — women only,2026-10-12,Lundi,14:00,15:00,Banote Club Paris 16e,LAGREE FULL BODY — WOMEN ONLY,Alexandra,12,0,False,disponible,2026-10-08 19:59
2026-10-12|17:00|banote club paris 16e|lagree full body — women only,2026-10-12,Lundi,17:00,18:00,Banote Club Paris 16e,LAGREE FULL BODY — WOMEN ONLY,Rachel,12,0,False,disponible,2026-10-08 19:59
2026-10-12|17:00|banote x collectionneur|functional bootcamp - functional training class,2026-10-12,Lundi,17:00,18:00,Banote x Collectionneur,Functional Bootcamp - Functional Training class,Michael Moore,12,0,False,disponible,2026-10-08 19:59
2026-10-12|17:30|banote club charenton|lagree full body — women only,2026-10-12,Lundi,17:30,18:30,Banote Club Charenton,LAGREE FULL BODY — WOMEN ONLY,Noa,12,0,False,disponible,2026-10-08 19:59
2026-10-12|18:00|banote club paris 16e|lagree full body — women only,2026-10-12,Lundi,18:00,19:00,Banote Club Paris 16e,LAGREE FULL BODY — WOMEN ONLY,Rachel,12,0,False,disponible,2026-10-08 19:59
2026-10-12|18:00|banote x collectionneur|functional bootcamp - functional training class,2026-10-12,Lundi,18:00,19:00,Banote x Collectionneur,Functional Bootcamp - Functional Training class,Michael Moore,12,0,False,disponible,2026-10-08 19:59
2026-10-12|18:30|banote club charenton|lagree full body — women only,2026-10-12,Lundi,18:30,19:30,Banote Club Charenton,LAGREE FULL BODY — WOMEN ONLY,Noa,12,0,False,disponible,2026-10-08 19:59
2026-10-12|19:00|banote club paris 16e|lagree full body — women only,2026-10-12,Lundi,19:00,20:00,Banote Club Paris 16e,LAGREE FULL BODY — WOMEN ONLY,Rachel,12,0,False,disponible,2026-10-08 19:59
2026-10-12|19:00|banote x collectionneur|functional bootcamp - functional training class,2026-10-12,Lundi,19:00,20:00,Banote x Collectionneur,Functional Bootcamp - Functional Training class,Michael Moore,12,0,False,disponible,2026-10-08 19:59
2026-10-12|19:30|banote club charenton|lagree full body — women only,2026-10-12,Lundi,19:30,20:30,Banote Club Charenton,LAGREE FULL BODY — WOMEN ONLY,Noa,12,0,False,disponible,2026-10-08 19:59
2026-10-12|20:00|banote club paris 16e|lagree full body — women only,2026-10-12,Lundi,20:00,21:00,Banote Club Paris 16e,LAGREE FULL BODY — WOMEN ONLY,Rachel,12,0,False,disponible,2026-10-08 19:59
2026-10-13|09:00|banote club charenton|lagree full body — women only,2026-10-13,Mardi,09:00,10:00,Banote Club Charenton,LAGREE FULL BODY — WOMEN ONLY,Noa,12,0,False,disponible,2026-10-08 19:59
2026-10-13|09:00|banote club paris 16e|lagree full body — women only,2026-10-13,Mardi,09:00,10:00,Banote Club Paris 16e,LAGREE FULL BODY — WOMEN ONLY,Rachel,12,0,False,disponible,2026-10-08 19:59
2026-10-13|10:00|banote club charenton|lagree full body — women only,2026-10-13,Mardi,10:00,11:00,Banote Club Charenton,LAGREE FULL BODY — WOMEN ONLY,Noa,12,0,False,disponible,2026-10-08 19:59
2026-10-13|10:00|banote club paris 16e|lagree full body — women only,2026-10-13,Mardi,10:00,11:00,Banote Club Paris 16e,LAGREE FULL BODY — WOMEN ONLY,Rachel,12,0,False,disponible,2026-10-08 19:59
2026-10-13|11:00|banote club charenton|lagree full body — women only,2026-10-13,Mardi,11:00,12:00,Banote Club Charenton,LAGREE FULL BODY — WOMEN ONLY,Noa,12,0,False,disponible,2026-10-08 19:59
2026-10-13|11:00|banote club paris 16e|lagree full body — women only,2026-10-13,Mardi,11:00,12:00,Banote Club Paris 16e,LAGREE FULL BODY — WOMEN ONLY,Alexandra,12,0,False,disponible,2026-10-08 19:59
2026-10-13|12:00|banote club paris 16e|advanced full body — women only,2026-10-13,Mardi,12:00,13:00,Banote Club Paris 16e,ADVANCED FULL BODY — WOMEN ONLY,Alexandra,12,0,False,disponible,2026-10-08 19:59
2026-10-13|12:30|banote club charenton|lagree full body — women only,2026-10-13,Mardi,12:30,13:30,Banote Club Charenton,LAGREE FULL BODY — WOMEN ONLY,Noa,12,0,False,disponible,2026-10-08 19:59
2026-10-13|13:00|banote club paris 16e|advanced full body — women only,2026-10-13,Mardi,13:00,14:00,Banote Club Paris 16e,ADVANCED FULL BODY — WOMEN ONLY,Alexandra,12,0,False,disponible,2026-10-08 19:59
2026-10-13|14:00|banote club paris 16e|lagree full body — women only,2026-10-13,Mardi,14:00,15:00,Banote Club Paris 16e,LAGREE FULL BODY — WOMEN ONLY,Alexandra,12,0,False,disponible,2026-10-08 19:59
2026-10-13|17:30|banote club charenton|lagree full body — women only,2026-10-13,Mardi,17:30,18:30,Banote Club Charenton,LAGREE FULL BODY — WOMEN ONLY,Tally,12,0,False,disponible,2026-10-08 19:59
2026-10-13|17:30|banote club paris 16e|lagree full body — women only,2026-10-13,Mardi,17:30,18:30,Banote Club Paris 16e,LAGREE FULL BODY — WOMEN ONLY,Noa,12,0,False,disponible,2026-10-08 19:59
2026-10-13|18:30|banote club charenton|lagree full body — women only,2026-10-13,Mardi,18:30,19:30,Banote Club Charenton,LAGREE FULL BODY — WOMEN ONLY,Tally,12,0,False,disponible,2026-10-08 19:59
2026-10-13|18:30|banote club paris 16e|lagree full body — women only,2026-10-13,Mardi,18:30,19:30,Banote Club Paris 16e,LAGREE FULL BODY — WOMEN ONLY,Noa,12,0,False,disponible,2026-10-08 19:59
2026-10-13|19:30|banote club charenton|lagree full body — women only,2026-10-13,Mardi,19:30,20:30,Banote Club Charenton,LAGREE FULL BODY — WOMEN ONLY,Tally,12,0,False,disponible,2026-10-08 19:59
2026-10-13|19:30|banote club paris 16e|lagree full body — women only,2026-10-13,Mardi,19:30,20:30,Banote Club Paris 16e,LAGREE FULL BODY — WOMEN ONLY,Noa,12,0,False,disponible,2026-10-08 19:59
2026-10-13|20:30|banote club paris 16e|lagree full body — women only,2026-10-13,Mardi,20:30,21:30,Banote Club Paris 16e,LAGREE FULL BODY — WOMEN ONLY,Noa,12,0,False,disponible,2026-10-08 19:59
2026-10-14|05:00|banote x collectionneur|functional bootcamp - functional training class,2026-10-14,Mercredi,05:00,06:00,Banote x Collectionneur,Functional Bootcamp - Functional Training class,Michael Moore,12,0,False,disponible,2026-10-08 19:59
2026-10-14|06:00|banote x collectionneur|functional bootcamp - functional training class,2026-10-14,Mercredi,06:00,07:00,Banote x Collectionneur,Functional Bootcamp - Functional Training class,Michael Moore,12,0,False,disponible,2026-10-08 19:59
2026-10-14|08:00|banote club paris 16e|lagree full body — women only,2026-10-14,Mercredi,08:00,09:00,Banote Club Paris 16e,LAGREE FULL BODY — WOMEN ONLY,Rachel,12,0,False,disponible,2026-10-08 19:59
2026-10-14|08:00|banote x collectionneur|functional bootcamp - functional training class,2026-10-14,Mercredi,08:00,09:00,Banote x Collectionneur,Functional Bootcamp - Functional Training class,Michael Moore,12,0,False,disponible,2026-10-08 19:59
2026-10-14|09:00|banote club charenton|lagree full body — women only,2026-10-14,Mercredi,09:00,10:00,Banote Club Charenton,LAGREE FULL BODY — WOMEN ONLY,Tally,12,0,False,disponible,2026-10-08 19:59
2026-10-14|09:00|banote club paris 16e|lagree full body — women only,2026-10-14,Mercredi,09:00,10:00,Banote Club Paris 16e,LAGREE FULL BODY — WOMEN ONLY,Rachel,12,0,False,disponible,2026-10-08 19:59
2026-10-14|09:00|banote x collectionneur|functional bootcamp - functional training class,2026-10-14,Mercredi,09:00,10:00,Banote x Collectionneur,Functional Bootcamp - Functional Training class,Michael Moore,12,0,False,disponible,2026-10-08 19:59
2026-10-14|10:00|banote club charenton|lagree full body — women only,2026-10-14,Mercredi,10:00,11:00,Banote Club Charenton,LAGREE FULL BODY — WOMEN ONLY,Tally,12,0,False,disponible,2026-10-08 19:59
2026-10-14|10:00|banote club paris 16e|lagree full body — women only,2026-10-14,Mercredi,10:00,11:00,Banote Club Paris 16e,LAGREE FULL BODY — WOMEN ONLY,Rachel,12,0,False,disponible,2026-10-08 19:59
2026-10-14|11:00|banote club paris 16e|lagree full body — women only,2026-10-14,Mercredi,11:00,12:00,Banote Club Paris 16e,LAGREE FULL BODY — WOMEN ONLY,Susie,12,0,False,disponible,2026-10-08 19:59
2026-10-14|11:30|banote club charenton|lagree full body — women only,2026-10-14,Mercredi,11:30,12:30,Banote Club Charenton,LAGREE FULL BODY — WOMEN ONLY,Tally,12,0,False,disponible,2026-10-08 19:59
2026-10-14|12:00|banote club paris 16e|lagree full body — women only,2026-10-14,Mercredi,12:00,13:00,Banote Club Paris 16e,LAGREE FULL BODY — WOMEN ONLY,Susie,12,0,False,disponible,2026-10-08 19:59
2026-10-14|12:30|banote club charenton|lagree full body — women only,2026-10-14,Mercredi,12:30,13:30,Banote Club Charenton,LAGREE FULL BODY — WOMEN ONLY,Tally,12,0,False,disponible,2026-10-08 19:59
2026-10-14|13:00|banote club paris 16e|lagree full body — women only,2026-10-14,Mercredi,13:00,14:00,Banote Club Paris 16e,LAGREE FULL BODY — WOMEN ONLY,Susie,12,0,False,disponible,2026-10-08 19:59
2026-10-14|17:00|banote x collectionneur|functional bootcamp - functional training class,2026-10-14,Mercredi,17:00,18:00,Banote x Collectionneur,Functional Bootcamp - Functional Training class,Michael Moore,12,0,False,disponible,2026-10-08 19:59
2026-10-14|18:00|banote x collectionneur|functional bootcamp - functional training class,2026-10-14,Mercredi,18:00,19:00,Banote x Collectionneur,Functional Bootcamp - Functional Training class,Michael Moore,12,0,False,disponible,2026-10-08 19:59
2026-10-14|18:30|banote club charenton|lagree full body — women only,2026-10-14,Mercredi,18:30,19:30,Banote Club Charenton,LAGREE FULL BODY — WOMEN ONLY,Noa,12,0,False,disponible,2026-10-08 19:59
2026-10-14|18:30|banote club paris 16e|lagree full body — women only,2026-10-14,Mercredi,18:30,19:30,Banote Club Paris 16e,LAGREE FULL BODY — WOMEN ONLY,Rachel,12,0,False,disponible,2026-10-08 19:59
2026-10-14|19:00|banote x collectionneur|functional bootcamp - functional training class,2026-10-14,Mercredi,19:00,20:00,Banote x Collectionneur,Functional Bootcamp - Functional Training class,Michael Moore,12,0,False,disponible,2026-10-08 19:59
2026-10-14|19:30|banote club charenton|lagree full body — women only,2026-10-14,Mercredi,19:30,20:30,Banote Club Charenton,LAGREE FULL BODY — WOMEN ONLY,Noa,12,0,False,disponible,2026-10-08 19:59
2026-10-14|19:30|banote club paris 16e|lagree full body — women only,2026-10-14,Mercredi,19:30,20:30,Banote Club Paris 16e,LAGREE FULL BODY — WOMEN ONLY,Rachel,12,0,False,disponible,2026-10-08 19:59
2026-10-14|20:30|banote club charenton|lagree full body — women only,2026-10-14,Mercredi,20:30,21:30,Banote Club Charenton,LAGREE FULL BODY — WOMEN ONLY,Noa,12,0,False,disponible,2026-10-08 19:59
2026-10-14|20:30|banote club paris 16e|lagree full body — women only,2026-10-14,Mercredi,20:30,21:30,Banote Club Paris 16e,LAGREE FULL BODY — WOMEN ONLY,Rachel,12,0,False,disponible,2026-10-08 19:59
2026-10-15|08:00|banote club paris 16e|lagree full body — women only,2026-10-15,Jeudi,08:00,09:00,Banote Club Paris 16e,LAGREE FULL BODY — WOMEN ONLY,Mikhal,12,0,False,disponible,2026-10-08 19:59
2026-10-15|09:00|banote club charenton|lagree full body — women only,2026-10-15,Jeudi,09:00,10:00,Banote Club Charenton,LAGREE FULL BODY — WOMEN ONLY,Romane,12,0,False,disponible,2026-10-08 19:59
2026-10-15|09:00|banote club paris 16e|lagree full body — women only,2026-10-15,Jeudi,09:00,10:00,Banote Club Paris 16e,LAGREE FULL BODY — WOMEN ONLY,Mikhal,12,0,False,disponible,2026-10-08 19:59
2026-10-15|10:00|banote club charenton|lagree full body — women only,2026-10-15,Jeudi,10:00,11:00,Banote Club Charenton,LAGREE FULL BODY — WOMEN ONLY,Romane,12,0,False,disponible,2026-10-08 19:59
2026-10-15|10:00|banote club paris 16e|lagree full body — women only,2026-10-15,Jeudi,10:00,11:00,Banote Club Paris 16e,LAGREE FULL BODY — WOMEN ONLY,Mikhal,12,0,False,disponible,2026-10-08 19:59
2026-10-15|11:00|banote club paris 16e|lagree full body — women only,2026-10-15,Jeudi,11:00,12:00,Banote Club Paris 16e,LAGREE FULL BODY — WOMEN ONLY,Alexandra,12,0,False,disponible,2026-10-08 19:59
2026-10-15|12:00|banote club paris 16e|advanced full body — women only,2026-10-15,Jeudi,12:00,13:00,Banote Club Paris 16e,ADVANCED FULL BODY — WOMEN ONLY,Alexandra,12,0,False,disponible,2026-10-08 19:59
2026-10-15|12:30|banote club charenton|lagree full body — women only,2026-10-15,Jeudi,12:30,13:30,Banote Club Charenton,LAGREE FULL BODY — WOMEN ONLY,Marine,12,0,False,disponible,2026-10-08 19:59
2026-10-15|13:00|banote club paris 16e|advanced full body — women only,2026-10-15,Jeudi,13:00,14:00,Banote Club Paris 16e,ADVANCED FULL BODY — WOMEN ONLY,Alexandra,12,0,False,disponible,2026-10-08 19:59
2026-10-15|13:30|banote club charenton|lagree full body — women only,2026-10-15,Jeudi,13:30,14:30,Banote Club Charenton,LAGREE FULL BODY — WOMEN ONLY,Marine,12,0,False,disponible,2026-10-08 19:59
2026-10-15|14:00|banote club paris 16e|lagree full body — women only,2026-10-15,Jeudi,14:00,15:00,Banote Club Paris 16e,LAGREE FULL BODY — WOMEN ONLY,Alexandra,12,0,False,disponible,2026-10-08 19:59
2026-10-15|17:30|banote club paris 16e|lagree full body — women only,2026-10-15,Jeudi,17:30,18:30,Banote Club Paris 16e,LAGREE FULL BODY — WOMEN ONLY,Lola,12,0,False,disponible,2026-10-08 19:59
2026-10-15|18:30|banote club charenton|lagree full body — women only,2026-10-15,Jeudi,18:30,19:30,Banote Club Charenton,LAGREE FULL BODY — WOMEN ONLY,Rachel,12,0,False,disponible,2026-10-08 19:59
2026-10-15|18:30|banote club paris 16e|lagree full body — women only,2026-10-15,Jeudi,18:30,19:30,Banote Club Paris 16e,LAGREE FULL BODY — WOMEN ONLY,Lola,12,0,False,disponible,2026-10-08 19:59
2026-10-15|19:30|banote club charenton|lagree full body — women only,2026-10-15,Jeudi,19:30,20:30,Banote Club Charenton,LAGREE FULL BODY — WOMEN ONLY,Rachel,12,0,False,disponible,2026-10-08 19:59
2026-10-15|19:30|banote club paris 16e|lagree full body — women only,2026-10-15,Jeudi,19:30,20:30,Banote Club Paris 16e,LAGREE FULL BODY — WOMEN ONLY,Lola,12,0,False,disponible,2026-10-08 19:59
2026-10-16|05:00|banote x collectionneur|functional bootcamp - functional training class,2026-10-16,Vendredi,05:00,06:00,Banote x Collectionneur,Functional Bootcamp - Functional Training class,Michael Moore,12,0,False,disponible,2026-10-08 19:59
2026-10-16|06:00|banote x collectionneur|functional bootcamp - functional training class,2026-10-16,Vendredi,06:00,07:00,Banote x Collectionneur,Functional Bootcamp - Functional Training class,Michael Moore,12,0,False,disponible,2026-10-08 19:59
2026-10-16|08:00|banote x collectionneur|functional bootcamp - functional training class,2026-10-16,Vendredi,08:00,09:00,Banote x Collectionneur,Functional Bootcamp - Functional Training class,Michael Moore,12,0,False,disponible,2026-10-08 19:59
2026-10-16|09:00|banote club charenton|lagree full body — women only,2026-10-16,Vendredi,09:00,10:00,Banote Club Charenton,LAGREE FULL BODY — WOMEN ONLY,Marine,12,0,False,disponible,2026-10-08 19:59
2026-10-16|09:00|banote club paris 16e|lagree full body — women only,2026-10-16,Vendredi,09:00,10:00,Banote Club Paris 16e,LAGREE FULL BODY — WOMEN ONLY,Alexandra,12,0,False,disponible,2026-10-08 19:59
2026-10-16|09:00|banote x collectionneur|functional bootcamp - functional training class,2026-10-16,Vendredi,09:00,10:00,Banote x Collectionneur,Functional Bootcamp - Functional Training class,Michael Moore,12,0,False,disponible,2026-10-08 19:59
2026-10-16|10:00|banote club charenton|lagree full body — women only,2026-10-16,Vendredi,10:00,11:00,Banote Club Charenton,LAGREE FULL BODY — WOMEN ONLY,Marine,12,0,False,disponible,2026-10-08 19:59
2026-10-16|10:00|banote club paris 16e|lagree full body — women only,2026-10-16,Vendredi,10:00,11:00,Banote Club Paris 16e,LAGREE FULL BODY — WOMEN ONLY,Alexandra,12,0,False,disponible,2026-10-08 19:59
2026-10-16|11:00|banote club charenton|lagree full body — women only,2026-10-16,Vendredi,11:00,12:00,Banote Club Charenton,LAGREE FULL BODY — WOMEN ONLY,Marine,12,0,False,disponible,2026-10-08 19:59
2026-10-16|11:00|banote club paris 16e|lagree full body — women only,2026-10-16,Vendredi,11:00,12:00,Banote Club Paris 16e,LAGREE FULL BODY — WOMEN ONLY,Alexandra,12,0,False,disponible,2026-10-08 19:59
2026-10-16|12:00|banote club paris 16e|lagree full body — women only,2026-10-16,Vendredi,12:00,13:00,Banote Club Paris 16e,LAGREE FULL BODY — WOMEN ONLY,Rachel,12,0,False,disponible,2026-10-08 19:59
2026-10-16|12:30|banote club charenton|lagree full body — women only,2026-10-16,Vendredi,12:30,13:30,Banote Club Charenton,LAGREE FULL BODY — WOMEN ONLY,Noa,12,0,False,disponible,2026-10-08 19:59
2026-10-16|13:00|banote club paris 16e|lagree full body — women only,2026-10-16,Vendredi,13:00,14:00,Banote Club Paris 16e,LAGREE FULL BODY — WOMEN ONLY,Rachel,12,0,False,disponible,2026-10-08 19:59
2026-10-16|13:30|banote club charenton|lagree full body — women only,2026-10-16,Vendredi,13:30,14:30,Banote Club Charenton,LAGREE FULL BODY — WOMEN ONLY,Noa,12,0,False,disponible,2026-10-08 19:59
2026-10-16|14:00|banote club paris 16e|lagree full body — women only,2026-10-16,Vendredi,14:00,15:00,Banote Club Paris 16e,LAGREE FULL BODY — WOMEN ONLY,Rachel,12,0,False,disponible,2026-10-08 19:59
2026-10-16|16:00|banote club paris 16e|lagree full body — women only,2026-10-16,Vendredi,16:00,17:00,Banote Club Paris 16e,LAGREE FULL BODY — WOMEN ONLY,Noa,12,0,False,disponible,2026-10-08 19:59
2026-10-16|17:00|banote club paris 16e|lagree full body — women only,2026-10-16,Vendredi,17:00,18:00,Banote Club Paris 16e,LAGREE FULL BODY — WOMEN ONLY,Noa,12,0,False,disponible,2026-10-08 19:59
2026-10-16|17:00|banote x collectionneur|functional bootcamp - functional training class,2026-10-16,Vendredi,17:00,18:00,Banote x Collectionneur,Functional Bootcamp - Functional Training class,Michael Moore,12,0,False,disponible,2026-10-08 19:59
2026-10-16|18:00|banote club paris 16e|lagree full body — women only,2026-10-16,Vendredi,18:00,19:00,Banote Club Paris 16e,LAGREE FULL BODY — WOMEN ONLY,Noa,12,0,False,disponible,2026-10-08 19:59
2026-10-16|18:00|banote x collectionneur|functional bootcamp - functional training class,2026-10-16,Vendredi,18:00,19:00,Banote x Collectionneur,Functional Bootcamp - Functional Training class,Michael Moore,12,0,False,disponible,2026-10-08 19:59
2026-10-17|10:00|banote club paris 16e|everybody do lagree — mixed class,2026-10-17,Samedi,10:00,11:00,Banote Club Paris 16e,EVERYBODY DO LAGREE — MIXED CLASS,Enzo,12,0,False,disponible,2026-10-08 19:59
2026-10-17|11:00|banote club paris 16e|everybody do lagree — mixed class,2026-10-17,Samedi,11:00,12:00,Banote Club Paris 16e,EVERYBODY DO LAGREE — MIXED CLASS,Enzo,12,0,False,disponible,2026-10-08 19:59
2026-10-17|12:00|banote club paris 16e|everybody do lagree — mixed class,2026-10-17,Samedi,12:00,13:00,Banote Club Paris 16e,EVERYBODY DO LAGREE — MIXED CLASS,Enzo,12,0,False,disponible,2026-10-08 19:59
2026-10-17|17:30|banote club paris 16e|lagree full body — women only,2026-10-17,Samedi,17:30,18:30,Banote Club Paris 16e,LAGREE FULL BODY — WOMEN ONLY,Rachel,12,0,False,disponible,2026-10-08 19:59
2026-10-17|18:30|banote club paris 16e|lagree full body — women only,2026-10-17,Samedi,18:30,19:30,Banote Club Paris 16e,LAGREE FULL BODY — WOMEN ONLY,Rachel,12,0,False,disponible,2026-10-08 19:59
2026-10-18|10:00|banote club charenton|lagree full body — women only,2026-10-18,Dimanche,10:00,11:00,Banote Club Charenton,LAGREE FULL BODY — WOMEN ONLY,Noa,12,0,False,disponible,2026-10-08 19:59
2026-10-18|10:00|banote club paris 16e|advanced full body — women only,2026-10-18,Dimanche,10:00,11:00,Banote Club Paris 16e,ADVANCED FULL BODY — WOMEN ONLY,Alexandra,12,0,False,disponible,2026-10-08 19:59
2026-10-18|11:00|banote club charenton|lagree full body — women only,2026-10-18,Dimanche,11:00,12:00,Banote Club Charenton,LAGREE FULL BODY — WOMEN ONLY,Noa,12,0,False,disponible,2026-10-08 19:59
2026-10-18|11:00|banote club paris 16e|lagree full body — women only,2026-10-18,Dimanche,11:00,12:00,Banote Club Paris 16e,LAGREE FULL BODY — WOMEN ONLY,Alexandra,12,0,False,disponible,2026-10-08 19:59
2026-10-18|12:00|banote club charenton|lagree full body — women only,2026-10-18,Dimanche,12:00,13:00,Banote Club Charenton,LAGREE FULL BODY — WOMEN ONLY,Noa,12,0,False,disponible,2026-10-08 19:59
2026-10-18|12:00|banote club paris 16e|advanced full body — women only,2026-10-18,Dimanche,12:00,13:00,Banote Club Paris 16e,ADVANCED FULL BODY — WOMEN ONLY,Alexandra,12,0,False,disponible,2026-10-08 19:59
2026-10-18|13:00|banote club charenton|lagree full body — women only,2026-10-18,Dimanche,13:00,14:00,Banote Club Charenton,LAGREE FULL BODY — WOMEN ONLY,Noa,12,0,False,disponible,2026-10-08 19:59
2026-10-18|13:00|banote club paris 16e|advanced full body — women only,2026-10-18,Dimanche,13:00,14:00,Banote Club Paris 16e,ADVANCED FULL BODY — WOMEN ONLY,Alexandra,12,0,False,disponible,2026-10-08 19:59
2026-10-18|16:30|banote club charenton|lagree full body — women only,2026-10-18,Dimanche,16:30,17:30,Banote Club Charenton,LAGREE FULL BODY — WOMEN ONLY,Tally,12,0,False,disponible,2026-10-08 19:59
2026-10-18|17:00|banote club paris 16e|lagree full body — women only,2026-10-18,Dimanche,17:00,18:00,Banote Club Paris 16e,LAGREE FULL BODY — WOMEN ONLY,Mikhal,12,0,False,disponible,2026-10-08 19:59
2026-10-18|17:30|banote club charenton|lagree full body — women only,2026-10-18,Dimanche,17:30,18:30,Banote Club Charenton,LAGREE FULL BODY — WOMEN ONLY,Tally,12,0,False,disponible,2026-10-08 19:59
2026-10-18|18:00|banote club paris 16e|lagree full body — women only,2026-10-18,Dimanche,18:00,19:00,Banote Club Paris 16e,LAGREE FULL BODY — WOMEN ONLY,Mikhal,12,0,False,disponible,2026-10-08 19:59
2026-10-18|19:00|banote club paris 16e|lagree full body — women only,2026-10-18,Dimanche,19:00,20:00,Banote Club Paris 16e,LAGREE FULL BODY — WOMEN ONLY,Mikhal,12,0,False,disponible,2026-10-08 19:59
2026-10-19|05:00|banote x collectionneur|functional bootcamp - functional training class,2026-10-19,Lundi,05:00,06:00,Banote x Collectionneur,Functional Bootcamp - Functional Training class,Michael Moore,12,0,False,disponible,2026-10-08 19:59
2026-10-19|06:00|banote x collectionneur|functional bootcamp - functional training class,2026-10-19,Lundi,06:00,07:00,Banote x Collectionneur,Functional Bootcamp - Functional Training class,Michael Moore,12,0,False,disponible,2026-10-08 19:59
2026-10-19|08:00|banote x collectionneur|functional bootcamp - functional training class,2026-10-19,Lundi,08:00,09:00,Banote x Collectionneur,Functional Bootcamp - Functional Training class,Michael Moore,12,0,False,disponible,2026-10-08 19:59
2026-10-19|09:00|banote club paris 16e|lagree full body — women only,2026-10-19,Lundi,09:00,10:00,Banote Club Paris 16e,LAGREE FULL BODY — WOMEN ONLY,Mikhal,12,0,False,disponible,2026-10-08 19:59
2026-10-19|09:00|banote x collectionneur|functional bootcamp - functional training class,2026-10-19,Lundi,09:00,10:00,Banote x Collectionneur,Functional Bootcamp - Functional Training class,Michael Moore,12,0,False,disponible,2026-10-08 19:59
2026-10-19|10:00|banote club paris 16e|lagree full body — women only,2026-10-19,Lundi,10:00,11:00,Banote Club Paris 16e,LAGREE FULL BODY — WOMEN ONLY,Mikhal,12,0,False,disponible,2026-10-08 19:59
2026-10-19|11:00|banote club charenton|lagree full body — women only,2026-10-19,Lundi,11:00,12:00,Banote Club Charenton,LAGREE FULL BODY — WOMEN ONLY,Tally,12,0,False,disponible,2026-10-08 19:59
2026-10-19|11:00|banote club paris 16e|lagree full body — women only,2026-10-19,Lundi,11:00,12:00,Banote Club Paris 16e,LAGREE FULL BODY — WOMEN ONLY,Mikhal,12,0,False,disponible,2026-10-08 19:59
2026-10-19|12:00|banote club paris 16e|lagree full body — women only,2026-10-19,Lundi,12:00,13:00,Banote Club Paris 16e,LAGREE FULL BODY — WOMEN ONLY,Rachel,12,0,False,disponible,2026-10-08 19:59
2026-10-19|12:30|banote club charenton|lagree full body — women only,2026-10-19,Lundi,12:30,13:30,Banote Club Charenton,LAGREE FULL BODY — WOMEN ONLY,Tally,12,0,False,disponible,2026-10-08 19:59
2026-10-19|13:00|banote club paris 16e|lagree full body — women only,2026-10-19,Lundi,13:00,14:00,Banote Club Paris 16e,LAGREE FULL BODY — WOMEN ONLY,Rachel,12,0,False,disponible,2026-10-08 19:59
2026-10-19|13:30|banote club charenton|lagree full body — women only,2026-10-19,Lundi,13:30,14:30,Banote Club Charenton,LAGREE FULL BODY — WOMEN ONLY,Tally,12,0,False,disponible,2026-10-08 19:59
2026-10-19|14:00|banote club paris 16e|lagree full body — women only,2026-10-19,Lundi,14:00,15:00,Banote Club Paris 16e,LAGREE FULL BODY — WOMEN ONLY,Alexandra,12,0,False,disponible,2026-10-08 19:59
2026-10-19|17:00|banote club paris 16e|lagree full body — women only,2026-10-19,Lundi,17:00,18:00,Banote Club Paris 16e,LAGREE FULL BODY — WOMEN ONLY,Rachel,12,0,False,disponible,2026-10-08 19:59
2026-10-19|17:00|banote x collectionneur|functional bootcamp - functional training class,2026-10-19,Lundi,17:00,18:00,Banote x Collectionneur,Functional Bootcamp - Functional Training class,Michael Moore,12,0,False,disponible,2026-10-08 19:59
2026-10-19|17:30|banote club charenton|lagree full body — women only,2026-10-19,Lundi,17:30,18:30,Banote Club Charenton,LAGREE FULL BODY — WOMEN ONLY,Noa,12,0,False,disponible,2026-10-08 19:59
2026-10-19|18:00|banote club paris 16e|lagree full body — women only,2026-10-19,Lundi,18:00,19:00,Banote Club Paris 16e,LAGREE FULL BODY — WOMEN ONLY,Rachel,12,0,False,disponible,2026-10-08 19:59
2026-10-19|18:00|banote x collectionneur|functional bootcamp - functional training class,2026-10-19,Lundi,18:00,19:00,Banote x Collectionneur,Functional Bootcamp - Functional Training class,Michael Moore,12,0,False,disponible,2026-10-08 19:59
2026-10-19|18:30|banote club charenton|lagree full body — women only,2026-10-19,Lundi,18:30,19:30,Banote Club Charenton,LAGREE FULL BODY — WOMEN ONLY,Noa,12,0,False,disponible,2026-10-08 19:59
2026-10-19|19:00|banote club paris 16e|lagree full body — women only,2026-10-19,Lundi,19:00,20:00,Banote Club Paris 16e,LAGREE FULL BODY — WOMEN ONLY,Rachel,12,0,False,disponible,2026-10-08 19:59
2026-10-19|19:00|banote x collectionneur|functional bootcamp - functional training class,2026-10-19,Lundi,19:00,20:00,Banote x Collectionneur,Functional Bootcamp - Functional Training class,Michael Moore,12,0,False,disponible,2026-10-08 19:59
2026-10-19|19:30|banote club charenton|lagree full body — women only,2026-10-19,Lundi,19:30,20:30,Banote Club Charenton,LAGREE FULL BODY — WOMEN ONLY,Noa,12,0,False,disponible,2026-10-08 19:59
2026-10-19|20:00|banote club paris 16e|lagree full body — women only,2026-10-19,Lundi,20:00,21:00,Banote Club Paris 16e,LAGREE FULL BODY — WOMEN ONLY,Rachel,12,0,False,disponible,2026-10-08 19:59
2026-10-20|09:00|banote club charenton|lagree full body — women only,2026-10-20,Mardi,09:00,10:00,Banote Club Charenton,LAGREE FULL BODY — WOMEN ONLY,Noa,12,0,False,disponible,2026-10-08 19:59
2026-10-20|09:00|banote club paris 16e|lagree full body — women only,2026-10-20,Mardi,09:00,10:00,Banote Club Paris 16e,LAGREE FULL BODY — WOMEN ONLY,Rachel,12,0,False,disponible,2026-10-08 19:59
2026-10-20|10:00|banote club charenton|lagree full body — women only,2026-10-20,Mardi,10:00,11:00,Banote Club Charenton,LAGREE FULL BODY — WOMEN ONLY,Noa,12,0,False,disponible,2026-10-08 19:59
2026-10-20|10:00|banote club paris 16e|lagree full body — women only,2026-10-20,Mardi,10:00,11:00,Banote Club Paris 16e,LAGREE FULL BODY — WOMEN ONLY,Rachel,12,0,False,disponible,2026-10-08 19:59
2026-10-20|11:00|banote club charenton|lagree full body — women only,2026-10-20,Mardi,11:00,12:00,Banote Club Charenton,LAGREE FULL BODY — WOMEN ONLY,Noa,12,0,False,disponible,2026-10-08 19:59
2026-10-20|11:00|banote club paris 16e|lagree full body — women only,2026-10-20,Mardi,11:00,12:00,Banote Club Paris 16e,LAGREE FULL BODY — WOMEN ONLY,Alexandra,12,0,False,disponible,2026-10-08 19:59
2026-10-20|12:00|banote club paris 16e|advanced full body — women only,2026-10-20,Mardi,12:00,13:00,Banote Club Paris 16e,ADVANCED FULL BODY — WOMEN ONLY,Alexandra,12,0,False,disponible,2026-10-08 19:59
2026-10-20|12:30|banote club charenton|lagree full body — women only,2026-10-20,Mardi,12:30,13:30,Banote Club Charenton,LAGREE FULL BODY — WOMEN ONLY,Noa,12,0,False,disponible,2026-10-08 19:59
2026-10-20|13:00|banote club paris 16e|advanced full body — women only,2026-10-20,Mardi,13:00,14:00,Banote Club Paris 16e,ADVANCED FULL BODY — WOMEN ONLY,Alexandra,12,0,False,disponible,2026-10-08 19:59
2026-10-20|14:00|banote club paris 16e|lagree full body — women only,2026-10-20,Mardi,14:00,15:00,Banote Club Paris 16e,LAGREE FULL BODY — WOMEN ONLY,Alexandra,12,0,False,disponible,2026-10-08 19:59
2026-10-20|17:30|banote club charenton|lagree full body — women only,2026-10-20,Mardi,17:30,18:30,Banote Club Charenton,LAGREE FULL BODY — WOMEN ONLY,Tally,12,0,False,disponible,2026-10-08 19:59
2026-10-20|17:30|banote club paris 16e|lagree full body — women only,2026-10-20,Mardi,17:30,18:30,Banote Club Paris 16e,LAGREE FULL BODY — WOMEN ONLY,Noa,12,0,False,disponible,2026-10-08 19:59
2026-10-20|18:30|banote club charenton|lagree full body — women only,2026-10-20,Mardi,18:30,19:30,Banote Club Charenton,LAGREE FULL BODY — WOMEN ONLY,Tally,12,0,False,disponible,2026-10-08 19:59
2026-10-20|18:30|banote club paris 16e|lagree full body — women only,2026-10-20,Mardi,18:30,19:30,Banote Club Paris 16e,LAGREE FULL BODY — WOMEN ONLY,Noa,12,0,False,disponible,2026-10-08 19:59
2026-10-20|19:30|banote club charenton|lagree full body — women only,2026-10-20,Mardi,19:30,20:30,Banote Club Charenton,LAGREE FULL BODY — WOMEN ONLY,Tally,12,0,False,disponible,2026-10-08 19:59
2026-10-20|19:30|banote club paris 16e|lagree full body — women only,2026-10-20,Mardi,19:30,20:30,Banote Club Paris 16e,LAGREE FULL BODY — WOMEN ONLY,Noa,12,0,False,disponible,2026-10-08 19:59
2026-10-20|20:30|banote club paris 16e|lagree full body — women only,2026-10-20,Mardi,20:30,21:30,Banote Club Paris 16e,LAGREE FULL BODY — WOMEN ONLY,Noa,12,0,False,disponible,2026-10-08 19:59
2026-10-21|05:00|banote x collectionneur|functional bootcamp - functional training class,2026-10-21,Mercredi,05:00,06:00,Banote x Collectionneur,Functional Bootcamp - Functional Training class,Michael Moore,12,0,False,disponible,2026-10-08 19:59
2026-10-21|06:00|banote x collectionneur|functional bootcamp - functional training class,2026-10-21,Mercredi,06:00,07:00,Banote x Collectionneur,Functional Bootcamp - Functional Training class,Michael Moore,12,0,False,disponible,2026-10-08 19:59
2026-10-21|08:00|banote club paris 16e|lagree full body — women only,2026-10-21,Mercredi,08:00,09:00,Banote Club Paris 16e,LAGREE FULL BODY — WOMEN ONLY,Rachel,12,0,False,disponible,2026-10-08 19:59
2026-10-21|08:00|banote x collectionneur|functional bootcamp - functional training class,2026-10-21,Mercredi,08:00,09:00,Banote x Collectionneur,Functional Bootcamp - Functional Training class,Michael Moore,12,0,False,disponible,2026-10-08 19:59
2026-10-21|09:00|banote club charenton|lagree full body — women only,2026-10-21,Mercredi,09:00,10:00,Banote Club Charenton,LAGREE FULL BODY — WOMEN ONLY,Tally,12,0,False,disponible,2026-10-08 19:59
2026-10-21|09:00|banote club paris 16e|lagree full body — women only,2026-10-21,Mercredi,09:00,10:00,Banote Club Paris 16e,LAGREE FULL BODY — WOMEN ONLY,Rachel,12,0,False,disponible,2026-10-08 19:59
2026-10-21|09:00|banote x collectionneur|functional bootcamp - functional training class,2026-10-21,Mercredi,09:00,10:00,Banote x Collectionneur,Functional Bootcamp - Functional Training class,Michael Moore,12,0,False,disponible,2026-10-08 19:59
2026-10-21|10:00|banote club charenton|lagree full body — women only,2026-10-21,Mercredi,10:00,11:00,Banote Club Charenton,LAGREE FULL BODY — WOMEN ONLY,Tally,12,0,False,disponible,2026-10-08 19:59
2026-10-21|10:00|banote club paris 16e|lagree full body — women only,2026-10-21,Mercredi,10:00,11:00,Banote Club Paris 16e,LAGREE FULL BODY — WOMEN ONLY,Rachel,12,0,False,disponible,2026-10-08 19:59
2026-10-21|11:00|banote club paris 16e|lagree full body — women only,2026-10-21,Mercredi,11:00,12:00,Banote Club Paris 16e,LAGREE FULL BODY — WOMEN ONLY,Susie,12,0,False,disponible,2026-10-08 19:59
2026-10-21|11:30|banote club charenton|lagree full body — women only,2026-10-21,Mercredi,11:30,12:30,Banote Club Charenton,LAGREE FULL BODY — WOMEN ONLY,Tally,12,0,False,disponible,2026-10-08 19:59
2026-10-21|12:00|banote club paris 16e|lagree full body — women only,2026-10-21,Mercredi,12:00,13:00,Banote Club Paris 16e,LAGREE FULL BODY — WOMEN ONLY,Susie,12,0,False,disponible,2026-10-08 19:59
2026-10-21|12:30|banote club charenton|lagree full body — women only,2026-10-21,Mercredi,12:30,13:30,Banote Club Charenton,LAGREE FULL BODY — WOMEN ONLY,Tally,12,0,False,disponible,2026-10-08 19:59
2026-10-21|13:00|banote club paris 16e|lagree full body — women only,2026-10-21,Mercredi,13:00,14:00,Banote Club Paris 16e,LAGREE FULL BODY — WOMEN ONLY,Susie,12,0,False,disponible,2026-10-08 19:59
2026-10-21|17:00|banote x collectionneur|functional bootcamp - functional training class,2026-10-21,Mercredi,17:00,18:00,Banote x Collectionneur,Functional Bootcamp - Functional Training class,Michael Moore,12,0,False,disponible,2026-10-08 19:59
2026-10-21|18:00|banote x collectionneur|functional bootcamp - functional training class,2026-10-21,Mercredi,18:00,19:00,Banote x Collectionneur,Functional Bootcamp - Functional Training class,Michael Moore,12,0,False,disponible,2026-10-08 19:59
2026-10-21|18:30|banote club charenton|lagree full body — women only,2026-10-21,Mercredi,18:30,19:30,Banote Club Charenton,LAGREE FULL BODY — WOMEN ONLY,Noa,12,0,False,disponible,2026-10-08 19:59
2026-10-21|18:30|banote club paris 16e|lagree full body — women only,2026-10-21,Mercredi,18:30,19:30,Banote Club Paris 16e,LAGREE FULL BODY — WOMEN ONLY,Rachel,12,0,False,disponible,2026-10-08 19:59
2026-10-21|19:00|banote x collectionneur|functional bootcamp - functional training class,2026-10-21,Mercredi,19:00,20:00,Banote x Collectionneur,Functional Bootcamp - Functional Training class,Michael Moore,12,0,False,disponible,2026-10-08 19:59
2026-10-21|19:30|banote club charenton|lagree full body — women only,2026-10-21,Mercredi,19:30,20:30,Banote Club Charenton,LAGREE FULL BODY — WOMEN ONLY,Noa,12,0,False,disponible,2026-10-08 19:59
2026-10-21|19:30|banote club paris 16e|lagree full body — women only,2026-10-21,Mercredi,19:30,20:30,Banote Club Paris 16e,LAGREE FULL BODY — WOMEN ONLY,Rachel,12,0,False,disponible,2026-10-08 19:59
2026-10-21|20:30|banote club charenton|lagree full body — women only,2026-10-21,Mercredi,20:30,21:30,Banote Club Charenton,LAGREE FULL BODY — WOMEN ONLY,Noa,12,0,False,disponible,2026-10-08 19:59
2026-10-21|20:30|banote club paris 16e|lagree full body — women only,2026-10-21,Mercredi,20:30,21:30,Banote Club Paris 16e,LAGREE FULL BODY — WOMEN ONLY,Rachel,12,0,False,disponible,2026-10-08 19:59
2026-10-22|08:00|banote club paris 16e|lagree full body — women only,2026-10-22,Jeudi,08:00,09:00,Banote Club Paris 16e,LAGREE FULL BODY — WOMEN ONLY,Mikhal,12,0,False,disponible,2026-10-08 19:59
2026-10-22|09:00|banote club charenton|lagree full body — women only,2026-10-22,Jeudi,09:00,10:00,Banote Club Charenton,LAGREE FULL BODY — WOMEN ONLY,Romane,12,0,False,disponible,2026-10-08 19:59
2026-10-22|09:00|banote club paris 16e|lagree full body — women only,2026-10-22,Jeudi,09:00,10:00,Banote Club Paris 16e,LAGREE FULL BODY — WOMEN ONLY,Mikhal,12,0,False,disponible,2026-10-08 19:59
2026-10-22|10:00|banote club charenton|lagree full body — women only,2026-10-22,Jeudi,10:00,11:00,Banote Club Charenton,LAGREE FULL BODY — WOMEN ONLY,Romane,12,0,False,disponible,2026-10-08 19:59
2026-10-22|10:00|banote club paris 16e|lagree full body — women only,2026-10-22,Jeudi,10:00,11:00,Banote Club Paris 16e,LAGREE FULL BODY — WOMEN ONLY,Mikhal,12,0,False,disponible,2026-10-08 19:59
2026-10-22|11:00|banote club paris 16e|lagree full body — women only,2026-10-22,Jeudi,11:00,12:00,Banote Club Paris 16e,LAGREE FULL BODY — WOMEN ONLY,Alexandra,12,0,False,disponible,2026-10-08 19:59
2026-10-22|12:00|banote club paris 16e|advanced full body — women only,2026-10-22,Jeudi,12:00,13:00,Banote Club Paris 16e,ADVANCED FULL BODY — WOMEN ONLY,Alexandra,12,0,False,disponible,2026-10-08 19:59
2026-10-22|12:30|banote club charenton|lagree full body — women only,2026-10-22,Jeudi,12:30,13:30,Banote Club Charenton,LAGREE FULL BODY — WOMEN ONLY,Marine,12,0,False,disponible,2026-10-08 19:59
2026-10-22|13:00|banote club paris 16e|advanced full body — women only,2026-10-22,Jeudi,13:00,14:00,Banote Club Paris 16e,ADVANCED FULL BODY — WOMEN ONLY,Alexandra,12,0,False,disponible,2026-10-08 19:59
2026-10-22|13:30|banote club charenton|lagree full body — women only,2026-10-22,Jeudi,13:30,14:30,Banote Club Charenton,LAGREE FULL BODY — WOMEN ONLY,Marine,12,0,False,disponible,2026-10-08 19:59
2026-10-22|14:00|banote club paris 16e|lagree full body — women only,2026-10-22,Jeudi,14:00,15:00,Banote Club Paris 16e,LAGREE FULL BODY — WOMEN ONLY,Alexandra,12,0,False,disponible,2026-10-08 19:59
2026-10-22|17:30|banote club paris 16e|lagree full body — women only,2026-10-22,Jeudi,17:30,18:30,Banote Club Paris 16e,LAGREE FULL BODY — WOMEN ONLY,Lola,12,0,False,disponible,2026-10-08 19:59
2026-10-22|18:30|banote club charenton|lagree full body — women only,2026-10-22,Jeudi,18:30,19:30,Banote Club Charenton,LAGREE FULL BODY — WOMEN ONLY,Rachel,12,0,False,disponible,2026-10-08 19:59
2026-10-22|18:30|banote club paris 16e|lagree full body — women only,2026-10-22,Jeudi,18:30,19:30,Banote Club Paris 16e,LAGREE FULL BODY — WOMEN ONLY,Lola,12,0,False,disponible,2026-10-08 19:59
2026-10-22|19:30|banote club charenton|lagree full body — women only,2026-10-22,Jeudi,19:30,20:30,Banote Club Charenton,LAGREE FULL BODY — WOMEN ONLY,Rachel,12,0,False,disponible,2026-10-08 19:59
2026-10-22|19:30|banote club paris 16e|lagree full body — women only,2026-10-22,Jeudi,19:30,20:30,Banote Club Paris 16e,LAGREE FULL BODY — WOMEN ONLY,Lola,12,0,False,disponible,2026-10-08 19:59
2026-10-23|05:00|banote x collectionneur|functional bootcamp - functional training class,2026-10-23,Vendredi,05:00,06:00,Banote x Collectionneur,Functional Bootcamp - Functional Training class,Michael Moore,12,0,False,disponible,2026-10-08 19:59
2026-10-23|06:00|banote x collectionneur|functional bootcamp - functional training class,2026-10-23,Vendredi,06:00,07:00,Banote x Collectionneur,Functional Bootcamp - Functional Training class,Michael Moore,12,0,False,disponible,2026-10-08 19:59
2026-10-23|08:00|banote x collectionneur|functional bootcamp - functional training class,2026-10-23,Vendredi,08:00,09:00,Banote x Collectionneur,Functional Bootcamp - Functional Training class,Michael Moore,12,0,False,disponible,2026-10-08 19:59
2026-10-23|09:00|banote club charenton|lagree full body — women only,2026-10-23,Vendredi,09:00,10:00,Banote Club Charenton,LAGREE FULL BODY — WOMEN ONLY,Marine,12,0,False,disponible,2026-10-08 19:59
2026-10-23|09:00|banote club paris 16e|lagree full body — women only,2026-10-23,Vendredi,09:00,10:00,Banote Club Paris 16e,LAGREE FULL BODY — WOMEN ONLY,Alexandra,12,0,False,disponible,2026-10-08 19:59
2026-10-23|09:00|banote x collectionneur|functional bootcamp - functional training class,2026-10-23,Vendredi,09:00,10:00,Banote x Collectionneur,Functional Bootcamp - Functional Training class,Michael Moore,12,0,False,disponible,2026-10-08 19:59
2026-10-23|10:00|banote club charenton|lagree full body — women only,2026-10-23,Vendredi,10:00,11:00,Banote Club Charenton,LAGREE FULL BODY — WOMEN ONLY,Marine,12,0,False,disponible,2026-10-08 19:59
2026-10-23|10:00|banote club paris 16e|lagree full body — women only,2026-10-23,Vendredi,10:00,11:00,Banote Club Paris 16e,LAGREE FULL BODY — WOMEN ONLY,Alexandra,12,0,False,disponible,2026-10-08 19:59
2026-10-23|11:00|banote club charenton|lagree full body — women only,2026-10-23,Vendredi,11:00,12:00,Banote Club Charenton,LAGREE FULL BODY — WOMEN ONLY,Marine,12,0,False,disponible,2026-10-08 19:59
2026-10-23|11:00|banote club paris 16e|lagree full body — women only,2026-10-23,Vendredi,11:00,12:00,Banote Club Paris 16e,LAGREE FULL BODY — WOMEN ONLY,Alexandra,12,0,False,disponible,2026-10-08 19:59
2026-10-23|12:00|banote club paris 16e|lagree full body — women only,2026-10-23,Vendredi,12:00,13:00,Banote Club Paris 16e,LAGREE FULL BODY — WOMEN ONLY,Rachel,12,0,False,disponible,2026-10-08 19:59
2026-10-23|12:30|banote club charenton|lagree full body — women only,2026-10-23,Vendredi,12:30,13:30,Banote Club Charenton,LAGREE FULL BODY — WOMEN ONLY,Noa,12,0,False,disponible,2026-10-08 19:59
2026-10-23|13:00|banote club paris 16e|lagree full body — women only,2026-10-23,Vendredi,13:00,14:00,Banote Club Paris 16e,LAGREE FULL BODY — WOMEN ONLY,Rachel,12,0,False,disponible,2026-10-08 19:59
2026-10-23|13:30|banote club charenton|lagree full body — women only,2026-10-23,Vendredi,13:30,14:30,Banote Club Charenton,LAGREE FULL BODY — WOMEN ONLY,Noa,12,0,False,disponible,2026-10-08 19:59
2026-10-23|14:00|banote club paris 16e|lagree full body — women only,2026-10-23,Vendredi,14:00,15:00,Banote Club Paris 16e,LAGREE FULL BODY — WOMEN ONLY,Rachel,12,0,False,disponible,2026-10-08 19:59
2026-10-23|16:00|banote club paris 16e|lagree full body — women only,2026-10-23,Vendredi,16:00,17:00,Banote Club Paris 16e,LAGREE FULL BODY — WOMEN ONLY,Noa,12,0,False,disponible,2026-10-08 19:59
2026-10-23|17:00|banote club paris 16e|lagree full body — women only,2026-10-23,Vendredi,17:00,18:00,Banote Club Paris 16e,LAGREE FULL BODY — WOMEN ONLY,Noa,12,0,False,disponible,2026-10-08 19:59
2026-10-23|17:00|banote x collectionneur|functional bootcamp - functional training class,2026-10-23,Vendredi,17:00,18:00,Banote x Collectionneur,Functional Bootcamp - Functional Training class,Michael Moore,12,0,False,disponible,2026-10-08 19:59
2026-10-23|18:00|banote club paris 16e|lagree full body — women only,2026-10-23,Vendredi,18:00,19:00,Banote Club Paris 16e,LAGREE FULL BODY — WOMEN ONLY,Noa,12,0,False,disponible,2026-10-08 19:59
2026-10-23|18:00|banote x collectionneur|functional bootcamp - functional training class,2026-10-23,Vendredi,18:00,19:00,Banote x Collectionneur,Functional Bootcamp - Functional Training class,Michael Moore,12,0,False,disponible,2026-10-08 19:59
2026-10-24|10:00|banote club paris 16e|everybody do lagree — mixed class,2026-10-24,Samedi,10:00,11:00,Banote Club Paris 16e,EVERYBODY DO LAGREE — MIXED CLASS,Enzo,12,0,False,disponible,2026-10-08 19:59
2026-10-24|11:00|banote club paris 16e|everybody do lagree — mixed class,2026-10-24,Samedi,11:00,12:00,Banote Club Paris 16e,EVERYBODY DO LAGREE — MIXED CLASS,Enzo,12,0,False,disponible,2026-10-08 19:59
2026-10-24|12:00|banote club paris 16e|everybody do lagree — mixed class,2026-10-24,Samedi,12:00,13:00,Banote Club Paris 16e,EVERYBODY DO LAGREE — MIXED CLASS,Enzo,12,0,False,disponible,2026-10-08 19:59
2026-10-24|17:30|banote club paris 16e|lagree full body — women only,2026-10-24,Samedi,17:30,18:30,Banote Club Paris 16e,LAGREE FULL BODY — WOMEN ONLY,Rachel,12,0,False,disponible,2026-10-08 19:59
2026-10-24|18:30|banote club paris 16e|lagree full body — women only,2026-10-24,Samedi,18:30,19:30,Banote Club Paris 16e,LAGREE FULL BODY — WOMEN ONLY,Rachel,12,0,False,disponible,2026-10-08 19:59
2026-10-25|10:00|banote club charenton|lagree full body — women only,2026-10-25,Dimanche,10:00,11:00,Banote Club Charenton,LAGREE FULL BODY — WOMEN ONLY,Noa,12,0,False,disponible,2026-10-08 19:59
2026-10-25|10:00|banote club paris 16e|advanced full body — women only,2026-10-25,Dimanche,10:00,11:00,Banote Club Paris 16e,ADVANCED FULL BODY — WOMEN ONLY,Alexandra,12,0,False,disponible,2026-10-08 19:59
2026-10-25|11:00|banote club charenton|lagree full body — women only,2026-10-25,Dimanche,11:00,12:00,Banote Club Charenton,LAGREE FULL BODY — WOMEN ONLY,Noa,12,0,False,disponible,2026-10-08 19:59
2026-10-25|11:00|banote club paris 16e|lagree full body — women only,2026-10-25,Dimanche,11:00,12:00,Banote Club Paris 16e,LAGREE FULL BODY — WOMEN ONLY,Alexandra,12,0,False,disponible,2026-10-08 19:59
2026-10-25|12:00|banote club charenton|lagree full body — women only,2026-10-25,Dimanche,12:00,13:00,Banote Club Charenton,LAGREE FULL BODY — WOMEN ONLY,Noa,12,0,False,disponible,2026-10-08 19:59
2026-10-25|12:00|banote club paris 16e|advanced full body — women only,2026-10-25,Dimanche,12:00,13:00,Banote Club Paris 16e,ADVANCED FULL BODY — WOMEN ONLY,Alexandra,12,0,False,disponible,2026-10-08 19:59
2026-10-25|13:00|banote club charenton|lagree full body — women only,2026-10-25,Dimanche,13:00,14:00,Banote Club Charenton,LAGREE FULL BODY — WOMEN ONLY,Noa,12,0,False,disponible,2026-10-08 19:59
2026-10-25|13:00|banote club paris 16e|advanced full body — women only,2026-10-25,Dimanche,13:00,14:00,Banote Club Paris 16e,ADVANCED FULL BODY — WOMEN ONLY,Alexandra,12,0,False,disponible,2026-10-08 19:59
2026-10-25|16:30|banote club charenton|lagree full body — women only,2026-10-25,Dimanche,16:30,17:30,Banote Club Charenton,LAGREE FULL BODY — WOMEN ONLY,Tally,12,0,False,disponible,2026-10-08 19:59
2026-10-25|17:00|banote club paris 16e|lagree full body — women only,2026-10-25,Dimanche,17:00,18:00,Banote Club Paris 16e,LAGREE FULL BODY — WOMEN ONLY,Mikhal,12,0,False,disponible,2026-10-08 19:59
2026-10-25|17:30|banote club charenton|lagree full body — women only,2026-10-25,Dimanche,17:30,18:30,Banote Club Charenton,LAGREE FULL BODY — WOMEN ONLY,Tally,12,0,False,disponible,2026-10-08 19:59
2026-10-25|18:00|banote club paris 16e|lagree full body — women only,2026-10-25,Dimanche,18:00,19:00,Banote Club Paris 16e,LAGREE FULL BODY — WOMEN ONLY,Mikhal,12,0,False,disponible,2026-10-08 19:59
2026-10-25|19:00|banote club paris 16e|lagree full body — women only,2026-10-25,Dimanche,19:00,20:00,Banote Club Paris 16e,LAGREE FULL BODY — WOMEN ONLY,Mikhal,12,0,False,disponible,2026-10-08 19:59
2026-10-26|05:00|banote x collectionneur|functional bootcamp - functional training class,2026-10-26,Lundi,05:00,06:00,Banote x Collectionneur,Functional Bootcamp - Functional Training class,Michael Moore,12,0,False,disponible,2026-10-08 19:59
2026-10-26|06:00|banote x collectionneur|functional bootcamp - functional training class,2026-10-26,Lundi,06:00,07:00,Banote x Collectionneur,Functional Bootcamp - Functional Training class,Michael Moore,12,0,False,disponible,2026-10-08 19:59
2026-10-26|08:00|banote x collectionneur|functional bootcamp - functional training class,2026-10-26,Lundi,08:00,09:00,Banote x Collectionneur,Functional Bootcamp - Functional Training class,Michael Moore,12,0,False,disponible,2026-10-08 19:59
2026-10-26|09:00|banote club paris 16e|lagree full body — women only,2026-10-26,Lundi,09:00,10:00,Banote Club Paris 16e,LAGREE FULL BODY — WOMEN ONLY,Mikhal,12,0,False,disponible,2026-10-08 19:59
2026-10-26|09:00|banote x collectionneur|functional bootcamp - functional training class,2026-10-26,Lundi,09:00,10:00,Banote x Collectionneur,Functional Bootcamp - Functional Training class,Michael Moore,12,0,False,disponible,2026-10-08 19:59
2026-10-26|10:00|banote club paris 16e|lagree full body — women only,2026-10-26,Lundi,10:00,11:00,Banote Club Paris 16e,LAGREE FULL BODY — WOMEN ONLY,Mikhal,12,0,False,disponible,2026-10-08 19:59
2026-10-26|11:00|banote club charenton|lagree full body — women only,2026-10-26,Lundi,11:00,12:00,Banote Club Charenton,LAGREE FULL BODY — WOMEN ONLY,Tally,12,0,False,disponible,2026-10-08 19:59
2026-10-26|11:00|banote club paris 16e|lagree full body — women only,2026-10-26,Lundi,11:00,12:00,Banote Club Paris 16e,LAGREE FULL BODY — WOMEN ONLY,Mikhal,12,0,False,disponible,2026-10-08 19:59
2026-10-26|12:00|banote club paris 16e|lagree full body — women only,2026-10-26,Lundi,12:00,13:00,Banote Club Paris 16e,LAGREE FULL BODY — WOMEN ONLY,Rachel,12,0,False,disponible,2026-10-08 19:59
2026-10-26|12:30|banote club charenton|lagree full body — women only,2026-10-26,Lundi,12:30,13:30,Banote Club Charenton,LAGREE FULL BODY — WOMEN ONLY,Tally,12,0,False,disponible,2026-10-08 19:59
2026-10-26|13:00|banote club paris 16e|lagree full body — women only,2026-10-26,Lundi,13:00,14:00,Banote Club Paris 16e,LAGREE FULL BODY — WOMEN ONLY,Rachel,12,0,False,disponible,2026-10-08 19:59
2026-10-26|13:30|banote club charenton|lagree full body — women only,2026-10-26,Lundi,13:30,14:30,Banote Club Charenton,LAGREE FULL BODY — WOMEN ONLY,Tally,12,0,False,disponible,2026-10-08 19:59
2026-10-26|14:00|banote club paris 16e|lagree full body — women only,2026-10-26,Lundi,14:00,15:00,Banote Club Paris 16e,LAGREE FULL BODY — WOMEN ONLY,Alexandra,12,0,False,disponible,2026-10-08 19:59
2026-10-26|17:00|banote club paris 16e|lagree full body — women only,2026-10-26,Lundi,17:00,18:00,Banote Club Paris 16e,LAGREE FULL BODY — WOMEN ONLY,Rachel,12,0,False,disponible,2026-10-08 19:59
2026-10-26|17:00|banote x collectionneur|functional bootcamp - functional training class,2026-10-26,Lundi,17:00,18:00,Banote x Collectionneur,Functional Bootcamp - Functional Training class,Michael Moore,12,0,False,disponible,2026-10-08 19:59
2026-10-26|17:30|banote club charenton|lagree full body — women only,2026-10-26,Lundi,17:30,18:30,Banote Club Charenton,LAGREE FULL BODY — WOMEN ONLY,Noa,12,0,False,disponible,2026-10-08 19:59
2026-10-26|18:00|banote club paris 16e|lagree full body — women only,2026-10-26,Lundi,18:00,19:00,Banote Club Paris 16e,LAGREE FULL BODY — WOMEN ONLY,Rachel,12,0,False,disponible,2026-10-08 19:59
2026-10-26|18:00|banote x collectionneur|functional bootcamp - functional training class,2026-10-26,Lundi,18:00,19:00,Banote x Collectionneur,Functional Bootcamp - Functional Training class,Michael Moore,12,0,False,disponible,2026-10-08 19:59
2026-10-26|18:30|banote club charenton|lagree full body — women only,2026-10-26,Lundi,18:30,19:30,Banote Club Charenton,LAGREE FULL BODY — WOMEN ONLY,Noa,12,0,False,disponible,2026-10-08 19:59
2026-10-26|19:00|banote club paris 16e|lagree full body — women only,2026-10-26,Lundi,19:00,20:00,Banote Club Paris 16e,LAGREE FULL BODY — WOMEN ONLY,Rachel,12,0,False,disponible,2026-10-08 19:59
2026-10-26|19:00|banote x collectionneur|functional bootcamp - functional training class,2026-10-26,Lundi,19:00,20:00,Banote x Collectionneur,Functional Bootcamp - Functional Training class,Michael Moore,12,0,False,disponible,2026-10-08 19:59
2026-10-26|19:30|banote club charenton|lagree full body — women only,2026-10-26,Lundi,19:30,20:30,Banote Club Charenton,LAGREE FULL BODY — WOMEN ONLY,Noa,12,0,False,disponible,2026-10-08 19:59
2026-10-26|20:00|banote club paris 16e|lagree full body — women only,2026-10-26,Lundi,20:00,21:00,Banote Club Paris 16e,LAGREE FULL BODY — WOMEN ONLY,Rachel,12,0,False,disponible,2026-10-08 19:59
2026-10-27|09:00|banote club charenton|lagree full body — women only,2026-10-27,Mardi,09:00,10:00,Banote Club Charenton,LAGREE FULL BODY — WOMEN ONLY,Noa,12,0,False,disponible,2026-10-08 19:59
2026-10-27|09:00|banote club paris 16e|lagree full body — women only,2026-10-27,Mardi,09:00,10:00,Banote Club Paris 16e,LAGREE FULL BODY — WOMEN ONLY,Rachel,12,0,False,disponible,2026-10-08 19:59
2026-10-27|10:00|banote club charenton|lagree full body — women only,2026-10-27,Mardi,10:00,11:00,Banote Club Charenton,LAGREE FULL BODY — WOMEN ONLY,Noa,12,0,False,disponible,2026-10-08 19:59
2026-10-27|10:00|banote club paris 16e|lagree full body — women only,2026-10-27,Mardi,10:00,11:00,Banote Club Paris 16e,LAGREE FULL BODY — WOMEN ONLY,Rachel,12,0,False,disponible,2026-10-08 19:59
2026-10-27|11:00|banote club charenton|lagree full body — women only,2026-10-27,Mardi,11:00,12:00,Banote Club Charenton,LAGREE FULL BODY — WOMEN ONLY,Noa,12,0,False,disponible,2026-10-08 19:59
2026-10-27|11:00|banote club paris 16e|lagree full body — women only,2026-10-27,Mardi,11:00,12:00,Banote Club Paris 16e,LAGREE FULL BODY — WOMEN ONLY,Alexandra,12,0,False,disponible,2026-10-08 19:59
2026-10-27|12:00|banote club paris 16e|advanced full body — women only,2026-10-27,Mardi,12:00,13:00,Banote Club Paris 16e,ADVANCED FULL BODY — WOMEN ONLY,Alexandra,12,0,False,disponible,2026-10-08 19:59
2026-10-27|12:30|banote club charenton|lagree full body — women only,2026-10-27,Mardi,12:30,13:30,Banote Club Charenton,LAGREE FULL BODY — WOMEN ONLY,Noa,12,0,False,disponible,2026-10-08 19:59
2026-10-27|13:00|banote club paris 16e|advanced full body — women only,2026-10-27,Mardi,13:00,14:00,Banote Club Paris 16e,ADVANCED FULL BODY — WOMEN ONLY,Alexandra,12,0,False,disponible,2026-10-08 19:59
2026-10-27|14:00|banote club paris 16e|lagree full body — women only,2026-10-27,Mardi,14:00,15:00,Banote Club Paris 16e,LAGREE FULL BODY — WOMEN ONLY,Alexandra,12,0,False,disponible,2026-10-08 19:59
2026-10-27|17:30|banote club charenton|lagree full body — women only,2026-10-27,Mardi,17:30,18:30,Banote Club Charenton,LAGREE FULL BODY — WOMEN ONLY,Tally,12,0,False,disponible,2026-10-08 19:59
2026-10-27|17:30|banote club paris 16e|lagree full body — women only,2026-10-27,Mardi,17:30,18:30,Banote Club Paris 16e,LAGREE FULL BODY — WOMEN ONLY,Noa,12,0,False,disponible,2026-10-08 19:59
2026-10-27|18:30|banote club charenton|lagree full body — women only,2026-10-27,Mardi,18:30,19:30,Banote Club Charenton,LAGREE FULL BODY — WOMEN ONLY,Tally,12,0,False,disponible,2026-10-08 19:59
2026-10-27|18:30|banote club paris 16e|lagree full body — women only,2026-10-27,Mardi,18:30,19:30,Banote Club Paris 16e,LAGREE FULL BODY — WOMEN ONLY,Noa,12,0,False,disponible,2026-10-08 19:59
2026-10-27|19:30|banote club charenton|lagree full body — women only,2026-10-27,Mardi,19:30,20:30,Banote Club Charenton,LAGREE FULL BODY — WOMEN ONLY,Tally,12,0,False,disponible,2026-10-08 19:59
2026-10-27|19:30|banote club paris 16e|lagree full body — women only,2026-10-27,Mardi,19:30,20:30,Banote Club Paris 16e,LAGREE FULL BODY — WOMEN ONLY,Noa,12,0,False,disponible,2026-10-08 19:59
2026-10-27|20:30|banote club paris 16e|lagree full body — women only,2026-10-27,Mardi,20:30,21:30,Banote Club Paris 16e,LAGREE FULL BODY — WOMEN ONLY,Noa,12,0,False,disponible,2026-10-08 19:59
2026-10-28|05:00|banote x collectionneur|functional bootcamp - functional training class,2026-10-28,Mercredi,05:00,06:00,Banote x Collectionneur,Functional Bootcamp - Functional Training class,Michael Moore,12,0,False,disponible,2026-10-08 19:59
2026-10-28|06:00|banote x collectionneur|functional bootcamp - functional training class,2026-10-28,Mercredi,06:00,07:00,Banote x Collectionneur,Functional Bootcamp - Functional Training class,Michael Moore,12,0,False,disponible,2026-10-08 19:59
2026-10-28|08:00|banote club paris 16e|lagree full body — women only,2026-10-28,Mercredi,08:00,09:00,Banote Club Paris 16e,LAGREE FULL BODY — WOMEN ONLY,Rachel,12,0,False,disponible,2026-10-08 19:59
2026-10-28|08:00|banote x collectionneur|functional bootcamp - functional training class,2026-10-28,Mercredi,08:00,09:00,Banote x Collectionneur,Functional Bootcamp - Functional Training class,Michael Moore,12,0,False,disponible,2026-10-08 19:59
2026-10-28|09:00|banote club charenton|lagree full body — women only,2026-10-28,Mercredi,09:00,10:00,Banote Club Charenton,LAGREE FULL BODY — WOMEN ONLY,Tally,12,0,False,disponible,2026-10-08 19:59
2026-10-28|09:00|banote club paris 16e|lagree full body — women only,2026-10-28,Mercredi,09:00,10:00,Banote Club Paris 16e,LAGREE FULL BODY — WOMEN ONLY,Rachel,12,0,False,disponible,2026-10-08 19:59
2026-10-28|09:00|banote x collectionneur|functional bootcamp - functional training class,2026-10-28,Mercredi,09:00,10:00,Banote x Collectionneur,Functional Bootcamp - Functional Training class,Michael Moore,12,0,False,disponible,2026-10-08 19:59
2026-10-28|10:00|banote club charenton|lagree full body — women only,2026-10-28,Mercredi,10:00,11:00,Banote Club Charenton,LAGREE FULL BODY — WOMEN ONLY,Tally,12,0,False,disponible,2026-10-08 19:59
2026-10-28|10:00|banote club paris 16e|lagree full body — women only,2026-10-28,Mercredi,10:00,11:00,Banote Club Paris 16e,LAGREE FULL BODY — WOMEN ONLY,Rachel,12,0,False,disponible,2026-10-08 19:59
2026-10-28|11:00|banote club paris 16e|lagree full body — women only,2026-10-28,Mercredi,11:00,12:00,Banote Club Paris 16e,LAGREE FULL BODY — WOMEN ONLY,Susie,12,0,False,disponible,2026-10-08 19:59
2026-10-28|11:30|banote club charenton|lagree full body — women only,2026-10-28,Mercredi,11:30,12:30,Banote Club Charenton,LAGREE FULL BODY — WOMEN ONLY,Tally,12,0,False,disponible,2026-10-08 19:59
2026-10-28|12:00|banote club paris 16e|lagree full body — women only,2026-10-28,Mercredi,12:00,13:00,Banote Club Paris 16e,LAGREE FULL BODY — WOMEN ONLY,Susie,12,0,False,disponible,2026-10-08 19:59
2026-10-28|12:30|banote club charenton|lagree full body — women only,2026-10-28,Mercredi,12:30,13:30,Banote Club Charenton,LAGREE FULL BODY — WOMEN ONLY,Tally,12,0,False,disponible,2026-10-08 19:59
2026-10-28|13:00|banote club paris 16e|lagree full body — women only,2026-10-28,Mercredi,13:00,14:00,Banote Club Paris 16e,LAGREE FULL BODY — WOMEN ONLY,Susie,12,0,False,disponible,2026-10-08 19:59
2026-10-28|17:00|banote x collectionneur|functional bootcamp - functional training class,2026-10-28,Mercredi,17:00,18:00,Banote x Collectionneur,Functional Bootcamp - Functional Training class,Michael Moore,12,0,False,disponible,2026-10-08 19:59
2026-10-28|18:00|banote x collectionneur|functional bootcamp - functional training class,2026-10-28,Mercredi,18:00,19:00,Banote x Collectionneur,Functional Bootcamp - Functional Training class,Michael Moore,12,0,False,disponible,2026-10-08 19:59
2026-10-28|18:30|banote club charenton|lagree full body — women only,2026-10-28,Mercredi,18:30,19:30,Banote Club Charenton,LAGREE FULL BODY — WOMEN ONLY,Noa,12,0,False,disponible,2026-10-08 19:59
2026-10-28|18:30|banote club paris 16e|lagree full body — women only,2026-10-28,Mercredi,18:30,19:30,Banote Club Paris 16e,LAGREE FULL BODY — WOMEN ONLY,Rachel,12,0,False,disponible,2026-10-08 19:59
2026-10-28|19:00|banote x collectionneur|functional bootcamp - functional training class,2026-10-28,Mercredi,19:00,20:00,Banote x Collectionneur,Functional Bootcamp - Functional Training class,Michael Moore,12,0,False,disponible,2026-10-08 19:59
2026-10-28|19:30|banote club charenton|lagree full body — women only,2026-10-28,Mercredi,19:30,20:30,Banote Club Charenton,LAGREE FULL BODY — WOMEN ONLY,Noa,12,0,False,disponible,2026-10-08 19:59
2026-10-28|19:30|banote club paris 16e|lagree full body — women only,2026-10-28,Mercredi,19:30,20:30,Banote Club Paris 16e,LAGREE FULL BODY — WOMEN ONLY,Rachel,12,0,False,disponible,2026-10-08 19:59
2026-10-28|20:30|banote club charenton|lagree full body — women only,2026-10-28,Mercredi,20:30,21:30,Banote Club Charenton,LAGREE FULL BODY — WOMEN ONLY,Noa,12,0,False,disponible,2026-10-08 19:59
2026-10-28|20:30|banote club paris 16e|lagree full body — women only,2026-10-28,Mercredi,20:30,21:30,Banote Club Paris 16e,LAGREE FULL BODY — WOMEN ONLY,Rachel,12,0,False,disponible,2026-10-08 19:59
2026-10-29|08:00|banote club paris 16e|lagree full body — women only,2026-10-29,Jeudi,08:00,09:00,Banote Club Paris 16e,LAGREE FULL BODY — WOMEN ONLY,Mikhal,12,0,False,disponible,2026-10-08 19:59
2026-10-29|09:00|banote club charenton|lagree full body — women only,2026-10-29,Jeudi,09:00,10:00,Banote Club Charenton,LAGREE FULL BODY — WOMEN ONLY,Romane,12,0,False,disponible,2026-10-08 19:59
2026-10-29|09:00|banote club paris 16e|lagree full body — women only,2026-10-29,Jeudi,09:00,10:00,Banote Club Paris 16e,LAGREE FULL BODY — WOMEN ONLY,Mikhal,12,0,False,disponible,2026-10-08 19:59
2026-10-29|10:00|banote club charenton|lagree full body — women only,2026-10-29,Jeudi,10:00,11:00,Banote Club Charenton,LAGREE FULL BODY — WOMEN ONLY,Romane,12,0,False,disponible,2026-10-08 19:59
2026-10-29|10:00|banote club paris 16e|lagree full body — women only,2026-10-29,Jeudi,10:00,11:00,Banote Club Paris 16e,LAGREE FULL BODY — WOMEN ONLY,Mikhal,12,0,False,disponible,2026-10-08 19:59
2026-10-29|11:00|banote club paris 16e|lagree full body — women only,2026-10-29,Jeudi,11:00,12:00,Banote Club Paris 16e,LAGREE FULL BODY — WOMEN ONLY,Alexandra,12,0,False,disponible,2026-10-08 19:59
2026-10-29|12:00|banote club paris 16e|advanced full body — women only,2026-10-29,Jeudi,12:00,13:00,Banote Club Paris 16e,ADVANCED FULL BODY — WOMEN ONLY,Alexandra,12,0,False,disponible,2026-10-08 19:59
2026-10-29|12:30|banote club charenton|lagree full body — women only,2026-10-29,Jeudi,12:30,13:30,Banote Club Charenton,LAGREE FULL BODY — WOMEN ONLY,Marine,12,0,False,disponible,2026-10-08 19:59
2026-10-29|13:00|banote club paris 16e|advanced full body — women only,2026-10-29,Jeudi,13:00,14:00,Banote Club Paris 16e,ADVANCED FULL BODY — WOMEN ONLY,Alexandra,12,0,False,disponible,2026-10-08 19:59
2026-10-29|13:30|banote club charenton|lagree full body — women only,2026-10-29,Jeudi,13:30,14:30,Banote Club Charenton,LAGREE FULL BODY — WOMEN ONLY,Marine,12,0,False,disponible,2026-10-08 19:59
2026-10-29|14:00|banote club paris 16e|lagree full body — women only,2026-10-29,Jeudi,14:00,15:00,Banote Club Paris 16e,LAGREE FULL BODY — WOMEN ONLY,Alexandra,12,0,False,disponible,2026-10-08 19:59
2026-10-29|17:30|banote club paris 16e|lagree full body — women only,2026-10-29,Jeudi,17:30,18:30,Banote Club Paris 16e,LAGREE FULL BODY — WOMEN ONLY,Lola,12,0,False,disponible,2026-10-08 19:59
2026-10-29|18:30|banote club charenton|lagree full body — women only,2026-10-29,Jeudi,18:30,19:30,Banote Club Charenton,LAGREE FULL BODY — WOMEN ONLY,Rachel,12,0,False,disponible,2026-10-08 19:59
2026-10-29|18:30|banote club paris 16e|lagree full body — women only,2026-10-29,Jeudi,18:30,19:30,Banote Club Paris 16e,LAGREE FULL BODY — WOMEN ONLY,Lola,12,0,False,disponible,2026-10-08 19:59
2026-10-29|19:30|banote club charenton|lagree full body — women only,2026-10-29,Jeudi,19:30,20:30,Banote Club Charenton,LAGREE FULL BODY — WOMEN ONLY,Rachel,12,0,False,disponible,2026-10-08 19:59
2026-10-29|19:30|banote club paris 16e|lagree full body — women only,2026-10-29,Jeudi,19:30,20:30,Banote Club Paris 16e,LAGREE FULL BODY — WOMEN ONLY,Lola,12,0,False,disponible,2026-10-08 19:59
2026-10-30|05:00|banote x collectionneur|functional bootcamp - functional training class,2026-10-30,Vendredi,05:00,06:00,Banote x Collectionneur,Functional Bootcamp - Functional Training class,Michael Moore,12,0,False,disponible,2026-10-08 19:59
2026-10-30|06:00|banote x collectionneur|functional bootcamp - functional training class,2026-10-30,Vendredi,06:00,07:00,Banote x Collectionneur,Functional Bootcamp - Functional Training class,Michael Moore,12,0,False,disponible,2026-10-08 19:59
2026-10-30|08:00|banote x collectionneur|functional bootcamp - functional training class,2026-10-30,Vendredi,08:00,09:00,Banote x Collectionneur,Functional Bootcamp - Functional Training class,Michael Moore,12,0,False,disponible,2026-10-08 19:59
2026-10-30|09:00|banote club charenton|lagree full body — women only,2026-10-30,Vendredi,09:00,10:00,Banote Club Charenton,LAGREE FULL BODY — WOMEN ONLY,Marine,12,0,False,disponible,2026-10-08 19:59
2026-10-30|09:00|banote club paris 16e|lagree full body — women only,2026-10-30,Vendredi,09:00,10:00,Banote Club Paris 16e,LAGREE FULL BODY — WOMEN ONLY,Alexandra,12,0,False,disponible,2026-10-08 19:59
2026-10-30|09:00|banote x collectionneur|functional bootcamp - functional training class,2026-10-30,Vendredi,09:00,10:00,Banote x Collectionneur,Functional Bootcamp - Functional Training class,Michael Moore,12,0,False,disponible,2026-10-08 19:59
2026-10-30|10:00|banote club charenton|lagree full body — women only,2026-10-30,Vendredi,10:00,11:00,Banote Club Charenton,LAGREE FULL BODY — WOMEN ONLY,Marine,12,0,False,disponible,2026-10-08 19:59
2026-10-30|10:00|banote club paris 16e|lagree full body — women only,2026-10-30,Vendredi,10:00,11:00,Banote Club Paris 16e,LAGREE FULL BODY — WOMEN ONLY,Alexandra,12,0,False,disponible,2026-10-08 19:59
2026-10-30|11:00|banote club charenton|lagree full body — women only,2026-10-30,Vendredi,11:00,12:00,Banote Club Charenton,LAGREE FULL BODY — WOMEN ONLY,Marine,12,0,False,disponible,2026-10-08 19:59
2026-10-30|11:00|banote club paris 16e|lagree full body — women only,2026-10-30,Vendredi,11:00,12:00,Banote Club Paris 16e,LAGREE FULL BODY — WOMEN ONLY,Alexandra,12,0,False,disponible,2026-10-08 19:59
2026-10-30|12:00|banote club paris 16e|lagree full body — women only,2026-10-30,Vendredi,12:00,13:00,Banote Club Paris 16e,LAGREE FULL BODY — WOMEN ONLY,Rachel,12,0,False,disponible,2026-10-08 19:59
2026-10-30|12:30|banote club charenton|lagree full body — women only,2026-10-30,Vendredi,12:30,13:30,Banote Club Charenton,LAGREE FULL BODY — WOMEN ONLY,Noa,12,0,False,disponible,2026-10-08 19:59
2026-10-30|13:00|banote club paris 16e|lagree full body — women only,2026-10-30,Vendredi,13:00,14:00,Banote Club Paris 16e,LAGREE FULL BODY — WOMEN ONLY,Rachel,12,0,False,disponible,2026-10-08 19:59
2026-10-30|13:30|banote club charenton|lagree full body — women only,2026-10-30,Vendredi,13:30,14:30,Banote Club Charenton,LAGREE FULL BODY — WOMEN ONLY,Noa,12,0,False,disponible,2026-10-08 19:59
2026-10-30|14:00|banote club paris 16e|lagree full body — women only,2026-10-30,Vendredi,14:00,15:00,Banote Club Paris 16e,LAGREE FULL BODY — WOMEN ONLY,Rachel,12,0,False,disponible,2026-10-08 19:59
2026-10-30|16:00|banote club paris 16e|lagree full body — women only,2026-10-30,Vendredi,16:00,17:00,Banote Club Paris 16e,LAGREE FULL BODY — WOMEN ONLY,Noa,12,0,False,disponible,2026-10-08 19:59
2026-10-30|17:00|banote club paris 16e|lagree full body — women only,2026-10-30,Vendredi,17:00,18:00,Banote Club Paris 16e,LAGREE FULL BODY — WOMEN ONLY,Noa,12,0,False,disponible,2026-10-08 19:59
2026-10-30|17:00|banote x collectionneur|functional bootcamp - functional training class,2026-10-30,Vendredi,17:00,18:00,Banote x Collectionneur,Functional Bootcamp - Functional Training class,Michael Moore,12,0,False,disponible,2026-10-08 19:59
2026-10-30|18:00|banote club paris 16e|lagree full body — women only,2026-10-30,Vendredi,18:00,19:00,Banote Club Paris 16e,LAGREE FULL BODY — WOMEN ONLY,Noa,12,0,False,disponible,2026-10-08 19:59
2026-10-30|18:00|banote x collectionneur|functional bootcamp - functional training class,2026-10-30,Vendredi,18:00,19:00,Banote x Collectionneur,Functional Bootcamp - Functional Training class,Michael Moore,12,0,False,disponible,2026-10-08 19:59
2026-10-31|10:00|banote club paris 16e|everybody do lagree — mixed class,2026-10-31,Samedi,10:00,11:00,Banote Club Paris 16e,EVERYBODY DO LAGREE — MIXED CLASS,Enzo,12,0,False,disponible,2026-10-08 19:59
2026-10-31|11:00|banote club paris 16e|everybody do lagree — mixed class,2026-10-31,Samedi,11:00,12:00,Banote Club Paris 16e,EVERYBODY DO LAGREE — MIXED CLASS,Enzo,12,0,False,disponible,2026-10-08 19:59
2026-10-31|12:00|banote club paris 16e|everybody do lagree — mixed class,2026-10-31,Samedi,12:00,13:00,Banote Club Paris 16e,EVERYBODY DO LAGREE — MIXED CLASS,Enzo,12,0,False,disponible,2026-10-08 19:59
2026-10-31|17:30|banote club paris 16e|lagree full body — women only,2026-10-31,Samedi,17:30,18:30,Banote Club Paris 16e,LAGREE FULL BODY — WOMEN ONLY,Rachel,12,0,False,disponible,2026-10-08 19:59
2026-10-31|18:30|banote club paris 16e|lagree full body — women only,2026-10-31,Samedi,18:30,19:30,Banote Club Paris 16e,LAGREE FULL BODY — WOMEN ONLY,Rachel,12,0,False,disponible,2026-10-08 19:59
2026-11-01|10:00|banote club charenton|lagree full body — women only,2026-11-01,Dimanche,10:00,11:00,Banote Club Charenton,LAGREE FULL BODY — WOMEN ONLY,Noa,12,0,False,disponible,2026-10-08 19:59
2026-11-01|10:00|banote club paris 16e|advanced full body — women only,2026-11-01,Dimanche,10:00,11:00,Banote Club Paris 16e,ADVANCED FULL BODY — WOMEN ONLY,Alexandra,12,0,False,disponible,2026-10-08 19:59
2026-11-01|11:00|banote club charenton|lagree full body — women only,2026-11-01,Dimanche,11:00,12:00,Banote Club Charenton,LAGREE FULL BODY — WOMEN ONLY,Noa,12,0,False,disponible,2026-10-08 19:59
2026-11-01|11:00|banote club paris 16e|lagree full body — women only,2026-11-01,Dimanche,11:00,12:00,Banote Club Paris 16e,LAGREE FULL BODY — WOMEN ONLY,Alexandra,12,0,False,disponible,2026-10-08 19:59
2026-11-01|12:00|banote club charenton|lagree full body — women only,2026-11-01,Dimanche,12:00,13:00,Banote Club Charenton,LAGREE FULL BODY — WOMEN ONLY,Noa,12,0,False,disponible,2026-10-08 19:59
2026-11-01|12:00|banote club paris 16e|advanced full body — women only,2026-11-01,Dimanche,12:00,13:00,Banote Club Paris 16e,ADVANCED FULL BODY — WOMEN ONLY,Alexandra,12,0,False,disponible,2026-10-08 19:59
2026-11-01|13:00|banote club charenton|lagree full body — women only,2026-11-01,Dimanche,13:00,14:00,Banote Club Charenton,LAGREE FULL BODY — WOMEN ONLY,Noa,12,0,False,disponible,2026-10-08 19:59
2026-11-01|13:00|banote club paris 16e|advanced full body — women only,2026-11-01,Dimanche,13:00,14:00,Banote Club Paris 16e,ADVANCED FULL BODY — WOMEN ONLY,Alexandra,12,0,False,disponible,2026-10-08 19:59
2026-11-01|16:30|banote club charenton|lagree full body — women only,2026-11-01,Dimanche,16:30,17:30,Banote Club Charenton,LAGREE FULL BODY — WOMEN ONLY,Tally,12,0,False,disponible,2026-10-08 19:59
2026-11-01|17:00|banote club paris 16e|lagree full body — women only,2026-11-01,Dimanche,17:00,18:00,Banote Club Paris 16e,LAGREE FULL BODY — WOMEN ONLY,Mikhal,12,0,False,disponible,2026-10-08 19:59
2026-11-01|17:30|banote club charenton|lagree full body — women only,2026-11-01,Dimanche,17:30,18:30,Banote Club Charenton,LAGREE FULL BODY — WOMEN ONLY,Tally,12,0,False,disponible,2026-10-08 19:59
2026-11-01|18:00|banote club paris 16e|lagree full body — women only,2026-11-01,Dimanche,18:00,19:00,Banote Club Paris 16e,LAGREE FULL BODY — WOMEN ONLY,Mikhal,12,0,False,disponible,2026-10-08 19:59
2026-11-01|19:00|banote club paris 16e|lagree full body — women only,2026-11-01,Dimanche,19:00,20:00,Banote Club Paris 16e,LAGREE FULL BODY — WOMEN ONLY,Mikhal,12,0,False,disponible,2026-10-08 19:59
2026-11-02|05:00|banote x collectionneur|functional bootcamp - functional training class,2026-11-02,Lundi,05:00,06:00,Banote x Collectionneur,Functional Bootcamp - Functional Training class,Michael Moore,12,0,False,disponible,2026-10-08 19:59
2026-11-02|06:00|banote x collectionneur|functional bootcamp - functional training class,2026-11-02,Lundi,06:00,07:00,Banote x Collectionneur,Functional Bootcamp - Functional Training class,Michael Moore,12,0,False,disponible,2026-10-08 19:59
2026-11-02|08:00|banote x collectionneur|functional bootcamp - functional training class,2026-11-02,Lundi,08:00,09:00,Banote x Collectionneur,Functional Bootcamp - Functional Training class,Michael Moore,12,0,False,disponible,2026-10-08 19:59
2026-11-02|09:00|banote club paris 16e|lagree full body — women only,2026-11-02,Lundi,09:00,10:00,Banote Club Paris 16e,LAGREE FULL BODY — WOMEN ONLY,Mikhal,12,0,False,disponible,2026-10-08 19:59
2026-11-02|09:00|banote x collectionneur|functional bootcamp - functional training class,2026-11-02,Lundi,09:00,10:00,Banote x Collectionneur,Functional Bootcamp - Functional Training class,Michael Moore,12,0,False,disponible,2026-10-08 19:59
2026-11-02|10:00|banote club paris 16e|lagree full body — women only,2026-11-02,Lundi,10:00,11:00,Banote Club Paris 16e,LAGREE FULL BODY — WOMEN ONLY,Mikhal,12,0,False,disponible,2026-10-08 19:59
2026-11-02|11:00|banote club charenton|lagree full body — women only,2026-11-02,Lundi,11:00,12:00,Banote Club Charenton,LAGREE FULL BODY — WOMEN ONLY,Tally,12,0,False,disponible,2026-10-08 19:59
2026-11-02|11:00|banote club paris 16e|lagree full body — women only,2026-11-02,Lundi,11:00,12:00,Banote Club Paris 16e,LAGREE FULL BODY — WOMEN ONLY,Mikhal,12,0,False,disponible,2026-10-08 19:59
2026-11-02|12:00|banote club paris 16e|lagree full body — women only,2026-11-02,Lundi,12:00,13:00,Banote Club Paris 16e,LAGREE FULL BODY — WOMEN ONLY,Rachel,12,0,False,disponible,2026-10-08 19:59
2026-11-02|12:30|banote club charenton|lagree full body — women only,2026-11-02,Lundi,12:30,13:30,Banote Club Charenton,LAGREE FULL BODY — WOMEN ONLY,Tally,12,0,False,disponible,2026-10-08 19:59
2026-11-02|13:00|banote club paris 16e|lagree full body — women only,2026-11-02,Lundi,13:00,14:00,Banote Club Paris 16e,LAGREE FULL BODY — WOMEN ONLY,Rachel,12,0,False,disponible,2026-10-08 19:59
2026-11-02|13:30|banote club charenton|lagree full body — women only,2026-11-02,Lundi,13:30,14:30,Banote Club Charenton,LAGREE FULL BODY — WOMEN ONLY,Tally,12,0,False,disponible,2026-10-08 19:59
2026-11-02|14:00|banote club paris 16e|lagree full body — women only,2026-11-02,Lundi,14:00,15:00,Banote Club Paris 16e,LAGREE FULL BODY — WOMEN ONLY,Alexandra,12,0,False,disponible,2026-10-08 19:59
2026-11-02|17:00|banote club paris 16e|lagree full body — women only,2026-11-02,Lundi,17:00,18:00,Banote Club Paris 16e,LAGREE FULL BODY — WOMEN ONLY,Rachel,12,0,False,disponible,2026-10-08 19:59
2026-11-02|17:00|banote x collectionneur|functional bootcamp - functional training class,2026-11-02,Lundi,17:00,18:00,Banote x Collectionneur,Functional Bootcamp - Functional Training class,Michael Moore,12,0,False,disponible,2026-10-08 19:59
2026-11-02|17:30|banote club charenton|lagree full body — women only,2026-11-02,Lundi,17:30,18:30,Banote Club Charenton,LAGREE FULL BODY — WOMEN ONLY,Noa,12,0,False,disponible,2026-10-08 19:59
2026-11-02|18:00|banote club paris 16e|lagree full body — women only,2026-11-02,Lundi,18:00,19:00,Banote Club Paris 16e,LAGREE FULL BODY — WOMEN ONLY,Rachel,12,0,False,disponible,2026-10-08 19:59
2026-11-02|18:00|banote x collectionneur|functional bootcamp - functional training class,2026-11-02,Lundi,18:00,19:00,Banote x Collectionneur,Functional Bootcamp - Functional Training class,Michael Moore,12,0,False,disponible,2026-10-08 19:59
2026-11-02|18:30|banote club charenton|lagree full body — women only,2026-11-02,Lundi,18:30,19:30,Banote Club Charenton,LAGREE FULL BODY — WOMEN ONLY,Noa,12,0,False,disponible,2026-10-08 19:59
2026-11-02|19:00|banote club paris 16e|lagree full body — women only,2026-11-02,Lundi,19:00,20:00,Banote Club Paris 16e,LAGREE FULL BODY — WOMEN ONLY,Rachel,12,0,False,disponible,2026-10-08 19:59
2026-11-02|19:00|banote x collectionneur|functional bootcamp - functional training class,2026-11-02,Lundi,19:00,20:00,Banote x Collectionneur,Functional Bootcamp - Functional Training class,Michael Moore,12,0,False,disponible,2026-10-08 19:59
2026-11-02|19:30|banote club charenton|lagree full body — women only,2026-11-02,Lundi,19:30,20:30,Banote Club Charenton,LAGREE FULL BODY — WOMEN ONLY,Noa,12,0,False,disponible,2026-10-08 19:59
2026-11-02|20:00|banote club paris 16e|lagree full body — women only,2026-11-02,Lundi,20:00,21:00,Banote Club Paris 16e,LAGREE FULL BODY — WOMEN ONLY,Rachel,12,0,False,disponible,2026-10-08 19:59
2026-11-03|09:00|banote club charenton|lagree full body — women only,2026-11-03,Mardi,09:00,10:00,Banote Club Charenton,LAGREE FULL BODY — WOMEN ONLY,Noa,12,0,False,disponible,2026-10-08 19:59
2026-11-03|09:00|banote club paris 16e|lagree full body — women only,2026-11-03,Mardi,09:00,10:00,Banote Club Paris 16e,LAGREE FULL BODY — WOMEN ONLY,Rachel,12,0,False,disponible,2026-10-08 19:59
2026-11-03|10:00|banote club charenton|lagree full body — women only,2026-11-03,Mardi,10:00,11:00,Banote Club Charenton,LAGREE FULL BODY — WOMEN ONLY,Noa,12,0,False,disponible,2026-10-08 19:59
2026-11-03|10:00|banote club paris 16e|lagree full body — women only,2026-11-03,Mardi,10:00,11:00,Banote Club Paris 16e,LAGREE FULL BODY — WOMEN ONLY,Rachel,12,0,False,disponible,2026-10-08 19:59
2026-11-03|11:00|banote club charenton|lagree full body — women only,2026-11-03,Mardi,11:00,12:00,Banote Club Charenton,LAGREE FULL BODY — WOMEN ONLY,Noa,12,0,False,disponible,2026-10-08 19:59
2026-11-03|11:00|banote club paris 16e|lagree full body — women only,2026-11-03,Mardi,11:00,12:00,Banote Club Paris 16e,LAGREE FULL BODY — WOMEN ONLY,Alexandra,12,0,False,disponible,2026-10-08 19:59
2026-11-03|12:00|banote club paris 16e|advanced full body — women only,2026-11-03,Mardi,12:00,13:00,Banote Club Paris 16e,ADVANCED FULL BODY — WOMEN ONLY,Alexandra,12,0,False,disponible,2026-10-08 19:59
2026-11-03|12:30|banote club charenton|lagree full body — women only,2026-11-03,Mardi,12:30,13:30,Banote Club Charenton,LAGREE FULL BODY — WOMEN ONLY,Noa,12,0,False,disponible,2026-10-08 19:59
2026-11-03|13:00|banote club paris 16e|advanced full body — women only,2026-11-03,Mardi,13:00,14:00,Banote Club Paris 16e,ADVANCED FULL BODY — WOMEN ONLY,Alexandra,12,0,False,disponible,2026-10-08 19:59
2026-11-03|14:00|banote club paris 16e|lagree full body — women only,2026-11-03,Mardi,14:00,15:00,Banote Club Paris 16e,LAGREE FULL BODY — WOMEN ONLY,Alexandra,12,0,False,disponible,2026-10-08 19:59
2026-11-03|17:30|banote club charenton|lagree full body — women only,2026-11-03,Mardi,17:30,18:30,Banote Club Charenton,LAGREE FULL BODY — WOMEN ONLY,Tally,12,0,False,disponible,2026-10-08 19:59
2026-11-03|17:30|banote club paris 16e|lagree full body — women only,2026-11-03,Mardi,17:30,18:30,Banote Club Paris 16e,LAGREE FULL BODY — WOMEN ONLY,Noa,12,0,False,disponible,2026-10-08 19:59
2026-11-03|18:30|banote club charenton|lagree full body — women only,2026-11-03,Mardi,18:30,19:30,Banote Club Charenton,LAGREE FULL BODY — WOMEN ONLY,Tally,12,0,False,disponible,2026-10-08 19:59
2026-11-03|18:30|banote club paris 16e|lagree full body — women only,2026-11-03,Mardi,18:30,19:30,Banote Club Paris 16e,LAGREE FULL BODY — WOMEN ONLY,Noa,12,0,False,disponible,2026-10-08 19:59
2026-11-03|19:30|banote club charenton|lagree full body — women only,2026-11-03,Mardi,19:30,20:30,Banote Club Charenton,LAGREE FULL BODY — WOMEN ONLY,Tally,12,0,False,disponible,2026-10-08 19:59
2026-11-03|19:30|banote club paris 16e|lagree full body — women only,2026-11-03,Mardi,19:30,20:30,Banote Club Paris 16e,LAGREE FULL BODY — WOMEN ONLY,Noa,12,0,False,disponible,2026-10-08 19:59
2026-11-03|20:30|banote club paris 16e|lagree full body — women only,2026-11-03,Mardi,20:30,21:30,Banote Club Paris 16e,LAGREE FULL BODY — WOMEN ONLY,Noa,12,0,False,disponible,2026-10-08 19:59
2026-11-04|05:00|banote x collectionneur|functional bootcamp - functional training class,2026-11-04,Mercredi,05:00,06:00,Banote x Collectionneur,Functional Bootcamp - Functional Training class,Michael Moore,12,0,False,disponible,2026-10-08 19:59
2026-11-04|06:00|banote x collectionneur|functional bootcamp - functional training class,2026-11-04,Mercredi,06:00,07:00,Banote x Collectionneur,Functional Bootcamp - Functional Training class,Michael Moore,12,0,False,disponible,2026-10-08 19:59
2026-11-04|08:00|banote club paris 16e|lagree full body — women only,2026-11-04,Mercredi,08:00,09:00,Banote Club Paris 16e,LAGREE FULL BODY — WOMEN ONLY,Rachel,12,0,False,disponible,2026-10-08 19:59
2026-11-04|08:00|banote x collectionneur|functional bootcamp - functional training class,2026-11-04,Mercredi,08:00,09:00,Banote x Collectionneur,Functional Bootcamp - Functional Training class,Michael Moore,12,0,False,disponible,2026-10-08 19:59
2026-11-04|09:00|banote club charenton|lagree full body — women only,2026-11-04,Mercredi,09:00,10:00,Banote Club Charenton,LAGREE FULL BODY — WOMEN ONLY,Tally,12,0,False,disponible,2026-10-08 19:59
2026-11-04|09:00|banote club paris 16e|lagree full body — women only,2026-11-04,Mercredi,09:00,10:00,Banote Club Paris 16e,LAGREE FULL BODY — WOMEN ONLY,Rachel,12,0,False,disponible,2026-10-08 19:59
2026-11-04|09:00|banote x collectionneur|functional bootcamp - functional training class,2026-11-04,Mercredi,09:00,10:00,Banote x Collectionneur,Functional Bootcamp - Functional Training class,Michael Moore,12,0,False,disponible,2026-10-08 19:59
2026-11-04|10:00|banote club charenton|lagree full body — women only,2026-11-04,Mercredi,10:00,11:00,Banote Club Charenton,LAGREE FULL BODY — WOMEN ONLY,Tally,12,0,False,disponible,2026-10-08 19:59
2026-11-04|10:00|banote club paris 16e|lagree full body — women only,2026-11-04,Mercredi,10:00,11:00,Banote Club Paris 16e,LAGREE FULL BODY — WOMEN ONLY,Rachel,12,0,False,disponible,2026-10-08 19:59
2026-11-04|11:00|banote club paris 16e|lagree full body — women only,2026-11-04,Mercredi,11:00,12:00,Banote Club Paris 16e,LAGREE FULL BODY — WOMEN ONLY,Susie,12,0,False,disponible,2026-10-08 19:59
2026-11-04|11:30|banote club charenton|lagree full body — women only,2026-11-04,Mercredi,11:30,12:30,Banote Club Charenton,LAGREE FULL BODY — WOMEN ONLY,Tally,12,0,False,disponible,2026-10-08 19:59
2026-11-04|12:00|banote club paris 16e|lagree full body — women only,2026-11-04,Mercredi,12:00,13:00,Banote Club Paris 16e,LAGREE FULL BODY — WOMEN ONLY,Susie,12,0,False,disponible,2026-10-08 19:59
2026-11-04|12:30|banote club charenton|lagree full body — women only,2026-11-04,Mercredi,12:30,13:30,Banote Club Charenton,LAGREE FULL BODY — WOMEN ONLY,Tally,12,0,False,disponible,2026-10-08 19:59
2026-11-04|13:00|banote club paris 16e|lagree full body — women only,2026-11-04,Mercredi,13:00,14:00,Banote Club Paris 16e,LAGREE FULL BODY — WOMEN ONLY,Susie,12,0,False,disponible,2026-10-08 19:59
2026-11-04|17:00|banote x collectionneur|functional bootcamp - functional training class,2026-11-04,Mercredi,17:00,18:00,Banote x Collectionneur,Functional Bootcamp - Functional Training class,Michael Moore,12,0,False,disponible,2026-10-08 19:59
2026-11-04|18:00|banote x collectionneur|functional bootcamp - functional training class,2026-11-04,Mercredi,18:00,19:00,Banote x Collectionneur,Functional Bootcamp - Functional Training class,Michael Moore,12,0,False,disponible,2026-10-08 19:59
2026-11-04|18:30|banote club charenton|lagree full body — women only,2026-11-04,Mercredi,18:30,19:30,Banote Club Charenton,LAGREE FULL BODY — WOMEN ONLY,Noa,12,0,False,disponible,2026-10-08 19:59
2026-11-04|18:30|banote club paris 16e|lagree full body — women only,2026-11-04,Mercredi,18:30,19:30,Banote Club Paris 16e,LAGREE FULL BODY — WOMEN ONLY,Rachel,12,0,False,disponible,2026-10-08 19:59
2026-11-04|19:00|banote x collectionneur|functional bootcamp - functional training class,2026-11-04,Mercredi,19:00,20:00,Banote x Collectionneur,Functional Bootcamp - Functional Training class,Michael Moore,12,0,False,disponible,2026-10-08 19:59
2026-11-04|19:30|banote club charenton|lagree full body — women only,2026-11-04,Mercredi,19:30,20:30,Banote Club Charenton,LAGREE FULL BODY — WOMEN ONLY,Noa,12,0,False,disponible,2026-10-08 19:59
2026-11-04|19:30|banote club paris 16e|lagree full body — women only,2026-11-04,Mercredi,19:30,20:30,Banote Club Paris 16e,LAGREE FULL BODY — WOMEN ONLY,Rachel,12,0,False,disponible,2026-10-08 19:59
2026-11-04|20:30|banote club charenton|lagree full body — women only,2026-11-04,Mercredi,20:30,21:30,Banote Club Charenton,LAGREE FULL BODY — WOMEN ONLY,Noa,12,0,False,disponible,2026-10-08 19:59
2026-11-04|20:30|banote club paris 16e|lagree full body — women only,2026-11-04,Mercredi,20:30,21:30,Banote Club Paris 16e,LAGREE FULL BODY — WOMEN ONLY,Rachel,12,0,False,disponible,2026-10-08 19:59
