id,date,jour,heure,fin,lieu,cours,coach,capacite,presents,finie,statut,releve
47317988795260,2026-05-31,Dimanche,09:00,09:50,DNA Yvon Villarceau,Reformer,Eve Lacroix,0,0,True,disponible,2026-05-31 00:37
47317986341940,2026-05-31,Dimanche,09:30,10:20,DNA Victor Hugo,Reformer,Cecilia Pinto,0,0,True,disponible,2026-05-31 00:37
47317988556720,2026-05-31,Dimanche,09:30,10:15,DNA Victor Hugo,Lagree,Ela Anastasia,0,0,True,disponible,2026-05-31 00:37
47317988828300,2026-05-31,Dimanche,10:00,10:50,DNA Yvon Villarceau,Reformer,Eve Lacroix,0,0,True,disponible,2026-05-31 00:37
47317989369460,2026-05-31,Dimanche,10:00,10:50,DNA Yvon Villarceau,Lagree,Vanessa Slomka (Suppléant),0,0,True,disponible,2026-05-31 00:37
47317986307680,2026-05-31,Dimanche,10:30,11:20,DNA Victor Hugo,Reformer,Cecilia Pinto,0,0,True,disponible,2026-05-31 00:37
47317988546760,2026-05-31,Dimanche,10:30,11:15,DNA Victor Hugo,Lagree,Ela Anastasia,0,0,True,disponible,2026-05-31 00:37
47317988786300,2026-05-31,Dimanche,11:00,11:50,DNA Yvon Villarceau,Reformer,Eve Lacroix,7,7,True,complet,2026-05-31 00:37
47317989413220,2026-05-31,Dimanche,11:00,11:50,DNA Yvon Villarceau,Lagree,Vanessa Slomka (Suppléant),0,0,True,disponible,2026-05-31 00:37
47317986298300,2026-05-31,Dimanche,11:30,12:20,DNA Victor Hugo,Reformer,Cecilia Pinto,0,0,True,inconnu,2026-05-31 00:37
47317988537100,2026-05-31,Dimanche,11:30,12:15,DNA Victor Hugo,Lagree,Ela Anastasia,0,0,True,disponible,2026-05-31 00:37
47317988777100,2026-05-31,Dimanche,12:00,12:50,DNA Yvon Villarceau,Reformer,Eve Lacroix,0,0,True,disponible,2026-05-31 00:37
47317989362060,2026-05-31,Dimanche,12:00,12:50,DNA Yvon Villarceau,Lagree,Vanessa Slomka (Suppléant),0,0,True,disponible,2026-05-31 00:37
47317986329260,2026-05-31,Dimanche,12:30,13:20,DNA Victor Hugo,Reformer,Cecilia Pinto,0,0,True,disponible,2026-05-31 00:37
47317988487000,2026-05-31,Dimanche,12:30,13:15,DNA Victor Hugo,Lagree,Carla Triboul (Suppléant),0,0,True,disponible,2026-05-31 00:37
47317988712220,2026-05-31,Dimanche,13:00,13:50,DNA Yvon Villarceau,Reformer,Eve Lacroix,0,0,True,disponible,2026-05-31 00:37
47317989351000,2026-05-31,Dimanche,13:00,13:50,DNA Yvon Villarceau,Lagree,Vanessa Slomka (Suppléant),0,0,True,disponible,2026-05-31 00:37
47317988419080,2026-05-31,Dimanche,13:30,14:15,DNA Victor Hugo,Lagree,Carla Triboul (Suppléant),0,0,True,disponible,2026-05-31 00:37
47317988704800,2026-05-31,Dimanche,14:00,14:50,DNA Yvon Villarceau,Reformer,Eve Lacroix,0,0,True,disponible,2026-05-31 00:37
47317988451560,2026-05-31,Dimanche,14:30,15:15,DNA Victor Hugo,Lagree,Carla Triboul (Suppléant),0,0,True,disponible,2026-05-31 00:37
47317987368560,2026-05-31,Dimanche,15:00,15:50,DNA Yvon Villarceau,Reformer,Charlie DMC (Suppléant),0,0,True,disponible,2026-05-31 00:37
47317988416760,2026-05-31,Dimanche,15:30,16:15,DNA Victor Hugo,Lagree,Carla Triboul (Suppléant),0,0,True,disponible,2026-05-31 00:37
47317987333320,2026-05-31,Dimanche,16:00,16:50,DNA Yvon Villarceau,Reformer,Charlie DMC (Suppléant),0,0,True,disponible,2026-05-31 00:37
47317988055460,2026-05-31,Dimanche,16:00,16:50,DNA Yvon Villarceau,Lagree,Catrin Karlson English class,0,0,True,disponible,2026-05-31 00:37
47317987321580,2026-05-31,Dimanche,17:00,17:50,DNA Yvon Villarceau,Reformer,Charlie DMC (Suppléant),0,0,True,disponible,2026-05-31 00:37
47317988041780,2026-05-31,Dimanche,17:00,17:50,DNA Yvon Villarceau,Lagree,Catrin Karlson English class,0,0,True,disponible,2026-05-31 00:37
47317986252340,2026-05-31,Dimanche,17:30,18:20,DNA Victor Hugo,Reformer,Chloe Graeffly,0,0,True,disponible,2026-05-31 00:37
47317987036060,2026-05-31,Dimanche,18:00,18:50,DNA Yvon Villarceau,Reformer,Marie De Saint Simon,0,0,True,disponible,2026-05-31 00:37
47317987972260,2026-05-31,Dimanche,18:00,18:50,DNA Yvon Villarceau,Lagree,Catrin Karlson English class,0,0,True,disponible,2026-05-31 00:37
47317986244140,2026-05-31,Dimanche,18:30,19:20,DNA Victor Hugo,Reformer,Chloe Graeffly,0,0,True,disponible,2026-05-31 00:37
47317987906340,2026-05-31,Dimanche,18:30,19:15,DNA Victor Hugo,Lagree,Ela Anastasia (Suppléant),0,0,True,disponible,2026-05-31 00:37
47317986991660,2026-05-31,Dimanche,19:00,19:50,DNA Yvon Villarceau,Reformer,Marie De Saint Simon,0,0,True,disponible,2026-05-31 00:37
47317988026920,2026-05-31,Dimanche,19:00,19:50,DNA Yvon Villarceau,Lagree,Catrin Karlson English class,0,0,True,disponible,2026-05-31 00:37
47317987928780,2026-05-31,Dimanche,19:30,20:15,DNA Victor Hugo,Lagree,Ela Anastasia (Suppléant),0,0,True,disponible,2026-05-31 00:37
47317989009620,2026-06-01,Lundi,08:00,08:50,DNA Yvon Villarceau,Lagree,Ela Anastasia,0,0,True,disponible,2026-05-31 00:37
47317989171640,2026-06-01,Lundi,08:00,08:50,DNA Yvon Villarceau,Reformer,Rebecca Raccah,0,0,True,disponible,2026-05-31 00:37
47317986067500,2026-06-01,Lundi,08:30,09:20,DNA Victor Hugo,Lagree,Melody Naggar,0,0,True,disponible,2026-05-31 00:37
47317986803140,2026-06-01,Lundi,08:30,09:20,DNA Victor Hugo,Reformer,Leann Mroueh (Suppléant),0,0,True,disponible,2026-05-31 00:37
47317988993300,2026-06-01,Lundi,09:00,09:50,DNA Yvon Villarceau,Lagree,Ela Anastasia,0,0,True,disponible,2026-05-31 00:37
47317989341740,2026-06-01,Lundi,09:00,09:50,DNA Yvon Villarceau,Reformer,Rebecca Raccah,0,0,True,disponible,2026-05-31 00:37
47317986017920,2026-06-01,Lundi,09:30,10:20,DNA Victor Hugo,Lagree,Melody Naggar,0,0,True,disponible,2026-05-31 00:37
47317986790600,2026-06-01,Lundi,09:30,10:20,DNA Victor Hugo,Reformer,Leann Mroueh (Suppléant),0,0,True,disponible,2026-05-31 00:37
47317989225360,2026-06-01,Lundi,10:00,10:50,DNA Yvon Villarceau,Reformer,Rebecca Raccah,0,0,True,disponible,2026-05-31 00:37
47317989332740,2026-06-01,Lundi,10:00,10:50,DNA Yvon Villarceau,Lagree,Ela Anastasia,0,0,True,disponible,2026-05-31 00:37
47317971786040,2026-06-01,Lundi,10:30,11:20,DNA Victor Hugo,Lagree,Melody Naggar,0,0,True,disponible,2026-05-31 00:37
47317986830400,2026-06-01,Lundi,10:30,11:20,DNA Victor Hugo,Reformer,Carla B (Suppléant),0,0,True,disponible,2026-05-31 00:37
47317989030200,2026-06-01,Lundi,11:00,11:50,DNA Yvon Villarceau,Lagree,Ela Anastasia,0,0,True,disponible,2026-05-31 00:37
47317989215540,2026-06-01,Lundi,11:00,11:50,DNA Yvon Villarceau,Reformer,Rebecca Raccah,0,0,True,disponible,2026-05-31 00:37
47317986762520,2026-06-01,Lundi,11:30,12:20,DNA Victor Hugo,Reformer,Carla B,0,0,True,disponible,2026-05-31 00:37
47317987779960,2026-06-01,Lundi,11:30,12:15,DNA Victor Hugo,Lagree,Sarah Elfassy,0,0,True,disponible,2026-05-31 00:37
47317988127000,2026-06-01,Lundi,12:00,12:50,DNA Yvon Villarceau,Lagree,Catrin Karlson English class,0,0,True,disponible,2026-05-31 00:37
47317988675020,2026-06-01,Lundi,12:00,12:50,DNA Yvon Villarceau,Reformer,Rebecca Raccah (Suppléant),0,0,True,disponible,2026-05-31 00:37
47317986751160,2026-06-01,Lundi,12:30,13:20,DNA Victor Hugo,Reformer,Carla B,0,0,True,disponible,2026-05-31 00:37
47317987815660,2026-06-01,Lundi,12:30,13:15,DNA Victor Hugo,Lagree,Sarah Elfassy,0,0,True,disponible,2026-05-31 00:37
47317986186380,2026-06-01,Lundi,13:00,13:50,DNA Yvon Villarceau,Lagree,Catrin Karlson English class,0,0,True,disponible,2026-05-31 00:37
47317988664720,2026-06-01,Lundi,13:00,13:50,DNA Yvon Villarceau,Reformer,Rebecca Raccah (Suppléant),0,0,True,disponible,2026-05-31 00:37
47317986637240,2026-06-01,Lundi,13:30,14:20,DNA Victor Hugo,Lagree,Sarah Elfassy,0,0,True,disponible,2026-05-31 00:37
47317986772500,2026-06-01,Lundi,13:30,14:20,DNA Victor Hugo,Reformer,Carla B,0,0,True,disponible,2026-05-31 00:37
47317986175600,2026-06-01,Lundi,14:00,14:50,DNA Yvon Villarceau,Lagree,Catrin Karlson English class,0,0,True,disponible,2026-05-31 00:37
47317987583320,2026-06-01,Lundi,14:00,14:50,DNA Yvon Villarceau,Reformer,Rebecca Raccah (Suppléant),0,0,True,disponible,2026-05-31 00:37
47317986671540,2026-06-01,Lundi,14:30,15:20,DNA Victor Hugo,Reformer,Sarah Elfassy,0,0,True,disponible,2026-05-31 00:37
47317987769020,2026-06-01,Lundi,15:00,15:50,DNA Yvon Villarceau,Lagree,Ela Anastasia,0,0,True,disponible,2026-05-31 00:37
47317986662560,2026-06-01,Lundi,15:30,16:20,DNA Victor Hugo,Reformer,Sarah Elfassy,0,0,True,disponible,2026-05-31 00:37
47317987759260,2026-06-01,Lundi,16:00,16:50,DNA Yvon Villarceau,Lagree,Ela Anastasia,0,0,True,disponible,2026-05-31 00:37
47317988653800,2026-06-01,Lundi,17:00,17:50,DNA Yvon Villarceau,Reformer,Olivia Lamarre Reyner (Suppléant),0,0,True,disponible,2026-05-31 00:37
47317989321140,2026-06-01,Lundi,17:00,17:50,DNA Yvon Villarceau,Lagree,Jade C,0,0,True,disponible,2026-05-31 00:37
47317988480080,2026-06-01,Lundi,17:30,18:15,DNA Victor Hugo,Lagree,Carla B,0,0,True,disponible,2026-05-31 00:37
47317988302720,2026-06-01,Lundi,18:00,18:50,DNA Yvon Villarceau,Reformer,Laura Provost (Suppléant),0,0,True,disponible,2026-05-31 00:37
47317989206920,2026-06-01,Lundi,18:00,18:50,DNA Yvon Villarceau,Lagree,Jade C,0,0,True,disponible,2026-05-31 00:37
47317986686240,2026-06-01,Lundi,18:30,19:20,DNA Victor Hugo,Reformer,Rebecca Raccah,0,0,True,disponible,2026-05-31 00:37
47317988402320,2026-06-01,Lundi,18:30,19:15,DNA Victor Hugo,Lagree,Carla B,0,0,True,disponible,2026-05-31 00:37
47317987513540,2026-06-01,Lundi,19:00,19:50,DNA Yvon Villarceau,Reformer,Marie De Saint Simon,0,0,True,disponible,2026-05-31 00:37
47317989312920,2026-06-01,Lundi,19:00,19:50,DNA Yvon Villarceau,Lagree,Jade C,7,7,True,complet,2026-05-31 00:37
47317986707400,2026-06-01,Lundi,19:30,20:20,DNA Victor Hugo,Reformer,Rebecca Raccah,0,0,True,disponible,2026-05-31 00:37
47317988400820,2026-06-01,Lundi,19:30,20:15,DNA Victor Hugo,Lagree,Catrin Karlson English class,0,0,True,disponible,2026-05-31 00:37
47317987460860,2026-06-01,Lundi,20:00,20:50,DNA Yvon Villarceau,Reformer,Marie De Saint Simon,0,0,True,disponible,2026-05-31 00:37
47317989303980,2026-06-01,Lundi,20:00,20:50,DNA Yvon Villarceau,Lagree,Jade C,0,0,True,disponible,2026-05-31 00:37
47317988341360,2026-06-01,Lundi,20:30,21:15,DNA Victor Hugo,Lagree,Catrin Karlson English class,0,0,True,disponible,2026-05-31 00:37
47317987453920,2026-06-01,Lundi,21:00,21:50,DNA Yvon Villarceau,Reformer,Marie De Saint Simon,0,0,True,disponible,2026-05-31 00:37
47317987232080,2026-06-02,Mardi,08:00,08:50,DNA Yvon Villarceau,Lagree,Victoria Schafter,0,0,True,disponible,2026-05-31 00:37
47317988266820,2026-06-02,Mardi,08:00,08:50,DNA Yvon Villarceau,Reformer,Rebecca Raccah (Suppléant),0,0,True,disponible,2026-05-31 00:37
47317971817240,2026-06-02,Mardi,08:30,09:20,DNA Victor Hugo,Lagree,Melody Naggar,0,0,True,disponible,2026-05-31 00:37
47317986546520,2026-06-02,Mardi,08:30,09:20,DNA Victor Hugo,Reformer,Cecilia Pinto (Suppléant),0,0,True,disponible,2026-05-31 00:37
47317987223440,2026-06-02,Mardi,09:00,09:50,DNA Yvon Villarceau,Lagree,Victoria Schafter,0,0,True,disponible,2026-05-31 00:37
47317988257620,2026-06-02,Mardi,09:00,09:50,DNA Yvon Villarceau,Reformer,Rebecca Raccah (Suppléant),0,0,True,disponible,2026-05-31 00:37
47317971808420,2026-06-02,Mardi,09:30,10:20,DNA Victor Hugo,Lagree,Melody Naggar,0,0,True,disponible,2026-05-31 00:37
47317986538220,2026-06-02,Mardi,09:30,10:20,DNA Victor Hugo,Reformer,Cecilia Pinto (Suppléant),0,0,True,disponible,2026-05-31 00:37
47317987172920,2026-06-02,Mardi,10:00,10:50,DNA Yvon Villarceau,Lagree,Victoria Schafter,0,0,True,disponible,2026-05-31 00:37
47317988181180,2026-06-02,Mardi,10:00,10:50,DNA Yvon Villarceau,Reformer,Rebecca Raccah (Suppléant),0,0,True,disponible,2026-05-31 00:37
47317986600660,2026-06-02,Mardi,10:30,11:20,DNA Victor Hugo,Reformer,Cecilia Pinto (Suppléant),0,0,True,disponible,2026-05-31 00:37
47317987382040,2026-06-02,Mardi,10:30,11:15,DNA Victor Hugo,Lagree,Leann Mroueh,0,0,True,disponible,2026-05-31 00:37
47317988886200,2026-06-02,Mardi,11:00,11:50,DNA Yvon Villarceau,Lagree,Carla B,0,0,True,disponible,2026-05-31 00:37
47317986588280,2026-06-02,Mardi,11:30,12:20,DNA Victor Hugo,Reformer,Cecilia Pinto (Suppléant),0,0,True,disponible,2026-05-31 00:37
47317987411660,2026-06-02,Mardi,11:30,12:15,DNA Victor Hugo,Lagree,Leann Mroueh,0,0,True,disponible,2026-05-31 00:37
47317987256580,2026-06-02,Mardi,12:00,12:50,DNA Yvon Villarceau,Lagree,Carla B,0,0,True,disponible,2026-05-31 00:37
47317986579780,2026-06-02,Mardi,12:30,13:20,DNA Victor Hugo,Reformer,Cecilia Pinto (Suppléant),0,0,True,disponible,2026-05-31 00:37
47317987402060,2026-06-02,Mardi,12:30,13:15,DNA Victor Hugo,Lagree,Leann Mroueh,0,0,True,disponible,2026-05-31 00:37
47317987247940,2026-06-02,Mardi,13:00,13:50,DNA Yvon Villarceau,Lagree,Carla B,0,0,True,disponible,2026-05-31 00:37
47317986529760,2026-06-02,Mardi,13:30,14:20,DNA Victor Hugo,Reformer,Cecilia Pinto (Suppléant),0,0,True,disponible,2026-05-31 00:37
47317987376800,2026-06-02,Mardi,13:30,14:15,DNA Victor Hugo,Lagree,Leann Mroueh,0,0,True,disponible,2026-05-31 00:37
47317987242340,2026-06-02,Mardi,14:00,14:50,DNA Yvon Villarceau,Lagree,Carla B,0,0,True,disponible,2026-05-31 00:37
47317987552340,2026-06-02,Mardi,17:00,17:50,DNA Yvon Villarceau,Reformer,Laura Provost (Suppléant),0,0,True,disponible,2026-05-31 00:37
47317988171140,2026-06-02,Mardi,17:00,17:50,DNA Yvon Villarceau,Lagree,Carla B,0,0,True,disponible,2026-05-31 00:37
47317987690040,2026-06-02,Mardi,17:30,18:15,DNA Victor Hugo,Lagree,Leann Mroueh,0,0,True,disponible,2026-05-31 00:37
47317956655920,2026-06-02,Mardi,18:00,18:50,DNA Yvon Villarceau,Reformer,Laura Provost (Suppléant),0,0,True,disponible,2026-05-31 00:37
47317988118940,2026-06-02,Mardi,18:00,18:50,DNA Yvon Villarceau,Lagree,Carla B,0,0,True,disponible,2026-05-31 00:37
47317955354180,2026-06-02,Mardi,18:30,19:20,DNA Victor Hugo,Reformer,Cecilia Pinto,0,0,True,disponible,2026-05-31 00:37
47317987714620,2026-06-02,Mardi,18:30,19:15,DNA Victor Hugo,Lagree,Leann Mroueh,0,0,True,disponible,2026-05-31 00:37
47317987571080,2026-06-02,Mardi,19:00,19:50,DNA Yvon Villarceau,Reformer,Laura Provost (Suppléant),7,7,True,complet,2026-05-31 00:37
47317987636160,2026-06-02,Mardi,19:00,19:50,DNA Yvon Villarceau,Lagree,Calista Ruat,7,7,True,complet,2026-05-31 00:37
47317955347400,2026-06-02,Mardi,19:30,20:20,DNA Victor Hugo,Reformer,Cecilia Pinto,0,0,True,disponible,2026-05-31 00:37
47317987686400,2026-06-02,Mardi,19:30,20:15,DNA Victor Hugo,Lagree,Leann Mroueh,0,0,True,disponible,2026-05-31 00:37
47317987562720,2026-06-02,Mardi,20:00,20:50,DNA Yvon Villarceau,Reformer,Laura Provost (Suppléant),0,0,True,disponible,2026-05-31 00:37
47317987625620,2026-06-02,Mardi,20:00,20:50,DNA Yvon Villarceau,Lagree,Calista Ruat,0,0,True,disponible,2026-05-31 00:37
47317986293840,2026-06-02,Mardi,20:30,21:20,DNA Victor Hugo,Reformer,Cecilia Pinto,0,0,True,disponible,2026-05-31 00:37
47317987676460,2026-06-02,Mardi,20:30,21:15,DNA Victor Hugo,Lagree,Leann Mroueh,0,0,True,disponible,2026-05-31 00:37
47317987593380,2026-06-02,Mardi,21:00,21:50,DNA Yvon Villarceau,Lagree,Calista Ruat,0,0,True,disponible,2026-05-31 00:37
47317988643440,2026-06-03,Mercredi,07:00,07:50,DNA Yvon Villarceau,Lagree,Kim Sarfati,0,0,True,inconnu,2026-05-31 00:37
47317988961620,2026-06-03,Mercredi,08:00,08:50,DNA Yvon Villarceau,Lagree,Ela Anastasia,0,0,True,disponible,2026-05-31 00:37
47317989134580,2026-06-03,Mercredi,08:00,08:50,DNA Yvon Villarceau,Reformer,Rebecca Raccah,0,0,True,disponible,2026-05-31 00:37
47317985988660,2026-06-03,Mercredi,08:30,09:20,DNA Victor Hugo,Lagree,Melody Naggar,0,0,True,disponible,2026-05-31 00:37
47317986953120,2026-06-03,Mercredi,08:30,09:20,DNA Victor Hugo,Reformer,Leann Mroueh (Suppléant),0,0,True,disponible,2026-05-31 00:37
47317988943540,2026-06-03,Mercredi,09:00,09:50,DNA Yvon Villarceau,Lagree,Ela Anastasia,0,0,True,disponible,2026-05-31 00:37
47317989117400,2026-06-03,Mercredi,09:00,09:50,DNA Yvon Villarceau,Reformer,Rebecca Raccah,0,0,True,disponible,2026-05-31 00:37
47317985978900,2026-06-03,Mercredi,09:30,10:20,DNA Victor Hugo,Lagree,Melody Naggar,0,0,True,disponible,2026-05-31 00:37
47317986918740,2026-06-03,Mercredi,09:30,10:20,DNA Victor Hugo,Reformer,Leann Mroueh (Suppléant),0,0,True,disponible,2026-05-31 00:37
47317989263900,2026-06-03,Mercredi,10:00,10:50,DNA Yvon Villarceau,Reformer,Rebecca Raccah,0,0,True,disponible,2026-05-31 00:37
47317989285320,2026-06-03,Mercredi,10:00,10:50,DNA Yvon Villarceau,Lagree,Ela Anastasia,0,0,True,disponible,2026-05-31 00:37
47317986009380,2026-06-03,Mercredi,10:30,11:20,DNA Victor Hugo,Lagree,Melody Naggar,0,0,True,disponible,2026-05-31 00:37
47317986890720,2026-06-03,Mercredi,10:30,11:20,DNA Victor Hugo,Reformer,Leann Mroueh (Suppléant),0,0,True,disponible,2026-05-31 00:37
47317989195980,2026-06-03,Mercredi,11:00,11:50,DNA Yvon Villarceau,Reformer,Rebecca Raccah,0,0,True,disponible,2026-05-31 00:37
47317989248740,2026-06-03,Mercredi,11:00,11:50,DNA Yvon Villarceau,Lagree,Ela Anastasia,0,0,True,disponible,2026-05-31 00:37
47317986393240,2026-06-03,Mercredi,11:30,12:20,DNA Victor Hugo,Reformer,Leann Mroueh (Suppléant),0,0,True,disponible,2026-05-31 00:37
47317986979620,2026-06-03,Mercredi,11:30,12:15,DNA Victor Hugo,Lagree,Victoria Schafter,0,0,True,disponible,2026-05-31 00:37
47317987724680,2026-06-03,Mercredi,12:00,12:50,DNA Yvon Villarceau,Lagree,Ela Anastasia,0,0,True,disponible,2026-05-31 00:37
47317989152280,2026-06-03,Mercredi,12:00,12:50,DNA Yvon Villarceau,Reformer,Rebecca Raccah,0,0,True,disponible,2026-05-31 00:37
47317986880180,2026-06-03,Mercredi,12:30,13:20,DNA Victor Hugo,Reformer,Leann Mroueh (Suppléant),0,0,True,disponible,2026-05-31 00:37
47317987021060,2026-06-03,Mercredi,12:30,13:15,DNA Victor Hugo,Lagree,Victoria Schafter,0,0,True,disponible,2026-05-31 00:37
47317987748580,2026-06-03,Mercredi,13:00,13:50,DNA Yvon Villarceau,Lagree,Carla B,0,0,True,disponible,2026-05-31 00:37
47317989184360,2026-06-03,Mercredi,13:00,13:50,DNA Yvon Villarceau,Reformer,Rebecca Raccah,0,0,True,disponible,2026-05-31 00:37
47317986970880,2026-06-03,Mercredi,13:30,14:15,DNA Victor Hugo,Lagree,Victoria Schafter,0,0,True,disponible,2026-05-31 00:37
47317987537080,2026-06-03,Mercredi,14:00,14:50,DNA Yvon Villarceau,Reformer,Leann Mroueh,0,0,True,disponible,2026-05-31 00:37
47317988114300,2026-06-03,Mercredi,14:00,14:50,DNA Yvon Villarceau,Lagree,Carla B,0,0,True,disponible,2026-05-31 00:37
47317986166960,2026-06-03,Mercredi,14:30,15:20,DNA Victor Hugo,Reformer,Olivia Lamarre Reyner (Suppléant),0,0,True,disponible,2026-05-31 00:37
47317986933360,2026-06-03,Mercredi,14:30,15:15,DNA Victor Hugo,Lagree,Victoria Schafter,0,0,True,disponible,2026-05-31 00:37
47317987478740,2026-06-03,Mercredi,15:00,15:50,DNA Yvon Villarceau,Reformer,Leann Mroueh,0,0,True,disponible,2026-05-31 00:37
47317988077580,2026-06-03,Mercredi,15:00,15:50,DNA Yvon Villarceau,Lagree,Carla B,0,0,True,disponible,2026-05-31 00:37
47317986159780,2026-06-03,Mercredi,15:30,16:20,DNA Victor Hugo,Reformer,Olivia Lamarre Reyner (Suppléant),0,0,True,disponible,2026-05-31 00:37
47317987467640,2026-06-03,Mercredi,16:00,16:50,DNA Yvon Villarceau,Reformer,Leann Mroueh,0,0,True,disponible,2026-05-31 00:37
47317987520820,2026-06-03,Mercredi,17:00,17:50,DNA Yvon Villarceau,Reformer,Leann Mroueh,0,0,True,disponible,2026-05-31 00:37
47317987886080,2026-06-03,Mercredi,17:00,17:50,DNA Yvon Villarceau,Lagree,Ela Anastasia,0,0,True,disponible,2026-05-31 00:37
47317986097020,2026-06-03,Mercredi,17:30,18:15,DNA Victor Hugo,Lagree,Melody Naggar,0,0,True,disponible,2026-05-31 00:37
47317986226660,2026-06-03,Mercredi,17:30,18:20,DNA Victor Hugo,Reformer,Cecilia Pinto,0,0,True,disponible,2026-05-31 00:37
47317987884000,2026-06-03,Mercredi,18:00,18:50,DNA Yvon Villarceau,Lagree,Ela Anastasia,0,0,True,disponible,2026-05-31 00:37
47317988205380,2026-06-03,Mercredi,18:00,18:50,DNA Yvon Villarceau,Reformer,Leann Mroueh (Suppléant),0,0,True,disponible,2026-05-31 00:37
47317986088840,2026-06-03,Mercredi,18:30,19:15,DNA Victor Hugo,Lagree,Melody Naggar,0,0,True,disponible,2026-05-31 00:37
47317986218460,2026-06-03,Mercredi,18:30,19:20,DNA Victor Hugo,Reformer,Cecilia Pinto,0,0,True,disponible,2026-05-31 00:37
47317987825340,2026-06-03,Mercredi,19:00,19:50,DNA Yvon Villarceau,Lagree,Ela Anastasia,0,0,True,disponible,2026-05-31 00:37
47317989076780,2026-06-03,Mercredi,19:00,19:50,DNA Yvon Villarceau,Reformer,Leann Mroueh (Suppléant),0,0,True,disponible,2026-05-31 00:37
47317986076260,2026-06-03,Mercredi,19:30,20:15,DNA Victor Hugo,Lagree,Melody Naggar,0,0,True,disponible,2026-05-31 00:37
47317986282940,2026-06-03,Mercredi,19:30,20:20,DNA Victor Hugo,Reformer,Cecilia Pinto,0,0,True,disponible,2026-05-31 00:37
47317987845720,2026-06-03,Mercredi,20:00,20:50,DNA Yvon Villarceau,Lagree,Ela Anastasia,0,0,True,disponible,2026-05-31 00:37
47317988221620,2026-06-03,Mercredi,20:00,20:50,DNA Yvon Villarceau,Reformer,Laura Provost (Suppléant),0,0,True,disponible,2026-05-31 00:37
47317986268660,2026-06-03,Mercredi,20:30,21:20,DNA Victor Hugo,Reformer,Cecilia Pinto,0,0,True,disponible,2026-05-31 00:37
47317988364440,2026-06-03,Mercredi,20:30,21:15,DNA Victor Hugo,Lagree,Melody Naggar (Suppléant),0,0,True,disponible,2026-05-31 00:37
47317988220220,2026-06-03,Mercredi,21:00,21:50,DNA Yvon Villarceau,Reformer,Laura Provost (Suppléant),0,0,True,disponible,2026-05-31 00:37
47317986122320,2026-06-04,Jeudi,08:00,08:50,DNA Yvon Villarceau,Lagree,Melody Naggar,0,0,True,disponible,2026-05-31 00:37
47317988980760,2026-06-04,Jeudi,08:00,08:50,DNA Yvon Villarceau,Reformer,Nina Claro,0,0,True,disponible,2026-05-31 00:37
47317986875480,2026-06-04,Jeudi,08:30,09:20,DNA Victor Hugo,Reformer,Leann Mroueh (Suppléant),0,0,True,disponible,2026-05-31 00:37
47317987263500,2026-06-04,Jeudi,08:30,09:15,DNA Victor Hugo,Lagree,Calista Ruat,0,0,True,disponible,2026-05-31 00:37
47317986113260,2026-06-04,Jeudi,09:00,09:50,DNA Yvon Villarceau,Lagree,Melody Naggar,0,0,True,disponible,2026-05-31 00:37
47317988906560,2026-06-04,Jeudi,09:00,09:50,DNA Yvon Villarceau,Reformer,Nina Claro,0,0,True,disponible,2026-05-31 00:37
47317986813640,2026-06-04,Jeudi,09:30,10:20,DNA Victor Hugo,Reformer,Leann Mroueh (Suppléant),0,0,True,disponible,2026-05-31 00:37
47317987195060,2026-06-04,Jeudi,09:30,10:15,DNA Victor Hugo,Lagree,Calista Ruat,0,0,True,disponible,2026-05-31 00:37
47317986105460,2026-06-04,Jeudi,10:00,10:50,DNA Yvon Villarceau,Lagree,Melody Naggar,0,0,True,disponible,2026-05-31 00:37
47317987448680,2026-06-04,Jeudi,10:00,10:50,DNA Yvon Villarceau,Reformer,Liz Torres,0,0,True,disponible,2026-05-31 00:37
47317986462620,2026-06-04,Jeudi,10:30,11:15,DNA Victor Hugo,Lagree,Leann Mroueh,0,0,True,disponible,2026-05-31 00:37
47317986195980,2026-06-04,Jeudi,11:00,11:50,DNA Yvon Villarceau,Reformer,Liz Torres,0,0,True,disponible,2026-05-31 00:37
47317989669820,2026-06-04,Jeudi,11:00,11:50,DNA Yvon Villarceau,Lagree,Nina Claro,0,0,True,disponible,2026-05-31 00:37
47317986434820,2026-06-04,Jeudi,11:30,12:20,DNA Victor Hugo,Reformer,Olivia Lamarre Reyner (Suppléant),0,0,True,disponible,2026-05-31 00:37
47317986453380,2026-06-04,Jeudi,11:30,12:15,DNA Victor Hugo,Lagree,Leann Mroueh,0,0,True,disponible,2026-05-31 00:37
47317989654260,2026-06-04,Jeudi,12:00,12:50,DNA Yvon Villarceau,Lagree,Nina Claro,0,0,True,disponible,2026-05-31 00:37
47317986352440,2026-06-04,Jeudi,12:30,13:20,DNA Victor Hugo,Reformer,Olivia Lamarre Reyner (Suppléant),0,0,True,disponible,2026-05-31 00:37
47317988306140,2026-06-04,Jeudi,12:30,13:15,DNA Victor Hugo,Lagree,Leann Mroueh (Suppléant),0,0,True,disponible,2026-05-31 00:37
47317989565160,2026-06-04,Jeudi,13:00,13:50,DNA Yvon Villarceau,Reformer,Rebecca Raccah (Suppléant),0,0,True,disponible,2026-05-31 00:37
47317989608520,2026-06-04,Jeudi,13:00,13:50,DNA Yvon Villarceau,Lagree,Nina Claro,0,0,True,disponible,2026-05-31 00:37
47317986423680,2026-06-04,Jeudi,13:30,14:20,DNA Victor Hugo,Reformer,Olivia Lamarre Reyner (Suppléant),0,0,True,disponible,2026-05-31 00:37
47317988329360,2026-06-04,Jeudi,13:30,14:15,DNA Victor Hugo,Lagree,Leann Mroueh (Suppléant),0,0,True,disponible,2026-05-31 00:37
47317988846360,2026-06-04,Jeudi,14:00,14:50,DNA Yvon Villarceau,Reformer,Rebecca Raccah (Suppléant),0,0,True,disponible,2026-05-31 00:37
47317987170500,2026-06-04,Jeudi,15:00,15:50,DNA Yvon Villarceau,Reformer,Nina Claro,0,0,True,disponible,2026-05-31 00:37
47317987138140,2026-06-04,Jeudi,16:00,16:50,DNA Yvon Villarceau,Reformer,Nina Claro,0,0,True,disponible,2026-05-31 00:37
47317989513360,2026-06-04,Jeudi,17:00,17:50,DNA Yvon Villarceau,Reformer,Nina Claro,0,0,True,disponible,2026-05-31 00:37
47317989604080,2026-06-04,Jeudi,17:00,17:50,DNA Yvon Villarceau,Lagree,Jade C,0,0,True,disponible,2026-05-31 00:37
47317986724060,2026-06-04,Jeudi,17:30,18:20,DNA Victor Hugo,Reformer,Leann Mroueh,0,0,True,disponible,2026-05-31 00:37
47317987286480,2026-06-04,Jeudi,17:30,18:15,DNA Victor Hugo,Lagree,Carla Triboul (Suppléant),0,0,True,disponible,2026-05-31 00:37
47317989502160,2026-06-04,Jeudi,18:00,18:50,DNA Yvon Villarceau,Lagree,Jade C,0,0,True,disponible,2026-05-31 00:37
47317989592520,2026-06-04,Jeudi,18:00,18:50,DNA Yvon Villarceau,Reformer,Nina Claro,0,0,True,disponible,2026-05-31 00:37
47317986715840,2026-06-04,Jeudi,18:30,19:20,DNA Victor Hugo,Reformer,Leann Mroueh,0,0,True,disponible,2026-05-31 00:37
47317987275800,2026-06-04,Jeudi,18:30,19:15,DNA Victor Hugo,Lagree,Carla Triboul (Suppléant),0,0,True,disponible,2026-05-31 00:37
47317987056700,2026-06-04,Jeudi,19:00,19:50,DNA Yvon Villarceau,Reformer,Melody Naggar (Suppléant),0,0,True,disponible,2026-05-31 00:37
47317989550840,2026-06-04,Jeudi,19:00,19:50,DNA Yvon Villarceau,Lagree,Jade C,7,7,True,complet,2026-05-31 00:37
47317986697100,2026-06-04,Jeudi,19:30,20:20,DNA Victor Hugo,Reformer,Leann Mroueh,0,0,True,disponible,2026-05-31 00:37
47317987314580,2026-06-04,Jeudi,19:30,20:15,DNA Victor Hugo,Lagree,Carla Triboul (Suppléant),0,0,True,disponible,2026-05-31 00:37
47317987092980,2026-06-04,Jeudi,20:00,20:50,DNA Yvon Villarceau,Reformer,Melody Naggar (Suppléant),0,0,True,disponible,2026-05-31 00:37
47317989537820,2026-06-04,Jeudi,20:00,20:50,DNA Yvon Villarceau,Lagree,Jade C,0,0,True,disponible,2026-05-31 00:37
47317986962960,2026-06-04,Jeudi,20:30,21:20,DNA Victor Hugo,Lagree,Carla Triboul (Suppléant),0,0,True,disponible,2026-05-31 00:37
47317986999960,2026-06-04,Jeudi,21:00,21:50,DNA Yvon Villarceau,Reformer,Melody Naggar (Suppléant),0,0,True,disponible,2026-05-31 00:37
47317988696780,2026-06-05,Vendredi,08:00,08:50,DNA Yvon Villarceau,Reformer,Leann Mroueh (Suppléant),0,0,True,disponible,2026-05-31 00:37
47317989443040,2026-06-05,Vendredi,08:00,08:50,DNA Yvon Villarceau,Lagree,Nina Claro,0,0,True,disponible,2026-05-31 00:37
47317986653320,2026-06-05,Vendredi,08:30,09:20,DNA Victor Hugo,Reformer,Melody Naggar (Suppléant),0,0,True,disponible,2026-05-31 00:37
47317988513680,2026-06-05,Vendredi,08:30,09:15,DNA Victor Hugo,Lagree,Ela Anastasia,0,0,True,disponible,2026-05-31 00:37
47317988735840,2026-06-05,Vendredi,09:00,09:50,DNA Yvon Villarceau,Reformer,Leann Mroueh (Suppléant),0,0,True,disponible,2026-05-31 00:37
47317989496880,2026-06-05,Vendredi,09:00,09:50,DNA Yvon Villarceau,Lagree,Nina Claro,0,0,True,disponible,2026-05-31 00:37
47317986617560,2026-06-05,Vendredi,09:30,10:20,DNA Victor Hugo,Reformer,Melody Naggar (Suppléant),0,0,True,disponible,2026-05-31 00:37
47317988504600,2026-06-05,Vendredi,09:30,10:15,DNA Victor Hugo,Lagree,Ela Anastasia,0,0,True,disponible,2026-05-31 00:37
47317988759660,2026-06-05,Vendredi,10:00,10:50,DNA Yvon Villarceau,Reformer,Leann Mroueh (Suppléant),0,0,True,disponible,2026-05-31 00:37
47317989487300,2026-06-05,Vendredi,10:00,10:50,DNA Yvon Villarceau,Lagree,Nina Claro,0,0,True,disponible,2026-05-31 00:37
47317986608140,2026-06-05,Vendredi,10:30,11:20,DNA Victor Hugo,Reformer,Melody Naggar (Suppléant),0,0,True,disponible,2026-05-31 00:37
47317988610700,2026-06-05,Vendredi,10:30,11:15,DNA Victor Hugo,Lagree,Ela Anastasia,0,0,True,disponible,2026-05-31 00:37
47317988694520,2026-06-05,Vendredi,11:00,11:50,DNA Yvon Villarceau,Reformer,Leann Mroueh (Suppléant),0,0,True,disponible,2026-05-31 00:37
47317989049200,2026-06-05,Vendredi,11:00,11:50,DNA Yvon Villarceau,Lagree,Nina Claro,0,0,True,disponible,2026-05-31 00:37
47317986357420,2026-06-05,Vendredi,11:30,12:15,DNA Victor Hugo,Lagree,Ela Anastasia (Suppléant),0,0,True,disponible,2026-05-31 00:37
47317986492000,2026-06-05,Vendredi,11:30,12:20,DNA Victor Hugo,Reformer,Laura Provost (Suppléant),0,0,True,disponible,2026-05-31 00:37
47317988685440,2026-06-05,Vendredi,12:00,12:50,DNA Yvon Villarceau,Reformer,Leann Mroueh (Suppléant),0,0,True,disponible,2026-05-31 00:37
47317989468980,2026-06-05,Vendredi,12:00,12:50,DNA Yvon Villarceau,Lagree,Nina Claro,0,0,True,disponible,2026-05-31 00:37
47317986377500,2026-06-05,Vendredi,12:30,13:20,DNA Victor Hugo,Reformer,Olivia Lamarre Reyner (Suppléant),0,0,True,disponible,2026-05-31 00:37
47317986445500,2026-06-05,Vendredi,12:30,13:15,DNA Victor Hugo,Lagree,Ela Anastasia (Suppléant),0,0,True,disponible,2026-05-31 00:37
47317988749500,2026-06-05,Vendredi,13:00,13:50,DNA Yvon Villarceau,Reformer,Leann Mroueh (Suppléant),0,0,True,disponible,2026-05-31 00:37
47317989391780,2026-06-05,Vendredi,13:00,13:50,DNA Yvon Villarceau,Lagree,Nina Claro,0,0,True,disponible,2026-05-31 00:37
47317986866500,2026-06-05,Vendredi,13:30,14:20,DNA Victor Hugo,Reformer,Olivia Lamarre Reyner (Suppléant),0,0,True,disponible,2026-05-31 00:37
47317987668340,2026-06-05,Vendredi,15:00,15:50,DNA Yvon Villarceau,Lagree,Leann Mroueh,0,0,True,disponible,2026-05-31 00:37
47317987602960,2026-06-05,Vendredi,16:00,16:50,DNA Yvon Villarceau,Lagree,Leann Mroueh,0,0,True,disponible,2026-05-31 00:37
47317986054640,2026-06-05,Vendredi,17:00,17:50,DNA Yvon Villarceau,Reformer,Chloe Graeffly,0,0,True,disponible,2026-05-31 00:37
47317986516480,2026-06-05,Vendredi,17:00,17:50,DNA Yvon Villarceau,Lagree,Leann Mroueh,0,0,True,disponible,2026-05-31 00:37
47317986845720,2026-06-05,Vendredi,17:30,18:20,DNA Victor Hugo,Reformer,Lucrezia Amerio (Suppléant),0,0,True,disponible,2026-05-31 00:37
47317985974080,2026-06-05,Vendredi,18:00,18:50,DNA Yvon Villarceau,Lagree,Daphne Sulowski,0,0,True,disponible,2026-05-31 00:37
47317986046020,2026-06-05,Vendredi,18:00,18:50,DNA Yvon Villarceau,Reformer,Chloe Graeffly,0,0,True,disponible,2026-05-31 00:37
47317986856620,2026-06-05,Vendredi,18:30,19:20,DNA Victor Hugo,Reformer,Lucrezia Amerio (Suppléant),0,0,True,disponible,2026-05-31 00:37
47317988633160,2026-06-05,Vendredi,18:30,19:15,DNA Victor Hugo,Lagree,Mathilde Lafont,0,0,True,disponible,2026-05-31 00:37
47317948733880,2026-06-05,Vendredi,19:00,19:50,DNA Yvon Villarceau,Reformer,Olivia Lamarre Reyner (Suppléant),0,0,True,disponible,2026-05-31 00:37
47317985962180,2026-06-05,Vendredi,19:00,19:50,DNA Yvon Villarceau,Lagree,Daphne Sulowski,0,0,True,disponible,2026-05-31 00:37
47317986366040,2026-06-05,Vendredi,19:30,20:20,DNA Victor Hugo,Reformer,Lucrezia Amerio (Suppléant),0,0,True,disponible,2026-05-31 00:37
47317988600040,2026-06-05,Vendredi,19:30,20:15,DNA Victor Hugo,Lagree,Mathilde Lafont,0,0,True,disponible,2026-05-31 00:37
47317986505600,2026-06-05,Vendredi,20:00,20:50,DNA Yvon Villarceau,Lagree,Daphne Sulowski,0,0,True,disponible,2026-05-31 00:37
47317987897060,2026-06-05,Vendredi,20:00,20:50,DNA Yvon Villarceau,Reformer,Olivia Lamarre Reyner (Suppléant),0,0,True,disponible,2026-05-31 00:37
47317986149080,2026-06-05,Vendredi,21:00,21:50,DNA Yvon Villarceau,Reformer,Eve Lacroix,0,0,True,inconnu,2026-05-31 00:37
47369818952100,2026-06-06,Samedi,08:00,09:00,DNA Yvon Villarceau,Lagree,Alice Amat,0,0,True,inconnu,2026-05-31 12:23
69877914714540,2026-06-06,Samedi,09:00,09:50,DNA Yvon Villarceau,Lagree,Vanessa Slomka,0,0,True,disponible,2026-05-31 12:23
69877935163720,2026-06-06,Samedi,09:00,09:50,DNA Yvon Villarceau,Reformer,Leann Mroueh (Suppléant),0,0,True,disponible,2026-05-31 12:23
69877917140780,2026-06-06,Samedi,09:30,10:20,DNA Victor Hugo,Reformer,Chloe Graeffly,0,0,True,disponible,2026-05-31 12:23
69877936786280,2026-06-06,Samedi,09:30,10:15,DNA Victor Hugo,Lagree,Nina Claro,0,0,True,disponible,2026-05-31 12:23
69877913768820,2026-06-06,Samedi,10:00,10:50,DNA Yvon Villarceau,Lagree,Vanessa Slomka,0,0,True,disponible,2026-05-31 12:23
69877935136580,2026-06-06,Samedi,10:00,10:50,DNA Yvon Villarceau,Reformer,Leann Mroueh (Suppléant),0,0,True,disponible,2026-05-31 12:23
69877917125440,2026-06-06,Samedi,10:30,11:20,DNA Victor Hugo,Reformer,Chloe Graeffly,0,0,True,disponible,2026-05-31 12:23
69877938089820,2026-06-06,Samedi,10:30,11:15,DNA Victor Hugo,Lagree,Nina Claro,0,0,True,disponible,2026-05-31 12:23
69877914063420,2026-06-06,Samedi,11:00,11:50,DNA Yvon Villarceau,Lagree,Vanessa Slomka,0,0,True,disponible,2026-05-31 12:23
69877937822380,2026-06-06,Samedi,11:00,11:50,DNA Yvon Villarceau,Reformer,Leann Mroueh (Suppléant),0,0,True,disponible,2026-05-31 12:23
69877917175520,2026-06-06,Samedi,11:30,12:20,DNA Victor Hugo,Reformer,Chloe Graeffly,0,0,True,disponible,2026-05-31 12:23
69877938071120,2026-06-06,Samedi,11:30,12:15,DNA Victor Hugo,Lagree,Nina Claro,0,0,True,disponible,2026-05-31 12:23
69877914043500,2026-06-06,Samedi,12:00,12:50,DNA Yvon Villarceau,Lagree,Vanessa Slomka,0,0,True,disponible,2026-05-31 12:23
69877935183680,2026-06-06,Samedi,12:00,12:50,DNA Yvon Villarceau,Reformer,Leann Mroueh (Suppléant),0,0,True,disponible,2026-05-31 12:23
69877916952180,2026-06-06,Samedi,12:30,13:15,DNA Victor Hugo,Lagree,Hala Takkiedine,0,0,True,disponible,2026-05-31 12:23
69877917306220,2026-06-06,Samedi,12:30,13:20,DNA Victor Hugo,Reformer,Chloe Graeffly,0,0,True,disponible,2026-05-31 12:23
69877914112260,2026-06-06,Samedi,13:00,13:50,DNA Yvon Villarceau,Lagree,Vanessa Slomka,0,0,True,disponible,2026-05-31 12:23
69877937868580,2026-06-06,Samedi,13:00,13:50,DNA Yvon Villarceau,Reformer,Leann Mroueh (Suppléant),0,0,True,disponible,2026-05-31 12:23
69877912247340,2026-06-06,Samedi,13:30,14:15,DNA Victor Hugo,Lagree,Hala Takkiedine,0,0,True,disponible,2026-05-31 12:23
69877917160160,2026-06-06,Samedi,13:30,14:20,DNA Victor Hugo,Reformer,Chloe Graeffly,0,0,True,disponible,2026-05-31 12:23
69877912815560,2026-06-06,Samedi,14:00,14:50,DNA Yvon Villarceau,Lagree,Lucrezia Amerio,0,0,True,disponible,2026-05-31 12:23
69877914833280,2026-06-06,Samedi,14:00,14:50,DNA Yvon Villarceau,Reformer,Nina Claro,0,0,True,disponible,2026-05-31 12:23
69877912228820,2026-06-06,Samedi,14:30,15:15,DNA Victor Hugo,Lagree,Hala Takkiedine,0,0,True,disponible,2026-05-31 12:23
69877912848760,2026-06-06,Samedi,14:30,15:20,DNA Victor Hugo,Reformer,Olivia Lamarre Reyner,0,0,True,disponible,2026-05-31 12:23
69877912798820,2026-06-06,Samedi,15:00,15:50,DNA Yvon Villarceau,Lagree,Lucrezia Amerio,0,0,True,disponible,2026-05-31 12:23
69877936583600,2026-06-06,Samedi,15:00,15:50,DNA Yvon Villarceau,Reformer,Nina Claro,0,0,True,disponible,2026-05-31 12:23
69877912833140,2026-06-06,Samedi,15:30,16:20,DNA Victor Hugo,Reformer,Olivia Lamarre Reyner,0,0,True,disponible,2026-05-31 12:23
69877912538060,2026-06-06,Samedi,16:00,16:50,DNA Yvon Villarceau,Reformer,Chloe Graeffly,0,0,True,disponible,2026-05-31 12:23
69877938263200,2026-06-06,Samedi,16:00,16:50,DNA Yvon Villarceau,Lagree,Nina Claro,0,0,True,disponible,2026-05-31 12:23
69877914192740,2026-06-06,Samedi,16:30,17:15,DNA Victor Hugo,Lagree,Joy Duquesne,0,0,True,disponible,2026-05-31 12:23
69877917289540,2026-06-06,Samedi,16:30,17:20,DNA Victor Hugo,Reformer,Lucrezia Amerio,0,0,True,disponible,2026-05-31 12:23
69877912520420,2026-06-06,Samedi,17:00,17:50,DNA Yvon Villarceau,Reformer,Chloe Graeffly,0,0,True,disponible,2026-05-31 12:23
69877919977140,2026-06-06,Samedi,17:00,17:50,DNA Yvon Villarceau,Lagree,Nina Claro,0,0,True,disponible,2026-05-31 12:23
69877917339320,2026-06-06,Samedi,17:30,18:20,DNA Victor Hugo,Reformer,Lucrezia Amerio,0,0,True,disponible,2026-05-31 12:23
69877920605220,2026-06-06,Samedi,17:30,18:15,DNA Victor Hugo,Lagree,Joy Duquesne,0,0,True,disponible,2026-05-31 12:23
69877912503200,2026-06-06,Samedi,18:00,18:50,DNA Yvon Villarceau,Reformer,Chloe Graeffly,0,0,True,disponible,2026-05-31 12:23
69877919957580,2026-06-06,Samedi,18:00,18:50,DNA Yvon Villarceau,Lagree,Nina Claro,0,0,True,disponible,2026-05-31 12:23
69877917321520,2026-06-06,Samedi,18:30,19:20,DNA Victor Hugo,Reformer,Lucrezia Amerio,0,0,True,disponible,2026-05-31 12:23
69877920565540,2026-06-06,Samedi,18:30,19:15,DNA Victor Hugo,Lagree,Joy Duquesne,0,0,True,disponible,2026-05-31 12:23
69877917109920,2026-06-06,Samedi,19:00,19:50,DNA Yvon Villarceau,Reformer,Chloe Graeffly,0,0,True,disponible,2026-05-31 12:23
69877919940740,2026-06-06,Samedi,19:00,19:50,DNA Yvon Villarceau,Lagree,Nina Claro,0,0,True,disponible,2026-05-31 12:23
69877917370160,2026-06-06,Samedi,19:30,20:20,DNA Victor Hugo,Reformer,Lucrezia Amerio,0,0,True,disponible,2026-05-31 12:23
69877920705500,2026-06-06,Samedi,19:30,20:15,DNA Victor Hugo,Lagree,Joy Duquesne,0,0,True,disponible,2026-05-31 12:23
69864864538920,2026-06-07,Dimanche,09:00,09:50,DNA Yvon Villarceau,Reformer,Charlie DMC (Suppléant),0,0,True,disponible,2026-06-01 20:40
69864864968680,2026-06-07,Dimanche,09:00,09:50,DNA Yvon Villarceau,Lagree,Nina Claro,0,0,True,disponible,2026-06-01 20:40
69864859476060,2026-06-07,Dimanche,09:30,10:20,DNA Victor Hugo,Reformer,Cecilia Pinto,0,0,True,disponible,2026-06-01 20:40
69864864431520,2026-06-07,Dimanche,09:30,10:15,DNA Victor Hugo,Lagree,Hala Takkiedine (Suppléant),0,0,True,disponible,2026-06-01 20:40
69864864533500,2026-06-07,Dimanche,10:00,10:50,DNA Yvon Villarceau,Reformer,Charlie DMC (Suppléant),0,0,True,disponible,2026-06-01 20:40
69864864963960,2026-06-07,Dimanche,10:00,10:50,DNA Yvon Villarceau,Lagree,Nina Claro,0,0,True,disponible,2026-06-01 20:40
69864859469500,2026-06-07,Dimanche,10:30,11:20,DNA Victor Hugo,Reformer,Cecilia Pinto,0,0,True,disponible,2026-06-01 20:40
69864864426400,2026-06-07,Dimanche,10:30,11:15,DNA Victor Hugo,Lagree,Hala Takkiedine (Suppléant),0,0,True,disponible,2026-06-01 20:40
69864864527860,2026-06-07,Dimanche,11:00,11:50,DNA Yvon Villarceau,Reformer,Charlie DMC (Suppléant),0,0,True,disponible,2026-06-01 20:40
69864864959080,2026-06-07,Dimanche,11:00,11:50,DNA Yvon Villarceau,Lagree,Nina Claro,0,0,True,disponible,2026-06-01 20:40
69864859463280,2026-06-07,Dimanche,11:30,12:20,DNA Victor Hugo,Reformer,Cecilia Pinto,0,0,True,disponible,2026-06-01 20:40
69864864420860,2026-06-07,Dimanche,11:30,12:15,DNA Victor Hugo,Lagree,Hala Takkiedine (Suppléant),0,0,True,disponible,2026-06-01 20:40
69864864522800,2026-06-07,Dimanche,12:00,12:50,DNA Yvon Villarceau,Reformer,Charlie DMC (Suppléant),0,0,True,disponible,2026-06-01 20:40
69864864953920,2026-06-07,Dimanche,12:00,12:50,DNA Yvon Villarceau,Lagree,Nina Claro,0,0,True,disponible,2026-06-01 20:40
69864859456180,2026-06-07,Dimanche,12:30,13:20,DNA Victor Hugo,Reformer,Cecilia Pinto,0,0,True,disponible,2026-06-01 20:40
69864864415060,2026-06-07,Dimanche,12:30,13:15,DNA Victor Hugo,Lagree,Mathilde Lafont,0,0,True,disponible,2026-06-01 20:40
69864864517560,2026-06-07,Dimanche,13:00,13:50,DNA Yvon Villarceau,Reformer,Charlie DMC (Suppléant),0,0,True,disponible,2026-06-01 20:40
69864864949280,2026-06-07,Dimanche,13:00,13:50,DNA Yvon Villarceau,Lagree,Nina Claro,0,0,True,disponible,2026-06-01 20:40
69864864410240,2026-06-07,Dimanche,13:30,14:15,DNA Victor Hugo,Lagree,Mathilde Lafont,0,0,True,disponible,2026-06-01 20:40
69864864826900,2026-06-07,Dimanche,14:00,14:50,DNA Yvon Villarceau,Lagree,Nina Claro,0,0,True,disponible,2026-06-01 20:40
69864864405380,2026-06-07,Dimanche,14:30,15:15,DNA Victor Hugo,Lagree,Mathilde Lafont,0,0,True,disponible,2026-06-01 20:40
69864857788300,2026-06-07,Dimanche,15:00,15:50,DNA Yvon Villarceau,Reformer,Olivia Lamarre Reyner,0,0,True,disponible,2026-06-01 20:40
69864864400380,2026-06-07,Dimanche,15:30,16:15,DNA Victor Hugo,Lagree,Mathilde Lafont,0,0,True,disponible,2026-06-01 20:40
69864857783400,2026-06-07,Dimanche,16:00,16:50,DNA Yvon Villarceau,Reformer,Olivia Lamarre Reyner,0,0,True,disponible,2026-06-01 20:40
69864866646960,2026-06-07,Dimanche,16:00,16:50,DNA Yvon Villarceau,Lagree,Catrin Karlson English class,0,0,True,disponible,2026-06-01 20:40
69864857778340,2026-06-07,Dimanche,17:00,17:50,DNA Yvon Villarceau,Reformer,Olivia Lamarre Reyner,0,0,True,disponible,2026-06-01 20:40
69864866549220,2026-06-07,Dimanche,17:00,17:50,DNA Yvon Villarceau,Lagree,Catrin Karlson English class,0,0,True,disponible,2026-06-01 20:40
69864859347320,2026-06-07,Dimanche,17:30,18:20,DNA Victor Hugo,Reformer,Chloe Graeffly,0,0,True,disponible,2026-06-01 20:40
69864858178480,2026-06-07,Dimanche,18:00,18:50,DNA Yvon Villarceau,Reformer,Marie De Saint Simon,0,0,True,disponible,2026-06-01 20:40
69864866414480,2026-06-07,Dimanche,18:00,18:50,DNA Yvon Villarceau,Lagree,Catrin Karlson English class,0,0,True,disponible,2026-06-01 20:40
69864858665380,2026-06-07,Dimanche,18:30,19:15,DNA Victor Hugo,Lagree,Joy Duquesne,0,0,True,disponible,2026-06-01 20:40
69864859335580,2026-06-07,Dimanche,18:30,19:20,DNA Victor Hugo,Reformer,Chloe Graeffly,0,0,True,disponible,2026-06-01 20:40
69864858171120,2026-06-07,Dimanche,19:00,19:50,DNA Yvon Villarceau,Reformer,Marie De Saint Simon,0,0,True,disponible,2026-06-01 20:40
69864858941740,2026-06-07,Dimanche,19:00,19:50,DNA Yvon Villarceau,Lagree,Catrin Karlson English class,0,0,True,disponible,2026-06-01 20:40
69864858659840,2026-06-07,Dimanche,19:30,20:15,DNA Victor Hugo,Lagree,Joy Duquesne,0,0,True,disponible,2026-06-01 20:40
70325340289400,2026-06-08,Lundi,08:00,08:50,DNA Yvon Villarceau,Reformer,Rebecca Raccah,0,0,True,disponible,2026-06-01 20:40
70325340360080,2026-06-08,Lundi,08:00,08:50,DNA Yvon Villarceau,Lagree,Carla Triboul (Suppléant),0,0,True,disponible,2026-06-01 20:40
70325534199580,2026-06-08,Lundi,08:30,09:20,DNA Victor Hugo,Reformer,Joy Duquesne,0,0,True,disponible,2026-06-01 20:40
70325541334440,2026-06-08,Lundi,08:30,09:20,DNA Victor Hugo,Lagree,Melody Naggar,0,0,True,disponible,2026-06-01 20:40
70325336568860,2026-06-08,Lundi,09:00,09:50,DNA Yvon Villarceau,Reformer,Rebecca Raccah,0,0,True,disponible,2026-06-01 20:40
70325340354200,2026-06-08,Lundi,09:00,09:50,DNA Yvon Villarceau,Lagree,Carla Triboul (Suppléant),0,0,True,disponible,2026-06-01 20:40
70325541320960,2026-06-08,Lundi,09:30,10:20,DNA Victor Hugo,Lagree,Melody Naggar,0,0,True,disponible,2026-06-01 20:40
70325542484360,2026-06-08,Lundi,09:30,10:20,DNA Victor Hugo,Reformer,Joy Duquesne,0,0,True,disponible,2026-06-01 20:40
70325336474160,2026-06-08,Lundi,10:00,10:50,DNA Yvon Villarceau,Reformer,Rebecca Raccah,0,0,True,disponible,2026-06-01 20:40
70325336480660,2026-06-08,Lundi,10:00,10:50,DNA Yvon Villarceau,Lagree,Carla Triboul (Suppléant),0,0,True,disponible,2026-06-01 20:40
70325541314780,2026-06-08,Lundi,10:30,11:20,DNA Victor Hugo,Lagree,Melody Naggar,0,0,True,disponible,2026-06-01 20:40
70325542469520,2026-06-08,Lundi,10:30,11:20,DNA Victor Hugo,Reformer,Joy Duquesne,0,0,True,disponible,2026-06-01 20:40
70325336467580,2026-06-08,Lundi,11:00,11:50,DNA Yvon Villarceau,Reformer,Rebecca Raccah,0,0,True,disponible,2026-06-01 20:40
70325340348040,2026-06-08,Lundi,11:00,11:50,DNA Yvon Villarceau,Lagree,Carla Triboul (Suppléant),0,0,True,disponible,2026-06-01 20:40
70325339318360,2026-06-08,Lundi,11:30,12:15,DNA Victor Hugo,Lagree,Sarah Elfassy,0,0,True,disponible,2026-06-01 20:40
70325542463760,2026-06-08,Lundi,11:30,12:20,DNA Victor Hugo,Reformer,Carla B,0,0,True,disponible,2026-06-01 20:40
70325339810480,2026-06-08,Lundi,12:00,12:50,DNA Yvon Villarceau,Lagree,Catrin Karlson English class,0,0,True,disponible,2026-06-01 20:40
70325340111400,2026-06-08,Lundi,12:00,12:50,DNA Yvon Villarceau,Reformer,Charlie DMC,0,0,True,disponible,2026-06-01 20:40
70325339324120,2026-06-08,Lundi,12:30,13:15,DNA Victor Hugo,Lagree,Sarah Elfassy,0,0,True,disponible,2026-06-01 20:40
70325542449380,2026-06-08,Lundi,12:30,13:20,DNA Victor Hugo,Reformer,Carla B,0,0,True,disponible,2026-06-01 20:40
70325340100800,2026-06-08,Lundi,13:00,13:50,DNA Yvon Villarceau,Reformer,Charlie DMC,0,0,True,disponible,2026-06-01 20:40
70325541607140,2026-06-08,Lundi,13:00,13:50,DNA Yvon Villarceau,Lagree,Catrin Karlson English class,0,0,True,disponible,2026-06-01 20:40
70325542327360,2026-06-08,Lundi,13:30,14:20,DNA Victor Hugo,Lagree,Sarah Elfassy,0,0,True,disponible,2026-06-01 20:40
70325542431220,2026-06-08,Lundi,13:30,14:20,DNA Victor Hugo,Reformer,Carla B,0,0,True,disponible,2026-06-01 20:40
70325339161200,2026-06-08,Lundi,14:00,14:50,DNA Yvon Villarceau,Reformer,Charlie DMC,0,0,True,disponible,2026-06-01 20:40
70325541601320,2026-06-08,Lundi,14:00,14:50,DNA Yvon Villarceau,Lagree,Catrin Karlson English class,0,0,True,disponible,2026-06-01 20:40
70325542312780,2026-06-08,Lundi,14:30,15:20,DNA Victor Hugo,Reformer,Sarah Elfassy,0,0,True,disponible,2026-06-01 20:40
70325542305800,2026-06-08,Lundi,15:30,16:20,DNA Victor Hugo,Reformer,Sarah Elfassy,0,0,True,disponible,2026-06-01 20:40
70325340094980,2026-06-08,Lundi,16:00,16:50,DNA Yvon Villarceau,Reformer,Charlie DMC,0,0,True,disponible,2026-06-01 20:40
70325336518840,2026-06-08,Lundi,17:00,17:50,DNA Yvon Villarceau,Lagree,Jade C,0,0,True,disponible,2026-06-01 20:40
70325340089200,2026-06-08,Lundi,17:00,17:50,DNA Yvon Villarceau,Reformer,Charlie DMC,0,0,True,disponible,2026-06-01 20:40
70325339597540,2026-06-08,Lundi,17:30,18:15,DNA Victor Hugo,Lagree,Carla B,0,0,True,disponible,2026-06-01 20:40
70325542361020,2026-06-08,Lundi,17:30,18:20,DNA Victor Hugo,Reformer,Rebecca Raccah,0,0,True,disponible,2026-06-01 20:40
70325336503980,2026-06-08,Lundi,18:00,18:50,DNA Yvon Villarceau,Lagree,Jade C,0,0,True,disponible,2026-06-01 20:40
70325339864380,2026-06-08,Lundi,18:00,18:50,DNA Yvon Villarceau,Reformer,Charlie DMC,0,0,True,disponible,2026-06-01 20:40
70325339590440,2026-06-08,Lundi,18:30,19:15,DNA Victor Hugo,Lagree,Carla B,0,0,True,disponible,2026-06-01 20:40
70325542355080,2026-06-08,Lundi,18:30,19:20,DNA Victor Hugo,Reformer,Rebecca Raccah,0,0,True,disponible,2026-06-01 20:40
70325336042580,2026-06-08,Lundi,19:00,19:50,DNA Yvon Villarceau,Lagree,Jade C,0,0,True,disponible,2026-06-01 20:40
70325339154680,2026-06-08,Lundi,19:00,19:50,DNA Yvon Villarceau,Reformer,Marie De Saint Simon,0,0,True,disponible,2026-06-01 20:40
70325339584140,2026-06-08,Lundi,19:30,20:15,DNA Victor Hugo,Lagree,Catrin Karlson English class,0,0,True,disponible,2026-06-01 20:40
70325542341340,2026-06-08,Lundi,19:30,20:20,DNA Victor Hugo,Reformer,Rebecca Raccah,0,0,True,disponible,2026-06-01 20:40
70325335627460,2026-06-08,Lundi,20:00,20:50,DNA Yvon Villarceau,Lagree,Jade C,0,0,True,disponible,2026-06-01 20:40
70325339147520,2026-06-08,Lundi,20:00,20:50,DNA Yvon Villarceau,Reformer,Marie De Saint Simon,0,0,True,disponible,2026-06-01 20:40
70325339578040,2026-06-08,Lundi,20:30,21:15,DNA Victor Hugo,Lagree,Catrin Karlson English class,0,0,True,disponible,2026-06-01 20:40
70325339140400,2026-06-08,Lundi,21:00,21:50,DNA Yvon Villarceau,Reformer,Marie De Saint Simon,0,0,True,disponible,2026-06-01 20:40
70325339858200,2026-06-09,Mardi,08:00,08:50,DNA Yvon Villarceau,Reformer,Charlie DMC,0,0,True,disponible,2026-06-01 20:40
70325534527640,2026-06-09,Mardi,08:00,08:50,DNA Yvon Villarceau,Lagree,Victoria Schafter,0,0,True,disponible,2026-06-01 20:40
70325541285080,2026-06-09,Mardi,08:30,09:20,DNA Victor Hugo,Lagree,Melody Naggar,0,0,True,disponible,2026-06-01 20:40
70325542215340,2026-06-09,Mardi,08:30,09:20,DNA Victor Hugo,Reformer,Cecilia Pinto (Suppléant),0,0,True,disponible,2026-06-01 20:40
70325339852220,2026-06-09,Mardi,09:00,09:50,DNA Yvon Villarceau,Reformer,Charlie DMC,0,0,True,disponible,2026-06-01 20:40
70325534513640,2026-06-09,Mardi,09:00,09:50,DNA Yvon Villarceau,Lagree,Victoria Schafter,0,0,True,disponible,2026-06-01 20:40
70325541263660,2026-06-09,Mardi,09:30,10:20,DNA Victor Hugo,Lagree,Melody Naggar,0,0,True,disponible,2026-06-01 20:40
70325542209440,2026-06-09,Mardi,09:30,10:20,DNA Victor Hugo,Reformer,Cecilia Pinto (Suppléant),0,0,True,disponible,2026-06-01 20:40
70325339846380,2026-06-09,Mardi,10:00,10:50,DNA Yvon Villarceau,Reformer,Charlie DMC,0,0,True,disponible,2026-06-01 20:40
70325534507280,2026-06-09,Mardi,10:00,10:50,DNA Yvon Villarceau,Lagree,Victoria Schafter,0,0,True,disponible,2026-06-01 20:40
70325542195480,2026-06-09,Mardi,10:30,11:20,DNA Victor Hugo,Reformer,Cecilia Pinto (Suppléant),0,0,True,disponible,2026-06-01 20:40
70325335622380,2026-06-09,Mardi,11:00,11:50,DNA Yvon Villarceau,Reformer,Soudi Zargham,0,0,True,disponible,2026-06-01 20:40
70325340268780,2026-06-09,Mardi,11:00,11:50,DNA Yvon Villarceau,Lagree,Carla B,0,0,True,disponible,2026-06-01 20:40
70325542181480,2026-06-09,Mardi,11:30,12:20,DNA Victor Hugo,Reformer,Victoria Schafter (Suppléant),0,0,True,disponible,2026-06-01 20:40
70325335723700,2026-06-09,Mardi,12:00,12:50,DNA Yvon Villarceau,Reformer,Soudi Zargham,0,0,True,disponible,2026-06-01 20:40
70325534561300,2026-06-09,Mardi,12:00,12:50,DNA Yvon Villarceau,Lagree,Carla B,0,0,True,disponible,2026-06-01 20:40
70325339111960,2026-06-09,Mardi,12:30,13:15,DNA Victor Hugo,Lagree,Carla Triboul (Suppléant),0,0,True,disponible,2026-06-01 20:40
70325542166460,2026-06-09,Mardi,12:30,13:20,DNA Victor Hugo,Reformer,Victoria Schafter (Suppléant),0,0,True,disponible,2026-06-01 20:40
70325335718520,2026-06-09,Mardi,13:00,13:50,DNA Yvon Villarceau,Reformer,Soudi Zargham,0,0,True,disponible,2026-06-01 20:40
70325534547440,2026-06-09,Mardi,13:00,13:50,DNA Yvon Villarceau,Lagree,Carla B,0,0,True,disponible,2026-06-01 20:40
70325339104200,2026-06-09,Mardi,13:30,14:15,DNA Victor Hugo,Lagree,Carla Triboul (Suppléant),0,0,True,disponible,2026-06-01 20:40
70325542149680,2026-06-09,Mardi,13:30,14:20,DNA Victor Hugo,Reformer,Victoria Schafter (Suppléant),0,0,True,disponible,2026-06-01 20:40
70325534541860,2026-06-09,Mardi,14:00,14:50,DNA Yvon Villarceau,Lagree,Carla B,0,0,True,disponible,2026-06-01 20:40
69866849747500,2026-06-09,Mardi,14:30,15:20,DNA Victor Hugo,Reformer,Olivia Lamarre Reyner,0,0,True,disponible,2026-06-06 19:47
69866849634960,2026-06-09,Mardi,15:30,16:20,DNA Victor Hugo,Reformer,Olivia Lamarre Reyner,0,0,True,disponible,2026-06-06 19:47
70325339198740,2026-06-09,Mardi,16:00,16:50,DNA Yvon Villarceau,Reformer,Charlie DMC,0,0,True,disponible,2026-06-01 20:40
69866849628980,2026-06-09,Mardi,16:30,17:20,DNA Victor Hugo,Reformer,Olivia Lamarre Reyner,0,0,True,disponible,2026-06-06 19:47
70325339191720,2026-06-09,Mardi,17:00,17:50,DNA Yvon Villarceau,Reformer,Charlie DMC,0,0,True,disponible,2026-06-01 20:40
70325339804460,2026-06-09,Mardi,17:00,17:50,DNA Yvon Villarceau,Lagree,Carla B,0,0,True,disponible,2026-06-01 20:40
70325339301860,2026-06-09,Mardi,17:30,18:15,DNA Victor Hugo,Lagree,isis Magnin (Suppléant),0,0,True,disponible,2026-06-01 20:40
70325339185160,2026-06-09,Mardi,18:00,18:50,DNA Yvon Villarceau,Reformer,Charlie DMC,0,0,True,disponible,2026-06-01 20:40
70325339797900,2026-06-09,Mardi,18:00,18:50,DNA Yvon Villarceau,Lagree,Carla B,0,0,True,disponible,2026-06-01 20:40
70325339295240,2026-06-09,Mardi,18:30,19:15,DNA Victor Hugo,Lagree,isis Magnin (Suppléant),0,0,True,disponible,2026-06-01 20:40
70325541880820,2026-06-09,Mardi,18:30,19:20,DNA Victor Hugo,Reformer,Cecilia Pinto,0,0,True,disponible,2026-06-01 20:40
70325339173420,2026-06-09,Mardi,19:00,19:50,DNA Yvon Villarceau,Lagree,Calista Ruat,0,0,True,disponible,2026-06-01 20:40
70325339219600,2026-06-09,Mardi,19:00,19:50,DNA Yvon Villarceau,Reformer,Chloe Graeffly (Suppléant),0,0,True,disponible,2026-06-01 20:40
70325339288680,2026-06-09,Mardi,19:30,20:15,DNA Victor Hugo,Lagree,isis Magnin (Suppléant),0,0,True,disponible,2026-06-01 20:40
70325541866300,2026-06-09,Mardi,19:30,20:20,DNA Victor Hugo,Reformer,Cecilia Pinto,0,0,True,disponible,2026-06-01 20:40
70325339166700,2026-06-09,Mardi,20:00,20:50,DNA Yvon Villarceau,Lagree,Calista Ruat,0,0,True,disponible,2026-06-01 20:40
70325339213020,2026-06-09,Mardi,20:00,20:50,DNA Yvon Villarceau,Reformer,Chloe Graeffly (Suppléant),0,0,True,disponible,2026-06-01 20:40
70325339282440,2026-06-09,Mardi,20:30,21:15,DNA Victor Hugo,Lagree,isis Magnin (Suppléant),0,0,True,disponible,2026-06-01 20:40
70325541851600,2026-06-09,Mardi,20:30,21:20,DNA Victor Hugo,Reformer,Cecilia Pinto,0,0,True,disponible,2026-06-01 20:40
70325339206020,2026-06-09,Mardi,21:00,21:50,DNA Yvon Villarceau,Reformer,Chloe Graeffly (Suppléant),0,0,True,disponible,2026-06-01 20:40
70325541080200,2026-06-09,Mardi,21:00,21:50,DNA Yvon Villarceau,Lagree,Calista Ruat,0,0,True,disponible,2026-06-01 20:40
70325340083800,2026-06-10,Mercredi,07:00,07:50,DNA Yvon Villarceau,Lagree,Kim Sarfati,0,0,True,inconnu,2026-06-01 20:40
70325340283760,2026-06-10,Mercredi,08:00,08:50,DNA Yvon Villarceau,Reformer,Rebecca Raccah,0,0,True,disponible,2026-06-01 20:40
70325340326780,2026-06-10,Mercredi,08:00,08:50,DNA Yvon Villarceau,Lagree,isis Magnin (Suppléant),0,0,True,disponible,2026-06-01 20:40
70325534318220,2026-06-10,Mercredi,08:30,09:20,DNA Victor Hugo,Reformer,Charlie DMC,0,0,True,disponible,2026-06-01 20:40
70325541258140,2026-06-10,Mercredi,08:30,09:20,DNA Victor Hugo,Lagree,Melody Naggar,0,0,True,disponible,2026-06-01 20:40
70325340278500,2026-06-10,Mercredi,09:00,09:50,DNA Yvon Villarceau,Reformer,Rebecca Raccah,0,0,True,disponible,2026-06-01 20:40
70325340321280,2026-06-10,Mercredi,09:00,09:50,DNA Yvon Villarceau,Lagree,isis Magnin (Suppléant),0,0,True,disponible,2026-06-01 20:40
70325534312740,2026-06-10,Mercredi,09:30,10:20,DNA Victor Hugo,Reformer,Charlie DMC,0,0,True,disponible,2026-06-01 20:40
70325541236000,2026-06-10,Mercredi,09:30,10:20,DNA Victor Hugo,Lagree,Melody Naggar,0,0,True,disponible,2026-06-01 20:40
70325335706920,2026-06-10,Mercredi,10:00,10:50,DNA Yvon Villarceau,Reformer,Rebecca Raccah,0,0,True,disponible,2026-06-01 20:40
70325335712700,2026-06-10,Mercredi,10:00,10:50,DNA Yvon Villarceau,Lagree,isis Magnin (Suppléant),0,0,True,disponible,2026-06-01 20:40
70325534296940,2026-06-10,Mercredi,10:30,11:20,DNA Victor Hugo,Reformer,Charlie DMC,0,0,True,disponible,2026-06-01 20:40
70325541213820,2026-06-10,Mercredi,10:30,11:20,DNA Victor Hugo,Lagree,Melody Naggar,0,0,True,disponible,2026-06-01 20:40
70325335700100,2026-06-10,Mercredi,11:00,11:50,DNA Yvon Villarceau,Lagree,isis Magnin (Suppléant),0,0,True,disponible,2026-06-01 20:40
70325340305800,2026-06-10,Mercredi,11:00,11:50,DNA Yvon Villarceau,Reformer,Rebecca Raccah,0,0,True,disponible,2026-06-01 20:40
70325534379920,2026-06-10,Mercredi,11:30,12:15,DNA Victor Hugo,Lagree,Victoria Schafter,0,0,True,disponible,2026-06-01 20:40
70325541946240,2026-06-10,Mercredi,11:30,12:20,DNA Victor Hugo,Reformer,Charlie DMC,0,0,True,disponible,2026-06-01 20:40
70325339312700,2026-06-10,Mercredi,12:00,12:50,DNA Yvon Villarceau,Lagree,isis Magnin (Suppléant),0,0,True,disponible,2026-06-01 20:40
70325340299980,2026-06-10,Mercredi,12:00,12:50,DNA Yvon Villarceau,Reformer,Rebecca Raccah,0,0,True,disponible,2026-06-01 20:40
70325534283520,2026-06-10,Mercredi,12:30,13:20,DNA Victor Hugo,Reformer,Charlie DMC,0,0,True,disponible,2026-06-01 20:40
70325534364320,2026-06-10,Mercredi,12:30,13:15,DNA Victor Hugo,Lagree,Victoria Schafter,0,0,True,disponible,2026-06-01 20:40
70325339307120,2026-06-10,Mercredi,13:00,13:50,DNA Yvon Villarceau,Lagree,Carla B,0,0,True,disponible,2026-06-01 20:40
70325340294500,2026-06-10,Mercredi,13:00,13:50,DNA Yvon Villarceau,Reformer,Rebecca Raccah,0,0,True,disponible,2026-06-01 20:40
70325534351080,2026-06-10,Mercredi,13:30,14:15,DNA Victor Hugo,Lagree,Victoria Schafter,0,0,True,disponible,2026-06-01 20:40
70325339791440,2026-06-10,Mercredi,14:00,14:50,DNA Yvon Villarceau,Lagree,Carla B,0,0,True,disponible,2026-06-01 20:40
70325534344940,2026-06-10,Mercredi,14:30,15:15,DNA Victor Hugo,Lagree,Victoria Schafter,0,0,True,disponible,2026-06-01 20:40
70325541582500,2026-06-10,Mercredi,14:30,15:20,DNA Victor Hugo,Reformer,isis Magnin (Suppléant),0,0,True,disponible,2026-06-01 20:40
70325339783900,2026-06-10,Mercredi,15:00,15:50,DNA Yvon Villarceau,Lagree,Carla B,0,0,True,disponible,2026-06-01 20:40
70325541566800,2026-06-10,Mercredi,15:30,16:20,DNA Victor Hugo,Reformer,isis Magnin (Suppléant),0,0,True,disponible,2026-06-01 20:40
70325339257260,2026-06-10,Mercredi,17:00,17:50,DNA Yvon Villarceau,Lagree,Calista Ruat (Suppléant),0,0,True,disponible,2026-06-01 20:40
70325541374860,2026-06-10,Mercredi,17:30,18:15,DNA Victor Hugo,Lagree,Melody Naggar,0,0,True,disponible,2026-06-01 20:40
70325541844420,2026-06-10,Mercredi,17:30,18:20,DNA Victor Hugo,Reformer,Cecilia Pinto,0,0,True,disponible,2026-06-01 20:40
70325339249840,2026-06-10,Mercredi,18:00,18:50,DNA Yvon Villarceau,Lagree,Calista Ruat (Suppléant),0,0,True,disponible,2026-06-01 20:40
70325339824540,2026-06-10,Mercredi,18:00,18:50,DNA Yvon Villarceau,Reformer,Charlie DMC,0,0,True,disponible,2026-06-01 20:40
70325541360060,2026-06-10,Mercredi,18:30,19:15,DNA Victor Hugo,Lagree,Melody Naggar,0,0,True,disponible,2026-06-01 20:40
70325541838680,2026-06-10,Mercredi,18:30,19:20,DNA Victor Hugo,Reformer,Cecilia Pinto,0,0,True,disponible,2026-06-01 20:40
70325335597860,2026-06-10,Mercredi,19:00,19:50,DNA Yvon Villarceau,Reformer,Charlie DMC,0,0,True,disponible,2026-06-01 20:40
70325339240740,2026-06-10,Mercredi,19:00,19:50,DNA Yvon Villarceau,Lagree,Calista Ruat (Suppléant),0,0,True,disponible,2026-06-01 20:40
70325541345880,2026-06-10,Mercredi,19:30,20:15,DNA Victor Hugo,Lagree,Melody Naggar,0,0,True,disponible,2026-06-01 20:40
70325541831380,2026-06-10,Mercredi,19:30,20:20,DNA Victor Hugo,Reformer,Cecilia Pinto,0,0,True,disponible,2026-06-01 20:40
70325339234180,2026-06-10,Mercredi,20:00,20:50,DNA Yvon Villarceau,Lagree,Calista Ruat (Suppléant),0,0,True,disponible,2026-06-01 20:40
70325339839700,2026-06-10,Mercredi,20:00,20:50,DNA Yvon Villarceau,Reformer,Eve Lacroix,0,0,True,disponible,2026-06-01 20:40
70325541340120,2026-06-10,Mercredi,20:30,21:20,DNA Victor Hugo,Lagree,Melody Naggar,0,0,True,disponible,2026-06-01 20:40
70325541817240,2026-06-10,Mercredi,20:30,21:20,DNA Victor Hugo,Reformer,Cecilia Pinto,0,0,True,disponible,2026-06-01 20:40
70325339832500,2026-06-10,Mercredi,21:00,21:50,DNA Yvon Villarceau,Reformer,Eve Lacroix,0,0,True,disponible,2026-06-01 20:40
70325340342480,2026-06-11,Jeudi,08:00,08:50,DNA Yvon Villarceau,Reformer,Nina Claro,0,0,True,disponible,2026-06-01 20:40
70325541411160,2026-06-11,Jeudi,08:00,08:50,DNA Yvon Villarceau,Lagree,Melody Naggar,0,0,True,disponible,2026-06-01 20:40
70325534269300,2026-06-11,Jeudi,08:30,09:20,DNA Victor Hugo,Reformer,Charlie DMC,0,0,True,disponible,2026-06-01 20:40
70325534580660,2026-06-11,Jeudi,08:30,09:15,DNA Victor Hugo,Lagree,Calista Ruat,0,0,True,disponible,2026-06-01 20:40
70325340337320,2026-06-11,Jeudi,09:00,09:50,DNA Yvon Villarceau,Reformer,Nina Claro,0,0,True,disponible,2026-06-01 20:40
70325541395860,2026-06-11,Jeudi,09:00,09:50,DNA Yvon Villarceau,Lagree,Melody Naggar,0,0,True,disponible,2026-06-01 20:40
70325534264420,2026-06-11,Jeudi,09:30,10:20,DNA Victor Hugo,Reformer,Charlie DMC,0,0,True,disponible,2026-06-01 20:40
70325534574800,2026-06-11,Jeudi,09:30,10:15,DNA Victor Hugo,Lagree,Calista Ruat,0,0,True,disponible,2026-06-01 20:40
70325339130640,2026-06-11,Jeudi,10:00,10:50,DNA Yvon Villarceau,Reformer,Liz Torres,0,0,True,disponible,2026-06-01 20:40
70325541389580,2026-06-11,Jeudi,10:00,10:50,DNA Yvon Villarceau,Lagree,Melody Naggar,0,0,True,disponible,2026-06-01 20:40
70325534250380,2026-06-11,Jeudi,10:30,11:20,DNA Victor Hugo,Reformer,Charlie DMC,0,0,True,disponible,2026-06-01 20:40
70325542142420,2026-06-11,Jeudi,10:30,11:15,DNA Victor Hugo,Lagree,Sarah Elfassy (Suppléant),0,0,True,disponible,2026-06-01 20:40
70325336800280,2026-06-11,Jeudi,11:00,11:50,DNA Yvon Villarceau,Lagree,Nina Claro,0,0,True,disponible,2026-06-01 20:40
70325541613040,2026-06-11,Jeudi,11:00,11:50,DNA Yvon Villarceau,Reformer,Liz Torres,0,0,True,disponible,2026-06-01 20:40
70325542027380,2026-06-11,Jeudi,11:30,12:20,DNA Victor Hugo,Reformer,Victoria Schafter,0,0,True,disponible,2026-06-01 20:40
70325542128160,2026-06-11,Jeudi,11:30,12:15,DNA Victor Hugo,Lagree,Sarah Elfassy (Suppléant),0,0,True,disponible,2026-06-01 20:40
70325336766500,2026-06-11,Jeudi,12:00,12:50,DNA Yvon Villarceau,Reformer,Soudi Zargham,0,0,True,disponible,2026-06-01 20:40
70325336795220,2026-06-11,Jeudi,12:00,12:50,DNA Yvon Villarceau,Lagree,Nina Claro,0,0,True,disponible,2026-06-01 20:40
70325339568280,2026-06-11,Jeudi,12:30,13:15,DNA Victor Hugo,Lagree,Sarah Elfassy,0,0,True,disponible,2026-06-01 20:40
70325542002440,2026-06-11,Jeudi,12:30,13:20,DNA Victor Hugo,Reformer,Victoria Schafter,0,0,True,disponible,2026-06-01 20:40
70325336745960,2026-06-11,Jeudi,13:00,13:50,DNA Yvon Villarceau,Reformer,Soudi Zargham,0,0,True,disponible,2026-06-01 20:40
70325336760880,2026-06-11,Jeudi,13:00,13:50,DNA Yvon Villarceau,Lagree,Nina Claro,0,0,True,disponible,2026-06-01 20:40
70325339562020,2026-06-11,Jeudi,13:30,14:15,DNA Victor Hugo,Lagree,Sarah Elfassy,0,0,True,disponible,2026-06-01 20:40
70325541995780,2026-06-11,Jeudi,13:30,14:20,DNA Victor Hugo,Reformer,Victoria Schafter,0,0,True,disponible,2026-06-01 20:40
70325340263740,2026-06-11,Jeudi,14:00,14:50,DNA Yvon Villarceau,Reformer,Soudi Zargham,0,0,True,disponible,2026-06-01 20:40
69866849524380,2026-06-11,Jeudi,14:30,15:20,DNA Victor Hugo,Reformer,Olivia Lamarre Reyner,0,0,True,disponible,2026-06-06 19:47
70325335618960,2026-06-11,Jeudi,15:00,15:50,DNA Yvon Villarceau,Lagree,Sarah Elfassy,0,0,True,disponible,2026-06-01 20:40
70325534492660,2026-06-11,Jeudi,15:00,15:50,DNA Yvon Villarceau,Reformer,Nina Claro,0,0,True,disponible,2026-06-01 20:40
69866849518080,2026-06-11,Jeudi,15:30,16:20,DNA Victor Hugo,Reformer,Olivia Lamarre Reyner,0,0,True,disponible,2026-06-06 19:47
70325534478160,2026-06-11,Jeudi,16:00,16:50,DNA Yvon Villarceau,Reformer,Nina Claro,0,0,True,disponible,2026-06-01 20:40
70325541095040,2026-06-11,Jeudi,16:00,16:50,DNA Yvon Villarceau,Lagree,Sarah Elfassy,0,0,True,disponible,2026-06-01 20:40
69866849545040,2026-06-11,Jeudi,16:30,17:20,DNA Victor Hugo,Reformer,Olivia Lamarre Reyner,0,0,True,disponible,2026-06-06 19:47
70325336732520,2026-06-11,Jeudi,17:00,17:50,DNA Yvon Villarceau,Reformer,Nina Claro,0,0,True,disponible,2026-06-01 20:40
70325336738780,2026-06-11,Jeudi,17:00,17:50,DNA Yvon Villarceau,Lagree,Jade C,0,0,True,disponible,2026-06-01 20:40
70325339097400,2026-06-11,Jeudi,17:30,18:15,DNA Victor Hugo,Lagree,Victoria Schafter,0,0,True,disponible,2026-06-01 20:40
70325542390800,2026-06-11,Jeudi,17:30,18:20,DNA Victor Hugo,Reformer,Charlie DMC (Suppléant),0,0,True,disponible,2026-06-01 20:40
70325336716760,2026-06-11,Jeudi,18:00,18:50,DNA Yvon Villarceau,Reformer,Nina Claro,0,0,True,disponible,2026-06-01 20:40
70325336724960,2026-06-11,Jeudi,18:00,18:50,DNA Yvon Villarceau,Lagree,Jade C,0,0,True,disponible,2026-06-01 20:40
70325534593380,2026-06-11,Jeudi,18:30,19:15,DNA Victor Hugo,Lagree,Victoria Schafter,0,0,True,disponible,2026-06-01 20:40
70325542375980,2026-06-11,Jeudi,18:30,19:20,DNA Victor Hugo,Reformer,Charlie DMC (Suppléant),0,0,True,disponible,2026-06-01 20:40
70325336709880,2026-06-11,Jeudi,19:00,19:50,DNA Yvon Villarceau,Lagree,Jade C,0,0,True,disponible,2026-06-01 20:40
70325534443140,2026-06-11,Jeudi,19:00,19:50,DNA Yvon Villarceau,Reformer,Eve Lacroix,0,0,True,disponible,2026-06-01 20:40
70325534586880,2026-06-11,Jeudi,19:30,20:15,DNA Victor Hugo,Lagree,Victoria Schafter,0,0,True,disponible,2026-06-01 20:40
70325542368060,2026-06-11,Jeudi,19:30,20:20,DNA Victor Hugo,Reformer,Charlie DMC (Suppléant),0,0,True,disponible,2026-06-01 20:40
70325336703540,2026-06-11,Jeudi,20:00,20:50,DNA Yvon Villarceau,Lagree,Jade C,0,0,True,disponible,2026-06-01 20:40
70325534428520,2026-06-11,Jeudi,20:00,20:50,DNA Yvon Villarceau,Reformer,Eve Lacroix,0,0,True,disponible,2026-06-01 20:40
70325534331500,2026-06-11,Jeudi,20:30,21:20,DNA Victor Hugo,Lagree,Victoria Schafter,0,0,True,disponible,2026-06-01 20:40
70325534415100,2026-06-11,Jeudi,21:00,21:50,DNA Yvon Villarceau,Reformer,Eve Lacroix,0,0,True,disponible,2026-06-01 20:40
70325336696640,2026-06-12,Vendredi,08:00,08:50,DNA Yvon Villarceau,Lagree,Nina Claro,0,0,True,disponible,2026-06-01 20:40
70325340156560,2026-06-12,Vendredi,08:00,08:50,DNA Yvon Villarceau,Reformer,Eve Lacroix,0,0,True,disponible,2026-06-01 20:40
70325340078780,2026-06-12,Vendredi,08:30,09:15,DNA Victor Hugo,Lagree,Ela Anastasia,0,0,True,disponible,2026-06-01 20:40
70325542242680,2026-06-12,Vendredi,08:30,09:20,DNA Victor Hugo,Reformer,Soudi Zargham,0,0,True,disponible,2026-06-01 20:40
70325336551320,2026-06-12,Vendredi,09:00,09:50,DNA Yvon Villarceau,Lagree,Nina Claro,0,0,True,disponible,2026-06-01 20:40
70325340149220,2026-06-12,Vendredi,09:00,09:50,DNA Yvon Villarceau,Reformer,Eve Lacroix,0,0,True,disponible,2026-06-01 20:40
70325340072340,2026-06-12,Vendredi,09:30,10:15,DNA Victor Hugo,Lagree,Ela Anastasia,0,0,True,disponible,2026-06-01 20:40
70325542229100,2026-06-12,Vendredi,09:30,10:20,DNA Victor Hugo,Reformer,Soudi Zargham,0,0,True,disponible,2026-06-01 20:40
70325336544040,2026-06-12,Vendredi,10:00,10:50,DNA Yvon Villarceau,Lagree,Nina Claro,0,0,True,disponible,2026-06-01 20:40
70325340142660,2026-06-12,Vendredi,10:00,10:50,DNA Yvon Villarceau,Reformer,Eve Lacroix,0,0,True,disponible,2026-06-01 20:40
70325340063480,2026-06-12,Vendredi,10:30,11:15,DNA Victor Hugo,Lagree,Ela Anastasia,0,0,True,disponible,2026-06-01 20:40
70325335603220,2026-06-12,Vendredi,11:00,11:50,DNA Yvon Villarceau,Lagree,Nina Claro,0,0,True,disponible,2026-06-01 20:40
70325340132800,2026-06-12,Vendredi,11:00,11:50,DNA Yvon Villarceau,Reformer,Eve Lacroix,0,0,True,disponible,2026-06-01 20:40
70325542048420,2026-06-12,Vendredi,11:30,12:15,DNA Victor Hugo,Lagree,Ela Anastasia (Suppléant),0,0,True,disponible,2026-06-01 20:40
70325542083420,2026-06-12,Vendredi,11:30,12:20,DNA Victor Hugo,Reformer,Victoria Schafter,0,0,True,disponible,2026-06-01 20:40
70325336535280,2026-06-12,Vendredi,12:00,12:50,DNA Yvon Villarceau,Lagree,Nina Claro,0,0,True,disponible,2026-06-01 20:40
70325340126800,2026-06-12,Vendredi,12:00,12:50,DNA Yvon Villarceau,Reformer,Eve Lacroix,0,0,True,disponible,2026-06-01 20:40
70325542033800,2026-06-12,Vendredi,12:30,13:15,DNA Victor Hugo,Lagree,Ela Anastasia (Suppléant),0,0,True,disponible,2026-06-01 20:40
70325542077820,2026-06-12,Vendredi,12:30,13:20,DNA Victor Hugo,Reformer,Victoria Schafter,0,0,True,disponible,2026-06-01 20:40
70325336620700,2026-06-12,Vendredi,13:00,13:50,DNA Yvon Villarceau,Lagree,Nina Claro,0,0,True,disponible,2026-06-01 20:40
70325340120180,2026-06-12,Vendredi,13:00,13:50,DNA Yvon Villarceau,Reformer,Eve Lacroix,0,0,True,disponible,2026-06-01 20:40
70325534236440,2026-06-12,Vendredi,13:30,14:20,DNA Victor Hugo,Reformer,Victoria Schafter,0,0,True,disponible,2026-06-01 20:40
70325339276500,2026-06-12,Vendredi,15:00,15:50,DNA Yvon Villarceau,Lagree,isis Magnin (Suppléant),0,0,True,disponible,2026-06-01 20:40
70325339269620,2026-06-12,Vendredi,16:00,16:50,DNA Yvon Villarceau,Lagree,isis Magnin (Suppléant),0,0,True,disponible,2026-06-01 20:40
70243479074440,2026-06-12,Vendredi,16:30,17:20,DNA Victor Hugo,Lagree,Mathilde Lafont,0,0,True,disponible,2026-06-10 13:58
70325541720180,2026-06-12,Vendredi,17:00,17:50,DNA Yvon Villarceau,Reformer,Chloe Graeffly,0,0,True,disponible,2026-06-01 20:40
70325542113580,2026-06-12,Vendredi,17:00,17:50,DNA Yvon Villarceau,Lagree,isis Magnin (Suppléant),0,0,True,disponible,2026-06-01 20:40
70243479058920,2026-06-12,Vendredi,17:30,18:20,DNA Victor Hugo,Lagree,Mathilde Lafont,0,0,True,disponible,2026-06-10 13:58
70325534214420,2026-06-12,Vendredi,17:30,18:20,DNA Victor Hugo,Reformer,Victoria Schafter,0,0,True,disponible,2026-06-01 20:40
70325541180760,2026-06-12,Vendredi,18:00,18:50,DNA Yvon Villarceau,Lagree,Daphne Sulowski,0,0,True,disponible,2026-06-01 20:40
70325541705000,2026-06-12,Vendredi,18:00,18:50,DNA Yvon Villarceau,Reformer,Chloe Graeffly,0,0,True,disponible,2026-06-01 20:40
70325340056020,2026-06-12,Vendredi,18:30,19:15,DNA Victor Hugo,Lagree,Mathilde Lafont,0,0,True,disponible,2026-06-01 20:40
70325534230320,2026-06-12,Vendredi,18:30,19:20,DNA Victor Hugo,Reformer,Victoria Schafter,0,0,True,disponible,2026-06-01 20:40
70325339817840,2026-06-12,Vendredi,19:00,19:50,DNA Yvon Villarceau,Reformer,Eve Lacroix,0,0,True,disponible,2026-06-01 20:40
70325541149200,2026-06-12,Vendredi,19:00,19:50,DNA Yvon Villarceau,Lagree,Daphne Sulowski,0,0,True,disponible,2026-06-01 20:40
70325340049540,2026-06-12,Vendredi,19:30,20:15,DNA Victor Hugo,Lagree,Mathilde Lafont,0,0,True,disponible,2026-06-01 20:40
70325542063720,2026-06-12,Vendredi,19:30,20:20,DNA Victor Hugo,Reformer,Victoria Schafter,0,0,True,disponible,2026-06-01 20:40
70325339403800,2026-06-12,Vendredi,20:00,20:50,DNA Yvon Villarceau,Reformer,Eve Lacroix,0,0,True,disponible,2026-06-01 20:40
70325542098500,2026-06-12,Vendredi,20:00,20:50,DNA Yvon Villarceau,Lagree,Daphne Sulowski,0,0,True,disponible,2026-06-01 20:40
70325541550340,2026-06-12,Vendredi,21:00,21:50,DNA Yvon Villarceau,Reformer,Eve Lacroix,0,0,True,inconnu,2026-06-01 20:40
70325336625940,2026-06-13,Samedi,08:00,09:00,DNA Yvon Villarceau,Lagree,Alice Amat,0,0,True,inconnu,2026-06-01 20:40
70325340256860,2026-06-13,Samedi,09:00,09:50,DNA Yvon Villarceau,Reformer,Eve Lacroix (Suppléant),0,0,True,disponible,2026-06-01 20:40
70325534463840,2026-06-13,Samedi,09:00,09:50,DNA Yvon Villarceau,Lagree,Vanessa Slomka,0,0,True,disponible,2026-06-01 20:40
70325340041600,2026-06-13,Samedi,09:30,10:15,DNA Victor Hugo,Lagree,Nina Claro,0,0,True,disponible,2026-06-01 20:40
70325541689380,2026-06-13,Samedi,09:30,10:20,DNA Victor Hugo,Reformer,Chloe Graeffly,0,0,True,disponible,2026-06-01 20:40
70325340246420,2026-06-13,Samedi,10:00,10:50,DNA Yvon Villarceau,Reformer,Eve Lacroix (Suppléant),0,0,True,disponible,2026-06-01 20:40
70325534449600,2026-06-13,Samedi,10:00,10:50,DNA Yvon Villarceau,Lagree,Vanessa Slomka,0,0,True,disponible,2026-06-01 20:40
70325340034460,2026-06-13,Samedi,10:30,11:15,DNA Victor Hugo,Lagree,Nina Claro,0,0,True,disponible,2026-06-01 20:40
70325541674640,2026-06-13,Samedi,10:30,11:20,DNA Victor Hugo,Reformer,Chloe Graeffly,0,0,True,disponible,2026-06-01 20:40
70325339778000,2026-06-13,Samedi,11:00,11:50,DNA Yvon Villarceau,Lagree,Vanessa Slomka,0,0,True,disponible,2026-06-01 20:40
70325340239740,2026-06-13,Samedi,11:00,11:50,DNA Yvon Villarceau,Reformer,Eve Lacroix (Suppléant),0,0,True,disponible,2026-06-01 20:40
70325340027980,2026-06-13,Samedi,11:30,12:15,DNA Victor Hugo,Lagree,Nina Claro,0,0,True,disponible,2026-06-01 20:40
70325541657960,2026-06-13,Samedi,11:30,12:20,DNA Victor Hugo,Reformer,Chloe Graeffly,0,0,True,disponible,2026-06-01 20:40
70325339772480,2026-06-13,Samedi,12:00,12:50,DNA Yvon Villarceau,Lagree,Vanessa Slomka,0,0,True,disponible,2026-06-01 20:40
70325340233780,2026-06-13,Samedi,12:00,12:50,DNA Yvon Villarceau,Reformer,Eve Lacroix (Suppléant),0,0,True,disponible,2026-06-01 20:40
70325541544260,2026-06-13,Samedi,12:30,13:20,DNA Victor Hugo,Reformer,Chloe Graeffly,0,0,True,disponible,2026-06-01 20:40
70325541980360,2026-06-13,Samedi,12:30,13:15,DNA Victor Hugo,Lagree,Hala Takkiedine,0,0,True,disponible,2026-06-01 20:40
70325339767240,2026-06-13,Samedi,13:00,13:50,DNA Yvon Villarceau,Lagree,Vanessa Slomka,0,0,True,disponible,2026-06-01 20:40
70325340201340,2026-06-13,Samedi,13:00,13:50,DNA Yvon Villarceau,Reformer,Eve Lacroix (Suppléant),0,0,True,disponible,2026-06-01 20:40
70325541652520,2026-06-13,Samedi,13:30,14:20,DNA Victor Hugo,Reformer,Chloe Graeffly,0,0,True,disponible,2026-06-01 20:40
70325541966080,2026-06-13,Samedi,13:30,14:15,DNA Victor Hugo,Lagree,Hala Takkiedine,0,0,True,disponible,2026-06-01 20:40
70325335613700,2026-06-13,Samedi,14:00,14:50,DNA Yvon Villarceau,Reformer,Nina Claro,0,0,True,disponible,2026-06-01 20:40
70325541116620,2026-06-13,Samedi,14:00,14:50,DNA Yvon Villarceau,Lagree,Lucrezia Amerio,0,0,True,disponible,2026-06-01 20:40
70325540981880,2026-06-13,Samedi,14:30,15:20,DNA Victor Hugo,Reformer,Olivia Lamarre Reyner,0,0,True,disponible,2026-06-01 20:40
70325541952140,2026-06-13,Samedi,14:30,15:15,DNA Victor Hugo,Lagree,Hala Takkiedine,0,0,True,disponible,2026-06-01 20:40
70325335608380,2026-06-13,Samedi,15:00,15:50,DNA Yvon Villarceau,Reformer,Nina Claro,0,0,True,disponible,2026-06-01 20:40
70325541101100,2026-06-13,Samedi,15:00,15:50,DNA Yvon Villarceau,Lagree,Lucrezia Amerio,0,0,True,disponible,2026-06-01 20:40
70325540968240,2026-06-13,Samedi,15:30,16:20,DNA Victor Hugo,Reformer,Olivia Lamarre Reyner,0,0,True,disponible,2026-06-01 20:40
70325336611040,2026-06-13,Samedi,16:00,16:50,DNA Yvon Villarceau,Reformer,Nina Claro,0,0,True,inconnu,2026-06-01 20:40
70325340225440,2026-06-13,Samedi,16:00,16:50,DNA Yvon Villarceau,Lagree,Nina Claro,0,0,True,disponible,2026-06-01 20:40
70325339448400,2026-06-13,Samedi,16:30,17:15,DNA Victor Hugo,Lagree,Joy Duquesne,0,0,True,disponible,2026-06-01 20:40
70325541528620,2026-06-13,Samedi,16:30,17:20,DNA Victor Hugo,Reformer,Lucrezia Amerio,0,0,True,disponible,2026-06-01 20:40
70325340219280,2026-06-13,Samedi,17:00,17:50,DNA Yvon Villarceau,Lagree,Nina Claro,0,0,True,disponible,2026-06-01 20:40
70325541786540,2026-06-13,Samedi,17:00,17:50,DNA Yvon Villarceau,Reformer,Chloe Graeffly,0,0,True,disponible,2026-06-01 20:40
70325339441060,2026-06-13,Samedi,17:30,18:15,DNA Victor Hugo,Lagree,Joy Duquesne,0,0,True,disponible,2026-06-01 20:40
70325541456360,2026-06-13,Samedi,17:30,18:20,DNA Victor Hugo,Reformer,Lucrezia Amerio,0,0,True,disponible,2026-06-01 20:40
70325340213540,2026-06-13,Samedi,18:00,18:50,DNA Yvon Villarceau,Lagree,Nina Claro,0,0,True,disponible,2026-06-01 20:40
70325541772140,2026-06-13,Samedi,18:00,18:50,DNA Yvon Villarceau,Reformer,Chloe Graeffly,0,0,True,disponible,2026-06-01 20:40
70325339433920,2026-06-13,Samedi,18:30,19:15,DNA Victor Hugo,Lagree,Joy Duquesne,0,0,True,disponible,2026-06-01 20:40
70325541441040,2026-06-13,Samedi,18:30,19:20,DNA Victor Hugo,Reformer,Lucrezia Amerio,0,0,True,disponible,2026-06-01 20:40
70325340273900,2026-06-13,Samedi,19:00,19:50,DNA Yvon Villarceau,Lagree,Nina Claro,0,0,True,disponible,2026-06-01 20:40
70325541736500,2026-06-13,Samedi,19:00,19:50,DNA Yvon Villarceau,Reformer,Chloe Graeffly,0,0,True,disponible,2026-06-01 20:40
70325339426140,2026-06-13,Samedi,19:30,20:15,DNA Victor Hugo,Lagree,Joy Duquesne,0,0,True,disponible,2026-06-01 20:40
70325541425240,2026-06-13,Samedi,19:30,20:20,DNA Victor Hugo,Reformer,Lucrezia Amerio,0,0,True,disponible,2026-06-01 20:40
70325336602920,2026-06-14,Dimanche,09:00,09:50,DNA Yvon Villarceau,Lagree,Nina Claro,0,0,True,disponible,2026-06-01 20:40
70325340195620,2026-06-14,Dimanche,09:00,09:50,DNA Yvon Villarceau,Reformer,Eve Lacroix,0,0,True,disponible,2026-06-01 20:40
70325339651000,2026-06-14,Dimanche,09:30,10:15,DNA Victor Hugo,Lagree,Ela Anastasia,0,0,True,disponible,2026-06-01 20:40
70325541931740,2026-06-14,Dimanche,09:30,10:20,DNA Victor Hugo,Reformer,Cecilia Pinto,0,0,True,disponible,2026-06-01 20:40
70325336596040,2026-06-14,Dimanche,10:00,10:50,DNA Yvon Villarceau,Lagree,Nina Claro,0,0,True,disponible,2026-06-01 20:40
70325340189620,2026-06-14,Dimanche,10:00,10:50,DNA Yvon Villarceau,Reformer,Eve Lacroix,0,0,True,disponible,2026-06-01 20:40
70325339643220,2026-06-14,Dimanche,10:30,11:15,DNA Victor Hugo,Lagree,Ela Anastasia,0,0,True,disponible,2026-06-01 20:40
70325541917740,2026-06-14,Dimanche,10:30,11:20,DNA Victor Hugo,Reformer,Cecilia Pinto,0,0,True,disponible,2026-06-01 20:40
70325336588340,2026-06-14,Dimanche,11:00,11:50,DNA Yvon Villarceau,Lagree,Nina Claro,0,0,True,disponible,2026-06-01 20:40
70325340181380,2026-06-14,Dimanche,11:00,11:50,DNA Yvon Villarceau,Reformer,Eve Lacroix,0,0,True,disponible,2026-06-01 20:40
70325339634940,2026-06-14,Dimanche,11:30,12:15,DNA Victor Hugo,Lagree,Ela Anastasia,0,0,True,disponible,2026-06-01 20:40
70325541902540,2026-06-14,Dimanche,11:30,12:20,DNA Victor Hugo,Reformer,Cecilia Pinto,0,0,True,disponible,2026-06-01 20:40
70325336581360,2026-06-14,Dimanche,12:00,12:50,DNA Yvon Villarceau,Lagree,Nina Claro,0,0,True,disponible,2026-06-01 20:40
70325340175040,2026-06-14,Dimanche,12:00,12:50,DNA Yvon Villarceau,Reformer,Eve Lacroix,0,0,True,disponible,2026-06-01 20:40
70325339627980,2026-06-14,Dimanche,12:30,13:15,DNA Victor Hugo,Lagree,Mathilde Lafont,0,0,True,disponible,2026-06-01 20:40
70325541887520,2026-06-14,Dimanche,12:30,13:20,DNA Victor Hugo,Reformer,Cecilia Pinto,0,0,True,disponible,2026-06-01 20:40
70325336574120,2026-06-14,Dimanche,13:00,13:50,DNA Yvon Villarceau,Lagree,Nina Claro,0,0,True,disponible,2026-06-01 20:40
70325340168900,2026-06-14,Dimanche,13:00,13:50,DNA Yvon Villarceau,Reformer,Eve Lacroix,0,0,True,disponible,2026-06-01 20:40
70325339619260,2026-06-14,Dimanche,13:30,14:15,DNA Victor Hugo,Lagree,Mathilde Lafont,0,0,True,disponible,2026-06-01 20:40
70325340162280,2026-06-14,Dimanche,14:00,14:50,DNA Yvon Villarceau,Reformer,Eve Lacroix,0,0,True,disponible,2026-06-01 20:40
70325340332300,2026-06-14,Dimanche,14:00,14:50,DNA Yvon Villarceau,Lagree,Nina Claro,0,0,True,disponible,2026-06-01 20:40
70325339614060,2026-06-14,Dimanche,14:30,15:15,DNA Victor Hugo,Lagree,Mathilde Lafont,0,0,True,disponible,2026-06-01 20:40
70325541049280,2026-06-14,Dimanche,15:00,15:50,DNA Yvon Villarceau,Reformer,Olivia Lamarre Reyner,0,0,True,disponible,2026-06-01 20:40
70325339603660,2026-06-14,Dimanche,15:30,16:15,DNA Victor Hugo,Lagree,Mathilde Lafont,0,0,True,disponible,2026-06-01 20:40
70325339704420,2026-06-14,Dimanche,16:00,16:50,DNA Yvon Villarceau,Lagree,Catrin Karlson English class,0,0,True,disponible,2026-06-01 20:40
70325541018620,2026-06-14,Dimanche,16:00,16:50,DNA Yvon Villarceau,Reformer,Olivia Lamarre Reyner,0,0,True,disponible,2026-06-01 20:40
70325339509400,2026-06-14,Dimanche,17:00,17:50,DNA Yvon Villarceau,Lagree,Catrin Karlson English class,0,0,True,disponible,2026-06-01 20:40
70325541012680,2026-06-14,Dimanche,17:00,17:50,DNA Yvon Villarceau,Reformer,Olivia Lamarre Reyner,0,0,True,disponible,2026-06-01 20:40
70325541756820,2026-06-14,Dimanche,17:30,18:20,DNA Victor Hugo,Reformer,Chloe Graeffly,0,0,True,disponible,2026-06-01 20:40
70325339469840,2026-06-14,Dimanche,18:00,18:50,DNA Yvon Villarceau,Lagree,Catrin Karlson English class,0,0,True,disponible,2026-06-01 20:40
70325534408880,2026-06-14,Dimanche,18:00,18:50,DNA Yvon Villarceau,Reformer,Marie De Saint Simon,0,0,True,disponible,2026-06-01 20:40
70325339417220,2026-06-14,Dimanche,18:30,19:15,DNA Victor Hugo,Lagree,Joy Duquesne,0,0,True,disponible,2026-06-01 20:40
70325541751160,2026-06-14,Dimanche,18:30,19:20,DNA Victor Hugo,Reformer,Chloe Graeffly,0,0,True,disponible,2026-06-01 20:40
70325339455420,2026-06-14,Dimanche,19:00,19:50,DNA Yvon Villarceau,Lagree,Catrin Karlson English class,0,0,True,disponible,2026-06-01 20:40
70325534395200,2026-06-14,Dimanche,19:00,19:50,DNA Yvon Villarceau,Reformer,Marie De Saint Simon,0,0,True,disponible,2026-06-01 20:40
70325339411000,2026-06-14,Dimanche,19:30,20:15,DNA Victor Hugo,Lagree,Joy Duquesne,0,0,True,disponible,2026-06-01 20:40
46932538619600,2026-06-15,Lundi,08:00,08:50,DNA Yvon Villarceau,Reformer,Rebecca Raccah,0,0,True,disponible,2026-06-01 20:40
70248949873320,2026-06-15,Lundi,08:00,08:50,DNA Yvon Villarceau,Lagree,Ela Anastasia,0,0,True,disponible,2026-06-01 20:40
46932634665400,2026-06-15,Lundi,08:30,09:20,DNA Victor Hugo,Lagree,Melody Naggar,0,0,True,disponible,2026-06-01 20:40
70248925358860,2026-06-15,Lundi,08:30,09:20,DNA Victor Hugo,Reformer,Joy Duquesne,0,0,True,disponible,2026-06-01 20:40
46932544979980,2026-06-15,Lundi,09:00,09:50,DNA Yvon Villarceau,Reformer,Rebecca Raccah,0,0,True,disponible,2026-06-01 20:40
70248663857620,2026-06-15,Lundi,09:00,09:50,DNA Yvon Villarceau,Lagree,Ela Anastasia,0,0,True,disponible,2026-06-01 20:40
46932634642860,2026-06-15,Lundi,09:30,10:20,DNA Victor Hugo,Lagree,Melody Naggar,0,0,True,disponible,2026-06-01 20:40
70248925311820,2026-06-15,Lundi,09:30,10:20,DNA Victor Hugo,Reformer,Joy Duquesne,0,0,True,disponible,2026-06-01 20:40
46932544814920,2026-06-15,Lundi,10:00,10:50,DNA Yvon Villarceau,Reformer,Rebecca Raccah,0,0,True,disponible,2026-06-01 20:40
46932544902040,2026-06-15,Lundi,10:00,10:50,DNA Yvon Villarceau,Lagree,Ela Anastasia,0,0,True,disponible,2026-06-01 20:40
46932634619980,2026-06-15,Lundi,10:30,11:20,DNA Victor Hugo,Lagree,Melody Naggar,0,0,True,disponible,2026-06-01 20:40
70248925273060,2026-06-15,Lundi,10:30,11:20,DNA Victor Hugo,Reformer,Joy Duquesne,0,0,True,disponible,2026-06-01 20:40
46932542503040,2026-06-15,Lundi,11:00,11:50,DNA Yvon Villarceau,Reformer,Rebecca Raccah,0,0,True,disponible,2026-06-01 20:40
70248663851860,2026-06-15,Lundi,11:00,11:50,DNA Yvon Villarceau,Lagree,Ela Anastasia,0,0,True,disponible,2026-06-01 20:40
70248925265940,2026-06-15,Lundi,11:30,12:20,DNA Victor Hugo,Reformer,Carla B,0,0,True,disponible,2026-06-01 20:40
70248930819560,2026-06-15,Lundi,11:30,12:15,DNA Victor Hugo,Lagree,Sarah Elfassy,0,0,True,disponible,2026-06-01 20:40
70248937995880,2026-06-15,Lundi,12:00,12:50,DNA Yvon Villarceau,Lagree,Catrin Karlson English class,0,0,True,disponible,2026-06-01 20:40
70248950247260,2026-06-15,Lundi,12:00,12:50,DNA Yvon Villarceau,Reformer,Charlie DMC,0,0,True,disponible,2026-06-01 20:40
70248925225880,2026-06-15,Lundi,12:30,13:20,DNA Victor Hugo,Reformer,Carla B,0,0,True,disponible,2026-06-01 20:40
70248930859480,2026-06-15,Lundi,12:30,13:15,DNA Victor Hugo,Lagree,Sarah Elfassy,0,0,True,disponible,2026-06-01 20:40
70248903798100,2026-06-15,Lundi,13:00,13:50,DNA Yvon Villarceau,Lagree,Catrin Karlson English class,0,0,True,disponible,2026-06-01 20:40
70248950381100,2026-06-15,Lundi,13:00,13:50,DNA Yvon Villarceau,Reformer,Charlie DMC,0,0,True,disponible,2026-06-01 20:40
70248924994380,2026-06-15,Lundi,13:30,14:20,DNA Victor Hugo,Lagree,Sarah Elfassy,0,0,True,disponible,2026-06-01 20:40
70248925195180,2026-06-15,Lundi,13:30,14:20,DNA Victor Hugo,Reformer,Carla B,0,0,True,disponible,2026-06-01 20:40
70248902890300,2026-06-15,Lundi,14:00,14:50,DNA Yvon Villarceau,Lagree,Catrin Karlson English class,0,0,True,disponible,2026-06-01 20:40
70248928955740,2026-06-15,Lundi,14:00,14:50,DNA Yvon Villarceau,Reformer,Charlie DMC,0,0,True,disponible,2026-06-01 20:40
70248924988180,2026-06-15,Lundi,14:30,15:20,DNA Victor Hugo,Reformer,Sarah Elfassy,0,0,True,disponible,2026-06-01 20:40
70248930812520,2026-06-15,Lundi,15:00,15:50,DNA Yvon Villarceau,Lagree,Ela Anastasia,0,0,True,disponible,2026-06-01 20:40
70248924949060,2026-06-15,Lundi,15:30,16:20,DNA Victor Hugo,Reformer,Sarah Elfassy,0,0,True,disponible,2026-06-01 20:40
70248930787720,2026-06-15,Lundi,16:00,16:50,DNA Yvon Villarceau,Lagree,Ela Anastasia,0,0,True,disponible,2026-06-01 20:40
70248950375740,2026-06-15,Lundi,16:00,16:50,DNA Yvon Villarceau,Reformer,Charlie DMC,0,0,True,disponible,2026-06-01 20:40
46932542425580,2026-06-15,Lundi,17:00,17:50,DNA Yvon Villarceau,Lagree,Jade C,0,0,True,disponible,2026-06-01 20:40
70248951236880,2026-06-15,Lundi,17:00,17:50,DNA Yvon Villarceau,Reformer,Charlie DMC,0,0,True,disponible,2026-06-01 20:40
70248923723000,2026-06-15,Lundi,17:30,18:15,DNA Victor Hugo,Lagree,Carla B,0,0,True,disponible,2026-06-01 20:40
70248925086120,2026-06-15,Lundi,17:30,18:20,DNA Victor Hugo,Reformer,Rebecca Raccah,0,0,True,disponible,2026-06-01 20:40
46932542228880,2026-06-15,Lundi,18:00,18:50,DNA Yvon Villarceau,Lagree,Jade C,0,0,True,disponible,2026-06-01 20:40
70248938341260,2026-06-15,Lundi,18:00,18:50,DNA Yvon Villarceau,Reformer,Charlie DMC,0,0,True,disponible,2026-06-01 20:40
70248925056020,2026-06-15,Lundi,18:30,19:20,DNA Victor Hugo,Reformer,Rebecca Raccah,0,0,True,disponible,2026-06-01 20:40
70248939616840,2026-06-15,Lundi,18:30,19:15,DNA Victor Hugo,Lagree,Carla B,0,0,True,disponible,2026-06-01 20:40
46932542064100,2026-06-15,Lundi,19:00,19:50,DNA Yvon Villarceau,Lagree,Jade C,0,0,True,disponible,2026-06-01 20:40
70248928639020,2026-06-15,Lundi,19:00,19:50,DNA Yvon Villarceau,Reformer,Marie De Saint Simon,0,0,True,disponible,2026-06-01 20:40
70248925024800,2026-06-15,Lundi,19:30,20:20,DNA Victor Hugo,Reformer,Rebecca Raccah,0,0,True,disponible,2026-06-01 20:40
70248938984660,2026-06-15,Lundi,19:30,20:15,DNA Victor Hugo,Lagree,Catrin Karlson English class,0,0,True,disponible,2026-06-01 20:40
46932541855260,2026-06-15,Lundi,20:00,20:50,DNA Yvon Villarceau,Lagree,Jade C,0,0,True,disponible,2026-06-01 20:40
70248928638980,2026-06-15,Lundi,20:00,20:50,DNA Yvon Villarceau,Reformer,Marie De Saint Simon,0,0,True,disponible,2026-06-01 20:40
70248938427700,2026-06-15,Lundi,20:30,21:15,DNA Victor Hugo,Lagree,Catrin Karlson English class,0,0,True,disponible,2026-06-01 20:40
70248928602740,2026-06-15,Lundi,21:00,21:50,DNA Yvon Villarceau,Reformer,Marie De Saint Simon,0,0,True,disponible,2026-06-01 20:40
70248926591580,2026-06-16,Mardi,08:00,08:50,DNA Yvon Villarceau,Lagree,Victoria Schafter,0,0,True,disponible,2026-06-01 20:40
70248938301920,2026-06-16,Mardi,08:00,08:50,DNA Yvon Villarceau,Reformer,Charlie DMC,0,0,True,disponible,2026-06-01 20:40
46932634596640,2026-06-16,Mardi,08:30,09:20,DNA Victor Hugo,Lagree,Melody Naggar,0,0,True,disponible,2026-06-01 20:40
70248924843260,2026-06-16,Mardi,08:30,09:20,DNA Victor Hugo,Reformer,Eve Lacroix,0,0,True,disponible,2026-06-01 20:40
70248926585440,2026-06-16,Mardi,09:00,09:50,DNA Yvon Villarceau,Lagree,Victoria Schafter,0,0,True,disponible,2026-06-01 20:40
70248938205520,2026-06-16,Mardi,09:00,09:50,DNA Yvon Villarceau,Reformer,Charlie DMC,0,0,True,disponible,2026-06-01 20:40
46932634573860,2026-06-16,Mardi,09:30,10:20,DNA Victor Hugo,Lagree,Melody Naggar,0,0,True,disponible,2026-06-01 20:40
70248924812380,2026-06-16,Mardi,09:30,10:20,DNA Victor Hugo,Reformer,Eve Lacroix,0,0,True,disponible,2026-06-01 20:40
70248926533760,2026-06-16,Mardi,10:00,10:50,DNA Yvon Villarceau,Lagree,Victoria Schafter,0,0,True,disponible,2026-06-01 20:40
70248938150120,2026-06-16,Mardi,10:00,10:50,DNA Yvon Villarceau,Reformer,Charlie DMC,0,0,True,disponible,2026-06-01 20:40
70248924782180,2026-06-16,Mardi,10:30,11:20,DNA Victor Hugo,Reformer,Eve Lacroix,0,0,True,disponible,2026-06-01 20:40
70248928099300,2026-06-16,Mardi,10:30,11:15,DNA Victor Hugo,Lagree,Leann Mroueh,0,0,True,disponible,2026-06-01 20:40
46932541679960,2026-06-16,Mardi,11:00,11:50,DNA Yvon Villarceau,Reformer,Soudi Zargham,0,0,True,disponible,2026-06-01 20:40
70248665747900,2026-06-16,Mardi,11:00,11:50,DNA Yvon Villarceau,Lagree,Carla B,0,0,True,disponible,2026-06-01 20:40
70248924776380,2026-06-16,Mardi,11:30,12:20,DNA Victor Hugo,Reformer,Eve Lacroix,0,0,True,disponible,2026-06-01 20:40
70248928093180,2026-06-16,Mardi,11:30,12:15,DNA Victor Hugo,Lagree,Leann Mroueh,0,0,True,disponible,2026-06-01 20:40
46932541465100,2026-06-16,Mardi,12:00,12:50,DNA Yvon Villarceau,Reformer,Soudi Zargham,0,0,True,disponible,2026-06-01 20:40
70248927150320,2026-06-16,Mardi,12:00,12:50,DNA Yvon Villarceau,Lagree,Carla B,0,0,True,disponible,2026-06-01 20:40
70248924745380,2026-06-16,Mardi,12:30,13:20,DNA Victor Hugo,Reformer,Eve Lacroix,0,0,True,disponible,2026-06-01 20:40
70248927620760,2026-06-16,Mardi,12:30,13:15,DNA Victor Hugo,Lagree,Leann Mroueh,0,0,True,disponible,2026-06-01 20:40
46932541337900,2026-06-16,Mardi,13:00,13:50,DNA Yvon Villarceau,Reformer,Soudi Zargham,0,0,True,disponible,2026-06-01 20:40
70248926849960,2026-06-16,Mardi,13:00,13:50,DNA Yvon Villarceau,Lagree,Carla B,0,0,True,disponible,2026-06-01 20:40
70248924706380,2026-06-16,Mardi,13:30,14:20,DNA Victor Hugo,Reformer,Eve Lacroix,0,0,True,disponible,2026-06-01 20:40
70248927595220,2026-06-16,Mardi,13:30,14:15,DNA Victor Hugo,Lagree,Leann Mroueh,0,0,True,disponible,2026-06-01 20:40
70248907043880,2026-06-16,Mardi,14:00,14:50,DNA Yvon Villarceau,Lagree,Carla B,0,0,True,disponible,2026-06-01 20:40
46943947359040,2026-06-16,Mardi,14:30,15:20,DNA Victor Hugo,Reformer,Olivia Lamarre Reyner,0,0,True,disponible,2026-06-05 13:48
46943947319860,2026-06-16,Mardi,15:30,16:20,DNA Victor Hugo,Reformer,Olivia Lamarre Reyner,0,0,True,disponible,2026-06-05 13:48
70248928869820,2026-06-16,Mardi,16:00,16:50,DNA Yvon Villarceau,Reformer,Charlie DMC,0,0,True,disponible,2026-06-01 20:40
46943947272040,2026-06-16,Mardi,16:30,17:20,DNA Victor Hugo,Reformer,Olivia Lamarre Reyner,0,0,True,disponible,2026-06-05 13:48
70248928862940,2026-06-16,Mardi,17:00,17:50,DNA Yvon Villarceau,Reformer,Charlie DMC,0,0,True,disponible,2026-06-01 20:40
70248937962860,2026-06-16,Mardi,17:00,17:50,DNA Yvon Villarceau,Lagree,Carla B,0,0,True,disponible,2026-06-01 20:40
70248929981920,2026-06-16,Mardi,17:30,18:15,DNA Victor Hugo,Lagree,Leann Mroueh,0,0,True,disponible,2026-06-01 20:40
70248928823220,2026-06-16,Mardi,18:00,18:50,DNA Yvon Villarceau,Reformer,Charlie DMC,0,0,True,disponible,2026-06-01 20:40
70248937953040,2026-06-16,Mardi,18:00,18:50,DNA Yvon Villarceau,Lagree,Carla B,0,0,True,disponible,2026-06-01 20:40
70248924140180,2026-06-16,Mardi,18:30,19:20,DNA Victor Hugo,Reformer,Cecilia Pinto,0,0,True,disponible,2026-06-01 20:40
70248929810060,2026-06-16,Mardi,18:30,19:15,DNA Victor Hugo,Lagree,Leann Mroueh,0,0,True,disponible,2026-06-01 20:40
70248928922360,2026-06-16,Mardi,19:00,19:50,DNA Yvon Villarceau,Reformer,Eve Lacroix,0,0,True,disponible,2026-06-01 20:40
70248928999940,2026-06-16,Mardi,19:00,19:50,DNA Yvon Villarceau,Lagree,Calista Ruat,0,0,True,disponible,2026-06-01 20:40
70248924100840,2026-06-16,Mardi,19:30,20:20,DNA Victor Hugo,Reformer,Cecilia Pinto,0,0,True,disponible,2026-06-01 20:40
70248929746060,2026-06-16,Mardi,19:30,20:15,DNA Victor Hugo,Lagree,Leann Mroueh,0,0,True,disponible,2026-06-01 20:40
70248928907160,2026-06-16,Mardi,20:00,20:50,DNA Yvon Villarceau,Reformer,Eve Lacroix,0,0,True,disponible,2026-06-01 20:40
70248928979480,2026-06-16,Mardi,20:00,20:50,DNA Yvon Villarceau,Lagree,Calista Ruat,0,0,True,disponible,2026-06-01 20:40
70248924069640,2026-06-16,Mardi,20:30,21:20,DNA Victor Hugo,Reformer,Cecilia Pinto,0,0,True,disponible,2026-06-01 20:40
70248929676400,2026-06-16,Mardi,20:30,21:15,DNA Victor Hugo,Lagree,Leann Mroueh,0,0,True,disponible,2026-06-01 20:40
46932634426640,2026-06-16,Mardi,21:00,21:50,DNA Yvon Villarceau,Lagree,Calista Ruat,0,0,True,disponible,2026-06-01 20:40
70248928884600,2026-06-16,Mardi,21:00,21:50,DNA Yvon Villarceau,Reformer,Eve Lacroix,0,0,True,disponible,2026-06-01 20:40
70248953160760,2026-06-17,Mercredi,07:00,07:50,DNA Yvon Villarceau,Lagree,Kim Sarfati,0,0,True,inconnu,2026-06-01 20:40
46932538575340,2026-06-17,Mercredi,08:00,08:50,DNA Yvon Villarceau,Reformer,Rebecca Raccah,0,0,True,disponible,2026-06-01 20:40
70248666032920,2026-06-17,Mercredi,08:00,08:50,DNA Yvon Villarceau,Lagree,Ela Anastasia,0,0,True,disponible,2026-06-01 20:40
46932634568660,2026-06-17,Mercredi,08:30,09:20,DNA Victor Hugo,Lagree,Melody Naggar,0,0,True,disponible,2026-06-01 20:40
70248926124840,2026-06-17,Mercredi,08:30,09:20,DNA Victor Hugo,Reformer,Charlie DMC,0,0,True,disponible,2026-06-01 20:40
46932538563900,2026-06-17,Mercredi,09:00,09:50,DNA Yvon Villarceau,Reformer,Rebecca Raccah,0,0,True,disponible,2026-06-01 20:40
70248666011060,2026-06-17,Mercredi,09:00,09:50,DNA Yvon Villarceau,Lagree,Ela Anastasia,0,0,True,disponible,2026-06-01 20:40
46932634554860,2026-06-17,Mercredi,09:30,10:20,DNA Victor Hugo,Lagree,Melody Naggar,0,0,True,disponible,2026-06-01 20:40
70248926118320,2026-06-17,Mercredi,09:30,10:20,DNA Victor Hugo,Reformer,Charlie DMC,0,0,True,disponible,2026-06-01 20:40
46932541073900,2026-06-17,Mercredi,10:00,10:50,DNA Yvon Villarceau,Reformer,Rebecca Raccah,0,0,True,disponible,2026-06-01 20:40
46932541258400,2026-06-17,Mercredi,10:00,10:50,DNA Yvon Villarceau,Lagree,Ela Anastasia,0,0,True,disponible,2026-06-01 20:40
46932634529640,2026-06-17,Mercredi,10:30,11:20,DNA Victor Hugo,Lagree,Melody Naggar,0,0,True,disponible,2026-06-01 20:40
70248926087400,2026-06-17,Mercredi,10:30,11:20,DNA Victor Hugo,Reformer,Charlie DMC,0,0,True,disponible,2026-06-01 20:40
46932538699320,2026-06-17,Mercredi,11:00,11:50,DNA Yvon Villarceau,Reformer,Rebecca Raccah,0,0,True,disponible,2026-06-01 20:40
46932541015560,2026-06-17,Mercredi,11:00,11:50,DNA Yvon Villarceau,Lagree,Ela Anastasia,0,0,True,disponible,2026-06-01 20:40
70248924277560,2026-06-17,Mercredi,11:30,12:20,DNA Victor Hugo,Reformer,Charlie DMC,0,0,True,disponible,2026-06-01 20:40
70248926262660,2026-06-17,Mercredi,11:30,12:15,DNA Victor Hugo,Lagree,Victoria Schafter,0,0,True,disponible,2026-06-01 20:40
46932538673600,2026-06-17,Mercredi,12:00,12:50,DNA Yvon Villarceau,Reformer,Rebecca Raccah,0,0,True,disponible,2026-06-01 20:40
70248930726480,2026-06-17,Mercredi,12:00,12:50,DNA Yvon Villarceau,Lagree,Ela Anastasia,0,0,True,disponible,2026-06-01 20:40
70248926047840,2026-06-17,Mercredi,12:30,13:20,DNA Victor Hugo,Reformer,Charlie DMC,0,0,True,disponible,2026-06-01 20:40
70248926261220,2026-06-17,Mercredi,12:30,13:15,DNA Victor Hugo,Lagree,Victoria Schafter,0,0,True,disponible,2026-06-01 20:40
46932538656240,2026-06-17,Mercredi,13:00,13:50,DNA Yvon Villarceau,Reformer,Rebecca Raccah,0,0,True,disponible,2026-06-01 20:40
70248930683380,2026-06-17,Mercredi,13:00,13:50,DNA Yvon Villarceau,Lagree,Carla B,0,0,True,disponible,2026-06-01 20:40
70248926225280,2026-06-17,Mercredi,13:30,14:15,DNA Victor Hugo,Lagree,Victoria Schafter,0,0,True,disponible,2026-06-01 20:40
70248928792340,2026-06-17,Mercredi,14:00,14:50,DNA Yvon Villarceau,Reformer,Leann Mroueh,0,0,True,disponible,2026-06-01 20:40
70248937945180,2026-06-17,Mercredi,14:00,14:50,DNA Yvon Villarceau,Lagree,Carla B,0,0,True,disponible,2026-06-01 20:40
70248902875740,2026-06-17,Mercredi,14:30,15:20,DNA Victor Hugo,Reformer,Sarah Elfassy,0,0,True,disponible,2026-06-01 20:40
70248926195180,2026-06-17,Mercredi,14:30,15:15,DNA Victor Hugo,Lagree,Victoria Schafter,0,0,True,disponible,2026-06-01 20:40
70248928769240,2026-06-17,Mercredi,15:00,15:50,DNA Yvon Villarceau,Reformer,Leann Mroueh,0,0,True,disponible,2026-06-01 20:40
70248937853880,2026-06-17,Mercredi,15:00,15:50,DNA Yvon Villarceau,Lagree,Carla B,0,0,True,disponible,2026-06-01 20:40
70248902870660,2026-06-17,Mercredi,15:30,16:20,DNA Victor Hugo,Reformer,Sarah Elfassy,0,0,True,disponible,2026-06-01 20:40
70248928762380,2026-06-17,Mercredi,16:00,16:50,DNA Yvon Villarceau,Reformer,Leann Mroueh,0,0,True,disponible,2026-06-01 20:40
70248928701960,2026-06-17,Mercredi,17:00,17:50,DNA Yvon Villarceau,Reformer,Leann Mroueh,0,0,True,disponible,2026-06-01 20:40
70248936146660,2026-06-17,Mercredi,17:00,17:50,DNA Yvon Villarceau,Lagree,Ela Anastasia,0,0,True,disponible,2026-06-01 20:40
46932634732400,2026-06-17,Mercredi,17:30,18:15,DNA Victor Hugo,Lagree,Melody Naggar,0,0,True,disponible,2026-06-01 20:40
70248924062460,2026-06-17,Mercredi,17:30,18:20,DNA Victor Hugo,Reformer,Cecilia Pinto,0,0,True,disponible,2026-06-01 20:40
70248936081800,2026-06-17,Mercredi,18:00,18:50,DNA Yvon Villarceau,Lagree,Ela Anastasia,0,0,True,disponible,2026-06-01 20:40
70248938066480,2026-06-17,Mercredi,18:00,18:50,DNA Yvon Villarceau,Reformer,Charlie DMC,0,0,True,disponible,2026-06-01 20:40
46932634708660,2026-06-17,Mercredi,18:30,19:15,DNA Victor Hugo,Lagree,Melody Naggar,0,0,True,disponible,2026-06-01 20:40
70248924031920,2026-06-17,Mercredi,18:30,19:20,DNA Victor Hugo,Reformer,Cecilia Pinto,0,0,True,disponible,2026-06-01 20:40
70248931285420,2026-06-17,Mercredi,19:00,19:50,DNA Yvon Villarceau,Reformer,Charlie DMC,0,0,True,disponible,2026-06-01 20:40
70248935689760,2026-06-17,Mercredi,19:00,19:50,DNA Yvon Villarceau,Lagree,Ela Anastasia,0,0,True,disponible,2026-06-01 20:40
46932634685520,2026-06-17,Mercredi,19:30,20:15,DNA Victor Hugo,Lagree,Melody Naggar,0,0,True,disponible,2026-06-01 20:40
70248924001160,2026-06-17,Mercredi,19:30,20:20,DNA Victor Hugo,Reformer,Cecilia Pinto,0,0,True,disponible,2026-06-01 20:40
70248931022280,2026-06-17,Mercredi,20:00,20:50,DNA Yvon Villarceau,Lagree,Ela Anastasia,0,0,True,disponible,2026-06-01 20:40
70248938144200,2026-06-17,Mercredi,20:00,20:50,DNA Yvon Villarceau,Reformer,Eve Lacroix,0,0,True,disponible,2026-06-01 20:40
46932634671660,2026-06-17,Mercredi,20:30,21:20,DNA Victor Hugo,Lagree,Melody Naggar,0,0,True,disponible,2026-06-01 20:40
70248923028440,2026-06-17,Mercredi,20:30,21:20,DNA Victor Hugo,Reformer,Cecilia Pinto,0,0,True,disponible,2026-06-01 20:40
70248938105120,2026-06-17,Mercredi,21:00,21:50,DNA Yvon Villarceau,Reformer,Eve Lacroix,0,0,True,disponible,2026-06-01 20:40
46932634821620,2026-06-18,Jeudi,08:00,08:50,DNA Yvon Villarceau,Lagree,Melody Naggar,0,0,True,disponible,2026-06-01 20:40
70248950001040,2026-06-18,Jeudi,08:00,08:50,DNA Yvon Villarceau,Reformer,Nina Claro,0,0,True,disponible,2026-06-01 20:40
70248907795440,2026-06-18,Jeudi,08:30,09:15,DNA Victor Hugo,Lagree,Calista Ruat,0,0,True,disponible,2026-06-01 20:40
70248926025420,2026-06-18,Jeudi,08:30,09:20,DNA Victor Hugo,Reformer,Charlie DMC,0,0,True,disponible,2026-06-01 20:40
46932634812720,2026-06-18,Jeudi,09:00,09:50,DNA Yvon Villarceau,Lagree,Melody Naggar,0,0,True,disponible,2026-06-01 20:40
70248663791820,2026-06-18,Jeudi,09:00,09:50,DNA Yvon Villarceau,Reformer,Nina Claro,0,0,True,disponible,2026-06-01 20:40
70248926020240,2026-06-18,Jeudi,09:30,10:20,DNA Victor Hugo,Reformer,Charlie DMC,0,0,True,disponible,2026-06-01 20:40
70248927156080,2026-06-18,Jeudi,09:30,10:15,DNA Victor Hugo,Lagree,Calista Ruat,0,0,True,disponible,2026-06-01 20:40
46932634738460,2026-06-18,Jeudi,10:00,10:50,DNA Yvon Villarceau,Lagree,Melody Naggar,0,0,True,disponible,2026-06-01 20:40
70248928120820,2026-06-18,Jeudi,10:00,10:50,DNA Yvon Villarceau,Reformer,Liz Torres,0,0,True,disponible,2026-06-01 20:40
70248924675100,2026-06-18,Jeudi,10:30,11:15,DNA Victor Hugo,Lagree,Leann Mroueh,0,0,True,disponible,2026-06-01 20:40
70248926005940,2026-06-18,Jeudi,10:30,11:20,DNA Victor Hugo,Reformer,Charlie DMC,0,0,True,disponible,2026-06-01 20:40
46932551881660,2026-06-18,Jeudi,11:00,11:50,DNA Yvon Villarceau,Lagree,Nina Claro,0,0,True,disponible,2026-06-01 20:40
70248903820700,2026-06-18,Jeudi,11:00,11:50,DNA Yvon Villarceau,Reformer,Liz Torres,0,0,True,disponible,2026-06-01 20:40
70248924429740,2026-06-18,Jeudi,11:30,12:20,DNA Victor Hugo,Reformer,Victoria Schafter,0,0,True,disponible,2026-06-01 20:40
70248924668460,2026-06-18,Jeudi,11:30,12:15,DNA Victor Hugo,Lagree,Leann Mroueh,0,0,True,disponible,2026-06-01 20:40
46932551013920,2026-06-18,Jeudi,12:00,12:50,DNA Yvon Villarceau,Reformer,Soudi Zargham,0,0,True,disponible,2026-06-01 20:40
46932551183760,2026-06-18,Jeudi,12:00,12:50,DNA Yvon Villarceau,Lagree,Nina Claro,0,0,True,disponible,2026-06-01 20:40
70248924423820,2026-06-18,Jeudi,12:30,13:20,DNA Victor Hugo,Reformer,Victoria Schafter,0,0,True,disponible,2026-06-01 20:40
70248938371340,2026-06-18,Jeudi,12:30,13:15,DNA Victor Hugo,Lagree,Sarah Elfassy,0,0,True,disponible,2026-06-01 20:40
46932550760580,2026-06-18,Jeudi,13:00,13:50,DNA Yvon Villarceau,Reformer,Soudi Zargham,0,0,True,disponible,2026-06-01 20:40
46932550861420,2026-06-18,Jeudi,13:00,13:50,DNA Yvon Villarceau,Lagree,Nina Claro,0,0,True,disponible,2026-06-01 20:40
70248924383600,2026-06-18,Jeudi,13:30,14:20,DNA Victor Hugo,Reformer,Victoria Schafter,0,0,True,disponible,2026-06-01 20:40
70248938348480,2026-06-18,Jeudi,13:30,14:15,DNA Victor Hugo,Lagree,Sarah Elfassy,0,0,True,disponible,2026-06-01 20:40
70248665618100,2026-06-18,Jeudi,14:00,14:50,DNA Yvon Villarceau,Reformer,Soudi Zargham,0,0,True,disponible,2026-06-01 20:40
46943947232640,2026-06-18,Jeudi,14:30,15:20,DNA Victor Hugo,Reformer,Olivia Lamarre Reyner,0,0,True,disponible,2026-06-05 13:48
46932538446100,2026-06-18,Jeudi,15:00,15:50,DNA Yvon Villarceau,Lagree,Sarah Elfassy,0,0,True,disponible,2026-06-01 20:40
70248926535580,2026-06-18,Jeudi,15:00,15:50,DNA Yvon Villarceau,Reformer,Nina Claro,0,0,True,disponible,2026-06-01 20:40
46943947184140,2026-06-18,Jeudi,15:30,16:20,DNA Victor Hugo,Reformer,Olivia Lamarre Reyner,0,0,True,disponible,2026-06-05 13:48
46932634440700,2026-06-18,Jeudi,16:00,16:50,DNA Yvon Villarceau,Lagree,Sarah Elfassy,0,0,True,disponible,2026-06-01 20:40
70248926495700,2026-06-18,Jeudi,16:00,16:50,DNA Yvon Villarceau,Reformer,Nina Claro,0,0,True,disponible,2026-06-01 20:40
46943947142940,2026-06-18,Jeudi,16:30,17:20,DNA Victor Hugo,Reformer,Olivia Lamarre Reyner,0,0,True,disponible,2026-06-05 13:48
46932550640420,2026-06-18,Jeudi,17:00,17:50,DNA Yvon Villarceau,Reformer,Nina Claro,0,0,True,disponible,2026-06-01 20:40
46932550695560,2026-06-18,Jeudi,17:00,17:50,DNA Yvon Villarceau,Lagree,Jade C,0,0,True,disponible,2026-06-01 20:40
70248925163400,2026-06-18,Jeudi,17:30,18:20,DNA Victor Hugo,Reformer,Leann Mroueh,0,0,True,disponible,2026-06-01 20:40
70248927572140,2026-06-18,Jeudi,17:30,18:15,DNA Victor Hugo,Lagree,Victoria Schafter,0,0,True,disponible,2026-06-01 20:40
46932550414960,2026-06-18,Jeudi,18:00,18:50,DNA Yvon Villarceau,Reformer,Nina Claro,0,0,True,disponible,2026-06-01 20:40
46932550465840,2026-06-18,Jeudi,18:00,18:50,DNA Yvon Villarceau,Lagree,Jade C,0,0,True,disponible,2026-06-01 20:40
70248925131920,2026-06-18,Jeudi,18:30,19:20,DNA Victor Hugo,Reformer,Leann Mroueh,0,0,True,disponible,2026-06-01 20:40
70248927189800,2026-06-18,Jeudi,18:30,19:15,DNA Victor Hugo,Lagree,Victoria Schafter,0,0,True,disponible,2026-06-01 20:40
46932550383340,2026-06-18,Jeudi,19:00,19:50,DNA Yvon Villarceau,Lagree,Jade C,0,0,True,disponible,2026-06-01 20:40
70248926401260,2026-06-18,Jeudi,19:00,19:50,DNA Yvon Villarceau,Reformer,Eve Lacroix,0,0,True,disponible,2026-06-01 20:40
70248925092180,2026-06-18,Jeudi,19:30,20:20,DNA Victor Hugo,Reformer,Leann Mroueh,0,0,True,disponible,2026-06-01 20:40
70248927183080,2026-06-18,Jeudi,19:30,20:15,DNA Victor Hugo,Lagree,Victoria Schafter,0,0,True,disponible,2026-06-01 20:40
46932550316500,2026-06-18,Jeudi,20:00,20:50,DNA Yvon Villarceau,Lagree,Jade C,0,0,True,disponible,2026-06-01 20:40
70248926361800,2026-06-18,Jeudi,20:00,20:50,DNA Yvon Villarceau,Reformer,Eve Lacroix,0,0,True,disponible,2026-06-01 20:40
70248926155840,2026-06-18,Jeudi,20:30,21:20,DNA Victor Hugo,Lagree,Victoria Schafter,0,0,True,disponible,2026-06-01 20:40
70248926357540,2026-06-18,Jeudi,21:00,21:50,DNA Yvon Villarceau,Reformer,Eve Lacroix,0,0,True,disponible,2026-06-01 20:40
46932550110200,2026-06-19,Vendredi,08:00,08:50,DNA Yvon Villarceau,Lagree,Nina Claro,0,0,True,disponible,2026-06-01 20:40
70248953469020,2026-06-19,Vendredi,08:00,08:50,DNA Yvon Villarceau,Reformer,Eve Lacroix,0,0,True,disponible,2026-06-01 20:40
70248924918300,2026-06-19,Vendredi,08:30,09:20,DNA Victor Hugo,Reformer,Soudi Zargham,0,0,True,disponible,2026-06-01 20:40
70248952785440,2026-06-19,Vendredi,08:30,09:15,DNA Victor Hugo,Lagree,Ela Anastasia,0,0,True,disponible,2026-06-01 20:40
46932550052960,2026-06-19,Vendredi,09:00,09:50,DNA Yvon Villarceau,Lagree,Nina Claro,0,0,True,disponible,2026-06-01 20:40
70248927927840,2026-06-19,Vendredi,09:00,09:50,DNA Yvon Villarceau,Reformer,Eve Lacroix,0,0,True,disponible,2026-06-01 20:40
70248924887900,2026-06-19,Vendredi,09:30,10:20,DNA Victor Hugo,Reformer,Soudi Zargham,0,0,True,disponible,2026-06-01 20:40
70248950369080,2026-06-19,Vendredi,09:30,10:15,DNA Victor Hugo,Lagree,Ela Anastasia,0,0,True,disponible,2026-06-01 20:40
46932549997100,2026-06-19,Vendredi,10:00,10:50,DNA Yvon Villarceau,Lagree,Nina Claro,0,0,True,disponible,2026-06-01 20:40
70248927921260,2026-06-19,Vendredi,10:00,10:50,DNA Yvon Villarceau,Reformer,Eve Lacroix,0,0,True,disponible,2026-06-01 20:40
70248924881860,2026-06-19,Vendredi,10:30,11:20,DNA Victor Hugo,Reformer,Soudi Zargham,0,0,True,disponible,2026-06-01 20:40
70248950319180,2026-06-19,Vendredi,10:30,11:15,DNA Victor Hugo,Lagree,Ela Anastasia,0,0,True,disponible,2026-06-01 20:40
46932533961200,2026-06-19,Vendredi,11:00,11:50,DNA Yvon Villarceau,Lagree,Nina Claro,0,0,True,disponible,2026-06-01 20:40
70248935886300,2026-06-19,Vendredi,11:00,11:50,DNA Yvon Villarceau,Reformer,Eve Lacroix,0,0,True,disponible,2026-06-01 20:40
70248924490940,2026-06-19,Vendredi,11:30,12:15,DNA Victor Hugo,Lagree,Carla B,0,0,True,disponible,2026-06-01 20:40
70248924565360,2026-06-19,Vendredi,11:30,12:20,DNA Victor Hugo,Reformer,Victoria Schafter,0,0,True,disponible,2026-06-01 20:40
46932546469240,2026-06-19,Vendredi,12:00,12:50,DNA Yvon Villarceau,Lagree,Nina Claro,0,0,True,disponible,2026-06-01 20:40
70248950413620,2026-06-19,Vendredi,12:00,12:50,DNA Yvon Villarceau,Reformer,Eve Lacroix,0,0,True,disponible,2026-06-01 20:40
70248924460180,2026-06-19,Vendredi,12:30,13:15,DNA Victor Hugo,Lagree,Carla B,0,0,True,disponible,2026-06-01 20:40
70248924527100,2026-06-19,Vendredi,12:30,13:20,DNA Victor Hugo,Reformer,Victoria Schafter,0,0,True,disponible,2026-06-01 20:40
46932546261720,2026-06-19,Vendredi,13:00,13:50,DNA Yvon Villarceau,Lagree,Nina Claro,0,0,True,disponible,2026-06-01 20:40
70248950407720,2026-06-19,Vendredi,13:00,13:50,DNA Yvon Villarceau,Reformer,Eve Lacroix,0,0,True,disponible,2026-06-01 20:40
70248925983660,2026-06-19,Vendredi,13:30,14:20,DNA Victor Hugo,Reformer,Victoria Schafter,0,0,True,disponible,2026-06-01 20:40
70248929324720,2026-06-19,Vendredi,15:00,15:50,DNA Yvon Villarceau,Lagree,Leann Mroueh,0,0,True,disponible,2026-06-01 20:40
70248929016740,2026-06-19,Vendredi,16:00,16:50,DNA Yvon Villarceau,Lagree,Leann Mroueh,0,0,True,disponible,2026-06-01 20:40
70023305716920,2026-06-19,Vendredi,16:30,17:20,DNA Victor Hugo,Lagree,Mathilde Lafont,0,0,True,disponible,2026-06-10 18:07
70248906968780,2026-06-19,Vendredi,17:00,17:50,DNA Yvon Villarceau,Reformer,Chloe Graeffly,0,0,True,disponible,2026-06-01 20:40
70248924628080,2026-06-19,Vendredi,17:00,17:50,DNA Yvon Villarceau,Lagree,Leann Mroueh,0,0,True,disponible,2026-06-01 20:40
70023305711660,2026-06-19,Vendredi,17:30,18:20,DNA Victor Hugo,Lagree,Mathilde Lafont,0,0,True,disponible,2026-06-10 18:07
70248925847920,2026-06-19,Vendredi,17:30,18:20,DNA Victor Hugo,Reformer,Victoria Schafter,0,0,True,disponible,2026-06-01 20:40
46932634506440,2026-06-19,Vendredi,18:00,18:50,DNA Yvon Villarceau,Lagree,Daphne Sulowski,0,0,True,disponible,2026-06-01 20:40
70248905341040,2026-06-19,Vendredi,18:00,18:50,DNA Yvon Villarceau,Reformer,Chloe Graeffly,0,0,True,disponible,2026-06-01 20:40
70248925854420,2026-06-19,Vendredi,18:30,19:20,DNA Victor Hugo,Reformer,Victoria Schafter,0,0,True,disponible,2026-06-01 20:40
70248950080120,2026-06-19,Vendredi,18:30,19:15,DNA Victor Hugo,Lagree,Mathilde Lafont,0,0,True,disponible,2026-06-01 20:40
46932634492160,2026-06-19,Vendredi,19:00,19:50,DNA Yvon Villarceau,Lagree,Daphne Sulowski,0,0,True,disponible,2026-06-01 20:40
70248938035900,2026-06-19,Vendredi,19:00,19:50,DNA Yvon Villarceau,Reformer,Eve Lacroix,0,0,True,disponible,2026-06-01 20:40
70248924521460,2026-06-19,Vendredi,19:30,20:20,DNA Victor Hugo,Reformer,Victoria Schafter,0,0,True,disponible,2026-06-01 20:40
70248940475800,2026-06-19,Vendredi,19:30,20:15,DNA Victor Hugo,Lagree,Mathilde Lafont,0,0,True,disponible,2026-06-01 20:40
70248924596520,2026-06-19,Vendredi,20:00,20:50,DNA Yvon Villarceau,Lagree,Daphne Sulowski,0,0,True,disponible,2026-06-01 20:40
70248936193380,2026-06-19,Vendredi,20:00,20:50,DNA Yvon Villarceau,Reformer,Eve Lacroix,0,0,True,disponible,2026-06-01 20:40
46932634915440,2026-06-19,Vendredi,21:00,21:50,DNA Yvon Villarceau,Reformer,Eve Lacroix,0,0,True,inconnu,2026-06-01 20:40
46932552120000,2026-06-20,Samedi,08:00,09:00,DNA Yvon Villarceau,Lagree,Alice Amat,0,0,True,inconnu,2026-06-01 20:40
70248665612360,2026-06-20,Samedi,09:00,09:50,DNA Yvon Villarceau,Reformer,Charlie DMC,0,0,True,disponible,2026-06-01 20:40
70248926463740,2026-06-20,Samedi,09:00,09:50,DNA Yvon Villarceau,Lagree,Vanessa Slomka,0,0,True,disponible,2026-06-01 20:40
70248905335340,2026-06-20,Samedi,09:30,10:20,DNA Victor Hugo,Reformer,Chloe Graeffly,0,0,True,disponible,2026-06-01 20:40
70248940439520,2026-06-20,Samedi,09:30,10:15,DNA Victor Hugo,Lagree,Nina Claro,0,0,True,disponible,2026-06-01 20:40
70248665498700,2026-06-20,Samedi,10:00,10:50,DNA Yvon Villarceau,Reformer,Charlie DMC,0,0,True,disponible,2026-06-01 20:40
70248926431940,2026-06-20,Samedi,10:00,10:50,DNA Yvon Villarceau,Lagree,Vanessa Slomka,0,0,True,disponible,2026-06-01 20:40
70248905305120,2026-06-20,Samedi,10:30,11:20,DNA Victor Hugo,Reformer,Chloe Graeffly,0,0,True,disponible,2026-06-01 20:40
70248940407020,2026-06-20,Samedi,10:30,11:15,DNA Victor Hugo,Lagree,Nina Claro,0,0,True,disponible,2026-06-01 20:40
70248678881400,2026-06-20,Samedi,11:00,11:50,DNA Yvon Villarceau,Reformer,Charlie DMC,0,0,True,disponible,2026-06-01 20:40
70248937804880,2026-06-20,Samedi,11:00,11:50,DNA Yvon Villarceau,Lagree,Vanessa Slomka,0,0,True,disponible,2026-06-01 20:40
70248922224000,2026-06-20,Samedi,11:30,12:20,DNA Victor Hugo,Reformer,Chloe Graeffly,0,0,True,disponible,2026-06-01 20:40
70248940372520,2026-06-20,Samedi,11:30,12:15,DNA Victor Hugo,Lagree,Nina Claro,0,0,True,disponible,2026-06-01 20:40
70248678876640,2026-06-20,Samedi,12:00,12:50,DNA Yvon Villarceau,Reformer,Charlie DMC,0,0,True,disponible,2026-06-01 20:40
70248937639300,2026-06-20,Samedi,12:00,12:50,DNA Yvon Villarceau,Lagree,Vanessa Slomka,0,0,True,disponible,2026-06-01 20:40
46932634909040,2026-06-20,Samedi,12:30,13:20,DNA Victor Hugo,Reformer,Chloe Graeffly,0,0,True,disponible,2026-06-01 20:40
70248924353200,2026-06-20,Samedi,12:30,13:15,DNA Victor Hugo,Lagree,Hala Takkiedine,0,0,True,disponible,2026-06-01 20:40
70248679375820,2026-06-20,Samedi,13:00,13:50,DNA Yvon Villarceau,Reformer,Charlie DMC,0,0,True,disponible,2026-06-01 20:40
70248937607980,2026-06-20,Samedi,13:00,13:50,DNA Yvon Villarceau,Lagree,Vanessa Slomka,0,0,True,disponible,2026-06-01 20:40
70248903826800,2026-06-20,Samedi,13:30,14:20,DNA Victor Hugo,Reformer,Chloe Graeffly,0,0,True,disponible,2026-06-01 20:40
70248924323100,2026-06-20,Samedi,13:30,14:15,DNA Victor Hugo,Lagree,Hala Takkiedine,0,0,True,disponible,2026-06-01 20:40
46932538144800,2026-06-20,Samedi,14:00,14:50,DNA Yvon Villarceau,Reformer,Nina Claro,0,0,True,disponible,2026-06-01 20:40
46932634485520,2026-06-20,Samedi,14:00,14:50,DNA Yvon Villarceau,Lagree,Lucrezia Amerio,0,0,True,disponible,2026-06-01 20:40
46932634347600,2026-06-20,Samedi,14:30,15:20,DNA Victor Hugo,Reformer,Olivia Lamarre Reyner,0,0,True,disponible,2026-06-01 20:40
70248924316500,2026-06-20,Samedi,14:30,15:15,DNA Victor Hugo,Lagree,Hala Takkiedine,0,0,True,disponible,2026-06-01 20:40
46932536134180,2026-06-20,Samedi,15:00,15:50,DNA Yvon Villarceau,Reformer,Nina Claro,0,0,True,disponible,2026-06-01 20:40
46932634463380,2026-06-20,Samedi,15:00,15:50,DNA Yvon Villarceau,Lagree,Lucrezia Amerio,0,0,True,disponible,2026-06-01 20:40
46932634333340,2026-06-20,Samedi,15:30,16:20,DNA Victor Hugo,Reformer,Olivia Lamarre Reyner,0,0,True,disponible,2026-06-01 20:40
46932546201240,2026-06-20,Samedi,16:00,16:50,DNA Yvon Villarceau,Reformer,Nina Claro,0,0,True,inconnu,2026-06-01 20:40
70248665995880,2026-06-20,Samedi,16:00,16:50,DNA Yvon Villarceau,Lagree,Nina Claro,0,0,True,disponible,2026-06-01 20:40
46932634902720,2026-06-20,Samedi,16:30,17:20,DNA Victor Hugo,Reformer,Lucrezia Amerio,0,0,True,disponible,2026-06-01 20:40
70248936599440,2026-06-20,Samedi,16:30,17:15,DNA Victor Hugo,Lagree,Joy Duquesne,0,0,True,disponible,2026-06-01 20:40
70248665980000,2026-06-20,Samedi,17:00,17:50,DNA Yvon Villarceau,Lagree,Nina Claro,0,0,True,disponible,2026-06-01 20:40
70248923824560,2026-06-20,Samedi,17:00,17:50,DNA Yvon Villarceau,Reformer,Chloe Graeffly,0,0,True,disponible,2026-06-01 20:40
46932634896620,2026-06-20,Samedi,17:30,18:20,DNA Victor Hugo,Reformer,Lucrezia Amerio,0,0,True,disponible,2026-06-01 20:40
70248936577040,2026-06-20,Samedi,17:30,18:15,DNA Victor Hugo,Lagree,Joy Duquesne,0,0,True,disponible,2026-06-01 20:40
70248665973540,2026-06-20,Samedi,18:00,18:50,DNA Yvon Villarceau,Lagree,Nina Claro,0,0,True,disponible,2026-06-01 20:40
70248923941920,2026-06-20,Samedi,18:00,18:50,DNA Yvon Villarceau,Reformer,Chloe Graeffly,0,0,True,disponible,2026-06-01 20:40
46932628329580,2026-06-20,Samedi,18:30,19:20,DNA Victor Hugo,Reformer,Lucrezia Amerio,0,0,True,disponible,2026-06-01 20:40
70248936572720,2026-06-20,Samedi,18:30,19:15,DNA Victor Hugo,Lagree,Joy Duquesne,0,0,True,disponible,2026-06-01 20:40
70248665827160,2026-06-20,Samedi,19:00,19:50,DNA Yvon Villarceau,Lagree,Nina Claro,0,0,True,disponible,2026-06-01 20:40
70248923686140,2026-06-20,Samedi,19:00,19:50,DNA Yvon Villarceau,Reformer,Chloe Graeffly,0,0,True,disponible,2026-06-01 20:40
46932634828000,2026-06-20,Samedi,19:30,20:20,DNA Victor Hugo,Reformer,Lucrezia Amerio,0,0,True,disponible,2026-06-01 20:40
70248936491300,2026-06-20,Samedi,19:30,20:15,DNA Victor Hugo,Lagree,Joy Duquesne,0,0,True,disponible,2026-06-01 20:40
46932546136080,2026-06-21,Dimanche,09:00,09:50,DNA Yvon Villarceau,Lagree,Nina Claro,0,0,True,disponible,2026-06-01 20:40
70248668638420,2026-06-21,Dimanche,09:00,09:50,DNA Yvon Villarceau,Reformer,Eve Lacroix,0,0,True,disponible,2026-06-01 20:40
70248924246940,2026-06-21,Dimanche,09:30,10:20,DNA Victor Hugo,Reformer,Cecilia Pinto,0,0,True,disponible,2026-06-01 20:40
70248940313900,2026-06-21,Dimanche,09:30,10:15,DNA Victor Hugo,Lagree,Ela Anastasia,0,0,True,disponible,2026-06-01 20:40
46932545970200,2026-06-21,Dimanche,10:00,10:50,DNA Yvon Villarceau,Lagree,Nina Claro,0,0,True,disponible,2026-06-01 20:40
70248679355460,2026-06-21,Dimanche,10:00,10:50,DNA Yvon Villarceau,Reformer,Eve Lacroix,0,0,True,disponible,2026-06-01 20:40
70248924215720,2026-06-21,Dimanche,10:30,11:20,DNA Victor Hugo,Reformer,Cecilia Pinto,0,0,True,disponible,2026-06-01 20:40
70248940278680,2026-06-21,Dimanche,10:30,11:15,DNA Victor Hugo,Lagree,Ela Anastasia,0,0,True,disponible,2026-06-01 20:40
46932545502340,2026-06-21,Dimanche,11:00,11:50,DNA Yvon Villarceau,Lagree,Nina Claro,0,0,True,disponible,2026-06-01 20:40
70248668732720,2026-06-21,Dimanche,11:00,11:50,DNA Yvon Villarceau,Reformer,Eve Lacroix,0,0,True,disponible,2026-06-01 20:40
70248924209920,2026-06-21,Dimanche,11:30,12:20,DNA Victor Hugo,Reformer,Cecilia Pinto,0,0,True,disponible,2026-06-01 20:40
70248940255120,2026-06-21,Dimanche,11:30,12:15,DNA Victor Hugo,Lagree,Ela Anastasia,0,0,True,disponible,2026-06-01 20:40
46932545422240,2026-06-21,Dimanche,12:00,12:50,DNA Yvon Villarceau,Lagree,Nina Claro,0,0,True,disponible,2026-06-01 20:40
70248668725840,2026-06-21,Dimanche,12:00,12:50,DNA Yvon Villarceau,Reformer,Eve Lacroix,0,0,True,disponible,2026-06-01 20:40
70248924170960,2026-06-21,Dimanche,12:30,13:20,DNA Victor Hugo,Reformer,Cecilia Pinto,0,0,True,disponible,2026-06-01 20:40
70248940125020,2026-06-21,Dimanche,12:30,13:15,DNA Victor Hugo,Lagree,Mathilde Lafont,0,0,True,disponible,2026-06-01 20:40
46932545105280,2026-06-21,Dimanche,13:00,13:50,DNA Yvon Villarceau,Lagree,Nina Claro,0,0,True,disponible,2026-06-01 20:40
70248679008220,2026-06-21,Dimanche,13:00,13:50,DNA Yvon Villarceau,Reformer,Eve Lacroix,0,0,True,disponible,2026-06-01 20:40
70248940003060,2026-06-21,Dimanche,13:30,14:15,DNA Victor Hugo,Lagree,Mathilde Lafont,0,0,True,disponible,2026-06-01 20:40
70248663786300,2026-06-21,Dimanche,14:00,14:50,DNA Yvon Villarceau,Lagree,Nina Claro,0,0,True,disponible,2026-06-01 20:40
70248677740380,2026-06-21,Dimanche,14:00,14:50,DNA Yvon Villarceau,Reformer,Eve Lacroix,0,0,True,disponible,2026-06-01 20:40
70248939996600,2026-06-21,Dimanche,14:30,15:15,DNA Victor Hugo,Lagree,Mathilde Lafont,0,0,True,disponible,2026-06-01 20:40
46932634420200,2026-06-21,Dimanche,15:00,15:50,DNA Yvon Villarceau,Reformer,Olivia Lamarre Reyner,0,0,True,disponible,2026-06-01 20:40
70248923761320,2026-06-21,Dimanche,15:30,16:15,DNA Victor Hugo,Lagree,Mathilde Lafont,0,0,True,disponible,2026-06-01 20:40
46932634398660,2026-06-21,Dimanche,16:00,16:50,DNA Yvon Villarceau,Reformer,Olivia Lamarre Reyner,0,0,True,disponible,2026-06-01 20:40
70248937567680,2026-06-21,Dimanche,16:00,16:50,DNA Yvon Villarceau,Lagree,Catrin Karlson English class,0,0,True,disponible,2026-06-01 20:40
46932634376180,2026-06-21,Dimanche,17:00,17:50,DNA Yvon Villarceau,Reformer,Olivia Lamarre Reyner,0,0,True,disponible,2026-06-01 20:40
70248937537320,2026-06-21,Dimanche,17:00,17:50,DNA Yvon Villarceau,Lagree,Catrin Karlson English class,0,0,True,disponible,2026-06-01 20:40
70248923715220,2026-06-21,Dimanche,17:30,18:20,DNA Victor Hugo,Reformer,Chloe Graeffly,0,0,True,disponible,2026-06-01 20:40
70248926324480,2026-06-21,Dimanche,18:00,18:50,DNA Yvon Villarceau,Reformer,Marie De Saint Simon,0,0,True,disponible,2026-06-01 20:40
70248937530120,2026-06-21,Dimanche,18:00,18:50,DNA Yvon Villarceau,Lagree,Catrin Karlson English class,0,0,True,disponible,2026-06-01 20:40
70248923691420,2026-06-21,Dimanche,18:30,19:20,DNA Victor Hugo,Reformer,Chloe Graeffly,0,0,True,disponible,2026-06-01 20:40
70248936345920,2026-06-21,Dimanche,18:30,19:15,DNA Victor Hugo,Lagree,Joy Duquesne,0,0,True,disponible,2026-06-01 20:40
70248926293600,2026-06-21,Dimanche,19:00,19:50,DNA Yvon Villarceau,Reformer,Marie De Saint Simon,0,0,True,disponible,2026-06-01 20:40
70248936614900,2026-06-21,Dimanche,19:00,19:50,DNA Yvon Villarceau,Lagree,Catrin Karlson English class,0,0,True,disponible,2026-06-01 20:40
70248936192660,2026-06-21,Dimanche,19:30,20:15,DNA Victor Hugo,Lagree,Joy Duquesne,0,0,True,disponible,2026-06-01 20:40
70023312290760,2026-06-22,Lundi,08:00,08:50,DNA Yvon Villarceau,Lagree,Ela Anastasia,0,0,True,disponible,2026-06-10 18:07
70023312338140,2026-06-22,Lundi,08:00,08:50,DNA Yvon Villarceau,Reformer,Rebecca Raccah,0,0,True,disponible,2026-06-10 18:07
70023301878240,2026-06-22,Lundi,08:30,09:20,DNA Victor Hugo,Reformer,Joy Duquesne,0,0,True,disponible,2026-06-10 18:07
70023306974740,2026-06-22,Lundi,08:30,09:20,DNA Victor Hugo,Lagree,Melody Naggar,0,0,True,disponible,2026-06-10 18:07
70023306129260,2026-06-22,Lundi,09:00,09:50,DNA Yvon Villarceau,Reformer,Rebecca Raccah,0,0,True,disponible,2026-06-10 18:07
70023312284500,2026-06-22,Lundi,09:00,09:50,DNA Yvon Villarceau,Lagree,Ela Anastasia,0,0,True,disponible,2026-06-10 18:07
70023301871800,2026-06-22,Lundi,09:30,10:20,DNA Victor Hugo,Reformer,Joy Duquesne,0,0,True,disponible,2026-06-10 18:07
70023306969680,2026-06-22,Lundi,09:30,10:20,DNA Victor Hugo,Lagree,Melody Naggar,0,0,True,disponible,2026-06-10 18:07
70023306175780,2026-06-22,Lundi,10:00,10:50,DNA Yvon Villarceau,Reformer,Rebecca Raccah,0,0,True,disponible,2026-06-10 18:07
70023306181180,2026-06-22,Lundi,10:00,10:50,DNA Yvon Villarceau,Lagree,Ela Anastasia,0,0,True,disponible,2026-06-10 18:07
70023301866020,2026-06-22,Lundi,10:30,11:20,DNA Victor Hugo,Reformer,Joy Duquesne,0,0,True,disponible,2026-06-10 18:07
70023307029820,2026-06-22,Lundi,10:30,11:20,DNA Victor Hugo,Lagree,Melody Naggar,0,0,True,disponible,2026-06-10 18:07
70023306169620,2026-06-22,Lundi,11:00,11:50,DNA Yvon Villarceau,Reformer,Rebecca Raccah,0,0,True,disponible,2026-06-10 18:07
70023312279200,2026-06-22,Lundi,11:00,11:50,DNA Yvon Villarceau,Lagree,Ela Anastasia,0,0,True,disponible,2026-06-10 18:07
70023302361960,2026-06-22,Lundi,11:30,12:15,DNA Victor Hugo,Lagree,Sarah Elfassy,0,0,True,disponible,2026-06-10 18:07
70023303808900,2026-06-22,Lundi,11:30,12:20,DNA Victor Hugo,Reformer,Carla B,0,0,True,disponible,2026-06-10 18:07
70023311774440,2026-06-22,Lundi,12:00,12:50,DNA Yvon Villarceau,Lagree,Victoria Schafter (Suppléant),0,0,True,disponible,2026-06-10 18:07
70023311934960,2026-06-22,Lundi,12:00,12:50,DNA Yvon Villarceau,Reformer,Charlie DMC,0,0,True,disponible,2026-06-10 18:07
70023302368400,2026-06-22,Lundi,12:30,13:15,DNA Victor Hugo,Lagree,Sarah Elfassy,0,0,True,disponible,2026-06-10 18:07
70023303802460,2026-06-22,Lundi,12:30,13:20,DNA Victor Hugo,Reformer,Carla B,0,0,True,disponible,2026-06-10 18:07
70023307241000,2026-06-22,Lundi,13:00,13:50,DNA Yvon Villarceau,Lagree,Victoria Schafter (Suppléant),0,0,True,disponible,2026-06-10 18:07
70023311929720,2026-06-22,Lundi,13:00,13:50,DNA Yvon Villarceau,Reformer,Charlie DMC,0,0,True,disponible,2026-06-10 18:07
70023303752040,2026-06-22,Lundi,13:30,14:20,DNA Victor Hugo,Lagree,Sarah Elfassy,0,0,True,disponible,2026-06-10 18:07
70023303796640,2026-06-22,Lundi,13:30,14:20,DNA Victor Hugo,Reformer,Carla B,0,0,True,disponible,2026-06-10 18:07
70023302278860,2026-06-22,Lundi,14:00,14:50,DNA Yvon Villarceau,Reformer,Charlie DMC,0,0,True,disponible,2026-06-10 18:07
70023307227120,2026-06-22,Lundi,14:00,14:50,DNA Yvon Villarceau,Lagree,Victoria Schafter (Suppléant),0,0,True,disponible,2026-06-10 18:07
70023303744680,2026-06-22,Lundi,14:30,15:20,DNA Victor Hugo,Reformer,Sarah Elfassy,0,0,True,disponible,2026-06-10 18:07
70023302355160,2026-06-22,Lundi,15:00,15:50,DNA Yvon Villarceau,Lagree,Ela Anastasia,0,0,True,disponible,2026-06-10 18:07
70023303549940,2026-06-22,Lundi,15:30,16:20,DNA Victor Hugo,Reformer,Sarah Elfassy,0,0,True,disponible,2026-06-10 18:07
70023302349980,2026-06-22,Lundi,16:00,16:50,DNA Yvon Villarceau,Lagree,Ela Anastasia,0,0,True,disponible,2026-06-10 18:07
70023312022800,2026-06-22,Lundi,16:00,16:50,DNA Yvon Villarceau,Reformer,Charlie DMC,0,0,True,disponible,2026-06-10 18:07
70023306164180,2026-06-22,Lundi,17:00,17:50,DNA Yvon Villarceau,Lagree,Jade C,0,0,True,disponible,2026-06-10 18:07
70023312017220,2026-06-22,Lundi,17:00,17:50,DNA Yvon Villarceau,Reformer,Charlie DMC,0,0,True,disponible,2026-06-10 18:07
70023303772100,2026-06-22,Lundi,17:30,18:20,DNA Victor Hugo,Reformer,Rebecca Raccah,0,0,True,disponible,2026-06-10 18:07
70023311896900,2026-06-22,Lundi,17:30,18:15,DNA Victor Hugo,Lagree,Carla B,0,0,True,disponible,2026-06-10 18:07
70023306158720,2026-06-22,Lundi,18:00,18:50,DNA Yvon Villarceau,Lagree,Jade C,0,0,True,disponible,2026-06-10 18:07
70023311846220,2026-06-22,Lundi,18:00,18:50,DNA Yvon Villarceau,Reformer,Charlie DMC,0,0,True,disponible,2026-06-10 18:07
70023303766120,2026-06-22,Lundi,18:30,19:20,DNA Victor Hugo,Reformer,Rebecca Raccah,0,0,True,disponible,2026-06-10 18:07
70023311817720,2026-06-22,Lundi,18:30,19:15,DNA Victor Hugo,Lagree,Carla B,0,0,True,disponible,2026-06-10 18:07
70023302208860,2026-06-22,Lundi,19:00,19:50,DNA Yvon Villarceau,Reformer,Chloe Graeffly (Suppléant),0,0,True,disponible,2026-06-10 18:07
70023312355120,2026-06-22,Lundi,19:00,19:50,DNA Yvon Villarceau,Lagree,Jade C,0,0,True,disponible,2026-06-10 18:07
70023303757580,2026-06-22,Lundi,19:30,20:20,DNA Victor Hugo,Reformer,Rebecca Raccah,0,0,True,disponible,2026-06-10 18:07
70023311811580,2026-06-22,Lundi,19:30,20:15,DNA Victor Hugo,Lagree,Yasmine Khoulalene (Suppléant),0,0,True,disponible,2026-06-10 18:07
70023302202700,2026-06-22,Lundi,20:00,20:50,DNA Yvon Villarceau,Reformer,Chloe Graeffly (Suppléant),0,0,True,disponible,2026-06-10 18:07
70023312349960,2026-06-22,Lundi,20:00,20:50,DNA Yvon Villarceau,Lagree,Jade C,0,0,True,disponible,2026-06-10 18:07
70023311805880,2026-06-22,Lundi,20:30,21:15,DNA Victor Hugo,Lagree,Yasmine Khoulalene (Suppléant),0,0,True,disponible,2026-06-10 18:07
70023302195800,2026-06-22,Lundi,21:00,21:50,DNA Yvon Villarceau,Reformer,Chloe Graeffly (Suppléant),0,0,True,disponible,2026-06-10 18:07
70023302105320,2026-06-23,Mardi,08:00,08:50,DNA Yvon Villarceau,Lagree,Victoria Schafter,0,0,True,disponible,2026-06-10 18:07
70023311840960,2026-06-23,Mardi,08:00,08:50,DNA Yvon Villarceau,Reformer,Charlie DMC,0,0,True,disponible,2026-06-10 18:07
70023303525560,2026-06-23,Mardi,08:30,09:20,DNA Victor Hugo,Reformer,Eve Lacroix,0,0,True,disponible,2026-06-10 18:07
70023307024600,2026-06-23,Mardi,08:30,09:20,DNA Victor Hugo,Lagree,Melody Naggar,0,0,True,disponible,2026-06-10 18:07
70023302099080,2026-06-23,Mardi,09:00,09:50,DNA Yvon Villarceau,Lagree,Victoria Schafter,0,0,True,disponible,2026-06-10 18:07
70023311836100,2026-06-23,Mardi,09:00,09:50,DNA Yvon Villarceau,Reformer,Charlie DMC,0,0,True,disponible,2026-06-10 18:07
70023303518820,2026-06-23,Mardi,09:30,10:20,DNA Victor Hugo,Reformer,Eve Lacroix,0,0,True,disponible,2026-06-10 18:07
70023307019220,2026-06-23,Mardi,09:30,10:20,DNA Victor Hugo,Lagree,Melody Naggar,0,0,True,disponible,2026-06-10 18:07
70023302092760,2026-06-23,Mardi,10:00,10:50,DNA Yvon Villarceau,Lagree,Victoria Schafter,0,0,True,disponible,2026-06-10 18:07
70023311830420,2026-06-23,Mardi,10:00,10:50,DNA Yvon Villarceau,Reformer,Charlie DMC,0,0,True,disponible,2026-06-10 18:07
70023302183140,2026-06-23,Mardi,10:30,11:15,DNA Victor Hugo,Lagree,Leann Mroueh,0,0,True,disponible,2026-06-10 18:07
70023303512800,2026-06-23,Mardi,10:30,11:20,DNA Victor Hugo,Reformer,Eve Lacroix,0,0,True,disponible,2026-06-10 18:07
70023312035400,2026-06-23,Mardi,11:00,11:50,DNA Yvon Villarceau,Lagree,Carla B,0,0,True,disponible,2026-06-10 18:07
70023312344800,2026-06-23,Mardi,11:00,11:50,DNA Yvon Villarceau,Reformer,Soudi Zargham,0,0,True,disponible,2026-06-10 18:07
70023302177020,2026-06-23,Mardi,11:30,12:15,DNA Victor Hugo,Lagree,Leann Mroueh,0,0,True,disponible,2026-06-10 18:07
70023303506560,2026-06-23,Mardi,11:30,12:20,DNA Victor Hugo,Reformer,Eve Lacroix,0,0,True,disponible,2026-06-10 18:07
70023302124740,2026-06-23,Mardi,12:00,12:50,DNA Yvon Villarceau,Lagree,Carla B,0,0,True,disponible,2026-06-10 18:07
70023312405220,2026-06-23,Mardi,12:00,12:50,DNA Yvon Villarceau,Reformer,Soudi Zargham,0,0,True,disponible,2026-06-10 18:07
70023302169260,2026-06-23,Mardi,12:30,13:15,DNA Victor Hugo,Lagree,Leann Mroueh,0,0,True,disponible,2026-06-10 18:07
70023303499860,2026-06-23,Mardi,12:30,13:20,DNA Victor Hugo,Reformer,Eve Lacroix,0,0,True,disponible,2026-06-10 18:07
70023302117680,2026-06-23,Mardi,13:00,13:50,DNA Yvon Villarceau,Lagree,Carla B,0,0,True,disponible,2026-06-10 18:07
70023312399800,2026-06-23,Mardi,13:00,13:50,DNA Yvon Villarceau,Reformer,Soudi Zargham,0,0,True,disponible,2026-06-10 18:07
70023302162960,2026-06-23,Mardi,13:30,14:15,DNA Victor Hugo,Lagree,Leann Mroueh,0,0,True,disponible,2026-06-10 18:07
70023303494060,2026-06-23,Mardi,13:30,14:20,DNA Victor Hugo,Reformer,Eve Lacroix,0,0,True,disponible,2026-06-10 18:07
70023302111460,2026-06-23,Mardi,14:00,14:50,DNA Yvon Villarceau,Lagree,Carla B,0,0,True,disponible,2026-06-10 18:07
70023306857740,2026-06-23,Mardi,14:30,15:20,DNA Victor Hugo,Reformer,Olivia Lamarre Reyner,0,0,True,disponible,2026-06-10 18:07
70023305745640,2026-06-23,Mardi,15:30,16:20,DNA Victor Hugo,Reformer,Olivia Lamarre Reyner,0,0,True,disponible,2026-06-10 18:07
70023302250680,2026-06-23,Mardi,16:00,16:50,DNA Yvon Villarceau,Reformer,Charlie DMC,0,0,True,disponible,2026-06-10 18:07
70023305739880,2026-06-23,Mardi,16:30,17:20,DNA Victor Hugo,Reformer,Olivia Lamarre Reyner,0,0,True,disponible,2026-06-10 18:07
70023302244360,2026-06-23,Mardi,17:00,17:50,DNA Yvon Villarceau,Reformer,Charlie DMC,0,0,True,disponible,2026-06-10 18:07
70023311768940,2026-06-23,Mardi,17:00,17:50,DNA Yvon Villarceau,Lagree,Carla B,0,0,True,disponible,2026-06-10 18:07
70023302327980,2026-06-23,Mardi,17:30,18:15,DNA Victor Hugo,Lagree,Leann Mroueh,0,0,True,disponible,2026-06-10 18:07
70023302238000,2026-06-23,Mardi,18:00,18:50,DNA Yvon Villarceau,Reformer,Charlie DMC,0,0,True,disponible,2026-06-10 18:07
70023311762480,2026-06-23,Mardi,18:00,18:50,DNA Yvon Villarceau,Lagree,Carla B,0,0,True,disponible,2026-06-10 18:07
70023302321400,2026-06-23,Mardi,18:30,19:15,DNA Victor Hugo,Lagree,Leann Mroueh,0,0,True,disponible,2026-06-10 18:07
70023303462260,2026-06-23,Mardi,18:30,19:20,DNA Victor Hugo,Reformer,Cecilia Pinto,0,0,True,disponible,2026-06-10 18:07
70023302272260,2026-06-23,Mardi,19:00,19:50,DNA Yvon Villarceau,Reformer,Eve Lacroix,0,0,True,disponible,2026-06-10 18:07
70023302290300,2026-06-23,Mardi,19:00,19:50,DNA Yvon Villarceau,Lagree,Calista Ruat,0,0,True,disponible,2026-06-10 18:07
70023302315200,2026-06-23,Mardi,19:30,20:15,DNA Victor Hugo,Lagree,Leann Mroueh,0,0,True,disponible,2026-06-10 18:07
70023303457020,2026-06-23,Mardi,19:30,20:20,DNA Victor Hugo,Reformer,Cecilia Pinto,0,0,True,disponible,2026-06-10 18:07
70023302265940,2026-06-23,Mardi,20:00,20:50,DNA Yvon Villarceau,Reformer,Eve Lacroix,0,0,True,disponible,2026-06-10 18:07
70023302284560,2026-06-23,Mardi,20:00,20:50,DNA Yvon Villarceau,Lagree,Calista Ruat,0,0,True,disponible,2026-06-10 18:07
70023302309380,2026-06-23,Mardi,20:30,21:15,DNA Victor Hugo,Lagree,Leann Mroueh,0,0,True,disponible,2026-06-10 18:07
70023303451160,2026-06-23,Mardi,20:30,21:20,DNA Victor Hugo,Reformer,Cecilia Pinto,0,0,True,disponible,2026-06-10 18:07
70023302259360,2026-06-23,Mardi,21:00,21:50,DNA Yvon Villarceau,Reformer,Eve Lacroix,0,0,True,disponible,2026-06-10 18:07
70023306943400,2026-06-23,Mardi,21:00,21:50,DNA Yvon Villarceau,Lagree,Calista Ruat,0,0,True,disponible,2026-06-10 18:07
69833105940300,2026-06-24,Mercredi,07:00,07:50,DNA Yvon Villarceau,Lagree,Kim Sarfati,0,0,True,inconnu,2026-06-11 19:01
69833106424900,2026-06-24,Mercredi,08:00,08:50,DNA Yvon Villarceau,Lagree,Ela Anastasia,0,0,True,disponible,2026-06-11 19:01
69833106783300,2026-06-24,Mercredi,08:00,08:50,DNA Yvon Villarceau,Reformer,Rebecca Raccah,0,0,True,disponible,2026-06-11 19:01
69833269370160,2026-06-24,Mercredi,08:30,09:20,DNA Victor Hugo,Lagree,Melody Naggar,0,0,True,disponible,2026-06-11 19:01
69833270193080,2026-06-24,Mercredi,08:30,09:20,DNA Victor Hugo,Reformer,Charlie DMC,0,0,True,disponible,2026-06-11 19:01
69833106409760,2026-06-24,Mercredi,09:00,09:50,DNA Yvon Villarceau,Lagree,Ela Anastasia,0,0,True,disponible,2026-06-11 19:01
69833106778280,2026-06-24,Mercredi,09:00,09:50,DNA Yvon Villarceau,Reformer,Rebecca Raccah,0,0,True,disponible,2026-06-11 19:01
69833269363240,2026-06-24,Mercredi,09:30,10:20,DNA Victor Hugo,Lagree,Melody Naggar,0,0,True,disponible,2026-06-11 19:01
69833270186220,2026-06-24,Mercredi,09:30,10:20,DNA Victor Hugo,Reformer,Charlie DMC,0,0,True,disponible,2026-06-11 19:01
69833107057460,2026-06-24,Mercredi,10:00,10:50,DNA Yvon Villarceau,Reformer,Rebecca Raccah,0,0,True,disponible,2026-06-11 19:01
69833107062560,2026-06-24,Mercredi,10:00,10:50,DNA Yvon Villarceau,Lagree,Ela Anastasia,0,0,True,disponible,2026-06-11 19:01
69833269346980,2026-06-24,Mercredi,10:30,11:20,DNA Victor Hugo,Lagree,Melody Naggar,0,0,True,disponible,2026-06-11 19:01
69833270179340,2026-06-24,Mercredi,10:30,11:20,DNA Victor Hugo,Reformer,Charlie DMC,0,0,True,disponible,2026-06-11 19:01
69833107005880,2026-06-24,Mercredi,11:00,11:50,DNA Yvon Villarceau,Reformer,Rebecca Raccah,0,0,True,disponible,2026-06-11 19:01
69833107010900,2026-06-24,Mercredi,11:00,11:50,DNA Yvon Villarceau,Lagree,Ela Anastasia,0,0,True,disponible,2026-06-11 19:01
69833269828680,2026-06-24,Mercredi,11:30,12:20,DNA Victor Hugo,Reformer,Charlie DMC,0,0,True,disponible,2026-06-11 19:01
69833270229600,2026-06-24,Mercredi,11:30,12:15,DNA Victor Hugo,Lagree,Victoria Schafter,0,0,True,disponible,2026-06-11 19:01
69833106974560,2026-06-24,Mercredi,12:00,12:50,DNA Yvon Villarceau,Reformer,Rebecca Raccah,0,0,True,disponible,2026-06-11 19:01
69833270608660,2026-06-24,Mercredi,12:00,12:50,DNA Yvon Villarceau,Lagree,Ela Anastasia,0,0,True,disponible,2026-06-11 19:01
69833270172400,2026-06-24,Mercredi,12:30,13:20,DNA Victor Hugo,Reformer,Charlie DMC,0,0,True,disponible,2026-06-11 19:01
69833270222760,2026-06-24,Mercredi,12:30,13:15,DNA Victor Hugo,Lagree,Victoria Schafter,0,0,True,disponible,2026-06-11 19:01
69833106911740,2026-06-24,Mercredi,13:00,13:50,DNA Yvon Villarceau,Reformer,Rebecca Raccah,0,0,True,disponible,2026-06-11 19:01
69833270602440,2026-06-24,Mercredi,13:00,13:50,DNA Yvon Villarceau,Lagree,Carla B,0,0,True,disponible,2026-06-11 19:01
69833270216340,2026-06-24,Mercredi,13:30,14:15,DNA Victor Hugo,Lagree,Victoria Schafter,0,0,True,disponible,2026-06-11 19:01
69833270500300,2026-06-24,Mercredi,14:00,14:50,DNA Yvon Villarceau,Reformer,Leann Mroueh,0,0,True,disponible,2026-06-11 19:01
69833270767220,2026-06-24,Mercredi,14:00,14:50,DNA Yvon Villarceau,Lagree,Carla B,0,0,True,disponible,2026-06-11 19:01
69833269531520,2026-06-24,Mercredi,14:30,15:20,DNA Victor Hugo,Reformer,Sarah Elfassy,0,0,True,disponible,2026-06-11 19:01
69833270210040,2026-06-24,Mercredi,14:30,15:15,DNA Victor Hugo,Lagree,Victoria Schafter,0,0,True,disponible,2026-06-11 19:01
69833270495340,2026-06-24,Mercredi,15:00,15:50,DNA Yvon Villarceau,Reformer,Leann Mroueh,0,0,True,disponible,2026-06-11 19:01
69833270758020,2026-06-24,Mercredi,15:00,15:50,DNA Yvon Villarceau,Lagree,Carla B,0,0,True,disponible,2026-06-11 19:01
69833269523860,2026-06-24,Mercredi,15:30,16:20,DNA Victor Hugo,Reformer,Sarah Elfassy,0,0,True,disponible,2026-06-11 19:01
69833270489820,2026-06-24,Mercredi,16:00,16:50,DNA Yvon Villarceau,Reformer,Leann Mroueh,0,0,True,disponible,2026-06-11 19:01
69833270483680,2026-06-24,Mercredi,17:00,17:50,DNA Yvon Villarceau,Reformer,Leann Mroueh,0,0,True,disponible,2026-06-11 19:01
69833270668140,2026-06-24,Mercredi,17:00,17:50,DNA Yvon Villarceau,Lagree,Ela Anastasia,0,0,True,disponible,2026-06-11 19:01
69833269449420,2026-06-24,Mercredi,17:30,18:15,DNA Victor Hugo,Lagree,Melody Naggar,0,0,True,disponible,2026-06-11 19:01
69833269743340,2026-06-24,Mercredi,17:30,18:20,DNA Victor Hugo,Reformer,Cecilia Pinto,0,0,True,disponible,2026-06-11 19:01
69833270657460,2026-06-24,Mercredi,18:00,18:50,DNA Yvon Villarceau,Lagree,Ela Anastasia,0,0,True,disponible,2026-06-11 19:01
69833270818060,2026-06-24,Mercredi,18:00,18:50,DNA Yvon Villarceau,Reformer,Charlie DMC,0,0,True,disponible,2026-06-11 19:01
69833269105340,2026-06-24,Mercredi,18:30,19:20,DNA Victor Hugo,Lagree,Melody Naggar,0,0,True,disponible,2026-06-11 19:01
69833269736400,2026-06-24,Mercredi,18:30,19:20,DNA Victor Hugo,Reformer,Cecilia Pinto,0,0,True,disponible,2026-06-11 19:01
69833106625800,2026-06-24,Mercredi,19:00,19:50,DNA Yvon Villarceau,Reformer,Charlie DMC,0,0,True,disponible,2026-06-11 19:01
69833270649460,2026-06-24,Mercredi,19:00,19:50,DNA Yvon Villarceau,Lagree,Ela Anastasia,0,0,True,disponible,2026-06-11 19:01
69833269438660,2026-06-24,Mercredi,19:30,20:15,DNA Victor Hugo,Lagree,Melody Naggar,0,0,True,disponible,2026-06-11 19:01
69833269728740,2026-06-24,Mercredi,19:30,20:20,DNA Victor Hugo,Reformer,Cecilia Pinto,0,0,True,disponible,2026-06-11 19:01
69833270641300,2026-06-24,Mercredi,20:00,20:50,DNA Yvon Villarceau,Lagree,Ela Anastasia,0,0,True,disponible,2026-06-11 19:01
69833270844920,2026-06-24,Mercredi,20:00,20:50,DNA Yvon Villarceau,Reformer,Eve Lacroix,0,0,True,disponible,2026-06-11 19:01
69833269430640,2026-06-24,Mercredi,20:30,21:20,DNA Victor Hugo,Lagree,Melody Naggar,0,0,True,disponible,2026-06-11 19:01
69833269717040,2026-06-24,Mercredi,20:30,21:20,DNA Victor Hugo,Reformer,Cecilia Pinto,0,0,True,disponible,2026-06-11 19:01
69833270827940,2026-06-24,Mercredi,21:00,21:50,DNA Yvon Villarceau,Reformer,Eve Lacroix,0,0,True,disponible,2026-06-11 19:01
70304119735400,2026-06-25,Jeudi,08:00,08:50,DNA Yvon Villarceau,Lagree,Melody Naggar,0,0,True,disponible,2026-06-19 22:02
70304135387780,2026-06-25,Jeudi,08:00,08:50,DNA Yvon Villarceau,Reformer,Laura Provost (Suppléant),0,0,True,disponible,2026-06-19 22:02
70304122057080,2026-06-25,Jeudi,08:30,09:15,DNA Victor Hugo,Lagree,Calista Ruat,0,0,True,disponible,2026-06-19 22:02
70304122275440,2026-06-25,Jeudi,08:30,09:20,DNA Victor Hugo,Reformer,Charlie DMC,0,0,True,disponible,2026-06-19 22:02
70304119746560,2026-06-25,Jeudi,09:00,09:50,DNA Yvon Villarceau,Lagree,Melody Naggar,0,0,True,disponible,2026-06-19 22:02
70304135405020,2026-06-25,Jeudi,09:00,09:50,DNA Yvon Villarceau,Reformer,Laura Provost (Suppléant),0,0,True,disponible,2026-06-19 22:02
70304122067800,2026-06-25,Jeudi,09:30,10:15,DNA Victor Hugo,Lagree,Calista Ruat,0,0,True,disponible,2026-06-19 22:02
70304122284500,2026-06-25,Jeudi,09:30,10:20,DNA Victor Hugo,Reformer,Charlie DMC,0,0,True,disponible,2026-06-19 22:02
70304119757560,2026-06-25,Jeudi,10:00,10:50,DNA Yvon Villarceau,Lagree,Melody Naggar,0,0,True,disponible,2026-06-19 22:02
70304122011140,2026-06-25,Jeudi,10:00,10:50,DNA Yvon Villarceau,Reformer,Eve Lacroix (Suppléant),0,0,True,disponible,2026-06-19 22:02
70304119167540,2026-06-25,Jeudi,10:30,11:15,DNA Victor Hugo,Lagree,Leann Mroueh,0,0,True,disponible,2026-06-19 22:02
70304122294600,2026-06-25,Jeudi,10:30,11:20,DNA Victor Hugo,Reformer,Charlie DMC,0,0,True,disponible,2026-06-19 22:02
70304119513220,2026-06-25,Jeudi,11:00,11:50,DNA Yvon Villarceau,Reformer,Eve Lacroix (Suppléant),0,0,True,disponible,2026-06-19 22:02
70304135181080,2026-06-25,Jeudi,11:00,11:50,DNA Yvon Villarceau,Lagree,Calista Ruat (Suppléant),0,0,True,disponible,2026-06-19 22:02
70304119036860,2026-06-25,Jeudi,11:30,12:20,DNA Victor Hugo,Reformer,Victoria Schafter,0,0,True,disponible,2026-06-19 22:02
70304119184200,2026-06-25,Jeudi,11:30,12:15,DNA Victor Hugo,Lagree,Leann Mroueh,0,0,True,disponible,2026-06-19 22:02
70304135210020,2026-06-25,Jeudi,12:00,12:50,DNA Yvon Villarceau,Reformer,Soudi Zargham,0,0,True,disponible,2026-06-19 22:02
70304135216280,2026-06-25,Jeudi,12:00,12:50,DNA Yvon Villarceau,Lagree,Calista Ruat (Suppléant),0,0,True,disponible,2026-06-19 22:02
70304119031640,2026-06-25,Jeudi,12:30,13:20,DNA Victor Hugo,Reformer,Victoria Schafter,0,0,True,disponible,2026-06-19 22:02
70304130350420,2026-06-25,Jeudi,12:30,13:15,DNA Victor Hugo,Lagree,Sarah Elfassy,0,0,True,disponible,2026-06-19 22:02
70304135220240,2026-06-25,Jeudi,13:00,13:50,DNA Yvon Villarceau,Lagree,Calista Ruat (Suppléant),0,0,True,disponible,2026-06-19 22:02
70304135229940,2026-06-25,Jeudi,13:00,13:50,DNA Yvon Villarceau,Reformer,Soudi Zargham,0,0,True,disponible,2026-06-19 22:02
70304119328340,2026-06-25,Jeudi,13:30,14:20,DNA Victor Hugo,Reformer,Victoria Schafter,0,0,True,disponible,2026-06-19 22:02
70304130344340,2026-06-25,Jeudi,13:30,14:15,DNA Victor Hugo,Lagree,Sarah Elfassy,0,0,True,disponible,2026-06-19 22:02
70304130449540,2026-06-25,Jeudi,14:00,14:50,DNA Yvon Villarceau,Reformer,Soudi Zargham,0,0,True,disponible,2026-06-19 22:02
70304123192140,2026-06-25,Jeudi,14:30,15:20,DNA Victor Hugo,Reformer,Olivia Lamarre Reyner,0,0,True,disponible,2026-06-19 22:02
70304135512780,2026-06-25,Jeudi,15:00,15:50,DNA Yvon Villarceau,Lagree,Sarah Elfassy,0,0,True,disponible,2026-06-19 22:02
70304123201660,2026-06-25,Jeudi,15:30,16:20,DNA Victor Hugo,Reformer,Olivia Lamarre Reyner,0,0,True,disponible,2026-06-19 22:02
70304122097300,2026-06-25,Jeudi,16:00,16:50,DNA Yvon Villarceau,Reformer,Carla Triboul (Suppléant),0,0,True,disponible,2026-06-19 22:02
70304123071540,2026-06-25,Jeudi,16:00,16:50,DNA Yvon Villarceau,Lagree,Sarah Elfassy,0,0,True,disponible,2026-06-19 22:02
70304123236740,2026-06-25,Jeudi,16:30,17:20,DNA Victor Hugo,Reformer,Olivia Lamarre Reyner,0,0,True,disponible,2026-06-19 22:02
70304135234460,2026-06-25,Jeudi,17:00,17:50,DNA Yvon Villarceau,Reformer,Carla Triboul (Suppléant),0,0,True,disponible,2026-06-19 22:02
70304135240440,2026-06-25,Jeudi,17:00,17:50,DNA Yvon Villarceau,Lagree,Jade C,0,0,True,disponible,2026-06-19 22:02
70304122029840,2026-06-25,Jeudi,17:30,18:15,DNA Victor Hugo,Lagree,Victoria Schafter,0,0,True,disponible,2026-06-19 22:02
70304122221920,2026-06-25,Jeudi,17:30,18:20,DNA Victor Hugo,Reformer,Leann Mroueh,0,0,True,disponible,2026-06-19 22:02
70304135189540,2026-06-25,Jeudi,18:00,18:50,DNA Yvon Villarceau,Reformer,Carla Triboul (Suppléant),0,0,True,disponible,2026-06-19 22:02
70304135243760,2026-06-25,Jeudi,18:00,18:50,DNA Yvon Villarceau,Lagree,Jade C,0,0,True,disponible,2026-06-19 22:02
70304122040320,2026-06-25,Jeudi,18:30,19:15,DNA Victor Hugo,Lagree,Victoria Schafter,0,0,True,disponible,2026-06-19 22:02
70304122232660,2026-06-25,Jeudi,18:30,19:20,DNA Victor Hugo,Reformer,Leann Mroueh,0,0,True,disponible,2026-06-19 22:02
70304122102440,2026-06-25,Jeudi,19:00,19:50,DNA Yvon Villarceau,Reformer,Eve Lacroix,0,0,True,disponible,2026-06-19 22:02
70304135184400,2026-06-25,Jeudi,19:00,19:50,DNA Yvon Villarceau,Lagree,Jade C,0,0,True,disponible,2026-06-19 22:02
70304122050320,2026-06-25,Jeudi,19:30,20:15,DNA Victor Hugo,Lagree,Victoria Schafter,0,0,True,disponible,2026-06-19 22:02
70304122225860,2026-06-25,Jeudi,19:30,20:20,DNA Victor Hugo,Reformer,Leann Mroueh,0,0,True,disponible,2026-06-19 22:02
70304122113880,2026-06-25,Jeudi,20:00,20:50,DNA Yvon Villarceau,Reformer,Eve Lacroix,0,0,True,disponible,2026-06-19 22:02
70304135293760,2026-06-25,Jeudi,20:00,20:50,DNA Yvon Villarceau,Lagree,Jade C,0,0,True,disponible,2026-06-19 22:02
70304122195280,2026-06-25,Jeudi,20:30,21:20,DNA Victor Hugo,Lagree,Victoria Schafter,0,0,True,disponible,2026-06-19 22:02
70304122125320,2026-06-25,Jeudi,21:00,21:50,DNA Yvon Villarceau,Reformer,Eve Lacroix,0,0,True,disponible,2026-06-19 22:02
70309933324920,2026-06-26,Vendredi,08:00,08:50,DNA Yvon Villarceau,Reformer,Eve Lacroix,0,0,True,disponible,2026-06-20 14:18
70309935238860,2026-06-26,Vendredi,08:00,08:50,DNA Yvon Villarceau,Lagree,Nina Claro,0,0,True,disponible,2026-06-20 14:18
70309933390120,2026-06-26,Vendredi,08:30,09:15,DNA Victor Hugo,Lagree,isis Magnin (Suppléant),0,0,True,disponible,2026-06-20 14:18
70309934278980,2026-06-26,Vendredi,08:30,09:20,DNA Victor Hugo,Reformer,Soudi Zargham,0,0,True,disponible,2026-06-20 14:18
70309933319520,2026-06-26,Vendredi,09:00,09:50,DNA Yvon Villarceau,Reformer,Eve Lacroix,0,0,True,disponible,2026-06-20 14:18
70309935249100,2026-06-26,Vendredi,09:00,09:50,DNA Yvon Villarceau,Lagree,Nina Claro,0,0,True,disponible,2026-06-20 14:18
70309933399880,2026-06-26,Vendredi,09:30,10:15,DNA Victor Hugo,Lagree,isis Magnin (Suppléant),0,0,True,disponible,2026-06-20 14:18
70309934290640,2026-06-26,Vendredi,09:30,10:20,DNA Victor Hugo,Reformer,Soudi Zargham,0,0,True,disponible,2026-06-20 14:18
70309933329120,2026-06-26,Vendredi,10:00,10:50,DNA Yvon Villarceau,Reformer,Eve Lacroix,0,0,True,disponible,2026-06-20 14:18
70309935257140,2026-06-26,Vendredi,10:00,10:50,DNA Yvon Villarceau,Lagree,Nina Claro,0,0,True,disponible,2026-06-20 14:18
70309933407820,2026-06-26,Vendredi,10:30,11:15,DNA Victor Hugo,Lagree,isis Magnin (Suppléant),0,0,True,disponible,2026-06-20 14:18
70309934285040,2026-06-26,Vendredi,10:30,11:20,DNA Victor Hugo,Reformer,Soudi Zargham,0,0,True,disponible,2026-06-20 14:18
70309933338840,2026-06-26,Vendredi,11:00,11:50,DNA Yvon Villarceau,Reformer,Eve Lacroix,0,0,True,disponible,2026-06-20 14:18
70309935515960,2026-06-26,Vendredi,11:00,11:50,DNA Yvon Villarceau,Lagree,Nina Claro,0,0,True,disponible,2026-06-20 14:18
70309927285460,2026-06-26,Vendredi,11:30,12:20,DNA Victor Hugo,Reformer,Victoria Schafter,0,0,True,disponible,2026-06-20 14:18
70309934148940,2026-06-26,Vendredi,11:30,12:15,DNA Victor Hugo,Lagree,Carla B,0,0,True,disponible,2026-06-20 14:18
70309933350300,2026-06-26,Vendredi,12:00,12:50,DNA Yvon Villarceau,Reformer,Eve Lacroix,0,0,True,disponible,2026-06-20 14:18
70309935266420,2026-06-26,Vendredi,12:00,12:50,DNA Yvon Villarceau,Lagree,Nina Claro,0,0,True,disponible,2026-06-20 14:18
70309934144040,2026-06-26,Vendredi,12:30,13:20,DNA Victor Hugo,Reformer,Victoria Schafter,0,0,True,disponible,2026-06-20 14:18
70309934158580,2026-06-26,Vendredi,12:30,13:15,DNA Victor Hugo,Lagree,Carla B,0,0,True,disponible,2026-06-20 14:18
70309933345100,2026-06-26,Vendredi,13:00,13:50,DNA Yvon Villarceau,Reformer,Eve Lacroix,0,0,True,disponible,2026-06-20 14:18
70309935261080,2026-06-26,Vendredi,13:00,13:50,DNA Yvon Villarceau,Lagree,Nina Claro,0,0,True,disponible,2026-06-20 14:18
70309934179740,2026-06-26,Vendredi,13:30,14:20,DNA Victor Hugo,Reformer,Victoria Schafter,0,0,True,disponible,2026-06-20 14:18
70309933824740,2026-06-26,Vendredi,15:00,15:50,DNA Yvon Villarceau,Lagree,Carla Triboul (Suppléant),0,0,True,disponible,2026-06-20 14:18
70309933834060,2026-06-26,Vendredi,16:00,16:50,DNA Yvon Villarceau,Lagree,Carla Triboul (Suppléant),0,0,True,disponible,2026-06-20 14:18
70309927317880,2026-06-26,Vendredi,16:30,17:20,DNA Victor Hugo,Lagree,Mathilde Lafont,0,0,True,disponible,2026-06-20 14:18
70309927267020,2026-06-26,Vendredi,17:00,17:50,DNA Yvon Villarceau,Lagree,Carla Triboul (Suppléant),0,0,True,disponible,2026-06-20 14:18
70309927517240,2026-06-26,Vendredi,17:00,17:50,DNA Yvon Villarceau,Reformer,Lucrezia Amerio (Suppléant),0,0,True,disponible,2026-06-20 14:18
70309927328380,2026-06-26,Vendredi,17:30,18:20,DNA Victor Hugo,Lagree,Mathilde Lafont,0,0,True,disponible,2026-06-20 14:18
70309934200800,2026-06-26,Vendredi,17:30,18:20,DNA Victor Hugo,Reformer,Victoria Schafter,0,0,True,disponible,2026-06-20 14:18
70309927512480,2026-06-26,Vendredi,18:00,18:50,DNA Yvon Villarceau,Reformer,Lucrezia Amerio (Suppléant),0,0,True,disponible,2026-06-20 14:18
70309927679600,2026-06-26,Vendredi,18:00,18:50,DNA Yvon Villarceau,Lagree,Carla Triboul (Suppléant),0,0,True,disponible,2026-06-20 14:18
70309933402120,2026-06-26,Vendredi,18:30,19:15,DNA Victor Hugo,Lagree,Mathilde Lafont,0,0,True,disponible,2026-06-20 14:18
70309934190800,2026-06-26,Vendredi,18:30,19:20,DNA Victor Hugo,Reformer,Victoria Schafter,0,0,True,disponible,2026-06-20 14:18
70309927674580,2026-06-26,Vendredi,19:00,19:50,DNA Yvon Villarceau,Lagree,Carla Triboul (Suppléant),0,0,True,disponible,2026-06-20 14:18
70309933644220,2026-06-26,Vendredi,19:00,19:50,DNA Yvon Villarceau,Reformer,Lucrezia Amerio (Suppléant),0,0,True,disponible,2026-06-20 14:18
70309933413860,2026-06-26,Vendredi,19:30,20:15,DNA Victor Hugo,Lagree,Mathilde Lafont,0,0,True,disponible,2026-06-20 14:18
70309934138780,2026-06-26,Vendredi,19:30,20:20,DNA Victor Hugo,Reformer,Victoria Schafter,0,0,True,disponible,2026-06-20 14:18
70309927275380,2026-06-26,Vendredi,20:00,20:50,DNA Yvon Villarceau,Lagree,Carla Triboul (Suppléant),0,0,True,disponible,2026-06-20 14:18
70309933734460,2026-06-26,Vendredi,20:00,20:50,DNA Yvon Villarceau,Reformer,Lucrezia Amerio (Suppléant),0,0,True,disponible,2026-06-20 14:18
70309927571840,2026-06-26,Vendredi,21:00,21:50,DNA Yvon Villarceau,Reformer,Eve Lacroix,0,0,True,inconnu,2026-06-20 14:18
70304131493420,2026-06-27,Samedi,08:00,09:00,DNA Yvon Villarceau,Lagree,Alice Amat,0,0,True,inconnu,2026-06-21 15:25
70304131795960,2026-06-27,Samedi,09:00,09:50,DNA Yvon Villarceau,Reformer,Charlie DMC,0,0,True,disponible,2026-06-21 15:25
70304133752440,2026-06-27,Samedi,09:00,09:50,DNA Yvon Villarceau,Lagree,Vanessa Slomka,0,0,True,disponible,2026-06-21 15:25
70304132136360,2026-06-27,Samedi,09:30,10:15,DNA Victor Hugo,Lagree,Nina Claro,0,0,True,disponible,2026-06-21 15:25
70304136676420,2026-06-27,Samedi,09:30,10:20,DNA Victor Hugo,Reformer,Chloe Graeffly,0,0,True,disponible,2026-06-21 15:25
70304131905280,2026-06-27,Samedi,10:00,10:50,DNA Yvon Villarceau,Reformer,Charlie DMC,0,0,True,disponible,2026-06-21 15:25
70304133761460,2026-06-27,Samedi,10:00,10:50,DNA Yvon Villarceau,Lagree,Vanessa Slomka,0,0,True,disponible,2026-06-21 15:25
70304132131500,2026-06-27,Samedi,10:30,11:15,DNA Victor Hugo,Lagree,Nina Claro,0,0,True,disponible,2026-06-21 15:25
70304136687660,2026-06-27,Samedi,10:30,11:20,DNA Victor Hugo,Reformer,Chloe Graeffly,0,0,True,disponible,2026-06-21 15:25
70304131899480,2026-06-27,Samedi,11:00,11:50,DNA Yvon Villarceau,Reformer,Charlie DMC,0,0,True,disponible,2026-06-21 15:25
70304132228980,2026-06-27,Samedi,11:00,11:50,DNA Yvon Villarceau,Lagree,Vanessa Slomka,0,0,True,disponible,2026-06-21 15:25
70304132143240,2026-06-27,Samedi,11:30,12:15,DNA Victor Hugo,Lagree,Nina Claro,0,0,True,disponible,2026-06-21 15:25
70304136696880,2026-06-27,Samedi,11:30,12:20,DNA Victor Hugo,Reformer,Chloe Graeffly,0,0,True,disponible,2026-06-21 15:25
70304131918720,2026-06-27,Samedi,12:00,12:50,DNA Yvon Villarceau,Reformer,Charlie DMC,0,0,True,disponible,2026-06-21 15:25
70304132240100,2026-06-27,Samedi,12:00,12:50,DNA Yvon Villarceau,Lagree,Vanessa Slomka,0,0,True,disponible,2026-06-21 15:25
70304134153820,2026-06-27,Samedi,12:30,13:15,DNA Victor Hugo,Lagree,Hala Takkiedine,0,0,True,disponible,2026-06-21 15:25
70304136756380,2026-06-27,Samedi,12:30,13:20,DNA Victor Hugo,Reformer,Chloe Graeffly,0,0,True,disponible,2026-06-21 15:25
70304131935620,2026-06-27,Samedi,13:00,13:50,DNA Yvon Villarceau,Reformer,Charlie DMC,0,0,True,disponible,2026-06-21 15:25
70304133430020,2026-06-27,Samedi,13:00,13:50,DNA Yvon Villarceau,Lagree,Vanessa Slomka,0,0,True,disponible,2026-06-21 15:25
70304134163400,2026-06-27,Samedi,13:30,14:15,DNA Victor Hugo,Lagree,Hala Takkiedine,0,0,True,disponible,2026-06-21 15:25
70304136692740,2026-06-27,Samedi,13:30,14:20,DNA Victor Hugo,Reformer,Olivia Lamarre Reyner (Suppléant),0,0,True,disponible,2026-06-21 15:25
70304131722760,2026-06-27,Samedi,14:00,14:50,DNA Yvon Villarceau,Reformer,Nina Claro,0,0,True,disponible,2026-06-21 15:25
70304136888180,2026-06-27,Samedi,14:00,14:50,DNA Yvon Villarceau,Lagree,Lucrezia Amerio,0,0,True,disponible,2026-06-21 15:25
70304134174680,2026-06-27,Samedi,14:30,15:15,DNA Victor Hugo,Lagree,Hala Takkiedine,0,0,True,disponible,2026-06-21 15:25
70304136897480,2026-06-27,Samedi,14:30,15:20,DNA Victor Hugo,Reformer,Olivia Lamarre Reyner,0,0,True,disponible,2026-06-21 15:25
70304131823280,2026-06-27,Samedi,15:00,15:50,DNA Yvon Villarceau,Reformer,Nina Claro,0,0,True,disponible,2026-06-21 15:25
70304136882860,2026-06-27,Samedi,15:00,15:50,DNA Yvon Villarceau,Lagree,Lucrezia Amerio,0,0,True,disponible,2026-06-21 15:25
70304136908000,2026-06-27,Samedi,15:30,16:20,DNA Victor Hugo,Reformer,Olivia Lamarre Reyner,0,0,True,disponible,2026-06-21 15:25
70304131599640,2026-06-27,Samedi,16:00,16:50,DNA Yvon Villarceau,Reformer,Nina Claro,0,0,True,inconnu,2026-06-21 15:25
70304137008320,2026-06-27,Samedi,16:00,16:50,DNA Yvon Villarceau,Lagree,Laura Provost,0,0,True,disponible,2026-06-21 15:25
70304136749240,2026-06-27,Samedi,16:30,17:20,DNA Victor Hugo,Reformer,Lucrezia Amerio,0,0,True,disponible,2026-06-21 15:25
70304136925940,2026-06-27,Samedi,16:30,17:20,DNA Victor Hugo,Lagree,Carla Triboul,0,0,True,disponible,2026-06-21 15:25
70304136648000,2026-06-27,Samedi,17:00,17:50,DNA Yvon Villarceau,Reformer,Chloe Graeffly,0,0,True,disponible,2026-06-21 15:25
70304137003240,2026-06-27,Samedi,17:00,17:50,DNA Yvon Villarceau,Lagree,Laura Provost,0,0,True,disponible,2026-06-21 15:25
70304136759980,2026-06-27,Samedi,17:30,18:20,DNA Victor Hugo,Reformer,Lucrezia Amerio,0,0,True,disponible,2026-06-21 15:25
70304136936620,2026-06-27,Samedi,17:30,18:15,DNA Victor Hugo,Lagree,Carla Triboul,0,0,True,disponible,2026-06-21 15:25
70304136658340,2026-06-27,Samedi,18:00,18:50,DNA Yvon Villarceau,Reformer,Chloe Graeffly,0,0,True,disponible,2026-06-21 15:25
70304137014540,2026-06-27,Samedi,18:00,18:50,DNA Yvon Villarceau,Lagree,Laura Provost,0,0,True,disponible,2026-06-21 15:25
70304136769240,2026-06-27,Samedi,18:30,19:20,DNA Victor Hugo,Reformer,Lucrezia Amerio,0,0,True,disponible,2026-06-21 15:25
70304136929540,2026-06-27,Samedi,18:30,19:15,DNA Victor Hugo,Lagree,Carla Triboul,0,0,True,disponible,2026-06-21 15:25
70304136675160,2026-06-27,Samedi,19:00,19:50,DNA Yvon Villarceau,Reformer,Chloe Graeffly,0,0,True,disponible,2026-06-21 15:25
70304137025760,2026-06-27,Samedi,19:00,19:50,DNA Yvon Villarceau,Lagree,Laura Provost,0,0,True,disponible,2026-06-21 15:25
70304136779420,2026-06-27,Samedi,19:30,20:20,DNA Victor Hugo,Reformer,Lucrezia Amerio,0,0,True,disponible,2026-06-21 15:25
70304136941040,2026-06-27,Samedi,19:30,20:15,DNA Victor Hugo,Lagree,Carla Triboul,0,0,True,disponible,2026-06-21 15:25
70113542356160,2026-06-28,Dimanche,09:00,09:50,DNA Yvon Villarceau,Lagree,Nina Claro,0,0,True,disponible,2026-06-24 09:52
70113543193520,2026-06-28,Dimanche,09:00,09:50,DNA Yvon Villarceau,Reformer,Eve Lacroix,0,0,True,disponible,2026-06-24 09:52
70113404208580,2026-06-28,Dimanche,09:30,10:20,DNA Victor Hugo,Reformer,Cecilia Pinto,0,0,True,disponible,2026-06-24 09:52
70113543754240,2026-06-28,Dimanche,09:30,10:15,DNA Victor Hugo,Lagree,Yasmine Khoulalene (Suppléant),0,0,True,disponible,2026-06-24 09:52
70113542348920,2026-06-28,Dimanche,10:00,10:50,DNA Yvon Villarceau,Lagree,Nina Claro,0,0,True,disponible,2026-06-24 09:52
70113543240920,2026-06-28,Dimanche,10:00,10:50,DNA Yvon Villarceau,Reformer,Eve Lacroix,0,0,True,disponible,2026-06-24 09:52
70113397757580,2026-06-28,Dimanche,10:30,11:20,DNA Victor Hugo,Reformer,Cecilia Pinto,0,0,True,disponible,2026-06-24 09:52
70113543784500,2026-06-28,Dimanche,10:30,11:15,DNA Victor Hugo,Lagree,Yasmine Khoulalene (Suppléant),0,0,True,disponible,2026-06-24 09:52
70113542393220,2026-06-28,Dimanche,11:00,11:50,DNA Yvon Villarceau,Lagree,Nina Claro,0,0,True,disponible,2026-06-24 09:52
70113543247560,2026-06-28,Dimanche,11:00,11:50,DNA Yvon Villarceau,Reformer,Eve Lacroix,0,0,True,disponible,2026-06-24 09:52
70113397793560,2026-06-28,Dimanche,11:30,12:20,DNA Victor Hugo,Reformer,Cecilia Pinto,0,0,True,disponible,2026-06-24 09:52
70113543801440,2026-06-28,Dimanche,11:30,12:15,DNA Victor Hugo,Lagree,Yasmine Khoulalene (Suppléant),0,0,True,disponible,2026-06-24 09:52
70113542400100,2026-06-28,Dimanche,12:00,12:50,DNA Yvon Villarceau,Lagree,Nina Claro,0,0,True,disponible,2026-06-24 09:52
70113543279620,2026-06-28,Dimanche,12:00,12:50,DNA Yvon Villarceau,Reformer,Eve Lacroix,0,0,True,disponible,2026-06-24 09:52
70113395448540,2026-06-28,Dimanche,12:30,13:20,DNA Victor Hugo,Reformer,Cecilia Pinto,0,0,True,disponible,2026-06-24 09:52
70113543820120,2026-06-28,Dimanche,12:30,13:15,DNA Victor Hugo,Lagree,Mathilde Lafont,0,0,True,disponible,2026-06-24 09:52
70113542408500,2026-06-28,Dimanche,13:00,13:50,DNA Yvon Villarceau,Lagree,Nina Claro,0,0,True,disponible,2026-06-24 09:52
70113543312480,2026-06-28,Dimanche,13:00,13:50,DNA Yvon Villarceau,Reformer,Eve Lacroix,0,0,True,disponible,2026-06-24 09:52
70113543837480,2026-06-28,Dimanche,13:30,14:15,DNA Victor Hugo,Lagree,Mathilde Lafont,0,0,True,disponible,2026-06-24 09:52
70113542975020,2026-06-28,Dimanche,14:00,14:50,DNA Yvon Villarceau,Lagree,Nina Claro,0,0,True,disponible,2026-06-24 09:52
70113543346640,2026-06-28,Dimanche,14:00,14:50,DNA Yvon Villarceau,Reformer,Eve Lacroix,0,0,True,disponible,2026-06-24 09:52
70113543863460,2026-06-28,Dimanche,14:30,15:15,DNA Victor Hugo,Lagree,Mathilde Lafont,0,0,True,disponible,2026-06-24 09:52
70113410279520,2026-06-28,Dimanche,15:00,15:50,DNA Yvon Villarceau,Reformer,Olivia Lamarre Reyner,0,0,True,disponible,2026-06-24 09:52
70113543871100,2026-06-28,Dimanche,15:30,16:15,DNA Victor Hugo,Lagree,Mathilde Lafont,0,0,True,disponible,2026-06-24 09:52
70113410341900,2026-06-28,Dimanche,16:00,16:50,DNA Yvon Villarceau,Reformer,Olivia Lamarre Reyner,0,0,True,disponible,2026-06-24 09:52
70113545360720,2026-06-28,Dimanche,16:00,16:50,DNA Yvon Villarceau,Lagree,Catrin Karlson English class,0,0,True,disponible,2026-06-24 09:52
70113410372380,2026-06-28,Dimanche,17:00,17:50,DNA Yvon Villarceau,Reformer,Olivia Lamarre Reyner,0,0,True,disponible,2026-06-24 09:52
70113545393840,2026-06-28,Dimanche,17:00,17:50,DNA Yvon Villarceau,Lagree,Catrin Karlson English class,0,0,True,disponible,2026-06-24 09:52
70113403135520,2026-06-28,Dimanche,17:30,18:20,DNA Victor Hugo,Reformer,Lucrezia Amerio (Suppléant),0,0,True,disponible,2026-06-24 09:52
70113545426460,2026-06-28,Dimanche,18:00,18:50,DNA Yvon Villarceau,Lagree,Catrin Karlson English class,0,0,True,disponible,2026-06-24 09:52
70113546793920,2026-06-28,Dimanche,18:00,18:50,DNA Yvon Villarceau,Reformer,Olivia Lamarre Reyner (Suppléant),0,0,True,disponible,2026-06-24 09:52
70113396626160,2026-06-28,Dimanche,18:30,19:15,DNA Victor Hugo,Lagree,Hala Takkiedine,0,0,True,disponible,2026-06-24 09:52
70113407367680,2026-06-28,Dimanche,18:30,19:20,DNA Victor Hugo,Reformer,Lucrezia Amerio (Suppléant),0,0,True,disponible,2026-06-24 09:52
70113545458580,2026-06-28,Dimanche,19:00,19:50,DNA Yvon Villarceau,Lagree,Catrin Karlson English class,0,0,True,disponible,2026-06-24 09:52
70113546826320,2026-06-28,Dimanche,19:00,19:50,DNA Yvon Villarceau,Reformer,Olivia Lamarre Reyner (Suppléant),0,0,True,disponible,2026-06-24 09:52
70113396648680,2026-06-28,Dimanche,19:30,20:15,DNA Victor Hugo,Lagree,Hala Takkiedine,0,0,True,disponible,2026-06-24 09:52
70113542721960,2026-06-29,Lundi,08:00,08:50,DNA Yvon Villarceau,Reformer,Rebecca Raccah,0,0,True,disponible,2026-06-24 09:52
70113542887740,2026-06-29,Lundi,08:00,08:50,DNA Yvon Villarceau,Lagree,isis Magnin (Suppléant),0,0,True,disponible,2026-06-24 09:52
70113427533320,2026-06-29,Lundi,08:30,09:20,DNA Victor Hugo,Lagree,Melody Naggar,0,0,True,disponible,2026-06-24 09:52
70113539367020,2026-06-29,Lundi,08:30,09:20,DNA Victor Hugo,Reformer,Joy Duquesne,0,0,True,disponible,2026-06-24 09:52
70113542415460,2026-06-29,Lundi,09:00,09:50,DNA Yvon Villarceau,Reformer,Rebecca Raccah,0,0,True,disponible,2026-06-24 09:52
70113542896680,2026-06-29,Lundi,09:00,09:50,DNA Yvon Villarceau,Lagree,isis Magnin (Suppléant),0,0,True,disponible,2026-06-24 09:52
70113427549940,2026-06-29,Lundi,09:30,10:20,DNA Victor Hugo,Lagree,Melody Naggar,0,0,True,disponible,2026-06-24 09:52
70113539411960,2026-06-29,Lundi,09:30,10:20,DNA Victor Hugo,Reformer,Joy Duquesne,0,0,True,disponible,2026-06-24 09:52
70113542472140,2026-06-29,Lundi,10:00,10:50,DNA Yvon Villarceau,Lagree,isis Magnin (Suppléant),0,0,True,disponible,2026-06-24 09:52
70113542520100,2026-06-29,Lundi,10:00,10:50,DNA Yvon Villarceau,Reformer,Rebecca Raccah,0,0,True,disponible,2026-06-24 09:52
70113427572420,2026-06-29,Lundi,10:30,11:20,DNA Victor Hugo,Lagree,Melody Naggar,0,0,True,disponible,2026-06-24 09:52
70113539417780,2026-06-29,Lundi,10:30,11:20,DNA Victor Hugo,Reformer,Joy Duquesne,0,0,True,disponible,2026-06-24 09:52
70113542536420,2026-06-29,Lundi,11:00,11:50,DNA Yvon Villarceau,Reformer,Rebecca Raccah,0,0,True,disponible,2026-06-24 09:52
70113542890240,2026-06-29,Lundi,11:00,11:50,DNA Yvon Villarceau,Lagree,isis Magnin (Suppléant),0,0,True,disponible,2026-06-24 09:52
70113539462800,2026-06-29,Lundi,11:30,12:20,DNA Victor Hugo,Reformer,Carla B,0,0,True,disponible,2026-06-24 09:52
70113545642820,2026-06-29,Lundi,11:30,12:15,DNA Victor Hugo,Lagree,Sarah Elfassy,0,0,True,disponible,2026-06-24 09:52
70113543494940,2026-06-29,Lundi,12:00,12:50,DNA Yvon Villarceau,Reformer,Charlie DMC,0,0,True,disponible,2026-06-24 09:52
70113545246660,2026-06-29,Lundi,12:00,12:50,DNA Yvon Villarceau,Lagree,Catrin Karlson English class,0,0,True,disponible,2026-06-24 09:52
70113539494880,2026-06-29,Lundi,12:30,13:20,DNA Victor Hugo,Reformer,Carla B,0,0,True,disponible,2026-06-24 09:52
70113545634600,2026-06-29,Lundi,12:30,13:15,DNA Victor Hugo,Lagree,Sarah Elfassy,0,0,True,disponible,2026-06-24 09:52
70113412264420,2026-06-29,Lundi,13:00,13:50,DNA Yvon Villarceau,Lagree,Catrin Karlson English class,0,0,True,disponible,2026-06-24 09:52
70113543488900,2026-06-29,Lundi,13:00,13:50,DNA Yvon Villarceau,Reformer,Charlie DMC,0,0,True,disponible,2026-06-24 09:52
70113539501320,2026-06-29,Lundi,13:30,14:20,DNA Victor Hugo,Reformer,Carla B,0,0,True,disponible,2026-06-24 09:52
70113539713000,2026-06-29,Lundi,13:30,14:20,DNA Victor Hugo,Lagree,Sarah Elfassy,0,0,True,disponible,2026-06-24 09:52
70113404082760,2026-06-29,Lundi,14:00,14:50,DNA Yvon Villarceau,Lagree,Catrin Karlson English class,0,0,True,disponible,2026-06-24 09:52
70113546006560,2026-06-29,Lundi,14:00,14:50,DNA Yvon Villarceau,Reformer,Charlie DMC,0,0,True,disponible,2026-06-24 09:52
70113539746860,2026-06-29,Lundi,14:30,15:20,DNA Victor Hugo,Reformer,Sarah Elfassy,0,0,True,disponible,2026-06-24 09:52
70113545675760,2026-06-29,Lundi,15:00,15:50,DNA Yvon Villarceau,Lagree,Calista Ruat (Suppléant),0,0,True,disponible,2026-06-24 09:52
70113539755680,2026-06-29,Lundi,15:30,16:20,DNA Victor Hugo,Reformer,Sarah Elfassy,0,0,True,disponible,2026-06-24 09:52
70113543498980,2026-06-29,Lundi,16:00,16:50,DNA Yvon Villarceau,Reformer,Charlie DMC,0,0,True,disponible,2026-06-24 09:52
70113545683060,2026-06-29,Lundi,16:00,16:50,DNA Yvon Villarceau,Lagree,Calista Ruat (Suppléant),0,0,True,disponible,2026-06-24 09:52
70113542530660,2026-06-29,Lundi,17:00,17:50,DNA Yvon Villarceau,Lagree,Calista Ruat (Suppléant),0,0,True,disponible,2026-06-24 09:52
70113543535060,2026-06-29,Lundi,17:00,17:50,DNA Yvon Villarceau,Reformer,Charlie DMC,0,0,True,disponible,2026-06-24 09:52
70113539144260,2026-06-29,Lundi,17:30,18:20,DNA Victor Hugo,Reformer,Rebecca Raccah,0,0,True,disponible,2026-06-24 09:52
70113543928660,2026-06-29,Lundi,17:30,18:15,DNA Victor Hugo,Lagree,Carla B,0,0,True,disponible,2026-06-24 09:52
70113542548100,2026-06-29,Lundi,18:00,18:50,DNA Yvon Villarceau,Lagree,Calista Ruat (Suppléant),0,0,True,disponible,2026-06-24 09:52
70113544073400,2026-06-29,Lundi,18:00,18:50,DNA Yvon Villarceau,Reformer,Charlie DMC,0,0,True,disponible,2026-06-24 09:52
70113539177840,2026-06-29,Lundi,18:30,19:20,DNA Victor Hugo,Reformer,Rebecca Raccah,0,0,True,disponible,2026-06-24 09:52
70113543943960,2026-06-29,Lundi,18:30,19:15,DNA Victor Hugo,Lagree,Carla B,0,0,True,disponible,2026-06-24 09:52
70113542565320,2026-06-29,Lundi,19:00,19:50,DNA Yvon Villarceau,Lagree,Calista Ruat (Suppléant),0,0,True,disponible,2026-06-24 09:52
70113546176600,2026-06-29,Lundi,19:00,19:50,DNA Yvon Villarceau,Reformer,Marie De Saint Simon,0,0,True,disponible,2026-06-24 09:52
70113539171300,2026-06-29,Lundi,19:30,20:20,DNA Victor Hugo,Reformer,Rebecca Raccah,0,0,True,disponible,2026-06-24 09:52
70113543968820,2026-06-29,Lundi,19:30,20:15,DNA Victor Hugo,Lagree,Catrin Karlson English class,0,0,True,disponible,2026-06-24 09:52
70113542591860,2026-06-29,Lundi,20:00,20:50,DNA Yvon Villarceau,Lagree,Calista Ruat (Suppléant),0,0,True,disponible,2026-06-24 09:52
70113546222400,2026-06-29,Lundi,20:00,20:50,DNA Yvon Villarceau,Reformer,Marie De Saint Simon,0,0,True,disponible,2026-06-24 09:52
70113543993000,2026-06-29,Lundi,20:30,21:15,DNA Victor Hugo,Lagree,Catrin Karlson English class,0,0,True,disponible,2026-06-24 09:52
70113546254500,2026-06-29,Lundi,21:00,21:50,DNA Yvon Villarceau,Reformer,Marie De Saint Simon,0,0,True,disponible,2026-06-24 09:52
47098006948580,2026-06-30,Mardi,08:00,08:50,DNA Yvon Villarceau,Lagree,Victoria Schafter,0,0,True,disponible,2026-06-23 09:57
70125489902200,2026-06-30,Mardi,08:00,08:50,DNA Yvon Villarceau,Reformer,Charlie DMC,0,0,True,disponible,2026-06-23 09:57
47098011449780,2026-06-30,Mardi,08:30,09:20,DNA Victor Hugo,Reformer,Laura Provost (Suppléant),0,0,True,disponible,2026-06-23 09:57
47098037132960,2026-06-30,Mardi,08:30,09:20,DNA Victor Hugo,Lagree,Melody Naggar,0,0,True,disponible,2026-06-23 09:57
47098007047480,2026-06-30,Mardi,09:00,09:50,DNA Yvon Villarceau,Lagree,Victoria Schafter,0,0,True,disponible,2026-06-23 09:57
70125489913520,2026-06-30,Mardi,09:00,09:50,DNA Yvon Villarceau,Reformer,Charlie DMC,0,0,True,disponible,2026-06-23 09:57
47098011527660,2026-06-30,Mardi,09:30,10:20,DNA Victor Hugo,Reformer,Laura Provost (Suppléant),0,0,True,disponible,2026-06-23 09:57
47098037152620,2026-06-30,Mardi,09:30,10:20,DNA Victor Hugo,Lagree,Melody Naggar,0,0,True,disponible,2026-06-23 09:57
47098007096540,2026-06-30,Mardi,10:00,10:50,DNA Yvon Villarceau,Lagree,Victoria Schafter,0,0,True,disponible,2026-06-23 09:57
70125489908100,2026-06-30,Mardi,10:00,10:50,DNA Yvon Villarceau,Reformer,Charlie DMC,0,0,True,disponible,2026-06-23 09:57
47098005327240,2026-06-30,Mardi,10:30,11:15,DNA Victor Hugo,Lagree,Leann Mroueh,0,0,True,disponible,2026-06-23 09:57
70125489495800,2026-06-30,Mardi,11:00,11:50,DNA Yvon Villarceau,Reformer,Soudi Zargham,0,0,True,disponible,2026-06-23 09:57
70125489620840,2026-06-30,Mardi,11:00,11:50,DNA Yvon Villarceau,Lagree,Carla B,0,0,True,disponible,2026-06-23 09:57
47098005409280,2026-06-30,Mardi,11:30,12:15,DNA Victor Hugo,Lagree,Leann Mroueh,0,0,True,disponible,2026-06-23 09:57
47098011597000,2026-06-30,Mardi,11:30,12:20,DNA Victor Hugo,Reformer,Victoria Schafter (Suppléant),0,0,True,disponible,2026-06-23 09:57
47097985084180,2026-06-30,Mardi,12:00,12:50,DNA Yvon Villarceau,Lagree,Carla B,0,0,True,disponible,2026-06-23 09:57
70125489490960,2026-06-30,Mardi,12:00,12:50,DNA Yvon Villarceau,Reformer,Soudi Zargham,0,0,True,disponible,2026-06-23 09:57
47098005458820,2026-06-30,Mardi,12:30,13:15,DNA Victor Hugo,Lagree,Leann Mroueh,0,0,True,disponible,2026-06-23 09:57
47098011668300,2026-06-30,Mardi,12:30,13:20,DNA Victor Hugo,Reformer,Victoria Schafter (Suppléant),0,0,True,disponible,2026-06-23 09:57
47097985195360,2026-06-30,Mardi,13:00,13:50,DNA Yvon Villarceau,Lagree,Carla B,0,0,True,disponible,2026-06-23 09:57
70125489501560,2026-06-30,Mardi,13:00,13:50,DNA Yvon Villarceau,Reformer,Soudi Zargham,0,0,True,disponible,2026-06-23 09:57
47098005535960,2026-06-30,Mardi,13:30,14:15,DNA Victor Hugo,Lagree,Leann Mroueh,0,0,True,disponible,2026-06-23 09:57
47098011776400,2026-06-30,Mardi,13:30,14:20,DNA Victor Hugo,Reformer,Victoria Schafter (Suppléant),0,0,True,disponible,2026-06-23 09:57
47097985250240,2026-06-30,Mardi,14:00,14:50,DNA Yvon Villarceau,Lagree,Carla B,0,0,True,disponible,2026-06-23 09:57
47098038204040,2026-06-30,Mardi,14:30,15:20,DNA Victor Hugo,Reformer,Olivia Lamarre Reyner,0,0,True,disponible,2026-06-23 09:57
47098038233900,2026-06-30,Mardi,15:30,16:20,DNA Victor Hugo,Reformer,Olivia Lamarre Reyner,0,0,True,disponible,2026-06-23 09:57
47097997737340,2026-06-30,Mardi,16:00,16:50,DNA Yvon Villarceau,Reformer,Charlie DMC,0,0,True,disponible,2026-06-23 09:57
47098038302940,2026-06-30,Mardi,16:30,17:20,DNA Victor Hugo,Reformer,Olivia Lamarre Reyner,0,0,True,disponible,2026-06-23 09:57
47097997846660,2026-06-30,Mardi,17:00,17:50,DNA Yvon Villarceau,Reformer,Charlie DMC,0,0,True,disponible,2026-06-23 09:57
70125489939740,2026-06-30,Mardi,17:00,17:50,DNA Yvon Villarceau,Lagree,Carla B,0,0,True,disponible,2026-06-23 09:57
47097996772060,2026-06-30,Mardi,17:30,18:15,DNA Victor Hugo,Lagree,Leann Mroueh,0,0,True,disponible,2026-06-23 09:57
47098004747000,2026-06-30,Mardi,18:00,18:50,DNA Yvon Villarceau,Reformer,Charlie DMC,0,0,True,disponible,2026-06-23 09:57
70125489948580,2026-06-30,Mardi,18:00,18:50,DNA Yvon Villarceau,Lagree,Carla B,0,0,True,disponible,2026-06-23 09:57
47097996901900,2026-06-30,Mardi,18:30,19:15,DNA Victor Hugo,Lagree,Leann Mroueh,0,0,True,disponible,2026-06-23 09:57
47098013749500,2026-06-30,Mardi,18:30,19:20,DNA Victor Hugo,Reformer,Cecilia Pinto,0,0,True,disponible,2026-06-23 09:57
47097996994220,2026-06-30,Mardi,19:00,19:50,DNA Yvon Villarceau,Lagree,Calista Ruat,0,0,True,disponible,2026-06-23 09:57
47097997105140,2026-06-30,Mardi,19:00,19:50,DNA Yvon Villarceau,Reformer,Melody Naggar (Suppléant),0,0,True,disponible,2026-06-23 09:57
47097996608840,2026-06-30,Mardi,19:30,20:15,DNA Victor Hugo,Lagree,Leann Mroueh,0,0,True,disponible,2026-06-23 09:57
47098013728460,2026-06-30,Mardi,19:30,20:20,DNA Victor Hugo,Reformer,Cecilia Pinto,0,0,True,disponible,2026-06-23 09:57
47097997043420,2026-06-30,Mardi,20:00,20:50,DNA Yvon Villarceau,Lagree,Calista Ruat,0,0,True,disponible,2026-06-23 09:57
47097997509620,2026-06-30,Mardi,20:00,20:50,DNA Yvon Villarceau,Reformer,Melody Naggar (Suppléant),0,0,True,disponible,2026-06-23 09:57
47097996844980,2026-06-30,Mardi,20:30,21:15,DNA Victor Hugo,Lagree,Leann Mroueh,0,0,True,disponible,2026-06-23 09:57
47098013924620,2026-06-30,Mardi,20:30,21:20,DNA Victor Hugo,Reformer,Cecilia Pinto,0,0,True,disponible,2026-06-23 09:57
47097997638020,2026-06-30,Mardi,21:00,21:50,DNA Yvon Villarceau,Reformer,Melody Naggar (Suppléant),0,0,True,disponible,2026-06-23 09:57
47098037573320,2026-06-30,Mardi,21:00,21:50,DNA Yvon Villarceau,Lagree,Calista Ruat,0,0,True,disponible,2026-06-23 09:57
70125489743980,2026-07-01,Mercredi,07:00,07:50,DNA Yvon Villarceau,Lagree,Kim Sarfati,0,0,True,inconnu,2026-06-23 09:57
70125489539980,2026-07-01,Mercredi,08:00,08:50,DNA Yvon Villarceau,Reformer,Rebecca Raccah,0,0,True,disponible,2026-06-23 09:57
70125489615120,2026-07-01,Mercredi,08:00,08:50,DNA Yvon Villarceau,Lagree,Ela Anastasia,0,0,True,disponible,2026-06-23 09:57
47098009302880,2026-07-01,Mercredi,08:30,09:20,DNA Victor Hugo,Reformer,Charlie DMC,0,0,True,disponible,2026-06-23 09:57
47098037192160,2026-07-01,Mercredi,08:30,09:20,DNA Victor Hugo,Lagree,Melody Naggar,0,0,True,disponible,2026-06-23 09:57
70125489551040,2026-07-01,Mercredi,09:00,09:50,DNA Yvon Villarceau,Reformer,Rebecca Raccah,0,0,True,disponible,2026-06-23 09:57
70125489625420,2026-07-01,Mercredi,09:00,09:50,DNA Yvon Villarceau,Lagree,Ela Anastasia,0,0,True,disponible,2026-06-23 09:57
47098009327180,2026-07-01,Mercredi,09:30,10:20,DNA Victor Hugo,Reformer,Charlie DMC,0,0,True,disponible,2026-06-23 09:57
47098037288120,2026-07-01,Mercredi,09:30,10:20,DNA Victor Hugo,Lagree,Melody Naggar,0,0,True,disponible,2026-06-23 09:57
70125489496560,2026-07-01,Mercredi,10:00,10:50,DNA Yvon Villarceau,Lagree,Ela Anastasia,0,0,True,disponible,2026-06-23 09:57
70125489507900,2026-07-01,Mercredi,10:00,10:50,DNA Yvon Villarceau,Reformer,Rebecca Raccah,0,0,True,disponible,2026-06-23 09:57
47098009391520,2026-07-01,Mercredi,10:30,11:20,DNA Victor Hugo,Reformer,Charlie DMC,0,0,True,disponible,2026-06-23 09:57
47098037280820,2026-07-01,Mercredi,10:30,11:20,DNA Victor Hugo,Lagree,Melody Naggar,0,0,True,disponible,2026-06-23 09:57
70125489513500,2026-07-01,Mercredi,11:00,11:50,DNA Yvon Villarceau,Reformer,Rebecca Raccah,0,0,True,disponible,2026-06-23 09:57
70125489518540,2026-07-01,Mercredi,11:00,11:50,DNA Yvon Villarceau,Lagree,Ela Anastasia,0,0,True,disponible,2026-06-23 09:57
47098008950180,2026-07-01,Mercredi,11:30,12:15,DNA Victor Hugo,Lagree,Victoria Schafter,0,0,True,disponible,2026-06-23 09:57
47098013073880,2026-07-01,Mercredi,11:30,12:20,DNA Victor Hugo,Reformer,Charlie DMC,0,0,True,disponible,2026-06-23 09:57
47097996488980,2026-07-01,Mercredi,12:00,12:50,DNA Yvon Villarceau,Lagree,Ela Anastasia,0,0,True,disponible,2026-06-23 09:57
70125489524600,2026-07-01,Mercredi,12:00,12:50,DNA Yvon Villarceau,Reformer,Rebecca Raccah,0,0,True,disponible,2026-06-23 09:57
47098008980320,2026-07-01,Mercredi,12:30,13:15,DNA Victor Hugo,Lagree,Victoria Schafter,0,0,True,disponible,2026-06-23 09:57
47098009581360,2026-07-01,Mercredi,12:30,13:20,DNA Victor Hugo,Reformer,Charlie DMC,0,0,True,disponible,2026-06-23 09:57
47097996560340,2026-07-01,Mercredi,13:00,13:50,DNA Yvon Villarceau,Lagree,Carla B,0,0,True,disponible,2026-06-23 09:57
70125489535500,2026-07-01,Mercredi,13:00,13:50,DNA Yvon Villarceau,Reformer,Rebecca Raccah,0,0,True,disponible,2026-06-23 09:57
47098009058040,2026-07-01,Mercredi,13:30,14:15,DNA Victor Hugo,Lagree,Victoria Schafter,0,0,True,disponible,2026-06-23 09:57
47098004812460,2026-07-01,Mercredi,14:00,14:50,DNA Yvon Villarceau,Reformer,Leann Mroueh,0,0,True,disponible,2026-06-23 09:57
70125489959520,2026-07-01,Mercredi,14:00,14:50,DNA Yvon Villarceau,Lagree,Carla B,0,0,True,disponible,2026-06-23 09:57
47098009165000,2026-07-01,Mercredi,14:30,15:15,DNA Victor Hugo,Lagree,Victoria Schafter,0,0,True,disponible,2026-06-23 09:57
47098036330080,2026-07-01,Mercredi,14:30,15:20,DNA Victor Hugo,Reformer,Sarah Elfassy,0,0,True,disponible,2026-06-23 09:57
47098004854100,2026-07-01,Mercredi,15:00,15:50,DNA Yvon Villarceau,Reformer,Leann Mroueh,0,0,True,disponible,2026-06-23 09:57
70125489970840,2026-07-01,Mercredi,15:00,15:50,DNA Yvon Villarceau,Lagree,Carla B,0,0,True,disponible,2026-06-23 09:57
47098036359980,2026-07-01,Mercredi,15:30,16:20,DNA Victor Hugo,Reformer,Sarah Elfassy,0,0,True,disponible,2026-06-23 09:57
47098004946280,2026-07-01,Mercredi,16:00,16:50,DNA Yvon Villarceau,Reformer,Leann Mroueh,0,0,True,disponible,2026-06-23 09:57
47097988981820,2026-07-01,Mercredi,17:00,17:50,DNA Yvon Villarceau,Lagree,Ela Anastasia,0,0,True,disponible,2026-06-23 09:57
47098004993120,2026-07-01,Mercredi,17:00,17:50,DNA Yvon Villarceau,Reformer,Leann Mroueh,0,0,True,disponible,2026-06-23 09:57
47098014008940,2026-07-01,Mercredi,17:30,18:20,DNA Victor Hugo,Reformer,Cecilia Pinto,0,0,True,disponible,2026-06-23 09:57
47098036790840,2026-07-01,Mercredi,17:30,18:15,DNA Victor Hugo,Lagree,Melody Naggar,0,0,True,disponible,2026-06-23 09:57
47097989592660,2026-07-01,Mercredi,18:00,18:50,DNA Yvon Villarceau,Lagree,Ela Anastasia,0,0,True,disponible,2026-06-23 09:57
70125489923960,2026-07-01,Mercredi,18:00,18:50,DNA Yvon Villarceau,Reformer,Charlie DMC,0,0,True,disponible,2026-06-23 09:57
47098014107120,2026-07-01,Mercredi,18:30,19:20,DNA Victor Hugo,Reformer,Cecilia Pinto,0,0,True,disponible,2026-06-23 09:57
47098037866640,2026-07-01,Mercredi,18:30,19:20,DNA Victor Hugo,Lagree,Melody Naggar,0,0,True,disponible,2026-06-23 09:57
47097994513600,2026-07-01,Mercredi,19:00,19:50,DNA Yvon Villarceau,Lagree,Ela Anastasia,0,0,True,disponible,2026-06-23 09:57
70125489572900,2026-07-01,Mercredi,19:00,19:50,DNA Yvon Villarceau,Reformer,Charlie DMC,0,0,True,disponible,2026-06-23 09:57
47098035121740,2026-07-01,Mercredi,19:30,20:20,DNA Victor Hugo,Reformer,Cecilia Pinto,0,0,True,disponible,2026-06-23 09:57
47098036865460,2026-07-01,Mercredi,19:30,20:15,DNA Victor Hugo,Lagree,Melody Naggar,0,0,True,disponible,2026-06-23 09:57
47097994809340,2026-07-01,Mercredi,20:00,20:50,DNA Yvon Villarceau,Lagree,Ela Anastasia,0,0,True,disponible,2026-06-23 09:57
70125489917500,2026-07-01,Mercredi,20:00,20:50,DNA Yvon Villarceau,Reformer,Eve Lacroix,0,0,True,disponible,2026-06-23 09:57
47098035488180,2026-07-01,Mercredi,20:30,21:20,DNA Victor Hugo,Reformer,Cecilia Pinto,0,0,True,disponible,2026-06-23 09:57
47098036949400,2026-07-01,Mercredi,20:30,21:20,DNA Victor Hugo,Lagree,Melody Naggar,0,0,True,disponible,2026-06-23 09:57
70125489928920,2026-07-01,Mercredi,21:00,21:50,DNA Yvon Villarceau,Reformer,Eve Lacroix,0,0,True,disponible,2026-06-23 09:57
47098036689780,2026-07-02,Jeudi,08:00,08:50,DNA Yvon Villarceau,Lagree,Melody Naggar,0,0,True,disponible,2026-06-23 09:57
70125489601420,2026-07-02,Jeudi,08:00,08:50,DNA Yvon Villarceau,Reformer,Nina Claro,0,0,True,disponible,2026-06-23 09:57
47097984396320,2026-07-02,Jeudi,08:30,09:15,DNA Victor Hugo,Lagree,Calista Ruat,0,0,True,disponible,2026-06-23 09:57
47098009626660,2026-07-02,Jeudi,08:30,09:20,DNA Victor Hugo,Reformer,Charlie DMC,0,0,True,disponible,2026-06-23 09:57
47098036731420,2026-07-02,Jeudi,09:00,09:50,DNA Yvon Villarceau,Lagree,Melody Naggar,0,0,True,disponible,2026-06-23 09:57
70125489594680,2026-07-02,Jeudi,09:00,09:50,DNA Yvon Villarceau,Reformer,Nina Claro,0,0,True,disponible,2026-06-23 09:57
47097984964300,2026-07-02,Jeudi,09:30,10:15,DNA Victor Hugo,Lagree,Calista Ruat,0,0,True,disponible,2026-06-23 09:57
47098009698040,2026-07-02,Jeudi,09:30,10:20,DNA Victor Hugo,Reformer,Charlie DMC,0,0,True,disponible,2026-06-23 09:57
47098005298740,2026-07-02,Jeudi,10:00,10:50,DNA Yvon Villarceau,Reformer,Liz Torres,0,0,True,disponible,2026-06-23 09:57
47098036755480,2026-07-02,Jeudi,10:00,10:50,DNA Yvon Villarceau,Lagree,Melody Naggar,0,0,True,disponible,2026-06-23 09:57
47098009758260,2026-07-02,Jeudi,10:30,11:20,DNA Victor Hugo,Reformer,Charlie DMC,0,0,True,disponible,2026-06-23 09:57
47098011873520,2026-07-02,Jeudi,10:30,11:15,DNA Victor Hugo,Lagree,Leann Mroueh,0,0,True,disponible,2026-06-23 09:57
47098036163080,2026-07-02,Jeudi,11:00,11:50,DNA Yvon Villarceau,Reformer,Liz Torres,0,0,True,disponible,2026-06-23 09:57
70125489263060,2026-07-02,Jeudi,11:00,11:50,DNA Yvon Villarceau,Lagree,Nina Claro,0,0,True,disponible,2026-06-23 09:57
47098011922800,2026-07-02,Jeudi,11:30,12:15,DNA Victor Hugo,Lagree,Leann Mroueh,0,0,True,disponible,2026-06-23 09:57
47098012423140,2026-07-02,Jeudi,11:30,12:20,DNA Victor Hugo,Reformer,Victoria Schafter,0,0,True,disponible,2026-06-23 09:57
70125489269740,2026-07-02,Jeudi,12:00,12:50,DNA Yvon Villarceau,Reformer,Soudi Zargham,0,0,True,disponible,2026-06-23 09:57
70125489274660,2026-07-02,Jeudi,12:00,12:50,DNA Yvon Villarceau,Lagree,Nina Claro,0,0,True,disponible,2026-06-23 09:57
47098012357660,2026-07-02,Jeudi,12:30,13:20,DNA Victor Hugo,Reformer,Victoria Schafter,0,0,True,disponible,2026-06-23 09:57
70125489862540,2026-07-02,Jeudi,12:30,13:15,DNA Victor Hugo,Lagree,Sarah Elfassy,0,0,True,disponible,2026-06-23 09:57
70125489276660,2026-07-02,Jeudi,13:00,13:50,DNA Yvon Villarceau,Reformer,Soudi Zargham,0,0,True,disponible,2026-06-23 09:57
70125489281280,2026-07-02,Jeudi,13:00,13:50,DNA Yvon Villarceau,Lagree,Nina Claro,0,0,True,disponible,2026-06-23 09:57
47098012483480,2026-07-02,Jeudi,13:30,14:20,DNA Victor Hugo,Reformer,Victoria Schafter,0,0,True,disponible,2026-06-23 09:57
70125489856920,2026-07-02,Jeudi,13:30,14:15,DNA Victor Hugo,Lagree,Sarah Elfassy,0,0,True,disponible,2026-06-23 09:57
70125489632660,2026-07-02,Jeudi,14:00,14:50,DNA Yvon Villarceau,Reformer,Soudi Zargham,0,0,True,disponible,2026-06-23 09:57
47098038341260,2026-07-02,Jeudi,14:30,15:20,DNA Victor Hugo,Reformer,Olivia Lamarre Reyner,0,0,True,disponible,2026-06-23 09:57
47098007200980,2026-07-02,Jeudi,15:00,15:50,DNA Yvon Villarceau,Reformer,Nina Claro,0,0,True,disponible,2026-06-23 09:57
70125489561560,2026-07-02,Jeudi,15:00,15:50,DNA Yvon Villarceau,Lagree,Sarah Elfassy,0,0,True,disponible,2026-06-23 09:57
47098038407820,2026-07-02,Jeudi,15:30,16:20,DNA Victor Hugo,Reformer,Olivia Lamarre Reyner,0,0,True,disponible,2026-06-23 09:57
47098007346860,2026-07-02,Jeudi,16:00,16:50,DNA Yvon Villarceau,Reformer,Nina Claro,0,0,True,disponible,2026-06-23 09:57
47098037510800,2026-07-02,Jeudi,16:00,16:50,DNA Yvon Villarceau,Lagree,Sarah Elfassy,0,0,True,disponible,2026-06-23 09:57
47098038473000,2026-07-02,Jeudi,16:30,17:20,DNA Victor Hugo,Reformer,Olivia Lamarre Reyner,0,0,True,disponible,2026-06-23 09:57
70125489288200,2026-07-02,Jeudi,17:00,17:50,DNA Yvon Villarceau,Lagree,Jade C,0,0,True,disponible,2026-06-23 09:57
70125489299040,2026-07-02,Jeudi,17:00,17:50,DNA Yvon Villarceau,Reformer,Nina Claro,0,0,True,disponible,2026-06-23 09:57
47098005624300,2026-07-02,Jeudi,17:30,18:15,DNA Victor Hugo,Lagree,Victoria Schafter,0,0,True,disponible,2026-06-23 09:57
47098010669840,2026-07-02,Jeudi,17:30,18:20,DNA Victor Hugo,Reformer,Leann Mroueh,0,0,True,disponible,2026-06-23 09:57
70125489293800,2026-07-02,Jeudi,18:00,18:50,DNA Yvon Villarceau,Lagree,Jade C,0,0,True,disponible,2026-06-23 09:57
70125489304140,2026-07-02,Jeudi,18:00,18:50,DNA Yvon Villarceau,Reformer,Nina Claro,0,0,True,disponible,2026-06-23 09:57
47098005690400,2026-07-02,Jeudi,18:30,19:15,DNA Victor Hugo,Lagree,Victoria Schafter,0,0,True,disponible,2026-06-23 09:57
47098010728760,2026-07-02,Jeudi,18:30,19:20,DNA Victor Hugo,Reformer,Leann Mroueh,0,0,True,disponible,2026-06-23 09:57
47098007509360,2026-07-02,Jeudi,19:00,19:50,DNA Yvon Villarceau,Reformer,Eve Lacroix,0,0,True,disponible,2026-06-23 09:57
70125489299560,2026-07-02,Jeudi,19:00,19:50,DNA Yvon Villarceau,Lagree,Jade C,0,0,True,disponible,2026-06-23 09:57
47098005843160,2026-07-02,Jeudi,19:30,20:15,DNA Victor Hugo,Lagree,Victoria Schafter,0,0,True,disponible,2026-06-23 09:57
47098010835040,2026-07-02,Jeudi,19:30,20:20,DNA Victor Hugo,Reformer,Leann Mroueh,0,0,True,disponible,2026-06-23 09:57
47098007611460,2026-07-02,Jeudi,20:00,20:50,DNA Yvon Villarceau,Reformer,Eve Lacroix,0,0,True,disponible,2026-06-23 09:57
70125489310680,2026-07-02,Jeudi,20:00,20:50,DNA Yvon Villarceau,Lagree,Jade C,0,0,True,disponible,2026-06-23 09:57
47098009190900,2026-07-02,Jeudi,20:30,21:20,DNA Victor Hugo,Lagree,Victoria Schafter,0,0,True,disponible,2026-06-23 09:57
47098007731640,2026-07-02,Jeudi,21:00,21:50,DNA Yvon Villarceau,Reformer,Eve Lacroix,0,0,True,disponible,2026-06-23 09:57
70125489320920,2026-07-03,Vendredi,08:00,08:50,DNA Yvon Villarceau,Lagree,Nina Claro,0,0,True,disponible,2026-06-23 09:57
70125489700040,2026-07-03,Vendredi,08:00,08:50,DNA Yvon Villarceau,Reformer,Eve Lacroix,0,0,True,disponible,2026-06-23 09:57
47098011275760,2026-07-03,Vendredi,08:30,09:20,DNA Victor Hugo,Reformer,Soudi Zargham,0,0,True,disponible,2026-06-23 09:57
70125489755140,2026-07-03,Vendredi,08:30,09:15,DNA Victor Hugo,Lagree,Ela Anastasia,0,0,True,disponible,2026-06-23 09:57
70125489316220,2026-07-03,Vendredi,09:00,09:50,DNA Yvon Villarceau,Lagree,Nina Claro,0,0,True,disponible,2026-06-23 09:57
70125489694200,2026-07-03,Vendredi,09:00,09:50,DNA Yvon Villarceau,Reformer,Eve Lacroix,0,0,True,disponible,2026-06-23 09:57
47098011321380,2026-07-03,Vendredi,09:30,10:20,DNA Victor Hugo,Reformer,Soudi Zargham,0,0,True,disponible,2026-06-23 09:57
70125489765240,2026-07-03,Vendredi,09:30,10:15,DNA Victor Hugo,Lagree,Ela Anastasia,0,0,True,disponible,2026-06-23 09:57
70125489327720,2026-07-03,Vendredi,10:00,10:50,DNA Yvon Villarceau,Lagree,Nina Claro,0,0,True,disponible,2026-06-23 09:57
70125489705560,2026-07-03,Vendredi,10:00,10:50,DNA Yvon Villarceau,Reformer,Eve Lacroix,0,0,True,disponible,2026-06-23 09:57
47098011386160,2026-07-03,Vendredi,10:30,11:20,DNA Victor Hugo,Reformer,Soudi Zargham,0,0,True,disponible,2026-06-23 09:57
70125489774540,2026-07-03,Vendredi,10:30,11:15,DNA Victor Hugo,Lagree,Ela Anastasia,0,0,True,disponible,2026-06-23 09:57
70125489577500,2026-07-03,Vendredi,11:00,11:50,DNA Yvon Villarceau,Lagree,Nina Claro,0,0,True,disponible,2026-06-23 09:57
70125489716200,2026-07-03,Vendredi,11:00,11:50,DNA Yvon Villarceau,Reformer,Eve Lacroix,0,0,True,disponible,2026-06-23 09:57
47098012092840,2026-07-03,Vendredi,11:30,12:20,DNA Victor Hugo,Reformer,Victoria Schafter,0,0,True,disponible,2026-06-23 09:57
47098012133880,2026-07-03,Vendredi,11:30,12:15,DNA Victor Hugo,Lagree,Carla B,0,0,True,disponible,2026-06-23 09:57
70125489339320,2026-07-03,Vendredi,12:00,12:50,DNA Yvon Villarceau,Lagree,Nina Claro,0,0,True,disponible,2026-06-23 09:57
70125489711680,2026-07-03,Vendredi,12:00,12:50,DNA Yvon Villarceau,Reformer,Eve Lacroix,0,0,True,disponible,2026-06-23 09:57
47098012107580,2026-07-03,Vendredi,12:30,13:15,DNA Victor Hugo,Lagree,Carla B,0,0,True,disponible,2026-06-23 09:57
47098012187180,2026-07-03,Vendredi,12:30,13:20,DNA Victor Hugo,Reformer,Victoria Schafter,0,0,True,disponible,2026-06-23 09:57
70125489334740,2026-07-03,Vendredi,13:00,13:50,DNA Yvon Villarceau,Lagree,Nina Claro,0,0,True,disponible,2026-06-23 09:57
70125489723060,2026-07-03,Vendredi,13:00,13:50,DNA Yvon Villarceau,Reformer,Eve Lacroix,0,0,True,disponible,2026-06-23 09:57
47098009837100,2026-07-03,Vendredi,13:30,14:20,DNA Victor Hugo,Reformer,Victoria Schafter,0,0,True,disponible,2026-06-23 09:57
47097996925680,2026-07-03,Vendredi,15:00,15:50,DNA Yvon Villarceau,Lagree,Leann Mroueh,0,0,True,disponible,2026-06-23 09:57
47097996945600,2026-07-03,Vendredi,16:00,16:50,DNA Yvon Villarceau,Lagree,Leann Mroueh,0,0,True,disponible,2026-06-23 09:57
47098038547480,2026-07-03,Vendredi,16:30,17:20,DNA Victor Hugo,Lagree,Mathilde Lafont,0,0,True,disponible,2026-06-23 09:57
47098011996220,2026-07-03,Vendredi,17:00,17:50,DNA Yvon Villarceau,Lagree,Leann Mroueh,0,0,True,disponible,2026-06-23 09:57
47098035795540,2026-07-03,Vendredi,17:00,17:50,DNA Yvon Villarceau,Reformer,Chloe Graeffly,0,0,True,disponible,2026-06-23 09:57
47098009944540,2026-07-03,Vendredi,17:30,18:20,DNA Victor Hugo,Reformer,Victoria Schafter,0,0,True,disponible,2026-06-23 09:57
47098038584460,2026-07-03,Vendredi,17:30,18:20,DNA Victor Hugo,Lagree,Mathilde Lafont,0,0,True,disponible,2026-06-23 09:57
47098035832780,2026-07-03,Vendredi,18:00,18:50,DNA Yvon Villarceau,Reformer,Chloe Graeffly,0,0,True,disponible,2026-06-23 09:57
47098037313680,2026-07-03,Vendredi,18:00,18:50,DNA Yvon Villarceau,Lagree,Daphne Sulowski,0,0,True,disponible,2026-06-23 09:57
47098009870820,2026-07-03,Vendredi,18:30,19:20,DNA Victor Hugo,Reformer,Victoria Schafter,0,0,True,disponible,2026-06-23 09:57
70125489768960,2026-07-03,Vendredi,18:30,19:15,DNA Victor Hugo,Lagree,Mathilde Lafont,0,0,True,disponible,2026-06-23 09:57
47098037377120,2026-07-03,Vendredi,19:00,19:50,DNA Yvon Villarceau,Lagree,Daphne Sulowski,0,0,True,disponible,2026-06-23 09:57
70125489935420,2026-07-03,Vendredi,19:00,19:50,DNA Yvon Villarceau,Reformer,Eve Lacroix,0,0,True,disponible,2026-06-23 09:57
47098012255700,2026-07-03,Vendredi,19:30,20:20,DNA Victor Hugo,Reformer,Victoria Schafter,0,0,True,disponible,2026-06-23 09:57
70125489780260,2026-07-03,Vendredi,19:30,20:15,DNA Victor Hugo,Lagree,Mathilde Lafont,0,0,True,disponible,2026-06-23 09:57
47097986561320,2026-07-03,Vendredi,20:00,20:50,DNA Yvon Villarceau,Reformer,Eve Lacroix,0,0,True,disponible,2026-06-23 09:57
47098012039360,2026-07-03,Vendredi,20:00,20:50,DNA Yvon Villarceau,Lagree,Daphne Sulowski,0,0,True,disponible,2026-06-23 09:57
47098036398680,2026-07-03,Vendredi,21:00,21:50,DNA Yvon Villarceau,Reformer,Eve Lacroix,0,0,True,inconnu,2026-06-23 09:57
70125489251680,2026-07-04,Samedi,08:00,09:00,DNA Yvon Villarceau,Lagree,Alice Amat,0,0,True,inconnu,2026-06-23 09:57
47098007425820,2026-07-04,Samedi,09:00,09:50,DNA Yvon Villarceau,Lagree,Vanessa Slomka,0,0,True,disponible,2026-06-23 09:57
70125489627740,2026-07-04,Samedi,09:00,09:50,DNA Yvon Villarceau,Reformer,Charlie DMC,0,0,True,disponible,2026-06-23 09:57
47098035901580,2026-07-04,Samedi,09:30,10:20,DNA Victor Hugo,Reformer,Chloe Graeffly,0,0,True,disponible,2026-06-23 09:57
70125489775240,2026-07-04,Samedi,09:30,10:15,DNA Victor Hugo,Lagree,Nina Claro,0,0,True,disponible,2026-06-23 09:57
47098007455560,2026-07-04,Samedi,10:00,10:50,DNA Yvon Villarceau,Lagree,Vanessa Slomka,0,0,True,disponible,2026-06-23 09:57
70125489639260,2026-07-04,Samedi,10:00,10:50,DNA Yvon Villarceau,Reformer,Charlie DMC,0,0,True,disponible,2026-06-23 09:57
47098035956820,2026-07-04,Samedi,10:30,11:20,DNA Victor Hugo,Reformer,Chloe Graeffly,0,0,True,disponible,2026-06-23 09:57
70125489786600,2026-07-04,Samedi,10:30,11:15,DNA Victor Hugo,Lagree,Nina Claro,0,0,True,disponible,2026-06-23 09:57
47097974012200,2026-07-04,Samedi,11:00,11:50,DNA Yvon Villarceau,Lagree,Vanessa Slomka,0,0,True,disponible,2026-06-23 09:57
70125489649980,2026-07-04,Samedi,11:00,11:50,DNA Yvon Villarceau,Reformer,Charlie DMC,0,0,True,disponible,2026-06-23 09:57
47098036023780,2026-07-04,Samedi,11:30,12:20,DNA Victor Hugo,Reformer,Chloe Graeffly,0,0,True,disponible,2026-06-23 09:57
70125489798420,2026-07-04,Samedi,11:30,12:15,DNA Victor Hugo,Lagree,Nina Claro,0,0,True,disponible,2026-06-23 09:57
47097975778400,2026-07-04,Samedi,12:00,12:50,DNA Yvon Villarceau,Lagree,Vanessa Slomka,0,0,True,disponible,2026-06-23 09:57
70125489644140,2026-07-04,Samedi,12:00,12:50,DNA Yvon Villarceau,Reformer,Charlie DMC,0,0,True,disponible,2026-06-23 09:57
47098012594460,2026-07-04,Samedi,12:30,13:15,DNA Victor Hugo,Lagree,Hala Takkiedine,0,0,True,disponible,2026-06-23 09:57
47098036476100,2026-07-04,Samedi,12:30,13:20,DNA Victor Hugo,Reformer,Chloe Graeffly,0,0,True,disponible,2026-06-23 09:57
47097982280800,2026-07-04,Samedi,13:00,13:50,DNA Yvon Villarceau,Lagree,Vanessa Slomka,0,0,True,disponible,2026-06-23 09:57
70125489655480,2026-07-04,Samedi,13:00,13:50,DNA Yvon Villarceau,Reformer,Charlie DMC,0,0,True,disponible,2026-06-23 09:57
47098012623960,2026-07-04,Samedi,13:30,14:15,DNA Victor Hugo,Lagree,Hala Takkiedine,0,0,True,disponible,2026-06-23 09:57
47098036088160,2026-07-04,Samedi,13:30,14:20,DNA Victor Hugo,Reformer,Chloe Graeffly,0,0,True,disponible,2026-06-23 09:57
47098037418640,2026-07-04,Samedi,14:00,14:50,DNA Yvon Villarceau,Lagree,Lucrezia Amerio,0,0,True,disponible,2026-06-23 09:57
70125489556660,2026-07-04,Samedi,14:00,14:50,DNA Yvon Villarceau,Reformer,Nina Claro,0,0,True,disponible,2026-06-23 09:57
47098012781260,2026-07-04,Samedi,14:30,15:15,DNA Victor Hugo,Lagree,Hala Takkiedine,0,0,True,disponible,2026-06-23 09:57
47098037745300,2026-07-04,Samedi,14:30,15:20,DNA Victor Hugo,Reformer,Olivia Lamarre Reyner,0,0,True,disponible,2026-06-23 09:57
47098037489960,2026-07-04,Samedi,15:00,15:50,DNA Yvon Villarceau,Lagree,Lucrezia Amerio,0,0,True,disponible,2026-06-23 09:57
70125489566980,2026-07-04,Samedi,15:00,15:50,DNA Yvon Villarceau,Reformer,Nina Claro,0,0,True,disponible,2026-06-23 09:57
47098037809740,2026-07-04,Samedi,15:30,16:20,DNA Victor Hugo,Reformer,Olivia Lamarre Reyner,0,0,True,disponible,2026-06-23 09:57
47098035520520,2026-07-04,Samedi,16:00,16:50,DNA Yvon Villarceau,Reformer,Chloe Graeffly,0,0,True,disponible,2026-06-23 09:57
47098038660840,2026-07-04,Samedi,16:00,16:50,DNA Yvon Villarceau,Lagree,Laura Provost,0,0,True,disponible,2026-06-23 09:57
47098036499680,2026-07-04,Samedi,16:30,17:20,DNA Victor Hugo,Reformer,Lucrezia Amerio,0,0,True,disponible,2026-06-23 09:57
47098037906960,2026-07-04,Samedi,16:30,17:20,DNA Victor Hugo,Lagree,Carla Triboul,0,0,True,disponible,2026-06-23 09:57
47098035591320,2026-07-04,Samedi,17:00,17:50,DNA Yvon Villarceau,Reformer,Chloe Graeffly,0,0,True,disponible,2026-06-23 09:57
47098038733560,2026-07-04,Samedi,17:00,17:50,DNA Yvon Villarceau,Lagree,Laura Provost,0,0,True,disponible,2026-06-23 09:57
47098036536520,2026-07-04,Samedi,17:30,18:20,DNA Victor Hugo,Reformer,Lucrezia Amerio,0,0,True,disponible,2026-06-23 09:57
47098037985000,2026-07-04,Samedi,17:30,18:15,DNA Victor Hugo,Lagree,Carla Triboul,0,0,True,disponible,2026-06-23 09:57
47098035642280,2026-07-04,Samedi,18:00,18:50,DNA Yvon Villarceau,Reformer,Chloe Graeffly,0,0,True,disponible,2026-06-23 09:57
47098038774780,2026-07-04,Samedi,18:00,18:50,DNA Yvon Villarceau,Lagree,Laura Provost,0,0,True,disponible,2026-06-23 09:57
47098036577740,2026-07-04,Samedi,18:30,19:20,DNA Victor Hugo,Reformer,Lucrezia Amerio,0,0,True,disponible,2026-06-23 09:57
47098038015900,2026-07-04,Samedi,18:30,19:15,DNA Victor Hugo,Lagree,Carla Triboul,0,0,True,disponible,2026-06-23 09:57
47098035727420,2026-07-04,Samedi,19:00,19:50,DNA Yvon Villarceau,Reformer,Chloe Graeffly,0,0,True,disponible,2026-06-23 09:57
47098038850600,2026-07-04,Samedi,19:00,19:50,DNA Yvon Villarceau,Lagree,Laura Provost,0,0,True,disponible,2026-06-23 09:57
47098036610680,2026-07-04,Samedi,19:30,20:20,DNA Victor Hugo,Reformer,Lucrezia Amerio,0,0,True,disponible,2026-06-23 09:57
47098038055780,2026-07-04,Samedi,19:30,20:15,DNA Victor Hugo,Lagree,Carla Triboul,0,0,True,disponible,2026-06-23 09:57
70125489340720,2026-07-05,Dimanche,09:00,09:50,DNA Yvon Villarceau,Lagree,Nina Claro,0,0,True,disponible,2026-06-23 09:57
70125489666280,2026-07-05,Dimanche,09:00,09:50,DNA Yvon Villarceau,Reformer,Eve Lacroix,0,0,True,disponible,2026-06-23 09:57
47098013040860,2026-07-05,Dimanche,09:30,10:20,DNA Victor Hugo,Reformer,Cecilia Pinto,0,0,True,disponible,2026-06-23 09:57
70125489792260,2026-07-05,Dimanche,09:30,10:15,DNA Victor Hugo,Lagree,Ela Anastasia,0,0,True,disponible,2026-06-23 09:57
70125489350400,2026-07-05,Dimanche,10:00,10:50,DNA Yvon Villarceau,Lagree,Nina Claro,0,0,True,disponible,2026-06-23 09:57
70125489661480,2026-07-05,Dimanche,10:00,10:50,DNA Yvon Villarceau,Reformer,Eve Lacroix,0,0,True,disponible,2026-06-23 09:57
47098013413920,2026-07-05,Dimanche,10:30,11:20,DNA Victor Hugo,Reformer,Cecilia Pinto,0,0,True,disponible,2026-06-23 09:57
70125489803200,2026-07-05,Dimanche,10:30,11:15,DNA Victor Hugo,Lagree,Ela Anastasia,0,0,True,disponible,2026-06-23 09:57
70125489427320,2026-07-05,Dimanche,11:00,11:50,DNA Yvon Villarceau,Lagree,Nina Claro,0,0,True,disponible,2026-06-23 09:57
70125489672920,2026-07-05,Dimanche,11:00,11:50,DNA Yvon Villarceau,Reformer,Eve Lacroix,0,0,True,disponible,2026-06-23 09:57
47098013468360,2026-07-05,Dimanche,11:30,12:20,DNA Victor Hugo,Reformer,Cecilia Pinto,0,0,True,disponible,2026-06-23 09:57
70125489813000,2026-07-05,Dimanche,11:30,12:15,DNA Victor Hugo,Lagree,Ela Anastasia,0,0,True,disponible,2026-06-23 09:57
70125489422800,2026-07-05,Dimanche,12:00,12:50,DNA Yvon Villarceau,Lagree,Nina Claro,0,0,True,disponible,2026-06-23 09:57
70125489682160,2026-07-05,Dimanche,12:00,12:50,DNA Yvon Villarceau,Reformer,Eve Lacroix,0,0,True,disponible,2026-06-23 09:57
47098013581780,2026-07-05,Dimanche,12:30,13:20,DNA Victor Hugo,Reformer,Cecilia Pinto,0,0,True,disponible,2026-06-23 09:57
70125489807800,2026-07-05,Dimanche,12:30,13:15,DNA Victor Hugo,Lagree,Mathilde Lafont,0,0,True,disponible,2026-06-23 09:57
70125489432180,2026-07-05,Dimanche,13:00,13:50,DNA Yvon Villarceau,Lagree,Nina Claro,0,0,True,disponible,2026-06-23 09:57
70125489677500,2026-07-05,Dimanche,13:00,13:50,DNA Yvon Villarceau,Reformer,Eve Lacroix,0,0,True,disponible,2026-06-23 09:57
70125489817920,2026-07-05,Dimanche,13:30,14:15,DNA Victor Hugo,Lagree,Mathilde Lafont,0,0,True,disponible,2026-06-23 09:57
70125489604120,2026-07-05,Dimanche,14:00,14:50,DNA Yvon Villarceau,Lagree,Nina Claro,0,0,True,disponible,2026-06-23 09:57
70125489689160,2026-07-05,Dimanche,14:00,14:50,DNA Yvon Villarceau,Reformer,Eve Lacroix,0,0,True,disponible,2026-06-23 09:57
70125489829140,2026-07-05,Dimanche,14:30,15:15,DNA Victor Hugo,Lagree,Mathilde Lafont,0,0,True,disponible,2026-06-23 09:57
47098037585260,2026-07-05,Dimanche,15:00,15:50,DNA Yvon Villarceau,Reformer,Olivia Lamarre Reyner,0,0,True,disponible,2026-06-23 09:57
70125489823840,2026-07-05,Dimanche,15:30,16:15,DNA Victor Hugo,Lagree,Mathilde Lafont,0,0,True,disponible,2026-06-23 09:57
47097982905440,2026-07-05,Dimanche,16:00,16:50,DNA Yvon Villarceau,Lagree,Catrin Karlson English class,0,0,True,disponible,2026-06-23 09:57
47098037625640,2026-07-05,Dimanche,16:00,16:50,DNA Yvon Villarceau,Reformer,Olivia Lamarre Reyner,0,0,True,disponible,2026-06-23 09:57
47097983249640,2026-07-05,Dimanche,17:00,17:50,DNA Yvon Villarceau,Lagree,Catrin Karlson English class,0,0,True,disponible,2026-06-23 09:57
47098037693380,2026-07-05,Dimanche,17:00,17:50,DNA Yvon Villarceau,Reformer,Olivia Lamarre Reyner,0,0,True,disponible,2026-06-23 09:57
47098035673700,2026-07-05,Dimanche,17:30,18:20,DNA Victor Hugo,Reformer,Chloe Graeffly,0,0,True,disponible,2026-06-23 09:57
47097983922480,2026-07-05,Dimanche,18:00,18:50,DNA Yvon Villarceau,Lagree,Catrin Karlson English class,0,0,True,disponible,2026-06-23 09:57
47098007750060,2026-07-05,Dimanche,18:00,18:50,DNA Yvon Villarceau,Reformer,Marie De Saint Simon,0,0,True,disponible,2026-06-23 09:57
47098035688340,2026-07-05,Dimanche,18:30,19:20,DNA Victor Hugo,Reformer,Chloe Graeffly,0,0,True,disponible,2026-06-23 09:57
47098038089660,2026-07-05,Dimanche,18:30,19:15,DNA Victor Hugo,Lagree,Hala Takkiedine,0,0,True,disponible,2026-06-23 09:57
47097984227920,2026-07-05,Dimanche,19:00,19:50,DNA Yvon Villarceau,Lagree,Catrin Karlson English class,0,0,True,disponible,2026-06-23 09:57
47098007894480,2026-07-05,Dimanche,19:00,19:50,DNA Yvon Villarceau,Reformer,Marie De Saint Simon,0,0,True,disponible,2026-06-23 09:57
47098038163580,2026-07-05,Dimanche,19:30,20:15,DNA Victor Hugo,Lagree,Hala Takkiedine,0,0,True,disponible,2026-06-23 09:57
70125489544840,2026-07-06,Lundi,08:00,08:50,DNA Yvon Villarceau,Reformer,Rebecca Raccah,0,0,True,disponible,2026-06-23 09:57
70125489584640,2026-07-06,Lundi,08:00,08:50,DNA Yvon Villarceau,Lagree,Ela Anastasia,0,0,True,disponible,2026-06-23 09:57
47098009977640,2026-07-06,Lundi,08:30,09:20,DNA Victor Hugo,Reformer,Joy Duquesne,0,0,True,disponible,2026-06-23 09:57
47098036987260,2026-07-06,Lundi,08:30,09:20,DNA Victor Hugo,Lagree,Melody Naggar,0,0,True,disponible,2026-06-23 09:57
70125489443720,2026-07-06,Lundi,09:00,09:50,DNA Yvon Villarceau,Reformer,Rebecca Raccah,0,0,True,disponible,2026-06-23 09:57
70125489580240,2026-07-06,Lundi,09:00,09:50,DNA Yvon Villarceau,Lagree,Ela Anastasia,0,0,True,disponible,2026-06-23 09:57
47098010067940,2026-07-06,Lundi,09:30,10:20,DNA Victor Hugo,Reformer,Joy Duquesne,0,0,True,disponible,2026-06-23 09:57
47098037027320,2026-07-06,Lundi,09:30,10:20,DNA Victor Hugo,Lagree,Melody Naggar,0,0,True,disponible,2026-06-23 09:57
70125489439040,2026-07-06,Lundi,10:00,10:50,DNA Yvon Villarceau,Lagree,Ela Anastasia,0,0,True,disponible,2026-06-23 09:57
70125489448340,2026-07-06,Lundi,10:00,10:50,DNA Yvon Villarceau,Reformer,Rebecca Raccah,0,0,True,disponible,2026-06-23 09:57
47098010155220,2026-07-06,Lundi,10:30,11:20,DNA Victor Hugo,Reformer,Joy Duquesne,0,0,True,disponible,2026-06-23 09:57
47098037099020,2026-07-06,Lundi,10:30,11:20,DNA Victor Hugo,Lagree,Melody Naggar,0,0,True,disponible,2026-06-23 09:57
70125489459100,2026-07-06,Lundi,11:00,11:50,DNA Yvon Villarceau,Reformer,Rebecca Raccah,0,0,True,disponible,2026-06-23 09:57
70125489591680,2026-07-06,Lundi,11:00,11:50,DNA Yvon Villarceau,Lagree,Ela Anastasia,0,0,True,disponible,2026-06-23 09:57
47097999438100,2026-07-06,Lundi,11:30,12:15,DNA Victor Hugo,Lagree,Sarah Elfassy,0,0,True,disponible,2026-06-23 09:57
47098010240280,2026-07-06,Lundi,11:30,12:20,DNA Victor Hugo,Reformer,Carla B,0,0,True,disponible,2026-06-23 09:57
70125489717260,2026-07-06,Lundi,12:00,12:50,DNA Yvon Villarceau,Reformer,Charlie DMC,0,0,True,disponible,2026-06-23 09:57
70125489946240,2026-07-06,Lundi,12:00,12:50,DNA Yvon Villarceau,Lagree,Catrin Karlson English class,0,0,True,disponible,2026-06-23 09:57
47097994992760,2026-07-06,Lundi,12:30,13:15,DNA Victor Hugo,Lagree,Sarah Elfassy,0,0,True,disponible,2026-06-23 09:57
47098010289360,2026-07-06,Lundi,12:30,13:20,DNA Victor Hugo,Reformer,Carla B,0,0,True,disponible,2026-06-23 09:57
47098036231620,2026-07-06,Lundi,13:00,13:50,DNA Yvon Villarceau,Lagree,Catrin Karlson English class,0,0,True,disponible,2026-06-23 09:57
70125489728440,2026-07-06,Lundi,13:00,13:50,DNA Yvon Villarceau,Reformer,Charlie DMC,0,0,True,disponible,2026-06-23 09:57
47098010561740,2026-07-06,Lundi,13:30,14:20,DNA Victor Hugo,Reformer,Carla B,0,0,True,disponible,2026-06-23 09:57
47098011058440,2026-07-06,Lundi,13:30,14:20,DNA Victor Hugo,Lagree,Sarah Elfassy,0,0,True,disponible,2026-06-23 09:57
47097997098380,2026-07-06,Lundi,14:00,14:50,DNA Yvon Villarceau,Reformer,Charlie DMC,0,0,True,disponible,2026-06-23 09:57
47098036260580,2026-07-06,Lundi,14:00,14:50,DNA Yvon Villarceau,Lagree,Catrin Karlson English class,0,0,True,disponible,2026-06-23 09:57
47098011171080,2026-07-06,Lundi,14:30,15:20,DNA Victor Hugo,Reformer,Sarah Elfassy,0,0,True,disponible,2026-06-23 09:57
47097996304900,2026-07-06,Lundi,15:00,15:50,DNA Yvon Villarceau,Lagree,Ela Anastasia,0,0,True,disponible,2026-06-23 09:57
47098011185100,2026-07-06,Lundi,15:30,16:20,DNA Victor Hugo,Reformer,Sarah Elfassy,0,0,True,disponible,2026-06-23 09:57
47097999827040,2026-07-06,Lundi,16:00,16:50,DNA Yvon Villarceau,Lagree,Ela Anastasia,0,0,True,disponible,2026-06-23 09:57
70125489739500,2026-07-06,Lundi,16:00,16:50,DNA Yvon Villarceau,Reformer,Charlie DMC,0,0,True,disponible,2026-06-23 09:57
70125489470180,2026-07-06,Lundi,17:00,17:50,DNA Yvon Villarceau,Lagree,Jade C,0,0,True,disponible,2026-06-23 09:57
70125489734420,2026-07-06,Lundi,17:00,17:50,DNA Yvon Villarceau,Reformer,Charlie DMC,0,0,True,disponible,2026-06-23 09:57
47098010892420,2026-07-06,Lundi,17:30,18:20,DNA Victor Hugo,Reformer,Rebecca Raccah,0,0,True,disponible,2026-06-23 09:57
70125489835180,2026-07-06,Lundi,17:30,18:15,DNA Victor Hugo,Lagree,Carla B,0,0,True,disponible,2026-06-23 09:57
70125489465600,2026-07-06,Lundi,18:00,18:50,DNA Yvon Villarceau,Lagree,Jade C,0,0,True,disponible,2026-06-23 09:57
70125489892380,2026-07-06,Lundi,18:00,18:50,DNA Yvon Villarceau,Reformer,Charlie DMC,0,0,True,disponible,2026-06-23 09:57
47098010900620,2026-07-06,Lundi,18:30,19:20,DNA Victor Hugo,Reformer,Rebecca Raccah,0,0,True,disponible,2026-06-23 09:57
70125489846660,2026-07-06,Lundi,18:30,19:15,DNA Victor Hugo,Lagree,Carla B,0,0,True,disponible,2026-06-23 09:57
47098005137300,2026-07-06,Lundi,19:00,19:50,DNA Yvon Villarceau,Reformer,Marie De Saint Simon,0,0,True,disponible,2026-06-23 09:57
70125489476000,2026-07-06,Lundi,19:00,19:50,DNA Yvon Villarceau,Lagree,Jade C,0,0,True,disponible,2026-06-23 09:57
47098011012340,2026-07-06,Lundi,19:30,20:20,DNA Victor Hugo,Reformer,Rebecca Raccah,0,0,True,disponible,2026-06-23 09:57
70125489841320,2026-07-06,Lundi,19:30,20:15,DNA Victor Hugo,Lagree,Catrin Karlson English class,0,0,True,disponible,2026-06-23 09:57
47098005213100,2026-07-06,Lundi,20:00,20:50,DNA Yvon Villarceau,Reformer,Marie De Saint Simon,0,0,True,disponible,2026-06-23 09:57
70125489485580,2026-07-06,Lundi,20:00,20:50,DNA Yvon Villarceau,Lagree,Jade C,0,0,True,disponible,2026-06-23 09:57
70125489851480,2026-07-06,Lundi,20:30,21:15,DNA Victor Hugo,Lagree,Catrin Karlson English class,0,0,True,disponible,2026-06-23 09:57
47098005253240,2026-07-06,Lundi,21:00,21:50,DNA Yvon Villarceau,Reformer,Marie De Saint Simon,0,0,True,disponible,2026-06-23 09:57
70045270072880,2026-07-07,Mardi,08:00,08:50,DNA Yvon Villarceau,Reformer,Charlie DMC,0,0,True,disponible,2026-06-23 09:57
70045270538340,2026-07-07,Mardi,08:00,08:50,DNA Yvon Villarceau,Lagree,Victoria Schafter,0,0,True,disponible,2026-06-23 09:57
70045270867600,2026-07-07,Mardi,08:30,09:20,DNA Victor Hugo,Reformer,Eve Lacroix,0,0,True,disponible,2026-06-23 09:57
70045271473600,2026-07-07,Mardi,08:30,09:20,DNA Victor Hugo,Lagree,Melody Naggar,0,0,True,disponible,2026-06-23 09:57
70045270065180,2026-07-07,Mardi,09:00,09:50,DNA Yvon Villarceau,Reformer,Charlie DMC,0,0,True,disponible,2026-06-23 09:57
70045270532220,2026-07-07,Mardi,09:00,09:50,DNA Yvon Villarceau,Lagree,Victoria Schafter,0,0,True,disponible,2026-06-23 09:57
70045270862060,2026-07-07,Mardi,09:30,10:20,DNA Victor Hugo,Reformer,Eve Lacroix,0,0,True,disponible,2026-06-23 09:57
70045271469100,2026-07-07,Mardi,09:30,10:20,DNA Victor Hugo,Lagree,Melody Naggar,0,0,True,disponible,2026-06-23 09:57
70045270076740,2026-07-07,Mardi,10:00,10:50,DNA Yvon Villarceau,Reformer,Charlie DMC,0,0,True,disponible,2026-06-23 09:57
70045270551320,2026-07-07,Mardi,10:00,10:50,DNA Yvon Villarceau,Lagree,Victoria Schafter,0,0,True,disponible,2026-06-23 09:57
70045270432680,2026-07-07,Mardi,10:30,11:15,DNA Victor Hugo,Lagree,Leann Mroueh,0,0,True,disponible,2026-06-23 09:57
70045270873260,2026-07-07,Mardi,10:30,11:20,DNA Victor Hugo,Reformer,Eve Lacroix,0,0,True,disponible,2026-06-23 09:57
70045269523160,2026-07-07,Mardi,11:00,11:50,DNA Yvon Villarceau,Reformer,Soudi Zargham,0,0,True,disponible,2026-06-23 09:57
70045269693640,2026-07-07,Mardi,11:00,11:50,DNA Yvon Villarceau,Lagree,Carla B,0,0,True,disponible,2026-06-23 09:57
70045270441200,2026-07-07,Mardi,11:30,12:15,DNA Victor Hugo,Lagree,Leann Mroueh,0,0,True,disponible,2026-06-23 09:57
70045270868580,2026-07-07,Mardi,11:30,12:20,DNA Victor Hugo,Reformer,Eve Lacroix,0,0,True,disponible,2026-06-23 09:57
70045269517180,2026-07-07,Mardi,12:00,12:50,DNA Yvon Villarceau,Reformer,Soudi Zargham,0,0,True,disponible,2026-06-23 09:57
70045270363740,2026-07-07,Mardi,12:00,12:50,DNA Yvon Villarceau,Lagree,Carla B,0,0,True,disponible,2026-06-23 09:57
70045270434000,2026-07-07,Mardi,12:30,13:15,DNA Victor Hugo,Lagree,Leann Mroueh,0,0,True,disponible,2026-06-23 09:57
70045270879060,2026-07-07,Mardi,12:30,13:20,DNA Victor Hugo,Reformer,Eve Lacroix,0,0,True,disponible,2026-06-23 09:57
70045269526440,2026-07-07,Mardi,13:00,13:50,DNA Yvon Villarceau,Reformer,Soudi Zargham,0,0,True,disponible,2026-06-23 09:57
70045270505320,2026-07-07,Mardi,13:00,13:50,DNA Yvon Villarceau,Lagree,Carla B,0,0,True,disponible,2026-06-23 09:57
70045270443040,2026-07-07,Mardi,13:30,14:15,DNA Victor Hugo,Lagree,Leann Mroueh,0,0,True,disponible,2026-06-23 09:57
70045270890520,2026-07-07,Mardi,13:30,14:20,DNA Victor Hugo,Reformer,Eve Lacroix,0,0,True,disponible,2026-06-23 09:57
70045270520520,2026-07-07,Mardi,14:00,14:50,DNA Yvon Villarceau,Lagree,Carla B,0,0,True,disponible,2026-06-23 09:57
70045271634560,2026-07-07,Mardi,14:30,15:20,DNA Victor Hugo,Reformer,Olivia Lamarre Reyner,0,0,True,disponible,2026-06-23 09:57
70045271587840,2026-07-07,Mardi,15:30,16:20,DNA Victor Hugo,Reformer,Olivia Lamarre Reyner,0,0,True,disponible,2026-06-23 09:57
70045270329080,2026-07-07,Mardi,16:00,16:50,DNA Yvon Villarceau,Reformer,Charlie DMC,0,0,True,disponible,2026-06-23 09:57
70045271581180,2026-07-07,Mardi,16:30,17:20,DNA Victor Hugo,Reformer,Olivia Lamarre Reyner,0,0,True,disponible,2026-06-23 09:57
70045270108540,2026-07-07,Mardi,17:00,17:50,DNA Yvon Villarceau,Lagree,Carla B,0,0,True,disponible,2026-06-23 09:57
70045270339200,2026-07-07,Mardi,17:00,17:50,DNA Yvon Villarceau,Reformer,Charlie DMC,0,0,True,disponible,2026-06-23 09:57
70045270263980,2026-07-07,Mardi,17:30,18:15,DNA Victor Hugo,Lagree,Leann Mroueh,0,0,True,disponible,2026-06-23 09:57
70045270118780,2026-07-07,Mardi,18:00,18:50,DNA Yvon Villarceau,Lagree,Carla B,0,0,True,disponible,2026-06-23 09:57
70045270210820,2026-07-07,Mardi,18:00,18:50,DNA Yvon Villarceau,Reformer,Charlie DMC,0,0,True,disponible,2026-06-23 09:57
70045270275340,2026-07-07,Mardi,18:30,19:15,DNA Victor Hugo,Lagree,Leann Mroueh,0,0,True,disponible,2026-06-23 09:57
70045271002260,2026-07-07,Mardi,18:30,19:20,DNA Victor Hugo,Reformer,Cecilia Pinto,0,0,True,disponible,2026-06-23 09:57
70045270297280,2026-07-07,Mardi,19:00,19:50,DNA Yvon Villarceau,Lagree,Calista Ruat,0,0,True,disponible,2026-06-23 09:57
70045270314160,2026-07-07,Mardi,19:00,19:50,DNA Yvon Villarceau,Reformer,Eve Lacroix,0,0,True,disponible,2026-06-23 09:57
70045270284940,2026-07-07,Mardi,19:30,20:15,DNA Victor Hugo,Lagree,Leann Mroueh,0,0,True,disponible,2026-06-23 09:57
70045271013700,2026-07-07,Mardi,19:30,20:20,DNA Victor Hugo,Reformer,Cecilia Pinto,0,0,True,disponible,2026-06-23 09:57
70045270308260,2026-07-07,Mardi,20:00,20:50,DNA Yvon Villarceau,Lagree,Calista Ruat,0,0,True,disponible,2026-06-23 09:57
70045270325740,2026-07-07,Mardi,20:00,20:50,DNA Yvon Villarceau,Reformer,Eve Lacroix,0,0,True,disponible,2026-06-23 09:57
70045270280220,2026-07-07,Mardi,20:30,21:15,DNA Victor Hugo,Lagree,Leann Mroueh,0,0,True,disponible,2026-06-23 09:57
70045271112060,2026-07-07,Mardi,20:30,21:20,DNA Victor Hugo,Reformer,Cecilia Pinto,0,0,True,disponible,2026-06-23 09:57
70045270320280,2026-07-07,Mardi,21:00,21:50,DNA Yvon Villarceau,Reformer,Eve Lacroix,0,0,True,disponible,2026-06-23 09:57
70045271520300,2026-07-07,Mardi,21:00,21:50,DNA Yvon Villarceau,Lagree,Calista Ruat,0,0,True,disponible,2026-06-23 09:57
70045269890040,2026-07-08,Mercredi,07:00,07:50,DNA Yvon Villarceau,Lagree,Kim Sarfati,0,0,True,inconnu,2026-06-23 09:57
70045269584140,2026-07-08,Mercredi,08:00,08:50,DNA Yvon Villarceau,Reformer,Rebecca Raccah,0,0,True,disponible,2026-06-23 09:57
70045269687740,2026-07-08,Mercredi,08:00,08:50,DNA Yvon Villarceau,Lagree,Ela Anastasia,0,0,True,disponible,2026-06-23 09:57
70045270653760,2026-07-08,Mercredi,08:30,09:20,DNA Victor Hugo,Reformer,Charlie DMC,0,0,True,disponible,2026-06-23 09:57
70045271480840,2026-07-08,Mercredi,08:30,09:20,DNA Victor Hugo,Lagree,Melody Naggar,0,0,True,disponible,2026-06-23 09:57
70045269593640,2026-07-08,Mercredi,09:00,09:50,DNA Yvon Villarceau,Reformer,Rebecca Raccah,0,0,True,disponible,2026-06-23 09:57
70045269682860,2026-07-08,Mercredi,09:00,09:50,DNA Yvon Villarceau,Lagree,Ela Anastasia,0,0,True,disponible,2026-06-23 09:57
70045270663000,2026-07-08,Mercredi,09:30,10:20,DNA Victor Hugo,Reformer,Charlie DMC,0,0,True,disponible,2026-06-23 09:57
70045271476000,2026-07-08,Mercredi,09:30,10:20,DNA Victor Hugo,Lagree,Melody Naggar,0,0,True,disponible,2026-06-23 09:57
70045269534500,2026-07-08,Mercredi,10:00,10:50,DNA Yvon Villarceau,Lagree,Ela Anastasia,0,0,True,disponible,2026-06-23 09:57
70045269543660,2026-07-08,Mercredi,10:00,10:50,DNA Yvon Villarceau,Reformer,Rebecca Raccah,0,0,True,disponible,2026-06-23 09:57
70045270655940,2026-07-08,Mercredi,10:30,11:20,DNA Victor Hugo,Reformer,Charlie DMC,0,0,True,disponible,2026-06-23 09:57
70045271487980,2026-07-08,Mercredi,10:30,11:20,DNA Victor Hugo,Lagree,Melody Naggar,0,0,True,disponible,2026-06-23 09:57
70045269553940,2026-07-08,Mercredi,11:00,11:50,DNA Yvon Villarceau,Lagree,Ela Anastasia,0,0,True,disponible,2026-06-23 09:57
70045269564620,2026-07-08,Mercredi,11:00,11:50,DNA Yvon Villarceau,Reformer,Rebecca Raccah,0,0,True,disponible,2026-06-23 09:57
70045270617620,2026-07-08,Mercredi,11:30,12:15,DNA Victor Hugo,Lagree,Victoria Schafter,0,0,True,disponible,2026-06-23 09:57
70045271052800,2026-07-08,Mercredi,11:30,12:20,DNA Victor Hugo,Reformer,Charlie DMC,0,0,True,disponible,2026-06-23 09:57
70045269573480,2026-07-08,Mercredi,12:00,12:50,DNA Yvon Villarceau,Reformer,Rebecca Raccah,0,0,True,disponible,2026-06-23 09:57
70045270258720,2026-07-08,Mercredi,12:00,12:50,DNA Yvon Villarceau,Lagree,Ela Anastasia,0,0,True,disponible,2026-06-23 09:57
70045270628360,2026-07-08,Mercredi,12:30,13:15,DNA Victor Hugo,Lagree,Victoria Schafter,0,0,True,disponible,2026-06-23 09:57
70045270664900,2026-07-08,Mercredi,12:30,13:20,DNA Victor Hugo,Reformer,Charlie DMC,0,0,True,disponible,2026-06-23 09:57
70045269567760,2026-07-08,Mercredi,13:00,13:50,DNA Yvon Villarceau,Reformer,Rebecca Raccah,0,0,True,disponible,2026-06-23 09:57
70045270269500,2026-07-08,Mercredi,13:00,13:50,DNA Yvon Villarceau,Lagree,Carla B,0,0,True,disponible,2026-06-23 09:57
70045270622440,2026-07-08,Mercredi,13:30,14:15,DNA Victor Hugo,Lagree,Victoria Schafter,0,0,True,disponible,2026-06-23 09:57
70045270128700,2026-07-08,Mercredi,14:00,14:50,DNA Yvon Villarceau,Lagree,Carla B,0,0,True,disponible,2026-06-23 09:57
70045270205220,2026-07-08,Mercredi,14:00,14:50,DNA Yvon Villarceau,Reformer,Leann Mroueh,0,0,True,disponible,2026-06-23 09:57
70045270633320,2026-07-08,Mercredi,14:30,15:15,DNA Victor Hugo,Lagree,Victoria Schafter,0,0,True,disponible,2026-06-23 09:57
70045271240780,2026-07-08,Mercredi,14:30,15:20,DNA Victor Hugo,Reformer,Sarah Elfassy,0,0,True,disponible,2026-06-23 09:57
70045270137460,2026-07-08,Mercredi,15:00,15:50,DNA Yvon Villarceau,Lagree,Carla B,0,0,True,disponible,2026-06-23 09:57
70045270215620,2026-07-08,Mercredi,15:00,15:50,DNA Yvon Villarceau,Reformer,Leann Mroueh,0,0,True,disponible,2026-06-23 09:57
70045271323400,2026-07-08,Mercredi,15:30,16:20,DNA Victor Hugo,Reformer,Sarah Elfassy,0,0,True,disponible,2026-06-23 09:57
70045270390200,2026-07-08,Mercredi,16:00,16:50,DNA Yvon Villarceau,Reformer,Leann Mroueh,0,0,True,disponible,2026-06-23 09:57
70045270181620,2026-07-08,Mercredi,17:00,17:50,DNA Yvon Villarceau,Lagree,Ela Anastasia,0,0,True,disponible,2026-06-23 09:57
70045270384980,2026-07-08,Mercredi,17:00,17:50,DNA Yvon Villarceau,Reformer,Leann Mroueh,0,0,True,disponible,2026-06-23 09:57
70045271106420,2026-07-08,Mercredi,17:30,18:20,DNA Victor Hugo,Reformer,Cecilia Pinto,0,0,True,disponible,2026-06-23 09:57
70045271412860,2026-07-08,Mercredi,17:30,18:15,DNA Victor Hugo,Lagree,Melody Naggar,0,0,True,disponible,2026-06-23 09:57
70045270092000,2026-07-08,Mercredi,18:00,18:50,DNA Yvon Villarceau,Reformer,Charlie DMC,0,0,True,disponible,2026-06-23 09:57
70045270190940,2026-07-08,Mercredi,18:00,18:50,DNA Yvon Villarceau,Lagree,Ela Anastasia,0,0,True,disponible,2026-06-23 09:57
70045271115520,2026-07-08,Mercredi,18:30,19:20,DNA Victor Hugo,Reformer,Cecilia Pinto,0,0,True,disponible,2026-06-23 09:57
70045271559880,2026-07-08,Mercredi,18:30,19:20,DNA Victor Hugo,Lagree,Melody Naggar,0,0,True,disponible,2026-06-23 09:57
70045269635780,2026-07-08,Mercredi,19:00,19:50,DNA Yvon Villarceau,Reformer,Charlie DMC,0,0,True,disponible,2026-06-23 09:57
70045270201760,2026-07-08,Mercredi,19:00,19:50,DNA Yvon Villarceau,Lagree,Ela Anastasia,0,0,True,disponible,2026-06-23 09:57
70045271125500,2026-07-08,Mercredi,19:30,20:20,DNA Victor Hugo,Reformer,Cecilia Pinto,0,0,True,disponible,2026-06-23 09:57
70045271437960,2026-07-08,Mercredi,19:30,20:15,DNA Victor Hugo,Lagree,Melody Naggar,0,0,True,disponible,2026-06-23 09:57
70045270087380,2026-07-08,Mercredi,20:00,20:50,DNA Yvon Villarceau,Reformer,Eve Lacroix,0,0,True,disponible,2026-06-23 09:57
70045270236820,2026-07-08,Mercredi,20:00,20:50,DNA Yvon Villarceau,Lagree,Ela Anastasia,0,0,True,disponible,2026-06-23 09:57
70045271135720,2026-07-08,Mercredi,20:30,21:20,DNA Victor Hugo,Reformer,Cecilia Pinto,0,0,True,disponible,2026-06-23 09:57
70045271446760,2026-07-08,Mercredi,20:30,21:20,DNA Victor Hugo,Lagree,Melody Naggar,0,0,True,disponible,2026-06-23 09:57
70045270096980,2026-07-08,Mercredi,21:00,21:50,DNA Yvon Villarceau,Reformer,Eve Lacroix,0,0,True,disponible,2026-06-23 09:57
70045269658620,2026-07-09,Jeudi,08:00,08:50,DNA Yvon Villarceau,Reformer,Nina Claro,0,0,True,disponible,2026-06-23 09:57
70045271384740,2026-07-09,Jeudi,08:00,08:50,DNA Yvon Villarceau,Lagree,Melody Naggar,0,0,True,disponible,2026-06-23 09:57
70045270345700,2026-07-09,Jeudi,08:30,09:15,DNA Victor Hugo,Lagree,Calista Ruat,0,0,True,disponible,2026-06-23 09:57
70045270699840,2026-07-09,Jeudi,08:30,09:20,DNA Victor Hugo,Reformer,Charlie DMC,0,0,True,disponible,2026-06-23 09:57
70045269666880,2026-07-09,Jeudi,09:00,09:50,DNA Yvon Villarceau,Reformer,Nina Claro,0,0,True,disponible,2026-06-23 09:57
70045271394780,2026-07-09,Jeudi,09:00,09:50,DNA Yvon Villarceau,Lagree,Melody Naggar,0,0,True,disponible,2026-06-23 09:57
70045270352860,2026-07-09,Jeudi,09:30,10:15,DNA Victor Hugo,Lagree,Calista Ruat,0,0,True,disponible,2026-06-23 09:57
70045270709600,2026-07-09,Jeudi,09:30,10:20,DNA Victor Hugo,Reformer,Charlie DMC,0,0,True,disponible,2026-06-23 09:57
70045270409880,2026-07-09,Jeudi,10:00,10:50,DNA Yvon Villarceau,Reformer,Liz Torres,0,0,True,disponible,2026-06-23 09:57
70045271403760,2026-07-09,Jeudi,10:00,10:50,DNA Yvon Villarceau,Lagree,Melody Naggar,0,0,True,disponible,2026-06-23 09:57
70045270720080,2026-07-09,Jeudi,10:30,11:20,DNA Victor Hugo,Reformer,Charlie DMC,0,0,True,disponible,2026-06-23 09:57
70045270885320,2026-07-09,Jeudi,10:30,11:15,DNA Victor Hugo,Lagree,Leann Mroueh,0,0,True,disponible,2026-06-23 09:57
70045269247140,2026-07-09,Jeudi,11:00,11:50,DNA Yvon Villarceau,Lagree,Nina Claro,0,0,True,disponible,2026-06-23 09:57
70045271277980,2026-07-09,Jeudi,11:00,11:50,DNA Yvon Villarceau,Reformer,Liz Torres,0,0,True,disponible,2026-06-23 09:57
70045270906820,2026-07-09,Jeudi,11:30,12:15,DNA Victor Hugo,Lagree,Leann Mroueh,0,0,True,disponible,2026-06-23 09:57
70045270975360,2026-07-09,Jeudi,11:30,12:20,DNA Victor Hugo,Reformer,Victoria Schafter,0,0,True,disponible,2026-06-23 09:57
70045269257500,2026-07-09,Jeudi,12:00,12:50,DNA Yvon Villarceau,Lagree,Nina Claro,0,0,True,disponible,2026-06-23 09:57
70045269267460,2026-07-09,Jeudi,12:00,12:50,DNA Yvon Villarceau,Reformer,Soudi Zargham,0,0,True,disponible,2026-06-23 09:57
70045270056420,2026-07-09,Jeudi,12:30,13:15,DNA Victor Hugo,Lagree,Sarah Elfassy,0,0,True,disponible,2026-06-23 09:57
70045270984460,2026-07-09,Jeudi,12:30,13:20,DNA Victor Hugo,Reformer,Victoria Schafter,0,0,True,disponible,2026-06-23 09:57
70045269271940,2026-07-09,Jeudi,13:00,13:50,DNA Yvon Villarceau,Reformer,Soudi Zargham,0,0,True,disponible,2026-06-23 09:57
70045269278400,2026-07-09,Jeudi,13:00,13:50,DNA Yvon Villarceau,Lagree,Nina Claro,0,0,True,disponible,2026-06-23 09:57
70045270050460,2026-07-09,Jeudi,13:30,14:15,DNA Victor Hugo,Lagree,Sarah Elfassy,0,0,True,disponible,2026-06-23 09:57
70045270947460,2026-07-09,Jeudi,13:30,14:20,DNA Victor Hugo,Reformer,Victoria Schafter,0,0,True,disponible,2026-06-23 09:57
70045269704100,2026-07-09,Jeudi,14:00,14:50,DNA Yvon Villarceau,Reformer,Soudi Zargham,0,0,True,disponible,2026-06-23 09:57
70045271694080,2026-07-09,Jeudi,14:30,15:20,DNA Victor Hugo,Reformer,Olivia Lamarre Reyner,0,0,True,disponible,2026-06-23 09:57
70045269603420,2026-07-09,Jeudi,15:00,15:50,DNA Yvon Villarceau,Lagree,Sarah Elfassy,0,0,True,disponible,2026-06-23 09:57
70045270558400,2026-07-09,Jeudi,15:00,15:50,DNA Yvon Villarceau,Reformer,Nina Claro,0,0,True,disponible,2026-06-23 09:57
70045271700540,2026-07-09,Jeudi,15:30,16:20,DNA Victor Hugo,Reformer,Olivia Lamarre Reyner,0,0,True,disponible,2026-06-23 09:57
70045270567620,2026-07-09,Jeudi,16:00,16:50,DNA Yvon Villarceau,Reformer,Nina Claro,0,0,True,disponible,2026-06-23 09:57
70045271509680,2026-07-09,Jeudi,16:00,16:50,DNA Yvon Villarceau,Lagree,Sarah Elfassy,0,0,True,disponible,2026-06-23 09:57
70045271707660,2026-07-09,Jeudi,16:30,17:20,DNA Victor Hugo,Reformer,Olivia Lamarre Reyner,0,0,True,disponible,2026-06-23 09:57
70045269293300,2026-07-09,Jeudi,17:00,17:50,DNA Yvon Villarceau,Lagree,Jade C,0,0,True,disponible,2026-06-23 09:57
70045269301640,2026-07-09,Jeudi,17:00,17:50,DNA Yvon Villarceau,Reformer,Nina Claro,0,0,True,disponible,2026-06-23 09:57
70045270453200,2026-07-09,Jeudi,17:30,18:15,DNA Victor Hugo,Lagree,Victoria Schafter,0,0,True,disponible,2026-06-23 09:57
70045270788120,2026-07-09,Jeudi,17:30,18:20,DNA Victor Hugo,Reformer,Leann Mroueh,0,0,True,disponible,2026-06-23 09:57
70045269310060,2026-07-09,Jeudi,18:00,18:50,DNA Yvon Villarceau,Lagree,Jade C,0,0,True,disponible,2026-06-23 09:57
70045269319060,2026-07-09,Jeudi,18:00,18:50,DNA Yvon Villarceau,Reformer,Nina Claro,0,0,True,disponible,2026-06-23 09:57
70045270463600,2026-07-09,Jeudi,18:30,19:15,DNA Victor Hugo,Lagree,Victoria Schafter,0,0,True,disponible,2026-06-23 09:57
70045270798420,2026-07-09,Jeudi,18:30,19:20,DNA Victor Hugo,Reformer,Leann Mroueh,0,0,True,disponible,2026-06-23 09:57
70045269327800,2026-07-09,Jeudi,19:00,19:50,DNA Yvon Villarceau,Lagree,Jade C,0,0,True,disponible,2026-06-23 09:57
70045270584300,2026-07-09,Jeudi,19:00,19:50,DNA Yvon Villarceau,Reformer,Eve Lacroix,0,0,True,disponible,2026-06-23 09:57
70045270350740,2026-07-09,Jeudi,19:30,20:15,DNA Victor Hugo,Lagree,Victoria Schafter,0,0,True,disponible,2026-06-23 09:57
70045270808540,2026-07-09,Jeudi,19:30,20:20,DNA Victor Hugo,Reformer,Leann Mroueh,0,0,True,disponible,2026-06-23 09:57
70045269320480,2026-07-09,Jeudi,20:00,20:50,DNA Yvon Villarceau,Lagree,Jade C,0,0,True,disponible,2026-06-23 09:57
70045270595460,2026-07-09,Jeudi,20:00,20:50,DNA Yvon Villarceau,Reformer,Eve Lacroix,0,0,True,disponible,2026-06-23 09:57
70045270643280,2026-07-09,Jeudi,20:30,21:20,DNA Victor Hugo,Lagree,Victoria Schafter,0,0,True,disponible,2026-06-23 09:57
70045270604920,2026-07-09,Jeudi,21:00,21:50,DNA Yvon Villarceau,Reformer,Eve Lacroix,0,0,True,disponible,2026-06-23 09:57
70045269344020,2026-07-10,Vendredi,08:00,08:50,DNA Yvon Villarceau,Lagree,Nina Claro,0,0,True,disponible,2026-06-23 09:57
70045269353900,2026-07-10,Vendredi,08:00,08:50,DNA Yvon Villarceau,Reformer,Eve Lacroix,0,0,True,disponible,2026-06-23 09:57
70045269907920,2026-07-10,Vendredi,08:30,09:15,DNA Victor Hugo,Lagree,Ela Anastasia,0,0,True,disponible,2026-06-23 09:57
70045270851160,2026-07-10,Vendredi,08:30,09:20,DNA Victor Hugo,Reformer,Soudi Zargham,0,0,True,disponible,2026-06-23 09:57
70045269336760,2026-07-10,Vendredi,09:00,09:50,DNA Yvon Villarceau,Lagree,Nina Claro,0,0,True,disponible,2026-06-23 09:57
70045269364440,2026-07-10,Vendredi,09:00,09:50,DNA Yvon Villarceau,Reformer,Eve Lacroix,0,0,True,disponible,2026-06-23 09:57
70045269916100,2026-07-10,Vendredi,09:30,10:15,DNA Victor Hugo,Lagree,Ela Anastasia,0,0,True,disponible,2026-06-23 09:57
70045270844640,2026-07-10,Vendredi,09:30,10:20,DNA Victor Hugo,Reformer,Soudi Zargham,0,0,True,disponible,2026-06-23 09:57
70045269107500,2026-07-10,Vendredi,10:00,10:50,DNA Yvon Villarceau,Lagree,Nina Claro,0,0,True,disponible,2026-06-23 09:57
70045269373820,2026-07-10,Vendredi,10:00,10:50,DNA Yvon Villarceau,Reformer,Eve Lacroix,0,0,True,disponible,2026-06-23 09:57
70045269922160,2026-07-10,Vendredi,10:30,11:15,DNA Victor Hugo,Lagree,Ela Anastasia,0,0,True,disponible,2026-06-23 09:57
70045270855960,2026-07-10,Vendredi,10:30,11:20,DNA Victor Hugo,Reformer,Soudi Zargham,0,0,True,disponible,2026-06-23 09:57
70045269382240,2026-07-10,Vendredi,11:00,11:50,DNA Yvon Villarceau,Reformer,Eve Lacroix,0,0,True,disponible,2026-06-23 09:57
70045269630540,2026-07-10,Vendredi,11:00,11:50,DNA Yvon Villarceau,Lagree,Nina Claro,0,0,True,disponible,2026-06-23 09:57
70045270919040,2026-07-10,Vendredi,11:30,12:20,DNA Victor Hugo,Reformer,Victoria Schafter,0,0,True,disponible,2026-06-23 09:57
70045270973020,2026-07-10,Vendredi,11:30,12:15,DNA Victor Hugo,Lagree,Carla B,0,0,True,disponible,2026-06-23 09:57
70045269115640,2026-07-10,Vendredi,12:00,12:50,DNA Yvon Villarceau,Lagree,Nina Claro,0,0,True,disponible,2026-06-23 09:57
70045269852020,2026-07-10,Vendredi,12:00,12:50,DNA Yvon Villarceau,Reformer,Eve Lacroix,0,0,True,disponible,2026-06-23 09:57
70045270929360,2026-07-10,Vendredi,12:30,13:20,DNA Victor Hugo,Reformer,Victoria Schafter,0,0,True,disponible,2026-06-23 09:57
70045270981220,2026-07-10,Vendredi,12:30,13:15,DNA Victor Hugo,Lagree,Carla B,0,0,True,disponible,2026-06-23 09:57
70045269124960,2026-07-10,Vendredi,13:00,13:50,DNA Yvon Villarceau,Lagree,Nina Claro,0,0,True,disponible,2026-06-23 09:57
70045269857560,2026-07-10,Vendredi,13:00,13:50,DNA Yvon Villarceau,Reformer,Eve Lacroix,0,0,True,disponible,2026-06-23 09:57
70045270712900,2026-07-10,Vendredi,13:30,14:20,DNA Victor Hugo,Reformer,Victoria Schafter,0,0,True,disponible,2026-06-23 09:57
70045270291200,2026-07-10,Vendredi,15:00,15:50,DNA Yvon Villarceau,Lagree,Leann Mroueh,0,0,True,disponible,2026-06-23 09:57
70045270302340,2026-07-10,Vendredi,16:00,16:50,DNA Yvon Villarceau,Lagree,Leann Mroueh,0,0,True,disponible,2026-06-23 09:57
70045271717520,2026-07-10,Vendredi,16:30,17:20,DNA Victor Hugo,Lagree,Mathilde Lafont,0,0,True,disponible,2026-06-23 09:57
70045270916600,2026-07-10,Vendredi,17:00,17:50,DNA Yvon Villarceau,Lagree,Leann Mroueh,0,0,True,disponible,2026-06-23 09:57
70045271193360,2026-07-10,Vendredi,17:00,17:50,DNA Yvon Villarceau,Reformer,Chloe Graeffly,0,0,True,disponible,2026-06-23 09:57
70045270676180,2026-07-10,Vendredi,17:30,18:20,DNA Victor Hugo,Reformer,Victoria Schafter,0,0,True,disponible,2026-06-23 09:57
70045271725820,2026-07-10,Vendredi,17:30,18:20,DNA Victor Hugo,Lagree,Mathilde Lafont,0,0,True,disponible,2026-06-23 09:57
70045271203040,2026-07-10,Vendredi,18:00,18:50,DNA Yvon Villarceau,Reformer,Chloe Graeffly,0,0,True,disponible,2026-06-23 09:57
70045271483440,2026-07-10,Vendredi,18:00,18:50,DNA Yvon Villarceau,Lagree,Daphne Sulowski,0,0,True,disponible,2026-06-23 09:57
70045269932480,2026-07-10,Vendredi,18:30,19:15,DNA Victor Hugo,Lagree,Mathilde Lafont,0,0,True,disponible,2026-06-23 09:57
70045270723560,2026-07-10,Vendredi,18:30,19:20,DNA Victor Hugo,Reformer,Victoria Schafter,0,0,True,disponible,2026-06-23 09:57
70045270102920,2026-07-10,Vendredi,19:00,19:50,DNA Yvon Villarceau,Reformer,Eve Lacroix,0,0,True,disponible,2026-06-23 09:57
70045271492620,2026-07-10,Vendredi,19:00,19:50,DNA Yvon Villarceau,Lagree,Daphne Sulowski,0,0,True,disponible,2026-06-23 09:57
70045269941000,2026-07-10,Vendredi,19:30,20:15,DNA Victor Hugo,Lagree,Mathilde Lafont,0,0,True,disponible,2026-06-23 09:57
70045270963020,2026-07-10,Vendredi,19:30,20:20,DNA Victor Hugo,Reformer,Victoria Schafter,0,0,True,disponible,2026-06-23 09:57
70045270187120,2026-07-10,Vendredi,20:00,20:50,DNA Yvon Villarceau,Reformer,Eve Lacroix,0,0,True,disponible,2026-06-23 09:57
70045270924580,2026-07-10,Vendredi,20:00,20:50,DNA Yvon Villarceau,Lagree,Daphne Sulowski,0,0,True,disponible,2026-06-23 09:57
70045271332360,2026-07-10,Vendredi,21:00,21:50,DNA Yvon Villarceau,Reformer,Eve Lacroix,0,0,True,inconnu,2026-06-23 09:57
70045269252820,2026-07-11,Samedi,08:00,09:00,DNA Yvon Villarceau,Lagree,Alice Amat,0,0,True,inconnu,2026-06-23 09:57
70045269711960,2026-07-11,Samedi,09:00,09:50,DNA Yvon Villarceau,Reformer,Charlie DMC,0,0,True,disponible,2026-06-23 09:57
70045270578060,2026-07-11,Samedi,09:00,09:50,DNA Yvon Villarceau,Lagree,Vanessa Slomka,0,0,True,disponible,2026-06-23 09:57
70045269934180,2026-07-11,Samedi,09:30,10:15,DNA Victor Hugo,Lagree,Nina Claro,0,0,True,disponible,2026-06-23 09:57
70045271208280,2026-07-11,Samedi,09:30,10:20,DNA Victor Hugo,Reformer,Chloe Graeffly,0,0,True,disponible,2026-06-23 09:57
70045269719600,2026-07-11,Samedi,10:00,10:50,DNA Yvon Villarceau,Reformer,Charlie DMC,0,0,True,disponible,2026-06-23 09:57
70045270573300,2026-07-11,Samedi,10:00,10:50,DNA Yvon Villarceau,Lagree,Vanessa Slomka,0,0,True,disponible,2026-06-23 09:57
70045269943960,2026-07-11,Samedi,10:30,11:15,DNA Victor Hugo,Lagree,Nina Claro,0,0,True,disponible,2026-06-23 09:57
70045271227600,2026-07-11,Samedi,10:30,11:20,DNA Victor Hugo,Reformer,Chloe Graeffly,0,0,True,disponible,2026-06-23 09:57
70045269725920,2026-07-11,Samedi,11:00,11:50,DNA Yvon Villarceau,Reformer,Charlie DMC,0,0,True,disponible,2026-06-23 09:57
70045270146980,2026-07-11,Samedi,11:00,11:50,DNA Yvon Villarceau,Lagree,Vanessa Slomka,0,0,True,disponible,2026-06-23 09:57
70045269978880,2026-07-11,Samedi,11:30,12:15,DNA Victor Hugo,Lagree,Nina Claro,0,0,True,disponible,2026-06-23 09:57
70045271269040,2026-07-11,Samedi,11:30,12:20,DNA Victor Hugo,Reformer,Chloe Graeffly,0,0,True,disponible,2026-06-23 09:57
70045269732560,2026-07-11,Samedi,12:00,12:50,DNA Yvon Villarceau,Reformer,Charlie DMC,0,0,True,disponible,2026-06-23 09:57
70045270140000,2026-07-11,Samedi,12:00,12:50,DNA Yvon Villarceau,Lagree,Vanessa Slomka,0,0,True,disponible,2026-06-23 09:57
70045271038840,2026-07-11,Samedi,12:30,13:15,DNA Victor Hugo,Lagree,Hala Takkiedine,0,0,True,disponible,2026-06-23 09:57
70045271341560,2026-07-11,Samedi,12:30,13:20,DNA Victor Hugo,Reformer,Chloe Graeffly,0,0,True,disponible,2026-06-23 09:57
70045269742840,2026-07-11,Samedi,13:00,13:50,DNA Yvon Villarceau,Reformer,Charlie DMC,0,0,True,disponible,2026-06-23 09:57
70045270149960,2026-07-11,Samedi,13:00,13:50,DNA Yvon Villarceau,Lagree,Vanessa Slomka,0,0,True,disponible,2026-06-23 09:57
70045271033940,2026-07-11,Samedi,13:30,14:15,DNA Victor Hugo,Lagree,Hala Takkiedine,0,0,True,disponible,2026-06-23 09:57
70045271284600,2026-07-11,Samedi,13:30,14:20,DNA Victor Hugo,Reformer,Chloe Graeffly,0,0,True,disponible,2026-06-23 09:57
70045269613860,2026-07-11,Samedi,14:00,14:50,DNA Yvon Villarceau,Reformer,Nina Claro,0,0,True,disponible,2026-06-23 09:57
70045271503920,2026-07-11,Samedi,14:00,14:50,DNA Yvon Villarceau,Lagree,Lucrezia Amerio,0,0,True,disponible,2026-06-23 09:57
70045271043140,2026-07-11,Samedi,14:30,15:15,DNA Victor Hugo,Lagree,Hala Takkiedine,0,0,True,disponible,2026-06-23 09:57
70045271542360,2026-07-11,Samedi,14:30,15:20,DNA Victor Hugo,Reformer,Olivia Lamarre Reyner,0,0,True,disponible,2026-06-23 09:57
70045269622060,2026-07-11,Samedi,15:00,15:50,DNA Yvon Villarceau,Reformer,Nina Claro,0,0,True,disponible,2026-06-23 09:57
70045271499000,2026-07-11,Samedi,15:00,15:50,DNA Yvon Villarceau,Lagree,Lucrezia Amerio,0,0,True,disponible,2026-06-23 09:57
70045271549880,2026-07-11,Samedi,15:30,16:20,DNA Victor Hugo,Reformer,Olivia Lamarre Reyner,0,0,True,disponible,2026-06-23 09:57
70045269134000,2026-07-11,Samedi,16:00,16:50,DNA Yvon Villarceau,Reformer,Nina Claro,0,0,True,inconnu,2026-06-23 09:57
70045271735940,2026-07-11,Samedi,16:00,16:50,DNA Yvon Villarceau,Lagree,Laura Provost,0,0,True,disponible,2026-06-23 09:57
70045271335340,2026-07-11,Samedi,16:30,17:20,DNA Victor Hugo,Reformer,Lucrezia Amerio,0,0,True,disponible,2026-06-23 09:57
70045271567460,2026-07-11,Samedi,16:30,17:20,DNA Victor Hugo,Lagree,Carla Triboul,0,0,True,disponible,2026-06-23 09:57
70045271148440,2026-07-11,Samedi,17:00,17:50,DNA Yvon Villarceau,Reformer,Chloe Graeffly,0,0,True,disponible,2026-06-23 09:57
70045271730220,2026-07-11,Samedi,17:00,17:50,DNA Yvon Villarceau,Lagree,Laura Provost,0,0,True,disponible,2026-06-23 09:57
70045271360380,2026-07-11,Samedi,17:30,18:20,DNA Victor Hugo,Reformer,Lucrezia Amerio,0,0,True,disponible,2026-06-23 09:57
70045271577500,2026-07-11,Samedi,17:30,18:15,DNA Victor Hugo,Lagree,Carla Triboul,0,0,True,disponible,2026-06-23 09:57
70045271157840,2026-07-11,Samedi,18:00,18:50,DNA Yvon Villarceau,Reformer,Chloe Graeffly,0,0,True,disponible,2026-06-23 09:57
70045271739280,2026-07-11,Samedi,18:00,18:50,DNA Yvon Villarceau,Lagree,Laura Provost,0,0,True,disponible,2026-06-23 09:57
70045271380920,2026-07-11,Samedi,18:30,19:20,DNA Victor Hugo,Reformer,Lucrezia Amerio,0,0,True,disponible,2026-06-23 09:57
70045271611500,2026-07-11,Samedi,18:30,19:15,DNA Victor Hugo,Lagree,Carla Triboul,0,0,True,disponible,2026-06-23 09:57
70045271186360,2026-07-11,Samedi,19:00,19:50,DNA Yvon Villarceau,Reformer,Chloe Graeffly,0,0,True,disponible,2026-06-23 09:57
70045271642140,2026-07-11,Samedi,19:00,19:50,DNA Yvon Villarceau,Lagree,Laura Provost,0,0,True,disponible,2026-06-23 09:57
70045271390100,2026-07-11,Samedi,19:30,20:20,DNA Victor Hugo,Reformer,Lucrezia Amerio,0,0,True,disponible,2026-06-23 09:57
70045271621300,2026-07-11,Samedi,19:30,20:15,DNA Victor Hugo,Lagree,Carla Triboul,0,0,True,disponible,2026-06-23 09:57
70045269422940,2026-07-12,Dimanche,09:00,09:50,DNA Yvon Villarceau,Lagree,Nina Claro,0,0,True,disponible,2026-06-23 09:57
70045269749840,2026-07-12,Dimanche,09:00,09:50,DNA Yvon Villarceau,Reformer,Eve Lacroix,0,0,True,disponible,2026-06-23 09:57
70045269989480,2026-07-12,Dimanche,09:30,10:15,DNA Victor Hugo,Lagree,Ela Anastasia,0,0,True,disponible,2026-06-23 09:57
70045271061860,2026-07-12,Dimanche,09:30,10:20,DNA Victor Hugo,Reformer,Cecilia Pinto,0,0,True,disponible,2026-06-23 09:57
70045269430920,2026-07-12,Dimanche,10:00,10:50,DNA Yvon Villarceau,Lagree,Nina Claro,0,0,True,disponible,2026-06-23 09:57
70045269760480,2026-07-12,Dimanche,10:00,10:50,DNA Yvon Villarceau,Reformer,Eve Lacroix,0,0,True,disponible,2026-06-23 09:57
70045269983840,2026-07-12,Dimanche,10:30,11:15,DNA Victor Hugo,Lagree,Ela Anastasia,0,0,True,disponible,2026-06-23 09:57
70045271070540,2026-07-12,Dimanche,10:30,11:20,DNA Victor Hugo,Reformer,Cecilia Pinto,0,0,True,disponible,2026-06-23 09:57
70045269439540,2026-07-12,Dimanche,11:00,11:50,DNA Yvon Villarceau,Lagree,Nina Claro,0,0,True,disponible,2026-06-23 09:57
70045269769380,2026-07-12,Dimanche,11:00,11:50,DNA Yvon Villarceau,Reformer,Eve Lacroix,0,0,True,disponible,2026-06-23 09:57
70045269993920,2026-07-12,Dimanche,11:30,12:15,DNA Victor Hugo,Lagree,Ela Anastasia,0,0,True,disponible,2026-06-23 09:57
70045271064800,2026-07-12,Dimanche,11:30,12:20,DNA Victor Hugo,Reformer,Cecilia Pinto,0,0,True,disponible,2026-06-23 09:57
70045269450120,2026-07-12,Dimanche,12:00,12:50,DNA Yvon Villarceau,Lagree,Nina Claro,0,0,True,disponible,2026-06-23 09:57
70045269763780,2026-07-12,Dimanche,12:00,12:50,DNA Yvon Villarceau,Reformer,Eve Lacroix,0,0,True,disponible,2026-06-23 09:57
70045270002980,2026-07-12,Dimanche,12:30,13:15,DNA Victor Hugo,Lagree,Mathilde Lafont,0,0,True,disponible,2026-06-23 09:57
70045270991160,2026-07-12,Dimanche,12:30,13:20,DNA Victor Hugo,Reformer,Cecilia Pinto,0,0,True,disponible,2026-06-23 09:57
70045269348160,2026-07-12,Dimanche,13:00,13:50,DNA Yvon Villarceau,Reformer,Eve Lacroix,0,0,True,disponible,2026-06-23 09:57
70045269443760,2026-07-12,Dimanche,13:00,13:50,DNA Yvon Villarceau,Lagree,Nina Claro,0,0,True,disponible,2026-06-23 09:57
70045270012060,2026-07-12,Dimanche,13:30,14:15,DNA Victor Hugo,Lagree,Mathilde Lafont,0,0,True,disponible,2026-06-23 09:57
70045269358820,2026-07-12,Dimanche,14:00,14:50,DNA Yvon Villarceau,Reformer,Eve Lacroix,0,0,True,disponible,2026-06-23 09:57
70045269677060,2026-07-12,Dimanche,14:00,14:50,DNA Yvon Villarceau,Lagree,Nina Claro,0,0,True,disponible,2026-06-23 09:57
70045270023620,2026-07-12,Dimanche,14:30,15:15,DNA Victor Hugo,Lagree,Mathilde Lafont,0,0,True,disponible,2026-06-23 09:57
70045271530780,2026-07-12,Dimanche,15:00,15:50,DNA Yvon Villarceau,Reformer,Olivia Lamarre Reyner,0,0,True,disponible,2026-06-23 09:57
70045270017980,2026-07-12,Dimanche,15:30,16:15,DNA Victor Hugo,Lagree,Mathilde Lafont,0,0,True,disponible,2026-06-23 09:57
70045270160800,2026-07-12,Dimanche,16:00,16:50,DNA Yvon Villarceau,Lagree,Catrin Karlson English class,0,0,True,disponible,2026-06-23 09:57
70045271525560,2026-07-12,Dimanche,16:00,16:50,DNA Yvon Villarceau,Reformer,Olivia Lamarre Reyner,0,0,True,disponible,2026-06-23 09:57
70045270171220,2026-07-12,Dimanche,17:00,17:50,DNA Yvon Villarceau,Lagree,Catrin Karlson English class,0,0,True,disponible,2026-06-23 09:57
70045271536860,2026-07-12,Dimanche,17:00,17:50,DNA Yvon Villarceau,Reformer,Olivia Lamarre Reyner,0,0,True,disponible,2026-06-23 09:57
70045271167260,2026-07-12,Dimanche,17:30,18:20,DNA Victor Hugo,Reformer,Chloe Graeffly,0,0,True,disponible,2026-06-23 09:57
70045270165580,2026-07-12,Dimanche,18:00,18:50,DNA Yvon Villarceau,Lagree,Catrin Karlson English class,0,0,True,disponible,2026-06-23 09:57
70045270599480,2026-07-12,Dimanche,18:00,18:50,DNA Yvon Villarceau,Reformer,Marie De Saint Simon,0,0,True,disponible,2026-06-23 09:57
70045271176860,2026-07-12,Dimanche,18:30,19:20,DNA Victor Hugo,Reformer,Chloe Graeffly,0,0,True,disponible,2026-06-23 09:57
70045271629600,2026-07-12,Dimanche,18:30,19:15,DNA Victor Hugo,Lagree,Hala Takkiedine,0,0,True,disponible,2026-06-23 09:57
70045270176300,2026-07-12,Dimanche,19:00,19:50,DNA Yvon Villarceau,Lagree,Catrin Karlson English class,0,0,True,disponible,2026-06-23 09:57
70045270607260,2026-07-12,Dimanche,19:00,19:50,DNA Yvon Villarceau,Reformer,Marie De Saint Simon,0,0,True,disponible,2026-06-23 09:57
70045271624480,2026-07-12,Dimanche,19:30,20:15,DNA Victor Hugo,Lagree,Hala Takkiedine,0,0,True,disponible,2026-06-23 09:57
70045269589240,2026-07-13,Lundi,08:00,08:50,DNA Yvon Villarceau,Reformer,Rebecca Raccah,0,0,True,disponible,2026-06-23 09:57
70045269646140,2026-07-13,Lundi,08:00,08:50,DNA Yvon Villarceau,Lagree,Ela Anastasia,0,0,True,disponible,2026-06-23 09:57
70045270686500,2026-07-13,Lundi,08:30,09:20,DNA Victor Hugo,Reformer,Joy Duquesne,0,0,True,disponible,2026-06-23 09:57
70045271456980,2026-07-13,Lundi,08:30,09:20,DNA Victor Hugo,Lagree,Melody Naggar,0,0,True,disponible,2026-06-23 09:57
70045269452800,2026-07-13,Lundi,09:00,09:50,DNA Yvon Villarceau,Reformer,Rebecca Raccah,0,0,True,disponible,2026-06-23 09:57
70045269639500,2026-07-13,Lundi,09:00,09:50,DNA Yvon Villarceau,Lagree,Ela Anastasia,0,0,True,disponible,2026-06-23 09:57
70045270681600,2026-07-13,Lundi,09:30,10:20,DNA Victor Hugo,Reformer,Joy Duquesne,0,0,True,disponible,2026-06-23 09:57
70045271450900,2026-07-13,Lundi,09:30,10:20,DNA Victor Hugo,Lagree,Melody Naggar,0,0,True,disponible,2026-06-23 09:57
70045269460760,2026-07-13,Lundi,10:00,10:50,DNA Yvon Villarceau,Lagree,Ela Anastasia,0,0,True,disponible,2026-06-23 09:57
70045269470140,2026-07-13,Lundi,10:00,10:50,DNA Yvon Villarceau,Reformer,Rebecca Raccah,0,0,True,disponible,2026-06-23 09:57
70045270733800,2026-07-13,Lundi,10:30,11:20,DNA Victor Hugo,Reformer,Joy Duquesne,0,0,True,disponible,2026-06-23 09:57
70045271462520,2026-07-13,Lundi,10:30,11:20,DNA Victor Hugo,Lagree,Melody Naggar,0,0,True,disponible,2026-06-23 09:57
70045269478300,2026-07-13,Lundi,11:00,11:50,DNA Yvon Villarceau,Reformer,Rebecca Raccah,0,0,True,disponible,2026-06-23 09:57
70045269648960,2026-07-13,Lundi,11:00,11:50,DNA Yvon Villarceau,Lagree,Ela Anastasia,0,0,True,disponible,2026-06-23 09:57
70045270242860,2026-07-13,Lundi,11:30,12:15,DNA Victor Hugo,Lagree,Sarah Elfassy,0,0,True,disponible,2026-06-23 09:57
70045270742160,2026-07-13,Lundi,11:30,12:20,DNA Victor Hugo,Reformer,Carla B,0,0,True,disponible,2026-06-23 09:57
70045269867340,2026-07-13,Lundi,12:00,12:50,DNA Yvon Villarceau,Reformer,Charlie DMC,0,0,True,disponible,2026-06-23 09:57
70045270113660,2026-07-13,Lundi,12:00,12:50,DNA Yvon Villarceau,Lagree,Catrin Karlson English class,0,0,True,disponible,2026-06-23 09:57
70045270231560,2026-07-13,Lundi,12:30,13:15,DNA Victor Hugo,Lagree,Sarah Elfassy,0,0,True,disponible,2026-06-23 09:57
70045270752220,2026-07-13,Lundi,12:30,13:20,DNA Victor Hugo,Reformer,Carla B,0,0,True,disponible,2026-06-23 09:57
70045269876400,2026-07-13,Lundi,13:00,13:50,DNA Yvon Villarceau,Reformer,Charlie DMC,0,0,True,disponible,2026-06-23 09:57
70045271287440,2026-07-13,Lundi,13:00,13:50,DNA Yvon Villarceau,Lagree,Catrin Karlson English class,0,0,True,disponible,2026-06-23 09:57
70045270793740,2026-07-13,Lundi,13:30,14:20,DNA Victor Hugo,Reformer,Carla B,0,0,True,disponible,2026-06-23 09:57
70045270819480,2026-07-13,Lundi,13:30,14:20,DNA Victor Hugo,Lagree,Sarah Elfassy,0,0,True,disponible,2026-06-23 09:57
70045270302900,2026-07-13,Lundi,14:00,14:50,DNA Yvon Villarceau,Reformer,Charlie DMC,0,0,True,disponible,2026-06-23 09:57
70045271296400,2026-07-13,Lundi,14:00,14:50,DNA Yvon Villarceau,Lagree,Catrin Karlson English class,0,0,True,disponible,2026-06-23 09:57
70045270830300,2026-07-13,Lundi,14:30,15:20,DNA Victor Hugo,Reformer,Sarah Elfassy,0,0,True,disponible,2026-06-23 09:57
70045270237260,2026-07-13,Lundi,15:00,15:50,DNA Yvon Villarceau,Lagree,Ela Anastasia,0,0,True,disponible,2026-06-23 09:57
70045270839540,2026-07-13,Lundi,15:30,16:20,DNA Victor Hugo,Reformer,Sarah Elfassy,0,0,True,disponible,2026-06-23 09:57
70045269869260,2026-07-13,Lundi,16:00,16:50,DNA Yvon Villarceau,Reformer,Charlie DMC,0,0,True,disponible,2026-06-23 09:57
70045270248080,2026-07-13,Lundi,16:00,16:50,DNA Yvon Villarceau,Lagree,Ela Anastasia,0,0,True,disponible,2026-06-23 09:57
70045269485800,2026-07-13,Lundi,17:00,17:50,DNA Yvon Villarceau,Lagree,Jade C,0,0,True,disponible,2026-06-23 09:57
70045269879860,2026-07-13,Lundi,17:00,17:50,DNA Yvon Villarceau,Reformer,Charlie DMC,0,0,True,disponible,2026-06-23 09:57
70045270029200,2026-07-13,Lundi,17:30,18:15,DNA Victor Hugo,Lagree,Carla B,0,0,True,disponible,2026-06-23 09:57
70045270803720,2026-07-13,Lundi,17:30,18:20,DNA Victor Hugo,Reformer,Rebecca Raccah,0,0,True,disponible,2026-06-23 09:57
70045269495500,2026-07-13,Lundi,18:00,18:50,DNA Yvon Villarceau,Lagree,Jade C,0,0,True,disponible,2026-06-23 09:57
70045270061580,2026-07-13,Lundi,18:00,18:50,DNA Yvon Villarceau,Reformer,Charlie DMC,0,0,True,disponible,2026-06-23 09:57
70045270040000,2026-07-13,Lundi,18:30,19:15,DNA Victor Hugo,Lagree,Carla B,0,0,True,disponible,2026-06-23 09:57
70045270814820,2026-07-13,Lundi,18:30,19:20,DNA Victor Hugo,Reformer,Rebecca Raccah,0,0,True,disponible,2026-06-23 09:57
70045269504740,2026-07-13,Lundi,19:00,19:50,DNA Yvon Villarceau,Lagree,Jade C,0,0,True,disponible,2026-06-23 09:57
70045270395500,2026-07-13,Lundi,19:00,19:50,DNA Yvon Villarceau,Reformer,Marie De Saint Simon,0,0,True,disponible,2026-06-23 09:57
70045270034340,2026-07-13,Lundi,19:30,20:15,DNA Victor Hugo,Lagree,Catrin Karlson English class,0,0,True,disponible,2026-06-23 09:57
70045270824980,2026-07-13,Lundi,19:30,20:20,DNA Victor Hugo,Reformer,Rebecca Raccah,0,0,True,disponible,2026-06-23 09:57
70045269515120,2026-07-13,Lundi,20:00,20:50,DNA Yvon Villarceau,Lagree,Jade C,0,0,True,disponible,2026-06-23 09:57
70045270406340,2026-07-13,Lundi,20:00,20:50,DNA Yvon Villarceau,Reformer,Marie De Saint Simon,0,0,True,disponible,2026-06-23 09:57
70045270045800,2026-07-13,Lundi,20:30,21:15,DNA Victor Hugo,Lagree,Catrin Karlson English class,0,0,True,disponible,2026-06-23 09:57
70045270401120,2026-07-13,Lundi,21:00,21:50,DNA Yvon Villarceau,Reformer,Marie De Saint Simon,0,0,True,disponible,2026-06-23 09:57
11616320,2026-07-14,Mardi,08:00,08:50,DNA Yvon Villarceau,Reformer,Charlie DMC,0,0,True,disponible,2026-07-04 00:40
11616360,2026-07-14,Mardi,08:00,08:50,DNA Yvon Villarceau,Lagree,Calista Ruat (Suppléant),0,0,True,disponible,2026-07-04 00:40
11616400,2026-07-14,Mardi,08:30,09:20,DNA Victor Hugo,Reformer,Eve Lacroix,0,0,True,disponible,2026-07-04 00:40
11616440,2026-07-14,Mardi,08:30,09:20,DNA Victor Hugo,Lagree,Melody Naggar,0,0,True,disponible,2026-07-04 00:40
11616480,2026-07-14,Mardi,09:00,09:50,DNA Yvon Villarceau,Reformer,Charlie DMC,0,0,True,disponible,2026-07-04 00:40
11616520,2026-07-14,Mardi,09:00,09:50,DNA Yvon Villarceau,Lagree,Calista Ruat (Suppléant),0,0,True,disponible,2026-07-04 00:40
11616560,2026-07-14,Mardi,09:30,10:20,DNA Victor Hugo,Reformer,Eve Lacroix,0,0,True,disponible,2026-07-04 00:40
11616600,2026-07-14,Mardi,09:30,10:20,DNA Victor Hugo,Lagree,Melody Naggar,0,0,True,disponible,2026-07-04 00:40
11616640,2026-07-14,Mardi,10:00,10:50,DNA Yvon Villarceau,Reformer,Charlie DMC,0,0,True,disponible,2026-07-04 00:40
11616680,2026-07-14,Mardi,10:00,10:50,DNA Yvon Villarceau,Lagree,Calista Ruat (Suppléant),0,0,True,disponible,2026-07-04 00:40
11616720,2026-07-14,Mardi,10:30,11:15,DNA Victor Hugo,Lagree,Leann Mroueh,0,0,True,disponible,2026-07-04 00:40
11616760,2026-07-14,Mardi,10:30,11:20,DNA Victor Hugo,Reformer,Eve Lacroix,0,0,True,disponible,2026-07-04 00:40
11616800,2026-07-14,Mardi,11:00,11:50,DNA Yvon Villarceau,Reformer,Laura Provost (Suppléant),0,0,True,disponible,2026-07-04 00:40
11616840,2026-07-14,Mardi,11:00,11:50,DNA Yvon Villarceau,Lagree,Carla Triboul (Suppléant),0,0,True,disponible,2026-07-04 00:40
11616880,2026-07-14,Mardi,11:30,12:15,DNA Victor Hugo,Lagree,Leann Mroueh,0,0,True,disponible,2026-07-04 00:40
11616920,2026-07-14,Mardi,11:30,12:20,DNA Victor Hugo,Reformer,Eve Lacroix,0,0,True,disponible,2026-07-04 00:40
11616960,2026-07-14,Mardi,12:00,12:50,DNA Yvon Villarceau,Reformer,Laura Provost (Suppléant),0,0,True,disponible,2026-07-04 00:40
11617000,2026-07-14,Mardi,12:00,12:50,DNA Yvon Villarceau,Lagree,Carla Triboul (Suppléant),0,0,True,disponible,2026-07-04 00:40
11617040,2026-07-14,Mardi,12:30,13:15,DNA Victor Hugo,Lagree,Leann Mroueh,0,0,True,disponible,2026-07-04 00:40
11617080,2026-07-14,Mardi,12:30,13:20,DNA Victor Hugo,Reformer,Eve Lacroix,0,0,True,disponible,2026-07-04 00:40
11617120,2026-07-14,Mardi,13:00,13:50,DNA Yvon Villarceau,Reformer,Laura Provost (Suppléant),0,0,True,disponible,2026-07-04 00:40
11617160,2026-07-14,Mardi,13:00,13:50,DNA Yvon Villarceau,Lagree,Carla Triboul (Suppléant),0,0,True,disponible,2026-07-04 00:40
11617200,2026-07-14,Mardi,13:30,14:15,DNA Victor Hugo,Lagree,Leann Mroueh,0,0,True,disponible,2026-07-04 00:40
11617240,2026-07-14,Mardi,13:30,14:20,DNA Victor Hugo,Reformer,Eve Lacroix,0,0,True,disponible,2026-07-04 00:40
11617280,2026-07-14,Mardi,14:00,14:50,DNA Yvon Villarceau,Lagree,Carla Triboul (Suppléant),0,0,True,disponible,2026-07-04 00:40
11617320,2026-07-14,Mardi,14:30,15:20,DNA Victor Hugo,Reformer,Olivia Lamarre Reyner,0,0,True,disponible,2026-07-04 00:40
11617360,2026-07-14,Mardi,15:30,16:20,DNA Victor Hugo,Reformer,Olivia Lamarre Reyner,0,0,True,disponible,2026-07-04 00:40
11617400,2026-07-14,Mardi,16:00,16:50,DNA Yvon Villarceau,Reformer,Charlie DMC,0,0,True,disponible,2026-07-04 00:40
11617440,2026-07-14,Mardi,16:30,17:20,DNA Victor Hugo,Reformer,Olivia Lamarre Reyner,0,0,True,disponible,2026-07-04 00:40
11617480,2026-07-14,Mardi,17:00,17:50,DNA Yvon Villarceau,Lagree,Carla B,0,0,True,disponible,2026-07-04 00:40
11617520,2026-07-14,Mardi,17:00,17:50,DNA Yvon Villarceau,Reformer,Charlie DMC,0,0,True,disponible,2026-07-04 00:40
11617560,2026-07-14,Mardi,17:30,18:15,DNA Victor Hugo,Lagree,Leann Mroueh,0,0,True,disponible,2026-07-04 00:40
11617600,2026-07-14,Mardi,18:00,18:50,DNA Yvon Villarceau,Lagree,Carla B,0,0,True,disponible,2026-07-04 00:40
11617640,2026-07-14,Mardi,18:00,18:50,DNA Yvon Villarceau,Reformer,Charlie DMC,0,0,True,disponible,2026-07-04 00:40
11617680,2026-07-14,Mardi,18:30,19:15,DNA Victor Hugo,Lagree,Leann Mroueh,0,0,True,disponible,2026-07-04 00:40
11617720,2026-07-14,Mardi,18:30,19:20,DNA Victor Hugo,Reformer,Cecilia Pinto,0,0,True,disponible,2026-07-04 00:40
11617760,2026-07-14,Mardi,19:00,19:50,DNA Yvon Villarceau,Lagree,Calista Ruat,0,0,True,disponible,2026-07-04 00:40
11617800,2026-07-14,Mardi,19:00,19:50,DNA Yvon Villarceau,Reformer,Eve Lacroix,0,0,True,disponible,2026-07-04 00:40
11617840,2026-07-14,Mardi,19:30,20:15,DNA Victor Hugo,Lagree,Leann Mroueh,0,0,True,disponible,2026-07-04 00:40
11617880,2026-07-14,Mardi,19:30,20:20,DNA Victor Hugo,Reformer,Cecilia Pinto,0,0,True,disponible,2026-07-04 00:40
11617920,2026-07-14,Mardi,20:00,20:50,DNA Yvon Villarceau,Lagree,Calista Ruat,0,0,True,disponible,2026-07-04 00:40
11617960,2026-07-14,Mardi,20:00,20:50,DNA Yvon Villarceau,Reformer,Eve Lacroix,0,0,True,disponible,2026-07-04 00:40
11618000,2026-07-14,Mardi,20:30,21:15,DNA Victor Hugo,Lagree,Leann Mroueh,0,0,True,disponible,2026-07-04 00:40
11618040,2026-07-14,Mardi,20:30,21:20,DNA Victor Hugo,Reformer,Cecilia Pinto,0,0,True,disponible,2026-07-04 00:40
11618080,2026-07-14,Mardi,21:00,21:50,DNA Yvon Villarceau,Reformer,Eve Lacroix,0,0,True,disponible,2026-07-04 00:40
11618120,2026-07-14,Mardi,21:00,21:50,DNA Yvon Villarceau,Lagree,Calista Ruat,0,0,True,disponible,2026-07-04 00:40
11618160,2026-07-15,Mercredi,07:00,07:50,DNA Yvon Villarceau,Lagree,Kim Sarfati,0,0,True,inconnu,2026-07-04 00:40
11618200,2026-07-15,Mercredi,08:00,08:50,DNA Yvon Villarceau,Reformer,Nina Claro (Suppléant),0,0,True,disponible,2026-07-04 00:40
11618240,2026-07-15,Mercredi,08:00,08:50,DNA Yvon Villarceau,Lagree,Leann Mroueh (Suppléant),0,0,True,disponible,2026-07-04 00:40
11618280,2026-07-15,Mercredi,08:30,09:20,DNA Victor Hugo,Reformer,Charlie DMC,0,0,True,disponible,2026-07-04 00:40
11618320,2026-07-15,Mercredi,08:30,09:20,DNA Victor Hugo,Lagree,Melody Naggar,0,0,True,disponible,2026-07-04 00:40
11618360,2026-07-15,Mercredi,09:00,09:50,DNA Yvon Villarceau,Reformer,Nina Claro (Suppléant),0,0,True,disponible,2026-07-04 00:40
11618400,2026-07-15,Mercredi,09:00,09:50,DNA Yvon Villarceau,Lagree,Leann Mroueh (Suppléant),0,0,True,disponible,2026-07-04 00:40
11618440,2026-07-15,Mercredi,09:30,10:20,DNA Victor Hugo,Reformer,Charlie DMC,0,0,True,disponible,2026-07-04 00:40
11618480,2026-07-15,Mercredi,09:30,10:20,DNA Victor Hugo,Lagree,Melody Naggar,0,0,True,disponible,2026-07-04 00:40
11618520,2026-07-15,Mercredi,10:00,10:50,DNA Yvon Villarceau,Lagree,Leann Mroueh (Suppléant),0,0,True,disponible,2026-07-04 00:40
11618560,2026-07-15,Mercredi,10:00,10:50,DNA Yvon Villarceau,Reformer,Nina Claro (Suppléant),0,0,True,disponible,2026-07-04 00:40
11618600,2026-07-15,Mercredi,10:30,11:20,DNA Victor Hugo,Reformer,Charlie DMC,0,0,True,disponible,2026-07-04 00:40
11618640,2026-07-15,Mercredi,10:30,11:20,DNA Victor Hugo,Lagree,Melody Naggar,0,0,True,disponible,2026-07-04 00:40
11618680,2026-07-15,Mercredi,11:00,11:50,DNA Yvon Villarceau,Lagree,Leann Mroueh (Suppléant),0,0,True,disponible,2026-07-04 00:40
11618720,2026-07-15,Mercredi,11:00,11:50,DNA Yvon Villarceau,Reformer,Nina Claro (Suppléant),0,0,True,disponible,2026-07-04 00:40
11618760,2026-07-15,Mercredi,11:30,12:15,DNA Victor Hugo,Lagree,isis Magnin (Suppléant),0,0,True,disponible,2026-07-04 00:40
11618800,2026-07-15,Mercredi,11:30,12:20,DNA Victor Hugo,Reformer,Charlie DMC,0,0,True,disponible,2026-07-04 00:40
11618840,2026-07-15,Mercredi,12:00,12:50,DNA Yvon Villarceau,Reformer,Nina Claro (Suppléant),0,0,True,disponible,2026-07-04 00:40
11618880,2026-07-15,Mercredi,12:00,12:50,DNA Yvon Villarceau,Lagree,Leann Mroueh (Suppléant),0,0,True,disponible,2026-07-04 00:40
11618920,2026-07-15,Mercredi,12:30,13:15,DNA Victor Hugo,Lagree,isis Magnin (Suppléant),0,0,True,disponible,2026-07-04 00:40
11618960,2026-07-15,Mercredi,12:30,13:20,DNA Victor Hugo,Reformer,Charlie DMC,0,0,True,disponible,2026-07-04 00:40
11619000,2026-07-15,Mercredi,13:00,13:50,DNA Yvon Villarceau,Reformer,Nina Claro (Suppléant),0,0,True,disponible,2026-07-04 00:40
11619040,2026-07-15,Mercredi,13:00,13:50,DNA Yvon Villarceau,Lagree,Catrin Karlson English class (Suppléant),0,0,True,disponible,2026-07-04 00:40
11619080,2026-07-15,Mercredi,13:30,14:15,DNA Victor Hugo,Lagree,isis Magnin (Suppléant),0,0,True,disponible,2026-07-04 00:40
11619120,2026-07-15,Mercredi,14:00,14:50,DNA Yvon Villarceau,Lagree,Catrin Karlson English class (Suppléant),0,0,True,disponible,2026-07-04 00:40
11619160,2026-07-15,Mercredi,14:00,14:50,DNA Yvon Villarceau,Reformer,Leann Mroueh,0,0,True,disponible,2026-07-04 00:40
11619200,2026-07-15,Mercredi,14:30,15:15,DNA Victor Hugo,Lagree,isis Magnin (Suppléant),0,0,True,disponible,2026-07-04 00:40
11619240,2026-07-15,Mercredi,14:30,15:20,DNA Victor Hugo,Reformer,Sarah Elfassy,0,0,True,disponible,2026-07-04 00:40
11619280,2026-07-15,Mercredi,15:00,15:50,DNA Yvon Villarceau,Lagree,Catrin Karlson English class (Suppléant),0,0,True,disponible,2026-07-04 00:40
11619320,2026-07-15,Mercredi,15:00,15:50,DNA Yvon Villarceau,Reformer,Leann Mroueh,0,0,True,disponible,2026-07-04 00:40
11619360,2026-07-15,Mercredi,15:30,16:20,DNA Victor Hugo,Reformer,Sarah Elfassy,0,0,True,disponible,2026-07-04 00:40
11619400,2026-07-15,Mercredi,16:00,16:50,DNA Yvon Villarceau,Reformer,Leann Mroueh,0,0,True,disponible,2026-07-04 00:40
11619440,2026-07-15,Mercredi,17:00,17:50,DNA Yvon Villarceau,Lagree,Calista Ruat (Suppléant),0,0,True,disponible,2026-07-04 00:40
11619480,2026-07-15,Mercredi,17:00,17:50,DNA Yvon Villarceau,Reformer,Leann Mroueh,0,0,True,disponible,2026-07-04 00:40
11619520,2026-07-15,Mercredi,17:30,18:20,DNA Victor Hugo,Reformer,Cecilia Pinto,0,0,True,disponible,2026-07-04 00:40
11619560,2026-07-15,Mercredi,17:30,18:15,DNA Victor Hugo,Lagree,Melody Naggar,0,0,True,disponible,2026-07-04 00:40
11619600,2026-07-15,Mercredi,18:00,18:50,DNA Yvon Villarceau,Reformer,Charlie DMC,0,0,True,disponible,2026-07-04 00:40
11619640,2026-07-15,Mercredi,18:00,18:50,DNA Yvon Villarceau,Lagree,Calista Ruat (Suppléant),0,0,True,disponible,2026-07-04 00:40
11619680,2026-07-15,Mercredi,18:30,19:20,DNA Victor Hugo,Reformer,Cecilia Pinto,0,0,True,disponible,2026-07-04 00:40
11619720,2026-07-15,Mercredi,18:30,19:20,DNA Victor Hugo,Lagree,Melody Naggar,0,0,True,disponible,2026-07-04 00:40
11619760,2026-07-15,Mercredi,19:00,19:50,DNA Yvon Villarceau,Reformer,Charlie DMC,0,0,True,disponible,2026-07-04 00:40
11619800,2026-07-15,Mercredi,19:00,19:50,DNA Yvon Villarceau,Lagree,Calista Ruat (Suppléant),0,0,True,disponible,2026-07-04 00:40
11619840,2026-07-15,Mercredi,19:30,20:20,DNA Victor Hugo,Reformer,Cecilia Pinto,0,0,True,disponible,2026-07-04 00:40
11619880,2026-07-15,Mercredi,19:30,20:15,DNA Victor Hugo,Lagree,Melody Naggar,0,0,True,disponible,2026-07-04 00:40
11619920,2026-07-15,Mercredi,20:00,20:50,DNA Yvon Villarceau,Reformer,Eve Lacroix,0,0,True,disponible,2026-07-04 00:40
11619960,2026-07-15,Mercredi,20:00,20:50,DNA Yvon Villarceau,Lagree,Calista Ruat (Suppléant),0,0,True,disponible,2026-07-04 00:40
11620000,2026-07-15,Mercredi,20:30,21:20,DNA Victor Hugo,Reformer,Cecilia Pinto,0,0,True,disponible,2026-07-04 00:40
11620040,2026-07-15,Mercredi,20:30,21:20,DNA Victor Hugo,Lagree,Melody Naggar,0,0,True,disponible,2026-07-04 00:40
11620080,2026-07-15,Mercredi,21:00,21:50,DNA Yvon Villarceau,Reformer,Eve Lacroix,0,0,True,disponible,2026-07-04 00:40
11620120,2026-07-16,Jeudi,08:00,08:50,DNA Yvon Villarceau,Reformer,Nina Claro,0,0,True,disponible,2026-07-04 00:40
11620160,2026-07-16,Jeudi,08:00,08:50,DNA Yvon Villarceau,Lagree,Melody Naggar,0,0,True,disponible,2026-07-04 00:40
11620200,2026-07-16,Jeudi,08:30,09:15,DNA Victor Hugo,Lagree,Calista Ruat,0,0,True,disponible,2026-07-04 00:40
11620240,2026-07-16,Jeudi,08:30,09:20,DNA Victor Hugo,Reformer,Charlie DMC,0,0,True,disponible,2026-07-04 00:40
11620280,2026-07-16,Jeudi,09:00,09:50,DNA Yvon Villarceau,Reformer,Nina Claro,0,0,True,disponible,2026-07-04 00:40
11620320,2026-07-16,Jeudi,09:00,09:50,DNA Yvon Villarceau,Lagree,Melody Naggar,0,0,True,disponible,2026-07-04 00:40
11620360,2026-07-16,Jeudi,09:30,10:15,DNA Victor Hugo,Lagree,Calista Ruat,0,0,True,disponible,2026-07-04 00:40
11620400,2026-07-16,Jeudi,09:30,10:20,DNA Victor Hugo,Reformer,Charlie DMC,0,0,True,disponible,2026-07-04 00:40
11620440,2026-07-16,Jeudi,10:00,10:50,DNA Yvon Villarceau,Reformer,Liz Torres,0,0,True,disponible,2026-07-04 00:40
11620480,2026-07-16,Jeudi,10:00,10:50,DNA Yvon Villarceau,Lagree,Melody Naggar,0,0,True,disponible,2026-07-04 00:40
11620520,2026-07-16,Jeudi,10:30,11:20,DNA Victor Hugo,Reformer,Charlie DMC,0,0,True,disponible,2026-07-04 00:40
11620560,2026-07-16,Jeudi,10:30,11:15,DNA Victor Hugo,Lagree,Leann Mroueh,0,0,True,disponible,2026-07-04 00:40
11620600,2026-07-16,Jeudi,11:00,11:50,DNA Yvon Villarceau,Lagree,Nina Claro,0,0,True,disponible,2026-07-04 00:40
11620640,2026-07-16,Jeudi,11:00,11:50,DNA Yvon Villarceau,Reformer,Liz Torres,0,0,True,disponible,2026-07-04 00:40
11620680,2026-07-16,Jeudi,11:30,12:15,DNA Victor Hugo,Lagree,Leann Mroueh,0,0,True,disponible,2026-07-04 00:40
11620720,2026-07-16,Jeudi,11:30,12:20,DNA Victor Hugo,Reformer,Sarah Diolinda (Suppléant),0,0,True,disponible,2026-07-04 00:40
11620760,2026-07-16,Jeudi,12:00,12:50,DNA Yvon Villarceau,Lagree,Nina Claro,0,0,True,disponible,2026-07-04 00:40
11620800,2026-07-16,Jeudi,12:00,12:50,DNA Yvon Villarceau,Reformer,Charlie DMC (Suppléant),0,0,True,disponible,2026-07-04 00:40
11620840,2026-07-16,Jeudi,12:30,13:15,DNA Victor Hugo,Lagree,Sarah Elfassy,0,0,True,disponible,2026-07-04 00:40
11620880,2026-07-16,Jeudi,12:30,13:20,DNA Victor Hugo,Reformer,Sarah Diolinda (Suppléant),0,0,True,disponible,2026-07-04 00:40
11620920,2026-07-16,Jeudi,13:00,13:50,DNA Yvon Villarceau,Lagree,Nina Claro,0,0,True,disponible,2026-07-04 00:40
11620960,2026-07-16,Jeudi,13:00,13:50,DNA Yvon Villarceau,Reformer,Charlie DMC (Suppléant),0,0,True,disponible,2026-07-04 00:40
11621000,2026-07-16,Jeudi,13:30,14:15,DNA Victor Hugo,Lagree,Sarah Elfassy,0,0,True,disponible,2026-07-04 00:40
11621040,2026-07-16,Jeudi,13:30,14:20,DNA Victor Hugo,Reformer,Sarah Diolinda (Suppléant),0,0,True,disponible,2026-07-04 00:40
11621080,2026-07-16,Jeudi,14:00,14:50,DNA Yvon Villarceau,Reformer,Charlie DMC (Suppléant),0,0,True,disponible,2026-07-04 00:40
11621120,2026-07-16,Jeudi,14:30,15:20,DNA Victor Hugo,Reformer,Olivia Lamarre Reyner,0,0,True,disponible,2026-07-04 00:40
11621160,2026-07-16,Jeudi,15:00,15:50,DNA Yvon Villarceau,Lagree,Sarah Elfassy,0,0,True,disponible,2026-07-04 00:40
11621200,2026-07-16,Jeudi,15:00,15:50,DNA Yvon Villarceau,Reformer,Nina Claro,0,0,True,disponible,2026-07-04 00:40
11621240,2026-07-16,Jeudi,15:30,16:20,DNA Victor Hugo,Reformer,Olivia Lamarre Reyner,0,0,True,disponible,2026-07-04 00:40
11621280,2026-07-16,Jeudi,16:00,16:50,DNA Yvon Villarceau,Reformer,Nina Claro,0,0,True,disponible,2026-07-04 00:40
11621320,2026-07-16,Jeudi,16:00,16:50,DNA Yvon Villarceau,Lagree,Sarah Elfassy,0,0,True,disponible,2026-07-04 00:40
11621360,2026-07-16,Jeudi,16:30,17:20,DNA Victor Hugo,Reformer,Olivia Lamarre Reyner,0,0,True,disponible,2026-07-04 00:40
11621400,2026-07-16,Jeudi,17:00,17:50,DNA Yvon Villarceau,Lagree,Calista Ruat (Suppléant),0,0,True,disponible,2026-07-04 00:40
11621440,2026-07-16,Jeudi,17:00,17:50,DNA Yvon Villarceau,Reformer,Nina Claro,0,0,True,disponible,2026-07-04 00:40
11621480,2026-07-16,Jeudi,17:30,18:15,DNA Victor Hugo,Lagree,Carla Triboul (Suppléant),0,0,True,disponible,2026-07-04 00:40
11621520,2026-07-16,Jeudi,17:30,18:20,DNA Victor Hugo,Reformer,Leann Mroueh,0,0,True,disponible,2026-07-04 00:40
11621560,2026-07-16,Jeudi,18:00,18:50,DNA Yvon Villarceau,Lagree,Calista Ruat (Suppléant),0,0,True,disponible,2026-07-04 00:40
11621600,2026-07-16,Jeudi,18:00,18:50,DNA Yvon Villarceau,Reformer,Nina Claro,0,0,True,disponible,2026-07-04 00:40
11621640,2026-07-16,Jeudi,18:30,19:15,DNA Victor Hugo,Lagree,Carla Triboul (Suppléant),0,0,True,disponible,2026-07-04 00:40
11621680,2026-07-16,Jeudi,18:30,19:20,DNA Victor Hugo,Reformer,Leann Mroueh,0,0,True,disponible,2026-07-04 00:40
11621720,2026-07-16,Jeudi,19:00,19:50,DNA Yvon Villarceau,Lagree,Calista Ruat (Suppléant),0,0,True,disponible,2026-07-04 00:40
11621760,2026-07-16,Jeudi,19:00,19:50,DNA Yvon Villarceau,Reformer,Eve Lacroix,0,0,True,disponible,2026-07-04 00:40
11621800,2026-07-16,Jeudi,19:30,20:15,DNA Victor Hugo,Lagree,Carla Triboul (Suppléant),0,0,True,disponible,2026-07-04 00:40
11621840,2026-07-16,Jeudi,19:30,20:20,DNA Victor Hugo,Reformer,Leann Mroueh,0,0,True,disponible,2026-07-04 00:40
11621880,2026-07-16,Jeudi,20:00,20:50,DNA Yvon Villarceau,Lagree,Calista Ruat (Suppléant),0,0,True,disponible,2026-07-04 00:40
11621920,2026-07-16,Jeudi,20:00,20:50,DNA Yvon Villarceau,Reformer,Eve Lacroix,0,0,True,disponible,2026-07-04 00:40
11621960,2026-07-16,Jeudi,20:30,21:20,DNA Victor Hugo,Lagree,Carla Triboul (Suppléant),0,0,True,disponible,2026-07-04 00:40
11622000,2026-07-16,Jeudi,21:00,21:50,DNA Yvon Villarceau,Reformer,Eve Lacroix,0,0,True,disponible,2026-07-04 00:40
109877640,2026-07-17,Vendredi,08:00,08:50,DNA Yvon Villarceau,Lagree,Nina Claro,0,0,True,disponible,2026-07-12 20:37
109877680,2026-07-17,Vendredi,08:00,08:50,DNA Yvon Villarceau,Reformer,Eve Lacroix,0,0,True,disponible,2026-07-12 20:37
109877720,2026-07-17,Vendredi,08:30,09:15,DNA Victor Hugo,Lagree,Yasmine Khoulalene (Suppléant),0,0,True,disponible,2026-07-12 20:37
109877760,2026-07-17,Vendredi,08:30,09:20,DNA Victor Hugo,Reformer,Charlie DMC (Suppléant),0,0,True,disponible,2026-07-12 20:37
109877800,2026-07-17,Vendredi,09:00,09:50,DNA Yvon Villarceau,Lagree,Nina Claro,0,0,True,disponible,2026-07-12 20:37
109877840,2026-07-17,Vendredi,09:00,09:50,DNA Yvon Villarceau,Reformer,Eve Lacroix,0,0,True,disponible,2026-07-12 20:37
109877880,2026-07-17,Vendredi,09:30,10:15,DNA Victor Hugo,Lagree,Yasmine Khoulalene (Suppléant),0,0,True,disponible,2026-07-12 20:37
109877920,2026-07-17,Vendredi,09:30,10:20,DNA Victor Hugo,Reformer,Charlie DMC (Suppléant),0,0,True,disponible,2026-07-12 20:37
109877960,2026-07-17,Vendredi,10:00,10:50,DNA Yvon Villarceau,Lagree,Nina Claro,0,0,True,disponible,2026-07-12 20:37
109878000,2026-07-17,Vendredi,10:00,10:50,DNA Yvon Villarceau,Reformer,Eve Lacroix,0,0,True,disponible,2026-07-12 20:37
109878040,2026-07-17,Vendredi,10:30,11:15,DNA Victor Hugo,Lagree,Yasmine Khoulalene (Suppléant),0,0,True,disponible,2026-07-12 20:37
109878080,2026-07-17,Vendredi,10:30,11:20,DNA Victor Hugo,Reformer,Charlie DMC (Suppléant),0,0,True,disponible,2026-07-12 20:37
109878120,2026-07-17,Vendredi,11:00,11:50,DNA Yvon Villarceau,Lagree,Nina Claro,0,0,True,disponible,2026-07-12 20:37
109878160,2026-07-17,Vendredi,11:00,11:50,DNA Yvon Villarceau,Reformer,Eve Lacroix,0,0,True,disponible,2026-07-12 20:37
109878200,2026-07-17,Vendredi,11:30,12:20,DNA Victor Hugo,Reformer,Sarah Diolinda (Suppléant),0,0,True,disponible,2026-07-12 20:37
109878240,2026-07-17,Vendredi,12:00,12:50,DNA Yvon Villarceau,Lagree,Nina Claro,0,0,True,disponible,2026-07-12 20:37
109878280,2026-07-17,Vendredi,12:00,12:50,DNA Yvon Villarceau,Reformer,Eve Lacroix,0,0,True,disponible,2026-07-12 20:37
109878320,2026-07-17,Vendredi,12:30,13:20,DNA Victor Hugo,Reformer,Sarah Diolinda (Suppléant),0,0,True,disponible,2026-07-12 20:37
109878360,2026-07-17,Vendredi,13:00,13:50,DNA Yvon Villarceau,Lagree,Nina Claro,0,0,True,disponible,2026-07-12 20:37
109878400,2026-07-17,Vendredi,13:00,13:50,DNA Yvon Villarceau,Reformer,Eve Lacroix,0,0,True,disponible,2026-07-12 20:37
109878440,2026-07-17,Vendredi,13:30,14:20,DNA Victor Hugo,Reformer,Sarah Diolinda (Suppléant),0,0,True,disponible,2026-07-12 20:37
109878480,2026-07-17,Vendredi,16:30,17:20,DNA Victor Hugo,Lagree,Mathilde Lafont,0,0,True,disponible,2026-07-12 20:37
109878520,2026-07-17,Vendredi,17:00,17:50,DNA Yvon Villarceau,Reformer,Carla Triboul (Suppléant),0,0,True,disponible,2026-07-12 20:37
109878560,2026-07-17,Vendredi,17:30,18:20,DNA Victor Hugo,Reformer,Lucrezia Amerio (Suppléant),0,0,True,disponible,2026-07-12 20:37
109878600,2026-07-17,Vendredi,17:30,18:20,DNA Victor Hugo,Lagree,Mathilde Lafont,0,0,True,disponible,2026-07-12 20:37
109878640,2026-07-17,Vendredi,18:00,18:50,DNA Yvon Villarceau,Reformer,Carla Triboul (Suppléant),0,0,True,disponible,2026-07-12 20:37
109878680,2026-07-17,Vendredi,18:00,18:50,DNA Yvon Villarceau,Lagree,Daphne Sulowski,0,0,True,disponible,2026-07-12 20:37
109878720,2026-07-17,Vendredi,18:30,19:15,DNA Victor Hugo,Lagree,Mathilde Lafont,0,0,True,disponible,2026-07-12 20:37
109878760,2026-07-17,Vendredi,18:30,19:20,DNA Victor Hugo,Reformer,Olivia Lamarre Reyner (Suppléant),0,0,True,disponible,2026-07-12 20:37
109878800,2026-07-17,Vendredi,19:00,19:50,DNA Yvon Villarceau,Reformer,Eve Lacroix,0,0,True,disponible,2026-07-12 20:37
109878840,2026-07-17,Vendredi,19:00,19:50,DNA Yvon Villarceau,Lagree,Daphne Sulowski,0,0,True,disponible,2026-07-12 20:37
109878880,2026-07-17,Vendredi,19:30,20:15,DNA Victor Hugo,Lagree,Mathilde Lafont,0,0,True,disponible,2026-07-12 20:37
109878920,2026-07-17,Vendredi,19:30,20:20,DNA Victor Hugo,Reformer,Olivia Lamarre Reyner (Suppléant),0,0,True,disponible,2026-07-12 20:37
109878960,2026-07-17,Vendredi,20:00,20:50,DNA Yvon Villarceau,Reformer,Eve Lacroix,0,0,True,disponible,2026-07-12 20:37
109879000,2026-07-17,Vendredi,20:00,20:50,DNA Yvon Villarceau,Lagree,Daphne Sulowski,0,0,True,disponible,2026-07-12 20:37
109879040,2026-07-17,Vendredi,21:00,21:50,DNA Yvon Villarceau,Reformer,Eve Lacroix,0,0,True,inconnu,2026-07-12 20:37
63413400,2026-07-18,Samedi,08:00,09:00,DNA Yvon Villarceau,Lagree,Alice Amat,0,0,True,inconnu,2026-07-11 12:05
63413680,2026-07-18,Samedi,09:00,09:50,DNA Yvon Villarceau,Reformer,Carla Triboul (Suppléant),0,0,True,disponible,2026-07-11 12:05
63413740,2026-07-18,Samedi,09:00,09:50,DNA Yvon Villarceau,Lagree,Vanessa Slomka,0,0,True,disponible,2026-07-11 12:05
63413780,2026-07-18,Samedi,09:30,10:15,DNA Victor Hugo,Lagree,Nina Claro,0,0,True,disponible,2026-07-11 12:05
63413820,2026-07-18,Samedi,09:30,10:20,DNA Victor Hugo,Reformer,Laura Provost (Suppléant),0,0,True,disponible,2026-07-11 12:05
63413860,2026-07-18,Samedi,10:00,10:50,DNA Yvon Villarceau,Reformer,Carla Triboul (Suppléant),0,0,True,disponible,2026-07-11 12:05
63413900,2026-07-18,Samedi,10:00,10:50,DNA Yvon Villarceau,Lagree,Vanessa Slomka,0,0,True,disponible,2026-07-11 12:05
63413940,2026-07-18,Samedi,10:30,11:15,DNA Victor Hugo,Lagree,Nina Claro,0,0,True,disponible,2026-07-11 12:05
63413980,2026-07-18,Samedi,10:30,11:20,DNA Victor Hugo,Reformer,Laura Provost (Suppléant),0,0,True,disponible,2026-07-11 12:05
63414020,2026-07-18,Samedi,11:00,11:50,DNA Yvon Villarceau,Reformer,Carla Triboul (Suppléant),0,0,True,disponible,2026-07-11 12:05
63414060,2026-07-18,Samedi,11:00,11:50,DNA Yvon Villarceau,Lagree,Vanessa Slomka,0,0,True,disponible,2026-07-11 12:05
63414100,2026-07-18,Samedi,11:30,12:15,DNA Victor Hugo,Lagree,Nina Claro,0,0,True,disponible,2026-07-11 12:05
63414140,2026-07-18,Samedi,11:30,12:20,DNA Victor Hugo,Reformer,Laura Provost (Suppléant),0,0,True,disponible,2026-07-11 12:05
63414180,2026-07-18,Samedi,12:00,12:50,DNA Yvon Villarceau,Reformer,Carla Triboul (Suppléant),0,0,True,disponible,2026-07-11 12:05
63414220,2026-07-18,Samedi,12:00,12:50,DNA Yvon Villarceau,Lagree,Vanessa Slomka,0,0,True,disponible,2026-07-11 12:05
63414260,2026-07-18,Samedi,12:30,13:15,DNA Victor Hugo,Lagree,Hala Takkiedine,0,0,True,disponible,2026-07-11 12:05
63414300,2026-07-18,Samedi,12:30,13:20,DNA Victor Hugo,Reformer,Laura Provost (Suppléant),0,0,True,disponible,2026-07-11 12:05
63414340,2026-07-18,Samedi,13:00,13:50,DNA Yvon Villarceau,Reformer,Carla Triboul (Suppléant),0,0,True,disponible,2026-07-11 12:05
63414380,2026-07-18,Samedi,13:00,13:50,DNA Yvon Villarceau,Lagree,Vanessa Slomka,0,0,True,disponible,2026-07-11 12:05
63414420,2026-07-18,Samedi,13:30,14:15,DNA Victor Hugo,Lagree,Hala Takkiedine,0,0,True,disponible,2026-07-11 12:05
63414460,2026-07-18,Samedi,13:30,14:20,DNA Victor Hugo,Reformer,Laura Provost (Suppléant),0,0,True,disponible,2026-07-11 12:05
63414500,2026-07-18,Samedi,14:00,14:50,DNA Yvon Villarceau,Reformer,Nina Claro,0,0,True,disponible,2026-07-11 12:05
63414540,2026-07-18,Samedi,14:00,14:50,DNA Yvon Villarceau,Lagree,Lucrezia Amerio,0,0,True,disponible,2026-07-11 12:05
63414580,2026-07-18,Samedi,14:30,15:15,DNA Victor Hugo,Lagree,Hala Takkiedine,0,0,True,disponible,2026-07-11 12:05
63414620,2026-07-18,Samedi,14:30,15:20,DNA Victor Hugo,Reformer,Olivia Lamarre Reyner,0,0,True,disponible,2026-07-11 12:05
63414660,2026-07-18,Samedi,15:00,15:50,DNA Yvon Villarceau,Reformer,Nina Claro,0,0,True,disponible,2026-07-11 12:05
63414700,2026-07-18,Samedi,15:00,15:50,DNA Yvon Villarceau,Lagree,Lucrezia Amerio,0,0,True,disponible,2026-07-11 12:05
63414740,2026-07-18,Samedi,15:30,16:20,DNA Victor Hugo,Reformer,Olivia Lamarre Reyner,0,0,True,disponible,2026-07-11 12:05
63414780,2026-07-18,Samedi,16:00,16:50,DNA Yvon Villarceau,Reformer,Nina Claro,0,0,True,inconnu,2026-07-11 12:05
63414820,2026-07-18,Samedi,16:00,16:50,DNA Yvon Villarceau,Lagree,Celia Almeida,0,0,True,disponible,2026-07-11 12:05
63414860,2026-07-18,Samedi,16:30,17:20,DNA Victor Hugo,Reformer,Lucrezia Amerio,0,0,True,disponible,2026-07-11 12:05
63414900,2026-07-18,Samedi,16:30,17:20,DNA Victor Hugo,Lagree,Carla Triboul,0,0,True,disponible,2026-07-11 12:05
63414940,2026-07-18,Samedi,17:00,17:50,DNA Yvon Villarceau,Reformer,Olivia Lamarre Reyner (Suppléant),0,0,True,disponible,2026-07-11 12:05
63414980,2026-07-18,Samedi,17:00,17:50,DNA Yvon Villarceau,Lagree,Celia Almeida,0,0,True,disponible,2026-07-11 12:05
63415020,2026-07-18,Samedi,17:30,18:20,DNA Victor Hugo,Reformer,Lucrezia Amerio,0,0,True,disponible,2026-07-11 12:05
63415060,2026-07-18,Samedi,17:30,18:15,DNA Victor Hugo,Lagree,Carla Triboul,0,0,True,disponible,2026-07-11 12:05
63415100,2026-07-18,Samedi,18:00,18:50,DNA Yvon Villarceau,Reformer,Olivia Lamarre Reyner (Suppléant),0,0,True,disponible,2026-07-11 12:05
63415140,2026-07-18,Samedi,18:00,18:50,DNA Yvon Villarceau,Lagree,Celia Almeida,0,0,True,disponible,2026-07-11 12:05
63415180,2026-07-18,Samedi,18:30,19:20,DNA Victor Hugo,Reformer,Lucrezia Amerio,0,0,True,disponible,2026-07-11 12:05
63415220,2026-07-18,Samedi,18:30,19:15,DNA Victor Hugo,Lagree,Carla Triboul,0,0,True,disponible,2026-07-11 12:05
63415260,2026-07-18,Samedi,19:00,19:50,DNA Yvon Villarceau,Reformer,Olivia Lamarre Reyner (Suppléant),0,0,True,disponible,2026-07-11 12:05
63415300,2026-07-18,Samedi,19:00,19:50,DNA Yvon Villarceau,Lagree,Celia Almeida,0,0,True,disponible,2026-07-11 12:05
63415340,2026-07-18,Samedi,19:30,20:20,DNA Victor Hugo,Reformer,Lucrezia Amerio,0,0,True,disponible,2026-07-11 12:05
63415380,2026-07-18,Samedi,19:30,20:15,DNA Victor Hugo,Lagree,Carla Triboul,0,0,True,disponible,2026-07-11 12:05
63415420,2026-07-19,Dimanche,09:00,09:50,DNA Yvon Villarceau,Lagree,Nina Claro,0,0,True,disponible,2026-07-11 12:05
63415460,2026-07-19,Dimanche,09:00,09:50,DNA Yvon Villarceau,Reformer,Laura Provost (Suppléant),0,0,True,disponible,2026-07-11 12:05
63415500,2026-07-19,Dimanche,09:30,10:15,DNA Victor Hugo,Lagree,Yasmine Khoulalene (Suppléant),0,0,True,disponible,2026-07-11 12:05
63415540,2026-07-19,Dimanche,09:30,10:20,DNA Victor Hugo,Reformer,Cecilia Pinto,0,0,True,disponible,2026-07-11 12:05
63415580,2026-07-19,Dimanche,10:00,10:50,DNA Yvon Villarceau,Lagree,Nina Claro,0,0,True,disponible,2026-07-11 12:05
63415620,2026-07-19,Dimanche,10:00,10:50,DNA Yvon Villarceau,Reformer,Laura Provost (Suppléant),0,0,True,disponible,2026-07-11 12:05
63415660,2026-07-19,Dimanche,10:30,11:15,DNA Victor Hugo,Lagree,Yasmine Khoulalene (Suppléant),0,0,True,disponible,2026-07-11 12:05
63415700,2026-07-19,Dimanche,10:30,11:20,DNA Victor Hugo,Reformer,Cecilia Pinto,0,0,True,disponible,2026-07-11 12:05
63415740,2026-07-19,Dimanche,11:00,11:50,DNA Yvon Villarceau,Lagree,Nina Claro,0,0,True,disponible,2026-07-11 12:05
63415780,2026-07-19,Dimanche,11:00,11:50,DNA Yvon Villarceau,Reformer,Laura Provost (Suppléant),0,0,True,disponible,2026-07-11 12:05
63415820,2026-07-19,Dimanche,11:30,12:15,DNA Victor Hugo,Lagree,Yasmine Khoulalene (Suppléant),0,0,True,disponible,2026-07-11 12:05
63415860,2026-07-19,Dimanche,11:30,12:20,DNA Victor Hugo,Reformer,Cecilia Pinto,0,0,True,disponible,2026-07-11 12:05
63415900,2026-07-19,Dimanche,12:00,12:50,DNA Yvon Villarceau,Lagree,Nina Claro,0,0,True,disponible,2026-07-11 12:05
63415940,2026-07-19,Dimanche,12:00,12:50,DNA Yvon Villarceau,Reformer,Laura Provost (Suppléant),0,0,True,disponible,2026-07-11 12:05
63415980,2026-07-19,Dimanche,12:30,13:15,DNA Victor Hugo,Lagree,Mathilde Lafont,0,0,True,disponible,2026-07-11 12:05
63416020,2026-07-19,Dimanche,12:30,13:20,DNA Victor Hugo,Reformer,Cecilia Pinto,0,0,True,disponible,2026-07-11 12:05
63416060,2026-07-19,Dimanche,13:00,13:50,DNA Yvon Villarceau,Lagree,Nina Claro,0,0,True,disponible,2026-07-11 12:05
63416100,2026-07-19,Dimanche,13:00,13:50,DNA Yvon Villarceau,Reformer,Olivia Lamarre Reyner (Suppléant),0,0,True,disponible,2026-07-11 12:05
63416140,2026-07-19,Dimanche,13:30,14:15,DNA Victor Hugo,Lagree,Mathilde Lafont,0,0,True,disponible,2026-07-11 12:05
63416180,2026-07-19,Dimanche,14:00,14:50,DNA Yvon Villarceau,Lagree,Nina Claro,0,0,True,disponible,2026-07-11 12:05
63416220,2026-07-19,Dimanche,14:00,14:50,DNA Yvon Villarceau,Reformer,Olivia Lamarre Reyner (Suppléant),0,0,True,disponible,2026-07-11 12:05
63416260,2026-07-19,Dimanche,14:30,15:15,DNA Victor Hugo,Lagree,Mathilde Lafont,0,0,True,disponible,2026-07-11 12:05
63416300,2026-07-19,Dimanche,15:00,15:50,DNA Yvon Villarceau,Reformer,Olivia Lamarre Reyner,0,0,True,disponible,2026-07-11 12:05
63416340,2026-07-19,Dimanche,15:30,16:15,DNA Victor Hugo,Lagree,Mathilde Lafont,0,0,True,disponible,2026-07-11 12:05
63416380,2026-07-19,Dimanche,16:00,16:50,DNA Yvon Villarceau,Lagree,Catrin Karlson English class,0,0,True,disponible,2026-07-11 12:05
63416420,2026-07-19,Dimanche,16:00,16:50,DNA Yvon Villarceau,Reformer,Olivia Lamarre Reyner,0,0,True,disponible,2026-07-11 12:05
63416460,2026-07-19,Dimanche,17:00,17:50,DNA Yvon Villarceau,Lagree,Catrin Karlson English class,0,0,True,disponible,2026-07-11 12:05
63416500,2026-07-19,Dimanche,17:00,17:50,DNA Yvon Villarceau,Reformer,Olivia Lamarre Reyner,0,0,True,disponible,2026-07-11 12:05
63416540,2026-07-19,Dimanche,17:30,18:20,DNA Victor Hugo,Reformer,Laura Provost (Suppléant),0,0,True,disponible,2026-07-11 12:05
63416580,2026-07-19,Dimanche,18:00,18:50,DNA Yvon Villarceau,Lagree,Catrin Karlson English class,0,0,True,disponible,2026-07-11 12:05
63416620,2026-07-19,Dimanche,18:00,18:50,DNA Yvon Villarceau,Reformer,Marie De Saint Simon,0,0,True,disponible,2026-07-11 12:05
63416660,2026-07-19,Dimanche,18:30,19:20,DNA Victor Hugo,Reformer,Laura Provost (Suppléant),0,0,True,disponible,2026-07-11 12:05
63416700,2026-07-19,Dimanche,18:30,19:15,DNA Victor Hugo,Lagree,Carla Triboul (Suppléant),0,0,True,disponible,2026-07-11 12:05
63416740,2026-07-19,Dimanche,19:00,19:50,DNA Yvon Villarceau,Lagree,Catrin Karlson English class,0,0,True,disponible,2026-07-11 12:05
63416780,2026-07-19,Dimanche,19:00,19:50,DNA Yvon Villarceau,Reformer,Marie De Saint Simon,0,0,True,disponible,2026-07-11 12:05
63416820,2026-07-19,Dimanche,19:30,20:15,DNA Victor Hugo,Lagree,Carla Triboul (Suppléant),0,0,True,disponible,2026-07-11 12:05
63416860,2026-07-20,Lundi,08:00,08:50,DNA Yvon Villarceau,Reformer,Rebecca Raccah,0,0,True,disponible,2026-07-11 12:05
63416900,2026-07-20,Lundi,08:00,08:50,DNA Yvon Villarceau,Lagree,Ela Anastasia,0,0,True,disponible,2026-07-11 12:05
63416940,2026-07-20,Lundi,08:30,09:20,DNA Victor Hugo,Reformer,Carla B (Suppléant),0,0,True,disponible,2026-07-11 12:05
63416980,2026-07-20,Lundi,08:30,09:20,DNA Victor Hugo,Lagree,Melody Naggar,0,0,True,disponible,2026-07-11 12:05
63417020,2026-07-20,Lundi,09:00,09:50,DNA Yvon Villarceau,Reformer,Rebecca Raccah,0,0,True,disponible,2026-07-11 12:05
63417060,2026-07-20,Lundi,09:00,09:50,DNA Yvon Villarceau,Lagree,Ela Anastasia,0,0,True,disponible,2026-07-11 12:05
63417100,2026-07-20,Lundi,09:30,10:20,DNA Victor Hugo,Reformer,Carla B (Suppléant),0,0,True,disponible,2026-07-11 12:05
63417140,2026-07-20,Lundi,09:30,10:20,DNA Victor Hugo,Lagree,Melody Naggar,0,0,True,disponible,2026-07-11 12:05
63417180,2026-07-20,Lundi,10:00,10:50,DNA Yvon Villarceau,Lagree,Ela Anastasia,0,0,True,disponible,2026-07-11 12:05
63417220,2026-07-20,Lundi,10:00,10:50,DNA Yvon Villarceau,Reformer,Rebecca Raccah,0,0,True,disponible,2026-07-11 12:05
63417260,2026-07-20,Lundi,10:30,11:20,DNA Victor Hugo,Reformer,Carla B (Suppléant),0,0,True,disponible,2026-07-11 12:05
63417300,2026-07-20,Lundi,10:30,11:20,DNA Victor Hugo,Lagree,Melody Naggar,0,0,True,disponible,2026-07-11 12:05
63417340,2026-07-20,Lundi,11:00,11:50,DNA Yvon Villarceau,Reformer,Rebecca Raccah,0,0,True,disponible,2026-07-11 12:05
63417380,2026-07-20,Lundi,11:00,11:50,DNA Yvon Villarceau,Lagree,Ela Anastasia,0,0,True,disponible,2026-07-11 12:05
63417420,2026-07-20,Lundi,11:30,12:15,DNA Victor Hugo,Lagree,Sarah Elfassy,0,0,True,disponible,2026-07-11 12:05
63417460,2026-07-20,Lundi,11:30,12:20,DNA Victor Hugo,Reformer,Carla B,0,0,True,disponible,2026-07-11 12:05
63417500,2026-07-20,Lundi,12:00,12:50,DNA Yvon Villarceau,Reformer,Charlie DMC,0,0,True,disponible,2026-07-11 12:05
63417540,2026-07-20,Lundi,12:00,12:50,DNA Yvon Villarceau,Lagree,Catrin Karlson English class,0,0,True,disponible,2026-07-11 12:05
63417580,2026-07-20,Lundi,12:30,13:15,DNA Victor Hugo,Lagree,Sarah Elfassy,0,0,True,disponible,2026-07-11 12:05
63417620,2026-07-20,Lundi,12:30,13:20,DNA Victor Hugo,Reformer,Carla B,0,0,True,disponible,2026-07-11 12:05
63417660,2026-07-20,Lundi,13:00,13:50,DNA Yvon Villarceau,Reformer,Charlie DMC,0,0,True,disponible,2026-07-11 12:05
63417700,2026-07-20,Lundi,13:00,13:50,DNA Yvon Villarceau,Lagree,Catrin Karlson English class,0,0,True,disponible,2026-07-11 12:05
63417740,2026-07-20,Lundi,13:30,14:20,DNA Victor Hugo,Reformer,Carla B,0,0,True,disponible,2026-07-11 12:05
63417780,2026-07-20,Lundi,13:30,14:20,DNA Victor Hugo,Lagree,Sarah Elfassy,0,0,True,disponible,2026-07-11 12:05
63417820,2026-07-20,Lundi,14:00,14:50,DNA Yvon Villarceau,Reformer,Charlie DMC,0,0,True,disponible,2026-07-11 12:05
63417860,2026-07-20,Lundi,14:00,14:50,DNA Yvon Villarceau,Lagree,Catrin Karlson English class,0,0,True,disponible,2026-07-11 12:05
63417900,2026-07-20,Lundi,14:30,15:20,DNA Victor Hugo,Reformer,Sarah Elfassy,0,0,True,disponible,2026-07-11 12:05
63417940,2026-07-20,Lundi,15:00,15:50,DNA Yvon Villarceau,Lagree,Ela Anastasia,0,0,True,disponible,2026-07-11 12:05
63417980,2026-07-20,Lundi,15:30,16:20,DNA Victor Hugo,Reformer,Sarah Elfassy,0,0,True,disponible,2026-07-11 12:05
63418020,2026-07-20,Lundi,16:00,16:50,DNA Yvon Villarceau,Reformer,Charlie DMC,0,0,True,disponible,2026-07-11 12:05
63418060,2026-07-20,Lundi,16:00,16:50,DNA Yvon Villarceau,Lagree,Ela Anastasia,0,0,True,disponible,2026-07-11 12:05
63418100,2026-07-20,Lundi,17:00,17:50,DNA Yvon Villarceau,Lagree,Calista Ruat (Suppléant),0,0,True,disponible,2026-07-11 12:05
63418140,2026-07-20,Lundi,17:00,17:50,DNA Yvon Villarceau,Reformer,Charlie DMC,0,0,True,disponible,2026-07-11 12:05
63418180,2026-07-20,Lundi,17:30,18:15,DNA Victor Hugo,Lagree,Carla B,0,0,True,disponible,2026-07-11 12:05
63418220,2026-07-20,Lundi,17:30,18:20,DNA Victor Hugo,Reformer,Rebecca Raccah,0,0,True,disponible,2026-07-11 12:05
63418260,2026-07-20,Lundi,18:00,18:50,DNA Yvon Villarceau,Lagree,Calista Ruat (Suppléant),0,0,True,disponible,2026-07-11 12:05
63418300,2026-07-20,Lundi,18:00,18:50,DNA Yvon Villarceau,Reformer,Charlie DMC,0,0,True,disponible,2026-07-11 12:05
63418340,2026-07-20,Lundi,18:30,19:15,DNA Victor Hugo,Lagree,Carla B,0,0,True,disponible,2026-07-11 12:05
63418380,2026-07-20,Lundi,18:30,19:20,DNA Victor Hugo,Reformer,Rebecca Raccah,0,0,True,disponible,2026-07-11 12:05
63418420,2026-07-20,Lundi,19:00,19:50,DNA Yvon Villarceau,Lagree,Calista Ruat (Suppléant),0,0,True,disponible,2026-07-11 12:05
63418460,2026-07-20,Lundi,19:00,19:50,DNA Yvon Villarceau,Reformer,Marie De Saint Simon,0,0,True,disponible,2026-07-11 12:05
63418500,2026-07-20,Lundi,19:30,20:15,DNA Victor Hugo,Lagree,Catrin Karlson English class,0,0,True,disponible,2026-07-11 12:05
63418540,2026-07-20,Lundi,19:30,20:20,DNA Victor Hugo,Reformer,Rebecca Raccah,0,0,True,disponible,2026-07-11 12:05
63418580,2026-07-20,Lundi,20:00,20:50,DNA Yvon Villarceau,Lagree,Calista Ruat (Suppléant),0,0,True,disponible,2026-07-11 12:05
63418620,2026-07-20,Lundi,20:00,20:50,DNA Yvon Villarceau,Reformer,Marie De Saint Simon,0,0,True,disponible,2026-07-11 12:05
63418660,2026-07-20,Lundi,20:30,21:15,DNA Victor Hugo,Lagree,Catrin Karlson English class,0,0,True,disponible,2026-07-11 12:05
63418700,2026-07-20,Lundi,21:00,21:50,DNA Yvon Villarceau,Reformer,Marie De Saint Simon,0,0,True,disponible,2026-07-11 12:05
63418740,2026-07-21,Mardi,08:00,08:50,DNA Yvon Villarceau,Reformer,Charlie DMC,0,0,True,disponible,2026-07-11 12:05
63418780,2026-07-21,Mardi,08:00,08:50,DNA Yvon Villarceau,Lagree,Calista Ruat (Suppléant),0,0,True,disponible,2026-07-11 12:05
63418820,2026-07-21,Mardi,08:30,09:20,DNA Victor Hugo,Lagree,Melody Naggar,0,0,True,disponible,2026-07-11 12:05
63418860,2026-07-21,Mardi,09:00,09:50,DNA Yvon Villarceau,Reformer,Charlie DMC,0,0,True,disponible,2026-07-11 12:05
63418900,2026-07-21,Mardi,09:00,09:50,DNA Yvon Villarceau,Lagree,Calista Ruat (Suppléant),0,0,True,disponible,2026-07-11 12:05
63418940,2026-07-21,Mardi,09:30,10:20,DNA Victor Hugo,Reformer,Laura Provost (Suppléant),0,0,True,disponible,2026-07-11 12:05
63418980,2026-07-21,Mardi,09:30,10:20,DNA Victor Hugo,Lagree,Melody Naggar,0,0,True,disponible,2026-07-11 12:05
63419020,2026-07-21,Mardi,10:00,10:50,DNA Yvon Villarceau,Reformer,Charlie DMC,0,0,True,disponible,2026-07-11 12:05
63419060,2026-07-21,Mardi,10:00,10:50,DNA Yvon Villarceau,Lagree,Calista Ruat (Suppléant),0,0,True,disponible,2026-07-11 12:05
63419100,2026-07-21,Mardi,10:30,11:15,DNA Victor Hugo,Lagree,Leann Mroueh,0,0,True,disponible,2026-07-11 12:05
63419140,2026-07-21,Mardi,10:30,11:20,DNA Victor Hugo,Reformer,Laura Provost (Suppléant),0,0,True,disponible,2026-07-11 12:05
63419180,2026-07-21,Mardi,11:00,11:50,DNA Yvon Villarceau,Reformer,Soudi Zargham,0,0,True,disponible,2026-07-11 12:05
63419220,2026-07-21,Mardi,11:00,11:50,DNA Yvon Villarceau,Lagree,Carla B,0,0,True,disponible,2026-07-11 12:05
63419260,2026-07-21,Mardi,11:30,12:15,DNA Victor Hugo,Lagree,Leann Mroueh,0,0,True,disponible,2026-07-11 12:05
63419300,2026-07-21,Mardi,11:30,12:20,DNA Victor Hugo,Reformer,Laura Provost (Suppléant),0,0,True,disponible,2026-07-11 12:05
63419340,2026-07-21,Mardi,12:00,12:50,DNA Yvon Villarceau,Reformer,Soudi Zargham,0,0,True,disponible,2026-07-11 12:05
63419380,2026-07-21,Mardi,12:00,12:50,DNA Yvon Villarceau,Lagree,Carla B,0,0,True,disponible,2026-07-11 12:05
63419420,2026-07-21,Mardi,12:30,13:15,DNA Victor Hugo,Lagree,Leann Mroueh,0,0,True,disponible,2026-07-11 12:05
63419460,2026-07-21,Mardi,12:30,13:20,DNA Victor Hugo,Reformer,Olivia Lamarre Reyner (Suppléant),0,0,True,disponible,2026-07-11 12:05
63419500,2026-07-21,Mardi,13:00,13:50,DNA Yvon Villarceau,Reformer,Soudi Zargham,0,0,True,disponible,2026-07-11 12:05
63419540,2026-07-21,Mardi,13:00,13:50,DNA Yvon Villarceau,Lagree,Carla B,0,0,True,disponible,2026-07-11 12:05
63419580,2026-07-21,Mardi,13:30,14:15,DNA Victor Hugo,Lagree,Leann Mroueh,0,0,True,disponible,2026-07-11 12:05
63419620,2026-07-21,Mardi,13:30,14:20,DNA Victor Hugo,Reformer,Olivia Lamarre Reyner (Suppléant),0,0,True,disponible,2026-07-11 12:05
63419660,2026-07-21,Mardi,14:00,14:50,DNA Yvon Villarceau,Lagree,Carla B,0,0,True,disponible,2026-07-11 12:05
63419700,2026-07-21,Mardi,14:30,15:20,DNA Victor Hugo,Reformer,Olivia Lamarre Reyner,0,0,True,disponible,2026-07-11 12:05
63419740,2026-07-21,Mardi,15:30,16:20,DNA Victor Hugo,Reformer,Olivia Lamarre Reyner,0,0,True,disponible,2026-07-11 12:05
63419780,2026-07-21,Mardi,16:00,16:50,DNA Yvon Villarceau,Reformer,Charlie DMC,0,0,True,disponible,2026-07-11 12:05
63419820,2026-07-21,Mardi,16:30,17:20,DNA Victor Hugo,Reformer,Olivia Lamarre Reyner,0,0,True,disponible,2026-07-11 12:05
63419860,2026-07-21,Mardi,17:00,17:50,DNA Yvon Villarceau,Lagree,Carla B,0,0,True,disponible,2026-07-11 12:05
63419900,2026-07-21,Mardi,17:00,17:50,DNA Yvon Villarceau,Reformer,Charlie DMC,0,0,True,disponible,2026-07-11 12:05
63419940,2026-07-21,Mardi,17:30,18:15,DNA Victor Hugo,Lagree,Leann Mroueh,0,0,True,disponible,2026-07-11 12:05
63419980,2026-07-21,Mardi,18:00,18:50,DNA Yvon Villarceau,Lagree,Carla B,0,0,True,disponible,2026-07-11 12:05
63420020,2026-07-21,Mardi,18:00,18:50,DNA Yvon Villarceau,Reformer,Charlie DMC,0,0,True,disponible,2026-07-11 12:05
63420060,2026-07-21,Mardi,18:30,19:15,DNA Victor Hugo,Lagree,Leann Mroueh,0,0,True,disponible,2026-07-11 12:05
63420100,2026-07-21,Mardi,18:30,19:20,DNA Victor Hugo,Reformer,Cecilia Pinto,0,0,True,disponible,2026-07-11 12:05
63420140,2026-07-21,Mardi,19:00,19:50,DNA Yvon Villarceau,Lagree,Calista Ruat,0,0,True,disponible,2026-07-11 12:05
63420180,2026-07-21,Mardi,19:00,19:50,DNA Yvon Villarceau,Reformer,Laura Provost (Suppléant),0,0,True,disponible,2026-07-11 12:05
63420220,2026-07-21,Mardi,19:30,20:15,DNA Victor Hugo,Lagree,Leann Mroueh,0,0,True,disponible,2026-07-11 12:05
63420260,2026-07-21,Mardi,19:30,20:20,DNA Victor Hugo,Reformer,Cecilia Pinto,0,0,True,disponible,2026-07-11 12:05
63420300,2026-07-21,Mardi,20:00,20:50,DNA Yvon Villarceau,Lagree,Calista Ruat,0,0,True,disponible,2026-07-11 12:05
63420340,2026-07-21,Mardi,20:00,20:50,DNA Yvon Villarceau,Reformer,Laura Provost (Suppléant),0,0,True,disponible,2026-07-11 12:05
63420380,2026-07-21,Mardi,20:30,21:15,DNA Victor Hugo,Lagree,Leann Mroueh,0,0,True,disponible,2026-07-11 12:05
63420420,2026-07-21,Mardi,20:30,21:20,DNA Victor Hugo,Reformer,Cecilia Pinto,0,0,True,disponible,2026-07-11 12:05
63420460,2026-07-21,Mardi,21:00,21:50,DNA Yvon Villarceau,Reformer,Laura Provost (Suppléant),0,0,True,disponible,2026-07-11 12:05
63420500,2026-07-21,Mardi,21:00,21:50,DNA Yvon Villarceau,Lagree,Calista Ruat,0,0,True,disponible,2026-07-11 12:05
63420540,2026-07-22,Mercredi,07:00,07:50,DNA Yvon Villarceau,Lagree,Kim Sarfati,0,0,True,inconnu,2026-07-11 12:05
63420580,2026-07-22,Mercredi,08:00,08:50,DNA Yvon Villarceau,Reformer,Rebecca Raccah,0,0,True,disponible,2026-07-11 12:05
63420620,2026-07-22,Mercredi,08:00,08:50,DNA Yvon Villarceau,Lagree,Carla Triboul (Suppléant),0,0,True,disponible,2026-07-11 12:05
63420660,2026-07-22,Mercredi,08:30,09:20,DNA Victor Hugo,Reformer,Charlie DMC,0,0,True,disponible,2026-07-11 12:05
63420700,2026-07-22,Mercredi,08:30,09:20,DNA Victor Hugo,Lagree,Melody Naggar,0,0,True,disponible,2026-07-11 12:05
63420740,2026-07-22,Mercredi,09:00,09:50,DNA Yvon Villarceau,Reformer,Rebecca Raccah,0,0,True,disponible,2026-07-11 12:05
63420780,2026-07-22,Mercredi,09:00,09:50,DNA Yvon Villarceau,Lagree,Carla Triboul (Suppléant),0,0,True,disponible,2026-07-11 12:05
63420820,2026-07-22,Mercredi,09:30,10:20,DNA Victor Hugo,Reformer,Charlie DMC,0,0,True,disponible,2026-07-11 12:05
63420860,2026-07-22,Mercredi,09:30,10:20,DNA Victor Hugo,Lagree,Melody Naggar,0,0,True,disponible,2026-07-11 12:05
63420900,2026-07-22,Mercredi,10:00,10:50,DNA Yvon Villarceau,Lagree,Carla Triboul (Suppléant),0,0,True,disponible,2026-07-11 12:05
63420940,2026-07-22,Mercredi,10:00,10:50,DNA Yvon Villarceau,Reformer,Rebecca Raccah,0,0,True,disponible,2026-07-11 12:05
63420980,2026-07-22,Mercredi,10:30,11:20,DNA Victor Hugo,Reformer,Charlie DMC,0,0,True,disponible,2026-07-11 12:05
63421020,2026-07-22,Mercredi,10:30,11:20,DNA Victor Hugo,Lagree,Melody Naggar,0,0,True,disponible,2026-07-11 12:05
63421060,2026-07-22,Mercredi,11:00,11:50,DNA Yvon Villarceau,Lagree,Carla Triboul (Suppléant),0,0,True,disponible,2026-07-11 12:05
63421100,2026-07-22,Mercredi,11:00,11:50,DNA Yvon Villarceau,Reformer,Rebecca Raccah,0,0,True,disponible,2026-07-11 12:05
63421140,2026-07-22,Mercredi,11:30,12:15,DNA Victor Hugo,Lagree,isis Magnin (Suppléant),0,0,True,disponible,2026-07-11 12:05
63421180,2026-07-22,Mercredi,11:30,12:20,DNA Victor Hugo,Reformer,Charlie DMC,0,0,True,disponible,2026-07-11 12:05
63421220,2026-07-22,Mercredi,12:00,12:50,DNA Yvon Villarceau,Reformer,Rebecca Raccah,0,0,True,disponible,2026-07-11 12:05
63421260,2026-07-22,Mercredi,12:00,12:50,DNA Yvon Villarceau,Lagree,Carla Triboul (Suppléant),0,0,True,disponible,2026-07-11 12:05
63421300,2026-07-22,Mercredi,12:30,13:15,DNA Victor Hugo,Lagree,isis Magnin (Suppléant),0,0,True,disponible,2026-07-11 12:05
63421340,2026-07-22,Mercredi,12:30,13:20,DNA Victor Hugo,Reformer,Charlie DMC,0,0,True,disponible,2026-07-11 12:05
63421380,2026-07-22,Mercredi,13:00,13:50,DNA Yvon Villarceau,Reformer,Rebecca Raccah,0,0,True,disponible,2026-07-11 12:05
63421420,2026-07-22,Mercredi,13:00,13:50,DNA Yvon Villarceau,Lagree,Carla B,0,0,True,disponible,2026-07-11 12:05
63421460,2026-07-22,Mercredi,13:30,14:15,DNA Victor Hugo,Lagree,isis Magnin (Suppléant),0,0,True,disponible,2026-07-11 12:05
63421500,2026-07-22,Mercredi,14:00,14:50,DNA Yvon Villarceau,Lagree,Carla B,0,0,True,disponible,2026-07-11 12:05
63421540,2026-07-22,Mercredi,14:00,14:50,DNA Yvon Villarceau,Reformer,Leann Mroueh,0,0,True,disponible,2026-07-11 12:05
63421580,2026-07-22,Mercredi,14:30,15:15,DNA Victor Hugo,Lagree,isis Magnin (Suppléant),0,0,True,disponible,2026-07-11 12:05
63421620,2026-07-22,Mercredi,14:30,15:20,DNA Victor Hugo,Reformer,Sarah Elfassy,0,0,True,disponible,2026-07-11 12:05
63421660,2026-07-22,Mercredi,15:00,15:50,DNA Yvon Villarceau,Lagree,Carla B,0,0,True,disponible,2026-07-11 12:05
63421700,2026-07-22,Mercredi,15:00,15:50,DNA Yvon Villarceau,Reformer,Leann Mroueh,0,0,True,disponible,2026-07-11 12:05
63421740,2026-07-22,Mercredi,15:30,16:20,DNA Victor Hugo,Reformer,Sarah Elfassy,0,0,True,disponible,2026-07-11 12:05
63421780,2026-07-22,Mercredi,16:00,16:50,DNA Yvon Villarceau,Reformer,Leann Mroueh,0,0,True,disponible,2026-07-11 12:05
63421820,2026-07-22,Mercredi,17:00,17:50,DNA Yvon Villarceau,Lagree,Calista Ruat (Suppléant),0,0,True,disponible,2026-07-11 12:05
63421860,2026-07-22,Mercredi,17:00,17:50,DNA Yvon Villarceau,Reformer,Leann Mroueh,0,0,True,disponible,2026-07-11 12:05
63421900,2026-07-22,Mercredi,17:30,18:20,DNA Victor Hugo,Reformer,Cecilia Pinto,0,0,True,disponible,2026-07-11 12:05
63421940,2026-07-22,Mercredi,17:30,18:15,DNA Victor Hugo,Lagree,Melody Naggar,0,0,True,disponible,2026-07-11 12:05
63421980,2026-07-22,Mercredi,18:00,18:50,DNA Yvon Villarceau,Reformer,Charlie DMC,0,0,True,disponible,2026-07-11 12:05
63422020,2026-07-22,Mercredi,18:00,18:50,DNA Yvon Villarceau,Lagree,Calista Ruat (Suppléant),0,0,True,disponible,2026-07-11 12:05
63422060,2026-07-22,Mercredi,18:30,19:20,DNA Victor Hugo,Reformer,Cecilia Pinto,0,0,True,disponible,2026-07-11 12:05
63422100,2026-07-22,Mercredi,18:30,19:20,DNA Victor Hugo,Lagree,Melody Naggar,0,0,True,disponible,2026-07-11 12:05
63422140,2026-07-22,Mercredi,19:00,19:50,DNA Yvon Villarceau,Reformer,Charlie DMC,0,0,True,disponible,2026-07-11 12:05
63422180,2026-07-22,Mercredi,19:00,19:50,DNA Yvon Villarceau,Lagree,Calista Ruat (Suppléant),0,0,True,disponible,2026-07-11 12:05
63422220,2026-07-22,Mercredi,19:30,20:20,DNA Victor Hugo,Reformer,Cecilia Pinto,0,0,True,disponible,2026-07-11 12:05
63422260,2026-07-22,Mercredi,19:30,20:15,DNA Victor Hugo,Lagree,Melody Naggar,0,0,True,disponible,2026-07-11 12:05
63422300,2026-07-22,Mercredi,20:00,20:50,DNA Yvon Villarceau,Reformer,Laura Provost (Suppléant),0,0,True,disponible,2026-07-11 12:05
63422340,2026-07-22,Mercredi,20:00,20:50,DNA Yvon Villarceau,Lagree,Calista Ruat (Suppléant),0,0,True,disponible,2026-07-11 12:05
63422380,2026-07-22,Mercredi,20:30,21:20,DNA Victor Hugo,Reformer,Cecilia Pinto,0,0,True,disponible,2026-07-11 12:05
63422420,2026-07-22,Mercredi,20:30,21:20,DNA Victor Hugo,Lagree,Melody Naggar,0,0,True,disponible,2026-07-11 12:05
63422460,2026-07-22,Mercredi,21:00,21:50,DNA Yvon Villarceau,Reformer,Laura Provost (Suppléant),0,0,True,disponible,2026-07-11 12:05
63422500,2026-07-23,Jeudi,08:00,08:50,DNA Yvon Villarceau,Reformer,Nina Claro,0,0,True,disponible,2026-07-11 12:05
63422540,2026-07-23,Jeudi,08:00,08:50,DNA Yvon Villarceau,Lagree,Melody Naggar,0,0,True,disponible,2026-07-11 12:05
63422580,2026-07-23,Jeudi,08:30,09:15,DNA Victor Hugo,Lagree,Calista Ruat,0,0,True,disponible,2026-07-11 12:05
63422620,2026-07-23,Jeudi,08:30,09:20,DNA Victor Hugo,Reformer,Charlie DMC,0,0,True,disponible,2026-07-11 12:05
63422660,2026-07-23,Jeudi,09:00,09:50,DNA Yvon Villarceau,Reformer,Nina Claro,0,0,True,disponible,2026-07-11 12:05
63422700,2026-07-23,Jeudi,09:00,09:50,DNA Yvon Villarceau,Lagree,Melody Naggar,0,0,True,disponible,2026-07-11 12:05
63422740,2026-07-23,Jeudi,09:30,10:15,DNA Victor Hugo,Lagree,Calista Ruat,0,0,True,disponible,2026-07-11 12:05
63422780,2026-07-23,Jeudi,09:30,10:20,DNA Victor Hugo,Reformer,Charlie DMC,0,0,True,disponible,2026-07-11 12:05
63422820,2026-07-23,Jeudi,10:00,10:50,DNA Yvon Villarceau,Reformer,Liz Torres,0,0,True,disponible,2026-07-11 12:05
63422860,2026-07-23,Jeudi,10:00,10:50,DNA Yvon Villarceau,Lagree,Melody Naggar,0,0,True,disponible,2026-07-11 12:05
63422900,2026-07-23,Jeudi,10:30,11:20,DNA Victor Hugo,Reformer,Charlie DMC,0,0,True,disponible,2026-07-11 12:05
63422940,2026-07-23,Jeudi,10:30,11:15,DNA Victor Hugo,Lagree,Leann Mroueh,0,0,True,disponible,2026-07-11 12:05
63422980,2026-07-23,Jeudi,11:00,11:50,DNA Yvon Villarceau,Lagree,Nina Claro,0,0,True,disponible,2026-07-11 12:05
63423020,2026-07-23,Jeudi,11:00,11:50,DNA Yvon Villarceau,Reformer,Liz Torres,0,0,True,disponible,2026-07-11 12:05
63423060,2026-07-23,Jeudi,11:30,12:15,DNA Victor Hugo,Lagree,Leann Mroueh,0,0,True,disponible,2026-07-11 12:05
63423100,2026-07-23,Jeudi,11:30,12:20,DNA Victor Hugo,Reformer,Victoria Schafter,0,0,True,disponible,2026-07-11 12:05
63423140,2026-07-23,Jeudi,12:00,12:50,DNA Yvon Villarceau,Lagree,Nina Claro,0,0,True,disponible,2026-07-11 12:05
63423180,2026-07-23,Jeudi,12:00,12:50,DNA Yvon Villarceau,Reformer,Soudi Zargham,0,0,True,disponible,2026-07-11 12:05
63423220,2026-07-23,Jeudi,12:30,13:15,DNA Victor Hugo,Lagree,Sarah Elfassy,0,0,True,disponible,2026-07-11 12:05
63423260,2026-07-23,Jeudi,12:30,13:20,DNA Victor Hugo,Reformer,Victoria Schafter,0,0,True,disponible,2026-07-11 12:05
63423300,2026-07-23,Jeudi,13:00,13:50,DNA Yvon Villarceau,Lagree,Nina Claro,0,0,True,disponible,2026-07-11 12:05
63423340,2026-07-23,Jeudi,13:00,13:50,DNA Yvon Villarceau,Reformer,Soudi Zargham,0,0,True,disponible,2026-07-11 12:05
63423380,2026-07-23,Jeudi,13:30,14:15,DNA Victor Hugo,Lagree,Sarah Elfassy,0,0,True,disponible,2026-07-11 12:05
63423420,2026-07-23,Jeudi,13:30,14:20,DNA Victor Hugo,Reformer,Victoria Schafter,0,0,True,disponible,2026-07-11 12:05
63423460,2026-07-23,Jeudi,14:00,14:50,DNA Yvon Villarceau,Reformer,Soudi Zargham,0,0,True,disponible,2026-07-11 12:05
63423500,2026-07-23,Jeudi,14:30,15:20,DNA Victor Hugo,Reformer,Olivia Lamarre Reyner,0,0,True,disponible,2026-07-11 12:05
63423540,2026-07-23,Jeudi,15:00,15:50,DNA Yvon Villarceau,Lagree,Sarah Elfassy,0,0,True,disponible,2026-07-11 12:05
63423580,2026-07-23,Jeudi,15:00,15:50,DNA Yvon Villarceau,Reformer,Nina Claro,0,0,True,disponible,2026-07-11 12:05
63423620,2026-07-23,Jeudi,15:30,16:20,DNA Victor Hugo,Reformer,Olivia Lamarre Reyner,0,0,True,disponible,2026-07-11 12:05
63423660,2026-07-23,Jeudi,16:00,16:50,DNA Yvon Villarceau,Reformer,Nina Claro,0,0,True,disponible,2026-07-11 12:05
63423700,2026-07-23,Jeudi,16:00,16:50,DNA Yvon Villarceau,Lagree,Sarah Elfassy,0,0,True,disponible,2026-07-11 12:05
63423740,2026-07-23,Jeudi,16:30,17:20,DNA Victor Hugo,Reformer,Olivia Lamarre Reyner,0,0,True,disponible,2026-07-11 12:05
63423780,2026-07-23,Jeudi,17:00,17:50,DNA Yvon Villarceau,Lagree,Calista Ruat (Suppléant),0,0,True,disponible,2026-07-11 12:05
63423820,2026-07-23,Jeudi,17:00,17:50,DNA Yvon Villarceau,Reformer,Nina Claro,0,0,True,disponible,2026-07-11 12:05
63423860,2026-07-23,Jeudi,17:30,18:15,DNA Victor Hugo,Lagree,Victoria Schafter,0,0,True,disponible,2026-07-11 12:05
63423900,2026-07-23,Jeudi,17:30,18:20,DNA Victor Hugo,Reformer,Leann Mroueh,0,0,True,disponible,2026-07-11 12:05
63423940,2026-07-23,Jeudi,18:00,18:50,DNA Yvon Villarceau,Lagree,Calista Ruat (Suppléant),0,0,True,disponible,2026-07-11 12:05
63423980,2026-07-23,Jeudi,18:00,18:50,DNA Yvon Villarceau,Reformer,Nina Claro,0,0,True,disponible,2026-07-11 12:05
63424020,2026-07-23,Jeudi,18:30,19:15,DNA Victor Hugo,Lagree,Victoria Schafter,0,0,True,disponible,2026-07-11 12:05
63424060,2026-07-23,Jeudi,18:30,19:20,DNA Victor Hugo,Reformer,Leann Mroueh,0,0,True,disponible,2026-07-11 12:05
63424100,2026-07-23,Jeudi,19:00,19:50,DNA Yvon Villarceau,Lagree,Calista Ruat (Suppléant),0,0,True,disponible,2026-07-11 12:05
63424140,2026-07-23,Jeudi,19:00,19:50,DNA Yvon Villarceau,Reformer,Carla Triboul (Suppléant),0,0,True,disponible,2026-07-11 12:05
63424180,2026-07-23,Jeudi,19:30,20:15,DNA Victor Hugo,Lagree,Victoria Schafter,0,0,True,disponible,2026-07-11 12:05
63424220,2026-07-23,Jeudi,19:30,20:20,DNA Victor Hugo,Reformer,Leann Mroueh,0,0,True,disponible,2026-07-11 12:05
63424260,2026-07-23,Jeudi,20:00,20:50,DNA Yvon Villarceau,Lagree,Calista Ruat (Suppléant),0,0,True,disponible,2026-07-11 12:05
63424300,2026-07-23,Jeudi,20:00,20:50,DNA Yvon Villarceau,Reformer,Carla Triboul (Suppléant),0,0,True,disponible,2026-07-11 12:05
63424340,2026-07-23,Jeudi,20:30,21:20,DNA Victor Hugo,Lagree,Victoria Schafter,0,0,True,disponible,2026-07-11 12:05
63424380,2026-07-23,Jeudi,21:00,21:50,DNA Yvon Villarceau,Reformer,Carla Triboul (Suppléant),0,0,True,disponible,2026-07-11 12:05
63424420,2026-07-24,Vendredi,08:00,08:50,DNA Yvon Villarceau,Lagree,Nina Claro,0,0,True,disponible,2026-07-11 12:05
63424460,2026-07-24,Vendredi,08:00,08:50,DNA Yvon Villarceau,Reformer,Eve Lacroix,0,0,True,disponible,2026-07-11 12:05
63424500,2026-07-24,Vendredi,08:30,09:15,DNA Victor Hugo,Lagree,Carla Triboul (Suppléant),0,0,True,disponible,2026-07-11 12:05
63424540,2026-07-24,Vendredi,08:30,09:20,DNA Victor Hugo,Reformer,Soudi Zargham,0,0,True,disponible,2026-07-11 12:05
63424580,2026-07-24,Vendredi,09:00,09:50,DNA Yvon Villarceau,Lagree,Nina Claro,0,0,True,disponible,2026-07-11 12:05
63424620,2026-07-24,Vendredi,09:00,09:50,DNA Yvon Villarceau,Reformer,Eve Lacroix,0,0,True,disponible,2026-07-11 12:05
63424660,2026-07-24,Vendredi,09:30,10:15,DNA Victor Hugo,Lagree,Carla Triboul (Suppléant),0,0,True,disponible,2026-07-11 12:05
63424700,2026-07-24,Vendredi,09:30,10:20,DNA Victor Hugo,Reformer,Soudi Zargham,0,0,True,disponible,2026-07-11 12:05
63424740,2026-07-24,Vendredi,10:00,10:50,DNA Yvon Villarceau,Lagree,Nina Claro,0,0,True,disponible,2026-07-11 12:05
63424780,2026-07-24,Vendredi,10:00,10:50,DNA Yvon Villarceau,Reformer,Eve Lacroix,0,0,True,disponible,2026-07-11 12:05
63424820,2026-07-24,Vendredi,10:30,11:15,DNA Victor Hugo,Lagree,Carla Triboul (Suppléant),0,0,True,disponible,2026-07-11 12:05
63424860,2026-07-24,Vendredi,10:30,11:20,DNA Victor Hugo,Reformer,Soudi Zargham,0,0,True,disponible,2026-07-11 12:05
63424900,2026-07-24,Vendredi,11:00,11:50,DNA Yvon Villarceau,Lagree,Nina Claro,0,0,True,disponible,2026-07-11 12:05
63424940,2026-07-24,Vendredi,11:00,11:50,DNA Yvon Villarceau,Reformer,Eve Lacroix,0,0,True,disponible,2026-07-11 12:05
63424980,2026-07-24,Vendredi,11:30,12:20,DNA Victor Hugo,Reformer,Victoria Schafter,0,0,True,disponible,2026-07-11 12:05
63425020,2026-07-24,Vendredi,11:30,12:15,DNA Victor Hugo,Lagree,Carla B,0,0,True,disponible,2026-07-11 12:05
63425060,2026-07-24,Vendredi,12:00,12:50,DNA Yvon Villarceau,Lagree,Nina Claro,0,0,True,disponible,2026-07-11 12:05
63425100,2026-07-24,Vendredi,12:00,12:50,DNA Yvon Villarceau,Reformer,Eve Lacroix,0,0,True,disponible,2026-07-11 12:05
63425140,2026-07-24,Vendredi,12:30,13:20,DNA Victor Hugo,Reformer,Victoria Schafter,0,0,True,disponible,2026-07-11 12:05
63425180,2026-07-24,Vendredi,12:30,13:15,DNA Victor Hugo,Lagree,Carla B,0,0,True,disponible,2026-07-11 12:05
63425220,2026-07-24,Vendredi,13:00,13:50,DNA Yvon Villarceau,Lagree,Nina Claro,0,0,True,disponible,2026-07-11 12:05
63425260,2026-07-24,Vendredi,13:00,13:50,DNA Yvon Villarceau,Reformer,Eve Lacroix,0,0,True,disponible,2026-07-11 12:05
63425300,2026-07-24,Vendredi,13:30,14:20,DNA Victor Hugo,Reformer,Victoria Schafter,0,0,True,disponible,2026-07-11 12:05
63425340,2026-07-24,Vendredi,15:00,15:50,DNA Yvon Villarceau,Lagree,Leann Mroueh,0,0,True,disponible,2026-07-11 12:05
63425380,2026-07-24,Vendredi,16:00,16:50,DNA Yvon Villarceau,Lagree,Leann Mroueh,0,0,True,disponible,2026-07-11 12:05
63425420,2026-07-24,Vendredi,16:30,17:20,DNA Victor Hugo,Lagree,Mathilde Lafont,0,0,True,disponible,2026-07-11 12:05
63425460,2026-07-24,Vendredi,17:00,17:50,DNA Yvon Villarceau,Lagree,Leann Mroueh,0,0,True,disponible,2026-07-11 12:05
63425500,2026-07-24,Vendredi,17:00,17:50,DNA Yvon Villarceau,Reformer,Chloe Graeffly,0,0,True,disponible,2026-07-11 12:05
63425540,2026-07-24,Vendredi,17:30,18:20,DNA Victor Hugo,Reformer,Victoria Schafter,0,0,True,disponible,2026-07-11 12:05
63425580,2026-07-24,Vendredi,17:30,18:20,DNA Victor Hugo,Lagree,Mathilde Lafont,0,0,True,disponible,2026-07-11 12:05
63425620,2026-07-24,Vendredi,18:00,18:50,DNA Yvon Villarceau,Reformer,Chloe Graeffly,0,0,True,disponible,2026-07-11 12:05
63425660,2026-07-24,Vendredi,18:00,18:50,DNA Yvon Villarceau,Lagree,Daphne Sulowski,0,0,True,disponible,2026-07-11 12:05
63425700,2026-07-24,Vendredi,18:30,19:15,DNA Victor Hugo,Lagree,Mathilde Lafont,0,0,True,disponible,2026-07-11 12:05
63425740,2026-07-24,Vendredi,18:30,19:20,DNA Victor Hugo,Reformer,Victoria Schafter,0,0,True,disponible,2026-07-11 12:05
63425780,2026-07-24,Vendredi,19:00,19:50,DNA Yvon Villarceau,Reformer,Eve Lacroix,0,0,True,disponible,2026-07-11 12:05
63425820,2026-07-24,Vendredi,19:00,19:50,DNA Yvon Villarceau,Lagree,Daphne Sulowski,0,0,True,disponible,2026-07-11 12:05
63425860,2026-07-24,Vendredi,19:30,20:15,DNA Victor Hugo,Lagree,Mathilde Lafont,0,0,True,disponible,2026-07-11 12:05
63425900,2026-07-24,Vendredi,19:30,20:20,DNA Victor Hugo,Reformer,Victoria Schafter,0,0,True,disponible,2026-07-11 12:05
63425940,2026-07-24,Vendredi,20:00,20:50,DNA Yvon Villarceau,Reformer,Eve Lacroix,0,0,True,disponible,2026-07-11 12:05
63425980,2026-07-24,Vendredi,20:00,20:50,DNA Yvon Villarceau,Lagree,Daphne Sulowski,0,0,True,disponible,2026-07-11 12:05
63426020,2026-07-24,Vendredi,21:00,21:50,DNA Yvon Villarceau,Reformer,Eve Lacroix,0,0,True,inconnu,2026-07-11 12:05
26588820,2026-07-25,Samedi,08:00,09:00,DNA Yvon Villarceau,Lagree,Alice Amat,0,0,True,inconnu,2026-07-19 13:42
26588860,2026-07-25,Samedi,09:00,09:50,DNA Yvon Villarceau,Reformer,Charlie DMC,0,0,True,disponible,2026-07-19 13:42
26588900,2026-07-25,Samedi,09:00,09:50,DNA Yvon Villarceau,Lagree,Vanessa Slomka,0,0,True,disponible,2026-07-19 13:42
26588940,2026-07-25,Samedi,09:30,10:15,DNA Victor Hugo,Lagree,Nina Claro,0,0,True,disponible,2026-07-19 13:42
26588980,2026-07-25,Samedi,09:30,10:20,DNA Victor Hugo,Reformer,Carla Triboul (Suppléant),0,0,True,disponible,2026-07-19 13:42
26589020,2026-07-25,Samedi,10:00,10:50,DNA Yvon Villarceau,Reformer,Charlie DMC,0,0,True,disponible,2026-07-19 13:42
26589060,2026-07-25,Samedi,10:00,10:50,DNA Yvon Villarceau,Lagree,Vanessa Slomka,0,0,True,disponible,2026-07-19 13:42
26589100,2026-07-25,Samedi,10:30,11:15,DNA Victor Hugo,Lagree,Nina Claro,0,0,True,disponible,2026-07-19 13:42
26589140,2026-07-25,Samedi,10:30,11:20,DNA Victor Hugo,Reformer,Carla Triboul (Suppléant),0,0,True,disponible,2026-07-19 13:42
26589180,2026-07-25,Samedi,11:00,11:50,DNA Yvon Villarceau,Reformer,Charlie DMC,0,0,True,disponible,2026-07-19 13:42
26589220,2026-07-25,Samedi,11:00,11:50,DNA Yvon Villarceau,Lagree,Vanessa Slomka,0,0,True,disponible,2026-07-19 13:42
26589260,2026-07-25,Samedi,11:30,12:15,DNA Victor Hugo,Lagree,Nina Claro,0,0,True,disponible,2026-07-19 13:42
26589300,2026-07-25,Samedi,11:30,12:20,DNA Victor Hugo,Reformer,Carla Triboul (Suppléant),0,0,True,disponible,2026-07-19 13:42
26589340,2026-07-25,Samedi,12:00,12:50,DNA Yvon Villarceau,Reformer,Charlie DMC,0,0,True,disponible,2026-07-19 13:42
26589380,2026-07-25,Samedi,12:00,12:50,DNA Yvon Villarceau,Lagree,Vanessa Slomka,0,0,True,disponible,2026-07-19 13:42
26589420,2026-07-25,Samedi,12:30,13:15,DNA Victor Hugo,Lagree,Hala Takkiedine,0,0,True,disponible,2026-07-19 13:42
26589460,2026-07-25,Samedi,12:30,13:20,DNA Victor Hugo,Reformer,Carla Triboul (Suppléant),0,0,True,disponible,2026-07-19 13:42
26589500,2026-07-25,Samedi,13:00,13:50,DNA Yvon Villarceau,Reformer,Charlie DMC,0,0,True,disponible,2026-07-19 13:42
26589540,2026-07-25,Samedi,13:00,13:50,DNA Yvon Villarceau,Lagree,Vanessa Slomka,0,0,True,disponible,2026-07-19 13:42
26589580,2026-07-25,Samedi,13:30,14:15,DNA Victor Hugo,Lagree,Hala Takkiedine,0,0,True,disponible,2026-07-19 13:42
26589620,2026-07-25,Samedi,13:30,14:20,DNA Victor Hugo,Reformer,Carla Triboul (Suppléant),0,0,True,disponible,2026-07-19 13:42
26589660,2026-07-25,Samedi,14:00,14:50,DNA Yvon Villarceau,Reformer,Nina Claro,0,0,True,disponible,2026-07-19 13:42
26589700,2026-07-25,Samedi,14:00,14:50,DNA Yvon Villarceau,Lagree,Lucrezia Amerio,0,0,True,disponible,2026-07-19 13:42
26589740,2026-07-25,Samedi,14:30,15:15,DNA Victor Hugo,Lagree,Hala Takkiedine,0,0,True,disponible,2026-07-19 13:42
26589780,2026-07-25,Samedi,14:30,15:20,DNA Victor Hugo,Reformer,Olivia Lamarre Reyner,0,0,True,disponible,2026-07-19 13:42
26589820,2026-07-25,Samedi,15:00,15:50,DNA Yvon Villarceau,Reformer,Nina Claro,0,0,True,disponible,2026-07-19 13:42
26589860,2026-07-25,Samedi,15:00,15:50,DNA Yvon Villarceau,Lagree,Lucrezia Amerio,0,0,True,disponible,2026-07-19 13:42
26589900,2026-07-25,Samedi,15:30,16:20,DNA Victor Hugo,Reformer,Olivia Lamarre Reyner,0,0,True,disponible,2026-07-19 13:42
26589940,2026-07-25,Samedi,16:00,16:50,DNA Yvon Villarceau,Reformer,Nina Claro,0,0,True,inconnu,2026-07-19 13:42
26590020,2026-07-25,Samedi,16:00,16:50,DNA Yvon Villarceau,Lagree,Celia Almeida,0,0,True,disponible,2026-07-19 13:42
26590060,2026-07-25,Samedi,16:30,17:20,DNA Victor Hugo,Reformer,Lucrezia Amerio,0,0,True,disponible,2026-07-19 13:42
26590100,2026-07-25,Samedi,16:30,17:20,DNA Victor Hugo,Lagree,Carla Triboul,0,0,True,disponible,2026-07-19 13:42
26590140,2026-07-25,Samedi,17:00,17:50,DNA Yvon Villarceau,Reformer,isis Magnin (Suppléant),0,0,True,disponible,2026-07-19 13:42
26590180,2026-07-25,Samedi,17:00,17:50,DNA Yvon Villarceau,Lagree,Celia Almeida,0,0,True,disponible,2026-07-19 13:42
26590220,2026-07-25,Samedi,17:30,18:20,DNA Victor Hugo,Reformer,Lucrezia Amerio,0,0,True,disponible,2026-07-19 13:42
26590260,2026-07-25,Samedi,17:30,18:15,DNA Victor Hugo,Lagree,Carla Triboul,0,0,True,disponible,2026-07-19 13:42
26590300,2026-07-25,Samedi,18:00,18:50,DNA Yvon Villarceau,Reformer,isis Magnin (Suppléant),0,0,True,disponible,2026-07-19 13:42
26590340,2026-07-25,Samedi,18:00,18:50,DNA Yvon Villarceau,Lagree,Celia Almeida,0,0,True,disponible,2026-07-19 13:42
26590380,2026-07-25,Samedi,18:30,19:20,DNA Victor Hugo,Reformer,Lucrezia Amerio,0,0,True,disponible,2026-07-19 13:42
26590420,2026-07-25,Samedi,18:30,19:15,DNA Victor Hugo,Lagree,Carla Triboul,0,0,True,disponible,2026-07-19 13:42
26590460,2026-07-25,Samedi,19:00,19:50,DNA Yvon Villarceau,Reformer,isis Magnin (Suppléant),0,0,True,disponible,2026-07-19 13:42
26590500,2026-07-25,Samedi,19:00,19:50,DNA Yvon Villarceau,Lagree,Celia Almeida,0,0,True,disponible,2026-07-19 13:42
26590540,2026-07-25,Samedi,19:30,20:20,DNA Victor Hugo,Reformer,Lucrezia Amerio,0,0,True,disponible,2026-07-19 13:42
26590580,2026-07-25,Samedi,19:30,20:15,DNA Victor Hugo,Lagree,Carla Triboul,0,0,True,disponible,2026-07-19 13:42
98862800,2026-07-26,Dimanche,09:00,09:50,DNA Yvon Villarceau,Lagree,Nina Claro,0,0,True,disponible,2026-07-20 12:29
98862840,2026-07-26,Dimanche,09:30,10:15,DNA Victor Hugo,Lagree,Hala Takkiedine (Suppléant),0,0,True,disponible,2026-07-20 12:29
98862880,2026-07-26,Dimanche,09:30,10:20,DNA Victor Hugo,Reformer,Cecilia Pinto,0,0,True,disponible,2026-07-20 12:29
98862920,2026-07-26,Dimanche,10:00,10:50,DNA Yvon Villarceau,Lagree,Nina Claro,0,0,True,disponible,2026-07-20 12:29
98862960,2026-07-26,Dimanche,10:30,11:15,DNA Victor Hugo,Lagree,Hala Takkiedine (Suppléant),0,0,True,disponible,2026-07-20 12:29
98863000,2026-07-26,Dimanche,10:30,11:20,DNA Victor Hugo,Reformer,Cecilia Pinto,0,0,True,disponible,2026-07-20 12:29
98863040,2026-07-26,Dimanche,11:00,11:50,DNA Yvon Villarceau,Lagree,Nina Claro,0,0,True,disponible,2026-07-20 12:29
98863080,2026-07-26,Dimanche,11:00,11:50,DNA Yvon Villarceau,Reformer,Charlie DMC (Suppléant),0,0,True,disponible,2026-07-20 12:29
98863120,2026-07-26,Dimanche,11:30,12:15,DNA Victor Hugo,Lagree,Hala Takkiedine (Suppléant),0,0,True,disponible,2026-07-20 12:29
98863160,2026-07-26,Dimanche,11:30,12:20,DNA Victor Hugo,Reformer,Cecilia Pinto,0,0,True,disponible,2026-07-20 12:29
98863200,2026-07-26,Dimanche,12:00,12:50,DNA Yvon Villarceau,Lagree,Nina Claro,0,0,True,disponible,2026-07-20 12:29
98863240,2026-07-26,Dimanche,12:00,12:50,DNA Yvon Villarceau,Reformer,Charlie DMC (Suppléant),0,0,True,disponible,2026-07-20 12:29
98863280,2026-07-26,Dimanche,12:30,13:15,DNA Victor Hugo,Lagree,Mathilde Lafont,0,0,True,disponible,2026-07-20 12:29
98863320,2026-07-26,Dimanche,12:30,13:20,DNA Victor Hugo,Reformer,Cecilia Pinto,0,0,True,disponible,2026-07-20 12:29
98863360,2026-07-26,Dimanche,13:00,13:50,DNA Yvon Villarceau,Lagree,Nina Claro,0,0,True,disponible,2026-07-20 12:29
98863400,2026-07-26,Dimanche,13:00,13:50,DNA Yvon Villarceau,Reformer,Olivia Lamarre Reyner (Suppléant),0,0,True,disponible,2026-07-20 12:29
98863440,2026-07-26,Dimanche,13:30,14:15,DNA Victor Hugo,Lagree,Julia Tapiro,0,0,True,disponible,2026-07-20 12:29
98863480,2026-07-26,Dimanche,14:00,14:50,DNA Yvon Villarceau,Lagree,Nina Claro,0,0,True,disponible,2026-07-20 12:29
98863520,2026-07-26,Dimanche,14:00,14:50,DNA Yvon Villarceau,Reformer,Olivia Lamarre Reyner (Suppléant),0,0,True,disponible,2026-07-20 12:29
98863560,2026-07-26,Dimanche,14:30,15:15,DNA Victor Hugo,Lagree,Julia Tapiro,0,0,True,disponible,2026-07-20 12:29
98863600,2026-07-26,Dimanche,15:00,15:50,DNA Yvon Villarceau,Reformer,Olivia Lamarre Reyner,0,0,True,disponible,2026-07-20 12:29
98863640,2026-07-26,Dimanche,15:30,16:15,DNA Victor Hugo,Lagree,Julia Tapiro,0,0,True,disponible,2026-07-20 12:29
98863680,2026-07-26,Dimanche,16:00,16:50,DNA Yvon Villarceau,Lagree,isis Magnin (Suppléant),0,0,True,disponible,2026-07-20 12:29
98863720,2026-07-26,Dimanche,16:00,16:50,DNA Yvon Villarceau,Reformer,Olivia Lamarre Reyner,0,0,True,disponible,2026-07-20 12:29
98863760,2026-07-26,Dimanche,17:00,17:50,DNA Yvon Villarceau,Lagree,isis Magnin (Suppléant),0,0,True,disponible,2026-07-20 12:29
98863800,2026-07-26,Dimanche,17:00,17:50,DNA Yvon Villarceau,Reformer,Olivia Lamarre Reyner,0,0,True,disponible,2026-07-20 12:29
98863840,2026-07-26,Dimanche,18:00,18:50,DNA Yvon Villarceau,Lagree,isis Magnin (Suppléant),0,0,True,disponible,2026-07-20 12:29
98863880,2026-07-26,Dimanche,18:00,18:50,DNA Yvon Villarceau,Reformer,Marie De Saint Simon,0,0,True,disponible,2026-07-20 12:29
98863920,2026-07-26,Dimanche,18:30,19:20,DNA Victor Hugo,Reformer,Olivia Lamarre Reyner (Suppléant),0,0,True,disponible,2026-07-20 12:29
98863960,2026-07-26,Dimanche,18:30,19:15,DNA Victor Hugo,Lagree,Hala Takkiedine,0,0,True,disponible,2026-07-20 12:29
98864000,2026-07-26,Dimanche,19:00,19:50,DNA Yvon Villarceau,Lagree,isis Magnin (Suppléant),0,0,True,disponible,2026-07-20 12:29
98864040,2026-07-26,Dimanche,19:00,19:50,DNA Yvon Villarceau,Reformer,Marie De Saint Simon,0,0,True,disponible,2026-07-20 12:29
98864080,2026-07-26,Dimanche,19:30,20:15,DNA Victor Hugo,Lagree,Hala Takkiedine,0,0,True,disponible,2026-07-20 12:29
99132260,2026-07-27,Lundi,08:00,08:50,DNA Yvon Villarceau,Reformer,Eve Lacroix (Suppléant),0,0,True,disponible,2026-07-20 12:29
99132560,2026-07-27,Lundi,08:00,08:50,DNA Yvon Villarceau,Lagree,isis Magnin (Suppléant),0,0,True,disponible,2026-07-20 12:29
99132600,2026-07-27,Lundi,08:30,09:20,DNA Victor Hugo,Reformer,Laura Provost (Suppléant),0,0,True,disponible,2026-07-20 12:29
99132640,2026-07-27,Lundi,09:00,09:50,DNA Yvon Villarceau,Reformer,Eve Lacroix (Suppléant),0,0,True,disponible,2026-07-20 12:29
99132680,2026-07-27,Lundi,09:00,09:50,DNA Yvon Villarceau,Lagree,isis Magnin (Suppléant),0,0,True,disponible,2026-07-20 12:29
99132720,2026-07-27,Lundi,09:30,10:20,DNA Victor Hugo,Reformer,Laura Provost (Suppléant),0,0,True,disponible,2026-07-20 12:29
99132760,2026-07-27,Lundi,10:00,10:50,DNA Yvon Villarceau,Lagree,isis Magnin (Suppléant),0,0,True,disponible,2026-07-20 12:29
99132800,2026-07-27,Lundi,10:00,10:50,DNA Yvon Villarceau,Reformer,Eve Lacroix (Suppléant),0,0,True,disponible,2026-07-20 12:29
99132840,2026-07-27,Lundi,10:30,11:20,DNA Victor Hugo,Reformer,Laura Provost (Suppléant),0,0,True,disponible,2026-07-20 12:29
99132880,2026-07-27,Lundi,11:00,11:50,DNA Yvon Villarceau,Reformer,Eve Lacroix (Suppléant),0,0,True,disponible,2026-07-20 12:29
99132920,2026-07-27,Lundi,11:00,11:50,DNA Yvon Villarceau,Lagree,isis Magnin (Suppléant),0,0,True,disponible,2026-07-20 12:29
99132960,2026-07-27,Lundi,11:30,12:15,DNA Victor Hugo,Lagree,Sarah Elfassy,0,0,True,disponible,2026-07-20 12:29
99133000,2026-07-27,Lundi,11:30,12:20,DNA Victor Hugo,Reformer,Carla B,0,0,True,disponible,2026-07-20 12:29
99133040,2026-07-27,Lundi,12:00,12:50,DNA Yvon Villarceau,Reformer,Charlie DMC,0,0,True,disponible,2026-07-20 12:29
99133080,2026-07-27,Lundi,12:00,12:50,DNA Yvon Villarceau,Lagree,Calista Ruat (Suppléant),0,0,True,disponible,2026-07-20 12:29
99133120,2026-07-27,Lundi,12:30,13:15,DNA Victor Hugo,Lagree,Sarah Elfassy,0,0,True,disponible,2026-07-20 12:29
99133160,2026-07-27,Lundi,12:30,13:20,DNA Victor Hugo,Reformer,Carla B,0,0,True,disponible,2026-07-20 12:29
99133200,2026-07-27,Lundi,13:00,13:50,DNA Yvon Villarceau,Reformer,Charlie DMC,0,0,True,disponible,2026-07-20 12:29
99133240,2026-07-27,Lundi,13:00,13:50,DNA Yvon Villarceau,Lagree,Calista Ruat (Suppléant),0,0,True,disponible,2026-07-20 12:29
99133280,2026-07-27,Lundi,13:30,14:20,DNA Victor Hugo,Reformer,Carla B,0,0,True,disponible,2026-07-20 12:29
99133320,2026-07-27,Lundi,13:30,14:20,DNA Victor Hugo,Lagree,Sarah Elfassy,0,0,True,disponible,2026-07-20 12:29
99133360,2026-07-27,Lundi,14:00,14:50,DNA Yvon Villarceau,Reformer,Charlie DMC,0,0,True,disponible,2026-07-20 12:29
99133400,2026-07-27,Lundi,14:00,14:50,DNA Yvon Villarceau,Lagree,Calista Ruat (Suppléant),0,0,True,disponible,2026-07-20 12:29
99133440,2026-07-27,Lundi,14:30,15:20,DNA Victor Hugo,Reformer,Sarah Elfassy,0,0,True,disponible,2026-07-20 12:29
99133480,2026-07-27,Lundi,15:30,16:20,DNA Victor Hugo,Reformer,Sarah Elfassy,0,0,True,disponible,2026-07-20 12:29
99133520,2026-07-27,Lundi,16:00,16:50,DNA Yvon Villarceau,Reformer,Charlie DMC,0,0,True,disponible,2026-07-20 12:29
99133560,2026-07-27,Lundi,17:00,17:50,DNA Yvon Villarceau,Lagree,Calista Ruat (Suppléant),0,0,True,disponible,2026-07-20 12:29
99133600,2026-07-27,Lundi,17:00,17:50,DNA Yvon Villarceau,Reformer,Charlie DMC,0,0,True,disponible,2026-07-20 12:29
99133640,2026-07-27,Lundi,17:30,18:15,DNA Victor Hugo,Lagree,Carla B,0,0,True,disponible,2026-07-20 12:29
99133680,2026-07-27,Lundi,17:30,18:20,DNA Victor Hugo,Reformer,isis Magnin (Suppléant),0,0,True,disponible,2026-07-20 12:29
99133720,2026-07-27,Lundi,18:00,18:50,DNA Yvon Villarceau,Lagree,Calista Ruat (Suppléant),0,0,True,disponible,2026-07-20 12:29
99133760,2026-07-27,Lundi,18:00,18:50,DNA Yvon Villarceau,Reformer,Charlie DMC,0,0,True,disponible,2026-07-20 12:29
99133800,2026-07-27,Lundi,18:30,19:15,DNA Victor Hugo,Lagree,Carla B,0,0,True,disponible,2026-07-20 12:29
99133840,2026-07-27,Lundi,18:30,19:20,DNA Victor Hugo,Reformer,isis Magnin (Suppléant),0,0,True,disponible,2026-07-20 12:29
99133880,2026-07-27,Lundi,19:00,19:50,DNA Yvon Villarceau,Lagree,Calista Ruat (Suppléant),0,0,True,disponible,2026-07-20 12:29
99133920,2026-07-27,Lundi,19:00,19:50,DNA Yvon Villarceau,Reformer,Marie De Saint Simon,0,0,True,disponible,2026-07-20 12:29
99133960,2026-07-27,Lundi,19:30,20:20,DNA Victor Hugo,Reformer,isis Magnin (Suppléant),0,0,True,disponible,2026-07-20 12:29
99134000,2026-07-27,Lundi,20:00,20:50,DNA Yvon Villarceau,Lagree,Calista Ruat (Suppléant),0,0,True,disponible,2026-07-20 12:29
99134040,2026-07-27,Lundi,20:00,20:50,DNA Yvon Villarceau,Reformer,Marie De Saint Simon,0,0,True,disponible,2026-07-20 12:29
99134080,2026-07-27,Lundi,21:00,21:50,DNA Yvon Villarceau,Reformer,Marie De Saint Simon,0,0,True,disponible,2026-07-20 12:29
99134120,2026-07-28,Mardi,08:00,08:50,DNA Yvon Villarceau,Reformer,Charlie DMC,0,0,True,disponible,2026-07-20 12:29
99134160,2026-07-28,Mardi,08:00,08:50,DNA Yvon Villarceau,Lagree,Calista Ruat (Suppléant),0,0,True,disponible,2026-07-20 12:29
99134200,2026-07-28,Mardi,08:30,09:20,DNA Victor Hugo,Reformer,Eve Lacroix,0,0,True,disponible,2026-07-20 12:29
99134240,2026-07-28,Mardi,09:00,09:50,DNA Yvon Villarceau,Reformer,Charlie DMC,0,0,True,disponible,2026-07-20 12:29
99134280,2026-07-28,Mardi,09:00,09:50,DNA Yvon Villarceau,Lagree,Calista Ruat (Suppléant),0,0,True,disponible,2026-07-20 12:29
99134320,2026-07-28,Mardi,09:30,10:20,DNA Victor Hugo,Reformer,Eve Lacroix,0,0,True,disponible,2026-07-20 12:29
99134360,2026-07-28,Mardi,10:00,10:50,DNA Yvon Villarceau,Reformer,Charlie DMC,0,0,True,disponible,2026-07-20 12:29
99134400,2026-07-28,Mardi,10:00,10:50,DNA Yvon Villarceau,Lagree,Calista Ruat (Suppléant),0,0,True,disponible,2026-07-20 12:29
99134440,2026-07-28,Mardi,10:30,11:15,DNA Victor Hugo,Lagree,Leann Mroueh,0,0,True,disponible,2026-07-20 12:29
99134480,2026-07-28,Mardi,10:30,11:20,DNA Victor Hugo,Reformer,Eve Lacroix,0,0,True,disponible,2026-07-20 12:29
99134520,2026-07-28,Mardi,11:00,11:50,DNA Yvon Villarceau,Reformer,Soudi Zargham,0,0,True,disponible,2026-07-20 12:29
99134560,2026-07-28,Mardi,11:00,11:50,DNA Yvon Villarceau,Lagree,Carla B,0,0,True,disponible,2026-07-20 12:29
99134600,2026-07-28,Mardi,11:30,12:15,DNA Victor Hugo,Lagree,Leann Mroueh,0,0,True,disponible,2026-07-20 12:29
99134640,2026-07-28,Mardi,11:30,12:20,DNA Victor Hugo,Reformer,Eve Lacroix,0,0,True,disponible,2026-07-20 12:29
99134680,2026-07-28,Mardi,12:00,12:50,DNA Yvon Villarceau,Reformer,Soudi Zargham,0,0,True,disponible,2026-07-20 12:29
99134720,2026-07-28,Mardi,12:00,12:50,DNA Yvon Villarceau,Lagree,Carla B,0,0,True,disponible,2026-07-20 12:29
99134760,2026-07-28,Mardi,12:30,13:15,DNA Victor Hugo,Lagree,Leann Mroueh,0,0,True,disponible,2026-07-20 12:29
99134800,2026-07-28,Mardi,12:30,13:20,DNA Victor Hugo,Reformer,Eve Lacroix,0,0,True,disponible,2026-07-20 12:29
99134840,2026-07-28,Mardi,13:00,13:50,DNA Yvon Villarceau,Reformer,Soudi Zargham,0,0,True,disponible,2026-07-20 12:29
99134880,2026-07-28,Mardi,13:00,13:50,DNA Yvon Villarceau,Lagree,Carla B,0,0,True,disponible,2026-07-20 12:29
99134920,2026-07-28,Mardi,13:30,14:15,DNA Victor Hugo,Lagree,Leann Mroueh,0,0,True,disponible,2026-07-20 12:29
99134960,2026-07-28,Mardi,13:30,14:20,DNA Victor Hugo,Reformer,Eve Lacroix,0,0,True,disponible,2026-07-20 12:29
99135000,2026-07-28,Mardi,14:00,14:50,DNA Yvon Villarceau,Lagree,Carla B,0,0,True,disponible,2026-07-20 12:29
99135040,2026-07-28,Mardi,14:30,15:20,DNA Victor Hugo,Reformer,Olivia Lamarre Reyner,0,0,True,disponible,2026-07-20 12:29
99135080,2026-07-28,Mardi,15:30,16:20,DNA Victor Hugo,Reformer,Olivia Lamarre Reyner,0,0,True,disponible,2026-07-20 12:29
99135120,2026-07-28,Mardi,16:00,16:50,DNA Yvon Villarceau,Reformer,Charlie DMC,0,0,True,disponible,2026-07-20 12:29
99135160,2026-07-28,Mardi,16:30,17:20,DNA Victor Hugo,Reformer,Olivia Lamarre Reyner,0,0,True,disponible,2026-07-20 12:29
99135200,2026-07-28,Mardi,17:00,17:50,DNA Yvon Villarceau,Lagree,Carla B,0,0,True,disponible,2026-07-20 12:29
99135240,2026-07-28,Mardi,17:00,17:50,DNA Yvon Villarceau,Reformer,Charlie DMC,0,0,True,disponible,2026-07-20 12:29
99135280,2026-07-28,Mardi,17:30,18:15,DNA Victor Hugo,Lagree,Leann Mroueh,0,0,True,disponible,2026-07-20 12:29
99135320,2026-07-28,Mardi,18:00,18:50,DNA Yvon Villarceau,Lagree,Carla B,0,0,True,disponible,2026-07-20 12:29
99135360,2026-07-28,Mardi,18:00,18:50,DNA Yvon Villarceau,Reformer,Charlie DMC,0,0,True,disponible,2026-07-20 12:29
99135400,2026-07-28,Mardi,18:30,19:15,DNA Victor Hugo,Lagree,Leann Mroueh,0,0,True,disponible,2026-07-20 12:29
99135440,2026-07-28,Mardi,18:30,19:20,DNA Victor Hugo,Reformer,Cecilia Pinto,0,0,True,disponible,2026-07-20 12:29
99135480,2026-07-28,Mardi,19:00,19:50,DNA Yvon Villarceau,Lagree,Calista Ruat,0,0,True,disponible,2026-07-20 12:29
99135520,2026-07-28,Mardi,19:00,19:50,DNA Yvon Villarceau,Reformer,Eve Lacroix,0,0,True,disponible,2026-07-20 12:29
99135560,2026-07-28,Mardi,19:30,20:15,DNA Victor Hugo,Lagree,Leann Mroueh,0,0,True,disponible,2026-07-20 12:29
99135600,2026-07-28,Mardi,19:30,20:20,DNA Victor Hugo,Reformer,Cecilia Pinto,0,0,True,disponible,2026-07-20 12:29
99135640,2026-07-28,Mardi,20:00,20:50,DNA Yvon Villarceau,Lagree,Calista Ruat,0,0,True,disponible,2026-07-20 12:29
99135680,2026-07-28,Mardi,20:00,20:50,DNA Yvon Villarceau,Reformer,Eve Lacroix,0,0,True,disponible,2026-07-20 12:29
99135720,2026-07-28,Mardi,20:30,21:15,DNA Victor Hugo,Lagree,Leann Mroueh,0,0,True,disponible,2026-07-20 12:29
99135760,2026-07-28,Mardi,20:30,21:20,DNA Victor Hugo,Reformer,Cecilia Pinto,0,0,True,disponible,2026-07-20 12:29
99135800,2026-07-28,Mardi,21:00,21:50,DNA Yvon Villarceau,Reformer,Eve Lacroix,0,0,True,disponible,2026-07-20 12:29
99135840,2026-07-28,Mardi,21:00,21:50,DNA Yvon Villarceau,Lagree,Calista Ruat,0,0,True,disponible,2026-07-20 12:29
99135880,2026-07-29,Mercredi,07:00,07:50,DNA Yvon Villarceau,Lagree,Kim Sarfati,0,0,True,inconnu,2026-07-20 12:29
99135920,2026-07-29,Mercredi,08:00,08:50,DNA Yvon Villarceau,Reformer,Rebecca Raccah,0,0,True,disponible,2026-07-20 12:29
99135960,2026-07-29,Mercredi,08:00,08:50,DNA Yvon Villarceau,Lagree,Eve Lacroix (Suppléant),0,0,True,disponible,2026-07-20 12:29
99136000,2026-07-29,Mercredi,08:30,09:20,DNA Victor Hugo,Reformer,Charlie DMC,0,0,True,disponible,2026-07-20 12:29
99136040,2026-07-29,Mercredi,09:00,09:50,DNA Yvon Villarceau,Reformer,Rebecca Raccah,0,0,True,disponible,2026-07-20 12:29
99136080,2026-07-29,Mercredi,09:00,09:50,DNA Yvon Villarceau,Lagree,Eve Lacroix (Suppléant),0,0,True,disponible,2026-07-20 12:29
99136120,2026-07-29,Mercredi,09:30,10:20,DNA Victor Hugo,Reformer,Charlie DMC,0,0,True,disponible,2026-07-20 12:29
99136160,2026-07-29,Mercredi,10:00,10:50,DNA Yvon Villarceau,Lagree,Eve Lacroix (Suppléant),0,0,True,disponible,2026-07-20 12:29
99136200,2026-07-29,Mercredi,10:00,10:50,DNA Yvon Villarceau,Reformer,Rebecca Raccah,0,0,True,disponible,2026-07-20 12:29
99136240,2026-07-29,Mercredi,10:30,11:20,DNA Victor Hugo,Reformer,Charlie DMC,0,0,True,disponible,2026-07-20 12:29
99136280,2026-07-29,Mercredi,11:00,11:50,DNA Yvon Villarceau,Lagree,Eve Lacroix (Suppléant),0,0,True,disponible,2026-07-20 12:29
99136320,2026-07-29,Mercredi,11:00,11:50,DNA Yvon Villarceau,Reformer,Rebecca Raccah,0,0,True,disponible,2026-07-20 12:29
99136360,2026-07-29,Mercredi,11:30,12:15,DNA Victor Hugo,Lagree,isis Magnin (Suppléant),0,0,True,disponible,2026-07-20 12:29
99136400,2026-07-29,Mercredi,11:30,12:20,DNA Victor Hugo,Reformer,Charlie DMC,0,0,True,disponible,2026-07-20 12:29
99136440,2026-07-29,Mercredi,12:00,12:50,DNA Yvon Villarceau,Reformer,Rebecca Raccah,0,0,True,disponible,2026-07-20 12:29
99136480,2026-07-29,Mercredi,12:00,12:50,DNA Yvon Villarceau,Lagree,Eve Lacroix (Suppléant),0,0,True,disponible,2026-07-20 12:29
99136520,2026-07-29,Mercredi,12:30,13:15,DNA Victor Hugo,Lagree,isis Magnin (Suppléant),0,0,True,disponible,2026-07-20 12:29
99136560,2026-07-29,Mercredi,12:30,13:20,DNA Victor Hugo,Reformer,Charlie DMC,0,0,True,disponible,2026-07-20 12:29
99136600,2026-07-29,Mercredi,13:00,13:50,DNA Yvon Villarceau,Reformer,Rebecca Raccah,0,0,True,disponible,2026-07-20 12:29
99136640,2026-07-29,Mercredi,13:00,13:50,DNA Yvon Villarceau,Lagree,Carla B,0,0,True,disponible,2026-07-20 12:29
99136680,2026-07-29,Mercredi,13:30,14:15,DNA Victor Hugo,Lagree,isis Magnin (Suppléant),0,0,True,disponible,2026-07-20 12:29
99136720,2026-07-29,Mercredi,14:00,14:50,DNA Yvon Villarceau,Lagree,Carla B,0,0,True,disponible,2026-07-20 12:29
99136760,2026-07-29,Mercredi,14:00,14:50,DNA Yvon Villarceau,Reformer,Leann Mroueh,0,0,True,disponible,2026-07-20 12:29
99136800,2026-07-29,Mercredi,14:30,15:15,DNA Victor Hugo,Lagree,isis Magnin (Suppléant),0,0,True,disponible,2026-07-20 12:29
99136840,2026-07-29,Mercredi,14:30,15:20,DNA Victor Hugo,Reformer,Sarah Elfassy,0,0,True,disponible,2026-07-20 12:29
99136880,2026-07-29,Mercredi,15:00,15:50,DNA Yvon Villarceau,Lagree,Carla B,0,0,True,disponible,2026-07-20 12:29
99136920,2026-07-29,Mercredi,15:00,15:50,DNA Yvon Villarceau,Reformer,Leann Mroueh,0,0,True,disponible,2026-07-20 12:29
99136960,2026-07-29,Mercredi,15:30,16:20,DNA Victor Hugo,Reformer,Sarah Elfassy,0,0,True,disponible,2026-07-20 12:29
99137000,2026-07-29,Mercredi,16:00,16:50,DNA Yvon Villarceau,Reformer,Leann Mroueh,0,0,True,disponible,2026-07-20 12:29
99137040,2026-07-29,Mercredi,17:00,17:50,DNA Yvon Villarceau,Lagree,Calista Ruat (Suppléant),0,0,True,disponible,2026-07-20 12:29
99137080,2026-07-29,Mercredi,17:00,17:50,DNA Yvon Villarceau,Reformer,Leann Mroueh,0,0,True,disponible,2026-07-20 12:29
99137120,2026-07-29,Mercredi,17:30,18:20,DNA Victor Hugo,Reformer,Cecilia Pinto,0,0,True,disponible,2026-07-20 12:29
99137160,2026-07-29,Mercredi,17:30,18:15,DNA Victor Hugo,Lagree,Melody Naggar,0,0,True,disponible,2026-07-20 12:29
99137200,2026-07-29,Mercredi,18:00,18:50,DNA Yvon Villarceau,Reformer,Charlie DMC,0,0,True,disponible,2026-07-20 12:29
99137240,2026-07-29,Mercredi,18:00,18:50,DNA Yvon Villarceau,Lagree,Calista Ruat (Suppléant),0,0,True,disponible,2026-07-20 12:29
99137280,2026-07-29,Mercredi,18:30,19:20,DNA Victor Hugo,Reformer,Cecilia Pinto,0,0,True,disponible,2026-07-20 12:29
99137320,2026-07-29,Mercredi,18:30,19:20,DNA Victor Hugo,Lagree,Melody Naggar,0,0,True,disponible,2026-07-20 12:29
99137360,2026-07-29,Mercredi,19:00,19:50,DNA Yvon Villarceau,Reformer,Charlie DMC,0,0,True,disponible,2026-07-20 12:29
99137400,2026-07-29,Mercredi,19:00,19:50,DNA Yvon Villarceau,Lagree,Calista Ruat (Suppléant),0,0,True,disponible,2026-07-20 12:29
99137440,2026-07-29,Mercredi,19:30,20:20,DNA Victor Hugo,Reformer,Cecilia Pinto,0,0,True,disponible,2026-07-20 12:29
99137480,2026-07-29,Mercredi,19:30,20:15,DNA Victor Hugo,Lagree,Melody Naggar,0,0,True,disponible,2026-07-20 12:29
99137520,2026-07-29,Mercredi,20:00,20:50,DNA Yvon Villarceau,Reformer,Eve Lacroix,0,0,True,disponible,2026-07-20 12:29
99137560,2026-07-29,Mercredi,20:00,20:50,DNA Yvon Villarceau,Lagree,Calista Ruat (Suppléant),0,0,True,disponible,2026-07-20 12:29
99137600,2026-07-29,Mercredi,20:30,21:20,DNA Victor Hugo,Reformer,Cecilia Pinto,0,0,True,disponible,2026-07-20 12:29
99137640,2026-07-29,Mercredi,20:30,21:20,DNA Victor Hugo,Lagree,Melody Naggar,0,0,True,disponible,2026-07-20 12:29
99137680,2026-07-29,Mercredi,21:00,21:50,DNA Yvon Villarceau,Reformer,Eve Lacroix,0,0,True,disponible,2026-07-20 12:29
99137720,2026-07-30,Jeudi,08:00,08:50,DNA Yvon Villarceau,Reformer,Nina Claro,0,0,True,disponible,2026-07-20 12:29
99137760,2026-07-30,Jeudi,08:00,08:50,DNA Yvon Villarceau,Lagree,Leann Mroueh (Suppléant),0,0,True,disponible,2026-07-20 12:29
99137800,2026-07-30,Jeudi,08:30,09:15,DNA Victor Hugo,Lagree,Calista Ruat,0,0,True,disponible,2026-07-20 12:29
99137840,2026-07-30,Jeudi,08:30,09:20,DNA Victor Hugo,Reformer,Charlie DMC,0,0,True,disponible,2026-07-20 12:29
99137880,2026-07-30,Jeudi,09:00,09:50,DNA Yvon Villarceau,Reformer,Nina Claro,0,0,True,disponible,2026-07-20 12:29
99137920,2026-07-30,Jeudi,09:00,09:50,DNA Yvon Villarceau,Lagree,Leann Mroueh (Suppléant),0,0,True,disponible,2026-07-20 12:29
99137960,2026-07-30,Jeudi,09:30,10:15,DNA Victor Hugo,Lagree,Calista Ruat,0,0,True,disponible,2026-07-20 12:29
99138000,2026-07-30,Jeudi,09:30,10:20,DNA Victor Hugo,Reformer,Charlie DMC,0,0,True,disponible,2026-07-20 12:29
99138040,2026-07-30,Jeudi,10:30,11:20,DNA Victor Hugo,Reformer,Charlie DMC,0,0,True,disponible,2026-07-20 12:29
99138080,2026-07-30,Jeudi,10:30,11:15,DNA Victor Hugo,Lagree,Leann Mroueh,0,0,True,disponible,2026-07-20 12:29
99138120,2026-07-30,Jeudi,11:00,11:50,DNA Yvon Villarceau,Lagree,Nina Claro,0,0,True,disponible,2026-07-20 12:29
99138160,2026-07-30,Jeudi,11:30,12:15,DNA Victor Hugo,Lagree,Leann Mroueh,0,0,True,disponible,2026-07-20 12:29
99138200,2026-07-30,Jeudi,11:30,12:20,DNA Victor Hugo,Reformer,Sarah Diolinda (Suppléant),0,0,True,disponible,2026-07-20 12:29
99138240,2026-07-30,Jeudi,12:00,12:50,DNA Yvon Villarceau,Lagree,Nina Claro,0,0,True,disponible,2026-07-20 12:29
99138280,2026-07-30,Jeudi,12:00,12:50,DNA Yvon Villarceau,Reformer,Soudi Zargham,0,0,True,disponible,2026-07-20 12:29
99138320,2026-07-30,Jeudi,12:30,13:15,DNA Victor Hugo,Lagree,Sarah Elfassy,0,0,True,disponible,2026-07-20 12:29
99138360,2026-07-30,Jeudi,12:30,13:20,DNA Victor Hugo,Reformer,Sarah Diolinda (Suppléant),0,0,True,disponible,2026-07-20 12:29
99138400,2026-07-30,Jeudi,13:00,13:50,DNA Yvon Villarceau,Lagree,Nina Claro,0,0,True,disponible,2026-07-20 12:29
99138440,2026-07-30,Jeudi,13:00,13:50,DNA Yvon Villarceau,Reformer,Soudi Zargham,0,0,True,disponible,2026-07-20 12:29
99138480,2026-07-30,Jeudi,13:30,14:15,DNA Victor Hugo,Lagree,Sarah Elfassy,0,0,True,disponible,2026-07-20 12:29
99138520,2026-07-30,Jeudi,13:30,14:20,DNA Victor Hugo,Reformer,Sarah Diolinda (Suppléant),0,0,True,disponible,2026-07-20 12:29
99138560,2026-07-30,Jeudi,14:00,14:50,DNA Yvon Villarceau,Reformer,Soudi Zargham,0,0,True,disponible,2026-07-20 12:29
99138600,2026-07-30,Jeudi,15:00,15:50,DNA Yvon Villarceau,Lagree,Sarah Elfassy,0,0,True,disponible,2026-07-20 12:29
99138640,2026-07-30,Jeudi,15:00,15:50,DNA Yvon Villarceau,Reformer,Nina Claro,0,0,True,disponible,2026-07-20 12:29
99138680,2026-07-30,Jeudi,16:00,16:50,DNA Yvon Villarceau,Reformer,Nina Claro,0,0,True,disponible,2026-07-20 12:29
99138720,2026-07-30,Jeudi,16:00,16:50,DNA Yvon Villarceau,Lagree,Sarah Elfassy,0,0,True,disponible,2026-07-20 12:29
99138760,2026-07-30,Jeudi,17:00,17:50,DNA Yvon Villarceau,Lagree,Calista Ruat (Suppléant),0,0,True,disponible,2026-07-20 12:29
99138800,2026-07-30,Jeudi,17:00,17:50,DNA Yvon Villarceau,Reformer,Nina Claro,0,0,True,disponible,2026-07-20 12:29
99138840,2026-07-30,Jeudi,17:30,18:15,DNA Victor Hugo,Lagree,isis Magnin (Suppléant),0,0,True,disponible,2026-07-20 12:29
99138880,2026-07-30,Jeudi,17:30,18:20,DNA Victor Hugo,Reformer,Leann Mroueh,0,0,True,disponible,2026-07-20 12:29
99138920,2026-07-30,Jeudi,18:00,18:50,DNA Yvon Villarceau,Lagree,Calista Ruat (Suppléant),0,0,True,disponible,2026-07-20 12:29
99138960,2026-07-30,Jeudi,18:00,18:50,DNA Yvon Villarceau,Reformer,Nina Claro,0,0,True,disponible,2026-07-20 12:29
99139000,2026-07-30,Jeudi,18:30,19:15,DNA Victor Hugo,Lagree,isis Magnin (Suppléant),0,0,True,disponible,2026-07-20 12:29
99139040,2026-07-30,Jeudi,18:30,19:20,DNA Victor Hugo,Reformer,Leann Mroueh,0,0,True,disponible,2026-07-20 12:29
99139080,2026-07-30,Jeudi,19:00,19:50,DNA Yvon Villarceau,Lagree,Calista Ruat (Suppléant),0,0,True,disponible,2026-07-20 12:29
99139120,2026-07-30,Jeudi,19:00,19:50,DNA Yvon Villarceau,Reformer,Eve Lacroix,0,0,True,disponible,2026-07-20 12:29
99139160,2026-07-30,Jeudi,19:30,20:15,DNA Victor Hugo,Lagree,isis Magnin (Suppléant),0,0,True,disponible,2026-07-20 12:29
99139200,2026-07-30,Jeudi,19:30,20:20,DNA Victor Hugo,Reformer,Leann Mroueh,0,0,True,disponible,2026-07-20 12:29
99139240,2026-07-30,Jeudi,20:00,20:50,DNA Yvon Villarceau,Lagree,Calista Ruat (Suppléant),0,0,True,disponible,2026-07-20 12:29
99139280,2026-07-30,Jeudi,20:00,20:50,DNA Yvon Villarceau,Reformer,Eve Lacroix,0,0,True,disponible,2026-07-20 12:29
99139320,2026-07-30,Jeudi,20:30,21:20,DNA Victor Hugo,Lagree,isis Magnin (Suppléant),0,0,True,disponible,2026-07-20 12:29
99139360,2026-07-30,Jeudi,21:00,21:50,DNA Yvon Villarceau,Reformer,Eve Lacroix,0,0,True,disponible,2026-07-20 12:29
99139400,2026-07-31,Vendredi,08:00,08:50,DNA Yvon Villarceau,Lagree,Nina Claro,0,0,True,disponible,2026-07-20 12:29
99139440,2026-07-31,Vendredi,08:00,08:50,DNA Yvon Villarceau,Reformer,Eve Lacroix,0,0,True,disponible,2026-07-20 12:29
99139480,2026-07-31,Vendredi,08:30,09:15,DNA Victor Hugo,Lagree,Laura Provost (Suppléant),0,0,True,disponible,2026-07-20 12:29
99139520,2026-07-31,Vendredi,08:30,09:20,DNA Victor Hugo,Reformer,Soudi Zargham,0,0,True,disponible,2026-07-20 12:29
99139560,2026-07-31,Vendredi,09:00,09:50,DNA Yvon Villarceau,Lagree,Nina Claro,0,0,True,disponible,2026-07-20 12:29
99139600,2026-07-31,Vendredi,09:00,09:50,DNA Yvon Villarceau,Reformer,Eve Lacroix,0,0,True,disponible,2026-07-20 12:29
99139640,2026-07-31,Vendredi,09:30,10:15,DNA Victor Hugo,Lagree,Laura Provost (Suppléant),0,0,True,disponible,2026-07-20 12:29
99139680,2026-07-31,Vendredi,09:30,10:20,DNA Victor Hugo,Reformer,Soudi Zargham,0,0,True,disponible,2026-07-20 12:29
99139720,2026-07-31,Vendredi,10:00,10:50,DNA Yvon Villarceau,Lagree,Nina Claro,0,0,True,disponible,2026-07-20 12:29
99139760,2026-07-31,Vendredi,10:00,10:50,DNA Yvon Villarceau,Reformer,Eve Lacroix,0,0,True,disponible,2026-07-20 12:29
99139800,2026-07-31,Vendredi,10:30,11:15,DNA Victor Hugo,Lagree,Laura Provost (Suppléant),0,0,True,disponible,2026-07-20 12:29
99139840,2026-07-31,Vendredi,10:30,11:20,DNA Victor Hugo,Reformer,Soudi Zargham,0,0,True,disponible,2026-07-20 12:29
99139880,2026-07-31,Vendredi,11:00,11:50,DNA Yvon Villarceau,Lagree,Nina Claro,0,0,True,disponible,2026-07-20 12:29
99139920,2026-07-31,Vendredi,11:00,11:50,DNA Yvon Villarceau,Reformer,Eve Lacroix,0,0,True,disponible,2026-07-20 12:29
99139960,2026-07-31,Vendredi,11:30,12:20,DNA Victor Hugo,Reformer,Charlie DMC (Suppléant),0,0,True,disponible,2026-07-20 12:29
99140000,2026-07-31,Vendredi,11:30,12:15,DNA Victor Hugo,Lagree,Carla Triboul (Suppléant),0,0,True,disponible,2026-07-20 12:29
99140040,2026-07-31,Vendredi,12:00,12:50,DNA Yvon Villarceau,Lagree,Nina Claro,0,0,True,disponible,2026-07-20 12:29
99140080,2026-07-31,Vendredi,12:00,12:50,DNA Yvon Villarceau,Reformer,Eve Lacroix,0,0,True,disponible,2026-07-20 12:29
99140120,2026-07-31,Vendredi,12:30,13:20,DNA Victor Hugo,Reformer,Charlie DMC (Suppléant),0,0,True,disponible,2026-07-20 12:29
99140160,2026-07-31,Vendredi,12:30,13:15,DNA Victor Hugo,Lagree,Carla Triboul (Suppléant),0,0,True,disponible,2026-07-20 12:29
99140200,2026-07-31,Vendredi,13:00,13:50,DNA Yvon Villarceau,Lagree,Nina Claro,0,0,True,disponible,2026-07-20 12:29
99140240,2026-07-31,Vendredi,13:00,13:50,DNA Yvon Villarceau,Reformer,Eve Lacroix,0,0,True,disponible,2026-07-20 12:29
99140280,2026-07-31,Vendredi,13:30,14:20,DNA Victor Hugo,Reformer,Charlie DMC (Suppléant),0,0,True,disponible,2026-07-20 12:29
99140320,2026-07-31,Vendredi,15:00,15:50,DNA Yvon Villarceau,Lagree,Leann Mroueh,0,0,True,disponible,2026-07-20 12:29
99140360,2026-07-31,Vendredi,16:00,16:50,DNA Yvon Villarceau,Lagree,Leann Mroueh,0,0,True,disponible,2026-07-20 12:29
99140400,2026-07-31,Vendredi,16:30,17:20,DNA Victor Hugo,Lagree,Celia Almeida,0,0,True,disponible,2026-07-20 12:29
99140440,2026-07-31,Vendredi,17:00,17:50,DNA Yvon Villarceau,Lagree,Leann Mroueh,0,0,True,disponible,2026-07-20 12:29
99140480,2026-07-31,Vendredi,17:00,17:50,DNA Yvon Villarceau,Reformer,Chloe Graeffly,0,0,True,disponible,2026-07-20 12:29
99140520,2026-07-31,Vendredi,17:30,18:20,DNA Victor Hugo,Reformer,Charlie DMC (Suppléant),0,0,True,disponible,2026-07-20 12:29
99140560,2026-07-31,Vendredi,17:30,18:20,DNA Victor Hugo,Lagree,Celia Almeida,0,0,True,disponible,2026-07-20 12:29
99140600,2026-07-31,Vendredi,18:00,18:50,DNA Yvon Villarceau,Reformer,Chloe Graeffly,0,0,True,disponible,2026-07-20 12:29
99140640,2026-07-31,Vendredi,18:00,18:50,DNA Yvon Villarceau,Lagree,isis Magnin (Suppléant),0,0,True,disponible,2026-07-20 12:29
99140680,2026-07-31,Vendredi,18:30,19:20,DNA Victor Hugo,Reformer,Charlie DMC (Suppléant),0,0,True,disponible,2026-07-20 12:29
99140720,2026-07-31,Vendredi,18:30,19:15,DNA Victor Hugo,Lagree,Celia Almeida,0,0,True,disponible,2026-07-20 12:29
99140760,2026-07-31,Vendredi,19:00,19:50,DNA Yvon Villarceau,Lagree,isis Magnin (Suppléant),0,0,True,disponible,2026-07-20 12:29
99140800,2026-07-31,Vendredi,19:00,19:50,DNA Yvon Villarceau,Reformer,Samantha N,0,0,True,disponible,2026-07-20 12:29
99140840,2026-07-31,Vendredi,19:30,20:20,DNA Victor Hugo,Reformer,Charlie DMC (Suppléant),0,0,True,disponible,2026-07-20 12:29
99140880,2026-07-31,Vendredi,19:30,20:15,DNA Victor Hugo,Lagree,Celia Almeida,0,0,True,disponible,2026-07-20 12:29
99140920,2026-07-31,Vendredi,20:00,20:50,DNA Yvon Villarceau,Lagree,isis Magnin (Suppléant),0,0,True,disponible,2026-07-20 12:29
99140960,2026-07-31,Vendredi,20:00,20:50,DNA Yvon Villarceau,Reformer,Samantha N,0,0,True,disponible,2026-07-20 12:29
99141000,2026-07-31,Vendredi,21:00,21:50,DNA Yvon Villarceau,Reformer,Eve Lacroix,0,0,True,inconnu,2026-07-20 12:29
99141040,2026-08-01,Samedi,08:00,09:00,DNA Yvon Villarceau,Lagree,Alice Amat,0,0,True,inconnu,2026-07-20 12:29
99141080,2026-08-01,Samedi,09:00,09:50,DNA Yvon Villarceau,Reformer,Charlie DMC,0,0,True,disponible,2026-07-20 12:29
99141120,2026-08-01,Samedi,09:00,09:50,DNA Yvon Villarceau,Lagree,Vanessa Slomka,0,0,True,disponible,2026-07-20 12:29
99141160,2026-08-01,Samedi,09:30,10:15,DNA Victor Hugo,Lagree,Nina Claro,0,0,True,disponible,2026-07-20 12:29
99141200,2026-08-01,Samedi,09:30,10:20,DNA Victor Hugo,Reformer,Chloe Graeffly,0,0,True,disponible,2026-07-20 12:29
99141240,2026-08-01,Samedi,10:00,10:50,DNA Yvon Villarceau,Reformer,Charlie DMC,0,0,True,disponible,2026-07-20 12:29
99141280,2026-08-01,Samedi,10:00,10:50,DNA Yvon Villarceau,Lagree,Vanessa Slomka,0,0,True,disponible,2026-07-20 12:29
99141320,2026-08-01,Samedi,10:30,11:15,DNA Victor Hugo,Lagree,Nina Claro,0,0,True,disponible,2026-07-20 12:29
99141360,2026-08-01,Samedi,10:30,11:20,DNA Victor Hugo,Reformer,Chloe Graeffly,0,0,True,disponible,2026-07-20 12:29
99141400,2026-08-01,Samedi,11:00,11:50,DNA Yvon Villarceau,Reformer,Charlie DMC,0,0,True,disponible,2026-07-20 12:29
99141440,2026-08-01,Samedi,11:00,11:50,DNA Yvon Villarceau,Lagree,Vanessa Slomka,0,0,True,disponible,2026-07-20 12:29
99141480,2026-08-01,Samedi,11:30,12:15,DNA Victor Hugo,Lagree,Nina Claro,0,0,True,disponible,2026-07-20 12:29
99141520,2026-08-01,Samedi,11:30,12:20,DNA Victor Hugo,Reformer,Chloe Graeffly,0,0,True,disponible,2026-07-20 12:29
99141560,2026-08-01,Samedi,12:00,12:50,DNA Yvon Villarceau,Reformer,Charlie DMC,0,0,True,disponible,2026-07-20 12:29
99141600,2026-08-01,Samedi,12:00,12:50,DNA Yvon Villarceau,Lagree,Vanessa Slomka,0,0,True,disponible,2026-07-20 12:29
99141640,2026-08-01,Samedi,12:30,13:15,DNA Victor Hugo,Lagree,Hala Takkiedine,0,0,True,disponible,2026-07-20 12:29
99141680,2026-08-01,Samedi,12:30,13:20,DNA Victor Hugo,Reformer,Chloe Graeffly,0,0,True,disponible,2026-07-20 12:29
99141720,2026-08-01,Samedi,13:00,13:50,DNA Yvon Villarceau,Reformer,Charlie DMC,0,0,True,disponible,2026-07-20 12:29
99141760,2026-08-01,Samedi,13:00,13:50,DNA Yvon Villarceau,Lagree,Vanessa Slomka,0,0,True,disponible,2026-07-20 12:29
99141800,2026-08-01,Samedi,13:30,14:15,DNA Victor Hugo,Lagree,Hala Takkiedine,0,0,True,disponible,2026-07-20 12:29
99141840,2026-08-01,Samedi,13:30,14:20,DNA Victor Hugo,Reformer,Chloe Graeffly,0,0,True,disponible,2026-07-20 12:29
99141880,2026-08-01,Samedi,14:00,14:50,DNA Yvon Villarceau,Reformer,Nina Claro,0,0,True,disponible,2026-07-20 12:29
99141920,2026-08-01,Samedi,14:00,14:50,DNA Yvon Villarceau,Lagree,Lucrezia Amerio,0,0,True,disponible,2026-07-20 12:29
99141960,2026-08-01,Samedi,14:30,15:15,DNA Victor Hugo,Lagree,Hala Takkiedine,0,0,True,disponible,2026-07-20 12:29
99142000,2026-08-01,Samedi,14:30,15:20,DNA Victor Hugo,Reformer,Olivia Lamarre Reyner,0,0,True,disponible,2026-07-20 12:29
99142040,2026-08-01,Samedi,15:00,15:50,DNA Yvon Villarceau,Reformer,Nina Claro,0,0,True,disponible,2026-07-20 12:29
99142080,2026-08-01,Samedi,15:00,15:50,DNA Yvon Villarceau,Lagree,Lucrezia Amerio,0,0,True,disponible,2026-07-20 12:29
99142120,2026-08-01,Samedi,15:30,16:20,DNA Victor Hugo,Reformer,Olivia Lamarre Reyner,0,0,True,disponible,2026-07-20 12:29
99142160,2026-08-01,Samedi,16:00,16:50,DNA Yvon Villarceau,Reformer,Nina Claro,0,0,True,inconnu,2026-07-20 12:29
99142240,2026-08-01,Samedi,16:00,16:50,DNA Yvon Villarceau,Lagree,Celia Almeida,0,0,True,disponible,2026-07-20 12:29
99142280,2026-08-01,Samedi,16:30,17:20,DNA Victor Hugo,Reformer,Lucrezia Amerio,0,0,True,disponible,2026-07-20 12:29
99142320,2026-08-01,Samedi,16:30,17:20,DNA Victor Hugo,Lagree,Carla Triboul,0,0,True,disponible,2026-07-20 12:29
99142360,2026-08-01,Samedi,17:00,17:50,DNA Yvon Villarceau,Reformer,Chloe Graeffly,0,0,True,disponible,2026-07-20 12:29
99142400,2026-08-01,Samedi,17:00,17:50,DNA Yvon Villarceau,Lagree,Celia Almeida,0,0,True,disponible,2026-07-20 12:29
99142440,2026-08-01,Samedi,17:30,18:20,DNA Victor Hugo,Reformer,Lucrezia Amerio,0,0,True,disponible,2026-07-20 12:29
99142480,2026-08-01,Samedi,17:30,18:15,DNA Victor Hugo,Lagree,Carla Triboul,0,0,True,disponible,2026-07-20 12:29
99142520,2026-08-01,Samedi,18:00,18:50,DNA Yvon Villarceau,Reformer,Chloe Graeffly,0,0,True,disponible,2026-07-20 12:29
99142560,2026-08-01,Samedi,18:00,18:50,DNA Yvon Villarceau,Lagree,Celia Almeida,0,0,True,disponible,2026-07-20 12:29
99142600,2026-08-01,Samedi,18:30,19:20,DNA Victor Hugo,Reformer,Lucrezia Amerio,0,0,True,disponible,2026-07-20 12:29
99142640,2026-08-01,Samedi,18:30,19:15,DNA Victor Hugo,Lagree,Carla Triboul,0,0,True,disponible,2026-07-20 12:29
99142680,2026-08-01,Samedi,19:00,19:50,DNA Yvon Villarceau,Reformer,Chloe Graeffly,0,0,True,disponible,2026-07-20 12:29
99142720,2026-08-01,Samedi,19:00,19:50,DNA Yvon Villarceau,Lagree,Celia Almeida,0,0,True,disponible,2026-07-20 12:29
99142760,2026-08-01,Samedi,19:30,20:20,DNA Victor Hugo,Reformer,Lucrezia Amerio,0,0,True,disponible,2026-07-20 12:29
99142800,2026-08-01,Samedi,19:30,20:15,DNA Victor Hugo,Lagree,Carla Triboul,0,0,True,disponible,2026-07-20 12:29
99142840,2026-08-02,Dimanche,09:00,09:50,DNA Yvon Villarceau,Lagree,Nina Claro,0,0,True,disponible,2026-07-20 12:29
99142880,2026-08-02,Dimanche,09:00,09:50,DNA Yvon Villarceau,Reformer,Eve Lacroix,0,0,True,disponible,2026-07-20 12:29
99142920,2026-08-02,Dimanche,09:30,10:15,DNA Victor Hugo,Lagree,Ela Anastasia,0,0,True,disponible,2026-07-20 12:29
99142960,2026-08-02,Dimanche,09:30,10:20,DNA Victor Hugo,Reformer,Cecilia Pinto,0,0,True,disponible,2026-07-20 12:29
99143000,2026-08-02,Dimanche,10:00,10:50,DNA Yvon Villarceau,Lagree,Nina Claro,0,0,True,disponible,2026-07-20 12:29
99143040,2026-08-02,Dimanche,10:00,10:50,DNA Yvon Villarceau,Reformer,Eve Lacroix,0,0,True,disponible,2026-07-20 12:29
99143080,2026-08-02,Dimanche,10:30,11:15,DNA Victor Hugo,Lagree,Ela Anastasia,0,0,True,disponible,2026-07-20 12:29
99143120,2026-08-02,Dimanche,10:30,11:20,DNA Victor Hugo,Reformer,Cecilia Pinto,0,0,True,disponible,2026-07-20 12:29
99143160,2026-08-02,Dimanche,11:00,11:50,DNA Yvon Villarceau,Lagree,Nina Claro,0,0,True,disponible,2026-07-20 12:29
99143200,2026-08-02,Dimanche,11:00,11:50,DNA Yvon Villarceau,Reformer,Eve Lacroix,0,0,True,disponible,2026-07-20 12:29
99143240,2026-08-02,Dimanche,11:30,12:15,DNA Victor Hugo,Lagree,Ela Anastasia,0,0,True,disponible,2026-07-20 12:29
99143280,2026-08-02,Dimanche,11:30,12:20,DNA Victor Hugo,Reformer,Cecilia Pinto,0,0,True,disponible,2026-07-20 12:29
99143320,2026-08-02,Dimanche,12:00,12:50,DNA Yvon Villarceau,Lagree,Nina Claro,0,0,True,disponible,2026-07-20 12:29
99143360,2026-08-02,Dimanche,12:00,12:50,DNA Yvon Villarceau,Reformer,Eve Lacroix,0,0,True,disponible,2026-07-20 12:29
99143400,2026-08-02,Dimanche,12:30,13:15,DNA Victor Hugo,Lagree,Mathilde Lafont,0,0,True,disponible,2026-07-20 12:29
99143440,2026-08-02,Dimanche,12:30,13:20,DNA Victor Hugo,Reformer,Cecilia Pinto,0,0,True,disponible,2026-07-20 12:29
99143480,2026-08-02,Dimanche,13:00,13:50,DNA Yvon Villarceau,Lagree,Nina Claro,0,0,True,disponible,2026-07-20 12:29
99143520,2026-08-02,Dimanche,13:00,13:50,DNA Yvon Villarceau,Reformer,Eve Lacroix,0,0,True,disponible,2026-07-20 12:29
99143560,2026-08-02,Dimanche,13:30,14:15,DNA Victor Hugo,Lagree,Julia Tapiro,0,0,True,disponible,2026-07-20 12:29
99143600,2026-08-02,Dimanche,14:00,14:50,DNA Yvon Villarceau,Lagree,Nina Claro,0,0,True,disponible,2026-07-20 12:29
99143640,2026-08-02,Dimanche,14:00,14:50,DNA Yvon Villarceau,Reformer,Eve Lacroix,0,0,True,disponible,2026-07-20 12:29
99143680,2026-08-02,Dimanche,14:30,15:15,DNA Victor Hugo,Lagree,Julia Tapiro,0,0,True,disponible,2026-07-20 12:29
99143720,2026-08-02,Dimanche,15:00,15:50,DNA Yvon Villarceau,Reformer,Olivia Lamarre Reyner,0,0,True,disponible,2026-07-20 12:29
99143760,2026-08-02,Dimanche,15:30,16:15,DNA Victor Hugo,Lagree,Julia Tapiro,0,0,True,disponible,2026-07-20 12:29
99143800,2026-08-02,Dimanche,16:00,16:50,DNA Yvon Villarceau,Lagree,Catrin Karlson English class,0,0,True,disponible,2026-07-20 12:29
99143840,2026-08-02,Dimanche,16:00,16:50,DNA Yvon Villarceau,Reformer,Olivia Lamarre Reyner,0,0,True,disponible,2026-07-20 12:29
99143880,2026-08-02,Dimanche,17:00,17:50,DNA Yvon Villarceau,Lagree,Catrin Karlson English class,0,0,True,disponible,2026-07-20 12:29
99143920,2026-08-02,Dimanche,17:00,17:50,DNA Yvon Villarceau,Reformer,Olivia Lamarre Reyner,0,0,True,disponible,2026-07-20 12:29
99143960,2026-08-02,Dimanche,17:30,18:20,DNA Victor Hugo,Reformer,Chloe Graeffly,0,0,True,disponible,2026-07-20 12:29
99144000,2026-08-02,Dimanche,18:00,18:50,DNA Yvon Villarceau,Lagree,Catrin Karlson English class,0,0,True,disponible,2026-07-20 12:29
99144040,2026-08-02,Dimanche,18:00,18:50,DNA Yvon Villarceau,Reformer,Marie De Saint Simon,0,0,True,disponible,2026-07-20 12:29
99144080,2026-08-02,Dimanche,18:30,19:20,DNA Victor Hugo,Reformer,Chloe Graeffly,0,0,True,disponible,2026-07-20 12:29
99144120,2026-08-02,Dimanche,18:30,19:15,DNA Victor Hugo,Lagree,Hala Takkiedine,0,0,True,disponible,2026-07-20 12:29
99144160,2026-08-02,Dimanche,19:00,19:50,DNA Yvon Villarceau,Lagree,Catrin Karlson English class,0,0,True,disponible,2026-07-20 12:29
99144200,2026-08-02,Dimanche,19:00,19:50,DNA Yvon Villarceau,Reformer,Marie De Saint Simon,0,0,True,disponible,2026-07-20 12:29
99144240,2026-08-02,Dimanche,19:30,20:15,DNA Victor Hugo,Lagree,Hala Takkiedine,0,0,True,disponible,2026-07-20 12:29
20799800,2026-08-03,Lundi,08:00,08:50,DNA Yvon Villarceau,Reformer,Rebecca Raccah,0,0,True,disponible,2026-07-25 17:17
20799840,2026-08-03,Lundi,08:00,08:50,DNA Yvon Villarceau,Lagree,Ela Anastasia,0,0,True,disponible,2026-07-25 17:17
20799880,2026-08-03,Lundi,08:30,09:20,DNA Victor Hugo,Reformer,Joy Duquesne,0,0,True,disponible,2026-07-25 17:17
20799920,2026-08-03,Lundi,09:00,09:50,DNA Yvon Villarceau,Reformer,Rebecca Raccah,0,0,True,disponible,2026-07-25 17:17
20799960,2026-08-03,Lundi,09:00,09:50,DNA Yvon Villarceau,Lagree,Ela Anastasia,0,0,True,disponible,2026-07-25 17:17
20800000,2026-08-03,Lundi,09:30,10:20,DNA Victor Hugo,Reformer,Joy Duquesne,0,0,True,disponible,2026-07-25 17:17
20800040,2026-08-03,Lundi,10:00,10:50,DNA Yvon Villarceau,Lagree,Ela Anastasia,0,0,True,disponible,2026-07-25 17:17
20800080,2026-08-03,Lundi,10:00,10:50,DNA Yvon Villarceau,Reformer,Rebecca Raccah,0,0,True,disponible,2026-07-25 17:17
20800120,2026-08-03,Lundi,10:30,11:20,DNA Victor Hugo,Reformer,Joy Duquesne,0,0,True,disponible,2026-07-25 17:17
20800160,2026-08-03,Lundi,11:00,11:50,DNA Yvon Villarceau,Reformer,Rebecca Raccah,0,0,True,disponible,2026-07-25 17:17
20800200,2026-08-03,Lundi,11:00,11:50,DNA Yvon Villarceau,Lagree,Ela Anastasia,0,0,True,disponible,2026-07-25 17:17
20800240,2026-08-03,Lundi,11:30,12:15,DNA Victor Hugo,Lagree,Sarah Elfassy,0,0,True,disponible,2026-07-25 17:17
20800280,2026-08-03,Lundi,11:30,12:20,DNA Victor Hugo,Reformer,Carla B,0,0,True,disponible,2026-07-25 17:17
20800320,2026-08-03,Lundi,12:00,12:50,DNA Yvon Villarceau,Reformer,Charlie DMC,0,0,True,disponible,2026-07-25 17:17
20800360,2026-08-03,Lundi,12:00,12:50,DNA Yvon Villarceau,Lagree,Catrin Karlson English class,0,0,True,disponible,2026-07-25 17:17
20800400,2026-08-03,Lundi,12:30,13:15,DNA Victor Hugo,Lagree,Sarah Elfassy,0,0,True,disponible,2026-07-25 17:17
20800440,2026-08-03,Lundi,12:30,13:20,DNA Victor Hugo,Reformer,Carla B,0,0,True,disponible,2026-07-25 17:17
20800480,2026-08-03,Lundi,13:00,13:50,DNA Yvon Villarceau,Reformer,Charlie DMC,0,0,True,disponible,2026-07-25 17:17
20800520,2026-08-03,Lundi,13:00,13:50,DNA Yvon Villarceau,Lagree,Catrin Karlson English class,0,0,True,disponible,2026-07-25 17:17
20800560,2026-08-03,Lundi,13:30,14:20,DNA Victor Hugo,Reformer,Carla B,0,0,True,disponible,2026-07-25 17:17
20800600,2026-08-03,Lundi,13:30,14:20,DNA Victor Hugo,Lagree,Sarah Elfassy,0,0,True,disponible,2026-07-25 17:17
20800640,2026-08-03,Lundi,14:00,14:50,DNA Yvon Villarceau,Reformer,Charlie DMC,0,0,True,disponible,2026-07-25 17:17
20800680,2026-08-03,Lundi,14:00,14:50,DNA Yvon Villarceau,Lagree,Catrin Karlson English class,0,0,True,disponible,2026-07-25 17:17
20800720,2026-08-03,Lundi,14:30,15:20,DNA Victor Hugo,Reformer,Sarah Elfassy,0,0,True,disponible,2026-07-25 17:17
20800760,2026-08-03,Lundi,15:00,15:50,DNA Yvon Villarceau,Lagree,Ela Anastasia,0,0,True,disponible,2026-07-25 17:17
20800800,2026-08-03,Lundi,15:30,16:20,DNA Victor Hugo,Reformer,Sarah Elfassy,0,0,True,disponible,2026-07-25 17:17
20800840,2026-08-03,Lundi,16:00,16:50,DNA Yvon Villarceau,Reformer,Charlie DMC,0,0,True,disponible,2026-07-25 17:17
20800880,2026-08-03,Lundi,16:00,16:50,DNA Yvon Villarceau,Lagree,Ela Anastasia,0,0,True,disponible,2026-07-25 17:17
20800920,2026-08-03,Lundi,17:00,17:50,DNA Yvon Villarceau,Lagree,Jade C,0,0,True,disponible,2026-07-25 17:17
20800960,2026-08-03,Lundi,17:00,17:50,DNA Yvon Villarceau,Reformer,Charlie DMC,0,0,True,disponible,2026-07-25 17:17
20801000,2026-08-03,Lundi,17:30,18:15,DNA Victor Hugo,Lagree,Carla B,0,0,True,disponible,2026-07-25 17:17
20801040,2026-08-03,Lundi,17:30,18:20,DNA Victor Hugo,Reformer,Rebecca Raccah,0,0,True,disponible,2026-07-25 17:17
20801080,2026-08-03,Lundi,18:00,18:50,DNA Yvon Villarceau,Lagree,Jade C,0,0,True,disponible,2026-07-25 17:17
20801120,2026-08-03,Lundi,18:00,18:50,DNA Yvon Villarceau,Reformer,Charlie DMC,0,0,True,disponible,2026-07-25 17:17
20801160,2026-08-03,Lundi,18:30,19:15,DNA Victor Hugo,Lagree,Carla B,0,0,True,disponible,2026-07-25 17:17
20801200,2026-08-03,Lundi,18:30,19:20,DNA Victor Hugo,Reformer,Rebecca Raccah,0,0,True,disponible,2026-07-25 17:17
20801240,2026-08-03,Lundi,19:00,19:50,DNA Yvon Villarceau,Lagree,Jade C,0,0,True,disponible,2026-07-25 17:17
20801280,2026-08-03,Lundi,19:00,19:50,DNA Yvon Villarceau,Reformer,Marie De Saint Simon,0,0,True,disponible,2026-07-25 17:17
20801320,2026-08-03,Lundi,19:30,20:15,DNA Victor Hugo,Lagree,Catrin Karlson English class,0,0,True,disponible,2026-07-25 17:17
20801360,2026-08-03,Lundi,19:30,20:20,DNA Victor Hugo,Reformer,Rebecca Raccah,0,0,True,disponible,2026-07-25 17:17
20801400,2026-08-03,Lundi,20:00,20:50,DNA Yvon Villarceau,Lagree,Jade C,0,0,True,disponible,2026-07-25 17:17
20801440,2026-08-03,Lundi,20:00,20:50,DNA Yvon Villarceau,Reformer,Marie De Saint Simon,0,0,True,disponible,2026-07-25 17:17
20801480,2026-08-03,Lundi,20:30,21:15,DNA Victor Hugo,Lagree,Catrin Karlson English class,0,0,True,disponible,2026-07-25 17:17
20801520,2026-08-03,Lundi,21:00,21:50,DNA Yvon Villarceau,Reformer,Marie De Saint Simon,0,0,True,disponible,2026-07-25 17:17
20801560,2026-08-04,Mardi,08:00,08:50,DNA Yvon Villarceau,Reformer,Charlie DMC,0,0,True,disponible,2026-07-25 17:17
20801600,2026-08-04,Mardi,08:00,08:50,DNA Yvon Villarceau,Lagree,Victoria Schafter,0,0,True,disponible,2026-07-25 17:17
20801640,2026-08-04,Mardi,08:30,09:20,DNA Victor Hugo,Reformer,Eve Lacroix,0,0,True,disponible,2026-07-25 17:17
20801680,2026-08-04,Mardi,09:00,09:50,DNA Yvon Villarceau,Reformer,Charlie DMC,0,0,True,disponible,2026-07-25 17:17
20801720,2026-08-04,Mardi,09:00,09:50,DNA Yvon Villarceau,Lagree,Victoria Schafter,0,0,True,disponible,2026-07-25 17:17
20801760,2026-08-04,Mardi,09:30,10:20,DNA Victor Hugo,Reformer,Eve Lacroix,0,0,True,disponible,2026-07-25 17:17
20801800,2026-08-04,Mardi,10:00,10:50,DNA Yvon Villarceau,Reformer,Charlie DMC,0,0,True,disponible,2026-07-25 17:17
20801840,2026-08-04,Mardi,10:00,10:50,DNA Yvon Villarceau,Lagree,Victoria Schafter,0,0,True,disponible,2026-07-25 17:17
20801880,2026-08-04,Mardi,10:30,11:15,DNA Victor Hugo,Lagree,Leann Mroueh,0,0,True,disponible,2026-07-25 17:17
20801920,2026-08-04,Mardi,10:30,11:20,DNA Victor Hugo,Reformer,Eve Lacroix,0,0,True,disponible,2026-07-25 17:17
20801960,2026-08-04,Mardi,11:00,11:50,DNA Yvon Villarceau,Reformer,Soudi Zargham,0,0,True,disponible,2026-07-25 17:17
20802000,2026-08-04,Mardi,11:00,11:50,DNA Yvon Villarceau,Lagree,Carla B,0,0,True,disponible,2026-07-25 17:17
20802040,2026-08-04,Mardi,11:30,12:15,DNA Victor Hugo,Lagree,Leann Mroueh,0,0,True,disponible,2026-07-25 17:17
20802080,2026-08-04,Mardi,11:30,12:20,DNA Victor Hugo,Reformer,Eve Lacroix,0,0,True,disponible,2026-07-25 17:17
20802120,2026-08-04,Mardi,12:00,12:50,DNA Yvon Villarceau,Reformer,Soudi Zargham,0,0,True,disponible,2026-07-25 17:17
20802160,2026-08-04,Mardi,12:00,12:50,DNA Yvon Villarceau,Lagree,Carla B,0,0,True,disponible,2026-07-25 17:17
20802200,2026-08-04,Mardi,12:30,13:15,DNA Victor Hugo,Lagree,Leann Mroueh,0,0,True,disponible,2026-07-25 17:17
20802240,2026-08-04,Mardi,12:30,13:20,DNA Victor Hugo,Reformer,Eve Lacroix,0,0,True,disponible,2026-07-25 17:17
20802280,2026-08-04,Mardi,13:00,13:50,DNA Yvon Villarceau,Reformer,Soudi Zargham,0,0,True,disponible,2026-07-25 17:17
20802320,2026-08-04,Mardi,13:00,13:50,DNA Yvon Villarceau,Lagree,Carla B,0,0,True,disponible,2026-07-25 17:17
20802360,2026-08-04,Mardi,13:30,14:15,DNA Victor Hugo,Lagree,Leann Mroueh,0,0,True,disponible,2026-07-25 17:17
20802400,2026-08-04,Mardi,13:30,14:20,DNA Victor Hugo,Reformer,Eve Lacroix,0,0,True,disponible,2026-07-25 17:17
20802440,2026-08-04,Mardi,14:00,14:50,DNA Yvon Villarceau,Lagree,Carla B,0,0,True,disponible,2026-07-25 17:17
20802480,2026-08-04,Mardi,14:30,15:20,DNA Victor Hugo,Reformer,Olivia Lamarre Reyner,0,0,True,disponible,2026-07-25 17:17
20802520,2026-08-04,Mardi,15:30,16:20,DNA Victor Hugo,Reformer,Olivia Lamarre Reyner,0,0,True,disponible,2026-07-25 17:17
20802560,2026-08-04,Mardi,16:00,16:50,DNA Yvon Villarceau,Reformer,Charlie DMC,0,0,True,disponible,2026-07-25 17:17
20802600,2026-08-04,Mardi,16:30,17:20,DNA Victor Hugo,Reformer,Olivia Lamarre Reyner,0,0,True,disponible,2026-07-25 17:17
20802640,2026-08-04,Mardi,17:00,17:50,DNA Yvon Villarceau,Lagree,Carla B,0,0,True,disponible,2026-07-25 17:17
20802680,2026-08-04,Mardi,17:00,17:50,DNA Yvon Villarceau,Reformer,Charlie DMC,0,0,True,disponible,2026-07-25 17:17
20802720,2026-08-04,Mardi,17:30,18:15,DNA Victor Hugo,Lagree,Leann Mroueh,0,0,True,disponible,2026-07-25 17:17
20802760,2026-08-04,Mardi,18:00,18:50,DNA Yvon Villarceau,Lagree,Carla B,0,0,True,disponible,2026-07-25 17:17
20802800,2026-08-04,Mardi,18:00,18:50,DNA Yvon Villarceau,Reformer,Charlie DMC,0,0,True,disponible,2026-07-25 17:17
20802840,2026-08-04,Mardi,18:30,19:15,DNA Victor Hugo,Lagree,Leann Mroueh,0,0,True,disponible,2026-07-25 17:17
20802880,2026-08-04,Mardi,18:30,19:20,DNA Victor Hugo,Reformer,Cecilia Pinto,0,0,True,disponible,2026-07-25 17:17
20802920,2026-08-04,Mardi,19:00,19:50,DNA Yvon Villarceau,Lagree,Calista Ruat,0,0,True,disponible,2026-07-25 17:17
20802960,2026-08-04,Mardi,19:00,19:50,DNA Yvon Villarceau,Reformer,Eve Lacroix,0,0,True,disponible,2026-07-25 17:17
20803000,2026-08-04,Mardi,19:30,20:15,DNA Victor Hugo,Lagree,Leann Mroueh,0,0,True,disponible,2026-07-25 17:17
20803040,2026-08-04,Mardi,19:30,20:20,DNA Victor Hugo,Reformer,Cecilia Pinto,0,0,True,disponible,2026-07-25 17:17
20803080,2026-08-04,Mardi,20:00,20:50,DNA Yvon Villarceau,Lagree,Calista Ruat,0,0,True,disponible,2026-07-25 17:17
20803120,2026-08-04,Mardi,20:00,20:50,DNA Yvon Villarceau,Reformer,Eve Lacroix,0,0,True,disponible,2026-07-25 17:17
20803160,2026-08-04,Mardi,20:30,21:15,DNA Victor Hugo,Lagree,Leann Mroueh,0,0,True,disponible,2026-07-25 17:17
20803200,2026-08-04,Mardi,20:30,21:20,DNA Victor Hugo,Reformer,Cecilia Pinto,0,0,True,disponible,2026-07-25 17:17
20803240,2026-08-04,Mardi,21:00,21:50,DNA Yvon Villarceau,Reformer,Eve Lacroix,0,0,True,disponible,2026-07-25 17:17
20803280,2026-08-04,Mardi,21:00,21:50,DNA Yvon Villarceau,Lagree,Calista Ruat,0,0,True,disponible,2026-07-25 17:17
20803320,2026-08-05,Mercredi,07:00,07:50,DNA Yvon Villarceau,Lagree,Kim Sarfati,0,0,True,inconnu,2026-07-25 17:17
20803360,2026-08-05,Mercredi,08:00,08:50,DNA Yvon Villarceau,Reformer,Rebecca Raccah,0,0,True,disponible,2026-07-25 17:17
20803400,2026-08-05,Mercredi,08:00,08:50,DNA Yvon Villarceau,Lagree,Ela Anastasia,0,0,True,disponible,2026-07-25 17:17
20803440,2026-08-05,Mercredi,08:30,09:20,DNA Victor Hugo,Reformer,Charlie DMC,0,0,True,disponible,2026-07-25 17:17
20803480,2026-08-05,Mercredi,09:00,09:50,DNA Yvon Villarceau,Reformer,Rebecca Raccah,0,0,True,disponible,2026-07-25 17:17
20803520,2026-08-05,Mercredi,09:00,09:50,DNA Yvon Villarceau,Lagree,Ela Anastasia,0,0,True,disponible,2026-07-25 17:17
20803560,2026-08-05,Mercredi,09:30,10:20,DNA Victor Hugo,Reformer,Charlie DMC,0,0,True,disponible,2026-07-25 17:17
20803600,2026-08-05,Mercredi,10:00,10:50,DNA Yvon Villarceau,Lagree,Ela Anastasia,0,0,True,disponible,2026-07-25 17:17
20803640,2026-08-05,Mercredi,10:00,10:50,DNA Yvon Villarceau,Reformer,Rebecca Raccah,0,0,True,disponible,2026-07-25 17:17
20803680,2026-08-05,Mercredi,10:30,11:20,DNA Victor Hugo,Reformer,Charlie DMC,0,0,True,disponible,2026-07-25 17:17
20803720,2026-08-05,Mercredi,11:00,11:50,DNA Yvon Villarceau,Lagree,Ela Anastasia,0,0,True,disponible,2026-07-25 17:17
20803760,2026-08-05,Mercredi,11:00,11:50,DNA Yvon Villarceau,Reformer,Rebecca Raccah,0,0,True,disponible,2026-07-25 17:17
20803800,2026-08-05,Mercredi,11:30,12:15,DNA Victor Hugo,Lagree,Victoria Schafter,0,0,True,disponible,2026-07-25 17:17
20803840,2026-08-05,Mercredi,11:30,12:20,DNA Victor Hugo,Reformer,Charlie DMC,0,0,True,disponible,2026-07-25 17:17
20803880,2026-08-05,Mercredi,12:00,12:50,DNA Yvon Villarceau,Reformer,Rebecca Raccah,0,0,True,disponible,2026-07-25 17:17
20803920,2026-08-05,Mercredi,12:00,12:50,DNA Yvon Villarceau,Lagree,Ela Anastasia,0,0,True,disponible,2026-07-25 17:17
20803960,2026-08-05,Mercredi,12:30,13:15,DNA Victor Hugo,Lagree,Victoria Schafter,0,0,True,disponible,2026-07-25 17:17
20804000,2026-08-05,Mercredi,12:30,13:20,DNA Victor Hugo,Reformer,Charlie DMC,0,0,True,disponible,2026-07-25 17:17
20804040,2026-08-05,Mercredi,13:00,13:50,DNA Yvon Villarceau,Reformer,Rebecca Raccah,0,0,True,disponible,2026-07-25 17:17
20804080,2026-08-05,Mercredi,13:00,13:50,DNA Yvon Villarceau,Lagree,Carla B,0,0,True,disponible,2026-07-25 17:17
20804120,2026-08-05,Mercredi,13:30,14:15,DNA Victor Hugo,Lagree,Victoria Schafter,0,0,True,disponible,2026-07-25 17:17
20804160,2026-08-05,Mercredi,14:00,14:50,DNA Yvon Villarceau,Lagree,Carla B,0,0,True,disponible,2026-07-25 17:17
20804200,2026-08-05,Mercredi,14:00,14:50,DNA Yvon Villarceau,Reformer,Leann Mroueh,0,0,True,disponible,2026-07-25 17:17
20804240,2026-08-05,Mercredi,14:30,15:15,DNA Victor Hugo,Lagree,Victoria Schafter,0,0,True,disponible,2026-07-25 17:17
20804280,2026-08-05,Mercredi,14:30,15:20,DNA Victor Hugo,Reformer,Sarah Elfassy,0,0,True,disponible,2026-07-25 17:17
20804320,2026-08-05,Mercredi,15:00,15:50,DNA Yvon Villarceau,Lagree,Carla B,0,0,True,disponible,2026-07-25 17:17
20804360,2026-08-05,Mercredi,15:00,15:50,DNA Yvon Villarceau,Reformer,Leann Mroueh,0,0,True,disponible,2026-07-25 17:17
20804400,2026-08-05,Mercredi,15:30,16:20,DNA Victor Hugo,Reformer,Sarah Elfassy,0,0,True,disponible,2026-07-25 17:17
20804440,2026-08-05,Mercredi,16:00,16:50,DNA Yvon Villarceau,Reformer,Leann Mroueh,0,0,True,disponible,2026-07-25 17:17
20804480,2026-08-05,Mercredi,17:00,17:50,DNA Yvon Villarceau,Lagree,Ela Anastasia,0,0,True,disponible,2026-07-25 17:17
20804520,2026-08-05,Mercredi,17:00,17:50,DNA Yvon Villarceau,Reformer,Leann Mroueh,0,0,True,disponible,2026-07-25 17:17
20804560,2026-08-05,Mercredi,17:30,18:20,DNA Victor Hugo,Reformer,Cecilia Pinto,0,0,True,disponible,2026-07-25 17:17
20804600,2026-08-05,Mercredi,17:30,18:15,DNA Victor Hugo,Lagree,Melody Naggar,0,0,True,disponible,2026-07-25 17:17
20804640,2026-08-05,Mercredi,18:00,18:50,DNA Yvon Villarceau,Reformer,Charlie DMC,0,0,True,disponible,2026-07-25 17:17
20804680,2026-08-05,Mercredi,18:00,18:50,DNA Yvon Villarceau,Lagree,Ela Anastasia,0,0,True,disponible,2026-07-25 17:17
20804720,2026-08-05,Mercredi,18:30,19:20,DNA Victor Hugo,Reformer,Cecilia Pinto,0,0,True,disponible,2026-07-25 17:17
20804760,2026-08-05,Mercredi,18:30,19:20,DNA Victor Hugo,Lagree,Melody Naggar,0,0,True,disponible,2026-07-25 17:17
20804800,2026-08-05,Mercredi,19:00,19:50,DNA Yvon Villarceau,Reformer,Charlie DMC,0,0,True,disponible,2026-07-25 17:17
20804840,2026-08-05,Mercredi,19:00,19:50,DNA Yvon Villarceau,Lagree,Ela Anastasia,0,0,True,disponible,2026-07-25 17:17
20804880,2026-08-05,Mercredi,19:30,20:20,DNA Victor Hugo,Reformer,Cecilia Pinto,0,0,True,disponible,2026-07-25 17:17
20804920,2026-08-05,Mercredi,19:30,20:15,DNA Victor Hugo,Lagree,Melody Naggar,0,0,True,disponible,2026-07-25 17:17
20804960,2026-08-05,Mercredi,20:00,20:50,DNA Yvon Villarceau,Reformer,Eve Lacroix,0,0,True,disponible,2026-07-25 17:17
20805000,2026-08-05,Mercredi,20:00,20:50,DNA Yvon Villarceau,Lagree,Ela Anastasia,0,0,True,disponible,2026-07-25 17:17
20805040,2026-08-05,Mercredi,20:30,21:20,DNA Victor Hugo,Reformer,Cecilia Pinto,0,0,True,disponible,2026-07-25 17:17
20805080,2026-08-05,Mercredi,20:30,21:20,DNA Victor Hugo,Lagree,Melody Naggar,0,0,True,disponible,2026-07-25 17:17
20805120,2026-08-05,Mercredi,21:00,21:50,DNA Yvon Villarceau,Reformer,Eve Lacroix,0,0,True,disponible,2026-07-25 17:17
20805160,2026-08-06,Jeudi,08:00,08:50,DNA Yvon Villarceau,Reformer,Nina Claro,0,0,True,disponible,2026-07-25 17:17
20805200,2026-08-06,Jeudi,08:00,08:50,DNA Yvon Villarceau,Lagree,Melody Naggar,0,0,True,disponible,2026-07-25 17:17
20805240,2026-08-06,Jeudi,08:30,09:15,DNA Victor Hugo,Lagree,Calista Ruat,0,0,True,disponible,2026-07-25 17:17
20805280,2026-08-06,Jeudi,08:30,09:20,DNA Victor Hugo,Reformer,Charlie DMC,0,0,True,disponible,2026-07-25 17:17
20805320,2026-08-06,Jeudi,09:00,09:50,DNA Yvon Villarceau,Reformer,Nina Claro,0,0,True,disponible,2026-07-25 17:17
20805360,2026-08-06,Jeudi,09:00,09:50,DNA Yvon Villarceau,Lagree,Melody Naggar,0,0,True,disponible,2026-07-25 17:17
20805400,2026-08-06,Jeudi,09:30,10:15,DNA Victor Hugo,Lagree,Calista Ruat,0,0,True,disponible,2026-07-25 17:17
20805440,2026-08-06,Jeudi,09:30,10:20,DNA Victor Hugo,Reformer,Charlie DMC,0,0,True,disponible,2026-07-25 17:17
20805480,2026-08-06,Jeudi,10:00,10:50,DNA Yvon Villarceau,Reformer,Liz Torres,0,0,True,disponible,2026-07-25 17:17
20805520,2026-08-06,Jeudi,10:00,10:50,DNA Yvon Villarceau,Lagree,Melody Naggar,0,0,True,disponible,2026-07-25 17:17
20805560,2026-08-06,Jeudi,10:30,11:20,DNA Victor Hugo,Reformer,Charlie DMC,0,0,True,disponible,2026-07-25 17:17
20805600,2026-08-06,Jeudi,10:30,11:15,DNA Victor Hugo,Lagree,Leann Mroueh,0,0,True,disponible,2026-07-25 17:17
20805640,2026-08-06,Jeudi,11:00,11:50,DNA Yvon Villarceau,Lagree,Nina Claro,0,0,True,disponible,2026-07-25 17:17
20805680,2026-08-06,Jeudi,11:00,11:50,DNA Yvon Villarceau,Reformer,Liz Torres,0,0,True,disponible,2026-07-25 17:17
20805720,2026-08-06,Jeudi,11:30,12:15,DNA Victor Hugo,Lagree,Leann Mroueh,0,0,True,disponible,2026-07-25 17:17
20805760,2026-08-06,Jeudi,11:30,12:20,DNA Victor Hugo,Reformer,Victoria Schafter,0,0,True,disponible,2026-07-25 17:17
20805800,2026-08-06,Jeudi,12:00,12:50,DNA Yvon Villarceau,Lagree,Nina Claro,0,0,True,disponible,2026-07-25 17:17
20805840,2026-08-06,Jeudi,12:00,12:50,DNA Yvon Villarceau,Reformer,Soudi Zargham,0,0,True,disponible,2026-07-25 17:17
20805880,2026-08-06,Jeudi,12:30,13:15,DNA Victor Hugo,Lagree,Sarah Elfassy,0,0,True,disponible,2026-07-25 17:17
20805920,2026-08-06,Jeudi,12:30,13:20,DNA Victor Hugo,Reformer,Victoria Schafter,0,0,True,disponible,2026-07-25 17:17
20805960,2026-08-06,Jeudi,13:00,13:50,DNA Yvon Villarceau,Lagree,Nina Claro,0,0,True,disponible,2026-07-25 17:17
20806000,2026-08-06,Jeudi,13:00,13:50,DNA Yvon Villarceau,Reformer,Soudi Zargham,0,0,True,disponible,2026-07-25 17:17
20806040,2026-08-06,Jeudi,13:30,14:15,DNA Victor Hugo,Lagree,Sarah Elfassy,0,0,True,disponible,2026-07-25 17:17
20806080,2026-08-06,Jeudi,13:30,14:20,DNA Victor Hugo,Reformer,Victoria Schafter,0,0,True,disponible,2026-07-25 17:17
20806120,2026-08-06,Jeudi,14:00,14:50,DNA Yvon Villarceau,Reformer,Soudi Zargham,0,0,True,disponible,2026-07-25 17:17
20806160,2026-08-06,Jeudi,14:30,15:20,DNA Victor Hugo,Reformer,Olivia Lamarre Reyner,0,0,True,disponible,2026-07-25 17:17
20806200,2026-08-06,Jeudi,15:00,15:50,DNA Yvon Villarceau,Lagree,Sarah Elfassy,0,0,True,disponible,2026-07-25 17:17
20806240,2026-08-06,Jeudi,15:00,15:50,DNA Yvon Villarceau,Reformer,Nina Claro,0,0,True,disponible,2026-07-25 17:17
20806280,2026-08-06,Jeudi,15:30,16:20,DNA Victor Hugo,Reformer,Olivia Lamarre Reyner,0,0,True,disponible,2026-07-25 17:17
20806320,2026-08-06,Jeudi,16:00,16:50,DNA Yvon Villarceau,Reformer,Nina Claro,0,0,True,disponible,2026-07-25 17:17
20806360,2026-08-06,Jeudi,16:00,16:50,DNA Yvon Villarceau,Lagree,Sarah Elfassy,0,0,True,disponible,2026-07-25 17:17
20806400,2026-08-06,Jeudi,16:30,17:20,DNA Victor Hugo,Reformer,Olivia Lamarre Reyner,0,0,True,disponible,2026-07-25 17:17
20806440,2026-08-06,Jeudi,17:00,17:50,DNA Yvon Villarceau,Lagree,Jade C,0,0,True,disponible,2026-07-25 17:17
20806480,2026-08-06,Jeudi,17:00,17:50,DNA Yvon Villarceau,Reformer,Nina Claro,0,0,True,disponible,2026-07-25 17:17
20806520,2026-08-06,Jeudi,17:30,18:15,DNA Victor Hugo,Lagree,Victoria Schafter,0,0,True,disponible,2026-07-25 17:17
20806560,2026-08-06,Jeudi,17:30,18:20,DNA Victor Hugo,Reformer,Leann Mroueh,0,0,True,disponible,2026-07-25 17:17
20806600,2026-08-06,Jeudi,18:00,18:50,DNA Yvon Villarceau,Lagree,Jade C,0,0,True,disponible,2026-07-25 17:17
20806640,2026-08-06,Jeudi,18:00,18:50,DNA Yvon Villarceau,Reformer,Nina Claro,0,0,True,disponible,2026-07-25 17:17
20806680,2026-08-06,Jeudi,18:30,19:15,DNA Victor Hugo,Lagree,Victoria Schafter,0,0,True,disponible,2026-07-25 17:17
20806720,2026-08-06,Jeudi,18:30,19:20,DNA Victor Hugo,Reformer,Leann Mroueh,0,0,True,disponible,2026-07-25 17:17
20806760,2026-08-06,Jeudi,19:00,19:50,DNA Yvon Villarceau,Lagree,Jade C,0,0,True,disponible,2026-07-25 17:17
20806800,2026-08-06,Jeudi,19:00,19:50,DNA Yvon Villarceau,Reformer,Eve Lacroix,0,0,True,disponible,2026-07-25 17:17
20806840,2026-08-06,Jeudi,19:30,20:15,DNA Victor Hugo,Lagree,Victoria Schafter,0,0,True,disponible,2026-07-25 17:17
20806880,2026-08-06,Jeudi,19:30,20:20,DNA Victor Hugo,Reformer,Leann Mroueh,0,0,True,disponible,2026-07-25 17:17
20806920,2026-08-06,Jeudi,20:00,20:50,DNA Yvon Villarceau,Lagree,Jade C,0,0,True,disponible,2026-07-25 17:17
20806960,2026-08-06,Jeudi,20:00,20:50,DNA Yvon Villarceau,Reformer,Eve Lacroix,0,0,True,disponible,2026-07-25 17:17
20807000,2026-08-06,Jeudi,20:30,21:20,DNA Victor Hugo,Lagree,Victoria Schafter,0,0,True,disponible,2026-07-25 17:17
20807040,2026-08-06,Jeudi,21:00,21:50,DNA Yvon Villarceau,Reformer,Eve Lacroix,0,0,True,disponible,2026-07-25 17:17
20807080,2026-08-07,Vendredi,08:00,08:50,DNA Yvon Villarceau,Lagree,Nina Claro,0,0,True,disponible,2026-07-25 17:17
20807120,2026-08-07,Vendredi,08:00,08:50,DNA Yvon Villarceau,Reformer,Eve Lacroix,0,0,True,disponible,2026-07-25 17:17
20807160,2026-08-07,Vendredi,08:30,09:15,DNA Victor Hugo,Lagree,Ela Anastasia,0,0,True,disponible,2026-07-25 17:17
20807200,2026-08-07,Vendredi,08:30,09:20,DNA Victor Hugo,Reformer,Soudi Zargham,0,0,True,disponible,2026-07-25 17:17
20807240,2026-08-07,Vendredi,09:00,09:50,DNA Yvon Villarceau,Lagree,Nina Claro,0,0,True,disponible,2026-07-25 17:17
20807280,2026-08-07,Vendredi,09:00,09:50,DNA Yvon Villarceau,Reformer,Eve Lacroix,0,0,True,disponible,2026-07-25 17:17
20807320,2026-08-07,Vendredi,09:30,10:15,DNA Victor Hugo,Lagree,Ela Anastasia,0,0,True,disponible,2026-07-25 17:17
20807360,2026-08-07,Vendredi,09:30,10:20,DNA Victor Hugo,Reformer,Soudi Zargham,0,0,True,disponible,2026-07-25 17:17
20807400,2026-08-07,Vendredi,10:00,10:50,DNA Yvon Villarceau,Lagree,Nina Claro,0,0,True,disponible,2026-07-25 17:17
20807440,2026-08-07,Vendredi,10:00,10:50,DNA Yvon Villarceau,Reformer,Eve Lacroix,0,0,True,disponible,2026-07-25 17:17
20807480,2026-08-07,Vendredi,10:30,11:15,DNA Victor Hugo,Lagree,Ela Anastasia,0,0,True,disponible,2026-07-25 17:17
20807520,2026-08-07,Vendredi,10:30,11:20,DNA Victor Hugo,Reformer,Soudi Zargham,0,0,True,disponible,2026-07-25 17:17
20807560,2026-08-07,Vendredi,11:00,11:50,DNA Yvon Villarceau,Lagree,Nina Claro,0,0,True,disponible,2026-07-25 17:17
20807600,2026-08-07,Vendredi,11:00,11:50,DNA Yvon Villarceau,Reformer,Eve Lacroix,0,0,True,disponible,2026-07-25 17:17
20807640,2026-08-07,Vendredi,11:30,12:20,DNA Victor Hugo,Reformer,Victoria Schafter,0,0,True,disponible,2026-07-25 17:17
20807680,2026-08-07,Vendredi,11:30,12:15,DNA Victor Hugo,Lagree,Carla B,0,0,True,disponible,2026-07-25 17:17
20807720,2026-08-07,Vendredi,12:00,12:50,DNA Yvon Villarceau,Lagree,Nina Claro,0,0,True,disponible,2026-07-25 17:17
20807760,2026-08-07,Vendredi,12:00,12:50,DNA Yvon Villarceau,Reformer,Eve Lacroix,0,0,True,disponible,2026-07-25 17:17
20807800,2026-08-07,Vendredi,12:30,13:20,DNA Victor Hugo,Reformer,Victoria Schafter,0,0,True,disponible,2026-07-25 17:17
20807840,2026-08-07,Vendredi,12:30,13:15,DNA Victor Hugo,Lagree,Carla B,0,0,True,disponible,2026-07-25 17:17
20807880,2026-08-07,Vendredi,13:00,13:50,DNA Yvon Villarceau,Lagree,Nina Claro,0,0,True,disponible,2026-07-25 17:17
20807920,2026-08-07,Vendredi,13:00,13:50,DNA Yvon Villarceau,Reformer,Eve Lacroix,0,0,True,disponible,2026-07-25 17:17
20807960,2026-08-07,Vendredi,13:30,14:20,DNA Victor Hugo,Reformer,Victoria Schafter,0,0,True,disponible,2026-07-25 17:17
20808000,2026-08-07,Vendredi,15:00,15:50,DNA Yvon Villarceau,Lagree,Leann Mroueh,0,0,True,disponible,2026-07-25 17:17
20808040,2026-08-07,Vendredi,16:00,16:50,DNA Yvon Villarceau,Lagree,Leann Mroueh,0,0,True,disponible,2026-07-25 17:17
20808080,2026-08-07,Vendredi,16:30,17:20,DNA Victor Hugo,Lagree,Celia Almeida,0,0,True,disponible,2026-07-25 17:17
20808120,2026-08-07,Vendredi,17:00,17:50,DNA Yvon Villarceau,Lagree,Leann Mroueh,0,0,True,disponible,2026-07-25 17:17
20808160,2026-08-07,Vendredi,17:00,17:50,DNA Yvon Villarceau,Reformer,Chloe Graeffly,0,0,True,disponible,2026-07-25 17:17
20808200,2026-08-07,Vendredi,17:30,18:20,DNA Victor Hugo,Reformer,Victoria Schafter,0,0,True,disponible,2026-07-25 17:17
20808240,2026-08-07,Vendredi,17:30,18:20,DNA Victor Hugo,Lagree,Celia Almeida,0,0,True,disponible,2026-07-25 17:17
20808280,2026-08-07,Vendredi,18:00,18:50,DNA Yvon Villarceau,Reformer,Chloe Graeffly,0,0,True,disponible,2026-07-25 17:17
20808320,2026-08-07,Vendredi,18:00,18:50,DNA Yvon Villarceau,Lagree,Daphne Sulowski,0,0,True,disponible,2026-07-25 17:17
20808360,2026-08-07,Vendredi,18:30,19:20,DNA Victor Hugo,Reformer,Victoria Schafter,0,0,True,disponible,2026-07-25 17:17
20808400,2026-08-07,Vendredi,18:30,19:15,DNA Victor Hugo,Lagree,Celia Almeida,0,0,True,disponible,2026-07-25 17:17
20808440,2026-08-07,Vendredi,19:00,19:50,DNA Yvon Villarceau,Lagree,Daphne Sulowski,0,0,True,disponible,2026-07-25 17:17
20808480,2026-08-07,Vendredi,19:00,19:50,DNA Yvon Villarceau,Reformer,Samantha N,0,0,True,disponible,2026-07-25 17:17
20808520,2026-08-07,Vendredi,19:30,20:20,DNA Victor Hugo,Reformer,Victoria Schafter,0,0,True,disponible,2026-07-25 17:17
20808560,2026-08-07,Vendredi,19:30,20:15,DNA Victor Hugo,Lagree,Celia Almeida,0,0,True,disponible,2026-07-25 17:17
20808600,2026-08-07,Vendredi,20:00,20:50,DNA Yvon Villarceau,Lagree,Daphne Sulowski,0,0,True,disponible,2026-07-25 17:17
20808640,2026-08-07,Vendredi,20:00,20:50,DNA Yvon Villarceau,Reformer,Samantha N,0,0,True,disponible,2026-07-25 17:17
20808680,2026-08-07,Vendredi,21:00,21:50,DNA Yvon Villarceau,Reformer,Eve Lacroix,0,0,True,inconnu,2026-07-25 17:17
58921940,2026-08-08,Samedi,08:00,09:00,DNA Yvon Villarceau,Lagree,Alice Amat,0,0,True,inconnu,2026-07-26 18:33
58921980,2026-08-08,Samedi,09:00,09:50,DNA Yvon Villarceau,Reformer,Charlie DMC,0,0,True,disponible,2026-07-26 18:33
58922020,2026-08-08,Samedi,09:00,09:50,DNA Yvon Villarceau,Lagree,Vanessa Slomka,0,0,True,disponible,2026-07-26 18:33
58922060,2026-08-08,Samedi,09:30,10:15,DNA Victor Hugo,Lagree,Nina Claro,0,0,True,disponible,2026-07-26 18:33
58922100,2026-08-08,Samedi,09:30,10:20,DNA Victor Hugo,Reformer,Chloe Graeffly,0,0,True,disponible,2026-07-26 18:33
58922140,2026-08-08,Samedi,10:00,10:50,DNA Yvon Villarceau,Reformer,Charlie DMC,0,0,True,disponible,2026-07-26 18:33
58922180,2026-08-08,Samedi,10:00,10:50,DNA Yvon Villarceau,Lagree,Vanessa Slomka,0,0,True,disponible,2026-07-26 18:33
58922220,2026-08-08,Samedi,10:30,11:15,DNA Victor Hugo,Lagree,Nina Claro,0,0,True,disponible,2026-07-26 18:33
58922260,2026-08-08,Samedi,10:30,11:20,DNA Victor Hugo,Reformer,Chloe Graeffly,0,0,True,disponible,2026-07-26 18:33
58922300,2026-08-08,Samedi,11:00,11:50,DNA Yvon Villarceau,Reformer,Charlie DMC,0,0,True,disponible,2026-07-26 18:33
58922340,2026-08-08,Samedi,11:00,11:50,DNA Yvon Villarceau,Lagree,Vanessa Slomka,0,0,True,disponible,2026-07-26 18:33
58922380,2026-08-08,Samedi,11:30,12:15,DNA Victor Hugo,Lagree,Nina Claro,0,0,True,disponible,2026-07-26 18:33
58922420,2026-08-08,Samedi,11:30,12:20,DNA Victor Hugo,Reformer,Chloe Graeffly,0,0,True,disponible,2026-07-26 18:33
58922460,2026-08-08,Samedi,12:00,12:50,DNA Yvon Villarceau,Reformer,Charlie DMC,0,0,True,disponible,2026-07-26 18:33
58922500,2026-08-08,Samedi,12:00,12:50,DNA Yvon Villarceau,Lagree,Vanessa Slomka,0,0,True,disponible,2026-07-26 18:33
58922540,2026-08-08,Samedi,12:30,13:15,DNA Victor Hugo,Lagree,Hala Takkiedine,0,0,True,disponible,2026-07-26 18:33
58922580,2026-08-08,Samedi,12:30,13:20,DNA Victor Hugo,Reformer,Chloe Graeffly,0,0,True,disponible,2026-07-26 18:33
58922620,2026-08-08,Samedi,13:00,13:50,DNA Yvon Villarceau,Reformer,Charlie DMC,0,0,True,disponible,2026-07-26 18:33
58922660,2026-08-08,Samedi,13:00,13:50,DNA Yvon Villarceau,Lagree,Vanessa Slomka,0,0,True,disponible,2026-07-26 18:33
58922700,2026-08-08,Samedi,13:30,14:15,DNA Victor Hugo,Lagree,Hala Takkiedine,0,0,True,disponible,2026-07-26 18:33
58922740,2026-08-08,Samedi,13:30,14:20,DNA Victor Hugo,Reformer,Chloe Graeffly,0,0,True,disponible,2026-07-26 18:33
58922780,2026-08-08,Samedi,14:00,14:50,DNA Yvon Villarceau,Reformer,Nina Claro,0,0,True,disponible,2026-07-26 18:33
58922820,2026-08-08,Samedi,14:00,14:50,DNA Yvon Villarceau,Lagree,Lucrezia Amerio,0,0,True,disponible,2026-07-26 18:33
58922860,2026-08-08,Samedi,14:30,15:15,DNA Victor Hugo,Lagree,Hala Takkiedine,0,0,True,disponible,2026-07-26 18:33
58922900,2026-08-08,Samedi,14:30,15:20,DNA Victor Hugo,Reformer,Olivia Lamarre Reyner,0,0,True,disponible,2026-07-26 18:33
58922940,2026-08-08,Samedi,15:00,15:50,DNA Yvon Villarceau,Reformer,Nina Claro,0,0,True,disponible,2026-07-26 18:33
58922980,2026-08-08,Samedi,15:00,15:50,DNA Yvon Villarceau,Lagree,Lucrezia Amerio,0,0,True,disponible,2026-07-26 18:33
58923020,2026-08-08,Samedi,15:30,16:20,DNA Victor Hugo,Reformer,Olivia Lamarre Reyner,0,0,True,disponible,2026-07-26 18:33
58923060,2026-08-08,Samedi,16:00,16:50,DNA Yvon Villarceau,Reformer,Nina Claro,0,0,True,inconnu,2026-07-26 18:33
58923140,2026-08-08,Samedi,16:00,16:50,DNA Yvon Villarceau,Lagree,Celia Almeida,0,0,True,disponible,2026-07-26 18:33
58923180,2026-08-08,Samedi,16:30,17:20,DNA Victor Hugo,Reformer,Lucrezia Amerio,0,0,True,disponible,2026-07-26 18:33
58923220,2026-08-08,Samedi,16:30,17:20,DNA Victor Hugo,Lagree,Carla Triboul,0,0,True,disponible,2026-07-26 18:33
58923260,2026-08-08,Samedi,17:00,17:50,DNA Yvon Villarceau,Reformer,Chloe Graeffly,0,0,True,disponible,2026-07-26 18:33
58923300,2026-08-08,Samedi,17:00,17:50,DNA Yvon Villarceau,Lagree,Celia Almeida,0,0,True,disponible,2026-07-26 18:33
58923340,2026-08-08,Samedi,17:30,18:20,DNA Victor Hugo,Reformer,Lucrezia Amerio,0,0,True,disponible,2026-07-26 18:33
58923380,2026-08-08,Samedi,17:30,18:15,DNA Victor Hugo,Lagree,Carla Triboul,0,0,True,disponible,2026-07-26 18:33
58923420,2026-08-08,Samedi,18:00,18:50,DNA Yvon Villarceau,Reformer,Chloe Graeffly,0,0,True,disponible,2026-07-26 18:33
58923460,2026-08-08,Samedi,18:00,18:50,DNA Yvon Villarceau,Lagree,Celia Almeida,0,0,True,disponible,2026-07-26 18:33
58923500,2026-08-08,Samedi,18:30,19:20,DNA Victor Hugo,Reformer,Lucrezia Amerio,0,0,True,disponible,2026-07-26 18:33
58923540,2026-08-08,Samedi,18:30,19:15,DNA Victor Hugo,Lagree,Carla Triboul,0,0,True,disponible,2026-07-26 18:33
58923580,2026-08-08,Samedi,19:00,19:50,DNA Yvon Villarceau,Reformer,Chloe Graeffly,0,0,True,disponible,2026-07-26 18:33
58923620,2026-08-08,Samedi,19:00,19:50,DNA Yvon Villarceau,Lagree,Celia Almeida,0,0,True,disponible,2026-07-26 18:33
58923660,2026-08-08,Samedi,19:30,20:20,DNA Victor Hugo,Reformer,Lucrezia Amerio,0,0,True,disponible,2026-07-26 18:33
58923700,2026-08-08,Samedi,19:30,20:15,DNA Victor Hugo,Lagree,Carla Triboul,0,0,True,disponible,2026-07-26 18:33
28858260,2026-08-09,Dimanche,09:00,09:50,DNA Yvon Villarceau,Lagree,Nina Claro,0,0,True,disponible,2026-07-31 21:50
28858300,2026-08-09,Dimanche,09:00,09:50,DNA Yvon Villarceau,Reformer,Eve Lacroix,0,0,True,disponible,2026-07-31 21:50
28858340,2026-08-09,Dimanche,09:30,10:15,DNA Victor Hugo,Lagree,Laura Provost (Suppléant),0,0,True,disponible,2026-07-31 21:50
28858380,2026-08-09,Dimanche,09:30,10:20,DNA Victor Hugo,Reformer,Cecilia Pinto,0,0,True,disponible,2026-07-31 21:50
28858420,2026-08-09,Dimanche,10:00,10:50,DNA Yvon Villarceau,Lagree,Nina Claro,0,0,True,disponible,2026-07-31 21:50
28858460,2026-08-09,Dimanche,10:00,10:50,DNA Yvon Villarceau,Reformer,Eve Lacroix,0,0,True,disponible,2026-07-31 21:50
28858500,2026-08-09,Dimanche,10:30,11:15,DNA Victor Hugo,Lagree,Laura Provost (Suppléant),0,0,True,disponible,2026-07-31 21:50
28858540,2026-08-09,Dimanche,10:30,11:20,DNA Victor Hugo,Reformer,Cecilia Pinto,0,0,True,disponible,2026-07-31 21:50
28858580,2026-08-09,Dimanche,11:00,11:50,DNA Yvon Villarceau,Lagree,Nina Claro,0,0,True,disponible,2026-07-31 21:50
28858620,2026-08-09,Dimanche,11:00,11:50,DNA Yvon Villarceau,Reformer,Eve Lacroix,0,0,True,disponible,2026-07-31 21:50
28858660,2026-08-09,Dimanche,11:30,12:15,DNA Victor Hugo,Lagree,Laura Provost (Suppléant),0,0,True,disponible,2026-07-31 21:50
28858700,2026-08-09,Dimanche,11:30,12:20,DNA Victor Hugo,Reformer,Cecilia Pinto,0,0,True,disponible,2026-07-31 21:50
28858740,2026-08-09,Dimanche,12:00,12:50,DNA Yvon Villarceau,Lagree,Nina Claro,0,0,True,disponible,2026-07-31 21:50
28858780,2026-08-09,Dimanche,12:00,12:50,DNA Yvon Villarceau,Reformer,Eve Lacroix,0,0,True,disponible,2026-07-31 21:50
28858820,2026-08-09,Dimanche,12:30,13:20,DNA Victor Hugo,Reformer,Cecilia Pinto,0,0,True,disponible,2026-07-31 21:50
28858860,2026-08-09,Dimanche,13:00,13:50,DNA Yvon Villarceau,Lagree,Nina Claro,0,0,True,disponible,2026-07-31 21:50
28858900,2026-08-09,Dimanche,13:00,13:50,DNA Yvon Villarceau,Reformer,Eve Lacroix,0,0,True,disponible,2026-07-31 21:50
28858940,2026-08-09,Dimanche,13:30,14:15,DNA Victor Hugo,Lagree,Julia Tapiro,0,0,True,disponible,2026-07-31 21:50
28858980,2026-08-09,Dimanche,14:00,14:50,DNA Yvon Villarceau,Lagree,Nina Claro,0,0,True,disponible,2026-07-31 21:50
28859020,2026-08-09,Dimanche,14:00,14:50,DNA Yvon Villarceau,Reformer,Eve Lacroix,0,0,True,disponible,2026-07-31 21:50
28859060,2026-08-09,Dimanche,14:30,15:15,DNA Victor Hugo,Lagree,Julia Tapiro,0,0,True,disponible,2026-07-31 21:50
28859100,2026-08-09,Dimanche,15:00,15:50,DNA Yvon Villarceau,Reformer,Olivia Lamarre Reyner,0,0,True,disponible,2026-07-31 21:50
28859140,2026-08-09,Dimanche,15:30,16:15,DNA Victor Hugo,Lagree,Julia Tapiro,0,0,True,disponible,2026-07-31 21:50
28859180,2026-08-09,Dimanche,16:00,16:50,DNA Yvon Villarceau,Lagree,Catrin Karlson English class,0,0,True,disponible,2026-07-31 21:50
28859220,2026-08-09,Dimanche,16:00,16:50,DNA Yvon Villarceau,Reformer,Olivia Lamarre Reyner,0,0,True,disponible,2026-07-31 21:50
28859260,2026-08-09,Dimanche,17:00,17:50,DNA Yvon Villarceau,Lagree,Catrin Karlson English class,0,0,True,disponible,2026-07-31 21:50
28859300,2026-08-09,Dimanche,17:00,17:50,DNA Yvon Villarceau,Reformer,Olivia Lamarre Reyner,0,0,True,disponible,2026-07-31 21:50
28859340,2026-08-09,Dimanche,17:30,18:20,DNA Victor Hugo,Reformer,Chloe Graeffly,0,0,True,disponible,2026-07-31 21:50
28859380,2026-08-09,Dimanche,18:00,18:50,DNA Yvon Villarceau,Lagree,Catrin Karlson English class,0,0,True,disponible,2026-07-31 21:50
28859420,2026-08-09,Dimanche,18:00,18:50,DNA Yvon Villarceau,Reformer,Marie De Saint Simon,0,0,True,disponible,2026-07-31 21:50
28859460,2026-08-09,Dimanche,18:30,19:20,DNA Victor Hugo,Reformer,Chloe Graeffly,0,0,True,disponible,2026-07-31 21:50
28859500,2026-08-09,Dimanche,18:30,19:15,DNA Victor Hugo,Lagree,Hala Takkiedine,0,0,True,disponible,2026-07-31 21:50
28859540,2026-08-09,Dimanche,19:00,19:50,DNA Yvon Villarceau,Lagree,Catrin Karlson English class,0,0,True,disponible,2026-07-31 21:50
28859580,2026-08-09,Dimanche,19:00,19:50,DNA Yvon Villarceau,Reformer,Marie De Saint Simon,0,0,True,disponible,2026-07-31 21:50
28859620,2026-08-09,Dimanche,19:30,20:15,DNA Victor Hugo,Lagree,Hala Takkiedine,0,0,True,disponible,2026-07-31 21:50
28859660,2026-08-10,Lundi,08:00,08:50,DNA Yvon Villarceau,Reformer,Rebecca Raccah,0,0,True,disponible,2026-07-31 21:50
28859700,2026-08-10,Lundi,08:00,08:50,DNA Yvon Villarceau,Lagree,Ela Anastasia,0,0,True,disponible,2026-07-31 21:50
28859740,2026-08-10,Lundi,08:30,09:20,DNA Victor Hugo,Reformer,Joy Duquesne,0,0,True,disponible,2026-07-31 21:50
28859780,2026-08-10,Lundi,09:00,09:50,DNA Yvon Villarceau,Reformer,Rebecca Raccah,0,0,True,disponible,2026-07-31 21:50
28859820,2026-08-10,Lundi,09:00,09:50,DNA Yvon Villarceau,Lagree,Ela Anastasia,0,0,True,disponible,2026-07-31 21:50
28859860,2026-08-10,Lundi,09:30,10:20,DNA Victor Hugo,Reformer,Joy Duquesne,0,0,True,disponible,2026-07-31 21:50
28859900,2026-08-10,Lundi,10:00,10:50,DNA Yvon Villarceau,Lagree,Ela Anastasia,0,0,True,disponible,2026-07-31 21:50
28859940,2026-08-10,Lundi,10:00,10:50,DNA Yvon Villarceau,Reformer,Rebecca Raccah,0,0,True,disponible,2026-07-31 21:50
28859980,2026-08-10,Lundi,10:30,11:20,DNA Victor Hugo,Reformer,Joy Duquesne,0,0,True,disponible,2026-07-31 21:50
28860020,2026-08-10,Lundi,11:00,11:50,DNA Yvon Villarceau,Reformer,Rebecca Raccah,0,0,True,disponible,2026-07-31 21:50
28860060,2026-08-10,Lundi,11:00,11:50,DNA Yvon Villarceau,Lagree,Ela Anastasia,0,0,True,disponible,2026-07-31 21:50
28860100,2026-08-10,Lundi,11:30,12:20,DNA Victor Hugo,Reformer,Carla B,0,0,True,disponible,2026-07-31 21:50
28860140,2026-08-10,Lundi,12:00,12:50,DNA Yvon Villarceau,Reformer,Charlie DMC,0,0,True,disponible,2026-07-31 21:50
28860180,2026-08-10,Lundi,12:00,12:50,DNA Yvon Villarceau,Lagree,Catrin Karlson English class,0,0,True,disponible,2026-07-31 21:50
28860220,2026-08-10,Lundi,12:30,13:20,DNA Victor Hugo,Reformer,Carla B,0,0,True,disponible,2026-07-31 21:50
28860260,2026-08-10,Lundi,13:00,13:50,DNA Yvon Villarceau,Reformer,Charlie DMC,0,0,True,disponible,2026-07-31 21:50
28860300,2026-08-10,Lundi,13:00,13:50,DNA Yvon Villarceau,Lagree,Catrin Karlson English class,0,0,True,disponible,2026-07-31 21:50
28860340,2026-08-10,Lundi,13:30,14:20,DNA Victor Hugo,Reformer,Carla B,0,0,True,disponible,2026-07-31 21:50
28860380,2026-08-10,Lundi,14:00,14:50,DNA Yvon Villarceau,Reformer,Charlie DMC,0,0,True,disponible,2026-07-31 21:50
28860420,2026-08-10,Lundi,14:00,14:50,DNA Yvon Villarceau,Lagree,Catrin Karlson English class,0,0,True,disponible,2026-07-31 21:50
28860460,2026-08-10,Lundi,16:00,16:50,DNA Yvon Villarceau,Reformer,Charlie DMC,0,0,True,disponible,2026-07-31 21:50
28860500,2026-08-10,Lundi,17:00,17:50,DNA Yvon Villarceau,Lagree,Calista Ruat (Suppléant),0,0,True,disponible,2026-07-31 21:50
28860540,2026-08-10,Lundi,17:00,17:50,DNA Yvon Villarceau,Reformer,Charlie DMC,0,0,True,disponible,2026-07-31 21:50
28860580,2026-08-10,Lundi,17:30,18:20,DNA Victor Hugo,Reformer,Rebecca Raccah,0,0,True,disponible,2026-07-31 21:50
28860620,2026-08-10,Lundi,17:30,18:15,DNA Victor Hugo,Lagree,Catrin Karlson English class,0,0,True,disponible,2026-07-31 21:50
28860660,2026-08-10,Lundi,18:00,18:50,DNA Yvon Villarceau,Lagree,Calista Ruat (Suppléant),0,0,True,disponible,2026-07-31 21:50
28860700,2026-08-10,Lundi,18:00,18:50,DNA Yvon Villarceau,Reformer,Charlie DMC,0,0,True,disponible,2026-07-31 21:50
28860740,2026-08-10,Lundi,18:30,19:20,DNA Victor Hugo,Reformer,Rebecca Raccah,0,0,True,disponible,2026-07-31 21:50
28860780,2026-08-10,Lundi,18:30,19:15,DNA Victor Hugo,Lagree,Catrin Karlson English class,0,0,True,disponible,2026-07-31 21:50
28860820,2026-08-10,Lundi,19:00,19:50,DNA Yvon Villarceau,Lagree,Calista Ruat (Suppléant),0,0,True,disponible,2026-07-31 21:50
28860860,2026-08-10,Lundi,19:00,19:50,DNA Yvon Villarceau,Reformer,Marie De Saint Simon,0,0,True,disponible,2026-07-31 21:50
28860900,2026-08-10,Lundi,19:30,20:15,DNA Victor Hugo,Lagree,Catrin Karlson English class,0,0,True,disponible,2026-07-31 21:50
28860940,2026-08-10,Lundi,19:30,20:20,DNA Victor Hugo,Reformer,Rebecca Raccah,0,0,True,disponible,2026-07-31 21:50
28860980,2026-08-10,Lundi,20:00,20:50,DNA Yvon Villarceau,Lagree,Calista Ruat (Suppléant),0,0,True,disponible,2026-07-31 21:50
28861020,2026-08-10,Lundi,20:00,20:50,DNA Yvon Villarceau,Reformer,Marie De Saint Simon,0,0,True,disponible,2026-07-31 21:50
28861060,2026-08-10,Lundi,20:30,21:15,DNA Victor Hugo,Lagree,Catrin Karlson English class,0,0,True,disponible,2026-07-31 21:50
28861100,2026-08-10,Lundi,21:00,21:50,DNA Yvon Villarceau,Reformer,Marie De Saint Simon,0,0,True,disponible,2026-07-31 21:50
28861140,2026-08-11,Mardi,08:00,08:50,DNA Yvon Villarceau,Reformer,Charlie DMC,0,0,True,disponible,2026-07-31 21:50
28861180,2026-08-11,Mardi,08:00,08:50,DNA Yvon Villarceau,Lagree,Victoria Schafter,0,0,True,disponible,2026-07-31 21:50
28861220,2026-08-11,Mardi,08:30,09:20,DNA Victor Hugo,Reformer,Eve Lacroix,0,0,True,disponible,2026-07-31 21:50
28861260,2026-08-11,Mardi,09:00,09:50,DNA Yvon Villarceau,Reformer,Charlie DMC,0,0,True,disponible,2026-07-31 21:50
28861300,2026-08-11,Mardi,09:00,09:50,DNA Yvon Villarceau,Lagree,Victoria Schafter,0,0,True,disponible,2026-07-31 21:50
28861340,2026-08-11,Mardi,09:30,10:20,DNA Victor Hugo,Reformer,Eve Lacroix,0,0,True,disponible,2026-07-31 21:50
28861380,2026-08-11,Mardi,10:00,10:50,DNA Yvon Villarceau,Reformer,Charlie DMC,0,0,True,disponible,2026-07-31 21:50
28861420,2026-08-11,Mardi,10:00,10:50,DNA Yvon Villarceau,Lagree,Victoria Schafter,0,0,True,disponible,2026-07-31 21:50
28861460,2026-08-11,Mardi,10:30,11:15,DNA Victor Hugo,Lagree,Leann Mroueh,0,0,True,disponible,2026-07-31 21:50
28861500,2026-08-11,Mardi,10:30,11:20,DNA Victor Hugo,Reformer,Eve Lacroix,0,0,True,disponible,2026-07-31 21:50
28861540,2026-08-11,Mardi,11:00,11:50,DNA Yvon Villarceau,Reformer,Soudi Zargham,0,0,True,disponible,2026-07-31 21:50
28861580,2026-08-11,Mardi,11:00,11:50,DNA Yvon Villarceau,Lagree,Carla B,0,0,True,disponible,2026-07-31 21:50
28861620,2026-08-11,Mardi,11:30,12:15,DNA Victor Hugo,Lagree,Leann Mroueh,0,0,True,disponible,2026-07-31 21:50
28861660,2026-08-11,Mardi,11:30,12:20,DNA Victor Hugo,Reformer,Eve Lacroix,0,0,True,disponible,2026-07-31 21:50
28861700,2026-08-11,Mardi,12:00,12:50,DNA Yvon Villarceau,Reformer,Soudi Zargham,0,0,True,disponible,2026-07-31 21:50
28861740,2026-08-11,Mardi,12:00,12:50,DNA Yvon Villarceau,Lagree,Carla B,0,0,True,disponible,2026-07-31 21:50
28861780,2026-08-11,Mardi,12:30,13:15,DNA Victor Hugo,Lagree,Leann Mroueh,0,0,True,disponible,2026-07-31 21:50
28861820,2026-08-11,Mardi,12:30,13:20,DNA Victor Hugo,Reformer,Eve Lacroix,0,0,True,disponible,2026-07-31 21:50
28861860,2026-08-11,Mardi,13:00,13:50,DNA Yvon Villarceau,Reformer,Soudi Zargham,0,0,True,disponible,2026-07-31 21:50
28861900,2026-08-11,Mardi,13:00,13:50,DNA Yvon Villarceau,Lagree,Carla B,0,0,True,disponible,2026-07-31 21:50
28861940,2026-08-11,Mardi,13:30,14:15,DNA Victor Hugo,Lagree,Leann Mroueh,0,0,True,disponible,2026-07-31 21:50
28861980,2026-08-11,Mardi,13:30,14:20,DNA Victor Hugo,Reformer,Eve Lacroix,0,0,True,disponible,2026-07-31 21:50
28862020,2026-08-11,Mardi,14:00,14:50,DNA Yvon Villarceau,Lagree,Carla B,0,0,True,disponible,2026-07-31 21:50
28862060,2026-08-11,Mardi,14:30,15:20,DNA Victor Hugo,Reformer,Olivia Lamarre Reyner,0,0,True,disponible,2026-07-31 21:50
28862100,2026-08-11,Mardi,15:30,16:20,DNA Victor Hugo,Reformer,Olivia Lamarre Reyner,0,0,True,disponible,2026-07-31 21:50
28862140,2026-08-11,Mardi,16:00,16:50,DNA Yvon Villarceau,Reformer,Charlie DMC,0,0,True,disponible,2026-07-31 21:50
28862180,2026-08-11,Mardi,16:30,17:20,DNA Victor Hugo,Reformer,Olivia Lamarre Reyner,0,0,True,disponible,2026-07-31 21:50
28862220,2026-08-11,Mardi,17:00,17:50,DNA Yvon Villarceau,Lagree,Carla B,0,0,True,disponible,2026-07-31 21:50
28862260,2026-08-11,Mardi,17:00,17:50,DNA Yvon Villarceau,Reformer,Charlie DMC,0,0,True,disponible,2026-07-31 21:50
28862300,2026-08-11,Mardi,17:30,18:15,DNA Victor Hugo,Lagree,Leann Mroueh,0,0,True,disponible,2026-07-31 21:50
28862340,2026-08-11,Mardi,18:00,18:50,DNA Yvon Villarceau,Lagree,Carla B,0,0,True,disponible,2026-07-31 21:50
28862380,2026-08-11,Mardi,18:00,18:50,DNA Yvon Villarceau,Reformer,Charlie DMC,0,0,True,disponible,2026-07-31 21:50
28862420,2026-08-11,Mardi,18:30,19:15,DNA Victor Hugo,Lagree,Leann Mroueh,0,0,True,disponible,2026-07-31 21:50
28862460,2026-08-11,Mardi,18:30,19:20,DNA Victor Hugo,Reformer,Cecilia Pinto,0,0,True,disponible,2026-07-31 21:50
28862500,2026-08-11,Mardi,19:00,19:50,DNA Yvon Villarceau,Lagree,Calista Ruat,0,0,True,disponible,2026-07-31 21:50
28862540,2026-08-11,Mardi,19:00,19:50,DNA Yvon Villarceau,Reformer,Eve Lacroix,0,0,True,disponible,2026-07-31 21:50
28862580,2026-08-11,Mardi,19:30,20:15,DNA Victor Hugo,Lagree,Leann Mroueh,0,0,True,disponible,2026-07-31 21:50
28862620,2026-08-11,Mardi,19:30,20:20,DNA Victor Hugo,Reformer,Cecilia Pinto,0,0,True,disponible,2026-07-31 21:50
28862660,2026-08-11,Mardi,20:00,20:50,DNA Yvon Villarceau,Lagree,Calista Ruat,0,0,True,disponible,2026-07-31 21:50
28862700,2026-08-11,Mardi,20:00,20:50,DNA Yvon Villarceau,Reformer,Eve Lacroix,0,0,True,disponible,2026-07-31 21:50
28862740,2026-08-11,Mardi,20:30,21:15,DNA Victor Hugo,Lagree,Leann Mroueh,0,0,True,disponible,2026-07-31 21:50
28862780,2026-08-11,Mardi,20:30,21:20,DNA Victor Hugo,Reformer,Cecilia Pinto,0,0,True,disponible,2026-07-31 21:50
28862820,2026-08-11,Mardi,21:00,21:50,DNA Yvon Villarceau,Reformer,Eve Lacroix,0,0,True,disponible,2026-07-31 21:50
28862860,2026-08-11,Mardi,21:00,21:50,DNA Yvon Villarceau,Lagree,Calista Ruat,0,0,True,disponible,2026-07-31 21:50
28862900,2026-08-12,Mercredi,07:00,07:50,DNA Yvon Villarceau,Lagree,Kim Sarfati,0,0,True,inconnu,2026-07-31 21:50
28862940,2026-08-12,Mercredi,08:00,08:50,DNA Yvon Villarceau,Reformer,Rebecca Raccah,0,0,True,disponible,2026-07-31 21:50
28862980,2026-08-12,Mercredi,08:00,08:50,DNA Yvon Villarceau,Lagree,Ela Anastasia,0,0,True,disponible,2026-07-31 21:50
28863020,2026-08-12,Mercredi,08:30,09:20,DNA Victor Hugo,Reformer,Charlie DMC,0,0,True,disponible,2026-07-31 21:50
28863060,2026-08-12,Mercredi,09:00,09:50,DNA Yvon Villarceau,Reformer,Rebecca Raccah,0,0,True,disponible,2026-07-31 21:50
28863100,2026-08-12,Mercredi,09:00,09:50,DNA Yvon Villarceau,Lagree,Ela Anastasia,0,0,True,disponible,2026-07-31 21:50
28863140,2026-08-12,Mercredi,09:30,10:20,DNA Victor Hugo,Reformer,Charlie DMC,0,0,True,disponible,2026-07-31 21:50
28863180,2026-08-12,Mercredi,10:00,10:50,DNA Yvon Villarceau,Lagree,Ela Anastasia,0,0,True,disponible,2026-07-31 21:50
28863220,2026-08-12,Mercredi,10:00,10:50,DNA Yvon Villarceau,Reformer,Rebecca Raccah,0,0,True,disponible,2026-07-31 21:50
28863260,2026-08-12,Mercredi,10:30,11:20,DNA Victor Hugo,Reformer,Charlie DMC,0,0,True,disponible,2026-07-31 21:50
28863300,2026-08-12,Mercredi,11:00,11:50,DNA Yvon Villarceau,Lagree,Ela Anastasia,0,0,True,disponible,2026-07-31 21:50
28863340,2026-08-12,Mercredi,11:00,11:50,DNA Yvon Villarceau,Reformer,Rebecca Raccah,0,0,True,disponible,2026-07-31 21:50
28863380,2026-08-12,Mercredi,11:30,12:15,DNA Victor Hugo,Lagree,Victoria Schafter,0,0,True,disponible,2026-07-31 21:50
28863420,2026-08-12,Mercredi,11:30,12:20,DNA Victor Hugo,Reformer,Charlie DMC,0,0,True,disponible,2026-07-31 21:50
28863460,2026-08-12,Mercredi,12:00,12:50,DNA Yvon Villarceau,Reformer,Rebecca Raccah,0,0,True,disponible,2026-07-31 21:50
28863500,2026-08-12,Mercredi,12:00,12:50,DNA Yvon Villarceau,Lagree,Ela Anastasia,0,0,True,disponible,2026-07-31 21:50
28863540,2026-08-12,Mercredi,12:30,13:15,DNA Victor Hugo,Lagree,Victoria Schafter,0,0,True,disponible,2026-07-31 21:50
28863580,2026-08-12,Mercredi,12:30,13:20,DNA Victor Hugo,Reformer,Charlie DMC,0,0,True,disponible,2026-07-31 21:50
28863620,2026-08-12,Mercredi,13:00,13:50,DNA Yvon Villarceau,Reformer,Rebecca Raccah,0,0,True,disponible,2026-07-31 21:50
28863660,2026-08-12,Mercredi,13:00,13:50,DNA Yvon Villarceau,Lagree,Carla B,0,0,True,disponible,2026-07-31 21:50
28863700,2026-08-12,Mercredi,13:30,14:15,DNA Victor Hugo,Lagree,Victoria Schafter,0,0,True,disponible,2026-07-31 21:50
28863740,2026-08-12,Mercredi,14:00,14:50,DNA Yvon Villarceau,Lagree,Carla B,0,0,True,disponible,2026-07-31 21:50
28863780,2026-08-12,Mercredi,14:00,14:50,DNA Yvon Villarceau,Reformer,Leann Mroueh,0,0,True,disponible,2026-07-31 21:50
28863820,2026-08-12,Mercredi,14:30,15:15,DNA Victor Hugo,Lagree,Victoria Schafter,0,0,True,disponible,2026-07-31 21:50
28863860,2026-08-12,Mercredi,15:00,15:50,DNA Yvon Villarceau,Lagree,Carla B,0,0,True,disponible,2026-07-31 21:50
28863900,2026-08-12,Mercredi,15:00,15:50,DNA Yvon Villarceau,Reformer,Leann Mroueh,0,0,True,disponible,2026-07-31 21:50
28863940,2026-08-12,Mercredi,16:00,16:50,DNA Yvon Villarceau,Reformer,Leann Mroueh,0,0,True,disponible,2026-07-31 21:50
28863980,2026-08-12,Mercredi,17:00,17:50,DNA Yvon Villarceau,Lagree,Ela Anastasia,0,0,True,disponible,2026-07-31 21:50
28864020,2026-08-12,Mercredi,17:00,17:50,DNA Yvon Villarceau,Reformer,Leann Mroueh,0,0,True,disponible,2026-07-31 21:50
28864060,2026-08-12,Mercredi,17:30,18:20,DNA Victor Hugo,Reformer,Cecilia Pinto,0,0,True,disponible,2026-07-31 21:50
28864100,2026-08-12,Mercredi,17:30,18:15,DNA Victor Hugo,Lagree,Catrin Karlson English class,0,0,True,disponible,2026-07-31 21:50
28864140,2026-08-12,Mercredi,18:00,18:50,DNA Yvon Villarceau,Reformer,Charlie DMC,0,0,True,disponible,2026-07-31 21:50
28864180,2026-08-12,Mercredi,18:00,18:50,DNA Yvon Villarceau,Lagree,Ela Anastasia,0,0,True,disponible,2026-07-31 21:50
28864220,2026-08-12,Mercredi,18:30,19:20,DNA Victor Hugo,Reformer,Cecilia Pinto,0,0,True,disponible,2026-07-31 21:50
28864260,2026-08-12,Mercredi,18:30,19:20,DNA Victor Hugo,Lagree,Catrin Karlson English class,0,0,True,disponible,2026-07-31 21:50
28864300,2026-08-12,Mercredi,19:00,19:50,DNA Yvon Villarceau,Reformer,Charlie DMC,0,0,True,disponible,2026-07-31 21:50
28864340,2026-08-12,Mercredi,19:00,19:50,DNA Yvon Villarceau,Lagree,Ela Anastasia,0,0,True,disponible,2026-07-31 21:50
28864380,2026-08-12,Mercredi,19:30,20:20,DNA Victor Hugo,Reformer,Cecilia Pinto,0,0,True,disponible,2026-07-31 21:50
28864420,2026-08-12,Mercredi,19:30,20:15,DNA Victor Hugo,Lagree,Catrin Karlson English class,0,0,True,disponible,2026-07-31 21:50
28864460,2026-08-12,Mercredi,20:00,20:50,DNA Yvon Villarceau,Reformer,Eve Lacroix,0,0,True,disponible,2026-07-31 21:50
28864500,2026-08-12,Mercredi,20:00,20:50,DNA Yvon Villarceau,Lagree,Ela Anastasia,0,0,True,disponible,2026-07-31 21:50
28864540,2026-08-12,Mercredi,20:30,21:20,DNA Victor Hugo,Reformer,Cecilia Pinto,0,0,True,disponible,2026-07-31 21:50
28864580,2026-08-12,Mercredi,20:30,21:20,DNA Victor Hugo,Lagree,Catrin Karlson English class,0,0,True,disponible,2026-07-31 21:50
28864620,2026-08-12,Mercredi,21:00,21:50,DNA Yvon Villarceau,Reformer,Eve Lacroix,0,0,True,disponible,2026-07-31 21:50
28864660,2026-08-13,Jeudi,08:00,08:50,DNA Yvon Villarceau,Reformer,Nina Claro,0,0,True,disponible,2026-07-31 21:50
28864700,2026-08-13,Jeudi,08:00,08:50,DNA Yvon Villarceau,Lagree,Melody Naggar,0,0,True,disponible,2026-07-31 21:50
28864740,2026-08-13,Jeudi,08:30,09:15,DNA Victor Hugo,Lagree,Calista Ruat,0,0,True,disponible,2026-07-31 21:50
28864780,2026-08-13,Jeudi,08:30,09:20,DNA Victor Hugo,Reformer,Charlie DMC,0,0,True,disponible,2026-07-31 21:50
28864820,2026-08-13,Jeudi,09:00,09:50,DNA Yvon Villarceau,Reformer,Nina Claro,0,0,True,disponible,2026-07-31 21:50
28864860,2026-08-13,Jeudi,09:00,09:50,DNA Yvon Villarceau,Lagree,Melody Naggar,0,0,True,disponible,2026-07-31 21:50
28864900,2026-08-13,Jeudi,09:30,10:15,DNA Victor Hugo,Lagree,Calista Ruat,0,0,True,disponible,2026-07-31 21:50
28864940,2026-08-13,Jeudi,09:30,10:20,DNA Victor Hugo,Reformer,Charlie DMC,0,0,True,disponible,2026-07-31 21:50
28864980,2026-08-13,Jeudi,10:00,10:50,DNA Yvon Villarceau,Reformer,Liz Torres,0,0,True,disponible,2026-07-31 21:50
28865020,2026-08-13,Jeudi,10:00,10:50,DNA Yvon Villarceau,Lagree,Melody Naggar,0,0,True,disponible,2026-07-31 21:50
28865060,2026-08-13,Jeudi,10:30,11:20,DNA Victor Hugo,Reformer,Charlie DMC,0,0,True,disponible,2026-07-31 21:50
28865100,2026-08-13,Jeudi,10:30,11:15,DNA Victor Hugo,Lagree,Leann Mroueh,0,0,True,disponible,2026-07-31 21:50
28865140,2026-08-13,Jeudi,11:00,11:50,DNA Yvon Villarceau,Lagree,Nina Claro,0,0,True,disponible,2026-07-31 21:50
28865180,2026-08-13,Jeudi,11:00,11:50,DNA Yvon Villarceau,Reformer,Liz Torres,0,0,True,disponible,2026-07-31 21:50
28865220,2026-08-13,Jeudi,11:30,12:15,DNA Victor Hugo,Lagree,Leann Mroueh,0,0,True,disponible,2026-07-31 21:50
28865260,2026-08-13,Jeudi,11:30,12:20,DNA Victor Hugo,Reformer,Victoria Schafter,0,0,True,disponible,2026-07-31 21:50
28865300,2026-08-13,Jeudi,12:00,12:50,DNA Yvon Villarceau,Lagree,Nina Claro,0,0,True,disponible,2026-07-31 21:50
28865340,2026-08-13,Jeudi,12:00,12:50,DNA Yvon Villarceau,Reformer,Soudi Zargham,0,0,True,disponible,2026-07-31 21:50
28865380,2026-08-13,Jeudi,12:30,13:20,DNA Victor Hugo,Reformer,Victoria Schafter,0,0,True,disponible,2026-07-31 21:50
28865420,2026-08-13,Jeudi,13:00,13:50,DNA Yvon Villarceau,Lagree,Nina Claro,0,0,True,disponible,2026-07-31 21:50
28865460,2026-08-13,Jeudi,13:00,13:50,DNA Yvon Villarceau,Reformer,Soudi Zargham,0,0,True,disponible,2026-07-31 21:50
28865500,2026-08-13,Jeudi,13:30,14:20,DNA Victor Hugo,Reformer,Victoria Schafter,0,0,True,disponible,2026-07-31 21:50
28865540,2026-08-13,Jeudi,14:00,14:50,DNA Yvon Villarceau,Reformer,Soudi Zargham,0,0,True,disponible,2026-07-31 21:50
28865580,2026-08-13,Jeudi,14:30,15:20,DNA Victor Hugo,Reformer,Olivia Lamarre Reyner,0,0,True,disponible,2026-07-31 21:50
28865620,2026-08-13,Jeudi,15:00,15:50,DNA Yvon Villarceau,Lagree,Sarah Elfassy,0,0,True,disponible,2026-07-31 21:50
28865660,2026-08-13,Jeudi,15:00,15:50,DNA Yvon Villarceau,Reformer,Nina Claro,0,0,True,disponible,2026-07-31 21:50
28865700,2026-08-13,Jeudi,15:30,16:20,DNA Victor Hugo,Reformer,Olivia Lamarre Reyner,0,0,True,disponible,2026-07-31 21:50
28865740,2026-08-13,Jeudi,16:00,16:50,DNA Yvon Villarceau,Reformer,Nina Claro,0,0,True,disponible,2026-07-31 21:50
28865780,2026-08-13,Jeudi,16:00,16:50,DNA Yvon Villarceau,Lagree,Sarah Elfassy,0,0,True,disponible,2026-07-31 21:50
28865820,2026-08-13,Jeudi,16:30,17:20,DNA Victor Hugo,Reformer,Olivia Lamarre Reyner,0,0,True,disponible,2026-07-31 21:50
28865860,2026-08-13,Jeudi,17:00,17:50,DNA Yvon Villarceau,Lagree,Jade C,0,0,True,disponible,2026-07-31 21:50
28865900,2026-08-13,Jeudi,17:00,17:50,DNA Yvon Villarceau,Reformer,Nina Claro,0,0,True,disponible,2026-07-31 21:50
28865940,2026-08-13,Jeudi,17:30,18:15,DNA Victor Hugo,Lagree,Victoria Schafter,0,0,True,disponible,2026-07-31 21:50
28865980,2026-08-13,Jeudi,17:30,18:20,DNA Victor Hugo,Reformer,Leann Mroueh,0,0,True,disponible,2026-07-31 21:50
28866020,2026-08-13,Jeudi,18:00,18:50,DNA Yvon Villarceau,Lagree,Jade C,0,0,True,disponible,2026-07-31 21:50
28866060,2026-08-13,Jeudi,18:00,18:50,DNA Yvon Villarceau,Reformer,Nina Claro,0,0,True,disponible,2026-07-31 21:50
28866100,2026-08-13,Jeudi,18:30,19:15,DNA Victor Hugo,Lagree,Victoria Schafter,0,0,True,disponible,2026-07-31 21:50
28866140,2026-08-13,Jeudi,18:30,19:20,DNA Victor Hugo,Reformer,Leann Mroueh,0,0,True,disponible,2026-07-31 21:50
28866180,2026-08-13,Jeudi,19:00,19:50,DNA Yvon Villarceau,Lagree,Jade C,0,0,True,disponible,2026-07-31 21:50
28866220,2026-08-13,Jeudi,19:00,19:50,DNA Yvon Villarceau,Reformer,Eve Lacroix,0,0,True,disponible,2026-07-31 21:50
28866260,2026-08-13,Jeudi,19:30,20:15,DNA Victor Hugo,Lagree,Victoria Schafter,0,0,True,disponible,2026-07-31 21:50
28866300,2026-08-13,Jeudi,19:30,20:20,DNA Victor Hugo,Reformer,Leann Mroueh,0,0,True,disponible,2026-07-31 21:50
28866340,2026-08-13,Jeudi,20:00,20:50,DNA Yvon Villarceau,Lagree,Jade C,0,0,True,disponible,2026-07-31 21:50
28866380,2026-08-13,Jeudi,20:00,20:50,DNA Yvon Villarceau,Reformer,Eve Lacroix,0,0,True,disponible,2026-07-31 21:50
28866420,2026-08-13,Jeudi,20:30,21:20,DNA Victor Hugo,Lagree,Victoria Schafter,0,0,True,disponible,2026-07-31 21:50
67099,2026-08-13,Jeudi,20:30,21:20,DNA Victor Hugo,Reformer,Carla Triboul,0,0,True,disponible,2026-08-10 21:14
28866460,2026-08-13,Jeudi,21:00,21:50,DNA Yvon Villarceau,Reformer,Eve Lacroix,0,0,True,disponible,2026-07-31 21:50
54219440,2026-08-14,Vendredi,08:00,08:50,DNA Yvon Villarceau,Reformer,Cecilia Pinto (Suppléant),0,0,True,disponible,2026-08-08 10:58
54219480,2026-08-14,Vendredi,08:30,09:20,DNA Victor Hugo,Reformer,Soudi Zargham,0,0,True,disponible,2026-08-08 10:58
54219520,2026-08-14,Vendredi,09:00,09:50,DNA Yvon Villarceau,Reformer,Cecilia Pinto (Suppléant),0,0,True,disponible,2026-08-08 10:58
54219560,2026-08-14,Vendredi,09:30,10:20,DNA Victor Hugo,Reformer,Soudi Zargham,0,0,True,disponible,2026-08-08 10:58
54219600,2026-08-14,Vendredi,10:00,10:50,DNA Yvon Villarceau,Lagree,hafsa boughemza (Suppléant),0,0,True,disponible,2026-08-08 10:58
54219640,2026-08-14,Vendredi,10:00,10:50,DNA Yvon Villarceau,Reformer,Cecilia Pinto (Suppléant),0,0,True,disponible,2026-08-08 10:58
54219680,2026-08-14,Vendredi,10:30,11:15,DNA Victor Hugo,Lagree,Laura Provost (Suppléant),0,0,True,disponible,2026-08-08 10:58
54219720,2026-08-14,Vendredi,10:30,11:20,DNA Victor Hugo,Reformer,Soudi Zargham,0,0,True,disponible,2026-08-08 10:58
54219760,2026-08-14,Vendredi,11:00,11:50,DNA Yvon Villarceau,Lagree,hafsa boughemza (Suppléant),0,0,True,disponible,2026-08-08 10:58
54219800,2026-08-14,Vendredi,11:00,11:50,DNA Yvon Villarceau,Reformer,Cecilia Pinto (Suppléant),0,0,True,disponible,2026-08-08 10:58
54219840,2026-08-14,Vendredi,11:30,12:20,DNA Victor Hugo,Reformer,Olivia Lamarre Reyner (Suppléant),0,0,True,disponible,2026-08-08 10:58
54219880,2026-08-14,Vendredi,11:30,12:15,DNA Victor Hugo,Lagree,Laura Provost (Suppléant),0,0,True,disponible,2026-08-08 10:58
54219920,2026-08-14,Vendredi,12:00,12:50,DNA Yvon Villarceau,Lagree,hafsa boughemza (Suppléant),0,0,True,disponible,2026-08-08 10:58
54219960,2026-08-14,Vendredi,12:00,12:50,DNA Yvon Villarceau,Reformer,Cecilia Pinto (Suppléant),0,0,True,disponible,2026-08-08 10:58
54220000,2026-08-14,Vendredi,12:30,13:20,DNA Victor Hugo,Reformer,Olivia Lamarre Reyner (Suppléant),0,0,True,disponible,2026-08-08 10:58
54220040,2026-08-14,Vendredi,12:30,13:15,DNA Victor Hugo,Lagree,Laura Provost (Suppléant),0,0,True,disponible,2026-08-08 10:58
54220080,2026-08-14,Vendredi,13:00,13:50,DNA Yvon Villarceau,Lagree,hafsa boughemza (Suppléant),0,0,True,disponible,2026-08-08 10:58
54220120,2026-08-14,Vendredi,13:00,13:50,DNA Yvon Villarceau,Reformer,Cecilia Pinto (Suppléant),0,0,True,disponible,2026-08-08 10:58
54220160,2026-08-14,Vendredi,13:30,14:20,DNA Victor Hugo,Reformer,Olivia Lamarre Reyner (Suppléant),0,0,True,disponible,2026-08-08 10:58
54220200,2026-08-14,Vendredi,16:30,17:20,DNA Victor Hugo,Lagree,Celia Almeida,0,0,True,disponible,2026-08-08 10:58
67152,2026-08-14,Vendredi,16:30,17:20,DNA Victor Hugo,Reformer,Yasmine Khoulalene,0,0,True,disponible,2026-08-10 21:14
54220240,2026-08-14,Vendredi,17:00,17:50,DNA Yvon Villarceau,Reformer,Soudi Zargham (Suppléant),0,0,True,disponible,2026-08-08 10:58
54220280,2026-08-14,Vendredi,17:30,18:20,DNA Victor Hugo,Reformer,Olivia Lamarre Reyner (Suppléant),0,0,True,disponible,2026-08-08 10:58
54220320,2026-08-14,Vendredi,17:30,18:20,DNA Victor Hugo,Lagree,Celia Almeida,0,0,True,disponible,2026-08-08 10:58
54220360,2026-08-14,Vendredi,18:00,18:50,DNA Yvon Villarceau,Reformer,Soudi Zargham (Suppléant),0,0,True,disponible,2026-08-08 10:58
54220400,2026-08-14,Vendredi,18:00,18:50,DNA Yvon Villarceau,Lagree,Daphne Sulowski,0,0,True,inconnu,2026-08-08 10:58
54220440,2026-08-14,Vendredi,18:30,19:20,DNA Victor Hugo,Reformer,Olivia Lamarre Reyner (Suppléant),0,0,True,disponible,2026-08-08 10:58
54220480,2026-08-14,Vendredi,18:30,19:15,DNA Victor Hugo,Lagree,Celia Almeida,0,0,True,disponible,2026-08-08 10:58
54220520,2026-08-14,Vendredi,19:00,19:50,DNA Yvon Villarceau,Lagree,Daphne Sulowski,0,0,True,inconnu,2026-08-08 10:58
54220560,2026-08-14,Vendredi,19:00,19:50,DNA Yvon Villarceau,Reformer,Samantha N,0,0,True,disponible,2026-08-08 10:58
54220600,2026-08-14,Vendredi,19:30,20:20,DNA Victor Hugo,Reformer,Olivia Lamarre Reyner (Suppléant),0,0,True,disponible,2026-08-08 10:58
54220640,2026-08-14,Vendredi,19:30,20:15,DNA Victor Hugo,Lagree,Celia Almeida,0,0,True,disponible,2026-08-08 10:58
54220680,2026-08-14,Vendredi,20:00,20:50,DNA Yvon Villarceau,Lagree,Daphne Sulowski,0,0,True,inconnu,2026-08-08 10:58
54220720,2026-08-14,Vendredi,20:00,20:50,DNA Yvon Villarceau,Reformer,Samantha N,0,0,True,disponible,2026-08-08 10:58
54220760,2026-08-14,Vendredi,21:00,21:50,DNA Yvon Villarceau,Reformer,Eve Lacroix,0,0,True,inconnu,2026-08-08 10:58
46009,2026-08-15,Samedi,08:00,09:00,DNA Yvon Villarceau,Lagree,Alice Amat,0,0,True,inconnu,2026-08-15 07:59
12062,2026-08-15,Samedi,09:00,09:50,DNA Yvon Villarceau,Reformer,Cecilia Pinto (Suppléant),0,0,True,disponible,2026-08-14 20:04
34042,2026-08-15,Samedi,09:00,09:50,DNA Yvon Villarceau,Lagree,Cecilia Pinto (Suppléant),0,0,True,disponible,2026-08-15 08:55
47212,2026-08-15,Samedi,09:30,10:15,DNA Victor Hugo,Lagree,Laura Provost (Suppléant),0,0,True,disponible,2026-08-15 08:55
64411,2026-08-15,Samedi,09:30,10:20,DNA Victor Hugo,Reformer,Lucrezia Amerio (Suppléant),7,7,True,complet,2026-08-15 08:55
11013,2026-08-15,Samedi,10:00,10:50,DNA Yvon Villarceau,Reformer,Cecilia Pinto (Suppléant),0,0,True,disponible,2026-08-15 09:59
34250,2026-08-15,Samedi,10:00,10:50,DNA Yvon Villarceau,Lagree,Eve Lacroix (Suppléant),0,0,True,disponible,2026-08-14 20:04
47265,2026-08-15,Samedi,10:30,11:15,DNA Victor Hugo,Lagree,Laura Provost (Suppléant),0,0,True,disponible,2026-08-15 09:59
64464,2026-08-15,Samedi,10:30,11:20,DNA Victor Hugo,Reformer,Lucrezia Amerio (Suppléant),0,0,True,disponible,2026-08-15 09:59
11223,2026-08-15,Samedi,11:00,11:50,DNA Yvon Villarceau,Reformer,Cecilia Pinto (Suppléant),0,0,True,disponible,2026-08-15 10:43
34666,2026-08-15,Samedi,11:00,11:50,DNA Yvon Villarceau,Lagree,hafsa boughemza (Suppléant),0,0,True,disponible,2026-08-15 10:43
47318,2026-08-15,Samedi,11:30,12:15,DNA Victor Hugo,Lagree,Laura Provost (Suppléant),0,0,True,disponible,2026-08-15 11:02
64517,2026-08-15,Samedi,11:30,12:20,DNA Victor Hugo,Reformer,Lucrezia Amerio (Suppléant),0,0,True,disponible,2026-08-15 11:02
10803,2026-08-15,Samedi,12:00,12:50,DNA Yvon Villarceau,Reformer,Cecilia Pinto (Suppléant),0,0,True,disponible,2026-08-15 11:57
35080,2026-08-15,Samedi,12:00,12:50,DNA Yvon Villarceau,Lagree,hafsa boughemza (Suppléant),0,0,True,disponible,2026-08-15 11:57
64882,2026-08-15,Samedi,12:30,13:20,DNA Victor Hugo,Reformer,Lucrezia Amerio (Suppléant),0,0,True,disponible,2026-08-15 11:57
11433,2026-08-15,Samedi,13:00,13:50,DNA Yvon Villarceau,Reformer,Cecilia Pinto (Suppléant),0,0,True,disponible,2026-08-15 12:57
32097,2026-08-15,Samedi,13:00,13:50,DNA Yvon Villarceau,Lagree,Eve Lacroix (Suppléant),0,0,True,disponible,2026-08-15 08:55
64570,2026-08-15,Samedi,13:30,14:20,DNA Victor Hugo,Reformer,Lucrezia Amerio (Suppléant),0,0,True,disponible,2026-08-15 12:57
63617,2026-08-15,Samedi,14:30,15:20,DNA Victor Hugo,Reformer,Olivia Lamarre Reyner,0,0,True,disponible,2026-08-15 13:55
63670,2026-08-15,Samedi,15:30,16:20,DNA Victor Hugo,Reformer,Olivia Lamarre Reyner,0,0,True,disponible,2026-08-15 14:57
11646,2026-08-15,Samedi,16:00,16:50,DNA Yvon Villarceau,Reformer,Laura Provost (Suppléant),0,0,True,disponible,2026-08-15 11:02
30649,2026-08-15,Samedi,16:00,16:50,DNA Yvon Villarceau,Lagree,Celia Almeida,0,0,True,disponible,2026-08-15 12:57
64935,2026-08-15,Samedi,16:30,17:20,DNA Victor Hugo,Reformer,Lucrezia Amerio,0,0,True,disponible,2026-08-15 15:58
65793,2026-08-15,Samedi,16:30,17:20,DNA Victor Hugo,Lagree,hafsa boughemza (Suppléant),0,0,True,disponible,2026-08-15 11:57
11854,2026-08-15,Samedi,17:00,17:50,DNA Yvon Villarceau,Reformer,Laura Provost (Suppléant),0,0,True,disponible,2026-08-15 11:02
29872,2026-08-15,Samedi,17:00,17:50,DNA Yvon Villarceau,Lagree,Celia Almeida,0,0,True,disponible,2026-08-15 16:57
52450,2026-08-15,Samedi,17:30,18:15,DNA Victor Hugo,Lagree,hafsa boughemza (Suppléant),0,0,True,disponible,2026-08-15 16:57
64988,2026-08-15,Samedi,17:30,18:20,DNA Victor Hugo,Reformer,Lucrezia Amerio,0,0,True,disponible,2026-08-15 13:55
12270,2026-08-15,Samedi,18:00,18:50,DNA Yvon Villarceau,Reformer,Laura Provost (Suppléant),0,0,True,disponible,2026-08-15 17:55
30081,2026-08-15,Samedi,18:00,18:50,DNA Yvon Villarceau,Lagree,Celia Almeida,0,0,True,disponible,2026-08-15 17:55
52502,2026-08-15,Samedi,18:30,19:15,DNA Victor Hugo,Lagree,hafsa boughemza (Suppléant),0,0,True,disponible,2026-08-15 17:55
65041,2026-08-15,Samedi,18:30,19:20,DNA Victor Hugo,Reformer,Lucrezia Amerio,0,0,True,disponible,2026-08-15 17:55
12478,2026-08-15,Samedi,19:00,19:50,DNA Yvon Villarceau,Reformer,Laura Provost (Suppléant),0,0,True,disponible,2026-08-15 18:58
30446,2026-08-15,Samedi,19:00,19:50,DNA Yvon Villarceau,Lagree,Celia Almeida,0,0,True,disponible,2026-08-15 15:58
52554,2026-08-15,Samedi,19:30,20:15,DNA Victor Hugo,Lagree,hafsa boughemza (Suppléant),0,0,True,disponible,2026-08-15 13:55
65094,2026-08-15,Samedi,19:30,20:20,DNA Victor Hugo,Reformer,Lucrezia Amerio,0,0,True,disponible,2026-08-15 18:58
47530,2026-08-16,Dimanche,09:30,10:15,DNA Victor Hugo,Lagree,Laura Provost (Suppléant),0,0,True,disponible,2026-08-15 19:56
63723,2026-08-16,Dimanche,09:30,10:20,DNA Victor Hugo,Reformer,Cecilia Pinto,0,0,True,disponible,2026-08-16 08:57
19355,2026-08-16,Dimanche,10:00,10:50,DNA Yvon Villarceau,Reformer,Eve Lacroix,0,0,True,disponible,2026-08-16 09:43
47583,2026-08-16,Dimanche,10:30,11:15,DNA Victor Hugo,Lagree,Laura Provost (Suppléant),0,0,True,disponible,2026-08-16 10:00
63776,2026-08-16,Dimanche,10:30,11:20,DNA Victor Hugo,Reformer,Cecilia Pinto,7,7,True,complet,2026-08-16 10:00
38729,2026-08-16,Dimanche,11:00,11:50,DNA Yvon Villarceau,Lagree,Eve Lacroix (Suppléant),7,7,True,complet,2026-08-16 10:45
47636,2026-08-16,Dimanche,11:30,12:15,DNA Victor Hugo,Lagree,Laura Provost (Suppléant),0,0,True,disponible,2026-08-16 10:45
63829,2026-08-16,Dimanche,11:30,12:20,DNA Victor Hugo,Reformer,Cecilia Pinto,0,0,True,disponible,2026-08-16 10:45
19773,2026-08-16,Dimanche,12:00,12:50,DNA Yvon Villarceau,Reformer,Eve Lacroix,0,0,True,disponible,2026-08-16 11:58
63882,2026-08-16,Dimanche,12:30,13:20,DNA Victor Hugo,Reformer,Cecilia Pinto,0,0,True,disponible,2026-08-16 11:58
39145,2026-08-16,Dimanche,13:00,13:50,DNA Yvon Villarceau,Lagree,Eve Lacroix (Suppléant),0,0,True,disponible,2026-08-16 12:58
67205,2026-08-16,Dimanche,14:30,15:20,DNA Victor Hugo,Reformer,Samantha N,0,0,True,disponible,2026-08-16 13:55
16006,2026-08-16,Dimanche,15:00,15:50,DNA Yvon Villarceau,Reformer,Olivia Lamarre Reyner,0,0,True,disponible,2026-08-16 14:58
67258,2026-08-16,Dimanche,15:30,16:20,DNA Victor Hugo,Reformer,Samantha N,0,0,True,disponible,2026-08-16 14:58
24352,2026-08-16,Dimanche,16:00,16:50,DNA Yvon Villarceau,Reformer,Olivia Lamarre Reyner,0,0,True,disponible,2026-08-16 15:43
37889,2026-08-16,Dimanche,16:00,16:50,DNA Yvon Villarceau,Lagree,Eve Lacroix (Suppléant),0,0,True,disponible,2026-08-16 12:37
67311,2026-08-16,Dimanche,16:30,17:20,DNA Victor Hugo,Reformer,Samantha N,0,0,True,disponible,2026-08-16 13:32
19981,2026-08-16,Dimanche,17:00,17:50,DNA Yvon Villarceau,Reformer,Olivia Lamarre Reyner,0,0,True,disponible,2026-08-16 16:58
39353,2026-08-16,Dimanche,17:00,17:50,DNA Yvon Villarceau,Lagree,Eve Lacroix (Suppléant),0,0,True,disponible,2026-08-16 12:37
64306,2026-08-16,Dimanche,17:30,18:20,DNA Victor Hugo,Reformer,Olivia Lamarre Reyner (Suppléant),0,0,True,disponible,2026-08-16 16:58
39769,2026-08-16,Dimanche,18:00,18:50,DNA Yvon Villarceau,Lagree,Eve Lacroix (Suppléant),0,0,True,disponible,2026-08-16 17:56
52606,2026-08-16,Dimanche,18:30,19:15,DNA Victor Hugo,Lagree,hafsa boughemza (Suppléant),0,0,True,disponible,2026-08-16 17:56
64359,2026-08-16,Dimanche,18:30,19:20,DNA Victor Hugo,Reformer,Olivia Lamarre Reyner (Suppléant),0,0,True,disponible,2026-08-16 17:56
39977,2026-08-16,Dimanche,19:00,19:50,DNA Yvon Villarceau,Lagree,Eve Lacroix (Suppléant),0,0,True,disponible,2026-08-16 18:59
52658,2026-08-16,Dimanche,19:30,20:15,DNA Victor Hugo,Lagree,hafsa boughemza (Suppléant),0,0,True,disponible,2026-08-16 18:59
18521,2026-08-17,Lundi,08:00,08:50,DNA Yvon Villarceau,Reformer,Olivia Lamarre Reyner (Suppléant),0,0,True,disponible,2026-08-17 07:48
35911,2026-08-17,Lundi,08:00,08:50,DNA Yvon Villarceau,Lagree,Carla Triboul (Suppléant),0,0,True,disponible,2026-08-17 07:48
61082,2026-08-17,Lundi,08:30,09:20,DNA Victor Hugo,Reformer,Eve Lacroix (Suppléant),0,0,True,disponible,2026-08-16 20:45
25396,2026-08-17,Lundi,09:00,09:50,DNA Yvon Villarceau,Reformer,Olivia Lamarre Reyner (Suppléant),0,0,True,disponible,2026-08-16 20:45
36120,2026-08-17,Lundi,09:00,09:50,DNA Yvon Villarceau,Lagree,Carla Triboul (Suppléant),0,0,True,disponible,2026-08-16 20:45
61135,2026-08-17,Lundi,09:30,10:20,DNA Victor Hugo,Reformer,Eve Lacroix (Suppléant),0,0,True,disponible,2026-08-17 09:14
25188,2026-08-17,Lundi,10:00,10:50,DNA Yvon Villarceau,Reformer,Olivia Lamarre Reyner (Suppléant),0,0,True,disponible,2026-08-16 20:45
44970,2026-08-17,Lundi,10:00,10:50,DNA Yvon Villarceau,Lagree,Carla Triboul (Suppléant),0,0,True,disponible,2026-08-17 09:14
61188,2026-08-17,Lundi,10:30,11:20,DNA Victor Hugo,Reformer,Eve Lacroix (Suppléant),0,0,True,disponible,2026-08-17 10:01
24980,2026-08-17,Lundi,11:00,11:50,DNA Yvon Villarceau,Reformer,Olivia Lamarre Reyner (Suppléant),0,0,True,disponible,2026-08-17 10:59
34459,2026-08-17,Lundi,11:00,11:50,DNA Yvon Villarceau,Lagree,Carla Triboul (Suppléant),0,0,True,disponible,2026-08-17 09:14
61241,2026-08-17,Lundi,11:30,12:20,DNA Victor Hugo,Reformer,Laura Provost (Suppléant),0,0,True,disponible,2026-08-16 20:45
18729,2026-08-17,Lundi,12:00,12:50,DNA Yvon Villarceau,Reformer,Eve Lacroix (Suppléant),0,0,True,disponible,2026-08-17 11:55
51752,2026-08-17,Lundi,12:00,12:50,DNA Yvon Villarceau,Lagree,hafsa boughemza (Suppléant),0,0,True,disponible,2026-08-17 11:55
61294,2026-08-17,Lundi,12:30,13:20,DNA Victor Hugo,Reformer,Laura Provost (Suppléant),0,0,True,disponible,2026-08-17 11:55
18937,2026-08-17,Lundi,13:00,13:50,DNA Yvon Villarceau,Reformer,Eve Lacroix (Suppléant),0,0,True,disponible,2026-08-17 10:01
35707,2026-08-17,Lundi,13:00,13:50,DNA Yvon Villarceau,Lagree,hafsa boughemza (Suppléant),0,0,True,disponible,2026-08-17 10:01
61347,2026-08-17,Lundi,13:30,14:20,DNA Victor Hugo,Reformer,Laura Provost (Suppléant),0,0,True,disponible,2026-08-17 12:47
37097,2026-08-17,Lundi,14:00,14:50,DNA Yvon Villarceau,Lagree,Catrin Karlson English class,0,0,True,disponible,2026-08-11 09:53
56264,2026-08-17,Lundi,14:00,14:50,DNA Yvon Villarceau,Reformer,Eve Lacroix (Suppléant),0,0,True,disponible,2026-08-16 20:45
33711,2026-08-17,Lundi,15:00,15:50,DNA Yvon Villarceau,Lagree,Ela Anastasia,0,0,True,disponible,2026-08-11 09:53
31939,2026-08-17,Lundi,16:00,16:50,DNA Yvon Villarceau,Lagree,Ela Anastasia,0,0,True,disponible,2026-08-11 09:53
46426,2026-08-17,Lundi,16:00,16:50,DNA Yvon Villarceau,Reformer,Lucrezia Amerio (Suppléant),0,0,True,disponible,2026-08-17 15:51
27060,2026-08-17,Lundi,17:00,17:50,DNA Yvon Villarceau,Reformer,Lucrezia Amerio (Suppléant),0,0,True,disponible,2026-08-17 16:42
45178,2026-08-17,Lundi,17:00,17:50,DNA Yvon Villarceau,Lagree,Carla Triboul (Suppléant),0,0,True,disponible,2026-08-17 16:42
47955,2026-08-17,Lundi,17:30,18:15,DNA Victor Hugo,Lagree,hafsa boughemza (Suppléant),0,0,True,disponible,2026-08-17 15:51
61768,2026-08-17,Lundi,17:30,18:20,DNA Victor Hugo,Reformer,Laura Provost (Suppléant),0,0,True,disponible,2026-08-17 15:03
26852,2026-08-17,Lundi,18:00,18:50,DNA Yvon Villarceau,Reformer,Lucrezia Amerio (Suppléant),0,0,True,disponible,2026-08-17 13:58
45386,2026-08-17,Lundi,18:00,18:50,DNA Yvon Villarceau,Lagree,Carla Triboul (Suppléant),0,0,True,disponible,2026-08-17 17:57
48007,2026-08-17,Lundi,18:30,19:15,DNA Victor Hugo,Lagree,hafsa boughemza (Suppléant),0,0,True,disponible,2026-08-17 17:57
61821,2026-08-17,Lundi,18:30,19:20,DNA Victor Hugo,Reformer,Laura Provost (Suppléant),0,0,True,disponible,2026-08-17 17:57
24772,2026-08-17,Lundi,19:00,19:50,DNA Yvon Villarceau,Reformer,Eve Lacroix (Suppléant),0,0,True,disponible,2026-08-17 18:43
45802,2026-08-17,Lundi,19:00,19:50,DNA Yvon Villarceau,Lagree,Carla Triboul (Suppléant),0,0,True,disponible,2026-08-17 18:43
48059,2026-08-17,Lundi,19:30,20:15,DNA Victor Hugo,Lagree,hafsa boughemza (Suppléant),0,0,True,disponible,2026-08-17 19:05
61927,2026-08-17,Lundi,19:30,20:20,DNA Victor Hugo,Reformer,Olivia Lamarre Reyner (Suppléant),0,0,True,disponible,2026-08-17 19:05
24564,2026-08-17,Lundi,20:00,20:50,DNA Yvon Villarceau,Reformer,Eve Lacroix (Suppléant),0,0,True,disponible,2026-08-17 19:42
45594,2026-08-17,Lundi,20:00,20:50,DNA Yvon Villarceau,Lagree,Carla Triboul (Suppléant),0,0,True,disponible,2026-08-17 17:57
48111,2026-08-17,Lundi,20:30,21:15,DNA Victor Hugo,Lagree,hafsa boughemza (Suppléant),0,0,True,disponible,2026-08-17 13:58
59579,2026-08-17,Lundi,21:00,21:50,DNA Yvon Villarceau,Reformer,Eve Lacroix (Suppléant),0,0,True,disponible,2026-08-17 13:58
28100,2026-08-18,Mardi,08:00,08:50,DNA Yvon Villarceau,Lagree,hafsa boughemza (Suppléant),0,0,True,disponible,2026-08-17 19:42
50387,2026-08-18,Mardi,08:00,08:50,DNA Yvon Villarceau,Reformer,Carla Triboul (Suppléant),0,0,True,disponible,2026-08-17 19:42
62434,2026-08-18,Mardi,08:30,09:20,DNA Victor Hugo,Reformer,Eve Lacroix,0,0,True,disponible,2026-08-18 08:01
28308,2026-08-18,Mardi,09:00,09:50,DNA Yvon Villarceau,Lagree,hafsa boughemza (Suppléant),0,0,True,disponible,2026-08-17 19:42
50584,2026-08-18,Mardi,09:00,09:50,DNA Yvon Villarceau,Reformer,Carla Triboul (Suppléant),0,0,True,disponible,2026-08-17 19:42
62487,2026-08-18,Mardi,09:30,10:20,DNA Victor Hugo,Reformer,Eve Lacroix,0,0,True,disponible,2026-08-17 19:42
28516,2026-08-18,Mardi,10:00,10:50,DNA Yvon Villarceau,Lagree,hafsa boughemza (Suppléant),0,0,True,disponible,2026-08-18 09:52
50781,2026-08-18,Mardi,10:00,10:50,DNA Yvon Villarceau,Reformer,Carla Triboul (Suppléant),0,0,True,disponible,2026-08-17 19:42
48268,2026-08-18,Mardi,10:30,11:15,DNA Victor Hugo,Lagree,Leann Mroueh,0,0,True,disponible,2026-08-11 09:53
62540,2026-08-18,Mardi,10:30,11:20,DNA Victor Hugo,Reformer,Eve Lacroix,0,0,True,disponible,2026-08-17 19:42
26228,2026-08-18,Mardi,11:00,11:50,DNA Yvon Villarceau,Reformer,Soudi Zargham,0,0,True,disponible,2026-08-17 19:42
28724,2026-08-18,Mardi,11:00,11:50,DNA Yvon Villarceau,Lagree,Carla B,0,0,True,disponible,2026-08-11 09:53
48321,2026-08-18,Mardi,11:30,12:15,DNA Victor Hugo,Lagree,Laura Provost (Suppléant),0,0,True,disponible,2026-08-18 10:51
62593,2026-08-18,Mardi,11:30,12:20,DNA Victor Hugo,Reformer,Eve Lacroix,0,0,True,disponible,2026-08-18 10:51
26020,2026-08-18,Mardi,12:00,12:50,DNA Yvon Villarceau,Reformer,Soudi Zargham,0,0,True,disponible,2026-08-18 11:46
44138,2026-08-18,Mardi,12:00,12:50,DNA Yvon Villarceau,Lagree,Carla B,0,0,True,disponible,2026-08-11 09:53
48374,2026-08-18,Mardi,12:30,13:15,DNA Victor Hugo,Lagree,Laura Provost (Suppléant),0,0,True,disponible,2026-08-18 08:01
62646,2026-08-18,Mardi,12:30,13:20,DNA Victor Hugo,Reformer,Eve Lacroix,0,0,True,disponible,2026-08-18 11:46
25812,2026-08-18,Mardi,13:00,13:50,DNA Yvon Villarceau,Reformer,Soudi Zargham,0,0,True,disponible,2026-08-18 12:44
44346,2026-08-18,Mardi,13:00,13:50,DNA Yvon Villarceau,Lagree,Carla B,0,0,True,disponible,2026-08-11 09:53
48427,2026-08-18,Mardi,13:30,14:15,DNA Victor Hugo,Lagree,Leann Mroueh,0,0,True,disponible,2026-08-11 09:53
62699,2026-08-18,Mardi,13:30,14:20,DNA Victor Hugo,Reformer,Eve Lacroix,0,0,True,disponible,2026-08-17 19:42
36940,2026-08-18,Mardi,14:00,14:50,DNA Yvon Villarceau,Lagree,Carla B,0,0,True,disponible,2026-08-11 09:53
65817,2026-08-18,Mardi,14:30,15:20,DNA Victor Hugo,Reformer,Olivia Lamarre Reyner,0,0,True,disponible,2026-08-18 13:59
65870,2026-08-18,Mardi,15:30,16:20,DNA Victor Hugo,Reformer,Olivia Lamarre Reyner,0,0,True,disponible,2026-08-18 15:05
57053,2026-08-18,Mardi,16:00,16:50,DNA Yvon Villarceau,Reformer,Charlie DMC,0,0,True,disponible,2026-08-11 09:53
65923,2026-08-18,Mardi,16:30,17:20,DNA Victor Hugo,Reformer,Olivia Lamarre Reyner,0,0,True,disponible,2026-08-18 15:54
12687,2026-08-18,Mardi,17:00,17:50,DNA Yvon Villarceau,Reformer,Carla Triboul (Suppléant),0,0,True,disponible,2026-08-18 16:50
52148,2026-08-18,Mardi,17:00,17:50,DNA Yvon Villarceau,Lagree,Carla B,0,0,True,disponible,2026-08-11 09:53
54877,2026-08-18,Mardi,17:30,18:15,DNA Victor Hugo,Lagree,Leann Mroueh,0,0,True,disponible,2026-08-11 09:53
12895,2026-08-18,Mardi,18:00,18:50,DNA Yvon Villarceau,Reformer,Carla Triboul (Suppléant),0,0,True,disponible,2026-08-18 17:44
35499,2026-08-18,Mardi,18:00,18:50,DNA Yvon Villarceau,Lagree,Carla B,0,0,True,disponible,2026-08-11 09:53
55029,2026-08-18,Mardi,18:30,19:15,DNA Victor Hugo,Lagree,Laura Provost (Suppléant),0,0,True,disponible,2026-08-18 18:03
63935,2026-08-18,Mardi,18:30,19:20,DNA Victor Hugo,Reformer,Cecilia Pinto,0,0,True,disponible,2026-08-18 18:03
13103,2026-08-18,Mardi,19:00,19:50,DNA Yvon Villarceau,Reformer,Eve Lacroix,0,0,True,disponible,2026-08-18 18:46
44554,2026-08-18,Mardi,19:00,19:50,DNA Yvon Villarceau,Lagree,Carla Triboul (Suppléant),0,0,True,disponible,2026-08-18 18:46
55181,2026-08-18,Mardi,19:30,20:15,DNA Victor Hugo,Lagree,Laura Provost (Suppléant),0,0,True,disponible,2026-08-18 18:46
63988,2026-08-18,Mardi,19:30,20:20,DNA Victor Hugo,Reformer,Cecilia Pinto,0,0,True,disponible,2026-08-18 18:46
25604,2026-08-18,Mardi,20:00,20:50,DNA Yvon Villarceau,Reformer,Eve Lacroix,0,0,True,disponible,2026-08-18 19:40
44762,2026-08-18,Mardi,20:00,20:50,DNA Yvon Villarceau,Lagree,Carla Triboul (Suppléant),0,0,True,disponible,2026-08-18 19:40
55333,2026-08-18,Mardi,20:30,21:15,DNA Victor Hugo,Lagree,Laura Provost (Suppléant),0,0,True,disponible,2026-08-18 08:01
64041,2026-08-18,Mardi,20:30,21:20,DNA Victor Hugo,Reformer,Cecilia Pinto,7,7,True,complet,2026-08-18 20:00
59408,2026-08-18,Mardi,21:00,21:50,DNA Yvon Villarceau,Reformer,Eve Lacroix,0,0,True,disponible,2026-08-18 16:50
65740,2026-08-18,Mardi,21:00,21:50,DNA Yvon Villarceau,Lagree,Carla Triboul (Suppléant),0,0,True,disponible,2026-08-18 20:54
31045,2026-08-19,Mercredi,07:00,07:50,DNA Yvon Villarceau,Lagree,Kim Sarfati,0,0,True,inconnu,2026-08-19 06:49
18105,2026-08-19,Mercredi,08:00,08:50,DNA Yvon Villarceau,Reformer,Eve Lacroix (Suppléant),0,0,True,disponible,2026-08-19 07:44
31543,2026-08-19,Mercredi,08:00,08:50,DNA Yvon Villarceau,Lagree,Ela Anastasia,0,0,True,disponible,2026-08-11 09:53
59982,2026-08-19,Mercredi,08:30,09:20,DNA Victor Hugo,Reformer,Carla Triboul (Suppléant),0,0,True,disponible,2026-08-19 08:04
18313,2026-08-19,Mercredi,09:00,09:50,DNA Yvon Villarceau,Reformer,Eve Lacroix (Suppléant),0,0,True,disponible,2026-08-18 20:00
31752,2026-08-19,Mercredi,09:00,09:50,DNA Yvon Villarceau,Lagree,Celia Almeida (Suppléant),0,0,True,disponible,2026-08-19 08:04
60034,2026-08-19,Mercredi,09:30,10:20,DNA Victor Hugo,Reformer,Carla Triboul (Suppléant),0,0,True,disponible,2026-08-19 09:03
27892,2026-08-19,Mercredi,10:00,10:50,DNA Yvon Villarceau,Reformer,Rebecca Raccah,0,0,True,disponible,2026-08-19 09:52
42474,2026-08-19,Mercredi,10:00,10:50,DNA Yvon Villarceau,Lagree,Celia Almeida (Suppléant),0,0,True,disponible,2026-08-19 08:04
60086,2026-08-19,Mercredi,10:30,11:20,DNA Victor Hugo,Reformer,Carla Triboul (Suppléant),0,0,True,disponible,2026-08-19 09:52
27684,2026-08-19,Mercredi,11:00,11:50,DNA Yvon Villarceau,Reformer,Olivia Lamarre Reyner (Suppléant),0,0,True,disponible,2026-08-19 10:52
43098,2026-08-19,Mercredi,11:00,11:50,DNA Yvon Villarceau,Lagree,Celia Almeida (Suppléant),0,0,True,disponible,2026-08-18 20:00
52346,2026-08-19,Mercredi,11:30,12:15,DNA Victor Hugo,Lagree,Carla Triboul (Suppléant),0,0,True,disponible,2026-08-18 20:00
63564,2026-08-19,Mercredi,11:30,12:20,DNA Victor Hugo,Reformer,Laura Provost (Suppléant),0,0,True,disponible,2026-08-19 10:52
27476,2026-08-19,Mercredi,12:00,12:50,DNA Yvon Villarceau,Reformer,Olivia Lamarre Reyner (Suppléant),0,0,True,disponible,2026-08-19 11:47
43306,2026-08-19,Mercredi,12:00,12:50,DNA Yvon Villarceau,Lagree,Ela Anastasia,0,0,True,disponible,2026-08-11 09:53
59912,2026-08-19,Mercredi,12:30,13:15,DNA Victor Hugo,Lagree,Carla Triboul (Suppléant),0,0,True,disponible,2026-08-19 11:47
60138,2026-08-19,Mercredi,12:30,13:20,DNA Victor Hugo,Reformer,Laura Provost (Suppléant),0,0,True,disponible,2026-08-19 11:47
27268,2026-08-19,Mercredi,13:00,13:50,DNA Yvon Villarceau,Reformer,Olivia Lamarre Reyner (Suppléant),0,0,True,disponible,2026-08-19 12:44
43514,2026-08-19,Mercredi,13:00,13:50,DNA Yvon Villarceau,Lagree,Carla B,0,0,True,disponible,2026-08-19 12:44
59947,2026-08-19,Mercredi,13:30,14:15,DNA Victor Hugo,Lagree,Carla Triboul (Suppléant),0,0,True,disponible,2026-08-18 20:00
16635,2026-08-19,Mercredi,14:00,14:50,DNA Yvon Villarceau,Reformer,Leann Mroueh,0,0,True,disponible,2026-08-11 09:53
33085,2026-08-19,Mercredi,14:00,14:50,DNA Yvon Villarceau,Lagree,Carla B,0,0,True,disponible,2026-08-11 09:53
49063,2026-08-19,Mercredi,14:30,15:15,DNA Victor Hugo,Lagree,isis Magnin (Suppléant),0,0,True,disponible,2026-08-11 09:53
16844,2026-08-19,Mercredi,15:00,15:50,DNA Yvon Villarceau,Reformer,Leann Mroueh,0,0,True,disponible,2026-08-11 09:53
33398,2026-08-19,Mercredi,15:00,15:50,DNA Yvon Villarceau,Lagree,Carla B,0,0,True,disponible,2026-08-11 09:53
17053,2026-08-19,Mercredi,16:00,16:50,DNA Yvon Villarceau,Reformer,Leann Mroueh,0,0,True,disponible,2026-08-11 09:53
15603,2026-08-19,Mercredi,17:00,17:50,DNA Yvon Villarceau,Reformer,Leann Mroueh,0,0,True,disponible,2026-08-11 09:53
53546,2026-08-19,Mercredi,17:00,17:50,DNA Yvon Villarceau,Lagree,Eve Lacroix (Suppléant),0,0,True,disponible,2026-08-19 16:51
49169,2026-08-19,Mercredi,17:30,18:15,DNA Victor Hugo,Lagree,hafsa boughemza (Suppléant),0,0,True,disponible,2026-08-19 16:51
64094,2026-08-19,Mercredi,17:30,18:20,DNA Victor Hugo,Reformer,Cecilia Pinto (Suppléant),0,0,True,disponible,2026-08-19 16:51
51197,2026-08-19,Mercredi,18:00,18:50,DNA Yvon Villarceau,Reformer,Carla Triboul (Suppléant),0,0,True,disponible,2026-08-19 17:44
53743,2026-08-19,Mercredi,18:00,18:50,DNA Yvon Villarceau,Lagree,Eve Lacroix (Suppléant),0,0,True,disponible,2026-08-19 17:44
49222,2026-08-19,Mercredi,18:30,19:20,DNA Victor Hugo,Lagree,hafsa boughemza (Suppléant),0,0,True,disponible,2026-08-19 18:03
64147,2026-08-19,Mercredi,18:30,19:20,DNA Victor Hugo,Reformer,Cecilia Pinto (Suppléant),0,0,True,disponible,2026-08-19 18:03
13311,2026-08-19,Mercredi,19:00,19:50,DNA Yvon Villarceau,Reformer,Carla Triboul (Suppléant),0,0,True,disponible,2026-08-19 18:44
32690,2026-08-19,Mercredi,19:00,19:50,DNA Yvon Villarceau,Lagree,Eve Lacroix (Suppléant),0,0,True,disponible,2026-08-19 18:44
49275,2026-08-19,Mercredi,19:30,20:15,DNA Victor Hugo,Lagree,hafsa boughemza (Suppléant),0,0,True,disponible,2026-08-19 19:05
66228,2026-08-19,Mercredi,19:30,20:20,DNA Victor Hugo,Reformer,Cecilia Pinto (Suppléant),0,0,True,disponible,2026-08-19 19:05
32898,2026-08-19,Mercredi,20:00,20:50,DNA Yvon Villarceau,Lagree,Laura Provost (Suppléant),0,0,True,disponible,2026-08-18 12:44
50979,2026-08-19,Mercredi,20:00,20:50,DNA Yvon Villarceau,Reformer,Eve Lacroix,0,0,True,disponible,2026-08-19 19:57
64253,2026-08-19,Mercredi,20:30,21:20,DNA Victor Hugo,Reformer,Chloe Graeffly,0,0,True,disponible,2026-08-11 09:53
65510,2026-08-19,Mercredi,20:30,21:20,DNA Victor Hugo,Lagree,Catrin Karlson English class,0,0,True,disponible,2026-08-11 09:53
57324,2026-08-19,Mercredi,21:00,21:50,DNA Yvon Villarceau,Reformer,Eve Lacroix,0,0,True,disponible,2026-08-19 20:51
14563,2026-08-20,Jeudi,08:00,08:50,DNA Yvon Villarceau,Reformer,Nina Claro,0,0,True,disponible,2026-08-11 09:53
36333,2026-08-20,Jeudi,08:00,08:50,DNA Yvon Villarceau,Lagree,Melody Naggar,0,0,True,disponible,2026-08-11 09:53
49381,2026-08-20,Jeudi,08:30,09:15,DNA Victor Hugo,Lagree,hafsa boughemza (Suppléant),0,0,True,disponible,2026-08-19 19:57
60190,2026-08-20,Jeudi,08:30,09:20,DNA Victor Hugo,Reformer,Carla Triboul (Suppléant),0,0,True,disponible,2026-08-19 19:57
14771,2026-08-20,Jeudi,09:00,09:50,DNA Yvon Villarceau,Reformer,Laura Provost (Suppléant),0,0,True,disponible,2026-08-19 16:51
36541,2026-08-20,Jeudi,09:00,09:50,DNA Yvon Villarceau,Lagree,Melody Naggar,0,0,True,disponible,2026-08-11 09:53
49434,2026-08-20,Jeudi,09:30,10:15,DNA Victor Hugo,Lagree,hafsa boughemza (Suppléant),0,0,True,disponible,2026-08-19 19:57
60242,2026-08-20,Jeudi,09:30,10:20,DNA Victor Hugo,Reformer,Carla Triboul (Suppléant),0,0,True,disponible,2026-08-19 19:57
22067,2026-08-20,Jeudi,10:00,10:50,DNA Yvon Villarceau,Reformer,Liz Torres,0,0,True,disponible,2026-08-18 17:44
36749,2026-08-20,Jeudi,10:00,10:50,DNA Yvon Villarceau,Lagree,Melody Naggar,0,0,True,disponible,2026-08-11 09:53
49487,2026-08-20,Jeudi,10:30,11:15,DNA Victor Hugo,Lagree,Eve Lacroix (Suppléant),0,0,True,disponible,2026-08-19 19:57
60294,2026-08-20,Jeudi,10:30,11:20,DNA Victor Hugo,Reformer,Carla Triboul (Suppléant),0,0,True,disponible,2026-08-20 09:54
22691,2026-08-20,Jeudi,11:00,11:50,DNA Yvon Villarceau,Reformer,Liz Torres,0,0,True,disponible,2026-08-18 17:44
41018,2026-08-20,Jeudi,11:00,11:50,DNA Yvon Villarceau,Lagree,Laura Provost (Suppléant),0,0,True,disponible,2026-08-20 10:54
62752,2026-08-20,Jeudi,11:30,12:15,DNA Victor Hugo,Lagree,Eve Lacroix (Suppléant),0,0,True,disponible,2026-08-20 10:54
63406,2026-08-20,Jeudi,11:30,12:20,DNA Victor Hugo,Reformer,Lucrezia Amerio (Suppléant),0,0,True,disponible,2026-08-20 10:54
22899,2026-08-20,Jeudi,12:00,12:50,DNA Yvon Villarceau,Reformer,Soudi Zargham,0,0,True,disponible,2026-08-19 19:57
41642,2026-08-20,Jeudi,12:00,12:50,DNA Yvon Villarceau,Lagree,Laura Provost (Suppléant),0,0,True,disponible,2026-08-20 09:04
49593,2026-08-20,Jeudi,12:30,13:15,DNA Victor Hugo,Lagree,Sarah Elfassy,0,0,True,disponible,2026-08-20 11:48
63459,2026-08-20,Jeudi,12:30,13:20,DNA Victor Hugo,Reformer,Lucrezia Amerio (Suppléant),0,0,True,disponible,2026-08-20 11:48
23107,2026-08-20,Jeudi,13:00,13:50,DNA Yvon Villarceau,Reformer,Soudi Zargham,0,0,True,disponible,2026-08-20 12:45
42058,2026-08-20,Jeudi,13:00,13:50,DNA Yvon Villarceau,Lagree,Laura Provost (Suppléant),0,0,True,disponible,2026-08-15 11:57
49646,2026-08-20,Jeudi,13:30,14:15,DNA Victor Hugo,Lagree,Sarah Elfassy,0,0,True,disponible,2026-08-20 13:07
63512,2026-08-20,Jeudi,13:30,14:20,DNA Victor Hugo,Reformer,Lucrezia Amerio (Suppléant),0,0,True,disponible,2026-08-19 19:57
10166,2026-08-20,Jeudi,14:00,14:50,DNA Yvon Villarceau,Reformer,Soudi Zargham,0,0,True,disponible,2026-08-20 08:03
65976,2026-08-20,Jeudi,14:30,15:20,DNA Victor Hugo,Reformer,Olivia Lamarre Reyner,0,0,True,disponible,2026-08-11 09:53
37679,2026-08-20,Jeudi,15:00,15:50,DNA Yvon Villarceau,Lagree,Sarah Elfassy,0,0,True,disponible,2026-08-20 14:00
59165,2026-08-20,Jeudi,15:00,15:50,DNA Yvon Villarceau,Reformer,Nina Claro,0,0,True,disponible,2026-08-11 09:53
66028,2026-08-20,Jeudi,15:30,16:20,DNA Victor Hugo,Reformer,Olivia Lamarre Reyner,0,0,True,disponible,2026-08-11 09:53
59217,2026-08-20,Jeudi,16:00,16:50,DNA Yvon Villarceau,Reformer,Nina Claro,0,0,True,disponible,2026-08-11 09:53
65457,2026-08-20,Jeudi,16:00,16:50,DNA Yvon Villarceau,Lagree,Sarah Elfassy,0,0,True,disponible,2026-08-09 12:15
66080,2026-08-20,Jeudi,16:30,17:20,DNA Victor Hugo,Reformer,Olivia Lamarre Reyner,0,0,True,disponible,2026-08-11 09:53
23315,2026-08-20,Jeudi,17:00,17:50,DNA Yvon Villarceau,Reformer,Nina Claro,0,0,True,disponible,2026-08-11 09:53
42266,2026-08-20,Jeudi,17:00,17:50,DNA Yvon Villarceau,Lagree,Eve Lacroix (Suppléant),0,0,True,disponible,2026-08-20 15:09
49699,2026-08-20,Jeudi,17:30,18:15,DNA Victor Hugo,Lagree,Carla Triboul,0,0,True,disponible,2026-08-20 15:09
61612,2026-08-20,Jeudi,17:30,18:20,DNA Victor Hugo,Reformer,Samantha N (Suppléant),0,0,True,disponible,2026-08-20 15:57
23523,2026-08-20,Jeudi,18:00,18:50,DNA Yvon Villarceau,Reformer,Nina Claro,0,0,True,disponible,2026-08-11 09:53
42682,2026-08-20,Jeudi,18:00,18:50,DNA Yvon Villarceau,Lagree,Eve Lacroix (Suppléant),0,0,True,disponible,2026-08-20 17:47
49752,2026-08-20,Jeudi,18:30,19:15,DNA Victor Hugo,Lagree,Carla Triboul,0,0,True,disponible,2026-08-20 17:47
61664,2026-08-20,Jeudi,18:30,19:20,DNA Victor Hugo,Reformer,Samantha N (Suppléant),0,0,True,disponible,2026-08-20 17:47
14979,2026-08-20,Jeudi,19:00,19:50,DNA Yvon Villarceau,Reformer,Eve Lacroix,0,0,True,disponible,2026-08-20 18:49
43722,2026-08-20,Jeudi,19:00,19:50,DNA Yvon Villarceau,Lagree,Calista Ruat,0,0,True,disponible,2026-08-11 09:53
49805,2026-08-20,Jeudi,19:30,20:15,DNA Victor Hugo,Lagree,Carla Triboul,0,0,True,disponible,2026-08-20 18:49
61716,2026-08-20,Jeudi,19:30,20:20,DNA Victor Hugo,Reformer,Samantha N (Suppléant),0,0,True,disponible,2026-08-20 18:49
15187,2026-08-20,Jeudi,20:00,20:50,DNA Yvon Villarceau,Reformer,Eve Lacroix,0,0,True,disponible,2026-08-20 19:43
43930,2026-08-20,Jeudi,20:00,20:50,DNA Yvon Villarceau,Lagree,Calista Ruat,0,0,True,disponible,2026-08-11 09:53
49858,2026-08-20,Jeudi,20:30,21:20,DNA Victor Hugo,Lagree,Carla Triboul,0,0,True,disponible,2026-08-20 20:03
67100,2026-08-20,Jeudi,20:30,21:20,DNA Victor Hugo,Reformer,Carla Triboul,0,0,True,disponible,2026-08-11 09:53
15384,2026-08-20,Jeudi,21:00,21:50,DNA Yvon Villarceau,Reformer,Eve Lacroix,0,0,True,disponible,2026-08-20 20:03
17272,2026-08-21,Vendredi,08:00,08:50,DNA Yvon Villarceau,Reformer,Eve Lacroix,0,0,True,disponible,2026-08-20 20:03
39562,2026-08-21,Vendredi,08:00,08:50,DNA Yvon Villarceau,Lagree,Nina Claro,0,0,True,disponible,2026-08-11 17:38
46736,2026-08-21,Vendredi,08:30,09:15,DNA Victor Hugo,Lagree,hafsa boughemza (Suppléant),0,0,True,disponible,2026-08-20 20:03
61507,2026-08-21,Vendredi,08:30,09:20,DNA Victor Hugo,Reformer,Soudi Zargham,0,0,True,disponible,2026-08-20 20:03
17481,2026-08-21,Vendredi,09:00,09:50,DNA Yvon Villarceau,Reformer,Eve Lacroix,0,0,True,disponible,2026-08-20 20:03
40186,2026-08-21,Vendredi,09:00,09:50,DNA Yvon Villarceau,Lagree,Catrin Karlson English class (Suppléant),0,0,True,disponible,2026-08-20 20:03
46789,2026-08-21,Vendredi,09:30,10:15,DNA Victor Hugo,Lagree,hafsa boughemza (Suppléant),0,0,True,disponible,2026-08-20 20:03
61560,2026-08-21,Vendredi,09:30,10:20,DNA Victor Hugo,Reformer,Soudi Zargham,0,0,True,disponible,2026-08-20 20:03
17690,2026-08-21,Vendredi,10:00,10:50,DNA Yvon Villarceau,Reformer,Eve Lacroix,0,0,True,disponible,2026-08-21 09:55
40394,2026-08-21,Vendredi,10:00,10:50,DNA Yvon Villarceau,Lagree,Nina Claro,0,0,True,disponible,2026-08-21 09:55
46842,2026-08-21,Vendredi,10:30,11:15,DNA Victor Hugo,Lagree,hafsa boughemza (Suppléant),0,0,True,disponible,2026-08-21 09:55
60502,2026-08-21,Vendredi,10:30,11:20,DNA Victor Hugo,Reformer,Soudi Zargham,0,0,True,disponible,2026-08-21 09:55
21236,2026-08-21,Vendredi,11:00,11:50,DNA Yvon Villarceau,Reformer,Eve Lacroix,0,0,True,disponible,2026-08-21 10:56
37259,2026-08-21,Vendredi,11:00,11:50,DNA Yvon Villarceau,Lagree,Catrin Karlson English class (Suppléant),0,0,True,disponible,2026-08-20 20:03
46895,2026-08-21,Vendredi,11:30,12:15,DNA Victor Hugo,Lagree,Carla Triboul,0,0,True,disponible,2026-08-21 10:56
63144,2026-08-21,Vendredi,11:30,12:20,DNA Victor Hugo,Reformer,Chloe Graeffly (Suppléant),0,0,True,disponible,2026-08-21 10:56
21443,2026-08-21,Vendredi,12:00,12:50,DNA Yvon Villarceau,Reformer,Eve Lacroix,0,0,True,disponible,2026-08-21 11:50
40602,2026-08-21,Vendredi,12:00,12:50,DNA Yvon Villarceau,Lagree,Catrin Karlson English class (Suppléant),0,0,True,disponible,2026-08-21 11:50
46948,2026-08-21,Vendredi,12:30,13:15,DNA Victor Hugo,Lagree,Carla Triboul,0,0,True,disponible,2026-08-21 11:50
63196,2026-08-21,Vendredi,12:30,13:20,DNA Victor Hugo,Reformer,Chloe Graeffly (Suppléant),0,0,True,disponible,2026-08-21 11:50
21651,2026-08-21,Vendredi,13:00,13:50,DNA Yvon Villarceau,Reformer,Eve Lacroix,0,0,True,disponible,2026-08-21 12:45
40810,2026-08-21,Vendredi,13:00,13:50,DNA Yvon Villarceau,Lagree,Nina Claro,0,0,True,disponible,2026-08-11 17:38
60608,2026-08-21,Vendredi,13:30,14:20,DNA Victor Hugo,Reformer,Chloe Graeffly (Suppléant),0,0,True,disponible,2026-08-21 11:50
66937,2026-08-21,Vendredi,13:30,14:20,DNA Victor Hugo,Lagree,Carla Triboul,0,0,True,disponible,2026-08-21 11:50
66990,2026-08-21,Vendredi,14:30,15:20,DNA Victor Hugo,Lagree,Carla Triboul,0,0,True,disponible,2026-08-09 18:54
31213,2026-08-21,Vendredi,15:00,15:50,DNA Yvon Villarceau,Lagree,Leann Mroueh,0,0,True,disponible,2026-08-11 11:12
31370,2026-08-21,Vendredi,16:00,16:50,DNA Yvon Villarceau,Lagree,Leann Mroueh,0,0,True,disponible,2026-08-11 11:12
66132,2026-08-21,Vendredi,16:30,17:20,DNA Victor Hugo,Lagree,Celia Almeida,0,0,True,disponible,2026-08-21 14:00
67153,2026-08-21,Vendredi,16:30,17:20,DNA Victor Hugo,Reformer,Yasmine Khoulalene,0,0,True,disponible,2026-08-11 09:53
21859,2026-08-21,Vendredi,17:00,17:50,DNA Yvon Villarceau,Reformer,Chloe Graeffly,0,0,True,disponible,2026-08-21 16:52
41226,2026-08-21,Vendredi,17:00,17:50,DNA Yvon Villarceau,Lagree,Leann Mroueh,0,0,True,disponible,2026-08-11 11:12
60873,2026-08-21,Vendredi,17:30,18:20,DNA Victor Hugo,Reformer,Lucrezia Amerio (Suppléant),0,0,True,disponible,2026-08-21 16:52
66185,2026-08-21,Vendredi,17:30,18:20,DNA Victor Hugo,Lagree,Celia Almeida,0,0,True,disponible,2026-08-21 16:52
22275,2026-08-21,Vendredi,18:00,18:50,DNA Yvon Villarceau,Reformer,Chloe Graeffly,0,0,True,disponible,2026-08-21 17:46
65146,2026-08-21,Vendredi,18:00,18:50,DNA Yvon Villarceau,Lagree,Daphne Sulowski,0,0,True,inconnu,2026-08-21 17:46
47107,2026-08-21,Vendredi,18:30,19:15,DNA Victor Hugo,Lagree,Celia Almeida,0,0,True,disponible,2026-08-21 17:46
60714,2026-08-21,Vendredi,18:30,19:20,DNA Victor Hugo,Reformer,Lucrezia Amerio (Suppléant),0,0,True,disponible,2026-08-21 17:46
22483,2026-08-21,Vendredi,19:00,19:50,DNA Yvon Villarceau,Reformer,Samantha N,0,0,True,disponible,2026-08-21 18:49
65303,2026-08-21,Vendredi,19:00,19:50,DNA Yvon Villarceau,Lagree,Daphne Sulowski,0,0,True,inconnu,2026-08-21 18:49
47160,2026-08-21,Vendredi,19:30,20:15,DNA Victor Hugo,Lagree,Celia Almeida,0,0,True,disponible,2026-08-21 18:49
63352,2026-08-21,Vendredi,19:30,20:20,DNA Victor Hugo,Reformer,Lucrezia Amerio (Suppléant),0,0,True,disponible,2026-08-21 17:46
52904,2026-08-21,Vendredi,20:00,20:50,DNA Yvon Villarceau,Reformer,Samantha N,0,0,True,disponible,2026-08-21 17:46
62965,2026-08-21,Vendredi,20:00,20:50,DNA Yvon Villarceau,Lagree,Daphne Sulowski,0,0,True,inconnu,2026-08-21 19:43
64830,2026-08-21,Vendredi,21:00,21:50,DNA Yvon Villarceau,Reformer,Eve Lacroix,0,0,True,inconnu,2026-08-21 20:53
46010,2026-08-22,Samedi,08:00,09:00,DNA Yvon Villarceau,Lagree,Alice Amat,0,0,True,inconnu,2026-08-22 07:59
12063,2026-08-22,Samedi,09:00,09:50,DNA Yvon Villarceau,Reformer,Lucrezia Amerio (Suppléant),0,0,True,disponible,2026-08-22 08:57
34043,2026-08-22,Samedi,09:00,09:50,DNA Yvon Villarceau,Lagree,Hala Takkiedine (Suppléant),0,0,True,disponible,2026-08-22 08:57
47213,2026-08-22,Samedi,09:30,10:15,DNA Victor Hugo,Lagree,Nina Claro,0,0,True,disponible,2026-08-22 08:57
64412,2026-08-22,Samedi,09:30,10:20,DNA Victor Hugo,Reformer,Chloe Graeffly,0,0,True,disponible,2026-08-22 08:57
11014,2026-08-22,Samedi,10:00,10:50,DNA Yvon Villarceau,Reformer,Lucrezia Amerio (Suppléant),0,0,True,disponible,2026-08-22 09:44
34251,2026-08-22,Samedi,10:00,10:50,DNA Yvon Villarceau,Lagree,Hala Takkiedine (Suppléant),0,0,True,disponible,2026-08-21 22:59
47266,2026-08-22,Samedi,10:30,11:15,DNA Victor Hugo,Lagree,Nina Claro,0,0,True,disponible,2026-08-21 22:59
64465,2026-08-22,Samedi,10:30,11:20,DNA Victor Hugo,Reformer,Chloe Graeffly,0,0,True,disponible,2026-08-22 10:01
11224,2026-08-22,Samedi,11:00,11:50,DNA Yvon Villarceau,Reformer,Lucrezia Amerio (Suppléant),0,0,True,disponible,2026-08-22 10:45
34667,2026-08-22,Samedi,11:00,11:50,DNA Yvon Villarceau,Lagree,Hala Takkiedine (Suppléant),0,0,True,disponible,2026-08-21 22:59
47319,2026-08-22,Samedi,11:30,12:15,DNA Victor Hugo,Lagree,Nina Claro,0,0,True,disponible,2026-08-22 10:45
64518,2026-08-22,Samedi,11:30,12:20,DNA Victor Hugo,Reformer,Chloe Graeffly,0,0,True,disponible,2026-08-22 10:45
10804,2026-08-22,Samedi,12:00,12:50,DNA Yvon Villarceau,Reformer,Lucrezia Amerio (Suppléant),0,0,True,disponible,2026-08-22 11:58
35081,2026-08-22,Samedi,12:00,12:50,DNA Yvon Villarceau,Lagree,Vanessa Slomka,0,0,True,disponible,2026-08-11 11:12
47372,2026-08-22,Samedi,12:30,13:15,DNA Victor Hugo,Lagree,Hala Takkiedine,0,0,True,disponible,2026-08-22 11:58
64883,2026-08-22,Samedi,12:30,13:20,DNA Victor Hugo,Reformer,Chloe Graeffly,0,0,True,disponible,2026-08-22 11:58
11434,2026-08-22,Samedi,13:00,13:50,DNA Yvon Villarceau,Reformer,Lucrezia Amerio (Suppléant),0,0,True,disponible,2026-08-21 22:59
32098,2026-08-22,Samedi,13:00,13:50,DNA Yvon Villarceau,Lagree,Vanessa Slomka,0,0,True,disponible,2026-08-11 11:12
47425,2026-08-22,Samedi,13:30,14:15,DNA Victor Hugo,Lagree,Hala Takkiedine,0,0,True,disponible,2026-08-22 12:37
64571,2026-08-22,Samedi,13:30,14:20,DNA Victor Hugo,Reformer,Chloe Graeffly,0,0,True,disponible,2026-08-22 12:58
16217,2026-08-22,Samedi,14:00,14:50,DNA Yvon Villarceau,Reformer,Lucrezia Amerio (Suppléant),0,0,True,disponible,2026-08-22 13:56
29208,2026-08-22,Samedi,14:00,14:50,DNA Yvon Villarceau,Lagree,Lucrezia Amerio,0,0,True,disponible,2026-08-22 08:57
47478,2026-08-22,Samedi,14:30,15:15,DNA Victor Hugo,Lagree,Hala Takkiedine,0,0,True,disponible,2026-08-22 13:56
63618,2026-08-22,Samedi,14:30,15:20,DNA Victor Hugo,Reformer,Olivia Lamarre Reyner,0,0,True,disponible,2026-08-11 11:12
16425,2026-08-22,Samedi,15:00,15:50,DNA Yvon Villarceau,Reformer,Lucrezia Amerio (Suppléant),0,0,True,disponible,2026-08-22 14:58
29364,2026-08-22,Samedi,15:00,15:50,DNA Yvon Villarceau,Lagree,Lucrezia Amerio,0,0,True,disponible,2026-08-22 08:57
63671,2026-08-22,Samedi,15:30,16:20,DNA Victor Hugo,Reformer,Olivia Lamarre Reyner,0,0,True,disponible,2026-08-11 11:12
11647,2026-08-22,Samedi,16:00,16:50,DNA Yvon Villarceau,Reformer,Chloe Graeffly,0,0,True,disponible,2026-08-22 10:45
30650,2026-08-22,Samedi,16:00,16:50,DNA Yvon Villarceau,Lagree,Celia Almeida,0,0,True,disponible,2026-08-22 15:58
64936,2026-08-22,Samedi,16:30,17:20,DNA Victor Hugo,Reformer,Lucrezia Amerio,0,0,True,disponible,2026-08-22 15:58
65794,2026-08-22,Samedi,16:30,17:20,DNA Victor Hugo,Lagree,Calista Ruat (Suppléant),0,0,True,disponible,2026-08-22 13:56
11855,2026-08-22,Samedi,17:00,17:50,DNA Yvon Villarceau,Reformer,Chloe Graeffly,0,0,True,disponible,2026-08-22 16:57
29873,2026-08-22,Samedi,17:00,17:50,DNA Yvon Villarceau,Lagree,Celia Almeida,0,0,True,disponible,2026-08-22 13:56
52451,2026-08-22,Samedi,17:30,18:15,DNA Victor Hugo,Lagree,Calista Ruat (Suppléant),0,0,True,disponible,2026-08-22 13:56
64989,2026-08-22,Samedi,17:30,18:20,DNA Victor Hugo,Reformer,Lucrezia Amerio,0,0,True,disponible,2026-08-22 16:57
12271,2026-08-22,Samedi,18:00,18:50,DNA Yvon Villarceau,Reformer,Chloe Graeffly,0,0,True,disponible,2026-08-22 17:55
30082,2026-08-22,Samedi,18:00,18:50,DNA Yvon Villarceau,Lagree,Celia Almeida,0,0,True,disponible,2026-08-22 15:58
52503,2026-08-22,Samedi,18:30,19:15,DNA Victor Hugo,Lagree,Calista Ruat (Suppléant),0,0,True,disponible,2026-08-22 17:55
65042,2026-08-22,Samedi,18:30,19:20,DNA Victor Hugo,Reformer,Lucrezia Amerio,0,0,True,disponible,2026-08-22 17:55
12479,2026-08-22,Samedi,19:00,19:50,DNA Yvon Villarceau,Reformer,Chloe Graeffly,0,0,True,disponible,2026-08-22 13:56
30447,2026-08-22,Samedi,19:00,19:50,DNA Yvon Villarceau,Lagree,Celia Almeida,0,0,True,disponible,2026-08-22 18:58
52555,2026-08-22,Samedi,19:30,20:15,DNA Victor Hugo,Lagree,Calista Ruat (Suppléant),0,0,True,disponible,2026-08-22 16:36
65095,2026-08-22,Samedi,19:30,20:20,DNA Victor Hugo,Reformer,Lucrezia Amerio,0,0,True,disponible,2026-08-22 18:58
38314,2026-08-23,Dimanche,09:00,09:50,DNA Yvon Villarceau,Lagree,Nina Claro,0,0,True,disponible,2026-08-22 09:44
46220,2026-08-23,Dimanche,09:00,09:50,DNA Yvon Villarceau,Reformer,Chloe Graeffly (Suppléant),0,0,True,disponible,2026-08-22 21:33
47531,2026-08-23,Dimanche,09:30,10:15,DNA Victor Hugo,Lagree,Carla Triboul (Suppléant),0,0,True,disponible,2026-08-23 08:58
63724,2026-08-23,Dimanche,09:30,10:20,DNA Victor Hugo,Reformer,Cecilia Pinto,0,0,True,disponible,2026-08-22 21:33
19356,2026-08-23,Dimanche,10:00,10:50,DNA Yvon Villarceau,Reformer,Chloe Graeffly (Suppléant),0,0,True,disponible,2026-08-23 09:45
38522,2026-08-23,Dimanche,10:00,10:50,DNA Yvon Villarceau,Lagree,Hala Takkiedine (Suppléant),0,0,True,disponible,2026-08-22 21:33
47584,2026-08-23,Dimanche,10:30,11:15,DNA Victor Hugo,Lagree,Carla Triboul (Suppléant),0,0,True,disponible,2026-08-23 09:45
63777,2026-08-23,Dimanche,10:30,11:20,DNA Victor Hugo,Reformer,Cecilia Pinto,0,0,True,disponible,2026-08-23 09:45
19565,2026-08-23,Dimanche,11:00,11:50,DNA Yvon Villarceau,Reformer,Chloe Graeffly (Suppléant),0,0,True,disponible,2026-08-23 10:46
38730,2026-08-23,Dimanche,11:00,11:50,DNA Yvon Villarceau,Lagree,Hala Takkiedine (Suppléant),0,0,True,disponible,2026-08-23 10:46
47637,2026-08-23,Dimanche,11:30,12:15,DNA Victor Hugo,Lagree,Carla Triboul (Suppléant),0,0,True,disponible,2026-08-23 10:46
63830,2026-08-23,Dimanche,11:30,12:20,DNA Victor Hugo,Reformer,Cecilia Pinto,0,0,True,disponible,2026-08-23 10:46
19774,2026-08-23,Dimanche,12:00,12:50,DNA Yvon Villarceau,Reformer,Chloe Graeffly (Suppléant),0,0,True,disponible,2026-08-23 11:59
38938,2026-08-23,Dimanche,12:00,12:50,DNA Yvon Villarceau,Lagree,Hala Takkiedine (Suppléant),0,0,True,disponible,2026-08-23 11:59
63883,2026-08-23,Dimanche,12:30,13:20,DNA Victor Hugo,Reformer,Cecilia Pinto,0,0,True,disponible,2026-08-23 11:59
17892,2026-08-23,Dimanche,13:00,13:50,DNA Yvon Villarceau,Reformer,Chloe Graeffly (Suppléant),0,0,True,disponible,2026-08-22 21:33
39146,2026-08-23,Dimanche,13:00,13:50,DNA Yvon Villarceau,Lagree,Hala Takkiedine (Suppléant),0,0,True,disponible,2026-08-23 12:58
47743,2026-08-23,Dimanche,13:30,14:15,DNA Victor Hugo,Lagree,Julia Tapiro,0,0,True,disponible,2026-08-11 11:12
33242,2026-08-23,Dimanche,14:00,14:50,DNA Yvon Villarceau,Lagree,Hala Takkiedine (Suppléant),0,0,True,disponible,2026-08-23 13:56
56109,2026-08-23,Dimanche,14:00,14:50,DNA Yvon Villarceau,Reformer,Chloe Graeffly (Suppléant),0,0,True,disponible,2026-08-23 13:56
47796,2026-08-23,Dimanche,14:30,15:15,DNA Victor Hugo,Lagree,Julia Tapiro,0,0,True,disponible,2026-08-11 11:12
67206,2026-08-23,Dimanche,14:30,15:20,DNA Victor Hugo,Reformer,Samantha N,0,0,True,disponible,2026-08-23 13:56
16007,2026-08-23,Dimanche,15:00,15:50,DNA Yvon Villarceau,Reformer,Olivia Lamarre Reyner,0,0,True,disponible,2026-08-11 11:12
47849,2026-08-23,Dimanche,15:30,16:15,DNA Victor Hugo,Lagree,Julia Tapiro,0,0,True,disponible,2026-08-11 11:12
67259,2026-08-23,Dimanche,15:30,16:20,DNA Victor Hugo,Reformer,Samantha N,0,0,True,disponible,2026-08-23 15:00
24353,2026-08-23,Dimanche,16:00,16:50,DNA Yvon Villarceau,Reformer,Olivia Lamarre Reyner,0,0,True,disponible,2026-08-11 11:12
37890,2026-08-23,Dimanche,16:00,16:50,DNA Yvon Villarceau,Lagree,Catrin Karlson English class,0,0,True,disponible,2026-08-23 15:44
67312,2026-08-23,Dimanche,16:30,17:20,DNA Victor Hugo,Reformer,Samantha N,0,0,True,disponible,2026-08-23 16:01
19982,2026-08-23,Dimanche,17:00,17:50,DNA Yvon Villarceau,Reformer,Olivia Lamarre Reyner,0,0,True,disponible,2026-08-11 11:12
39354,2026-08-23,Dimanche,17:00,17:50,DNA Yvon Villarceau,Lagree,Catrin Karlson English class,0,0,True,disponible,2026-08-23 16:59
64307,2026-08-23,Dimanche,17:30,18:20,DNA Victor Hugo,Reformer,Chloe Graeffly,0,0,True,disponible,2026-08-23 16:59
39770,2026-08-23,Dimanche,18:00,18:50,DNA Yvon Villarceau,Lagree,Catrin Karlson English class,0,0,True,disponible,2026-08-23 15:44
59732,2026-08-23,Dimanche,18:00,18:50,DNA Yvon Villarceau,Reformer,Marie De Saint Simon,0,0,True,disponible,2026-08-11 11:12
52607,2026-08-23,Dimanche,18:30,19:15,DNA Victor Hugo,Lagree,Hala Takkiedine,0,0,True,disponible,2026-08-23 17:57
64360,2026-08-23,Dimanche,18:30,19:20,DNA Victor Hugo,Reformer,Chloe Graeffly,0,0,True,disponible,2026-08-23 17:57
20400,2026-08-23,Dimanche,19:00,19:50,DNA Yvon Villarceau,Reformer,Marie De Saint Simon,0,0,True,disponible,2026-08-11 11:12
39978,2026-08-23,Dimanche,19:00,19:50,DNA Yvon Villarceau,Lagree,Catrin Karlson English class,0,0,True,disponible,2026-08-23 18:41
52659,2026-08-23,Dimanche,19:30,20:15,DNA Victor Hugo,Lagree,Hala Takkiedine,0,0,True,disponible,2026-08-23 19:00
18522,2026-08-24,Lundi,08:00,08:50,DNA Yvon Villarceau,Reformer,Chloe Graeffly (Suppléant),0,0,True,disponible,2026-08-24 07:51
35912,2026-08-24,Lundi,08:00,08:50,DNA Yvon Villarceau,Lagree,hafsa boughemza (Suppléant),0,0,True,disponible,2026-08-24 07:51
61083,2026-08-24,Lundi,08:30,09:20,DNA Victor Hugo,Reformer,Eve Lacroix (Suppléant),0,0,True,disponible,2026-08-23 21:54
66457,2026-08-24,Lundi,08:30,09:20,DNA Victor Hugo,Lagree,Carla Triboul,0,0,True,disponible,2026-08-23 21:54
25397,2026-08-24,Lundi,09:00,09:50,DNA Yvon Villarceau,Reformer,Chloe Graeffly (Suppléant),0,0,True,disponible,2026-08-23 21:54
36121,2026-08-24,Lundi,09:00,09:50,DNA Yvon Villarceau,Lagree,hafsa boughemza (Suppléant),0,0,True,disponible,2026-08-23 21:54
61136,2026-08-24,Lundi,09:30,10:20,DNA Victor Hugo,Reformer,Eve Lacroix (Suppléant),0,0,True,disponible,2026-08-24 09:18
66617,2026-08-24,Lundi,09:30,10:20,DNA Victor Hugo,Lagree,Carla Triboul,0,0,True,disponible,2026-08-23 21:54
25189,2026-08-24,Lundi,10:00,10:50,DNA Yvon Villarceau,Reformer,Chloe Graeffly (Suppléant),0,0,True,disponible,2026-08-23 21:54
44971,2026-08-24,Lundi,10:00,10:50,DNA Yvon Villarceau,Lagree,hafsa boughemza (Suppléant),0,0,True,disponible,2026-08-23 21:54
61189,2026-08-24,Lundi,10:30,11:20,DNA Victor Hugo,Reformer,Eve Lacroix (Suppléant),0,0,True,disponible,2026-08-24 10:25
66777,2026-08-24,Lundi,10:30,11:20,DNA Victor Hugo,Lagree,Carla Triboul,0,0,True,disponible,2026-08-23 21:54
24981,2026-08-24,Lundi,11:00,11:50,DNA Yvon Villarceau,Reformer,Chloe Graeffly (Suppléant),0,0,True,disponible,2026-08-24 09:18
34460,2026-08-24,Lundi,11:00,11:50,DNA Yvon Villarceau,Lagree,hafsa boughemza (Suppléant),0,0,True,disponible,2026-08-24 09:18
46631,2026-08-24,Lundi,11:30,12:15,DNA Victor Hugo,Lagree,Sarah Elfassy,0,0,True,disponible,2026-08-09 12:15
61242,2026-08-24,Lundi,11:30,12:20,DNA Victor Hugo,Reformer,Nina Claro,0,0,True,disponible,2026-08-24 09:18
18730,2026-08-24,Lundi,12:00,12:50,DNA Yvon Villarceau,Reformer,Carla Triboul (Suppléant),0,0,True,disponible,2026-08-24 11:28
51753,2026-08-24,Lundi,12:00,12:50,DNA Yvon Villarceau,Lagree,Catrin Karlson English class,0,0,True,disponible,2026-08-24 09:18
46684,2026-08-24,Lundi,12:30,13:15,DNA Victor Hugo,Lagree,Sarah Elfassy,0,0,True,disponible,2026-08-09 12:15
61295,2026-08-24,Lundi,12:30,13:20,DNA Victor Hugo,Reformer,Nina Claro,0,0,True,disponible,2026-08-24 09:18
18938,2026-08-24,Lundi,13:00,13:50,DNA Yvon Villarceau,Reformer,Carla Triboul (Suppléant),0,0,True,disponible,2026-08-24 12:21
35708,2026-08-24,Lundi,13:00,13:50,DNA Yvon Villarceau,Lagree,Catrin Karlson English class,0,0,True,disponible,2026-08-24 09:18
61348,2026-08-24,Lundi,13:30,14:20,DNA Victor Hugo,Reformer,Nina Claro,0,0,True,disponible,2026-08-24 13:06
62013,2026-08-24,Lundi,13:30,14:20,DNA Victor Hugo,Lagree,Sarah Elfassy,0,0,True,disponible,2026-08-09 12:15
37098,2026-08-24,Lundi,14:00,14:50,DNA Yvon Villarceau,Lagree,Catrin Karlson English class,0,0,True,disponible,2026-08-24 09:18
56265,2026-08-24,Lundi,14:00,14:50,DNA Yvon Villarceau,Reformer,Carla Triboul (Suppléant),0,0,True,disponible,2026-08-24 12:21
62241,2026-08-24,Lundi,14:30,15:20,DNA Victor Hugo,Reformer,Sarah Elfassy,0,0,True,disponible,2026-08-09 12:15
33712,2026-08-24,Lundi,15:00,15:50,DNA Yvon Villarceau,Lagree,Ela Anastasia,0,0,True,disponible,2026-08-12 10:38
55485,2026-08-24,Lundi,15:30,16:20,DNA Victor Hugo,Reformer,Sarah Elfassy,0,0,True,disponible,2026-08-09 12:15
31940,2026-08-24,Lundi,16:00,16:50,DNA Yvon Villarceau,Lagree,Ela Anastasia,0,0,True,disponible,2026-08-12 10:38
46427,2026-08-24,Lundi,16:00,16:50,DNA Yvon Villarceau,Reformer,Charlie DMC,0,0,True,disponible,2026-08-12 10:38
27061,2026-08-24,Lundi,17:00,17:50,DNA Yvon Villarceau,Reformer,Carla Triboul (Suppléant),0,0,True,disponible,2026-08-24 16:58
45179,2026-08-24,Lundi,17:00,17:50,DNA Yvon Villarceau,Lagree,Calista Ruat,0,0,True,disponible,2026-08-24 15:11
47956,2026-08-24,Lundi,17:30,18:15,DNA Victor Hugo,Lagree,Catrin Karlson English class,0,0,True,disponible,2026-08-24 16:58
61769,2026-08-24,Lundi,17:30,18:20,DNA Victor Hugo,Reformer,Chloe Graeffly (Suppléant),0,0,True,disponible,2026-08-24 16:58
26853,2026-08-24,Lundi,18:00,18:50,DNA Yvon Villarceau,Reformer,Carla Triboul (Suppléant),0,0,True,disponible,2026-08-24 16:01
45387,2026-08-24,Lundi,18:00,18:50,DNA Yvon Villarceau,Lagree,Calista Ruat,0,0,True,disponible,2026-08-24 17:54
48008,2026-08-24,Lundi,18:30,19:15,DNA Victor Hugo,Lagree,Catrin Karlson English class,0,0,True,disponible,2026-08-24 16:58
61822,2026-08-24,Lundi,18:30,19:20,DNA Victor Hugo,Reformer,Chloe Graeffly (Suppléant),0,0,True,disponible,2026-08-24 17:54
24773,2026-08-24,Lundi,19:00,19:50,DNA Yvon Villarceau,Reformer,Eve Lacroix (Suppléant),7,7,True,complet,2026-08-24 18:53
45803,2026-08-24,Lundi,19:00,19:50,DNA Yvon Villarceau,Lagree,Calista Ruat,0,0,True,disponible,2026-08-24 18:53
48060,2026-08-24,Lundi,19:30,20:15,DNA Victor Hugo,Lagree,Catrin Karlson English class,0,0,True,disponible,2026-08-24 18:53
61928,2026-08-24,Lundi,19:30,20:20,DNA Victor Hugo,Reformer,Chloe Graeffly (Suppléant),0,0,True,disponible,2026-08-24 18:53
24565,2026-08-24,Lundi,20:00,20:50,DNA Yvon Villarceau,Reformer,Eve Lacroix (Suppléant),0,0,True,disponible,2026-08-24 19:45
45595,2026-08-24,Lundi,20:00,20:50,DNA Yvon Villarceau,Lagree,Calista Ruat,0,0,True,disponible,2026-08-24 19:45
48112,2026-08-24,Lundi,20:30,21:15,DNA Victor Hugo,Lagree,Catrin Karlson English class,0,0,True,disponible,2026-08-24 15:11
59580,2026-08-24,Lundi,21:00,21:50,DNA Yvon Villarceau,Reformer,Eve Lacroix (Suppléant),0,0,True,disponible,2026-08-24 15:11
28101,2026-08-25,Mardi,08:00,08:50,DNA Yvon Villarceau,Lagree,Calista Ruat (Suppléant),0,0,True,disponible,2026-08-25 07:45
50388,2026-08-25,Mardi,08:00,08:50,DNA Yvon Villarceau,Reformer,Carla Triboul (Suppléant),0,0,True,disponible,2026-08-24 20:14
62435,2026-08-25,Mardi,08:30,09:20,DNA Victor Hugo,Reformer,Eve Lacroix (Suppléant),0,0,True,disponible,2026-08-24 20:14
28309,2026-08-25,Mardi,09:00,09:50,DNA Yvon Villarceau,Lagree,Calista Ruat (Suppléant),0,0,True,disponible,2026-08-24 20:14
50585,2026-08-25,Mardi,09:00,09:50,DNA Yvon Villarceau,Reformer,Carla Triboul (Suppléant),0,0,True,disponible,2026-08-24 20:14
62488,2026-08-25,Mardi,09:30,10:20,DNA Victor Hugo,Reformer,Eve Lacroix (Suppléant),0,0,True,disponible,2026-08-24 21:00
28517,2026-08-25,Mardi,10:00,10:50,DNA Yvon Villarceau,Lagree,Calista Ruat (Suppléant),0,0,True,disponible,2026-08-25 09:56
50782,2026-08-25,Mardi,10:00,10:50,DNA Yvon Villarceau,Reformer,Carla Triboul (Suppléant),0,0,True,disponible,2026-08-25 09:56
48269,2026-08-25,Mardi,10:30,11:15,DNA Victor Hugo,Lagree,hafsa boughemza (Suppléant),0,0,True,disponible,2026-08-24 20:14
62541,2026-08-25,Mardi,10:30,11:20,DNA Victor Hugo,Reformer,Eve Lacroix (Suppléant),0,0,True,disponible,2026-08-24 20:14
26229,2026-08-25,Mardi,11:00,11:50,DNA Yvon Villarceau,Reformer,Soudi Zargham,0,0,True,disponible,2026-08-24 20:14
28725,2026-08-25,Mardi,11:00,11:50,DNA Yvon Villarceau,Lagree,Carla B,0,0,True,disponible,2026-08-12 10:38
48322,2026-08-25,Mardi,11:30,12:15,DNA Victor Hugo,Lagree,hafsa boughemza (Suppléant),0,0,True,disponible,2026-08-25 10:58
62594,2026-08-25,Mardi,11:30,12:20,DNA Victor Hugo,Reformer,Eve Lacroix (Suppléant),0,0,True,disponible,2026-08-25 10:58
26021,2026-08-25,Mardi,12:00,12:50,DNA Yvon Villarceau,Reformer,Soudi Zargham,0,0,True,disponible,2026-08-25 11:49
44139,2026-08-25,Mardi,12:00,12:50,DNA Yvon Villarceau,Lagree,Carla Triboul (Suppléant),0,0,True,disponible,2026-08-25 11:49
48375,2026-08-25,Mardi,12:30,13:15,DNA Victor Hugo,Lagree,hafsa boughemza (Suppléant),0,0,True,disponible,2026-08-25 11:49
62647,2026-08-25,Mardi,12:30,13:20,DNA Victor Hugo,Reformer,Eve Lacroix (Suppléant),0,0,True,disponible,2026-08-25 10:58
25813,2026-08-25,Mardi,13:00,13:50,DNA Yvon Villarceau,Reformer,Soudi Zargham,0,0,True,disponible,2026-08-25 12:48
44347,2026-08-25,Mardi,13:00,13:50,DNA Yvon Villarceau,Lagree,Carla Triboul (Suppléant),0,0,True,disponible,2026-08-25 12:48
48428,2026-08-25,Mardi,13:30,14:15,DNA Victor Hugo,Lagree,hafsa boughemza (Suppléant),0,0,True,disponible,2026-08-25 10:58
66263,2026-08-25,Mardi,13:30,14:20,DNA Victor Hugo,Reformer,Eve Lacroix,0,0,True,disponible,2026-08-12 10:38
36941,2026-08-25,Mardi,14:00,14:50,DNA Yvon Villarceau,Lagree,Carla B,0,0,True,disponible,2026-08-12 10:38
65818,2026-08-25,Mardi,14:30,15:20,DNA Victor Hugo,Reformer,Olivia Lamarre Reyner,0,0,True,disponible,2026-08-12 10:38
65871,2026-08-25,Mardi,15:30,16:20,DNA Victor Hugo,Reformer,Olivia Lamarre Reyner,0,0,True,disponible,2026-08-12 10:38
57054,2026-08-25,Mardi,16:00,16:50,DNA Yvon Villarceau,Reformer,Charlie DMC,0,0,True,disponible,2026-08-12 10:38
65924,2026-08-25,Mardi,16:30,17:20,DNA Victor Hugo,Reformer,Olivia Lamarre Reyner,0,0,True,disponible,2026-08-12 10:38
12688,2026-08-25,Mardi,17:00,17:50,DNA Yvon Villarceau,Reformer,Eve Lacroix (Suppléant),0,0,True,disponible,2026-08-25 16:01
52149,2026-08-25,Mardi,17:00,17:50,DNA Yvon Villarceau,Lagree,Calista Ruat (Suppléant),0,0,True,disponible,2026-08-25 16:01
54878,2026-08-25,Mardi,17:30,18:15,DNA Victor Hugo,Lagree,hafsa boughemza (Suppléant),0,0,True,disponible,2026-08-25 17:03
66296,2026-08-25,Mardi,17:30,18:20,DNA Victor Hugo,Reformer,Carla Triboul,0,0,True,disponible,2026-08-25 17:03
12896,2026-08-25,Mardi,18:00,18:50,DNA Yvon Villarceau,Reformer,Eve Lacroix (Suppléant),0,0,True,disponible,2026-08-25 17:58
35500,2026-08-25,Mardi,18:00,18:50,DNA Yvon Villarceau,Lagree,Calista Ruat (Suppléant),0,0,True,disponible,2026-08-25 17:58
55030,2026-08-25,Mardi,18:30,19:15,DNA Victor Hugo,Lagree,hafsa boughemza (Suppléant),0,0,True,disponible,2026-08-25 17:58
63936,2026-08-25,Mardi,18:30,19:20,DNA Victor Hugo,Reformer,Carla Triboul,0,0,True,disponible,2026-08-25 17:58
13104,2026-08-25,Mardi,19:00,19:50,DNA Yvon Villarceau,Reformer,Eve Lacroix,0,0,True,disponible,2026-08-25 18:53
44555,2026-08-25,Mardi,19:00,19:50,DNA Yvon Villarceau,Lagree,Calista Ruat,0,0,True,disponible,2026-08-25 18:53
55182,2026-08-25,Mardi,19:30,20:15,DNA Victor Hugo,Lagree,hafsa boughemza (Suppléant),0,0,True,disponible,2026-08-25 18:53
63989,2026-08-25,Mardi,19:30,20:20,DNA Victor Hugo,Reformer,Carla Triboul,0,0,True,disponible,2026-08-25 18:53
25605,2026-08-25,Mardi,20:00,20:50,DNA Yvon Villarceau,Reformer,Eve Lacroix,0,0,True,disponible,2026-08-25 19:44
44763,2026-08-25,Mardi,20:00,20:50,DNA Yvon Villarceau,Lagree,Calista Ruat,0,0,True,disponible,2026-08-25 19:44
55334,2026-08-25,Mardi,20:30,21:15,DNA Victor Hugo,Lagree,hafsa boughemza (Suppléant),0,0,True,disponible,2026-08-25 20:04
64042,2026-08-25,Mardi,20:30,21:20,DNA Victor Hugo,Reformer,Carla Triboul,0,0,True,disponible,2026-08-25 20:04
59409,2026-08-25,Mardi,21:00,21:50,DNA Yvon Villarceau,Reformer,Eve Lacroix,0,0,True,disponible,2026-08-12 10:38
65741,2026-08-25,Mardi,21:00,21:50,DNA Yvon Villarceau,Lagree,Calista Ruat,0,0,True,disponible,2026-08-25 20:55
31046,2026-08-26,Mercredi,07:00,07:50,DNA Yvon Villarceau,Lagree,Kim Sarfati,0,0,True,inconnu,2026-08-26 06:53
18106,2026-08-26,Mercredi,08:00,08:50,DNA Yvon Villarceau,Reformer,Eve Lacroix (Suppléant),0,0,True,disponible,2026-08-26 07:48
31544,2026-08-26,Mercredi,08:00,08:50,DNA Yvon Villarceau,Lagree,isis Magnin (Suppléant),0,0,True,disponible,2026-08-25 20:55
59983,2026-08-26,Mercredi,08:30,09:20,DNA Victor Hugo,Reformer,hafsa boughemza (Suppléant),0,0,True,disponible,2026-08-25 20:55
18314,2026-08-26,Mercredi,09:00,09:50,DNA Yvon Villarceau,Reformer,Eve Lacroix (Suppléant),0,0,True,disponible,2026-08-25 20:55
31753,2026-08-26,Mercredi,09:00,09:50,DNA Yvon Villarceau,Lagree,isis Magnin (Suppléant),0,0,True,disponible,2026-08-26 07:48
60035,2026-08-26,Mercredi,09:30,10:20,DNA Victor Hugo,Reformer,hafsa boughemza (Suppléant),0,0,True,disponible,2026-08-26 09:06
27893,2026-08-26,Mercredi,10:00,10:50,DNA Yvon Villarceau,Reformer,Eve Lacroix (Suppléant),0,0,True,disponible,2026-08-26 09:57
42475,2026-08-26,Mercredi,10:00,10:50,DNA Yvon Villarceau,Lagree,isis Magnin (Suppléant),0,0,True,disponible,2026-08-25 20:55
60087,2026-08-26,Mercredi,10:30,11:20,DNA Victor Hugo,Reformer,hafsa boughemza (Suppléant),0,0,True,disponible,2026-08-25 20:55
27685,2026-08-26,Mercredi,11:00,11:50,DNA Yvon Villarceau,Reformer,Eve Lacroix (Suppléant),0,0,True,disponible,2026-08-26 09:57
43099,2026-08-26,Mercredi,11:00,11:50,DNA Yvon Villarceau,Lagree,Ela Anastasia,0,0,True,disponible,2026-08-12 10:38
52347,2026-08-26,Mercredi,11:30,12:15,DNA Victor Hugo,Lagree,Nina Claro (Suppléant),0,0,True,disponible,2026-08-26 11:00
63565,2026-08-26,Mercredi,11:30,12:20,DNA Victor Hugo,Reformer,hafsa boughemza (Suppléant),0,0,True,disponible,2026-08-25 20:55
27477,2026-08-26,Mercredi,12:00,12:50,DNA Yvon Villarceau,Reformer,Eve Lacroix (Suppléant),7,7,True,complet,2026-08-26 11:55
43307,2026-08-26,Mercredi,12:00,12:50,DNA Yvon Villarceau,Lagree,Ela Anastasia,0,0,True,disponible,2026-08-12 10:38
59913,2026-08-26,Mercredi,12:30,13:15,DNA Victor Hugo,Lagree,Nina Claro (Suppléant),0,0,True,disponible,2026-08-26 11:55
60139,2026-08-26,Mercredi,12:30,13:20,DNA Victor Hugo,Reformer,hafsa boughemza (Suppléant),0,0,True,disponible,2026-08-26 11:55
27269,2026-08-26,Mercredi,13:00,13:50,DNA Yvon Villarceau,Reformer,Eve Lacroix (Suppléant),0,0,True,disponible,2026-08-26 12:50
43515,2026-08-26,Mercredi,13:00,13:50,DNA Yvon Villarceau,Lagree,Carla Triboul (Suppléant),0,0,True,disponible,2026-08-26 12:50
59948,2026-08-26,Mercredi,13:30,14:15,DNA Victor Hugo,Lagree,Nina Claro (Suppléant),0,0,True,disponible,2026-08-26 09:57
16636,2026-08-26,Mercredi,14:00,14:50,DNA Yvon Villarceau,Reformer,Leann Mroueh,0,0,True,disponible,2026-08-12 10:38
33086,2026-08-26,Mercredi,14:00,14:50,DNA Yvon Villarceau,Lagree,Carla Triboul (Suppléant),0,0,True,disponible,2026-08-26 06:53
49064,2026-08-26,Mercredi,14:30,15:15,DNA Victor Hugo,Lagree,Nina Claro (Suppléant),0,0,True,disponible,2026-08-26 06:53
64727,2026-08-26,Mercredi,14:30,15:20,DNA Victor Hugo,Reformer,Sarah Elfassy,0,0,True,disponible,2026-08-09 12:15
16845,2026-08-26,Mercredi,15:00,15:50,DNA Yvon Villarceau,Reformer,Leann Mroueh,0,0,True,disponible,2026-08-12 10:38
33399,2026-08-26,Mercredi,15:00,15:50,DNA Yvon Villarceau,Lagree,Carla Triboul (Suppléant),0,0,True,disponible,2026-08-26 14:03
64779,2026-08-26,Mercredi,15:30,16:20,DNA Victor Hugo,Reformer,Sarah Elfassy,0,0,True,disponible,2026-08-09 12:15
17054,2026-08-26,Mercredi,16:00,16:50,DNA Yvon Villarceau,Reformer,Leann Mroueh,0,0,True,disponible,2026-08-12 10:38
15604,2026-08-26,Mercredi,17:00,17:50,DNA Yvon Villarceau,Reformer,Leann Mroueh,0,0,True,disponible,2026-08-12 10:38
53547,2026-08-26,Mercredi,17:00,17:50,DNA Yvon Villarceau,Lagree,Calista Ruat (Suppléant),0,0,True,disponible,2026-08-26 16:04
49170,2026-08-26,Mercredi,17:30,18:15,DNA Victor Hugo,Lagree,Catrin Karlson English class,0,0,True,disponible,2026-08-26 16:04
64095,2026-08-26,Mercredi,17:30,18:20,DNA Victor Hugo,Reformer,Carla Triboul (Suppléant),0,0,True,disponible,2026-08-26 16:04
51198,2026-08-26,Mercredi,18:00,18:50,DNA Yvon Villarceau,Reformer,hafsa boughemza (Suppléant),0,0,True,disponible,2026-08-26 16:04
53744,2026-08-26,Mercredi,18:00,18:50,DNA Yvon Villarceau,Lagree,Calista Ruat (Suppléant),7,7,True,complet,2026-08-26 17:52
49223,2026-08-26,Mercredi,18:30,19:20,DNA Victor Hugo,Lagree,Catrin Karlson English class,0,0,True,disponible,2026-08-26 17:52
64148,2026-08-26,Mercredi,18:30,19:20,DNA Victor Hugo,Reformer,Carla Triboul (Suppléant),0,0,True,disponible,2026-08-26 17:52
13312,2026-08-26,Mercredi,19:00,19:50,DNA Yvon Villarceau,Reformer,hafsa boughemza (Suppléant),0,0,True,disponible,2026-08-26 18:58
32691,2026-08-26,Mercredi,19:00,19:50,DNA Yvon Villarceau,Lagree,Calista Ruat (Suppléant),0,0,True,disponible,2026-08-26 18:58
49276,2026-08-26,Mercredi,19:30,20:15,DNA Victor Hugo,Lagree,Catrin Karlson English class,0,0,True,disponible,2026-08-26 18:58
66229,2026-08-26,Mercredi,19:30,20:20,DNA Victor Hugo,Reformer,Carla Triboul (Suppléant),0,0,True,disponible,2026-08-26 18:58
32899,2026-08-26,Mercredi,20:00,20:50,DNA Yvon Villarceau,Lagree,Calista Ruat (Suppléant),0,0,True,disponible,2026-08-26 18:58
50980,2026-08-26,Mercredi,20:00,20:50,DNA Yvon Villarceau,Reformer,hafsa boughemza (Suppléant),0,0,True,disponible,2026-08-26 18:58
64254,2026-08-26,Mercredi,20:30,21:20,DNA Victor Hugo,Reformer,Carla Triboul (Suppléant),0,0,True,disponible,2026-08-26 17:52
65511,2026-08-26,Mercredi,20:30,21:20,DNA Victor Hugo,Lagree,Catrin Karlson English class,0,0,True,disponible,2026-08-26 17:52
57325,2026-08-26,Mercredi,21:00,21:50,DNA Yvon Villarceau,Reformer,hafsa boughemza (Suppléant),0,0,True,disponible,2026-08-26 18:58
14564,2026-08-27,Jeudi,08:00,08:50,DNA Yvon Villarceau,Reformer,Nina Claro,0,0,True,disponible,2026-08-27 00:30
36334,2026-08-27,Jeudi,08:00,08:50,DNA Yvon Villarceau,Lagree,Melody Naggar,0,0,True,disponible,2026-08-27 00:30
49382,2026-08-27,Jeudi,08:30,09:15,DNA Victor Hugo,Lagree,Calista Ruat,0,0,True,disponible,2026-08-26 16:04
60191,2026-08-27,Jeudi,08:30,09:20,DNA Victor Hugo,Reformer,Carla Triboul (Suppléant),0,0,True,disponible,2026-08-26 16:04
14772,2026-08-27,Jeudi,09:00,09:50,DNA Yvon Villarceau,Reformer,Nina Claro,0,0,True,disponible,2026-08-26 16:04
36542,2026-08-27,Jeudi,09:00,09:50,DNA Yvon Villarceau,Lagree,Melody Naggar,0,0,True,disponible,2026-08-27 00:30
49435,2026-08-27,Jeudi,09:30,10:15,DNA Victor Hugo,Lagree,Calista Ruat,0,0,True,disponible,2026-08-26 16:04
60243,2026-08-27,Jeudi,09:30,10:20,DNA Victor Hugo,Reformer,Carla Triboul (Suppléant),0,0,True,disponible,2026-08-27 00:30
22068,2026-08-27,Jeudi,10:00,10:50,DNA Yvon Villarceau,Reformer,Nina Claro (Suppléant),0,0,True,disponible,2026-08-27 00:30
36750,2026-08-27,Jeudi,10:00,10:50,DNA Yvon Villarceau,Lagree,Melody Naggar,0,0,True,disponible,2026-08-27 00:30
49488,2026-08-27,Jeudi,10:30,11:15,DNA Victor Hugo,Lagree,hafsa boughemza (Suppléant),0,0,True,disponible,2026-08-26 16:04
60295,2026-08-27,Jeudi,10:30,11:20,DNA Victor Hugo,Reformer,Carla Triboul (Suppléant),0,0,True,disponible,2026-08-27 00:30
22692,2026-08-27,Jeudi,11:00,11:50,DNA Yvon Villarceau,Reformer,Nina Claro (Suppléant),0,0,True,disponible,2026-08-27 00:30
41019,2026-08-27,Jeudi,11:00,11:50,DNA Yvon Villarceau,Lagree,Nina Claro,0,0,True,disponible,2026-08-26 16:04
62753,2026-08-27,Jeudi,11:30,12:15,DNA Victor Hugo,Lagree,hafsa boughemza (Suppléant),0,0,True,disponible,2026-08-27 00:30
63407,2026-08-27,Jeudi,11:30,12:20,DNA Victor Hugo,Reformer,Audrey Hugon,0,0,True,disponible,2026-08-27 00:30
22900,2026-08-27,Jeudi,12:00,12:50,DNA Yvon Villarceau,Reformer,Soudi Zargham,0,0,True,disponible,2026-08-26 18:58
41643,2026-08-27,Jeudi,12:00,12:50,DNA Yvon Villarceau,Lagree,Nina Claro,0,0,True,disponible,2026-08-27 00:30
49594,2026-08-27,Jeudi,12:30,13:15,DNA Victor Hugo,Lagree,Sarah Elfassy,0,0,True,disponible,2026-08-27 00:30
63460,2026-08-27,Jeudi,12:30,13:20,DNA Victor Hugo,Reformer,Audrey Hugon,0,0,True,disponible,2026-08-27 00:30
23108,2026-08-27,Jeudi,13:00,13:50,DNA Yvon Villarceau,Reformer,Soudi Zargham,0,0,True,disponible,2026-08-27 00:30
42059,2026-08-27,Jeudi,13:00,13:50,DNA Yvon Villarceau,Lagree,Nina Claro,0,0,True,disponible,2026-08-27 00:30
49647,2026-08-27,Jeudi,13:30,14:15,DNA Victor Hugo,Lagree,Sarah Elfassy,0,0,True,disponible,2026-08-27 00:30
63513,2026-08-27,Jeudi,13:30,14:20,DNA Victor Hugo,Reformer,Audrey Hugon,0,0,True,disponible,2026-08-26 16:04
10167,2026-08-27,Jeudi,14:00,14:50,DNA Yvon Villarceau,Reformer,Soudi Zargham,0,0,True,disponible,2026-08-27 00:30
65977,2026-08-27,Jeudi,14:30,15:20,DNA Victor Hugo,Reformer,Eve Lacroix (Suppléant),0,0,True,disponible,2026-08-26 16:04
37680,2026-08-27,Jeudi,15:00,15:50,DNA Yvon Villarceau,Lagree,Sarah Elfassy,0,0,True,disponible,2026-08-27 00:30
59166,2026-08-27,Jeudi,15:00,15:50,DNA Yvon Villarceau,Reformer,Nina Claro,0,0,True,disponible,2026-08-27 00:30
66029,2026-08-27,Jeudi,15:30,16:20,DNA Victor Hugo,Reformer,Eve Lacroix (Suppléant),0,0,True,disponible,2026-08-27 00:30
59218,2026-08-27,Jeudi,16:00,16:50,DNA Yvon Villarceau,Reformer,Nina Claro,0,0,True,disponible,2026-08-27 00:30
65458,2026-08-27,Jeudi,16:00,16:50,DNA Yvon Villarceau,Lagree,Sarah Elfassy,0,0,True,disponible,2026-08-09 12:15
66081,2026-08-27,Jeudi,16:30,17:20,DNA Victor Hugo,Reformer,Eve Lacroix (Suppléant),0,0,True,disponible,2026-08-27 00:30
23316,2026-08-27,Jeudi,17:00,17:50,DNA Yvon Villarceau,Reformer,Nina Claro,0,0,True,disponible,2026-08-27 00:30
42267,2026-08-27,Jeudi,17:00,17:50,DNA Yvon Villarceau,Lagree,Calista Ruat,0,0,True,disponible,2026-08-27 00:30
49700,2026-08-27,Jeudi,17:30,18:15,DNA Victor Hugo,Lagree,Carla Triboul,0,0,True,disponible,2026-08-27 00:30
61613,2026-08-27,Jeudi,17:30,18:20,DNA Victor Hugo,Reformer,Laura Provost (Suppléant),0,0,True,disponible,2026-08-27 17:13
23524,2026-08-27,Jeudi,18:00,18:50,DNA Yvon Villarceau,Reformer,Nina Claro,0,0,True,disponible,2026-08-27 17:13
42683,2026-08-27,Jeudi,18:00,18:50,DNA Yvon Villarceau,Lagree,Calista Ruat,0,0,True,disponible,2026-08-27 17:13
49753,2026-08-27,Jeudi,18:30,19:15,DNA Victor Hugo,Lagree,Carla Triboul,0,0,True,disponible,2026-08-27 17:13
61665,2026-08-27,Jeudi,18:30,19:20,DNA Victor Hugo,Reformer,Laura Provost (Suppléant),0,0,True,disponible,2026-08-27 17:13
14980,2026-08-27,Jeudi,19:00,19:50,DNA Yvon Villarceau,Reformer,Samantha N (Suppléant),0,0,True,disponible,2026-08-27 17:13
43723,2026-08-27,Jeudi,19:00,19:50,DNA Yvon Villarceau,Lagree,Calista Ruat,0,0,True,disponible,2026-08-27 17:13
49806,2026-08-27,Jeudi,19:30,20:15,DNA Victor Hugo,Lagree,Carla Triboul,7,7,True,complet,2026-08-27 17:13
61717,2026-08-27,Jeudi,19:30,20:20,DNA Victor Hugo,Reformer,Laura Provost (Suppléant),0,0,True,disponible,2026-08-27 17:13
15188,2026-08-27,Jeudi,20:00,20:50,DNA Yvon Villarceau,Reformer,Samantha N (Suppléant),0,0,True,disponible,2026-08-27 17:13
43931,2026-08-27,Jeudi,20:00,20:50,DNA Yvon Villarceau,Lagree,Calista Ruat,0,0,True,disponible,2026-08-27 17:13
49859,2026-08-27,Jeudi,20:30,21:20,DNA Victor Hugo,Lagree,Carla Triboul,0,0,True,disponible,2026-08-27 17:13
67101,2026-08-27,Jeudi,20:30,21:20,DNA Victor Hugo,Reformer,Carla Triboul,0,0,True,disponible,2026-08-26 11:55
15385,2026-08-27,Jeudi,21:00,21:50,DNA Yvon Villarceau,Reformer,Samantha N (Suppléant),0,0,True,disponible,2026-08-27 17:13
17273,2026-08-28,Vendredi,08:00,08:50,DNA Yvon Villarceau,Reformer,Chloe Graeffly (Suppléant),0,0,True,disponible,2026-08-28 02:25
39563,2026-08-28,Vendredi,08:00,08:50,DNA Yvon Villarceau,Lagree,Nina Claro,0,0,True,disponible,2026-08-28 02:25
46737,2026-08-28,Vendredi,08:30,09:15,DNA Victor Hugo,Lagree,isis Magnin (Suppléant),0,0,True,disponible,2026-08-28 02:25
61508,2026-08-28,Vendredi,08:30,09:20,DNA Victor Hugo,Reformer,Soudi Zargham,0,0,True,disponible,2026-08-28 02:25
17482,2026-08-28,Vendredi,09:00,09:50,DNA Yvon Villarceau,Reformer,Chloe Graeffly (Suppléant),0,0,True,disponible,2026-08-28 02:25
40187,2026-08-28,Vendredi,09:00,09:50,DNA Yvon Villarceau,Lagree,Nina Claro,0,0,True,disponible,2026-08-27 17:13
46790,2026-08-28,Vendredi,09:30,10:15,DNA Victor Hugo,Lagree,isis Magnin (Suppléant),0,0,True,disponible,2026-08-27 17:13
61561,2026-08-28,Vendredi,09:30,10:20,DNA Victor Hugo,Reformer,Soudi Zargham,0,0,True,disponible,2026-08-28 02:25
17691,2026-08-28,Vendredi,10:00,10:50,DNA Yvon Villarceau,Reformer,Chloe Graeffly (Suppléant),0,0,True,disponible,2026-08-27 17:13
40395,2026-08-28,Vendredi,10:00,10:50,DNA Yvon Villarceau,Lagree,Nina Claro,0,0,True,disponible,2026-08-27 17:13
46843,2026-08-28,Vendredi,10:30,11:15,DNA Victor Hugo,Lagree,isis Magnin (Suppléant),0,0,True,disponible,2026-08-27 17:13
60503,2026-08-28,Vendredi,10:30,11:20,DNA Victor Hugo,Reformer,Soudi Zargham,0,0,True,disponible,2026-08-27 17:13
21237,2026-08-28,Vendredi,11:00,11:50,DNA Yvon Villarceau,Reformer,Chloe Graeffly (Suppléant),0,0,True,disponible,2026-08-28 02:25
37260,2026-08-28,Vendredi,11:00,11:50,DNA Yvon Villarceau,Lagree,Nina Claro,0,0,True,disponible,2026-08-28 02:25
46896,2026-08-28,Vendredi,11:30,12:15,DNA Victor Hugo,Lagree,Carla Triboul,0,0,True,disponible,2026-08-28 02:25
63145,2026-08-28,Vendredi,11:30,12:20,DNA Victor Hugo,Reformer,Laura Provost (Suppléant),0,0,True,disponible,2026-08-28 02:25
21444,2026-08-28,Vendredi,12:00,12:50,DNA Yvon Villarceau,Reformer,Chloe Graeffly (Suppléant),0,0,True,disponible,2026-08-28 02:25
40603,2026-08-28,Vendredi,12:00,12:50,DNA Yvon Villarceau,Lagree,Nina Claro,0,0,True,disponible,2026-08-28 02:25
46949,2026-08-28,Vendredi,12:30,13:15,DNA Victor Hugo,Lagree,Carla Triboul,0,0,True,disponible,2026-08-28 02:25
63197,2026-08-28,Vendredi,12:30,13:20,DNA Victor Hugo,Reformer,Laura Provost (Suppléant),0,0,True,disponible,2026-08-28 02:25
21652,2026-08-28,Vendredi,13:00,13:50,DNA Yvon Villarceau,Reformer,Chloe Graeffly (Suppléant),0,0,True,disponible,2026-08-27 17:13
40811,2026-08-28,Vendredi,13:00,13:50,DNA Yvon Villarceau,Lagree,Nina Claro,0,0,True,disponible,2026-08-28 02:25
60609,2026-08-28,Vendredi,13:30,14:20,DNA Victor Hugo,Reformer,Laura Provost (Suppléant),0,0,True,disponible,2026-08-28 02:25
66938,2026-08-28,Vendredi,13:30,14:20,DNA Victor Hugo,Lagree,Carla Triboul,0,0,True,disponible,2026-08-28 02:25
66991,2026-08-28,Vendredi,14:30,15:20,DNA Victor Hugo,Lagree,Carla Triboul,0,0,True,disponible,2026-08-09 18:54
31214,2026-08-28,Vendredi,15:00,15:50,DNA Yvon Villarceau,Lagree,Leann Mroueh,0,0,True,disponible,2026-08-27 17:13
31371,2026-08-28,Vendredi,16:00,16:50,DNA Yvon Villarceau,Lagree,Leann Mroueh,0,0,True,disponible,2026-08-27 17:13
66133,2026-08-28,Vendredi,16:30,17:20,DNA Victor Hugo,Lagree,Celia Almeida,0,0,True,disponible,2026-08-28 02:25
67154,2026-08-28,Vendredi,16:30,17:20,DNA Victor Hugo,Reformer,isis Magnin (Suppléant),0,0,True,disponible,2026-08-28 02:25
21860,2026-08-28,Vendredi,17:00,17:50,DNA Yvon Villarceau,Reformer,Audrey Hugon,0,0,True,disponible,2026-08-28 02:25
41227,2026-08-28,Vendredi,17:00,17:50,DNA Yvon Villarceau,Lagree,Leann Mroueh,0,0,True,disponible,2026-08-27 17:13
60874,2026-08-28,Vendredi,17:30,18:20,DNA Victor Hugo,Reformer,isis Magnin (Suppléant),0,0,True,disponible,2026-08-28 02:25
66186,2026-08-28,Vendredi,17:30,18:20,DNA Victor Hugo,Lagree,Celia Almeida,0,0,True,disponible,2026-08-28 02:25
22276,2026-08-28,Vendredi,18:00,18:50,DNA Yvon Villarceau,Reformer,Audrey Hugon,0,0,True,disponible,2026-08-28 02:25
65147,2026-08-28,Vendredi,18:00,18:50,DNA Yvon Villarceau,Lagree,Hala Takkiedine (Suppléant),0,0,True,disponible,2026-08-28 02:25
47108,2026-08-28,Vendredi,18:30,19:15,DNA Victor Hugo,Lagree,Celia Almeida,0,0,True,disponible,2026-08-28 02:25
60715,2026-08-28,Vendredi,18:30,19:20,DNA Victor Hugo,Reformer,isis Magnin (Suppléant),0,0,True,disponible,2026-08-28 02:25
22484,2026-08-28,Vendredi,19:00,19:50,DNA Yvon Villarceau,Reformer,Audrey Hugon,0,0,True,disponible,2026-08-28 18:36
65304,2026-08-28,Vendredi,19:00,19:50,DNA Yvon Villarceau,Lagree,Hala Takkiedine (Suppléant),0,0,True,disponible,2026-08-28 18:36
47161,2026-08-28,Vendredi,19:30,20:15,DNA Victor Hugo,Lagree,Celia Almeida,0,0,True,disponible,2026-08-28 02:25
63353,2026-08-28,Vendredi,19:30,20:20,DNA Victor Hugo,Reformer,isis Magnin (Suppléant),0,0,True,disponible,2026-08-28 18:36
52905,2026-08-28,Vendredi,20:00,20:50,DNA Yvon Villarceau,Reformer,Audrey Hugon,0,0,True,disponible,2026-08-28 18:36
62966,2026-08-28,Vendredi,20:00,20:50,DNA Yvon Villarceau,Lagree,Hala Takkiedine (Suppléant),0,0,True,disponible,2026-08-28 18:36
64831,2026-08-28,Vendredi,21:00,21:50,DNA Yvon Villarceau,Reformer,Eve Lacroix,0,0,True,inconnu,2026-08-28 18:36
46011,2026-08-29,Samedi,08:00,09:00,DNA Yvon Villarceau,Lagree,Alice Amat,0,0,True,inconnu,2026-08-29 02:41
12064,2026-08-29,Samedi,09:00,09:50,DNA Yvon Villarceau,Reformer,Charlie DMC,0,0,True,disponible,2026-08-12 13:56
34044,2026-08-29,Samedi,09:00,09:50,DNA Yvon Villarceau,Lagree,Vanessa Slomka,0,0,True,disponible,2026-08-28 18:36
47214,2026-08-29,Samedi,09:30,10:15,DNA Victor Hugo,Lagree,Nina Claro,0,0,True,disponible,2026-08-29 02:41
64413,2026-08-29,Samedi,09:30,10:20,DNA Victor Hugo,Reformer,Chloe Graeffly,0,0,True,disponible,2026-08-29 02:41
11015,2026-08-29,Samedi,10:00,10:50,DNA Yvon Villarceau,Reformer,Samantha N (Suppléant),0,0,True,disponible,2026-08-28 18:36
34252,2026-08-29,Samedi,10:00,10:50,DNA Yvon Villarceau,Lagree,Vanessa Slomka,0,0,True,disponible,2026-08-28 18:36
47267,2026-08-29,Samedi,10:30,11:15,DNA Victor Hugo,Lagree,Nina Claro,0,0,True,disponible,2026-08-29 02:41
64466,2026-08-29,Samedi,10:30,11:20,DNA Victor Hugo,Reformer,Chloe Graeffly,0,0,True,disponible,2026-08-29 02:41
11225,2026-08-29,Samedi,11:00,11:50,DNA Yvon Villarceau,Reformer,Samantha N (Suppléant),0,0,True,disponible,2026-08-29 02:41
34668,2026-08-29,Samedi,11:00,11:50,DNA Yvon Villarceau,Lagree,Vanessa Slomka,0,0,True,disponible,2026-08-29 02:41
47320,2026-08-29,Samedi,11:30,12:15,DNA Victor Hugo,Lagree,Nina Claro,0,0,True,disponible,2026-08-29 02:41
64519,2026-08-29,Samedi,11:30,12:20,DNA Victor Hugo,Reformer,Chloe Graeffly,0,0,True,disponible,2026-08-29 02:41
10805,2026-08-29,Samedi,12:00,12:50,DNA Yvon Villarceau,Reformer,Samantha N (Suppléant),0,0,True,disponible,2026-08-29 02:41
35082,2026-08-29,Samedi,12:00,12:50,DNA Yvon Villarceau,Lagree,Vanessa Slomka,0,0,True,disponible,2026-08-29 02:41
47373,2026-08-29,Samedi,12:30,13:15,DNA Victor Hugo,Lagree,Hala Takkiedine,0,0,True,disponible,2026-08-29 02:41
64884,2026-08-29,Samedi,12:30,13:20,DNA Victor Hugo,Reformer,Chloe Graeffly,0,0,True,disponible,2026-08-29 02:41
11435,2026-08-29,Samedi,13:00,13:50,DNA Yvon Villarceau,Reformer,Samantha N (Suppléant),0,0,True,disponible,2026-08-29 02:41
32099,2026-08-29,Samedi,13:00,13:50,DNA Yvon Villarceau,Lagree,Vanessa Slomka,0,0,True,disponible,2026-08-29 02:41
47426,2026-08-29,Samedi,13:30,14:15,DNA Victor Hugo,Lagree,Hala Takkiedine,0,0,True,disponible,2026-08-29 13:03
64572,2026-08-29,Samedi,13:30,14:20,DNA Victor Hugo,Reformer,Chloe Graeffly,0,0,True,disponible,2026-08-29 13:03
16218,2026-08-29,Samedi,14:00,14:50,DNA Yvon Villarceau,Reformer,Nina Claro,0,0,True,disponible,2026-08-29 13:03
29209,2026-08-29,Samedi,14:00,14:50,DNA Yvon Villarceau,Lagree,Lucrezia Amerio,0,0,True,disponible,2026-08-29 13:03
47479,2026-08-29,Samedi,14:30,15:15,DNA Victor Hugo,Lagree,Hala Takkiedine,0,0,True,disponible,2026-08-29 13:03
63619,2026-08-29,Samedi,14:30,15:20,DNA Victor Hugo,Reformer,isis Magnin (Suppléant),0,0,True,disponible,2026-08-29 13:03
16426,2026-08-29,Samedi,15:00,15:50,DNA Yvon Villarceau,Reformer,Nina Claro,0,0,True,disponible,2026-08-29 13:03
29365,2026-08-29,Samedi,15:00,15:50,DNA Yvon Villarceau,Lagree,Lucrezia Amerio,0,0,True,disponible,2026-08-29 02:41
63672,2026-08-29,Samedi,15:30,16:20,DNA Victor Hugo,Reformer,isis Magnin (Suppléant),0,0,True,disponible,2026-08-29 13:03
11648,2026-08-29,Samedi,16:00,16:50,DNA Yvon Villarceau,Reformer,Laura Provost (Suppléant),0,0,True,disponible,2026-08-28 18:36
30651,2026-08-29,Samedi,16:00,16:50,DNA Yvon Villarceau,Lagree,Hala Takkiedine (Suppléant),0,0,True,disponible,2026-08-29 13:03
64937,2026-08-29,Samedi,16:30,17:20,DNA Victor Hugo,Reformer,Lucrezia Amerio,0,0,True,disponible,2026-08-29 13:03
65795,2026-08-29,Samedi,16:30,17:20,DNA Victor Hugo,Lagree,Catrin Karlson English class (Suppléant),0,0,True,disponible,2026-08-29 13:03
11856,2026-08-29,Samedi,17:00,17:50,DNA Yvon Villarceau,Reformer,Carla Triboul (Suppléant),0,0,True,disponible,2026-08-29 13:03
29874,2026-08-29,Samedi,17:00,17:50,DNA Yvon Villarceau,Lagree,Hala Takkiedine (Suppléant),0,0,True,disponible,2026-08-29 13:03
52452,2026-08-29,Samedi,17:30,18:15,DNA Victor Hugo,Lagree,Catrin Karlson English class (Suppléant),0,0,True,disponible,2026-08-29 13:03
64990,2026-08-29,Samedi,17:30,18:20,DNA Victor Hugo,Reformer,Lucrezia Amerio,0,0,True,disponible,2026-08-29 13:03
12272,2026-08-29,Samedi,18:00,18:50,DNA Yvon Villarceau,Reformer,Carla Triboul (Suppléant),0,0,True,disponible,2026-08-29 17:37
30083,2026-08-29,Samedi,18:00,18:50,DNA Yvon Villarceau,Lagree,Hala Takkiedine (Suppléant),0,0,True,disponible,2026-08-29 17:37
52504,2026-08-29,Samedi,18:30,19:15,DNA Victor Hugo,Lagree,Catrin Karlson English class (Suppléant),0,0,True,disponible,2026-08-29 17:37
65043,2026-08-29,Samedi,18:30,19:20,DNA Victor Hugo,Reformer,Lucrezia Amerio,0,0,True,disponible,2026-08-29 17:37
12480,2026-08-29,Samedi,19:00,19:50,DNA Yvon Villarceau,Reformer,Laura Provost (Suppléant),0,0,True,disponible,2026-08-28 18:36
30448,2026-08-29,Samedi,19:00,19:50,DNA Yvon Villarceau,Lagree,Hala Takkiedine (Suppléant),0,0,True,disponible,2026-08-29 13:03
52556,2026-08-29,Samedi,19:30,20:15,DNA Victor Hugo,Lagree,Catrin Karlson English class (Suppléant),0,0,True,disponible,2026-08-29 17:37
65096,2026-08-29,Samedi,19:30,20:20,DNA Victor Hugo,Reformer,Lucrezia Amerio,0,0,True,disponible,2026-08-29 17:37
38315,2026-08-30,Dimanche,09:00,09:50,DNA Yvon Villarceau,Lagree,Nina Claro,0,0,True,disponible,2026-08-29 17:37
46221,2026-08-30,Dimanche,09:00,09:50,DNA Yvon Villarceau,Reformer,Chloe Graeffly (Suppléant),0,0,True,disponible,2026-08-30 01:36
47532,2026-08-30,Dimanche,09:30,10:15,DNA Victor Hugo,Lagree,Hala Takkiedine (Suppléant),0,0,True,disponible,2026-08-30 01:36
63725,2026-08-30,Dimanche,09:30,10:20,DNA Victor Hugo,Reformer,Audrey Hugon,0,0,True,disponible,2026-08-30 01:36
19357,2026-08-30,Dimanche,10:00,10:50,DNA Yvon Villarceau,Reformer,Chloe Graeffly (Suppléant),0,0,True,disponible,2026-08-30 01:36
38523,2026-08-30,Dimanche,10:00,10:50,DNA Yvon Villarceau,Lagree,Nina Claro,0,0,True,disponible,2026-08-29 17:37
47585,2026-08-30,Dimanche,10:30,11:15,DNA Victor Hugo,Lagree,Hala Takkiedine (Suppléant),0,0,True,disponible,2026-08-30 01:36
63778,2026-08-30,Dimanche,10:30,11:20,DNA Victor Hugo,Reformer,Audrey Hugon,0,0,True,disponible,2026-08-30 01:36
19566,2026-08-30,Dimanche,11:00,11:50,DNA Yvon Villarceau,Reformer,Chloe Graeffly (Suppléant),0,0,True,disponible,2026-08-30 01:36
38731,2026-08-30,Dimanche,11:00,11:50,DNA Yvon Villarceau,Lagree,Nina Claro,0,0,True,disponible,2026-08-30 01:36
47638,2026-08-30,Dimanche,11:30,12:15,DNA Victor Hugo,Lagree,Hala Takkiedine (Suppléant),0,0,True,disponible,2026-08-30 01:36
63831,2026-08-30,Dimanche,11:30,12:20,DNA Victor Hugo,Reformer,Audrey Hugon,0,0,True,disponible,2026-08-30 01:36
19775,2026-08-30,Dimanche,12:00,12:50,DNA Yvon Villarceau,Reformer,Chloe Graeffly (Suppléant),0,0,True,disponible,2026-08-30 11:55
38939,2026-08-30,Dimanche,12:00,12:50,DNA Yvon Villarceau,Lagree,Nina Claro,0,0,True,disponible,2026-08-30 11:55
63884,2026-08-30,Dimanche,12:30,13:20,DNA Victor Hugo,Reformer,Audrey Hugon (Suppléant),0,0,True,disponible,2026-08-30 11:55
17893,2026-08-30,Dimanche,13:00,13:50,DNA Yvon Villarceau,Reformer,Chloe Graeffly (Suppléant),0,0,True,disponible,2026-08-30 11:55
39147,2026-08-30,Dimanche,13:00,13:50,DNA Yvon Villarceau,Lagree,Nina Claro,0,0,True,disponible,2026-08-30 11:55
47744,2026-08-30,Dimanche,13:30,14:15,DNA Victor Hugo,Lagree,Julia Tapiro,0,0,True,disponible,2026-08-30 11:55
33243,2026-08-30,Dimanche,14:00,14:50,DNA Yvon Villarceau,Lagree,Nina Claro,0,0,True,disponible,2026-08-30 11:55
56110,2026-08-30,Dimanche,14:00,14:50,DNA Yvon Villarceau,Reformer,Chloe Graeffly (Suppléant),0,0,True,disponible,2026-08-30 01:36
47797,2026-08-30,Dimanche,14:30,15:15,DNA Victor Hugo,Lagree,Julia Tapiro,0,0,True,disponible,2026-08-30 11:55
67207,2026-08-30,Dimanche,14:30,15:20,DNA Victor Hugo,Reformer,Samantha N,0,0,True,disponible,2026-08-30 01:36
16008,2026-08-30,Dimanche,15:00,15:50,DNA Yvon Villarceau,Reformer,Lucrezia Amerio (Suppléant),0,0,True,disponible,2026-08-30 11:55
47850,2026-08-30,Dimanche,15:30,16:15,DNA Victor Hugo,Lagree,Julia Tapiro,0,0,True,disponible,2026-08-30 01:36
67260,2026-08-30,Dimanche,15:30,16:20,DNA Victor Hugo,Reformer,Samantha N,0,0,True,disponible,2026-08-30 01:36
24354,2026-08-30,Dimanche,16:00,16:50,DNA Yvon Villarceau,Reformer,Lucrezia Amerio (Suppléant),0,0,True,disponible,2026-08-30 11:55
37891,2026-08-30,Dimanche,16:00,16:50,DNA Yvon Villarceau,Lagree,Catrin Karlson English class,0,0,True,disponible,2026-08-30 11:55
67313,2026-08-30,Dimanche,16:30,17:20,DNA Victor Hugo,Reformer,Samantha N,0,0,True,disponible,2026-08-30 01:36
19983,2026-08-30,Dimanche,17:00,17:50,DNA Yvon Villarceau,Reformer,Lucrezia Amerio (Suppléant),0,0,True,disponible,2026-08-30 16:51
39355,2026-08-30,Dimanche,17:00,17:50,DNA Yvon Villarceau,Lagree,Catrin Karlson English class,0,0,True,disponible,2026-08-30 11:55
64308,2026-08-30,Dimanche,17:30,18:20,DNA Victor Hugo,Reformer,Chloe Graeffly,0,0,True,disponible,2026-08-30 16:51
39771,2026-08-30,Dimanche,18:00,18:50,DNA Yvon Villarceau,Lagree,Catrin Karlson English class,0,0,True,disponible,2026-08-30 11:55
59733,2026-08-30,Dimanche,18:00,18:50,DNA Yvon Villarceau,Reformer,Laura Provost (Suppléant),0,0,True,disponible,2026-08-30 01:36
52608,2026-08-30,Dimanche,18:30,19:15,DNA Victor Hugo,Lagree,Hala Takkiedine,0,0,True,disponible,2026-08-30 16:51
64361,2026-08-30,Dimanche,18:30,19:20,DNA Victor Hugo,Reformer,Chloe Graeffly,0,0,True,disponible,2026-08-30 16:51
20401,2026-08-30,Dimanche,19:00,19:50,DNA Yvon Villarceau,Reformer,Laura Provost (Suppléant),0,0,True,disponible,2026-08-30 01:36
39979,2026-08-30,Dimanche,19:00,19:50,DNA Yvon Villarceau,Lagree,Catrin Karlson English class,0,0,True,disponible,2026-08-30 16:51
52660,2026-08-30,Dimanche,19:30,20:15,DNA Victor Hugo,Lagree,Hala Takkiedine,0,0,True,disponible,2026-08-30 16:51
18523,2026-08-31,Lundi,08:00,08:50,DNA Yvon Villarceau,Reformer,Rebecca Raccah,0,0,True,disponible,2026-08-30 16:51
35913,2026-08-31,Lundi,08:00,08:50,DNA Yvon Villarceau,Lagree,hafsa boughemza (Suppléant),0,0,True,disponible,2026-08-30 20:37
61084,2026-08-31,Lundi,08:30,09:20,DNA Victor Hugo,Reformer,Laura Provost,0,0,True,disponible,2026-08-31 01:51
65668,2026-08-31,Lundi,08:30,09:20,DNA Victor Hugo,Lagree,Melody Naggar,0,0,True,disponible,2026-08-09 12:15
25398,2026-08-31,Lundi,09:00,09:50,DNA Yvon Villarceau,Reformer,hafsa boughemza (Suppléant),0,0,True,disponible,2026-08-31 01:51
36122,2026-08-31,Lundi,09:00,09:50,DNA Yvon Villarceau,Lagree,hafsa boughemza (Suppléant),0,0,True,disponible,2026-08-30 16:51
61137,2026-08-31,Lundi,09:30,10:20,DNA Victor Hugo,Reformer,Laura Provost,0,0,True,disponible,2026-08-31 01:51
65693,2026-08-31,Lundi,09:30,10:20,DNA Victor Hugo,Lagree,Melody Naggar,0,0,True,disponible,2026-08-09 12:15
25190,2026-08-31,Lundi,10:00,10:50,DNA Yvon Villarceau,Reformer,hafsa boughemza (Suppléant),0,0,True,disponible,2026-08-31 01:51
44972,2026-08-31,Lundi,10:00,10:50,DNA Yvon Villarceau,Lagree,hafsa boughemza (Suppléant),0,0,True,disponible,2026-08-30 16:51
61190,2026-08-31,Lundi,10:30,11:20,DNA Victor Hugo,Reformer,Laura Provost,0,0,True,disponible,2026-08-30 20:37
65718,2026-08-31,Lundi,10:30,11:20,DNA Victor Hugo,Lagree,Melody Naggar,0,0,True,disponible,2026-08-09 12:15
24982,2026-08-31,Lundi,11:00,11:50,DNA Yvon Villarceau,Reformer,Carla Triboul (Suppléant),0,0,True,disponible,2026-08-31 01:51
34461,2026-08-31,Lundi,11:00,11:50,DNA Yvon Villarceau,Lagree,hafsa boughemza (Suppléant),7,7,True,complet,2026-08-31 01:51
46632,2026-08-31,Lundi,11:30,12:15,DNA Victor Hugo,Lagree,Sarah Elfassy,0,0,True,disponible,2026-08-09 12:15
61243,2026-08-31,Lundi,11:30,12:20,DNA Victor Hugo,Reformer,Nina Claro,0,0,True,disponible,2026-08-31 01:51
18731,2026-08-31,Lundi,12:00,12:50,DNA Yvon Villarceau,Reformer,Carla Triboul (Suppléant),0,0,True,disponible,2026-08-31 01:51
51754,2026-08-31,Lundi,12:00,12:50,DNA Yvon Villarceau,Lagree,Catrin Karlson English class,0,0,True,disponible,2026-08-31 01:51
46685,2026-08-31,Lundi,12:30,13:15,DNA Victor Hugo,Lagree,Sarah Elfassy,0,0,True,disponible,2026-08-09 12:15
61296,2026-08-31,Lundi,12:30,13:20,DNA Victor Hugo,Reformer,Nina Claro,0,0,True,disponible,2026-08-31 01:51
18939,2026-08-31,Lundi,13:00,13:50,DNA Yvon Villarceau,Reformer,Carla Triboul (Suppléant),0,0,True,disponible,2026-08-31 12:49
35709,2026-08-31,Lundi,13:00,13:50,DNA Yvon Villarceau,Lagree,Catrin Karlson English class,0,0,True,disponible,2026-08-31 12:49
61349,2026-08-31,Lundi,13:30,14:20,DNA Victor Hugo,Reformer,Nina Claro,0,0,True,disponible,2026-08-31 01:51
62014,2026-08-31,Lundi,13:30,14:20,DNA Victor Hugo,Lagree,Sarah Elfassy,0,0,True,disponible,2026-08-09 12:15
37099,2026-08-31,Lundi,14:00,14:50,DNA Yvon Villarceau,Lagree,Catrin Karlson English class,0,0,True,disponible,2026-08-31 12:49
56266,2026-08-31,Lundi,14:00,14:50,DNA Yvon Villarceau,Reformer,Carla Triboul (Suppléant),0,0,True,disponible,2026-08-31 01:51
62242,2026-08-31,Lundi,14:30,15:20,DNA Victor Hugo,Reformer,Sarah Elfassy,0,0,True,disponible,2026-08-09 12:15
33713,2026-08-31,Lundi,15:00,15:50,DNA Yvon Villarceau,Lagree,Ela Anastasia,0,0,True,disponible,2026-08-12 13:56
55486,2026-08-31,Lundi,15:30,16:20,DNA Victor Hugo,Reformer,Sarah Elfassy,0,0,True,disponible,2026-08-09 12:15
31941,2026-08-31,Lundi,16:00,16:50,DNA Yvon Villarceau,Lagree,Ela Anastasia,0,0,True,disponible,2026-08-12 13:56
46428,2026-08-31,Lundi,16:00,16:50,DNA Yvon Villarceau,Reformer,Eve Lacroix (Suppléant),0,0,True,disponible,2026-08-31 12:49
27062,2026-08-31,Lundi,17:00,17:50,DNA Yvon Villarceau,Reformer,Eve Lacroix (Suppléant),0,0,True,disponible,2026-08-31 12:49
45180,2026-08-31,Lundi,17:00,17:50,DNA Yvon Villarceau,Lagree,Calista Ruat,0,0,True,disponible,2026-08-31 12:49
47957,2026-08-31,Lundi,17:30,18:15,DNA Victor Hugo,Lagree,Catrin Karlson English class,0,0,True,disponible,2026-08-31 12:49
61770,2026-08-31,Lundi,17:30,18:20,DNA Victor Hugo,Reformer,Soudi Zargham (Suppléant),0,0,True,disponible,2026-08-31 12:49
26854,2026-08-31,Lundi,18:00,18:50,DNA Yvon Villarceau,Reformer,Eve Lacroix (Suppléant),0,0,True,disponible,2026-08-31 12:49
45388,2026-08-31,Lundi,18:00,18:50,DNA Yvon Villarceau,Lagree,Calista Ruat,0,0,True,disponible,2026-08-31 12:49
48009,2026-08-31,Lundi,18:30,19:15,DNA Victor Hugo,Lagree,Catrin Karlson English class,0,0,True,disponible,2026-08-31 12:49
61823,2026-08-31,Lundi,18:30,19:20,DNA Victor Hugo,Reformer,Soudi Zargham (Suppléant),0,0,True,disponible,2026-08-31 12:49
24774,2026-08-31,Lundi,19:00,19:50,DNA Yvon Villarceau,Reformer,Marie De Saint Simon,0,0,True,disponible,2026-08-31 12:49
45804,2026-08-31,Lundi,19:00,19:50,DNA Yvon Villarceau,Lagree,Calista Ruat,0,0,True,disponible,2026-08-31 12:49
48061,2026-08-31,Lundi,19:30,20:15,DNA Victor Hugo,Lagree,Catrin Karlson English class,0,0,True,disponible,2026-08-31 12:49
61929,2026-08-31,Lundi,19:30,20:20,DNA Victor Hugo,Reformer,Soudi Zargham (Suppléant),0,0,True,disponible,2026-08-31 12:49
24566,2026-08-31,Lundi,20:00,20:50,DNA Yvon Villarceau,Reformer,Marie De Saint Simon,0,0,True,disponible,2026-08-31 19:59
45596,2026-08-31,Lundi,20:00,20:50,DNA Yvon Villarceau,Lagree,Calista Ruat,0,0,True,disponible,2026-08-31 19:59
48113,2026-08-31,Lundi,20:30,21:15,DNA Victor Hugo,Lagree,Catrin Karlson English class,0,0,True,disponible,2026-08-31 19:59
59581,2026-08-31,Lundi,21:00,21:50,DNA Yvon Villarceau,Reformer,Marie De Saint Simon,0,0,True,disponible,2026-08-31 12:49
28102,2026-09-01,Mardi,08:00,08:50,DNA Yvon Villarceau,Lagree,Leann Mroueh (Suppléant),0,0,True,disponible,2026-08-31 19:59
50389,2026-09-01,Mardi,08:00,08:50,DNA Yvon Villarceau,Reformer,Charlie DMC,0,0,True,disponible,2026-09-01 00:48
62436,2026-09-01,Mardi,08:30,09:20,DNA Victor Hugo,Reformer,Nina Claro,7,7,True,complet,2026-09-01 00:48
65616,2026-09-01,Mardi,08:30,09:20,DNA Victor Hugo,Lagree,Calista Ruat (Suppléant),0,0,True,disponible,2026-08-31 19:59
28310,2026-09-01,Mardi,09:00,09:50,DNA Yvon Villarceau,Lagree,Leann Mroueh (Suppléant),0,0,True,disponible,2026-08-31 19:59
50586,2026-09-01,Mardi,09:00,09:50,DNA Yvon Villarceau,Reformer,Charlie DMC,0,0,True,disponible,2026-09-01 00:48
62489,2026-09-01,Mardi,09:30,10:20,DNA Victor Hugo,Reformer,Nina Claro,0,0,True,disponible,2026-08-31 19:59
65642,2026-09-01,Mardi,09:30,10:20,DNA Victor Hugo,Lagree,Calista Ruat (Suppléant),0,0,True,disponible,2026-08-31 19:59
28518,2026-09-01,Mardi,10:00,10:50,DNA Yvon Villarceau,Lagree,Leann Mroueh (Suppléant),0,0,True,disponible,2026-09-01 00:48
50783,2026-09-01,Mardi,10:00,10:50,DNA Yvon Villarceau,Reformer,Charlie DMC,0,0,True,disponible,2026-09-01 00:48
48270,2026-09-01,Mardi,10:30,11:15,DNA Victor Hugo,Lagree,Calista Ruat (Suppléant),0,0,True,disponible,2026-09-01 00:48
62542,2026-09-01,Mardi,10:30,11:20,DNA Victor Hugo,Reformer,Nina Claro,0,0,True,disponible,2026-08-31 19:59
26230,2026-09-01,Mardi,11:00,11:50,DNA Yvon Villarceau,Reformer,Soudi Zargham,0,0,True,disponible,2026-09-01 00:48
28726,2026-09-01,Mardi,11:00,11:50,DNA Yvon Villarceau,Lagree,Catrin Karlson English class (Suppléant),0,0,True,disponible,2026-09-01 00:48
48323,2026-09-01,Mardi,11:30,12:15,DNA Victor Hugo,Lagree,hafsa boughemza (Suppléant),0,0,True,disponible,2026-08-31 19:59
62595,2026-09-01,Mardi,11:30,12:20,DNA Victor Hugo,Reformer,Nina Claro,0,0,True,disponible,2026-09-01 11:23
26022,2026-09-01,Mardi,12:00,12:50,DNA Yvon Villarceau,Reformer,Soudi Zargham,0,0,True,disponible,2026-09-01 11:23
44140,2026-09-01,Mardi,12:00,12:50,DNA Yvon Villarceau,Lagree,Catrin Karlson English class (Suppléant),0,0,True,disponible,2026-09-01 11:23
48376,2026-09-01,Mardi,12:30,13:15,DNA Victor Hugo,Lagree,Leann Mroueh,0,0,True,disponible,2026-08-09 17:45
62648,2026-09-01,Mardi,12:30,13:20,DNA Victor Hugo,Reformer,Nina Claro,0,0,True,disponible,2026-09-01 11:23
25814,2026-09-01,Mardi,13:00,13:50,DNA Yvon Villarceau,Reformer,Soudi Zargham,0,0,True,disponible,2026-09-01 11:23
44348,2026-09-01,Mardi,13:00,13:50,DNA Yvon Villarceau,Lagree,Catrin Karlson English class (Suppléant),0,0,True,disponible,2026-09-01 11:23
48429,2026-09-01,Mardi,13:30,14:15,DNA Victor Hugo,Lagree,Leann Mroueh,0,0,True,disponible,2026-08-09 17:45
66264,2026-09-01,Mardi,13:30,14:20,DNA Victor Hugo,Reformer,Nina Claro,0,0,True,disponible,2026-09-01 11:23
67677,2026-09-01,Mardi,13:30,14:20,DNA Yvon Villarceau,Lagree,hafsa boughemza,0,0,True,disponible,2026-08-28 02:25
36942,2026-09-01,Mardi,14:00,14:50,DNA Yvon Villarceau,Lagree,Catrin Karlson English class (Suppléant),0,0,True,disponible,2026-09-01 00:48
65819,2026-09-01,Mardi,14:30,15:20,DNA Victor Hugo,Reformer,Olivia Lamarre Reyner,0,0,True,disponible,2026-09-01 11:23
67363,2026-09-01,Mardi,14:30,15:20,DNA Victor Hugo,Lagree,hafsa boughemza,0,0,True,disponible,2026-09-01 11:23
65872,2026-09-01,Mardi,15:30,16:20,DNA Victor Hugo,Reformer,Olivia Lamarre Reyner,0,0,True,disponible,2026-09-01 11:23
67416,2026-09-01,Mardi,15:30,16:20,DNA Victor Hugo,Lagree,hafsa boughemza,0,0,True,disponible,2026-09-01 00:48
57055,2026-09-01,Mardi,16:00,16:50,DNA Yvon Villarceau,Reformer,Charlie DMC,0,0,True,disponible,2026-09-01 11:23
65925,2026-09-01,Mardi,16:30,17:20,DNA Victor Hugo,Reformer,Olivia Lamarre Reyner,0,0,True,disponible,2026-09-01 16:17
12689,2026-09-01,Mardi,17:00,17:50,DNA Yvon Villarceau,Reformer,Charlie DMC,0,0,True,disponible,2026-09-01 11:23
52150,2026-09-01,Mardi,17:00,17:50,DNA Yvon Villarceau,Lagree,Catrin Karlson English class (Suppléant),0,0,True,disponible,2026-09-01 11:23
54879,2026-09-01,Mardi,17:30,18:15,DNA Victor Hugo,Lagree,Leann Mroueh,0,0,True,disponible,2026-09-01 16:17
66297,2026-09-01,Mardi,17:30,18:20,DNA Victor Hugo,Reformer,Carla Triboul,0,0,True,disponible,2026-09-01 16:17
12897,2026-09-01,Mardi,18:00,18:50,DNA Yvon Villarceau,Reformer,Charlie DMC,0,0,True,disponible,2026-09-01 16:17
35501,2026-09-01,Mardi,18:00,18:50,DNA Yvon Villarceau,Lagree,Catrin Karlson English class (Suppléant),0,0,True,disponible,2026-09-01 16:17
55031,2026-09-01,Mardi,18:30,19:15,DNA Victor Hugo,Lagree,Leann Mroueh,0,0,True,disponible,2026-09-01 16:17
63937,2026-09-01,Mardi,18:30,19:20,DNA Victor Hugo,Reformer,Carla Triboul,0,0,True,disponible,2026-09-01 16:17
13105,2026-09-01,Mardi,19:00,19:50,DNA Yvon Villarceau,Reformer,Eve Lacroix,7,7,True,complet,2026-09-01 16:17
44556,2026-09-01,Mardi,19:00,19:50,DNA Yvon Villarceau,Lagree,Calista Ruat,0,0,True,disponible,2026-09-01 16:17
55183,2026-09-01,Mardi,19:30,20:15,DNA Victor Hugo,Lagree,Leann Mroueh,0,0,True,disponible,2026-09-01 16:17
63990,2026-09-01,Mardi,19:30,20:20,DNA Victor Hugo,Reformer,Carla Triboul,0,0,True,disponible,2026-09-01 16:17
25606,2026-09-01,Mardi,20:00,20:50,DNA Yvon Villarceau,Reformer,Eve Lacroix,0,0,True,disponible,2026-09-01 19:56
44764,2026-09-01,Mardi,20:00,20:50,DNA Yvon Villarceau,Lagree,Calista Ruat,0,0,True,disponible,2026-09-01 19:56
55335,2026-09-01,Mardi,20:30,21:15,DNA Victor Hugo,Lagree,Leann Mroueh,0,0,True,disponible,2026-09-01 16:17
64043,2026-09-01,Mardi,20:30,21:20,DNA Victor Hugo,Reformer,Carla Triboul,0,0,True,disponible,2026-09-01 19:56
59410,2026-09-01,Mardi,21:00,21:50,DNA Yvon Villarceau,Reformer,Eve Lacroix,0,0,True,disponible,2026-09-01 16:17
65742,2026-09-01,Mardi,21:00,21:50,DNA Yvon Villarceau,Lagree,Calista Ruat,0,0,True,disponible,2026-09-01 19:56
31047,2026-09-02,Mercredi,07:00,07:50,DNA Yvon Villarceau,Lagree,Kim Sarfati,0,0,True,inconnu,2026-09-02 01:17
18107,2026-09-02,Mercredi,08:00,08:50,DNA Yvon Villarceau,Reformer,Chloe Graeffly (Suppléant),0,0,True,disponible,2026-09-02 01:17
31545,2026-09-02,Mercredi,08:00,08:50,DNA Yvon Villarceau,Lagree,Ela Anastasia,0,0,True,disponible,2026-09-01 19:56
59984,2026-09-02,Mercredi,08:30,09:20,DNA Victor Hugo,Reformer,Charlie DMC,0,0,True,disponible,2026-09-01 23:00
65538,2026-09-02,Mercredi,08:30,09:20,DNA Victor Hugo,Lagree,Calista Ruat (Suppléant),0,0,True,disponible,2026-09-02 01:17
18315,2026-09-02,Mercredi,09:00,09:50,DNA Yvon Villarceau,Reformer,Chloe Graeffly (Suppléant),0,0,True,disponible,2026-09-01 23:00
31754,2026-09-02,Mercredi,09:00,09:50,DNA Yvon Villarceau,Lagree,Ela Anastasia,0,0,True,disponible,2026-09-01 19:56
60036,2026-09-02,Mercredi,09:30,10:20,DNA Victor Hugo,Reformer,Charlie DMC,0,0,True,disponible,2026-09-02 01:17
65564,2026-09-02,Mercredi,09:30,10:20,DNA Victor Hugo,Lagree,Calista Ruat (Suppléant),0,0,True,disponible,2026-09-01 19:56
27894,2026-09-02,Mercredi,10:00,10:50,DNA Yvon Villarceau,Reformer,Chloe Graeffly (Suppléant),0,0,True,disponible,2026-09-01 23:00
42476,2026-09-02,Mercredi,10:00,10:50,DNA Yvon Villarceau,Lagree,Ela Anastasia,0,0,True,disponible,2026-09-02 01:17
60088,2026-09-02,Mercredi,10:30,11:20,DNA Victor Hugo,Reformer,Charlie DMC,0,0,True,disponible,2026-09-02 01:17
65590,2026-09-02,Mercredi,10:30,11:20,DNA Victor Hugo,Lagree,Calista Ruat (Suppléant),0,0,True,disponible,2026-09-02 01:17
27686,2026-09-02,Mercredi,11:00,11:50,DNA Yvon Villarceau,Reformer,Leann Mroueh (Suppléant),0,0,True,disponible,2026-09-02 10:45
43100,2026-09-02,Mercredi,11:00,11:50,DNA Yvon Villarceau,Lagree,Ela Anastasia,0,0,True,disponible,2026-09-02 01:17
52348,2026-09-02,Mercredi,11:30,12:15,DNA Victor Hugo,Lagree,Eve Lacroix (Suppléant),0,0,True,disponible,2026-09-02 01:17
63566,2026-09-02,Mercredi,11:30,12:20,DNA Victor Hugo,Reformer,Charlie DMC,0,0,True,disponible,2026-09-02 10:45
27478,2026-09-02,Mercredi,12:00,12:50,DNA Yvon Villarceau,Reformer,Leann Mroueh (Suppléant),0,0,True,disponible,2026-09-02 01:17
43308,2026-09-02,Mercredi,12:00,12:50,DNA Yvon Villarceau,Lagree,Ela Anastasia,0,0,True,disponible,2026-09-02 10:45
59914,2026-09-02,Mercredi,12:30,13:15,DNA Victor Hugo,Lagree,Eve Lacroix (Suppléant),0,0,True,disponible,2026-09-02 10:45
60140,2026-09-02,Mercredi,12:30,13:20,DNA Victor Hugo,Reformer,Charlie DMC,0,0,True,disponible,2026-09-02 10:45
27270,2026-09-02,Mercredi,13:00,13:50,DNA Yvon Villarceau,Reformer,Leann Mroueh (Suppléant),0,0,True,disponible,2026-09-02 10:45
43516,2026-09-02,Mercredi,13:00,13:50,DNA Yvon Villarceau,Lagree,Calista Ruat (Suppléant),0,0,True,disponible,2026-09-02 10:45
59949,2026-09-02,Mercredi,13:30,14:15,DNA Victor Hugo,Lagree,Carla Triboul (Suppléant),0,0,True,disponible,2026-09-02 10:45
16637,2026-09-02,Mercredi,14:00,14:50,DNA Yvon Villarceau,Reformer,Leann Mroueh,0,0,True,disponible,2026-08-09 15:59
33087,2026-09-02,Mercredi,14:00,14:50,DNA Yvon Villarceau,Lagree,Calista Ruat (Suppléant),0,0,True,disponible,2026-09-02 10:45
49065,2026-09-02,Mercredi,14:30,15:15,DNA Victor Hugo,Lagree,Carla Triboul (Suppléant),0,0,True,disponible,2026-09-02 10:45
64728,2026-09-02,Mercredi,14:30,15:20,DNA Victor Hugo,Reformer,Olivia Lamarre Reyner,0,0,True,disponible,2026-09-02 10:45
16846,2026-09-02,Mercredi,15:00,15:50,DNA Yvon Villarceau,Reformer,Leann Mroueh,0,0,True,disponible,2026-08-09 15:59
33400,2026-09-02,Mercredi,15:00,15:50,DNA Yvon Villarceau,Lagree,Calista Ruat (Suppléant),0,0,True,disponible,2026-09-02 10:45
64780,2026-09-02,Mercredi,15:30,16:20,DNA Victor Hugo,Reformer,Olivia Lamarre Reyner,0,0,True,disponible,2026-09-02 10:45
17055,2026-09-02,Mercredi,16:00,16:50,DNA Yvon Villarceau,Reformer,Leann Mroueh,0,0,True,disponible,2026-08-09 15:59
15605,2026-09-02,Mercredi,17:00,17:50,DNA Yvon Villarceau,Reformer,Charlie DMC,0,0,True,disponible,2026-09-02 15:37
53548,2026-09-02,Mercredi,17:00,17:50,DNA Yvon Villarceau,Lagree,Ela Anastasia,0,0,True,disponible,2026-09-02 15:37
49171,2026-09-02,Mercredi,17:30,18:15,DNA Victor Hugo,Lagree,Catrin Karlson English class,0,0,True,disponible,2026-09-02 10:45
64096,2026-09-02,Mercredi,17:30,18:20,DNA Victor Hugo,Reformer,Chloe Graeffly,0,0,True,disponible,2026-09-02 15:37
51199,2026-09-02,Mercredi,18:00,18:50,DNA Yvon Villarceau,Reformer,Charlie DMC,0,0,True,disponible,2026-09-02 15:37
53745,2026-09-02,Mercredi,18:00,18:50,DNA Yvon Villarceau,Lagree,Ela Anastasia,0,0,True,disponible,2026-09-02 15:37
49224,2026-09-02,Mercredi,18:30,19:20,DNA Victor Hugo,Lagree,Catrin Karlson English class,0,0,True,disponible,2026-09-02 15:37
64149,2026-09-02,Mercredi,18:30,19:20,DNA Victor Hugo,Reformer,Chloe Graeffly,0,0,True,disponible,2026-09-02 15:37
13313,2026-09-02,Mercredi,19:00,19:50,DNA Yvon Villarceau,Reformer,Charlie DMC,0,0,True,disponible,2026-09-02 15:37
32692,2026-09-02,Mercredi,19:00,19:50,DNA Yvon Villarceau,Lagree,Ela Anastasia,0,0,True,disponible,2026-09-02 15:37
49277,2026-09-02,Mercredi,19:30,20:15,DNA Victor Hugo,Lagree,Catrin Karlson English class,0,0,True,disponible,2026-09-02 15:37
66230,2026-09-02,Mercredi,19:30,20:20,DNA Victor Hugo,Reformer,Chloe Graeffly,0,0,True,disponible,2026-09-02 19:21
32900,2026-09-02,Mercredi,20:00,20:50,DNA Yvon Villarceau,Lagree,Ela Anastasia,0,0,True,disponible,2026-09-02 19:21
50981,2026-09-02,Mercredi,20:00,20:50,DNA Yvon Villarceau,Reformer,Eve Lacroix,0,0,True,disponible,2026-09-02 19:21
64255,2026-09-02,Mercredi,20:30,21:20,DNA Victor Hugo,Reformer,Chloe Graeffly,0,0,True,disponible,2026-09-02 19:21
65512,2026-09-02,Mercredi,20:30,21:20,DNA Victor Hugo,Lagree,Catrin Karlson English class,0,0,True,disponible,2026-09-02 19:21
57326,2026-09-02,Mercredi,21:00,21:50,DNA Yvon Villarceau,Reformer,Eve Lacroix,0,0,True,disponible,2026-09-02 15:37
14565,2026-09-03,Jeudi,08:00,08:50,DNA Yvon Villarceau,Reformer,Nina Claro,0,0,True,disponible,2026-09-03 00:37
36335,2026-09-03,Jeudi,08:00,08:50,DNA Yvon Villarceau,Lagree,hafsa boughemza (Suppléant),0,0,True,disponible,2026-09-03 00:37
49383,2026-09-03,Jeudi,08:30,09:15,DNA Victor Hugo,Lagree,Eve Lacroix (Suppléant),0,0,True,disponible,2026-09-02 19:21
60192,2026-09-03,Jeudi,08:30,09:20,DNA Victor Hugo,Reformer,Charlie DMC,0,0,True,disponible,2026-09-03 00:37
14773,2026-09-03,Jeudi,09:00,09:50,DNA Yvon Villarceau,Reformer,Nina Claro,0,0,True,disponible,2026-09-03 00:37
36543,2026-09-03,Jeudi,09:00,09:50,DNA Yvon Villarceau,Lagree,hafsa boughemza (Suppléant),0,0,True,disponible,2026-09-02 19:21
49436,2026-09-03,Jeudi,09:30,10:15,DNA Victor Hugo,Lagree,Eve Lacroix (Suppléant),0,0,True,disponible,2026-09-02 19:21
60244,2026-09-03,Jeudi,09:30,10:20,DNA Victor Hugo,Reformer,Charlie DMC,0,0,True,disponible,2026-09-03 00:37
22069,2026-09-03,Jeudi,10:00,10:50,DNA Yvon Villarceau,Reformer,Lucrezia Amerio (Suppléant),0,0,True,disponible,2026-09-03 00:37
36751,2026-09-03,Jeudi,10:00,10:50,DNA Yvon Villarceau,Lagree,hafsa boughemza (Suppléant),0,0,True,disponible,2026-09-03 00:37
49489,2026-09-03,Jeudi,10:30,11:15,DNA Victor Hugo,Lagree,Leann Mroueh,0,0,True,disponible,2026-09-03 00:37
60296,2026-09-03,Jeudi,10:30,11:20,DNA Victor Hugo,Reformer,Charlie DMC,0,0,True,disponible,2026-09-02 19:21
22693,2026-09-03,Jeudi,11:00,11:50,DNA Yvon Villarceau,Reformer,Lucrezia Amerio (Suppléant),0,0,True,disponible,2026-09-03 00:37
41020,2026-09-03,Jeudi,11:00,11:50,DNA Yvon Villarceau,Lagree,Nina Claro,0,0,True,disponible,2026-09-03 00:37
62754,2026-09-03,Jeudi,11:30,12:15,DNA Victor Hugo,Lagree,Leann Mroueh,0,0,True,disponible,2026-09-03 00:37
63408,2026-09-03,Jeudi,11:30,12:20,DNA Victor Hugo,Reformer,Audrey Hugon,0,0,True,disponible,2026-09-03 10:55
22901,2026-09-03,Jeudi,12:00,12:50,DNA Yvon Villarceau,Reformer,Soudi Zargham,0,0,True,disponible,2026-09-03 10:55
41644,2026-09-03,Jeudi,12:00,12:50,DNA Yvon Villarceau,Lagree,Nina Claro,7,7,True,complet,2026-09-03 10:55
49595,2026-09-03,Jeudi,12:30,13:15,DNA Victor Hugo,Lagree,Sarah Elfassy,0,0,True,disponible,2026-09-03 10:55
63461,2026-09-03,Jeudi,12:30,13:20,DNA Victor Hugo,Reformer,Audrey Hugon,0,0,True,disponible,2026-09-03 10:55
23109,2026-09-03,Jeudi,13:00,13:50,DNA Yvon Villarceau,Reformer,Soudi Zargham,0,0,True,disponible,2026-09-03 10:55
42060,2026-09-03,Jeudi,13:00,13:50,DNA Yvon Villarceau,Lagree,Nina Claro,7,7,True,complet,2026-09-03 10:55
49648,2026-09-03,Jeudi,13:30,14:15,DNA Victor Hugo,Lagree,Sarah Elfassy,0,0,True,disponible,2026-09-03 10:55
63514,2026-09-03,Jeudi,13:30,14:20,DNA Victor Hugo,Reformer,Audrey Hugon,0,0,True,disponible,2026-09-03 00:37
10168,2026-09-03,Jeudi,14:00,14:50,DNA Yvon Villarceau,Reformer,Soudi Zargham,0,0,True,disponible,2026-09-02 19:21
65978,2026-09-03,Jeudi,14:30,15:20,DNA Victor Hugo,Reformer,Olivia Lamarre Reyner,0,0,True,disponible,2026-09-03 10:55
67469,2026-09-03,Jeudi,14:30,15:20,DNA Victor Hugo,Lagree,Carla Triboul (Suppléant),0,0,True,disponible,2026-09-03 10:55
37681,2026-09-03,Jeudi,15:00,15:50,DNA Yvon Villarceau,Lagree,Sarah Elfassy,0,0,True,disponible,2026-09-03 10:55
59167,2026-09-03,Jeudi,15:00,15:50,DNA Yvon Villarceau,Reformer,Nina Claro,0,0,True,disponible,2026-09-03 10:55
66030,2026-09-03,Jeudi,15:30,16:20,DNA Victor Hugo,Reformer,Olivia Lamarre Reyner,0,0,True,disponible,2026-09-03 10:55
67521,2026-09-03,Jeudi,15:30,16:20,DNA Victor Hugo,Lagree,Carla Triboul (Suppléant),0,0,True,disponible,2026-09-03 10:55
59219,2026-09-03,Jeudi,16:00,16:50,DNA Yvon Villarceau,Reformer,Nina Claro,0,0,True,disponible,2026-09-03 15:34
65459,2026-09-03,Jeudi,16:00,16:50,DNA Yvon Villarceau,Lagree,Sarah Elfassy,0,0,True,disponible,2026-09-03 10:55
66082,2026-09-03,Jeudi,16:30,17:20,DNA Victor Hugo,Reformer,Olivia Lamarre Reyner,0,0,True,disponible,2026-09-03 15:34
23317,2026-09-03,Jeudi,17:00,17:50,DNA Yvon Villarceau,Reformer,Nina Claro,0,0,True,disponible,2026-09-03 15:34
42268,2026-09-03,Jeudi,17:00,17:50,DNA Yvon Villarceau,Lagree,Calista Ruat,0,0,True,disponible,2026-09-03 15:34
49701,2026-09-03,Jeudi,17:30,18:15,DNA Victor Hugo,Lagree,hafsa boughemza (Suppléant),0,0,True,disponible,2026-09-03 15:34
61614,2026-09-03,Jeudi,17:30,18:20,DNA Victor Hugo,Reformer,Carla Triboul,0,0,True,disponible,2026-09-03 15:34
23525,2026-09-03,Jeudi,18:00,18:50,DNA Yvon Villarceau,Reformer,Nina Claro,0,0,True,disponible,2026-09-03 15:34
42684,2026-09-03,Jeudi,18:00,18:50,DNA Yvon Villarceau,Lagree,Calista Ruat,0,0,True,disponible,2026-09-03 15:34
49754,2026-09-03,Jeudi,18:30,19:15,DNA Victor Hugo,Lagree,hafsa boughemza (Suppléant),0,0,True,disponible,2026-09-03 15:34
61666,2026-09-03,Jeudi,18:30,19:20,DNA Victor Hugo,Reformer,Carla Triboul,0,0,True,disponible,2026-09-03 15:34
14981,2026-09-03,Jeudi,19:00,19:50,DNA Yvon Villarceau,Reformer,Eve Lacroix,0,0,True,disponible,2026-09-03 15:34
43724,2026-09-03,Jeudi,19:00,19:50,DNA Yvon Villarceau,Lagree,Calista Ruat,0,0,True,disponible,2026-09-03 15:34
49807,2026-09-03,Jeudi,19:30,20:15,DNA Victor Hugo,Lagree,hafsa boughemza (Suppléant),0,0,True,disponible,2026-09-03 19:13
61718,2026-09-03,Jeudi,19:30,20:20,DNA Victor Hugo,Reformer,Carla Triboul,0,0,True,disponible,2026-09-03 19:13
15189,2026-09-03,Jeudi,20:00,20:50,DNA Yvon Villarceau,Reformer,Eve Lacroix,0,0,True,disponible,2026-09-03 19:13
43932,2026-09-03,Jeudi,20:00,20:50,DNA Yvon Villarceau,Lagree,Calista Ruat,0,0,True,disponible,2026-09-03 19:13
49860,2026-09-03,Jeudi,20:30,21:20,DNA Victor Hugo,Lagree,hafsa boughemza (Suppléant),0,0,True,disponible,2026-09-03 15:34
67102,2026-09-03,Jeudi,20:30,21:20,DNA Victor Hugo,Reformer,Carla Triboul,0,0,True,disponible,2026-09-03 15:34
15386,2026-09-03,Jeudi,21:00,21:50,DNA Yvon Villarceau,Reformer,Eve Lacroix,0,0,True,disponible,2026-09-03 19:13
17274,2026-09-04,Vendredi,08:00,08:50,DNA Yvon Villarceau,Reformer,Carla Triboul (Suppléant),0,0,True,disponible,2026-09-03 19:13
39564,2026-09-04,Vendredi,08:00,08:50,DNA Yvon Villarceau,Lagree,Nina Claro,0,0,True,disponible,2026-09-04 00:33
46738,2026-09-04,Vendredi,08:30,09:15,DNA Victor Hugo,Lagree,Ela Anastasia,0,0,True,disponible,2026-09-04 00:33
61509,2026-09-04,Vendredi,08:30,09:20,DNA Victor Hugo,Reformer,Soudi Zargham,0,0,True,disponible,2026-09-04 00:33
17483,2026-09-04,Vendredi,09:00,09:50,DNA Yvon Villarceau,Reformer,Carla Triboul (Suppléant),0,0,True,disponible,2026-09-04 00:33
40188,2026-09-04,Vendredi,09:00,09:50,DNA Yvon Villarceau,Lagree,Nina Claro,0,0,True,disponible,2026-09-04 00:33
46791,2026-09-04,Vendredi,09:30,10:15,DNA Victor Hugo,Lagree,Ela Anastasia,0,0,True,disponible,2026-09-03 19:13
61562,2026-09-04,Vendredi,09:30,10:20,DNA Victor Hugo,Reformer,Soudi Zargham,0,0,True,disponible,2026-09-04 00:33
17692,2026-09-04,Vendredi,10:00,10:50,DNA Yvon Villarceau,Reformer,Carla Triboul (Suppléant),0,0,True,disponible,2026-09-03 19:13
40396,2026-09-04,Vendredi,10:00,10:50,DNA Yvon Villarceau,Lagree,Nina Claro,0,0,True,disponible,2026-09-04 00:33
46844,2026-09-04,Vendredi,10:30,11:15,DNA Victor Hugo,Lagree,Ela Anastasia,0,0,True,disponible,2026-09-04 00:33
60504,2026-09-04,Vendredi,10:30,11:20,DNA Victor Hugo,Reformer,Soudi Zargham,0,0,True,disponible,2026-09-04 00:33
21238,2026-09-04,Vendredi,11:00,11:50,DNA Yvon Villarceau,Reformer,Chloe Graeffly (Suppléant),0,0,True,disponible,2026-09-04 10:49
37261,2026-09-04,Vendredi,11:00,11:50,DNA Yvon Villarceau,Lagree,Nina Claro,7,7,True,complet,2026-09-04 10:49
46897,2026-09-04,Vendredi,11:30,12:15,DNA Victor Hugo,Lagree,Carla Triboul,0,0,True,disponible,2026-09-04 10:49
63146,2026-09-04,Vendredi,11:30,12:20,DNA Victor Hugo,Reformer,Leann Mroueh,0,0,True,disponible,2026-09-04 10:49
21445,2026-09-04,Vendredi,12:00,12:50,DNA Yvon Villarceau,Reformer,Chloe Graeffly (Suppléant),0,0,True,disponible,2026-09-04 10:49
40604,2026-09-04,Vendredi,12:00,12:50,DNA Yvon Villarceau,Lagree,Nina Claro,0,0,True,disponible,2026-09-04 10:49
46950,2026-09-04,Vendredi,12:30,13:15,DNA Victor Hugo,Lagree,Carla Triboul,0,0,True,disponible,2026-09-04 10:49
63198,2026-09-04,Vendredi,12:30,13:20,DNA Victor Hugo,Reformer,Leann Mroueh,0,0,True,disponible,2026-09-04 10:49
21653,2026-09-04,Vendredi,13:00,13:50,DNA Yvon Villarceau,Reformer,Chloe Graeffly (Suppléant),0,0,True,disponible,2026-09-04 10:49
40812,2026-09-04,Vendredi,13:00,13:50,DNA Yvon Villarceau,Lagree,Nina Claro,7,7,True,complet,2026-09-04 10:49
60610,2026-09-04,Vendredi,13:30,14:20,DNA Victor Hugo,Reformer,Leann Mroueh,0,0,True,disponible,2026-09-04 10:49
66939,2026-09-04,Vendredi,13:30,14:20,DNA Victor Hugo,Lagree,Carla Triboul,0,0,True,disponible,2026-09-04 10:49
66992,2026-09-04,Vendredi,14:30,15:20,DNA Victor Hugo,Lagree,Carla Triboul,0,0,True,disponible,2026-08-09 18:54
31215,2026-09-04,Vendredi,15:00,15:50,DNA Yvon Villarceau,Lagree,Leann Mroueh,0,0,True,disponible,2026-08-09 15:59
67625,2026-09-04,Vendredi,15:30,16:20,DNA Victor Hugo,Lagree,hafsa boughemza,0,0,True,disponible,2026-09-04 10:49
31372,2026-09-04,Vendredi,16:00,16:50,DNA Yvon Villarceau,Lagree,Leann Mroueh,0,0,True,disponible,2026-08-09 15:59
66134,2026-09-04,Vendredi,16:30,17:20,DNA Victor Hugo,Lagree,Carla Triboul (Suppléant),0,0,True,disponible,2026-09-04 10:49
67155,2026-09-04,Vendredi,16:30,17:20,DNA Victor Hugo,Reformer,Yasmine Khoulalene,0,0,True,disponible,2026-09-04 10:49
21861,2026-09-04,Vendredi,17:00,17:50,DNA Yvon Villarceau,Reformer,Audrey Hugon,0,0,True,disponible,2026-09-04 15:30
41228,2026-09-04,Vendredi,17:00,17:50,DNA Yvon Villarceau,Lagree,Leann Mroueh,0,0,True,disponible,2026-08-09 15:59
60875,2026-09-04,Vendredi,17:30,18:20,DNA Victor Hugo,Reformer,Yasmine Khoulalene,0,0,True,disponible,2026-09-04 15:30
66187,2026-09-04,Vendredi,17:30,18:20,DNA Victor Hugo,Lagree,Carla Triboul (Suppléant),0,0,True,disponible,2026-09-04 15:30
22277,2026-09-04,Vendredi,18:00,18:50,DNA Yvon Villarceau,Reformer,Audrey Hugon,0,0,True,disponible,2026-09-04 15:30
65148,2026-09-04,Vendredi,18:00,18:50,DNA Yvon Villarceau,Lagree,Calista Ruat,0,0,True,disponible,2026-09-04 15:30
47109,2026-09-04,Vendredi,18:30,19:15,DNA Victor Hugo,Lagree,Carla Triboul (Suppléant),0,0,True,disponible,2026-09-04 15:30
60716,2026-09-04,Vendredi,18:30,19:20,DNA Victor Hugo,Reformer,Olivia Lamarre Reyner,0,0,True,disponible,2026-09-04 15:30
22485,2026-09-04,Vendredi,19:00,19:50,DNA Yvon Villarceau,Reformer,Audrey Hugon,0,0,True,disponible,2026-09-04 15:30
65305,2026-09-04,Vendredi,19:00,19:50,DNA Yvon Villarceau,Lagree,Calista Ruat,0,0,True,disponible,2026-09-04 15:30
47162,2026-09-04,Vendredi,19:30,20:15,DNA Victor Hugo,Lagree,Carla Triboul (Suppléant),0,0,True,disponible,2026-09-04 19:05
63354,2026-09-04,Vendredi,19:30,20:20,DNA Victor Hugo,Reformer,Olivia Lamarre Reyner,0,0,True,disponible,2026-09-04 19:05
52906,2026-09-04,Vendredi,20:00,20:50,DNA Yvon Villarceau,Reformer,Audrey Hugon,0,0,True,disponible,2026-09-04 19:05
62967,2026-09-04,Vendredi,20:00,20:50,DNA Yvon Villarceau,Lagree,Calista Ruat,0,0,True,disponible,2026-09-04 19:05
64832,2026-09-04,Vendredi,21:00,21:50,DNA Yvon Villarceau,Reformer,Eve Lacroix,0,0,True,inconnu,2026-09-04 19:05
46012,2026-09-05,Samedi,08:00,09:00,DNA Yvon Villarceau,Lagree,Alice Amat,0,0,True,inconnu,2026-09-04 23:49
12065,2026-09-05,Samedi,09:00,09:50,DNA Yvon Villarceau,Reformer,Leann Mroueh (Suppléant),0,0,True,disponible,2026-09-04 19:05
34045,2026-09-05,Samedi,09:00,09:50,DNA Yvon Villarceau,Lagree,Carla Triboul (Suppléant),0,0,True,disponible,2026-09-04 23:49
47215,2026-09-05,Samedi,09:30,10:15,DNA Victor Hugo,Lagree,Nina Claro,0,0,True,disponible,2026-09-04 23:49
64414,2026-09-05,Samedi,09:30,10:20,DNA Victor Hugo,Reformer,Chloe Graeffly,0,0,True,disponible,2026-09-04 23:49
11016,2026-09-05,Samedi,10:00,10:50,DNA Yvon Villarceau,Reformer,Carla Triboul (Suppléant),0,0,True,disponible,2026-09-04 23:49
34253,2026-09-05,Samedi,10:00,10:50,DNA Yvon Villarceau,Lagree,Carla Triboul (Suppléant),0,0,True,disponible,2026-09-04 19:05
47268,2026-09-05,Samedi,10:30,11:15,DNA Victor Hugo,Lagree,Nina Claro,0,0,True,disponible,2026-09-05 10:20
64467,2026-09-05,Samedi,10:30,11:20,DNA Victor Hugo,Reformer,Chloe Graeffly,7,7,True,complet,2026-09-05 10:20
11226,2026-09-05,Samedi,11:00,11:50,DNA Yvon Villarceau,Reformer,Carla Triboul (Suppléant),0,0,True,disponible,2026-09-05 10:20
34669,2026-09-05,Samedi,11:00,11:50,DNA Yvon Villarceau,Lagree,Carla Triboul (Suppléant),0,0,True,disponible,2026-09-04 19:05
47321,2026-09-05,Samedi,11:30,12:15,DNA Victor Hugo,Lagree,Nina Claro,0,0,True,disponible,2026-09-05 10:20
64520,2026-09-05,Samedi,11:30,12:20,DNA Victor Hugo,Reformer,Chloe Graeffly,7,7,True,complet,2026-09-05 10:20
10806,2026-09-05,Samedi,12:00,12:50,DNA Yvon Villarceau,Reformer,Lucrezia Amerio (Suppléant),0,0,True,disponible,2026-09-05 10:20
35083,2026-09-05,Samedi,12:00,12:50,DNA Yvon Villarceau,Lagree,Carla Triboul (Suppléant),0,0,True,disponible,2026-09-04 15:30
47374,2026-09-05,Samedi,12:30,13:15,DNA Victor Hugo,Lagree,Carla Triboul (Suppléant),0,0,True,disponible,2026-09-05 10:20
64885,2026-09-05,Samedi,12:30,13:20,DNA Victor Hugo,Reformer,Chloe Graeffly,0,0,True,disponible,2026-09-05 10:20
11436,2026-09-05,Samedi,13:00,13:50,DNA Yvon Villarceau,Reformer,Lucrezia Amerio (Suppléant),0,0,True,disponible,2026-09-05 10:20
32100,2026-09-05,Samedi,13:00,13:50,DNA Yvon Villarceau,Lagree,Carla Triboul (Suppléant),0,0,True,disponible,2026-09-04 15:30
47427,2026-09-05,Samedi,13:30,14:15,DNA Victor Hugo,Lagree,Carla Triboul (Suppléant),0,0,True,disponible,2026-09-05 10:20
64573,2026-09-05,Samedi,13:30,14:20,DNA Victor Hugo,Reformer,Chloe Graeffly,0,0,True,disponible,2026-09-05 10:20
16219,2026-09-05,Samedi,14:00,14:50,DNA Yvon Villarceau,Reformer,Nina Claro,0,0,True,disponible,2026-09-05 10:20
29210,2026-09-05,Samedi,14:00,14:50,DNA Yvon Villarceau,Lagree,Lucrezia Amerio,0,0,True,disponible,2026-09-05 10:20
47480,2026-09-05,Samedi,14:30,15:15,DNA Victor Hugo,Lagree,Carla Triboul (Suppléant),0,0,True,disponible,2026-09-05 14:03
63620,2026-09-05,Samedi,14:30,15:20,DNA Victor Hugo,Reformer,Olivia Lamarre Reyner,0,0,True,disponible,2026-09-05 14:03
16427,2026-09-05,Samedi,15:00,15:50,DNA Yvon Villarceau,Reformer,Nina Claro,0,0,True,disponible,2026-09-05 14:03
29366,2026-09-05,Samedi,15:00,15:50,DNA Yvon Villarceau,Lagree,Lucrezia Amerio,0,0,True,disponible,2026-09-05 14:03
63673,2026-09-05,Samedi,15:30,16:20,DNA Victor Hugo,Reformer,Olivia Lamarre Reyner,0,0,True,disponible,2026-09-05 14:03
11649,2026-09-05,Samedi,16:00,16:50,DNA Yvon Villarceau,Reformer,Chloe Graeffly,0,0,True,disponible,2026-09-02 01:17
30652,2026-09-05,Samedi,16:00,16:50,DNA Yvon Villarceau,Lagree,Catrin Karlson English class (Suppléant),0,0,True,disponible,2026-09-05 14:03
64938,2026-09-05,Samedi,16:30,17:20,DNA Victor Hugo,Reformer,Lucrezia Amerio,0,0,True,disponible,2026-09-05 14:03
65796,2026-09-05,Samedi,16:30,17:20,DNA Victor Hugo,Lagree,Carla Triboul,0,0,True,disponible,2026-09-05 10:20
11857,2026-09-05,Samedi,17:00,17:50,DNA Yvon Villarceau,Reformer,Olivia Lamarre Reyner (Suppléant),0,0,True,disponible,2026-09-05 14:03
29875,2026-09-05,Samedi,17:00,17:50,DNA Yvon Villarceau,Lagree,Catrin Karlson English class (Suppléant),0,0,True,disponible,2026-09-05 14:03
52453,2026-09-05,Samedi,17:30,18:15,DNA Victor Hugo,Lagree,Carla Triboul,0,0,True,disponible,2026-09-05 17:10
64991,2026-09-05,Samedi,17:30,18:20,DNA Victor Hugo,Reformer,Lucrezia Amerio,0,0,True,disponible,2026-09-05 17:10
12273,2026-09-05,Samedi,18:00,18:50,DNA Yvon Villarceau,Reformer,Olivia Lamarre Reyner (Suppléant),0,0,True,disponible,2026-09-05 17:10
30084,2026-09-05,Samedi,18:00,18:50,DNA Yvon Villarceau,Lagree,Catrin Karlson English class (Suppléant),0,0,True,disponible,2026-09-05 14:03
52505,2026-09-05,Samedi,18:30,19:15,DNA Victor Hugo,Lagree,Carla Triboul,0,0,True,disponible,2026-09-05 14:03
65044,2026-09-05,Samedi,18:30,19:20,DNA Victor Hugo,Reformer,Lucrezia Amerio,0,0,True,disponible,2026-09-05 17:10
12481,2026-09-05,Samedi,19:00,19:50,DNA Yvon Villarceau,Reformer,Olivia Lamarre Reyner (Suppléant),0,0,True,disponible,2026-09-05 14:03
30449,2026-09-05,Samedi,19:00,19:50,DNA Yvon Villarceau,Lagree,Catrin Karlson English class (Suppléant),0,0,True,disponible,2026-09-05 14:03
52557,2026-09-05,Samedi,19:30,20:15,DNA Victor Hugo,Lagree,Carla Triboul,0,0,True,disponible,2026-09-05 19:20
65097,2026-09-05,Samedi,19:30,20:20,DNA Victor Hugo,Reformer,Lucrezia Amerio,0,0,True,disponible,2026-09-05 19:20
38316,2026-09-06,Dimanche,09:00,09:50,DNA Yvon Villarceau,Lagree,Nina Claro,0,0,True,disponible,2026-09-06 01:19
46222,2026-09-06,Dimanche,09:00,09:50,DNA Yvon Villarceau,Reformer,Eve Lacroix,0,0,True,disponible,2026-09-06 01:19
47533,2026-09-06,Dimanche,09:30,10:15,DNA Victor Hugo,Lagree,Ela Anastasia,0,0,True,disponible,2026-09-06 01:19
63726,2026-09-06,Dimanche,09:30,10:20,DNA Victor Hugo,Reformer,Audrey Hugon,0,0,True,disponible,2026-09-06 01:19
19358,2026-09-06,Dimanche,10:00,10:50,DNA Yvon Villarceau,Reformer,Eve Lacroix,0,0,True,disponible,2026-09-06 01:19
38524,2026-09-06,Dimanche,10:00,10:50,DNA Yvon Villarceau,Lagree,Nina Claro,0,0,True,disponible,2026-09-06 01:19
47586,2026-09-06,Dimanche,10:30,11:15,DNA Victor Hugo,Lagree,Ela Anastasia,0,0,True,disponible,2026-09-06 01:19
63779,2026-09-06,Dimanche,10:30,11:20,DNA Victor Hugo,Reformer,Audrey Hugon,0,0,True,disponible,2026-09-06 01:19
19567,2026-09-06,Dimanche,11:00,11:50,DNA Yvon Villarceau,Reformer,Eve Lacroix,0,0,True,disponible,2026-09-06 10:38
38732,2026-09-06,Dimanche,11:00,11:50,DNA Yvon Villarceau,Lagree,Nina Claro,0,0,True,disponible,2026-09-06 10:38
47639,2026-09-06,Dimanche,11:30,12:15,DNA Victor Hugo,Lagree,Ela Anastasia,0,0,True,disponible,2026-09-06 10:38
63832,2026-09-06,Dimanche,11:30,12:20,DNA Victor Hugo,Reformer,Audrey Hugon,0,0,True,disponible,2026-09-06 10:38
19776,2026-09-06,Dimanche,12:00,12:50,DNA Yvon Villarceau,Reformer,Eve Lacroix,0,0,True,disponible,2026-09-06 10:38
38940,2026-09-06,Dimanche,12:00,12:50,DNA Yvon Villarceau,Lagree,Nina Claro,0,0,True,disponible,2026-09-06 10:38
63885,2026-09-06,Dimanche,12:30,13:20,DNA Victor Hugo,Reformer,Audrey Hugon,0,0,True,disponible,2026-09-06 10:38
17894,2026-09-06,Dimanche,13:00,13:50,DNA Yvon Villarceau,Reformer,Eve Lacroix,0,0,True,disponible,2026-09-06 10:38
39148,2026-09-06,Dimanche,13:00,13:50,DNA Yvon Villarceau,Lagree,Nina Claro,0,0,True,disponible,2026-09-06 10:38
47745,2026-09-06,Dimanche,13:30,14:15,DNA Victor Hugo,Lagree,Julia Tapiro,0,0,True,disponible,2026-09-06 10:38
33244,2026-09-06,Dimanche,14:00,14:50,DNA Yvon Villarceau,Lagree,Nina Claro,0,0,True,disponible,2026-09-06 10:38
56111,2026-09-06,Dimanche,14:00,14:50,DNA Yvon Villarceau,Reformer,Eve Lacroix,0,0,True,disponible,2026-09-06 10:38
47798,2026-09-06,Dimanche,14:30,15:15,DNA Victor Hugo,Lagree,Julia Tapiro,0,0,True,disponible,2026-09-06 14:19
67208,2026-09-06,Dimanche,14:30,15:20,DNA Victor Hugo,Reformer,Lucrezia Amerio,0,0,True,disponible,2026-09-06 14:19
16009,2026-09-06,Dimanche,15:00,15:50,DNA Yvon Villarceau,Reformer,Olivia Lamarre Reyner,0,0,True,disponible,2026-09-06 10:38
47851,2026-09-06,Dimanche,15:30,16:15,DNA Victor Hugo,Lagree,Julia Tapiro,0,0,True,disponible,2026-09-06 14:19
67261,2026-09-06,Dimanche,15:30,16:20,DNA Victor Hugo,Reformer,Lucrezia Amerio,0,0,True,disponible,2026-09-06 14:19
24355,2026-09-06,Dimanche,16:00,16:50,DNA Yvon Villarceau,Reformer,Olivia Lamarre Reyner,0,0,True,disponible,2026-09-06 14:19
37892,2026-09-06,Dimanche,16:00,16:50,DNA Yvon Villarceau,Lagree,Catrin Karlson English class,0,0,True,disponible,2026-09-06 14:19
67314,2026-09-06,Dimanche,16:30,17:20,DNA Victor Hugo,Reformer,Lucrezia Amerio (Suppléant),0,0,True,disponible,2026-09-06 14:19
19984,2026-09-06,Dimanche,17:00,17:50,DNA Yvon Villarceau,Reformer,Olivia Lamarre Reyner,0,0,True,disponible,2026-09-06 14:19
39356,2026-09-06,Dimanche,17:00,17:50,DNA Yvon Villarceau,Lagree,Catrin Karlson English class,0,0,True,disponible,2026-09-06 14:19
64309,2026-09-06,Dimanche,17:30,18:20,DNA Victor Hugo,Reformer,Chloe Graeffly,0,0,True,disponible,2026-09-06 14:19
39772,2026-09-06,Dimanche,18:00,18:50,DNA Yvon Villarceau,Lagree,Catrin Karlson English class,0,0,True,disponible,2026-09-06 17:46
59734,2026-09-06,Dimanche,18:00,18:50,DNA Yvon Villarceau,Reformer,Carla Triboul (Suppléant),0,0,True,disponible,2026-09-06 17:46
52609,2026-09-06,Dimanche,18:30,19:15,DNA Victor Hugo,Lagree,Hala Takkiedine,0,0,True,disponible,2026-09-06 17:46
64362,2026-09-06,Dimanche,18:30,19:20,DNA Victor Hugo,Reformer,Chloe Graeffly,0,0,True,disponible,2026-09-06 17:46
20402,2026-09-06,Dimanche,19:00,19:50,DNA Yvon Villarceau,Reformer,Carla Triboul (Suppléant),0,0,True,disponible,2026-09-06 14:19
39980,2026-09-06,Dimanche,19:00,19:50,DNA Yvon Villarceau,Lagree,Catrin Karlson English class,0,0,True,disponible,2026-09-06 14:19
52661,2026-09-06,Dimanche,19:30,20:15,DNA Victor Hugo,Lagree,Hala Takkiedine,0,0,True,disponible,2026-09-06 17:46
18524,2026-09-07,Lundi,08:00,08:50,DNA Yvon Villarceau,Reformer,Rebecca Raccah,0,0,True,disponible,2026-09-07 00:53
35914,2026-09-07,Lundi,08:00,08:50,DNA Yvon Villarceau,Lagree,Ela Anastasia,0,0,True,disponible,2026-09-06 17:46
61085,2026-09-07,Lundi,08:30,09:20,DNA Victor Hugo,Reformer,Laura Provost,0,0,True,disponible,2026-09-07 00:53
66459,2026-09-07,Lundi,08:30,09:20,DNA Victor Hugo,Lagree,Carla Triboul,0,0,True,disponible,2026-09-06 17:46
25399,2026-09-07,Lundi,09:00,09:50,DNA Yvon Villarceau,Reformer,Rebecca Raccah,0,0,True,disponible,2026-09-07 00:53
36123,2026-09-07,Lundi,09:00,09:50,DNA Yvon Villarceau,Lagree,Ela Anastasia,0,0,True,disponible,2026-09-07 00:53
61138,2026-09-07,Lundi,09:30,10:20,DNA Victor Hugo,Reformer,Laura Provost,0,0,True,disponible,2026-09-07 00:53
66619,2026-09-07,Lundi,09:30,10:20,DNA Victor Hugo,Lagree,Carla Triboul,0,0,True,disponible,2026-09-06 17:46
25191,2026-09-07,Lundi,10:00,10:50,DNA Yvon Villarceau,Reformer,Rebecca Raccah,0,0,True,disponible,2026-09-07 00:53
44973,2026-09-07,Lundi,10:00,10:50,DNA Yvon Villarceau,Lagree,Ela Anastasia,0,0,True,disponible,2026-09-07 00:53
61191,2026-09-07,Lundi,10:30,11:20,DNA Victor Hugo,Reformer,Laura Provost,0,0,True,disponible,2026-09-07 00:53
66779,2026-09-07,Lundi,10:30,11:20,DNA Victor Hugo,Lagree,Carla Triboul,0,0,True,disponible,2026-09-07 00:53
24983,2026-09-07,Lundi,11:00,11:50,DNA Yvon Villarceau,Reformer,Rebecca Raccah,0,0,True,disponible,2026-09-07 00:53
34462,2026-09-07,Lundi,11:00,11:50,DNA Yvon Villarceau,Lagree,Ela Anastasia,0,0,True,disponible,2026-09-06 17:46
46633,2026-09-07,Lundi,11:30,12:15,DNA Victor Hugo,Lagree,Eve Lacroix (Suppléant),0,0,True,disponible,2026-09-07 00:53
61244,2026-09-07,Lundi,11:30,12:20,DNA Victor Hugo,Reformer,Nina Claro,0,0,True,disponible,2026-09-07 11:18
18732,2026-09-07,Lundi,12:00,12:50,DNA Yvon Villarceau,Reformer,Charlie DMC,0,0,True,disponible,2026-09-07 11:18
51755,2026-09-07,Lundi,12:00,12:50,DNA Yvon Villarceau,Lagree,Catrin Karlson English class,0,0,True,disponible,2026-09-07 11:18
46686,2026-09-07,Lundi,12:30,13:15,DNA Victor Hugo,Lagree,Eve Lacroix (Suppléant),0,0,True,disponible,2026-09-07 11:18
61297,2026-09-07,Lundi,12:30,13:20,DNA Victor Hugo,Reformer,Nina Claro,0,0,True,disponible,2026-09-07 11:18
18940,2026-09-07,Lundi,13:00,13:50,DNA Yvon Villarceau,Reformer,Charlie DMC,0,0,True,disponible,2026-09-07 11:18
35710,2026-09-07,Lundi,13:00,13:50,DNA Yvon Villarceau,Lagree,Catrin Karlson English class,0,0,True,disponible,2026-09-07 11:18
61350,2026-09-07,Lundi,13:30,14:20,DNA Victor Hugo,Reformer,Nina Claro,0,0,True,disponible,2026-09-07 11:18
62015,2026-09-07,Lundi,13:30,14:20,DNA Victor Hugo,Lagree,Eve Lacroix (Suppléant),0,0,True,disponible,2026-09-07 11:18
37100,2026-09-07,Lundi,14:00,14:50,DNA Yvon Villarceau,Lagree,Catrin Karlson English class,0,0,True,disponible,2026-09-07 11:18
56267,2026-09-07,Lundi,14:00,14:50,DNA Yvon Villarceau,Reformer,Charlie DMC,0,0,True,disponible,2026-09-07 11:18
62243,2026-09-07,Lundi,14:30,15:20,DNA Victor Hugo,Reformer,isis Magnin (Suppléant),0,0,True,disponible,2026-09-07 11:18
33714,2026-09-07,Lundi,15:00,15:50,DNA Yvon Villarceau,Lagree,Ela Anastasia,0,0,True,disponible,2026-09-07 11:18
55487,2026-09-07,Lundi,15:30,16:20,DNA Victor Hugo,Reformer,isis Magnin (Suppléant),0,0,True,disponible,2026-09-07 11:18
31942,2026-09-07,Lundi,16:00,16:50,DNA Yvon Villarceau,Lagree,Ela Anastasia,0,0,True,disponible,2026-09-07 11:18
46429,2026-09-07,Lundi,16:00,16:50,DNA Yvon Villarceau,Reformer,Charlie DMC,0,0,True,disponible,2026-09-07 11:18
27063,2026-09-07,Lundi,17:00,17:50,DNA Yvon Villarceau,Reformer,Charlie DMC,0,0,True,disponible,2026-09-07 11:18
45181,2026-09-07,Lundi,17:00,17:50,DNA Yvon Villarceau,Lagree,Calista Ruat,0,0,True,disponible,2026-09-07 11:18
47958,2026-09-07,Lundi,17:30,18:15,DNA Victor Hugo,Lagree,Catrin Karlson English class,0,0,True,disponible,2026-09-07 11:18
61771,2026-09-07,Lundi,17:30,18:20,DNA Victor Hugo,Reformer,Carla Triboul (Suppléant),0,0,True,disponible,2026-09-07 17:14
26855,2026-09-07,Lundi,18:00,18:50,DNA Yvon Villarceau,Reformer,Charlie DMC,0,0,True,disponible,2026-09-07 17:14
45389,2026-09-07,Lundi,18:00,18:50,DNA Yvon Villarceau,Lagree,Calista Ruat,0,0,True,disponible,2026-09-07 17:14
48010,2026-09-07,Lundi,18:30,19:15,DNA Victor Hugo,Lagree,Catrin Karlson English class,0,0,True,disponible,2026-09-07 17:14
61824,2026-09-07,Lundi,18:30,19:20,DNA Victor Hugo,Reformer,hafsa boughemza (Suppléant),0,0,True,disponible,2026-09-07 17:14
24775,2026-09-07,Lundi,19:00,19:50,DNA Yvon Villarceau,Reformer,Carla Triboul (Suppléant),0,0,True,disponible,2026-09-07 17:14
45805,2026-09-07,Lundi,19:00,19:50,DNA Yvon Villarceau,Lagree,Calista Ruat,7,7,True,complet,2026-09-07 17:14
48062,2026-09-07,Lundi,19:30,20:15,DNA Victor Hugo,Lagree,Catrin Karlson English class,0,0,True,disponible,2026-09-07 17:14
61930,2026-09-07,Lundi,19:30,20:20,DNA Victor Hugo,Reformer,hafsa boughemza (Suppléant),7,7,True,complet,2026-09-07 17:14
24567,2026-09-07,Lundi,20:00,20:50,DNA Yvon Villarceau,Reformer,Carla Triboul (Suppléant),0,0,True,disponible,2026-09-07 17:14
45597,2026-09-07,Lundi,20:00,20:50,DNA Yvon Villarceau,Lagree,Calista Ruat,0,0,True,disponible,2026-09-07 17:14
48114,2026-09-07,Lundi,20:30,21:15,DNA Victor Hugo,Lagree,Catrin Karlson English class,0,0,True,disponible,2026-09-07 17:14
59582,2026-09-07,Lundi,21:00,21:50,DNA Yvon Villarceau,Reformer,Carla Triboul (Suppléant),0,0,True,disponible,2026-09-07 17:14
28103,2026-09-08,Mardi,08:00,08:50,DNA Yvon Villarceau,Lagree,Ela Anastasia (Suppléant),0,0,True,disponible,2026-09-08 00:00
50390,2026-09-08,Mardi,08:00,08:50,DNA Yvon Villarceau,Reformer,Charlie DMC,0,0,True,disponible,2026-09-07 17:14
62437,2026-09-08,Mardi,08:30,09:20,DNA Victor Hugo,Reformer,Nina Claro,0,0,True,disponible,2026-09-08 00:00
65617,2026-09-08,Mardi,08:30,09:20,DNA Victor Hugo,Lagree,Yasmine Khoulalene,0,0,True,disponible,2026-09-07 17:14
28311,2026-09-08,Mardi,09:00,09:50,DNA Yvon Villarceau,Lagree,Ela Anastasia (Suppléant),0,0,True,disponible,2026-09-08 00:00
50587,2026-09-08,Mardi,09:00,09:50,DNA Yvon Villarceau,Reformer,Charlie DMC,0,0,True,disponible,2026-09-08 00:00
62490,2026-09-08,Mardi,09:30,10:20,DNA Victor Hugo,Reformer,Nina Claro,0,0,True,disponible,2026-09-08 00:00
67048,2026-09-08,Mardi,09:30,10:20,DNA Victor Hugo,Lagree,Yasmine Khoulalene,0,0,True,disponible,2026-09-08 00:00
28519,2026-09-08,Mardi,10:00,10:50,DNA Yvon Villarceau,Lagree,Ela Anastasia (Suppléant),0,0,True,disponible,2026-09-07 17:14
50784,2026-09-08,Mardi,10:00,10:50,DNA Yvon Villarceau,Reformer,Charlie DMC,0,0,True,disponible,2026-09-08 00:00
62543,2026-09-08,Mardi,10:30,11:20,DNA Victor Hugo,Reformer,Nina Claro,0,0,True,disponible,2026-09-08 00:00
67060,2026-09-08,Mardi,10:30,11:15,DNA Victor Hugo,Lagree,Yasmine Khoulalene,0,0,True,disponible,2026-09-08 00:00
26231,2026-09-08,Mardi,11:00,11:50,DNA Yvon Villarceau,Reformer,Soudi Zargham,0,0,True,disponible,2026-09-07 17:14
28727,2026-09-08,Mardi,11:00,11:50,DNA Yvon Villarceau,Lagree,isis Magnin,0,0,True,disponible,2026-09-08 10:51
48324,2026-09-08,Mardi,11:30,12:15,DNA Victor Hugo,Lagree,Eve Lacroix (Suppléant),0,0,True,disponible,2026-09-08 10:51
62596,2026-09-08,Mardi,11:30,12:20,DNA Victor Hugo,Reformer,Nina Claro,0,0,True,disponible,2026-09-08 00:00
26023,2026-09-08,Mardi,12:00,12:50,DNA Yvon Villarceau,Reformer,Soudi Zargham,0,0,True,disponible,2026-09-08 10:51
44141,2026-09-08,Mardi,12:00,12:50,DNA Yvon Villarceau,Lagree,isis Magnin,0,0,True,disponible,2026-09-08 10:51
62649,2026-09-08,Mardi,12:30,13:20,DNA Victor Hugo,Reformer,Nina Claro,0,0,True,disponible,2026-09-08 10:51
67073,2026-09-08,Mardi,12:30,13:15,DNA Victor Hugo,Lagree,Eve Lacroix (Suppléant),0,0,True,disponible,2026-09-08 10:51
25815,2026-09-08,Mardi,13:00,13:50,DNA Yvon Villarceau,Reformer,Soudi Zargham,0,0,True,disponible,2026-09-08 10:51
44349,2026-09-08,Mardi,13:00,13:50,DNA Yvon Villarceau,Lagree,isis Magnin,0,0,True,disponible,2026-09-08 10:51
66265,2026-09-08,Mardi,13:30,14:20,DNA Victor Hugo,Reformer,Nina Claro,0,0,True,disponible,2026-09-08 10:51
67086,2026-09-08,Mardi,13:30,14:15,DNA Victor Hugo,Lagree,Yasmine Khoulalene,0,0,True,disponible,2026-08-18 08:01
67678,2026-09-08,Mardi,13:30,14:20,DNA Yvon Villarceau,Lagree,hafsa boughemza,0,0,True,disponible,2026-08-28 02:25
36943,2026-09-08,Mardi,14:00,14:50,DNA Yvon Villarceau,Lagree,isis Magnin,0,0,True,disponible,2026-09-08 10:51
65820,2026-09-08,Mardi,14:30,15:20,DNA Victor Hugo,Reformer,Olivia Lamarre Reyner,0,0,True,disponible,2026-09-08 10:51
67364,2026-09-08,Mardi,14:30,15:20,DNA Victor Hugo,Lagree,hafsa boughemza,0,0,True,disponible,2026-09-03 15:34
65873,2026-09-08,Mardi,15:30,16:20,DNA Victor Hugo,Reformer,Olivia Lamarre Reyner,0,0,True,disponible,2026-09-08 10:51
67417,2026-09-08,Mardi,15:30,16:20,DNA Victor Hugo,Lagree,hafsa boughemza,0,0,True,disponible,2026-09-03 15:34
57056,2026-09-08,Mardi,16:00,16:50,DNA Yvon Villarceau,Reformer,Charlie DMC,0,0,True,disponible,2026-09-08 15:35
65926,2026-09-08,Mardi,16:30,17:20,DNA Victor Hugo,Reformer,Olivia Lamarre Reyner,0,0,True,disponible,2026-09-08 15:35
12690,2026-09-08,Mardi,17:00,17:50,DNA Yvon Villarceau,Reformer,Charlie DMC,0,0,True,disponible,2026-09-08 15:35
52151,2026-09-08,Mardi,17:00,17:50,DNA Yvon Villarceau,Lagree,isis Magnin,0,0,True,disponible,2026-09-08 10:51
54880,2026-09-08,Mardi,17:30,18:15,DNA Victor Hugo,Lagree,Leann Mroueh,0,0,True,disponible,2026-09-08 15:35
66298,2026-09-08,Mardi,17:30,18:20,DNA Victor Hugo,Reformer,Carla Triboul,0,0,True,disponible,2026-09-08 15:35
12898,2026-09-08,Mardi,18:00,18:50,DNA Yvon Villarceau,Reformer,Charlie DMC,0,0,True,disponible,2026-09-08 15:35
35502,2026-09-08,Mardi,18:00,18:50,DNA Yvon Villarceau,Lagree,isis Magnin,0,0,True,disponible,2026-09-08 15:35
55032,2026-09-08,Mardi,18:30,19:15,DNA Victor Hugo,Lagree,Leann Mroueh,0,0,True,disponible,2026-09-08 15:35
63938,2026-09-08,Mardi,18:30,19:20,DNA Victor Hugo,Reformer,Carla Triboul,0,0,True,disponible,2026-09-08 15:35
13106,2026-09-08,Mardi,19:00,19:50,DNA Yvon Villarceau,Reformer,Eve Lacroix,0,0,True,disponible,2026-09-08 15:35
44557,2026-09-08,Mardi,19:00,19:50,DNA Yvon Villarceau,Lagree,Calista Ruat,0,0,True,disponible,2026-09-08 15:35
55184,2026-09-08,Mardi,19:30,20:15,DNA Victor Hugo,Lagree,Leann Mroueh,0,0,True,disponible,2026-09-08 15:35
63991,2026-09-08,Mardi,19:30,20:20,DNA Victor Hugo,Reformer,Carla Triboul,0,0,True,disponible,2026-09-08 15:35
25607,2026-09-08,Mardi,20:00,20:50,DNA Yvon Villarceau,Reformer,Eve Lacroix,0,0,True,disponible,2026-09-08 19:30
44765,2026-09-08,Mardi,20:00,20:50,DNA Yvon Villarceau,Lagree,Calista Ruat,0,0,True,disponible,2026-09-08 19:30
55336,2026-09-08,Mardi,20:30,21:15,DNA Victor Hugo,Lagree,Leann Mroueh,0,0,True,disponible,2026-09-08 19:30
64044,2026-09-08,Mardi,20:30,21:20,DNA Victor Hugo,Reformer,Carla Triboul,0,0,True,disponible,2026-09-08 19:30
59411,2026-09-08,Mardi,21:00,21:50,DNA Yvon Villarceau,Reformer,Eve Lacroix,0,0,True,disponible,2026-09-08 19:30
65743,2026-09-08,Mardi,21:00,21:50,DNA Yvon Villarceau,Lagree,Calista Ruat,0,0,True,disponible,2026-09-08 19:30
31048,2026-09-09,Mercredi,07:00,07:50,DNA Yvon Villarceau,Lagree,Kim Sarfati,0,0,True,inconnu,2026-09-09 00:58
18108,2026-09-09,Mercredi,08:00,08:50,DNA Yvon Villarceau,Reformer,Rebecca Raccah,0,0,True,disponible,2026-09-09 00:58
31546,2026-09-09,Mercredi,08:00,08:50,DNA Yvon Villarceau,Lagree,Ela Anastasia,7,7,True,complet,2026-09-09 00:58
59985,2026-09-09,Mercredi,08:30,09:20,DNA Victor Hugo,Reformer,Charlie DMC,0,0,True,disponible,2026-09-09 00:58
65539,2026-09-09,Mercredi,08:30,09:20,DNA Victor Hugo,Lagree,Yasmine Khoulalene,0,0,True,disponible,2026-09-09 00:58
18316,2026-09-09,Mercredi,09:00,09:50,DNA Yvon Villarceau,Reformer,Rebecca Raccah,0,0,True,disponible,2026-09-09 00:58
31755,2026-09-09,Mercredi,09:00,09:50,DNA Yvon Villarceau,Lagree,Ela Anastasia,0,0,True,disponible,2026-09-09 00:58
60037,2026-09-09,Mercredi,09:30,10:20,DNA Victor Hugo,Reformer,Charlie DMC,0,0,True,disponible,2026-09-09 00:58
65565,2026-09-09,Mercredi,09:30,10:20,DNA Victor Hugo,Lagree,Yasmine Khoulalene,0,0,True,disponible,2026-09-08 22:17
27895,2026-09-09,Mercredi,10:00,10:50,DNA Yvon Villarceau,Reformer,Rebecca Raccah,0,0,True,disponible,2026-09-09 00:58
42477,2026-09-09,Mercredi,10:00,10:50,DNA Yvon Villarceau,Lagree,Ela Anastasia,0,0,True,disponible,2026-09-08 22:17
60089,2026-09-09,Mercredi,10:30,11:20,DNA Victor Hugo,Reformer,Charlie DMC,0,0,True,disponible,2026-09-09 00:58
65591,2026-09-09,Mercredi,10:30,11:20,DNA Victor Hugo,Lagree,Yasmine Khoulalene,0,0,True,disponible,2026-09-09 00:58
27687,2026-09-09,Mercredi,11:00,11:50,DNA Yvon Villarceau,Reformer,Rebecca Raccah,0,0,True,disponible,2026-09-09 00:58
43101,2026-09-09,Mercredi,11:00,11:50,DNA Yvon Villarceau,Lagree,Ela Anastasia,0,0,True,disponible,2026-09-09 10:57
52349,2026-09-09,Mercredi,11:30,12:15,DNA Victor Hugo,Lagree,Celia Almeida,0,0,True,disponible,2026-09-09 10:57
63567,2026-09-09,Mercredi,11:30,12:20,DNA Victor Hugo,Reformer,Charlie DMC,0,0,True,disponible,2026-09-09 10:57
27479,2026-09-09,Mercredi,12:00,12:50,DNA Yvon Villarceau,Reformer,Rebecca Raccah,0,0,True,disponible,2026-09-09 10:57
43309,2026-09-09,Mercredi,12:00,12:50,DNA Yvon Villarceau,Lagree,Ela Anastasia,0,0,True,disponible,2026-09-09 10:57
59915,2026-09-09,Mercredi,12:30,13:15,DNA Victor Hugo,Lagree,Celia Almeida,0,0,True,disponible,2026-09-09 10:57
60141,2026-09-09,Mercredi,12:30,13:20,DNA Victor Hugo,Reformer,Charlie DMC,0,0,True,disponible,2026-09-09 10:57
27271,2026-09-09,Mercredi,13:00,13:50,DNA Yvon Villarceau,Reformer,Rebecca Raccah,0,0,True,disponible,2026-09-09 10:57
43517,2026-09-09,Mercredi,13:00,13:50,DNA Yvon Villarceau,Lagree,isis Magnin,0,0,True,disponible,2026-09-09 10:57
59950,2026-09-09,Mercredi,13:30,14:15,DNA Victor Hugo,Lagree,Celia Almeida,0,0,True,disponible,2026-09-09 10:57
33088,2026-09-09,Mercredi,14:00,14:50,DNA Yvon Villarceau,Lagree,isis Magnin,0,0,True,disponible,2026-09-09 10:57
49066,2026-09-09,Mercredi,14:30,15:15,DNA Victor Hugo,Lagree,Celia Almeida,0,0,True,disponible,2026-09-09 00:58
64729,2026-09-09,Mercredi,14:30,15:20,DNA Victor Hugo,Reformer,Olivia Lamarre Reyner,0,0,True,disponible,2026-09-09 10:57
33401,2026-09-09,Mercredi,15:00,15:50,DNA Yvon Villarceau,Lagree,isis Magnin,0,0,True,disponible,2026-09-09 10:57
64781,2026-09-09,Mercredi,15:30,16:20,DNA Victor Hugo,Reformer,Olivia Lamarre Reyner,0,0,True,disponible,2026-09-09 10:57
15606,2026-09-09,Mercredi,17:00,17:50,DNA Yvon Villarceau,Reformer,Charlie DMC,0,0,True,disponible,2026-09-09 15:41
53549,2026-09-09,Mercredi,17:00,17:50,DNA Yvon Villarceau,Lagree,Calista Ruat (Suppléant),0,0,True,disponible,2026-09-09 15:41
49172,2026-09-09,Mercredi,17:30,18:15,DNA Victor Hugo,Lagree,Catrin Karlson English class,0,0,True,disponible,2026-09-09 15:41
64097,2026-09-09,Mercredi,17:30,18:20,DNA Victor Hugo,Reformer,Chloe Graeffly,0,0,True,disponible,2026-09-09 15:41
51200,2026-09-09,Mercredi,18:00,18:50,DNA Yvon Villarceau,Reformer,Charlie DMC,0,0,True,disponible,2026-09-09 15:41
53746,2026-09-09,Mercredi,18:00,18:50,DNA Yvon Villarceau,Lagree,Calista Ruat (Suppléant),0,0,True,disponible,2026-09-09 15:41
49225,2026-09-09,Mercredi,18:30,19:20,DNA Victor Hugo,Lagree,Catrin Karlson English class,0,0,True,disponible,2026-09-09 15:41
64150,2026-09-09,Mercredi,18:30,19:20,DNA Victor Hugo,Reformer,Chloe Graeffly,0,0,True,disponible,2026-09-09 15:41
13314,2026-09-09,Mercredi,19:00,19:50,DNA Yvon Villarceau,Reformer,Charlie DMC,0,0,True,disponible,2026-09-09 15:41
32693,2026-09-09,Mercredi,19:00,19:50,DNA Yvon Villarceau,Lagree,Calista Ruat (Suppléant),0,0,True,disponible,2026-09-09 15:41
49278,2026-09-09,Mercredi,19:30,20:15,DNA Victor Hugo,Lagree,Catrin Karlson English class,0,0,True,disponible,2026-09-09 19:17
66231,2026-09-09,Mercredi,19:30,20:20,DNA Victor Hugo,Reformer,Chloe Graeffly,0,0,True,disponible,2026-09-09 19:17
32901,2026-09-09,Mercredi,20:00,20:50,DNA Yvon Villarceau,Lagree,Calista Ruat (Suppléant),0,0,True,disponible,2026-09-09 19:17
50982,2026-09-09,Mercredi,20:00,20:50,DNA Yvon Villarceau,Reformer,Eve Lacroix,0,0,True,disponible,2026-09-09 19:17
64256,2026-09-09,Mercredi,20:30,21:20,DNA Victor Hugo,Reformer,Chloe Graeffly,0,0,True,disponible,2026-09-09 19:17
65513,2026-09-09,Mercredi,20:30,21:20,DNA Victor Hugo,Lagree,Catrin Karlson English class,0,0,True,disponible,2026-09-09 19:17
57327,2026-09-09,Mercredi,21:00,21:50,DNA Yvon Villarceau,Reformer,Eve Lacroix,0,0,True,disponible,2026-09-09 15:41
14566,2026-09-10,Jeudi,08:00,08:50,DNA Yvon Villarceau,Reformer,Nina Claro,0,0,True,disponible,2026-09-10 00:32
36336,2026-09-10,Jeudi,08:00,08:50,DNA Yvon Villarceau,Lagree,isis Magnin,0,0,True,disponible,2026-09-09 19:17
49384,2026-09-10,Jeudi,08:30,09:15,DNA Victor Hugo,Lagree,Eve Lacroix,0,0,True,disponible,2026-09-09 19:17
60193,2026-09-10,Jeudi,08:30,09:20,DNA Victor Hugo,Reformer,Charlie DMC,0,0,True,disponible,2026-09-10 00:32
14774,2026-09-10,Jeudi,09:00,09:50,DNA Yvon Villarceau,Reformer,Nina Claro,0,0,True,disponible,2026-09-10 00:32
36544,2026-09-10,Jeudi,09:00,09:50,DNA Yvon Villarceau,Lagree,isis Magnin,0,0,True,disponible,2026-09-09 19:17
49437,2026-09-10,Jeudi,09:30,10:15,DNA Victor Hugo,Lagree,Eve Lacroix,0,0,True,disponible,2026-09-10 00:32
60245,2026-09-10,Jeudi,09:30,10:20,DNA Victor Hugo,Reformer,Charlie DMC,0,0,True,disponible,2026-09-10 00:32
22070,2026-09-10,Jeudi,10:00,10:50,DNA Yvon Villarceau,Reformer,Rebecca Raccah,0,0,True,disponible,2026-09-10 00:32
36752,2026-09-10,Jeudi,10:00,10:50,DNA Yvon Villarceau,Lagree,isis Magnin,0,0,True,disponible,2026-09-10 00:32
49490,2026-09-10,Jeudi,10:30,11:15,DNA Victor Hugo,Lagree,Leann Mroueh,0,0,True,disponible,2026-09-10 00:32
60297,2026-09-10,Jeudi,10:30,11:20,DNA Victor Hugo,Reformer,Charlie DMC,0,0,True,disponible,2026-09-10 00:32
22694,2026-09-10,Jeudi,11:00,11:50,DNA Yvon Villarceau,Reformer,Rebecca Raccah,0,0,True,disponible,2026-09-10 10:56
41021,2026-09-10,Jeudi,11:00,11:50,DNA Yvon Villarceau,Lagree,Nina Claro,0,0,True,disponible,2026-09-10 00:32
62755,2026-09-10,Jeudi,11:30,12:15,DNA Victor Hugo,Lagree,Leann Mroueh,0,0,True,disponible,2026-09-10 00:32
63409,2026-09-10,Jeudi,11:30,12:20,DNA Victor Hugo,Reformer,Audrey Hugon,0,0,True,disponible,2026-09-10 10:56
22902,2026-09-10,Jeudi,12:00,12:50,DNA Yvon Villarceau,Reformer,Soudi Zargham,0,0,True,disponible,2026-09-10 10:56
41645,2026-09-10,Jeudi,12:00,12:50,DNA Yvon Villarceau,Lagree,Nina Claro,0,0,True,disponible,2026-09-10 10:56
49596,2026-09-10,Jeudi,12:30,13:15,DNA Victor Hugo,Lagree,Sarah Elfassy,0,0,True,disponible,2026-09-10 10:56
63462,2026-09-10,Jeudi,12:30,13:20,DNA Victor Hugo,Reformer,Audrey Hugon,0,0,True,disponible,2026-09-10 10:56
23110,2026-09-10,Jeudi,13:00,13:50,DNA Yvon Villarceau,Reformer,Soudi Zargham,0,0,True,disponible,2026-09-10 10:56
42061,2026-09-10,Jeudi,13:00,13:50,DNA Yvon Villarceau,Lagree,Nina Claro,0,0,True,disponible,2026-09-10 10:56
49649,2026-09-10,Jeudi,13:30,14:15,DNA Victor Hugo,Lagree,Sarah Elfassy,0,0,True,disponible,2026-09-10 10:56
63515,2026-09-10,Jeudi,13:30,14:20,DNA Victor Hugo,Reformer,Audrey Hugon,0,0,True,disponible,2026-09-10 00:32
10169,2026-09-10,Jeudi,14:00,14:50,DNA Yvon Villarceau,Reformer,Soudi Zargham,0,0,True,disponible,2026-09-10 00:32
65979,2026-09-10,Jeudi,14:30,15:20,DNA Victor Hugo,Reformer,Olivia Lamarre Reyner,0,0,True,disponible,2026-09-10 10:56
67470,2026-09-10,Jeudi,14:30,15:20,DNA Victor Hugo,Lagree,hafsa boughemza,0,0,True,disponible,2026-09-10 10:56
37682,2026-09-10,Jeudi,15:00,15:50,DNA Yvon Villarceau,Lagree,Sarah Elfassy,0,0,True,disponible,2026-09-10 10:56
59168,2026-09-10,Jeudi,15:00,15:50,DNA Yvon Villarceau,Reformer,Nina Claro,0,0,True,disponible,2026-09-10 00:32
66031,2026-09-10,Jeudi,15:30,16:20,DNA Victor Hugo,Reformer,Olivia Lamarre Reyner,0,0,True,disponible,2026-09-10 10:56
67522,2026-09-10,Jeudi,15:30,16:20,DNA Victor Hugo,Lagree,hafsa boughemza,0,0,True,disponible,2026-09-10 00:32
59220,2026-09-10,Jeudi,16:00,16:50,DNA Yvon Villarceau,Reformer,hafsa boughemza (Suppléant),0,0,True,disponible,2026-09-10 15:34
65460,2026-09-10,Jeudi,16:00,16:50,DNA Yvon Villarceau,Lagree,Sarah Elfassy,0,0,True,disponible,2026-09-10 15:34
66083,2026-09-10,Jeudi,16:30,17:20,DNA Victor Hugo,Reformer,Olivia Lamarre Reyner,0,0,True,disponible,2026-09-10 15:34
23318,2026-09-10,Jeudi,17:00,17:50,DNA Yvon Villarceau,Reformer,hafsa boughemza (Suppléant),0,0,True,disponible,2026-09-10 15:34
42269,2026-09-10,Jeudi,17:00,17:50,DNA Yvon Villarceau,Lagree,Calista Ruat,0,0,True,disponible,2026-09-10 15:34
49702,2026-09-10,Jeudi,17:30,18:15,DNA Victor Hugo,Lagree,Leann Mroueh,0,0,True,disponible,2026-09-10 10:56
61615,2026-09-10,Jeudi,17:30,18:20,DNA Victor Hugo,Reformer,Carla Triboul,0,0,True,disponible,2026-09-10 15:34
23526,2026-09-10,Jeudi,18:00,18:50,DNA Yvon Villarceau,Reformer,hafsa boughemza (Suppléant),0,0,True,disponible,2026-09-10 15:34
42685,2026-09-10,Jeudi,18:00,18:50,DNA Yvon Villarceau,Lagree,Calista Ruat,0,0,True,disponible,2026-09-10 15:34
49755,2026-09-10,Jeudi,18:30,19:15,DNA Victor Hugo,Lagree,Hala Takkiedine (Suppléant),0,0,True,disponible,2026-09-10 15:34
61667,2026-09-10,Jeudi,18:30,19:20,DNA Victor Hugo,Reformer,Carla Triboul,0,0,True,disponible,2026-09-10 15:34
14982,2026-09-10,Jeudi,19:00,19:50,DNA Yvon Villarceau,Reformer,Eve Lacroix,0,0,True,disponible,2026-09-10 15:34
43725,2026-09-10,Jeudi,19:00,19:50,DNA Yvon Villarceau,Lagree,Calista Ruat,0,0,True,disponible,2026-09-10 15:34
49808,2026-09-10,Jeudi,19:30,20:15,DNA Victor Hugo,Lagree,Hala Takkiedine (Suppléant),0,0,True,disponible,2026-09-10 19:12
61719,2026-09-10,Jeudi,19:30,20:20,DNA Victor Hugo,Reformer,Carla Triboul,0,0,True,disponible,2026-09-10 19:12
15190,2026-09-10,Jeudi,20:00,20:50,DNA Yvon Villarceau,Reformer,Eve Lacroix,0,0,True,disponible,2026-09-10 19:12
43933,2026-09-10,Jeudi,20:00,20:50,DNA Yvon Villarceau,Lagree,Calista Ruat,0,0,True,disponible,2026-09-10 15:34
49861,2026-09-10,Jeudi,20:30,21:20,DNA Victor Hugo,Lagree,Hala Takkiedine (Suppléant),0,0,True,disponible,2026-09-10 19:12
67103,2026-09-10,Jeudi,20:30,21:20,DNA Victor Hugo,Reformer,Carla Triboul,0,0,True,disponible,2026-09-10 19:12
15387,2026-09-10,Jeudi,21:00,21:50,DNA Yvon Villarceau,Reformer,Eve Lacroix,0,0,True,disponible,2026-09-10 15:34
17275,2026-09-11,Vendredi,08:00,08:50,DNA Yvon Villarceau,Reformer,Eve Lacroix,0,0,True,disponible,2026-09-10 23:54
39565,2026-09-11,Vendredi,08:00,08:50,DNA Yvon Villarceau,Lagree,Nina Claro,0,0,True,disponible,2026-09-10 19:12
46739,2026-09-11,Vendredi,08:30,09:15,DNA Victor Hugo,Lagree,Ela Anastasia,0,0,True,disponible,2026-09-10 23:54
61510,2026-09-11,Vendredi,08:30,09:20,DNA Victor Hugo,Reformer,hafsa boughemza (Suppléant),0,0,True,disponible,2026-09-10 23:54
17484,2026-09-11,Vendredi,09:00,09:50,DNA Yvon Villarceau,Reformer,Eve Lacroix,0,0,True,disponible,2026-09-10 23:54
40189,2026-09-11,Vendredi,09:00,09:50,DNA Yvon Villarceau,Lagree,Nina Claro,0,0,True,disponible,2026-09-10 23:54
46792,2026-09-11,Vendredi,09:30,10:15,DNA Victor Hugo,Lagree,Ela Anastasia,0,0,True,disponible,2026-09-10 19:12
61563,2026-09-11,Vendredi,09:30,10:20,DNA Victor Hugo,Reformer,hafsa boughemza (Suppléant),0,0,True,disponible,2026-09-10 23:54
17693,2026-09-11,Vendredi,10:00,10:50,DNA Yvon Villarceau,Reformer,Eve Lacroix,0,0,True,disponible,2026-09-10 19:12
40397,2026-09-11,Vendredi,10:00,10:50,DNA Yvon Villarceau,Lagree,Nina Claro,0,0,True,disponible,2026-09-10 23:54
46845,2026-09-11,Vendredi,10:30,11:15,DNA Victor Hugo,Lagree,Ela Anastasia,0,0,True,disponible,2026-09-10 23:54
60505,2026-09-11,Vendredi,10:30,11:20,DNA Victor Hugo,Reformer,hafsa boughemza (Suppléant),0,0,True,disponible,2026-09-10 23:54
21239,2026-09-11,Vendredi,11:00,11:50,DNA Yvon Villarceau,Reformer,Eve Lacroix,0,0,True,disponible,2026-09-10 19:12
37262,2026-09-11,Vendredi,11:00,11:50,DNA Yvon Villarceau,Lagree,Nina Claro,0,0,True,disponible,2026-09-11 10:53
46898,2026-09-11,Vendredi,11:30,12:15,DNA Victor Hugo,Lagree,Carla Triboul,0,0,True,disponible,2026-09-11 10:53
63147,2026-09-11,Vendredi,11:30,12:20,DNA Victor Hugo,Reformer,Leann Mroueh,0,0,True,disponible,2026-09-10 23:54
21446,2026-09-11,Vendredi,12:00,12:50,DNA Yvon Villarceau,Reformer,Eve Lacroix,0,0,True,disponible,2026-09-11 10:53
40605,2026-09-11,Vendredi,12:00,12:50,DNA Yvon Villarceau,Lagree,Nina Claro,0,0,True,disponible,2026-09-11 10:53
46951,2026-09-11,Vendredi,12:30,13:15,DNA Victor Hugo,Lagree,Carla Triboul,0,0,True,disponible,2026-09-11 10:53
63199,2026-09-11,Vendredi,12:30,13:20,DNA Victor Hugo,Reformer,Leann Mroueh,0,0,True,disponible,2026-09-11 10:53
21654,2026-09-11,Vendredi,13:00,13:50,DNA Yvon Villarceau,Reformer,Eve Lacroix,0,0,True,disponible,2026-09-11 10:53
40813,2026-09-11,Vendredi,13:00,13:50,DNA Yvon Villarceau,Lagree,Nina Claro,0,0,True,disponible,2026-09-11 10:53
60611,2026-09-11,Vendredi,13:30,14:20,DNA Victor Hugo,Reformer,Leann Mroueh,0,0,True,disponible,2026-09-11 10:53
66940,2026-09-11,Vendredi,13:30,14:20,DNA Victor Hugo,Lagree,Carla Triboul,0,0,True,disponible,2026-09-11 10:53
67574,2026-09-11,Vendredi,14:30,15:20,DNA Victor Hugo,Lagree,hafsa boughemza,0,0,True,disponible,2026-09-11 10:53
67626,2026-09-11,Vendredi,15:30,16:20,DNA Victor Hugo,Lagree,hafsa boughemza,0,0,True,disponible,2026-09-11 10:53
66135,2026-09-11,Vendredi,16:30,17:20,DNA Victor Hugo,Lagree,Celia Almeida,0,0,True,disponible,2026-09-11 10:53
67156,2026-09-11,Vendredi,16:30,17:20,DNA Victor Hugo,Reformer,Yasmine Khoulalene,0,0,True,disponible,2026-09-11 15:33
21862,2026-09-11,Vendredi,17:00,17:50,DNA Yvon Villarceau,Reformer,Charlie DMC (Suppléant),0,0,True,disponible,2026-09-11 15:33
60876,2026-09-11,Vendredi,17:30,18:20,DNA Victor Hugo,Reformer,Yasmine Khoulalene,0,0,True,disponible,2026-09-11 15:33
66188,2026-09-11,Vendredi,17:30,18:20,DNA Victor Hugo,Lagree,Celia Almeida,0,0,True,disponible,2026-09-11 15:33
22278,2026-09-11,Vendredi,18:00,18:50,DNA Yvon Villarceau,Reformer,Charlie DMC (Suppléant),0,0,True,disponible,2026-09-11 15:33
65149,2026-09-11,Vendredi,18:00,18:50,DNA Yvon Villarceau,Lagree,Calista Ruat,0,0,True,disponible,2026-09-11 15:33
47110,2026-09-11,Vendredi,18:30,19:15,DNA Victor Hugo,Lagree,Celia Almeida,0,0,True,disponible,2026-09-11 15:33
60717,2026-09-11,Vendredi,18:30,19:20,DNA Victor Hugo,Reformer,Olivia Lamarre Reyner,0,0,True,disponible,2026-09-11 15:33
22486,2026-09-11,Vendredi,19:00,19:50,DNA Yvon Villarceau,Reformer,Chloe Graeffly (Suppléant),0,0,True,disponible,2026-09-11 15:33
65306,2026-09-11,Vendredi,19:00,19:50,DNA Yvon Villarceau,Lagree,Calista Ruat,0,0,True,disponible,2026-09-11 15:33
47163,2026-09-11,Vendredi,19:30,20:15,DNA Victor Hugo,Lagree,Celia Almeida,0,0,True,disponible,2026-09-11 15:33
63355,2026-09-11,Vendredi,19:30,20:20,DNA Victor Hugo,Reformer,Olivia Lamarre Reyner,0,0,True,disponible,2026-09-11 19:13
52907,2026-09-11,Vendredi,20:00,20:50,DNA Yvon Villarceau,Reformer,Chloe Graeffly (Suppléant),0,0,True,disponible,2026-09-11 15:33
62968,2026-09-11,Vendredi,20:00,20:50,DNA Yvon Villarceau,Lagree,Calista Ruat,0,0,True,disponible,2026-09-11 10:53
64833,2026-09-11,Vendredi,21:00,21:50,DNA Yvon Villarceau,Reformer,Eve Lacroix,0,0,True,inconnu,2026-09-11 19:13
46013,2026-09-12,Samedi,08:00,09:00,DNA Yvon Villarceau,Lagree,Alice Amat,0,0,True,inconnu,2026-09-11 23:58
12066,2026-09-12,Samedi,09:00,09:50,DNA Yvon Villarceau,Reformer,Leann Mroueh,0,0,True,disponible,2026-09-11 19:13
34046,2026-09-12,Samedi,09:00,09:50,DNA Yvon Villarceau,Lagree,Vanessa Slomka,0,0,True,disponible,2026-09-11 19:13
47216,2026-09-12,Samedi,09:30,10:15,DNA Victor Hugo,Lagree,Nina Claro,0,0,True,disponible,2026-09-11 23:58
64415,2026-09-12,Samedi,09:30,10:20,DNA Victor Hugo,Reformer,Chloe Graeffly,7,7,True,complet,2026-09-11 23:58
11017,2026-09-12,Samedi,10:00,10:50,DNA Yvon Villarceau,Reformer,Leann Mroueh,0,0,True,disponible,2026-09-11 23:58
34254,2026-09-12,Samedi,10:00,10:50,DNA Yvon Villarceau,Lagree,Vanessa Slomka,7,7,True,complet,2026-09-11 23:58
47269,2026-09-12,Samedi,10:30,11:15,DNA Victor Hugo,Lagree,Nina Claro,0,0,True,disponible,2026-09-11 23:58
64468,2026-09-12,Samedi,10:30,11:20,DNA Victor Hugo,Reformer,Chloe Graeffly,0,0,True,disponible,2026-09-11 23:58
11227,2026-09-12,Samedi,11:00,11:50,DNA Yvon Villarceau,Reformer,Leann Mroueh,0,0,True,disponible,2026-09-12 10:37
34670,2026-09-12,Samedi,11:00,11:50,DNA Yvon Villarceau,Lagree,Vanessa Slomka,0,0,True,disponible,2026-09-12 10:37
47322,2026-09-12,Samedi,11:30,12:15,DNA Victor Hugo,Lagree,Nina Claro,0,0,True,disponible,2026-09-12 10:37
64521,2026-09-12,Samedi,11:30,12:20,DNA Victor Hugo,Reformer,Chloe Graeffly,0,0,True,disponible,2026-09-12 10:37
10807,2026-09-12,Samedi,12:00,12:50,DNA Yvon Villarceau,Reformer,Lucrezia Amerio,0,0,True,disponible,2026-09-12 10:37
35084,2026-09-12,Samedi,12:00,12:50,DNA Yvon Villarceau,Lagree,Vanessa Slomka,0,0,True,disponible,2026-09-12 10:37
47375,2026-09-12,Samedi,12:30,13:15,DNA Victor Hugo,Lagree,hafsa boughemza,0,0,True,disponible,2026-09-12 10:37
64886,2026-09-12,Samedi,12:30,13:20,DNA Victor Hugo,Reformer,Chloe Graeffly,0,0,True,disponible,2026-09-12 10:37
11437,2026-09-12,Samedi,13:00,13:50,DNA Yvon Villarceau,Reformer,Lucrezia Amerio,0,0,True,disponible,2026-09-12 10:37
32101,2026-09-12,Samedi,13:00,13:50,DNA Yvon Villarceau,Lagree,Vanessa Slomka,0,0,True,disponible,2026-09-11 19:13
47428,2026-09-12,Samedi,13:30,14:15,DNA Victor Hugo,Lagree,hafsa boughemza,0,0,True,disponible,2026-09-12 10:37
64574,2026-09-12,Samedi,13:30,14:20,DNA Victor Hugo,Reformer,Chloe Graeffly,0,0,True,disponible,2026-09-12 10:37
16220,2026-09-12,Samedi,14:00,14:50,DNA Yvon Villarceau,Reformer,Nina Claro,0,0,True,disponible,2026-09-12 10:37
29211,2026-09-12,Samedi,14:00,14:50,DNA Yvon Villarceau,Lagree,Lucrezia Amerio,0,0,True,disponible,2026-09-12 10:37
47481,2026-09-12,Samedi,14:30,15:15,DNA Victor Hugo,Lagree,hafsa boughemza,0,0,True,disponible,2026-09-12 10:37
63621,2026-09-12,Samedi,14:30,15:20,DNA Victor Hugo,Reformer,Olivia Lamarre Reyner,0,0,True,disponible,2026-09-12 14:21
16428,2026-09-12,Samedi,15:00,15:50,DNA Yvon Villarceau,Reformer,Nina Claro,0,0,True,disponible,2026-09-12 14:21
29367,2026-09-12,Samedi,15:00,15:50,DNA Yvon Villarceau,Lagree,Lucrezia Amerio,0,0,True,disponible,2026-09-12 10:37
63674,2026-09-12,Samedi,15:30,16:20,DNA Victor Hugo,Reformer,Olivia Lamarre Reyner,0,0,True,disponible,2026-09-12 14:21
11650,2026-09-12,Samedi,16:00,16:50,DNA Yvon Villarceau,Reformer,Chloe Graeffly,0,0,True,disponible,2026-09-12 10:37
30653,2026-09-12,Samedi,16:00,16:50,DNA Yvon Villarceau,Lagree,Celia Almeida,0,0,True,disponible,2026-09-12 14:21
64939,2026-09-12,Samedi,16:30,17:20,DNA Victor Hugo,Reformer,Lucrezia Amerio,0,0,True,disponible,2026-09-12 10:37
65797,2026-09-12,Samedi,16:30,17:20,DNA Victor Hugo,Lagree,Carla Triboul,0,0,True,disponible,2026-09-12 14:21
11858,2026-09-12,Samedi,17:00,17:50,DNA Yvon Villarceau,Reformer,Olivia Lamarre Reyner (Suppléant),0,0,True,disponible,2026-09-12 14:21
29876,2026-09-12,Samedi,17:00,17:50,DNA Yvon Villarceau,Lagree,Celia Almeida,0,0,True,disponible,2026-09-12 14:21
52454,2026-09-12,Samedi,17:30,18:15,DNA Victor Hugo,Lagree,Carla Triboul,0,0,True,disponible,2026-09-12 14:21
64992,2026-09-12,Samedi,17:30,18:20,DNA Victor Hugo,Reformer,Lucrezia Amerio,0,0,True,disponible,2026-09-12 14:21
12274,2026-09-12,Samedi,18:00,18:50,DNA Yvon Villarceau,Reformer,Olivia Lamarre Reyner (Suppléant),0,0,True,disponible,2026-09-12 17:49
30085,2026-09-12,Samedi,18:00,18:50,DNA Yvon Villarceau,Lagree,Celia Almeida,0,0,True,disponible,2026-09-12 14:21
52506,2026-09-12,Samedi,18:30,19:15,DNA Victor Hugo,Lagree,Carla Triboul,0,0,True,disponible,2026-09-12 17:49
65045,2026-09-12,Samedi,18:30,19:20,DNA Victor Hugo,Reformer,Lucrezia Amerio,0,0,True,disponible,2026-09-12 14:21
12482,2026-09-12,Samedi,19:00,19:50,DNA Yvon Villarceau,Reformer,Olivia Lamarre Reyner (Suppléant),0,0,True,disponible,2026-09-12 17:49
30450,2026-09-12,Samedi,19:00,19:50,DNA Yvon Villarceau,Lagree,Celia Almeida,0,0,True,disponible,2026-09-12 14:21
52558,2026-09-12,Samedi,19:30,20:15,DNA Victor Hugo,Lagree,Carla Triboul,0,0,True,disponible,2026-09-12 17:49
65098,2026-09-12,Samedi,19:30,20:20,DNA Victor Hugo,Reformer,Lucrezia Amerio,0,0,True,disponible,2026-09-12 17:49
38317,2026-09-13,Dimanche,09:00,09:50,DNA Yvon Villarceau,Lagree,Nina Claro,0,0,True,disponible,2026-09-12 20:21
46223,2026-09-13,Dimanche,09:00,09:50,DNA Yvon Villarceau,Reformer,Eve Lacroix,0,0,True,disponible,2026-09-12 20:21
47534,2026-09-13,Dimanche,09:30,10:15,DNA Victor Hugo,Lagree,Catrin Karlson English class (Suppléant),0,0,True,disponible,2026-09-13 01:02
63727,2026-09-13,Dimanche,09:30,10:20,DNA Victor Hugo,Reformer,Audrey Hugon,0,0,True,disponible,2026-09-12 20:21
19359,2026-09-13,Dimanche,10:00,10:50,DNA Yvon Villarceau,Reformer,Eve Lacroix,0,0,True,disponible,2026-09-13 01:02
38525,2026-09-13,Dimanche,10:00,10:50,DNA Yvon Villarceau,Lagree,Nina Claro,0,0,True,disponible,2026-09-13 01:02
47587,2026-09-13,Dimanche,10:30,11:15,DNA Victor Hugo,Lagree,Catrin Karlson English class (Suppléant),0,0,True,disponible,2026-09-13 01:02
63780,2026-09-13,Dimanche,10:30,11:20,DNA Victor Hugo,Reformer,Audrey Hugon,0,0,True,disponible,2026-09-13 01:02
19568,2026-09-13,Dimanche,11:00,11:50,DNA Yvon Villarceau,Reformer,Eve Lacroix,0,0,True,disponible,2026-09-13 01:02
38733,2026-09-13,Dimanche,11:00,11:50,DNA Yvon Villarceau,Lagree,Nina Claro,0,0,True,disponible,2026-09-13 01:02
47640,2026-09-13,Dimanche,11:30,12:15,DNA Victor Hugo,Lagree,Catrin Karlson English class (Suppléant),0,0,True,disponible,2026-09-13 01:02
63833,2026-09-13,Dimanche,11:30,12:20,DNA Victor Hugo,Reformer,Audrey Hugon,0,0,True,disponible,2026-09-13 01:02
19777,2026-09-13,Dimanche,12:00,12:50,DNA Yvon Villarceau,Reformer,Eve Lacroix,0,0,True,disponible,2026-09-13 11:30
38941,2026-09-13,Dimanche,12:00,12:50,DNA Yvon Villarceau,Lagree,Nina Claro,7,7,True,complet,2026-09-13 11:30
63886,2026-09-13,Dimanche,12:30,13:20,DNA Victor Hugo,Reformer,Audrey Hugon,0,0,True,disponible,2026-09-13 11:30
17895,2026-09-13,Dimanche,13:00,13:50,DNA Yvon Villarceau,Reformer,Eve Lacroix,0,0,True,disponible,2026-09-13 11:30
39149,2026-09-13,Dimanche,13:00,13:50,DNA Yvon Villarceau,Lagree,Nina Claro,0,0,True,disponible,2026-09-13 11:30
47746,2026-09-13,Dimanche,13:30,14:15,DNA Victor Hugo,Lagree,Julia Tapiro,0,0,True,disponible,2026-09-13 11:30
33245,2026-09-13,Dimanche,14:00,14:50,DNA Yvon Villarceau,Lagree,Nina Claro,0,0,True,disponible,2026-09-13 11:30
56112,2026-09-13,Dimanche,14:00,14:50,DNA Yvon Villarceau,Reformer,Eve Lacroix,0,0,True,disponible,2026-09-13 11:30
47799,2026-09-13,Dimanche,14:30,15:15,DNA Victor Hugo,Lagree,Julia Tapiro,0,0,True,disponible,2026-09-13 11:30
67209,2026-09-13,Dimanche,14:30,15:20,DNA Victor Hugo,Reformer,Lucrezia Amerio,0,0,True,disponible,2026-09-13 11:30
16010,2026-09-13,Dimanche,15:00,15:50,DNA Yvon Villarceau,Reformer,Olivia Lamarre Reyner,0,0,True,disponible,2026-09-13 11:30
47852,2026-09-13,Dimanche,15:30,16:15,DNA Victor Hugo,Lagree,Julia Tapiro,0,0,True,disponible,2026-09-13 11:30
67262,2026-09-13,Dimanche,15:30,16:20,DNA Victor Hugo,Reformer,Lucrezia Amerio,0,0,True,disponible,2026-09-13 11:30
24356,2026-09-13,Dimanche,16:00,16:50,DNA Yvon Villarceau,Reformer,Olivia Lamarre Reyner,0,0,True,disponible,2026-09-13 15:53
37893,2026-09-13,Dimanche,16:00,16:50,DNA Yvon Villarceau,Lagree,Catrin Karlson English class,0,0,True,disponible,2026-09-13 15:53
67315,2026-09-13,Dimanche,16:30,17:20,DNA Victor Hugo,Reformer,Lucrezia Amerio,0,0,True,disponible,2026-09-13 15:53
19985,2026-09-13,Dimanche,17:00,17:50,DNA Yvon Villarceau,Reformer,Olivia Lamarre Reyner,0,0,True,disponible,2026-09-13 11:30
39357,2026-09-13,Dimanche,17:00,17:50,DNA Yvon Villarceau,Lagree,Catrin Karlson English class,0,0,True,disponible,2026-09-13 15:53
64310,2026-09-13,Dimanche,17:30,18:20,DNA Victor Hugo,Reformer,Chloe Graeffly,0,0,True,disponible,2026-09-13 15:53
39773,2026-09-13,Dimanche,18:00,18:50,DNA Yvon Villarceau,Lagree,Catrin Karlson English class,0,0,True,disponible,2026-09-13 15:53
59735,2026-09-13,Dimanche,18:00,18:50,DNA Yvon Villarceau,Reformer,Marie De Saint Simon,0,0,True,disponible,2026-09-13 15:53
52610,2026-09-13,Dimanche,18:30,19:15,DNA Victor Hugo,Lagree,Carla Triboul (Suppléant),0,0,True,disponible,2026-09-13 15:53
64363,2026-09-13,Dimanche,18:30,19:20,DNA Victor Hugo,Reformer,Chloe Graeffly,0,0,True,disponible,2026-09-13 15:53
20403,2026-09-13,Dimanche,19:00,19:50,DNA Yvon Villarceau,Reformer,Marie De Saint Simon,0,0,True,disponible,2026-09-13 15:53
39981,2026-09-13,Dimanche,19:00,19:50,DNA Yvon Villarceau,Lagree,Catrin Karlson English class,0,0,True,disponible,2026-09-13 15:53
52662,2026-09-13,Dimanche,19:30,20:15,DNA Victor Hugo,Lagree,Carla Triboul (Suppléant),0,0,True,disponible,2026-09-13 19:24
18525,2026-09-14,Lundi,08:00,08:50,DNA Yvon Villarceau,Reformer,Rebecca Raccah,0,0,True,disponible,2026-09-14 00:23
35915,2026-09-14,Lundi,08:00,08:50,DNA Yvon Villarceau,Lagree,Leann Mroueh (Suppléant),0,0,True,disponible,2026-09-14 00:23
61086,2026-09-14,Lundi,08:30,09:20,DNA Victor Hugo,Reformer,Nina Claro,0,0,True,disponible,2026-09-13 19:24
66460,2026-09-14,Lundi,08:30,09:20,DNA Victor Hugo,Lagree,Carla Triboul,0,0,True,disponible,2026-09-14 00:23
25400,2026-09-14,Lundi,09:00,09:50,DNA Yvon Villarceau,Reformer,Rebecca Raccah,0,0,True,disponible,2026-09-13 19:24
36124,2026-09-14,Lundi,09:00,09:50,DNA Yvon Villarceau,Lagree,Leann Mroueh (Suppléant),0,0,True,disponible,2026-09-13 19:24
61139,2026-09-14,Lundi,09:30,10:20,DNA Victor Hugo,Reformer,Nina Claro,0,0,True,disponible,2026-09-13 19:24
66620,2026-09-14,Lundi,09:30,10:20,DNA Victor Hugo,Lagree,Carla Triboul,0,0,True,disponible,2026-09-13 19:24
25192,2026-09-14,Lundi,10:00,10:50,DNA Yvon Villarceau,Reformer,Rebecca Raccah,0,0,True,disponible,2026-09-14 00:23
44974,2026-09-14,Lundi,10:00,10:50,DNA Yvon Villarceau,Lagree,Leann Mroueh (Suppléant),0,0,True,disponible,2026-09-14 00:23
61192,2026-09-14,Lundi,10:30,11:20,DNA Victor Hugo,Reformer,Nina Claro,0,0,True,disponible,2026-09-14 00:23
66780,2026-09-14,Lundi,10:30,11:20,DNA Victor Hugo,Lagree,Carla Triboul,0,0,True,disponible,2026-09-14 00:23
24984,2026-09-14,Lundi,11:00,11:50,DNA Yvon Villarceau,Reformer,Rebecca Raccah,0,0,True,disponible,2026-09-13 19:24
34463,2026-09-14,Lundi,11:00,11:50,DNA Yvon Villarceau,Lagree,Leann Mroueh (Suppléant),0,0,True,disponible,2026-09-14 00:23
46634,2026-09-14,Lundi,11:30,12:15,DNA Victor Hugo,Lagree,Sarah Elfassy,0,0,True,disponible,2026-09-14 00:23
61245,2026-09-14,Lundi,11:30,12:20,DNA Victor Hugo,Reformer,Nina Claro,0,0,True,disponible,2026-09-14 00:23
18733,2026-09-14,Lundi,12:00,12:50,DNA Yvon Villarceau,Reformer,Charlie DMC,0,0,True,disponible,2026-09-14 00:23
51756,2026-09-14,Lundi,12:00,12:50,DNA Yvon Villarceau,Lagree,Catrin Karlson English class,0,0,True,disponible,2026-09-14 00:23
46687,2026-09-14,Lundi,12:30,13:15,DNA Victor Hugo,Lagree,Sarah Elfassy,0,0,True,disponible,2026-09-14 11:49
61298,2026-09-14,Lundi,12:30,13:20,DNA Victor Hugo,Reformer,Nina Claro,0,0,True,disponible,2026-09-14 11:49
18941,2026-09-14,Lundi,13:00,13:50,DNA Yvon Villarceau,Reformer,Charlie DMC,0,0,True,disponible,2026-09-14 11:49
35711,2026-09-14,Lundi,13:00,13:50,DNA Yvon Villarceau,Lagree,Catrin Karlson English class,0,0,True,disponible,2026-09-14 11:49
61351,2026-09-14,Lundi,13:30,14:20,DNA Victor Hugo,Reformer,Nina Claro,0,0,True,disponible,2026-09-14 11:49
62016,2026-09-14,Lundi,13:30,14:20,DNA Victor Hugo,Lagree,Sarah Elfassy,0,0,True,disponible,2026-09-14 11:49
37101,2026-09-14,Lundi,14:00,14:50,DNA Yvon Villarceau,Lagree,Catrin Karlson English class,0,0,True,disponible,2026-09-14 11:49
56268,2026-09-14,Lundi,14:00,14:50,DNA Yvon Villarceau,Reformer,Charlie DMC,0,0,True,disponible,2026-09-14 11:49
62244,2026-09-14,Lundi,14:30,15:20,DNA Victor Hugo,Reformer,Sarah Elfassy,0,0,True,disponible,2026-09-14 11:49
33715,2026-09-14,Lundi,15:00,15:50,DNA Yvon Villarceau,Lagree,Ela Anastasia,0,0,True,disponible,2026-09-11 10:53
55488,2026-09-14,Lundi,15:30,16:20,DNA Victor Hugo,Reformer,Sarah Elfassy,0,0,True,disponible,2026-09-14 11:49
31943,2026-09-14,Lundi,16:00,16:50,DNA Yvon Villarceau,Lagree,Ela Anastasia,0,0,True,disponible,2026-09-11 10:53
46430,2026-09-14,Lundi,16:00,16:50,DNA Yvon Villarceau,Reformer,Charlie DMC,0,0,True,disponible,2026-09-14 11:49
27064,2026-09-14,Lundi,17:00,17:50,DNA Yvon Villarceau,Reformer,Charlie DMC,0,0,True,disponible,2026-09-14 11:49
45182,2026-09-14,Lundi,17:00,17:50,DNA Yvon Villarceau,Lagree,Calista Ruat,0,0,True,disponible,2026-09-14 11:49
47959,2026-09-14,Lundi,17:30,18:15,DNA Victor Hugo,Lagree,Catrin Karlson English class,0,0,True,disponible,2026-09-14 11:49
61772,2026-09-14,Lundi,17:30,18:20,DNA Victor Hugo,Reformer,Rebecca Raccah,0,0,True,disponible,2026-09-14 11:49
26856,2026-09-14,Lundi,18:00,18:50,DNA Yvon Villarceau,Reformer,Charlie DMC,0,0,True,disponible,2026-09-14 11:49
45390,2026-09-14,Lundi,18:00,18:50,DNA Yvon Villarceau,Lagree,Calista Ruat,0,0,True,disponible,2026-09-14 11:49
48011,2026-09-14,Lundi,18:30,19:15,DNA Victor Hugo,Lagree,Catrin Karlson English class,0,0,True,disponible,2026-09-14 18:21
61825,2026-09-14,Lundi,18:30,19:20,DNA Victor Hugo,Reformer,Rebecca Raccah,0,0,True,disponible,2026-09-14 18:21
24776,2026-09-14,Lundi,19:00,19:50,DNA Yvon Villarceau,Reformer,Marie De Saint Simon,0,0,True,disponible,2026-09-14 18:21
45806,2026-09-14,Lundi,19:00,19:50,DNA Yvon Villarceau,Lagree,Calista Ruat,0,0,True,disponible,2026-09-14 18:21
48063,2026-09-14,Lundi,19:30,20:15,DNA Victor Hugo,Lagree,Catrin Karlson English class,0,0,True,disponible,2026-09-14 18:21
61931,2026-09-14,Lundi,19:30,20:20,DNA Victor Hugo,Reformer,Rebecca Raccah,0,0,True,disponible,2026-09-14 18:21
24568,2026-09-14,Lundi,20:00,20:50,DNA Yvon Villarceau,Reformer,Marie De Saint Simon,0,0,True,disponible,2026-09-14 18:21
45598,2026-09-14,Lundi,20:00,20:50,DNA Yvon Villarceau,Lagree,Calista Ruat,0,0,True,disponible,2026-09-14 18:21
48115,2026-09-14,Lundi,20:30,21:15,DNA Victor Hugo,Lagree,Catrin Karlson English class,0,0,True,disponible,2026-09-14 18:21
59583,2026-09-14,Lundi,21:00,21:50,DNA Yvon Villarceau,Reformer,Marie De Saint Simon,0,0,True,disponible,2026-09-14 18:21
28104,2026-09-15,Mardi,08:00,08:50,DNA Yvon Villarceau,Lagree,Celia Almeida,0,0,True,disponible,2026-09-15 01:28
50391,2026-09-15,Mardi,08:00,08:50,DNA Yvon Villarceau,Reformer,Charlie DMC,0,0,True,disponible,2026-09-14 18:21
62438,2026-09-15,Mardi,08:30,09:20,DNA Victor Hugo,Reformer,Nina Claro,7,7,True,complet,2026-09-15 01:28
65618,2026-09-15,Mardi,08:30,09:20,DNA Victor Hugo,Lagree,Yasmine Khoulalene,0,0,True,disponible,2026-09-14 18:21
28312,2026-09-15,Mardi,09:00,09:50,DNA Yvon Villarceau,Lagree,Celia Almeida,0,0,True,disponible,2026-09-14 18:21
50588,2026-09-15,Mardi,09:00,09:50,DNA Yvon Villarceau,Reformer,Charlie DMC,0,0,True,disponible,2026-09-15 01:28
62491,2026-09-15,Mardi,09:30,10:20,DNA Victor Hugo,Reformer,Nina Claro,0,0,True,disponible,2026-09-15 01:28
67049,2026-09-15,Mardi,09:30,10:20,DNA Victor Hugo,Lagree,Yasmine Khoulalene,0,0,True,disponible,2026-09-15 01:28
28520,2026-09-15,Mardi,10:00,10:50,DNA Yvon Villarceau,Lagree,Celia Almeida,0,0,True,disponible,2026-09-15 01:28
50785,2026-09-15,Mardi,10:00,10:50,DNA Yvon Villarceau,Reformer,Charlie DMC,0,0,True,disponible,2026-09-15 01:28
62544,2026-09-15,Mardi,10:30,11:20,DNA Victor Hugo,Reformer,Nina Claro,0,0,True,disponible,2026-09-14 18:21
67061,2026-09-15,Mardi,10:30,11:15,DNA Victor Hugo,Lagree,Yasmine Khoulalene,0,0,True,disponible,2026-09-15 01:28
26232,2026-09-15,Mardi,11:00,11:50,DNA Yvon Villarceau,Reformer,Audrey Hugon (Suppléant),0,0,True,disponible,2026-09-15 01:28
28728,2026-09-15,Mardi,11:00,11:50,DNA Yvon Villarceau,Lagree,isis Magnin,0,0,True,disponible,2026-09-15 01:28
48325,2026-09-15,Mardi,11:30,12:15,DNA Victor Hugo,Lagree,hafsa boughemza,0,0,True,disponible,2026-09-14 18:21
62597,2026-09-15,Mardi,11:30,12:20,DNA Victor Hugo,Reformer,Nina Claro,0,0,True,disponible,2026-09-15 01:28
26024,2026-09-15,Mardi,12:00,12:50,DNA Yvon Villarceau,Reformer,Audrey Hugon (Suppléant),0,0,True,disponible,2026-09-15 11:23
44142,2026-09-15,Mardi,12:00,12:50,DNA Yvon Villarceau,Lagree,isis Magnin,0,0,True,disponible,2026-09-15 01:28
62650,2026-09-15,Mardi,12:30,13:20,DNA Victor Hugo,Reformer,hafsa boughemza (Suppléant),0,0,True,disponible,2026-09-15 11:23
67074,2026-09-15,Mardi,12:30,13:15,DNA Victor Hugo,Lagree,hafsa boughemza,0,0,True,disponible,2026-09-15 11:23
25816,2026-09-15,Mardi,13:00,13:50,DNA Yvon Villarceau,Reformer,Audrey Hugon (Suppléant),0,0,True,disponible,2026-09-15 11:23
44350,2026-09-15,Mardi,13:00,13:50,DNA Yvon Villarceau,Lagree,isis Magnin,0,0,True,disponible,2026-09-15 11:23
66266,2026-09-15,Mardi,13:30,14:20,DNA Victor Hugo,Reformer,Nina Claro,0,0,True,disponible,2026-09-15 01:28
67732,2026-09-15,Mardi,13:30,14:20,DNA Victor Hugo,Lagree,hafsa boughemza,0,0,True,disponible,2026-09-15 01:28
67679,2026-09-15,Mardi,13:30,14:20,DNA Yvon Villarceau,Lagree,hafsa boughemza,0,0,True,disponible,2026-08-28 02:25
36944,2026-09-15,Mardi,14:00,14:50,DNA Yvon Villarceau,Lagree,isis Magnin,0,0,True,disponible,2026-09-15 11:23
65821,2026-09-15,Mardi,14:30,15:20,DNA Victor Hugo,Reformer,Olivia Lamarre Reyner,0,0,True,disponible,2026-09-15 11:23
67365,2026-09-15,Mardi,14:30,15:20,DNA Victor Hugo,Lagree,hafsa boughemza,0,0,True,disponible,2026-09-15 01:28
65874,2026-09-15,Mardi,15:30,16:20,DNA Victor Hugo,Reformer,Olivia Lamarre Reyner,0,0,True,disponible,2026-09-15 11:23
67418,2026-09-15,Mardi,15:30,16:20,DNA Victor Hugo,Lagree,hafsa boughemza,0,0,True,disponible,2026-09-15 01:28
57057,2026-09-15,Mardi,16:00,16:50,DNA Yvon Villarceau,Reformer,Charlie DMC,0,0,True,disponible,2026-09-15 11:23
65927,2026-09-15,Mardi,16:30,17:20,DNA Victor Hugo,Reformer,Olivia Lamarre Reyner,0,0,True,disponible,2026-09-15 11:23
12691,2026-09-15,Mardi,17:00,17:50,DNA Yvon Villarceau,Reformer,Charlie DMC,0,0,True,disponible,2026-09-15 16:28
52152,2026-09-15,Mardi,17:00,17:50,DNA Yvon Villarceau,Lagree,isis Magnin,0,0,True,disponible,2026-09-15 11:23
54881,2026-09-15,Mardi,17:30,18:15,DNA Victor Hugo,Lagree,Leann Mroueh,0,0,True,disponible,2026-09-15 16:28
66299,2026-09-15,Mardi,17:30,18:20,DNA Victor Hugo,Reformer,Carla Triboul,0,0,True,disponible,2026-09-15 11:23
12899,2026-09-15,Mardi,18:00,18:50,DNA Yvon Villarceau,Reformer,Charlie DMC,0,0,True,disponible,2026-09-15 16:28
35503,2026-09-15,Mardi,18:00,18:50,DNA Yvon Villarceau,Lagree,isis Magnin,0,0,True,disponible,2026-09-15 16:28
55033,2026-09-15,Mardi,18:30,19:15,DNA Victor Hugo,Lagree,Leann Mroueh,0,0,True,disponible,2026-09-15 16:28
63939,2026-09-15,Mardi,18:30,19:20,DNA Victor Hugo,Reformer,Carla Triboul,0,0,True,disponible,2026-09-15 16:28
13107,2026-09-15,Mardi,19:00,19:50,DNA Yvon Villarceau,Reformer,isis Magnin (Suppléant),0,0,True,disponible,2026-09-15 16:28
44558,2026-09-15,Mardi,19:00,19:50,DNA Yvon Villarceau,Lagree,Calista Ruat,7,7,True,complet,2026-09-15 16:28
55185,2026-09-15,Mardi,19:30,20:15,DNA Victor Hugo,Lagree,Leann Mroueh,0,0,True,disponible,2026-09-15 16:28
63992,2026-09-15,Mardi,19:30,20:20,DNA Victor Hugo,Reformer,Carla Triboul,0,0,True,disponible,2026-09-15 16:28
25608,2026-09-15,Mardi,20:00,20:50,DNA Yvon Villarceau,Reformer,isis Magnin (Suppléant),0,0,True,disponible,2026-09-15 16:28
44766,2026-09-15,Mardi,20:00,20:50,DNA Yvon Villarceau,Lagree,Calista Ruat,0,0,True,disponible,2026-09-15 16:28
55337,2026-09-15,Mardi,20:30,21:15,DNA Victor Hugo,Lagree,Leann Mroueh,0,0,True,disponible,2026-09-15 20:28
64045,2026-09-15,Mardi,20:30,21:20,DNA Victor Hugo,Reformer,Carla Triboul,0,0,True,disponible,2026-09-15 20:28
59412,2026-09-15,Mardi,21:00,21:50,DNA Yvon Villarceau,Reformer,Eve Lacroix,0,0,True,disponible,2026-09-14 11:49
65744,2026-09-15,Mardi,21:00,21:50,DNA Yvon Villarceau,Lagree,Calista Ruat,0,0,True,disponible,2026-09-15 20:28
31049,2026-09-16,Mercredi,07:00,07:50,DNA Yvon Villarceau,Lagree,Kim Sarfati,0,0,True,inconnu,2026-09-16 01:44
18109,2026-09-16,Mercredi,08:00,08:50,DNA Yvon Villarceau,Reformer,Rebecca Raccah,0,0,True,disponible,2026-09-16 01:44
31547,2026-09-16,Mercredi,08:00,08:50,DNA Yvon Villarceau,Lagree,isis Magnin (Suppléant),0,0,True,disponible,2026-09-15 20:28
59986,2026-09-16,Mercredi,08:30,09:20,DNA Victor Hugo,Reformer,Charlie DMC,0,0,True,disponible,2026-09-16 01:44
65540,2026-09-16,Mercredi,08:30,09:20,DNA Victor Hugo,Lagree,Yasmine Khoulalene,0,0,True,disponible,2026-09-16 01:44
18317,2026-09-16,Mercredi,09:00,09:50,DNA Yvon Villarceau,Reformer,Rebecca Raccah,0,0,True,disponible,2026-09-16 01:44
31756,2026-09-16,Mercredi,09:00,09:50,DNA Yvon Villarceau,Lagree,isis Magnin (Suppléant),0,0,True,disponible,2026-09-15 20:28
60038,2026-09-16,Mercredi,09:30,10:20,DNA Victor Hugo,Reformer,Charlie DMC,0,0,True,disponible,2026-09-16 01:44
65566,2026-09-16,Mercredi,09:30,10:20,DNA Victor Hugo,Lagree,Yasmine Khoulalene,0,0,True,disponible,2026-09-15 20:28
27896,2026-09-16,Mercredi,10:00,10:50,DNA Yvon Villarceau,Reformer,Rebecca Raccah,0,0,True,disponible,2026-09-16 01:44
42478,2026-09-16,Mercredi,10:00,10:50,DNA Yvon Villarceau,Lagree,Ela Anastasia,0,0,True,disponible,2026-09-11 15:33
60090,2026-09-16,Mercredi,10:30,11:20,DNA Victor Hugo,Reformer,Charlie DMC,0,0,True,disponible,2026-09-16 01:44
65592,2026-09-16,Mercredi,10:30,11:20,DNA Victor Hugo,Lagree,Yasmine Khoulalene,0,0,True,disponible,2026-09-16 01:44
27688,2026-09-16,Mercredi,11:00,11:50,DNA Yvon Villarceau,Reformer,Rebecca Raccah,0,0,True,disponible,2026-09-16 01:44
43102,2026-09-16,Mercredi,11:00,11:50,DNA Yvon Villarceau,Lagree,isis Magnin (Suppléant),0,0,True,disponible,2026-09-16 01:44
52350,2026-09-16,Mercredi,11:30,12:15,DNA Victor Hugo,Lagree,Celia Almeida,0,0,True,disponible,2026-09-16 01:44
63568,2026-09-16,Mercredi,11:30,12:20,DNA Victor Hugo,Reformer,Charlie DMC,0,0,True,disponible,2026-09-16 11:16
27480,2026-09-16,Mercredi,12:00,12:50,DNA Yvon Villarceau,Reformer,Rebecca Raccah,0,0,True,disponible,2026-09-16 11:16
43310,2026-09-16,Mercredi,12:00,12:50,DNA Yvon Villarceau,Lagree,isis Magnin (Suppléant),0,0,True,disponible,2026-09-16 11:16
59916,2026-09-16,Mercredi,12:30,13:15,DNA Victor Hugo,Lagree,Celia Almeida,0,0,True,disponible,2026-09-16 11:16
60142,2026-09-16,Mercredi,12:30,13:20,DNA Victor Hugo,Reformer,Charlie DMC,0,0,True,disponible,2026-09-16 11:16
27272,2026-09-16,Mercredi,13:00,13:50,DNA Yvon Villarceau,Reformer,Rebecca Raccah,7,7,True,complet,2026-09-16 11:16
43518,2026-09-16,Mercredi,13:00,13:50,DNA Yvon Villarceau,Lagree,isis Magnin,0,0,True,disponible,2026-09-16 11:16
59951,2026-09-16,Mercredi,13:30,14:15,DNA Victor Hugo,Lagree,Celia Almeida,0,0,True,disponible,2026-09-16 11:16
33089,2026-09-16,Mercredi,14:00,14:50,DNA Yvon Villarceau,Lagree,isis Magnin,0,0,True,disponible,2026-09-16 11:16
49067,2026-09-16,Mercredi,14:30,15:15,DNA Victor Hugo,Lagree,Celia Almeida,0,0,True,disponible,2026-09-16 11:16
64730,2026-09-16,Mercredi,14:30,15:20,DNA Victor Hugo,Reformer,Olivia Lamarre Reyner,0,0,True,disponible,2026-09-16 11:16
33402,2026-09-16,Mercredi,15:00,15:50,DNA Yvon Villarceau,Lagree,isis Magnin,0,0,True,disponible,2026-09-16 11:16
64782,2026-09-16,Mercredi,15:30,16:20,DNA Victor Hugo,Reformer,Olivia Lamarre Reyner,0,0,True,disponible,2026-09-16 11:16
15607,2026-09-16,Mercredi,17:00,17:50,DNA Yvon Villarceau,Reformer,Charlie DMC,0,0,True,disponible,2026-09-16 16:21
53550,2026-09-16,Mercredi,17:00,17:50,DNA Yvon Villarceau,Lagree,hafsa boughemza (Suppléant),0,0,True,disponible,2026-09-16 16:21
49173,2026-09-16,Mercredi,17:30,18:15,DNA Victor Hugo,Lagree,Catrin Karlson English class,0,0,True,disponible,2026-09-16 16:21
64098,2026-09-16,Mercredi,17:30,18:20,DNA Victor Hugo,Reformer,Chloe Graeffly,0,0,True,disponible,2026-09-16 16:21
51201,2026-09-16,Mercredi,18:00,18:50,DNA Yvon Villarceau,Reformer,Charlie DMC,0,0,True,disponible,2026-09-16 16:21
53747,2026-09-16,Mercredi,18:00,18:50,DNA Yvon Villarceau,Lagree,hafsa boughemza (Suppléant),0,0,True,disponible,2026-09-16 16:21
49226,2026-09-16,Mercredi,18:30,19:20,DNA Victor Hugo,Lagree,Catrin Karlson English class,0,0,True,disponible,2026-09-16 16:21
64151,2026-09-16,Mercredi,18:30,19:20,DNA Victor Hugo,Reformer,Chloe Graeffly,0,0,True,disponible,2026-09-16 16:21
13315,2026-09-16,Mercredi,19:00,19:50,DNA Yvon Villarceau,Reformer,Charlie DMC,0,0,True,disponible,2026-09-16 16:21
32694,2026-09-16,Mercredi,19:00,19:50,DNA Yvon Villarceau,Lagree,hafsa boughemza (Suppléant),0,0,True,disponible,2026-09-16 16:21
49279,2026-09-16,Mercredi,19:30,20:15,DNA Victor Hugo,Lagree,Catrin Karlson English class,0,0,True,disponible,2026-09-16 16:21
66232,2026-09-16,Mercredi,19:30,20:20,DNA Victor Hugo,Reformer,Chloe Graeffly,0,0,True,disponible,2026-09-16 16:21
32902,2026-09-16,Mercredi,20:00,20:50,DNA Yvon Villarceau,Lagree,hafsa boughemza (Suppléant),0,0,True,disponible,2026-09-16 16:21
50983,2026-09-16,Mercredi,20:00,20:50,DNA Yvon Villarceau,Reformer,Carla Triboul (Suppléant),0,0,True,disponible,2026-09-16 16:21
64257,2026-09-16,Mercredi,20:30,21:20,DNA Victor Hugo,Reformer,Chloe Graeffly,0,0,True,disponible,2026-09-16 20:26
65514,2026-09-16,Mercredi,20:30,21:20,DNA Victor Hugo,Lagree,Catrin Karlson English class,0,0,True,disponible,2026-09-16 16:21
57328,2026-09-16,Mercredi,21:00,21:50,DNA Yvon Villarceau,Reformer,Carla Triboul (Suppléant),0,0,True,disponible,2026-09-16 16:21
14567,2026-09-17,Jeudi,08:00,08:50,DNA Yvon Villarceau,Reformer,Nina Claro,0,0,True,disponible,2026-09-17 01:52
36337,2026-09-17,Jeudi,08:00,08:50,DNA Yvon Villarceau,Lagree,isis Magnin,0,0,True,disponible,2026-09-16 16:21
49385,2026-09-17,Jeudi,08:30,09:15,DNA Victor Hugo,Lagree,Leann Mroueh (Suppléant),0,0,True,disponible,2026-09-17 01:52
60194,2026-09-17,Jeudi,08:30,09:20,DNA Victor Hugo,Reformer,Charlie DMC,0,0,True,disponible,2026-09-17 01:52
14775,2026-09-17,Jeudi,09:00,09:50,DNA Yvon Villarceau,Reformer,Nina Claro,0,0,True,disponible,2026-09-17 01:52
36545,2026-09-17,Jeudi,09:00,09:50,DNA Yvon Villarceau,Lagree,isis Magnin,0,0,True,disponible,2026-09-16 16:21
49438,2026-09-17,Jeudi,09:30,10:15,DNA Victor Hugo,Lagree,Leann Mroueh (Suppléant),0,0,True,disponible,2026-09-17 01:52
60246,2026-09-17,Jeudi,09:30,10:20,DNA Victor Hugo,Reformer,Charlie DMC,0,0,True,disponible,2026-09-17 01:52
22071,2026-09-17,Jeudi,10:00,10:50,DNA Yvon Villarceau,Reformer,Rebecca Raccah,0,0,True,disponible,2026-09-17 01:52
36753,2026-09-17,Jeudi,10:00,10:50,DNA Yvon Villarceau,Lagree,isis Magnin,0,0,True,disponible,2026-09-16 16:21
49491,2026-09-17,Jeudi,10:30,11:15,DNA Victor Hugo,Lagree,Leann Mroueh,0,0,True,disponible,2026-09-17 01:52
60298,2026-09-17,Jeudi,10:30,11:20,DNA Victor Hugo,Reformer,Charlie DMC,0,0,True,disponible,2026-09-17 01:52
22695,2026-09-17,Jeudi,11:00,11:50,DNA Yvon Villarceau,Reformer,Rebecca Raccah,0,0,True,disponible,2026-09-17 01:52
41022,2026-09-17,Jeudi,11:00,11:50,DNA Yvon Villarceau,Lagree,Nina Claro,0,0,True,disponible,2026-09-17 01:52
62756,2026-09-17,Jeudi,11:30,12:15,DNA Victor Hugo,Lagree,Leann Mroueh,0,0,True,disponible,2026-09-17 11:25
63410,2026-09-17,Jeudi,11:30,12:20,DNA Victor Hugo,Reformer,Audrey Hugon,0,0,True,disponible,2026-09-17 01:52
22903,2026-09-17,Jeudi,12:00,12:50,DNA Yvon Villarceau,Reformer,hafsa boughemza (Suppléant),0,0,True,disponible,2026-09-17 11:25
41646,2026-09-17,Jeudi,12:00,12:50,DNA Yvon Villarceau,Lagree,Nina Claro,0,0,True,disponible,2026-09-17 11:25
49597,2026-09-17,Jeudi,12:30,13:15,DNA Victor Hugo,Lagree,Sarah Elfassy,0,0,True,disponible,2026-09-17 11:25
63463,2026-09-17,Jeudi,12:30,13:20,DNA Victor Hugo,Reformer,Audrey Hugon,0,0,True,disponible,2026-09-17 11:25
23111,2026-09-17,Jeudi,13:00,13:50,DNA Yvon Villarceau,Reformer,hafsa boughemza (Suppléant),0,0,True,disponible,2026-09-17 11:25
42062,2026-09-17,Jeudi,13:00,13:50,DNA Yvon Villarceau,Lagree,Nina Claro,0,0,True,disponible,2026-09-17 11:25
49650,2026-09-17,Jeudi,13:30,14:15,DNA Victor Hugo,Lagree,Sarah Elfassy,0,0,True,disponible,2026-09-17 11:25
63516,2026-09-17,Jeudi,13:30,14:20,DNA Victor Hugo,Reformer,Audrey Hugon,0,0,True,disponible,2026-09-17 11:25
10170,2026-09-17,Jeudi,14:00,14:50,DNA Yvon Villarceau,Reformer,hafsa boughemza (Suppléant),0,0,True,disponible,2026-09-17 11:25
65980,2026-09-17,Jeudi,14:30,15:20,DNA Victor Hugo,Reformer,Olivia Lamarre Reyner,0,0,True,disponible,2026-09-17 11:25
67471,2026-09-17,Jeudi,14:30,15:20,DNA Victor Hugo,Lagree,hafsa boughemza,0,0,True,disponible,2026-09-14 11:49
37683,2026-09-17,Jeudi,15:00,15:50,DNA Yvon Villarceau,Lagree,Sarah Elfassy,0,0,True,disponible,2026-09-17 11:25
59169,2026-09-17,Jeudi,15:00,15:50,DNA Yvon Villarceau,Reformer,Nina Claro,0,0,True,disponible,2026-09-17 11:25
66032,2026-09-17,Jeudi,15:30,16:20,DNA Victor Hugo,Reformer,Olivia Lamarre Reyner,0,0,True,disponible,2026-09-17 11:25
67523,2026-09-17,Jeudi,15:30,16:20,DNA Victor Hugo,Lagree,hafsa boughemza,0,0,True,disponible,2026-09-16 11:16
59221,2026-09-17,Jeudi,16:00,16:50,DNA Yvon Villarceau,Reformer,Nina Claro,0,0,True,disponible,2026-09-17 11:25
65461,2026-09-17,Jeudi,16:00,16:50,DNA Yvon Villarceau,Lagree,Sarah Elfassy,0,0,True,disponible,2026-09-17 11:25
66084,2026-09-17,Jeudi,16:30,17:20,DNA Victor Hugo,Reformer,Olivia Lamarre Reyner,0,0,True,disponible,2026-09-17 16:26
23319,2026-09-17,Jeudi,17:00,17:50,DNA Yvon Villarceau,Reformer,Nina Claro,0,0,True,disponible,2026-09-17 16:26
42270,2026-09-17,Jeudi,17:00,17:50,DNA Yvon Villarceau,Lagree,Calista Ruat,0,0,True,disponible,2026-09-17 16:26
49703,2026-09-17,Jeudi,17:30,18:15,DNA Victor Hugo,Lagree,Leann Mroueh,0,0,True,disponible,2026-09-17 16:26
61616,2026-09-17,Jeudi,17:30,18:20,DNA Victor Hugo,Reformer,Carla Triboul,0,0,True,disponible,2026-09-17 16:26
23527,2026-09-17,Jeudi,18:00,18:50,DNA Yvon Villarceau,Reformer,Nina Claro,0,0,True,disponible,2026-09-17 16:26
42686,2026-09-17,Jeudi,18:00,18:50,DNA Yvon Villarceau,Lagree,Calista Ruat,0,0,True,disponible,2026-09-17 16:26
49756,2026-09-17,Jeudi,18:30,19:15,DNA Victor Hugo,Lagree,Leann Mroueh,0,0,True,disponible,2026-09-17 16:26
61668,2026-09-17,Jeudi,18:30,19:20,DNA Victor Hugo,Reformer,Carla Triboul,0,0,True,disponible,2026-09-17 16:26
14983,2026-09-17,Jeudi,19:00,19:50,DNA Yvon Villarceau,Reformer,Eve Lacroix,7,7,True,complet,2026-09-17 16:26
43726,2026-09-17,Jeudi,19:00,19:50,DNA Yvon Villarceau,Lagree,Calista Ruat,0,0,True,disponible,2026-09-17 16:26
49809,2026-09-17,Jeudi,19:30,20:15,DNA Victor Hugo,Lagree,Leann Mroueh,0,0,True,disponible,2026-09-17 16:26
61720,2026-09-17,Jeudi,19:30,20:20,DNA Victor Hugo,Reformer,Carla Triboul,0,0,True,disponible,2026-09-17 16:26
15191,2026-09-17,Jeudi,20:00,20:50,DNA Yvon Villarceau,Reformer,Eve Lacroix,0,0,True,disponible,2026-09-17 16:26
43934,2026-09-17,Jeudi,20:00,20:50,DNA Yvon Villarceau,Lagree,Calista Ruat,0,0,True,disponible,2026-09-17 16:26
49862,2026-09-17,Jeudi,20:30,21:20,DNA Victor Hugo,Lagree,Leann Mroueh,0,0,True,disponible,2026-09-17 11:25
67104,2026-09-17,Jeudi,20:30,21:20,DNA Victor Hugo,Reformer,Carla Triboul,0,0,True,disponible,2026-09-17 11:25
15388,2026-09-17,Jeudi,21:00,21:50,DNA Yvon Villarceau,Reformer,Eve Lacroix,0,0,True,disponible,2026-09-17 11:25
17276,2026-09-18,Vendredi,08:00,08:50,DNA Yvon Villarceau,Reformer,Eve Lacroix,0,0,True,disponible,2026-09-18 01:43
39566,2026-09-18,Vendredi,08:00,08:50,DNA Yvon Villarceau,Lagree,Nina Claro,0,0,True,disponible,2026-09-17 20:32
46740,2026-09-18,Vendredi,08:30,09:15,DNA Victor Hugo,Lagree,Carla Triboul (Suppléant),0,0,True,disponible,2026-09-18 01:43
61511,2026-09-18,Vendredi,08:30,09:20,DNA Victor Hugo,Reformer,Soudi Zargham,0,0,True,disponible,2026-09-18 01:43
17485,2026-09-18,Vendredi,09:00,09:50,DNA Yvon Villarceau,Reformer,Eve Lacroix,0,0,True,disponible,2026-09-18 01:43
40190,2026-09-18,Vendredi,09:00,09:50,DNA Yvon Villarceau,Lagree,Nina Claro,0,0,True,disponible,2026-09-17 20:32
46793,2026-09-18,Vendredi,09:30,10:15,DNA Victor Hugo,Lagree,Carla Triboul (Suppléant),0,0,True,disponible,2026-09-18 01:43
61564,2026-09-18,Vendredi,09:30,10:20,DNA Victor Hugo,Reformer,Soudi Zargham,0,0,True,disponible,2026-09-18 01:43
17694,2026-09-18,Vendredi,10:00,10:50,DNA Yvon Villarceau,Reformer,Eve Lacroix,0,0,True,disponible,2026-09-18 01:43
40398,2026-09-18,Vendredi,10:00,10:50,DNA Yvon Villarceau,Lagree,Nina Claro,0,0,True,disponible,2026-09-17 20:32
46846,2026-09-18,Vendredi,10:30,11:15,DNA Victor Hugo,Lagree,Carla Triboul (Suppléant),0,0,True,disponible,2026-09-17 20:32
60506,2026-09-18,Vendredi,10:30,11:20,DNA Victor Hugo,Reformer,Soudi Zargham,0,0,True,disponible,2026-09-18 01:43
21240,2026-09-18,Vendredi,11:00,11:50,DNA Yvon Villarceau,Reformer,Eve Lacroix,0,0,True,disponible,2026-09-18 10:59
37263,2026-09-18,Vendredi,11:00,11:50,DNA Yvon Villarceau,Lagree,Nina Claro,0,0,True,disponible,2026-09-18 10:59
46899,2026-09-18,Vendredi,11:30,12:15,DNA Victor Hugo,Lagree,Carla Triboul,0,0,True,disponible,2026-09-18 10:59
63148,2026-09-18,Vendredi,11:30,12:20,DNA Victor Hugo,Reformer,Chloe Graeffly (Suppléant),0,0,True,disponible,2026-09-18 10:59
21447,2026-09-18,Vendredi,12:00,12:50,DNA Yvon Villarceau,Reformer,Eve Lacroix,0,0,True,disponible,2026-09-18 01:43
40606,2026-09-18,Vendredi,12:00,12:50,DNA Yvon Villarceau,Lagree,Nina Claro,0,0,True,disponible,2026-09-18 10:59
46952,2026-09-18,Vendredi,12:30,13:15,DNA Victor Hugo,Lagree,Carla Triboul,0,0,True,disponible,2026-09-18 10:59
63200,2026-09-18,Vendredi,12:30,13:20,DNA Victor Hugo,Reformer,Chloe Graeffly (Suppléant),0,0,True,disponible,2026-09-18 10:59
21655,2026-09-18,Vendredi,13:00,13:50,DNA Yvon Villarceau,Reformer,Eve Lacroix,0,0,True,disponible,2026-09-18 10:59
40814,2026-09-18,Vendredi,13:00,13:50,DNA Yvon Villarceau,Lagree,Nina Claro,0,0,True,disponible,2026-09-18 10:59
60612,2026-09-18,Vendredi,13:30,14:20,DNA Victor Hugo,Reformer,Chloe Graeffly (Suppléant),0,0,True,disponible,2026-09-18 10:59
66941,2026-09-18,Vendredi,13:30,14:20,DNA Victor Hugo,Lagree,Carla Triboul,0,0,True,disponible,2026-09-18 10:59
67575,2026-09-18,Vendredi,14:30,15:20,DNA Victor Hugo,Lagree,hafsa boughemza,0,0,True,disponible,2026-09-14 11:49
67627,2026-09-18,Vendredi,15:30,16:20,DNA Victor Hugo,Lagree,hafsa boughemza,0,0,True,disponible,2026-09-14 11:49
66136,2026-09-18,Vendredi,16:30,17:20,DNA Victor Hugo,Lagree,Celia Almeida,0,0,True,disponible,2026-09-18 15:34
67157,2026-09-18,Vendredi,16:30,17:20,DNA Victor Hugo,Reformer,Yasmine Khoulalene,0,0,True,disponible,2026-09-18 15:34
21863,2026-09-18,Vendredi,17:00,17:50,DNA Yvon Villarceau,Reformer,Audrey Hugon,0,0,True,disponible,2026-09-18 10:59
60877,2026-09-18,Vendredi,17:30,18:20,DNA Victor Hugo,Reformer,Yasmine Khoulalene,0,0,True,disponible,2026-09-18 15:34
66189,2026-09-18,Vendredi,17:30,18:20,DNA Victor Hugo,Lagree,Celia Almeida,0,0,True,disponible,2026-09-18 15:34
22279,2026-09-18,Vendredi,18:00,18:50,DNA Yvon Villarceau,Reformer,Audrey Hugon,0,0,True,disponible,2026-09-18 15:34
65150,2026-09-18,Vendredi,18:00,18:50,DNA Yvon Villarceau,Lagree,Calista Ruat,0,0,True,disponible,2026-09-18 15:34
47111,2026-09-18,Vendredi,18:30,19:15,DNA Victor Hugo,Lagree,Celia Almeida,0,0,True,disponible,2026-09-18 15:34
60718,2026-09-18,Vendredi,18:30,19:20,DNA Victor Hugo,Reformer,Olivia Lamarre Reyner,0,0,True,disponible,2026-09-18 15:34
22487,2026-09-18,Vendredi,19:00,19:50,DNA Yvon Villarceau,Reformer,Audrey Hugon,0,0,True,disponible,2026-09-18 15:34
65307,2026-09-18,Vendredi,19:00,19:50,DNA Yvon Villarceau,Lagree,Calista Ruat,0,0,True,disponible,2026-09-18 15:34
47164,2026-09-18,Vendredi,19:30,20:15,DNA Victor Hugo,Lagree,Celia Almeida,0,0,True,disponible,2026-09-18 19:12
63356,2026-09-18,Vendredi,19:30,20:20,DNA Victor Hugo,Reformer,Olivia Lamarre Reyner,0,0,True,disponible,2026-09-18 19:12
52908,2026-09-18,Vendredi,20:00,20:50,DNA Yvon Villarceau,Reformer,Audrey Hugon,0,0,True,disponible,2026-09-18 19:12
62969,2026-09-18,Vendredi,20:00,20:50,DNA Yvon Villarceau,Lagree,Calista Ruat,0,0,True,disponible,2026-09-18 15:34
64834,2026-09-18,Vendredi,21:00,21:50,DNA Yvon Villarceau,Reformer,Eve Lacroix,0,0,True,inconnu,2026-09-18 19:12
46014,2026-09-19,Samedi,08:00,09:00,DNA Yvon Villarceau,Lagree,Alice Amat,0,0,True,inconnu,2026-09-18 23:51
12067,2026-09-19,Samedi,09:00,09:50,DNA Yvon Villarceau,Reformer,Leann Mroueh,0,0,True,disponible,2026-09-18 23:51
34047,2026-09-19,Samedi,09:00,09:50,DNA Yvon Villarceau,Lagree,Vanessa Slomka,0,0,True,disponible,2026-09-18 19:12
47217,2026-09-19,Samedi,09:30,10:15,DNA Victor Hugo,Lagree,Nina Claro,0,0,True,disponible,2026-09-18 23:51
64416,2026-09-19,Samedi,09:30,10:20,DNA Victor Hugo,Reformer,Chloe Graeffly,0,0,True,disponible,2026-09-18 23:51
11018,2026-09-19,Samedi,10:00,10:50,DNA Yvon Villarceau,Reformer,Leann Mroueh,0,0,True,disponible,2026-09-18 23:51
34255,2026-09-19,Samedi,10:00,10:50,DNA Yvon Villarceau,Lagree,Vanessa Slomka,0,0,True,disponible,2026-09-18 23:51
47270,2026-09-19,Samedi,10:30,11:15,DNA Victor Hugo,Lagree,Nina Claro,0,0,True,disponible,2026-09-18 23:51
64469,2026-09-19,Samedi,10:30,11:20,DNA Victor Hugo,Reformer,Chloe Graeffly,0,0,True,disponible,2026-09-18 23:51
11228,2026-09-19,Samedi,11:00,11:50,DNA Yvon Villarceau,Reformer,Leann Mroueh,0,0,True,disponible,2026-09-19 10:47
34671,2026-09-19,Samedi,11:00,11:50,DNA Yvon Villarceau,Lagree,Vanessa Slomka,0,0,True,disponible,2026-09-19 10:47
47323,2026-09-19,Samedi,11:30,12:15,DNA Victor Hugo,Lagree,Nina Claro,0,0,True,disponible,2026-09-19 10:47
64522,2026-09-19,Samedi,11:30,12:20,DNA Victor Hugo,Reformer,Chloe Graeffly,0,0,True,disponible,2026-09-19 10:47
10808,2026-09-19,Samedi,12:00,12:50,DNA Yvon Villarceau,Reformer,Lucrezia Amerio,0,0,True,disponible,2026-09-19 10:47
35085,2026-09-19,Samedi,12:00,12:50,DNA Yvon Villarceau,Lagree,Vanessa Slomka,0,0,True,disponible,2026-09-19 10:47
47376,2026-09-19,Samedi,12:30,13:15,DNA Victor Hugo,Lagree,Carla Triboul (Suppléant),0,0,True,disponible,2026-09-19 10:47
64887,2026-09-19,Samedi,12:30,13:20,DNA Victor Hugo,Reformer,Chloe Graeffly,0,0,True,disponible,2026-09-19 10:47
11438,2026-09-19,Samedi,13:00,13:50,DNA Yvon Villarceau,Reformer,Lucrezia Amerio,0,0,True,disponible,2026-09-19 10:47
32102,2026-09-19,Samedi,13:00,13:50,DNA Yvon Villarceau,Lagree,Vanessa Slomka,0,0,True,disponible,2026-09-19 10:47
47429,2026-09-19,Samedi,13:30,14:15,DNA Victor Hugo,Lagree,Carla Triboul (Suppléant),0,0,True,disponible,2026-09-19 10:47
64575,2026-09-19,Samedi,13:30,14:20,DNA Victor Hugo,Reformer,Chloe Graeffly,0,0,True,disponible,2026-09-19 10:47
16221,2026-09-19,Samedi,14:00,14:50,DNA Yvon Villarceau,Reformer,Nina Claro,0,0,True,disponible,2026-09-19 10:47
29212,2026-09-19,Samedi,14:00,14:50,DNA Yvon Villarceau,Lagree,Lucrezia Amerio,0,0,True,disponible,2026-09-19 10:47
47482,2026-09-19,Samedi,14:30,15:15,DNA Victor Hugo,Lagree,Carla Triboul (Suppléant),0,0,True,disponible,2026-09-19 10:47
63622,2026-09-19,Samedi,14:30,15:20,DNA Victor Hugo,Reformer,Olivia Lamarre Reyner,0,0,True,disponible,2026-09-19 10:47
16429,2026-09-19,Samedi,15:00,15:50,DNA Yvon Villarceau,Reformer,Nina Claro,0,0,True,disponible,2026-09-19 10:47
29368,2026-09-19,Samedi,15:00,15:50,DNA Yvon Villarceau,Lagree,Lucrezia Amerio,0,0,True,disponible,2026-09-19 10:47
63675,2026-09-19,Samedi,15:30,16:20,DNA Victor Hugo,Reformer,Olivia Lamarre Reyner,0,0,True,disponible,2026-09-19 15:08
11651,2026-09-19,Samedi,16:00,16:50,DNA Yvon Villarceau,Reformer,Chloe Graeffly,0,0,True,disponible,2026-09-14 11:49
30654,2026-09-19,Samedi,16:00,16:50,DNA Yvon Villarceau,Lagree,Celia Almeida,0,0,True,disponible,2026-09-19 15:08
64940,2026-09-19,Samedi,16:30,17:20,DNA Victor Hugo,Reformer,Lucrezia Amerio,0,0,True,disponible,2026-09-19 15:08
65798,2026-09-19,Samedi,16:30,17:20,DNA Victor Hugo,Lagree,Carla Triboul,0,0,True,disponible,2026-09-19 15:08
11859,2026-09-19,Samedi,17:00,17:50,DNA Yvon Villarceau,Reformer,Olivia Lamarre Reyner,0,0,True,disponible,2026-09-19 15:08
29877,2026-09-19,Samedi,17:00,17:50,DNA Yvon Villarceau,Lagree,Celia Almeida,0,0,True,disponible,2026-09-19 15:08
52455,2026-09-19,Samedi,17:30,18:15,DNA Victor Hugo,Lagree,Carla Triboul,0,0,True,disponible,2026-09-19 15:08
64993,2026-09-19,Samedi,17:30,18:20,DNA Victor Hugo,Reformer,Lucrezia Amerio,0,0,True,disponible,2026-09-19 15:08
12275,2026-09-19,Samedi,18:00,18:50,DNA Yvon Villarceau,Reformer,Olivia Lamarre Reyner,0,0,True,disponible,2026-09-19 15:08
30086,2026-09-19,Samedi,18:00,18:50,DNA Yvon Villarceau,Lagree,Celia Almeida,0,0,True,disponible,2026-09-19 15:08
52507,2026-09-19,Samedi,18:30,19:15,DNA Victor Hugo,Lagree,Carla Triboul,0,0,True,disponible,2026-09-19 15:08
65046,2026-09-19,Samedi,18:30,19:20,DNA Victor Hugo,Reformer,Lucrezia Amerio,0,0,True,disponible,2026-09-19 18:28
12483,2026-09-19,Samedi,19:00,19:50,DNA Yvon Villarceau,Reformer,Olivia Lamarre Reyner,0,0,True,disponible,2026-09-19 15:08
30451,2026-09-19,Samedi,19:00,19:50,DNA Yvon Villarceau,Lagree,Celia Almeida,0,0,True,disponible,2026-09-19 18:28
52559,2026-09-19,Samedi,19:30,20:15,DNA Victor Hugo,Lagree,Carla Triboul,0,0,True,disponible,2026-09-19 15:08
65099,2026-09-19,Samedi,19:30,20:20,DNA Victor Hugo,Reformer,Lucrezia Amerio,0,0,True,disponible,2026-09-19 18:28
38318,2026-09-20,Dimanche,09:00,09:50,DNA Yvon Villarceau,Lagree,Nina Claro,0,0,True,disponible,2026-09-20 01:32
46224,2026-09-20,Dimanche,09:00,09:50,DNA Yvon Villarceau,Reformer,Eve Lacroix,0,0,True,disponible,2026-09-20 01:32
47535,2026-09-20,Dimanche,09:30,10:15,DNA Victor Hugo,Lagree,Yasmine Khoulalene (Suppléant),0,0,True,disponible,2026-09-19 18:28
63728,2026-09-20,Dimanche,09:30,10:20,DNA Victor Hugo,Reformer,Audrey Hugon,0,0,True,disponible,2026-09-19 18:28
19360,2026-09-20,Dimanche,10:00,10:50,DNA Yvon Villarceau,Reformer,Eve Lacroix,0,0,True,disponible,2026-09-20 01:32
38526,2026-09-20,Dimanche,10:00,10:50,DNA Yvon Villarceau,Lagree,Nina Claro,0,0,True,disponible,2026-09-20 01:32
47588,2026-09-20,Dimanche,10:30,11:15,DNA Victor Hugo,Lagree,Yasmine Khoulalene (Suppléant),0,0,True,disponible,2026-09-20 01:32
63781,2026-09-20,Dimanche,10:30,11:20,DNA Victor Hugo,Reformer,Audrey Hugon,0,0,True,disponible,2026-09-20 01:32
19569,2026-09-20,Dimanche,11:00,11:50,DNA Yvon Villarceau,Reformer,Eve Lacroix,0,0,True,disponible,2026-09-20 01:32
38734,2026-09-20,Dimanche,11:00,11:50,DNA Yvon Villarceau,Lagree,Nina Claro,0,0,True,disponible,2026-09-20 01:32
47641,2026-09-20,Dimanche,11:30,12:15,DNA Victor Hugo,Lagree,Yasmine Khoulalene (Suppléant),0,0,True,disponible,2026-09-20 11:15
63834,2026-09-20,Dimanche,11:30,12:20,DNA Victor Hugo,Reformer,Audrey Hugon,0,0,True,disponible,2026-09-20 11:15
19778,2026-09-20,Dimanche,12:00,12:50,DNA Yvon Villarceau,Reformer,Eve Lacroix,0,0,True,disponible,2026-09-19 18:28
38942,2026-09-20,Dimanche,12:00,12:50,DNA Yvon Villarceau,Lagree,Nina Claro,7,7,True,complet,2026-09-20 11:15
63887,2026-09-20,Dimanche,12:30,13:20,DNA Victor Hugo,Reformer,Audrey Hugon,0,0,True,disponible,2026-09-20 11:15
17896,2026-09-20,Dimanche,13:00,13:50,DNA Yvon Villarceau,Reformer,Eve Lacroix,0,0,True,disponible,2026-09-20 11:15
39150,2026-09-20,Dimanche,13:00,13:50,DNA Yvon Villarceau,Lagree,Nina Claro,0,0,True,disponible,2026-09-20 11:15
47747,2026-09-20,Dimanche,13:30,14:15,DNA Victor Hugo,Lagree,Julia Tapiro,0,0,True,disponible,2026-09-20 11:15
33246,2026-09-20,Dimanche,14:00,14:50,DNA Yvon Villarceau,Lagree,Nina Claro,0,0,True,disponible,2026-09-20 11:15
56113,2026-09-20,Dimanche,14:00,14:50,DNA Yvon Villarceau,Reformer,Eve Lacroix,0,0,True,disponible,2026-09-20 11:15
47800,2026-09-20,Dimanche,14:30,15:15,DNA Victor Hugo,Lagree,Julia Tapiro,0,0,True,disponible,2026-09-20 11:15
67210,2026-09-20,Dimanche,14:30,15:20,DNA Victor Hugo,Reformer,Lucrezia Amerio,0,0,True,disponible,2026-09-20 11:15
16011,2026-09-20,Dimanche,15:00,15:50,DNA Yvon Villarceau,Reformer,Olivia Lamarre Reyner,0,0,True,disponible,2026-09-20 11:15
67263,2026-09-20,Dimanche,15:30,16:20,DNA Victor Hugo,Reformer,Lucrezia Amerio,0,0,True,disponible,2026-09-20 11:15
67784,2026-09-20,Dimanche,15:30,16:20,DNA Victor Hugo,Lagree,Olympe Acquier,0,0,True,disponible,2026-09-19 15:08
24357,2026-09-20,Dimanche,16:00,16:50,DNA Yvon Villarceau,Reformer,Olivia Lamarre Reyner,0,0,True,disponible,2026-09-20 15:41
37894,2026-09-20,Dimanche,16:00,16:50,DNA Yvon Villarceau,Lagree,Carla Triboul (Suppléant),0,0,True,disponible,2026-09-20 15:41
67316,2026-09-20,Dimanche,16:30,17:20,DNA Victor Hugo,Reformer,Lucrezia Amerio,0,0,True,disponible,2026-09-20 15:41
67896,2026-09-20,Dimanche,16:30,17:20,DNA Victor Hugo,Lagree,Olympe Acquier,0,0,True,disponible,2026-09-20 15:41
19986,2026-09-20,Dimanche,17:00,17:50,DNA Yvon Villarceau,Reformer,Olivia Lamarre Reyner,0,0,True,disponible,2026-09-20 15:41
39358,2026-09-20,Dimanche,17:00,17:50,DNA Yvon Villarceau,Lagree,Carla Triboul (Suppléant),0,0,True,disponible,2026-09-20 15:41
64311,2026-09-20,Dimanche,17:30,18:20,DNA Victor Hugo,Reformer,Chloe Graeffly,0,0,True,disponible,2026-09-20 15:41
68008,2026-09-20,Dimanche,17:30,18:20,DNA Victor Hugo,Lagree,Olympe Acquier,0,0,True,disponible,2026-09-20 15:41
39774,2026-09-20,Dimanche,18:00,18:50,DNA Yvon Villarceau,Lagree,Carla Triboul (Suppléant),0,0,True,disponible,2026-09-20 15:41
59736,2026-09-20,Dimanche,18:00,18:50,DNA Yvon Villarceau,Reformer,Marie De Saint Simon,0,0,True,disponible,2026-09-20 15:41
52611,2026-09-20,Dimanche,18:30,19:15,DNA Victor Hugo,Lagree,Hala Takkiedine,0,0,True,disponible,2026-09-20 15:41
64364,2026-09-20,Dimanche,18:30,19:20,DNA Victor Hugo,Reformer,Chloe Graeffly,0,0,True,disponible,2026-09-20 15:41
20404,2026-09-20,Dimanche,19:00,19:50,DNA Yvon Villarceau,Reformer,Marie De Saint Simon,0,0,True,disponible,2026-09-20 18:59
39982,2026-09-20,Dimanche,19:00,19:50,DNA Yvon Villarceau,Lagree,Carla Triboul (Suppléant),0,0,True,disponible,2026-09-20 15:41
52663,2026-09-20,Dimanche,19:30,20:15,DNA Victor Hugo,Lagree,Hala Takkiedine,0,0,True,disponible,2026-09-20 18:59
18526,2026-09-21,Lundi,08:00,08:50,DNA Yvon Villarceau,Reformer,Eve Lacroix (Suppléant),0,0,True,disponible,2026-09-20 18:59
35916,2026-09-21,Lundi,08:00,08:50,DNA Yvon Villarceau,Lagree,Ela Anastasia,0,0,True,disponible,2026-09-20 18:59
61087,2026-09-21,Lundi,08:30,09:20,DNA Victor Hugo,Reformer,Nina Claro,0,0,True,disponible,2026-09-20 18:59
66461,2026-09-21,Lundi,08:30,09:20,DNA Victor Hugo,Lagree,Carla Triboul,0,0,True,disponible,2026-09-20 18:59
25401,2026-09-21,Lundi,09:00,09:50,DNA Yvon Villarceau,Reformer,Eve Lacroix (Suppléant),0,0,True,disponible,2026-09-20 23:49
36125,2026-09-21,Lundi,09:00,09:50,DNA Yvon Villarceau,Lagree,Ela Anastasia,0,0,True,disponible,2026-09-20 23:49
61140,2026-09-21,Lundi,09:30,10:20,DNA Victor Hugo,Reformer,Nina Claro,0,0,True,disponible,2026-09-20 18:59
66621,2026-09-21,Lundi,09:30,10:20,DNA Victor Hugo,Lagree,Carla Triboul,0,0,True,disponible,2026-09-20 18:59
25193,2026-09-21,Lundi,10:00,10:50,DNA Yvon Villarceau,Reformer,Eve Lacroix (Suppléant),0,0,True,disponible,2026-09-20 23:49
44975,2026-09-21,Lundi,10:00,10:50,DNA Yvon Villarceau,Lagree,Ela Anastasia,0,0,True,disponible,2026-09-20 23:49
61193,2026-09-21,Lundi,10:30,11:20,DNA Victor Hugo,Reformer,Nina Claro,0,0,True,disponible,2026-09-20 18:59
66781,2026-09-21,Lundi,10:30,11:20,DNA Victor Hugo,Lagree,Carla Triboul,0,0,True,disponible,2026-09-20 18:59
24985,2026-09-21,Lundi,11:00,11:50,DNA Yvon Villarceau,Reformer,Eve Lacroix (Suppléant),0,0,True,disponible,2026-09-20 23:49
34464,2026-09-21,Lundi,11:00,11:50,DNA Yvon Villarceau,Lagree,Ela Anastasia,0,0,True,disponible,2026-09-20 23:49
46635,2026-09-21,Lundi,11:30,12:15,DNA Victor Hugo,Lagree,Olympe Acquier (Suppléant),0,0,True,disponible,2026-09-20 23:49
61246,2026-09-21,Lundi,11:30,12:20,DNA Victor Hugo,Reformer,Nina Claro,0,0,True,disponible,2026-09-20 23:49
18734,2026-09-21,Lundi,12:00,12:50,DNA Yvon Villarceau,Reformer,Charlie DMC,0,0,True,disponible,2026-09-20 23:49
51757,2026-09-21,Lundi,12:00,12:50,DNA Yvon Villarceau,Lagree,Carla Triboul (Suppléant),0,0,True,disponible,2026-09-21 11:54
46688,2026-09-21,Lundi,12:30,13:15,DNA Victor Hugo,Lagree,Olympe Acquier (Suppléant),0,0,True,disponible,2026-09-20 23:49
61299,2026-09-21,Lundi,12:30,13:20,DNA Victor Hugo,Reformer,Nina Claro,0,0,True,disponible,2026-09-20 23:49
18942,2026-09-21,Lundi,13:00,13:50,DNA Yvon Villarceau,Reformer,Charlie DMC,0,0,True,disponible,2026-09-21 11:54
35712,2026-09-21,Lundi,13:00,13:50,DNA Yvon Villarceau,Lagree,Carla Triboul (Suppléant),0,0,True,disponible,2026-09-21 11:54
61352,2026-09-21,Lundi,13:30,14:20,DNA Victor Hugo,Reformer,Nina Claro,0,0,True,disponible,2026-09-21 11:54
62017,2026-09-21,Lundi,13:30,14:20,DNA Victor Hugo,Lagree,Olympe Acquier (Suppléant),0,0,True,disponible,2026-09-21 11:54
37102,2026-09-21,Lundi,14:00,14:50,DNA Yvon Villarceau,Lagree,Carla Triboul (Suppléant),0,0,True,disponible,2026-09-21 11:54
56269,2026-09-21,Lundi,14:00,14:50,DNA Yvon Villarceau,Reformer,Charlie DMC,0,0,True,disponible,2026-09-21 11:54
62245,2026-09-21,Lundi,14:30,15:20,DNA Victor Hugo,Reformer,Eve Lacroix (Suppléant),0,0,True,disponible,2026-09-21 11:54
33716,2026-09-21,Lundi,15:00,15:50,DNA Yvon Villarceau,Lagree,Ela Anastasia,0,0,True,disponible,2026-09-21 11:54
55489,2026-09-21,Lundi,15:30,16:20,DNA Victor Hugo,Reformer,Eve Lacroix (Suppléant),0,0,True,disponible,2026-09-21 11:54
31944,2026-09-21,Lundi,16:00,16:50,DNA Yvon Villarceau,Lagree,Ela Anastasia,0,0,True,disponible,2026-09-21 11:54
46431,2026-09-21,Lundi,16:00,16:50,DNA Yvon Villarceau,Reformer,Charlie DMC,0,0,True,disponible,2026-09-21 11:54
27065,2026-09-21,Lundi,17:00,17:50,DNA Yvon Villarceau,Reformer,Charlie DMC,0,0,True,disponible,2026-09-21 11:54
45183,2026-09-21,Lundi,17:00,17:50,DNA Yvon Villarceau,Lagree,Calista Ruat,0,0,True,disponible,2026-09-21 11:54
47960,2026-09-21,Lundi,17:30,18:15,DNA Victor Hugo,Lagree,Carla Triboul (Suppléant),0,0,True,disponible,2026-09-21 11:54
61773,2026-09-21,Lundi,17:30,18:20,DNA Victor Hugo,Reformer,Audrey Hugon (Suppléant),0,0,True,disponible,2026-09-21 11:54
26857,2026-09-21,Lundi,18:00,18:50,DNA Yvon Villarceau,Reformer,Charlie DMC,0,0,True,disponible,2026-09-21 11:54
45391,2026-09-21,Lundi,18:00,18:50,DNA Yvon Villarceau,Lagree,Calista Ruat,0,0,True,disponible,2026-09-21 11:54
48012,2026-09-21,Lundi,18:30,19:15,DNA Victor Hugo,Lagree,Carla Triboul (Suppléant),0,0,True,disponible,2026-09-21 18:27
61826,2026-09-21,Lundi,18:30,19:20,DNA Victor Hugo,Reformer,Audrey Hugon (Suppléant),0,0,True,disponible,2026-09-21 18:27
24777,2026-09-21,Lundi,19:00,19:50,DNA Yvon Villarceau,Reformer,Marie De Saint Simon,0,0,True,disponible,2026-09-21 18:27
45807,2026-09-21,Lundi,19:00,19:50,DNA Yvon Villarceau,Lagree,Calista Ruat,0,0,True,disponible,2026-09-21 18:27
48064,2026-09-21,Lundi,19:30,20:15,DNA Victor Hugo,Lagree,Carla Triboul (Suppléant),0,0,True,disponible,2026-09-21 18:27
61932,2026-09-21,Lundi,19:30,20:20,DNA Victor Hugo,Reformer,Audrey Hugon (Suppléant),0,0,True,disponible,2026-09-21 18:27
24569,2026-09-21,Lundi,20:00,20:50,DNA Yvon Villarceau,Reformer,Marie De Saint Simon,0,0,True,disponible,2026-09-21 18:27
45599,2026-09-21,Lundi,20:00,20:50,DNA Yvon Villarceau,Lagree,Calista Ruat,0,0,True,disponible,2026-09-21 18:27
48116,2026-09-21,Lundi,20:30,21:15,DNA Victor Hugo,Lagree,Carla Triboul (Suppléant),0,0,True,disponible,2026-09-21 18:27
59584,2026-09-21,Lundi,21:00,21:50,DNA Yvon Villarceau,Reformer,Marie De Saint Simon,0,0,True,disponible,2026-09-21 18:27
28105,2026-09-22,Mardi,08:00,08:50,DNA Yvon Villarceau,Lagree,Celia Almeida,0,0,True,disponible,2026-09-21 18:27
50392,2026-09-22,Mardi,08:00,08:50,DNA Yvon Villarceau,Reformer,Charlie DMC,0,0,True,disponible,2026-09-22 01:37
62439,2026-09-22,Mardi,08:30,09:20,DNA Victor Hugo,Reformer,Nina Claro,0,0,True,disponible,2026-09-22 01:37
65619,2026-09-22,Mardi,08:30,09:20,DNA Victor Hugo,Lagree,Yasmine Khoulalene,0,0,True,disponible,2026-09-21 18:27
28313,2026-09-22,Mardi,09:00,09:50,DNA Yvon Villarceau,Lagree,Celia Almeida,0,0,True,disponible,2026-09-21 18:27
50589,2026-09-22,Mardi,09:00,09:50,DNA Yvon Villarceau,Reformer,Charlie DMC,0,0,True,disponible,2026-09-21 18:27
62492,2026-09-22,Mardi,09:30,10:20,DNA Victor Hugo,Reformer,Nina Claro,0,0,True,disponible,2026-09-22 01:37
67050,2026-09-22,Mardi,09:30,10:20,DNA Victor Hugo,Lagree,Yasmine Khoulalene,0,0,True,disponible,2026-09-21 18:27
28521,2026-09-22,Mardi,10:00,10:50,DNA Yvon Villarceau,Lagree,Celia Almeida,0,0,True,disponible,2026-09-21 18:27
50786,2026-09-22,Mardi,10:00,10:50,DNA Yvon Villarceau,Reformer,Charlie DMC,0,0,True,disponible,2026-09-22 01:37
62545,2026-09-22,Mardi,10:30,11:20,DNA Victor Hugo,Reformer,Nina Claro,0,0,True,disponible,2026-09-22 01:37
67062,2026-09-22,Mardi,10:30,11:15,DNA Victor Hugo,Lagree,Yasmine Khoulalene,0,0,True,disponible,2026-09-21 18:27
26233,2026-09-22,Mardi,11:00,11:50,DNA Yvon Villarceau,Reformer,Soudi Zargham,0,0,True,disponible,2026-09-22 01:37
28729,2026-09-22,Mardi,11:00,11:50,DNA Yvon Villarceau,Lagree,isis Magnin,0,0,True,disponible,2026-09-22 01:37
48326,2026-09-22,Mardi,11:30,12:15,DNA Victor Hugo,Lagree,hafsa boughemza,0,0,True,disponible,2026-09-22 11:17
62598,2026-09-22,Mardi,11:30,12:20,DNA Victor Hugo,Reformer,Nina Claro,0,0,True,disponible,2026-09-22 01:37
26025,2026-09-22,Mardi,12:00,12:50,DNA Yvon Villarceau,Reformer,Soudi Zargham,0,0,True,disponible,2026-09-22 11:17
44143,2026-09-22,Mardi,12:00,12:50,DNA Yvon Villarceau,Lagree,isis Magnin,0,0,True,disponible,2026-09-22 11:17
62651,2026-09-22,Mardi,12:30,13:20,DNA Victor Hugo,Reformer,Nina Claro,0,0,True,disponible,2026-09-22 11:17
67075,2026-09-22,Mardi,12:30,13:15,DNA Victor Hugo,Lagree,hafsa boughemza,0,0,True,disponible,2026-09-22 11:17
25817,2026-09-22,Mardi,13:00,13:50,DNA Yvon Villarceau,Reformer,Soudi Zargham,0,0,True,disponible,2026-09-22 11:17
44351,2026-09-22,Mardi,13:00,13:50,DNA Yvon Villarceau,Lagree,isis Magnin,0,0,True,disponible,2026-09-22 01:37
66267,2026-09-22,Mardi,13:30,14:20,DNA Victor Hugo,Reformer,Nina Claro,0,0,True,disponible,2026-09-22 11:17
67733,2026-09-22,Mardi,13:30,14:20,DNA Victor Hugo,Lagree,hafsa boughemza,0,0,True,disponible,2026-09-22 01:37
67680,2026-09-22,Mardi,13:30,14:20,DNA Yvon Villarceau,Lagree,hafsa boughemza,0,0,True,disponible,2026-08-28 02:25
36945,2026-09-22,Mardi,14:00,14:50,DNA Yvon Villarceau,Lagree,isis Magnin,0,0,True,disponible,2026-09-22 01:37
65822,2026-09-22,Mardi,14:30,15:20,DNA Victor Hugo,Reformer,hafsa boughemza (Suppléant),0,0,True,disponible,2026-09-22 11:17
67366,2026-09-22,Mardi,14:30,15:20,DNA Victor Hugo,Lagree,hafsa boughemza,0,0,True,disponible,2026-09-16 01:44
65875,2026-09-22,Mardi,15:30,16:20,DNA Victor Hugo,Reformer,hafsa boughemza (Suppléant),0,0,True,disponible,2026-09-22 11:17
67419,2026-09-22,Mardi,15:30,16:20,DNA Victor Hugo,Lagree,hafsa boughemza,0,0,True,disponible,2026-09-16 01:44
57058,2026-09-22,Mardi,16:00,16:50,DNA Yvon Villarceau,Reformer,Charlie DMC,0,0,True,disponible,2026-09-22 11:17
65928,2026-09-22,Mardi,16:30,17:20,DNA Victor Hugo,Reformer,hafsa boughemza (Suppléant),0,0,True,disponible,2026-09-22 11:17
12692,2026-09-22,Mardi,17:00,17:50,DNA Yvon Villarceau,Reformer,Charlie DMC,0,0,True,disponible,2026-09-22 11:17
52153,2026-09-22,Mardi,17:00,17:50,DNA Yvon Villarceau,Lagree,isis Magnin,0,0,True,disponible,2026-09-22 11:17
54882,2026-09-22,Mardi,17:30,18:15,DNA Victor Hugo,Lagree,Leann Mroueh,0,0,True,disponible,2026-09-22 16:11
66300,2026-09-22,Mardi,17:30,18:20,DNA Victor Hugo,Reformer,Carla Triboul,0,0,True,disponible,2026-09-22 16:11
12900,2026-09-22,Mardi,18:00,18:50,DNA Yvon Villarceau,Reformer,Charlie DMC,0,0,True,disponible,2026-09-22 16:11
35504,2026-09-22,Mardi,18:00,18:50,DNA Yvon Villarceau,Lagree,isis Magnin,0,0,True,disponible,2026-09-22 16:11
55034,2026-09-22,Mardi,18:30,19:15,DNA Victor Hugo,Lagree,Leann Mroueh,0,0,True,disponible,2026-09-22 16:11
63940,2026-09-22,Mardi,18:30,19:20,DNA Victor Hugo,Reformer,Carla Triboul,0,0,True,disponible,2026-09-22 16:11
13108,2026-09-22,Mardi,19:00,19:50,DNA Yvon Villarceau,Reformer,Eve Lacroix,0,0,True,disponible,2026-09-22 16:11
44559,2026-09-22,Mardi,19:00,19:50,DNA Yvon Villarceau,Lagree,Calista Ruat,0,0,True,disponible,2026-09-22 16:11
55186,2026-09-22,Mardi,19:30,20:15,DNA Victor Hugo,Lagree,Leann Mroueh,0,0,True,disponible,2026-09-22 16:11
63993,2026-09-22,Mardi,19:30,20:20,DNA Victor Hugo,Reformer,Carla Triboul,0,0,True,disponible,2026-09-22 16:11
25609,2026-09-22,Mardi,20:00,20:50,DNA Yvon Villarceau,Reformer,Eve Lacroix,0,0,True,disponible,2026-09-22 16:11
44767,2026-09-22,Mardi,20:00,20:50,DNA Yvon Villarceau,Lagree,Calista Ruat,0,0,True,disponible,2026-09-22 16:11
55338,2026-09-22,Mardi,20:30,21:15,DNA Victor Hugo,Lagree,Leann Mroueh,0,0,True,disponible,2026-09-22 20:04
64046,2026-09-22,Mardi,20:30,21:20,DNA Victor Hugo,Reformer,Carla Triboul,0,0,True,disponible,2026-09-22 20:04
59413,2026-09-22,Mardi,21:00,21:50,DNA Yvon Villarceau,Reformer,Eve Lacroix,0,0,True,disponible,2026-09-22 11:17
65745,2026-09-22,Mardi,21:00,21:50,DNA Yvon Villarceau,Lagree,Calista Ruat,0,0,True,disponible,2026-09-22 20:04
31050,2026-09-23,Mercredi,07:00,07:50,DNA Yvon Villarceau,Lagree,Kim Sarfati,0,0,True,inconnu,2026-09-23 01:48
18110,2026-09-23,Mercredi,08:00,08:50,DNA Yvon Villarceau,Reformer,Rebecca Raccah,0,0,True,disponible,2026-09-23 01:48
31548,2026-09-23,Mercredi,08:00,08:50,DNA Yvon Villarceau,Lagree,Ela Anastasia,0,0,True,disponible,2026-09-22 20:04
59987,2026-09-23,Mercredi,08:30,09:20,DNA Victor Hugo,Reformer,Charlie DMC,0,0,True,disponible,2026-09-23 01:48
65541,2026-09-23,Mercredi,08:30,09:20,DNA Victor Hugo,Lagree,Yasmine Khoulalene,0,0,True,disponible,2026-09-22 20:04
18318,2026-09-23,Mercredi,09:00,09:50,DNA Yvon Villarceau,Reformer,Rebecca Raccah,0,0,True,disponible,2026-09-22 20:04
31757,2026-09-23,Mercredi,09:00,09:50,DNA Yvon Villarceau,Lagree,Ela Anastasia,0,0,True,disponible,2026-09-22 20:04
60039,2026-09-23,Mercredi,09:30,10:20,DNA Victor Hugo,Reformer,Charlie DMC,0,0,True,disponible,2026-09-23 01:48
65567,2026-09-23,Mercredi,09:30,10:20,DNA Victor Hugo,Lagree,Yasmine Khoulalene,0,0,True,disponible,2026-09-22 20:04
27897,2026-09-23,Mercredi,10:00,10:50,DNA Yvon Villarceau,Reformer,Rebecca Raccah,0,0,True,disponible,2026-09-22 20:04
42479,2026-09-23,Mercredi,10:00,10:50,DNA Yvon Villarceau,Lagree,Ela Anastasia,0,0,True,disponible,2026-09-22 20:04
60091,2026-09-23,Mercredi,10:30,11:20,DNA Victor Hugo,Reformer,Charlie DMC,0,0,True,disponible,2026-09-23 01:48
65593,2026-09-23,Mercredi,10:30,11:20,DNA Victor Hugo,Lagree,Yasmine Khoulalene,0,0,True,disponible,2026-09-23 01:48
27689,2026-09-23,Mercredi,11:00,11:50,DNA Yvon Villarceau,Reformer,Rebecca Raccah,0,0,True,disponible,2026-09-23 01:48
43103,2026-09-23,Mercredi,11:00,11:50,DNA Yvon Villarceau,Lagree,Ela Anastasia,0,0,True,disponible,2026-09-23 01:48
52351,2026-09-23,Mercredi,11:30,12:15,DNA Victor Hugo,Lagree,Celia Almeida,0,0,True,disponible,2026-09-23 01:48
63569,2026-09-23,Mercredi,11:30,12:20,DNA Victor Hugo,Reformer,Charlie DMC,0,0,True,disponible,2026-09-23 11:17
27481,2026-09-23,Mercredi,12:00,12:50,DNA Yvon Villarceau,Reformer,Rebecca Raccah,0,0,True,disponible,2026-09-23 11:17
43311,2026-09-23,Mercredi,12:00,12:50,DNA Yvon Villarceau,Lagree,Ela Anastasia,0,0,True,disponible,2026-09-23 11:17
59917,2026-09-23,Mercredi,12:30,13:15,DNA Victor Hugo,Lagree,Celia Almeida,0,0,True,disponible,2026-09-23 11:17
60143,2026-09-23,Mercredi,12:30,13:20,DNA Victor Hugo,Reformer,Charlie DMC,0,0,True,disponible,2026-09-23 11:17
27273,2026-09-23,Mercredi,13:00,13:50,DNA Yvon Villarceau,Reformer,Rebecca Raccah,0,0,True,disponible,2026-09-23 11:17
43519,2026-09-23,Mercredi,13:00,13:50,DNA Yvon Villarceau,Lagree,isis Magnin,0,0,True,disponible,2026-09-23 11:17
59952,2026-09-23,Mercredi,13:30,14:15,DNA Victor Hugo,Lagree,Celia Almeida,0,0,True,disponible,2026-09-23 01:48
33090,2026-09-23,Mercredi,14:00,14:50,DNA Yvon Villarceau,Lagree,isis Magnin,0,0,True,disponible,2026-09-23 11:17
49068,2026-09-23,Mercredi,14:30,15:15,DNA Victor Hugo,Lagree,Celia Almeida,0,0,True,disponible,2026-09-23 11:17
64731,2026-09-23,Mercredi,14:30,15:20,DNA Victor Hugo,Reformer,Eve Lacroix (Suppléant),0,0,True,disponible,2026-09-23 11:17
33403,2026-09-23,Mercredi,15:00,15:50,DNA Yvon Villarceau,Lagree,isis Magnin,0,0,True,disponible,2026-09-23 11:17
64783,2026-09-23,Mercredi,15:30,16:20,DNA Victor Hugo,Reformer,Eve Lacroix (Suppléant),0,0,True,disponible,2026-09-23 11:17
15608,2026-09-23,Mercredi,17:00,17:50,DNA Yvon Villarceau,Reformer,Charlie DMC,0,0,True,disponible,2026-09-23 16:25
53551,2026-09-23,Mercredi,17:00,17:50,DNA Yvon Villarceau,Lagree,Calista Ruat (Suppléant),0,0,True,disponible,2026-09-23 11:17
49174,2026-09-23,Mercredi,17:30,18:15,DNA Victor Hugo,Lagree,Carla Triboul (Suppléant),0,0,True,disponible,2026-09-23 11:17
64099,2026-09-23,Mercredi,17:30,18:20,DNA Victor Hugo,Reformer,Chloe Graeffly,0,0,True,disponible,2026-09-23 16:25
51202,2026-09-23,Mercredi,18:00,18:50,DNA Yvon Villarceau,Reformer,Charlie DMC,0,0,True,disponible,2026-09-23 16:25
53748,2026-09-23,Mercredi,18:00,18:50,DNA Yvon Villarceau,Lagree,Calista Ruat (Suppléant),0,0,True,disponible,2026-09-23 16:25
49227,2026-09-23,Mercredi,18:30,19:20,DNA Victor Hugo,Lagree,Carla Triboul (Suppléant),0,0,True,disponible,2026-09-23 16:25
64152,2026-09-23,Mercredi,18:30,19:20,DNA Victor Hugo,Reformer,Chloe Graeffly,0,0,True,disponible,2026-09-23 16:25
13316,2026-09-23,Mercredi,19:00,19:50,DNA Yvon Villarceau,Reformer,Charlie DMC,0,0,True,disponible,2026-09-23 16:25
32695,2026-09-23,Mercredi,19:00,19:50,DNA Yvon Villarceau,Lagree,Calista Ruat (Suppléant),0,0,True,disponible,2026-09-23 16:25
49280,2026-09-23,Mercredi,19:30,20:15,DNA Victor Hugo,Lagree,Carla Triboul (Suppléant),0,0,True,disponible,2026-09-23 16:25
66233,2026-09-23,Mercredi,19:30,20:20,DNA Victor Hugo,Reformer,Chloe Graeffly,0,0,True,disponible,2026-09-23 16:25
32903,2026-09-23,Mercredi,20:00,20:50,DNA Yvon Villarceau,Lagree,Calista Ruat (Suppléant),0,0,True,disponible,2026-09-23 16:25
50984,2026-09-23,Mercredi,20:00,20:50,DNA Yvon Villarceau,Reformer,Eve Lacroix,0,0,True,disponible,2026-09-23 16:25
64258,2026-09-23,Mercredi,20:30,21:20,DNA Victor Hugo,Reformer,Chloe Graeffly,0,0,True,disponible,2026-09-23 16:25
65515,2026-09-23,Mercredi,20:30,21:20,DNA Victor Hugo,Lagree,Carla Triboul (Suppléant),0,0,True,disponible,2026-09-23 16:25
57329,2026-09-23,Mercredi,21:00,21:50,DNA Yvon Villarceau,Reformer,Eve Lacroix,0,0,True,disponible,2026-09-23 20:38
14568,2026-09-24,Jeudi,08:00,08:50,DNA Yvon Villarceau,Reformer,Nina Claro,0,0,True,disponible,2026-09-23 23:47
36338,2026-09-24,Jeudi,08:00,08:50,DNA Yvon Villarceau,Lagree,isis Magnin,0,0,True,disponible,2026-09-23 20:38
49386,2026-09-24,Jeudi,08:30,09:15,DNA Victor Hugo,Lagree,Eve Lacroix,0,0,True,disponible,2026-09-23 23:47
60195,2026-09-24,Jeudi,08:30,09:20,DNA Victor Hugo,Reformer,Charlie DMC,0,0,True,disponible,2026-09-23 23:47
14776,2026-09-24,Jeudi,09:00,09:50,DNA Yvon Villarceau,Reformer,Nina Claro,0,0,True,disponible,2026-09-23 20:38
36546,2026-09-24,Jeudi,09:00,09:50,DNA Yvon Villarceau,Lagree,isis Magnin,0,0,True,disponible,2026-09-23 20:38
49439,2026-09-24,Jeudi,09:30,10:15,DNA Victor Hugo,Lagree,Eve Lacroix,0,0,True,disponible,2026-09-23 23:47
60247,2026-09-24,Jeudi,09:30,10:20,DNA Victor Hugo,Reformer,Charlie DMC,0,0,True,disponible,2026-09-23 23:47
22072,2026-09-24,Jeudi,10:00,10:50,DNA Yvon Villarceau,Reformer,hafsa boughemza (Suppléant),0,0,True,disponible,2026-09-23 20:38
36754,2026-09-24,Jeudi,10:00,10:50,DNA Yvon Villarceau,Lagree,isis Magnin,0,0,True,disponible,2026-09-23 20:38
49492,2026-09-24,Jeudi,10:30,11:15,DNA Victor Hugo,Lagree,Carla Triboul (Suppléant),0,0,True,disponible,2026-09-23 23:47
60299,2026-09-24,Jeudi,10:30,11:20,DNA Victor Hugo,Reformer,Charlie DMC,0,0,True,disponible,2026-09-23 23:47
22696,2026-09-24,Jeudi,11:00,11:50,DNA Yvon Villarceau,Reformer,hafsa boughemza (Suppléant),0,0,True,disponible,2026-09-23 23:47
41023,2026-09-24,Jeudi,11:00,11:50,DNA Yvon Villarceau,Lagree,Nina Claro,0,0,True,disponible,2026-09-23 23:47
62757,2026-09-24,Jeudi,11:30,12:15,DNA Victor Hugo,Lagree,Carla Triboul (Suppléant),0,0,True,disponible,2026-09-24 11:17
63411,2026-09-24,Jeudi,11:30,12:20,DNA Victor Hugo,Reformer,Audrey Hugon,0,0,True,disponible,2026-09-24 11:17
22904,2026-09-24,Jeudi,12:00,12:50,DNA Yvon Villarceau,Reformer,Soudi Zargham,0,0,True,disponible,2026-09-24 11:17
41647,2026-09-24,Jeudi,12:00,12:50,DNA Yvon Villarceau,Lagree,Nina Claro,0,0,True,disponible,2026-09-24 11:17
49598,2026-09-24,Jeudi,12:30,13:15,DNA Victor Hugo,Lagree,Sarah Elfassy,0,0,True,disponible,2026-09-24 11:17
63464,2026-09-24,Jeudi,12:30,13:20,DNA Victor Hugo,Reformer,Audrey Hugon,0,0,True,disponible,2026-09-24 11:17
23112,2026-09-24,Jeudi,13:00,13:50,DNA Yvon Villarceau,Reformer,Soudi Zargham,0,0,True,disponible,2026-09-24 11:17
42063,2026-09-24,Jeudi,13:00,13:50,DNA Yvon Villarceau,Lagree,Nina Claro,0,0,True,disponible,2026-09-24 11:17
49651,2026-09-24,Jeudi,13:30,14:15,DNA Victor Hugo,Lagree,Sarah Elfassy,0,0,True,disponible,2026-09-24 11:17
63517,2026-09-24,Jeudi,13:30,14:20,DNA Victor Hugo,Reformer,Audrey Hugon,0,0,True,disponible,2026-09-24 11:17
10171,2026-09-24,Jeudi,14:00,14:50,DNA Yvon Villarceau,Reformer,Soudi Zargham,0,0,True,disponible,2026-09-23 23:47
65981,2026-09-24,Jeudi,14:30,15:20,DNA Victor Hugo,Reformer,Charlie DMC (Suppléant),0,0,True,disponible,2026-09-23 23:47
67472,2026-09-24,Jeudi,14:30,15:20,DNA Victor Hugo,Lagree,hafsa boughemza,0,0,True,disponible,2026-09-23 23:47
37684,2026-09-24,Jeudi,15:00,15:50,DNA Yvon Villarceau,Lagree,Sarah Elfassy,0,0,True,disponible,2026-09-24 11:17
59170,2026-09-24,Jeudi,15:00,15:50,DNA Yvon Villarceau,Reformer,Nina Claro,0,0,True,disponible,2026-09-24 11:17
66033,2026-09-24,Jeudi,15:30,16:20,DNA Victor Hugo,Reformer,Charlie DMC (Suppléant),0,0,True,disponible,2026-09-24 11:17
67524,2026-09-24,Jeudi,15:30,16:20,DNA Victor Hugo,Lagree,hafsa boughemza,0,0,True,disponible,2026-09-24 11:17
59222,2026-09-24,Jeudi,16:00,16:50,DNA Yvon Villarceau,Reformer,Nina Claro,0,0,True,disponible,2026-09-24 11:17
65462,2026-09-24,Jeudi,16:00,16:50,DNA Yvon Villarceau,Lagree,Sarah Elfassy,0,0,True,disponible,2026-09-24 11:17
66085,2026-09-24,Jeudi,16:30,17:20,DNA Victor Hugo,Reformer,Charlie DMC (Suppléant),0,0,True,disponible,2026-09-24 16:26
23320,2026-09-24,Jeudi,17:00,17:50,DNA Yvon Villarceau,Reformer,Nina Claro,0,0,True,disponible,2026-09-24 11:17
42271,2026-09-24,Jeudi,17:00,17:50,DNA Yvon Villarceau,Lagree,Calista Ruat,0,0,True,disponible,2026-09-24 11:17
49704,2026-09-24,Jeudi,17:30,18:15,DNA Victor Hugo,Lagree,Julia Tapiro (Suppléant),0,0,True,disponible,2026-09-24 11:17
61617,2026-09-24,Jeudi,17:30,18:20,DNA Victor Hugo,Reformer,Carla Triboul,0,0,True,disponible,2026-09-24 16:26
23528,2026-09-24,Jeudi,18:00,18:50,DNA Yvon Villarceau,Reformer,Nina Claro,0,0,True,disponible,2026-09-24 16:26
42687,2026-09-24,Jeudi,18:00,18:50,DNA Yvon Villarceau,Lagree,Calista Ruat,0,0,True,disponible,2026-09-24 16:26
49757,2026-09-24,Jeudi,18:30,19:15,DNA Victor Hugo,Lagree,Julia Tapiro (Suppléant),0,0,True,disponible,2026-09-24 16:26
61669,2026-09-24,Jeudi,18:30,19:20,DNA Victor Hugo,Reformer,Carla Triboul,0,0,True,disponible,2026-09-24 16:26
14984,2026-09-24,Jeudi,19:00,19:50,DNA Yvon Villarceau,Reformer,Eve Lacroix,0,0,True,disponible,2026-09-24 16:26
43727,2026-09-24,Jeudi,19:00,19:50,DNA Yvon Villarceau,Lagree,Calista Ruat,0,0,True,disponible,2026-09-24 16:26
49810,2026-09-24,Jeudi,19:30,20:15,DNA Victor Hugo,Lagree,Julia Tapiro (Suppléant),0,0,True,disponible,2026-09-24 16:26
61721,2026-09-24,Jeudi,19:30,20:20,DNA Victor Hugo,Reformer,Carla Triboul,0,0,True,disponible,2026-09-24 16:26
15192,2026-09-24,Jeudi,20:00,20:50,DNA Yvon Villarceau,Reformer,Eve Lacroix,0,0,True,disponible,2026-09-24 16:26
43935,2026-09-24,Jeudi,20:00,20:50,DNA Yvon Villarceau,Lagree,Calista Ruat,0,0,True,disponible,2026-09-24 16:26
49863,2026-09-24,Jeudi,20:30,21:20,DNA Victor Hugo,Lagree,Julia Tapiro (Suppléant),0,0,True,disponible,2026-09-24 16:26
67105,2026-09-24,Jeudi,20:30,21:20,DNA Victor Hugo,Reformer,Carla Triboul,0,0,True,disponible,2026-09-24 16:26
15389,2026-09-24,Jeudi,21:00,21:50,DNA Yvon Villarceau,Reformer,Eve Lacroix,0,0,True,disponible,2026-09-24 16:26
17277,2026-09-25,Vendredi,08:00,08:50,DNA Yvon Villarceau,Reformer,Eve Lacroix,0,0,True,disponible,2026-09-24 16:26
39567,2026-09-25,Vendredi,08:00,08:50,DNA Yvon Villarceau,Lagree,Nina Claro,0,0,True,disponible,2026-09-24 16:26
46741,2026-09-25,Vendredi,08:30,09:15,DNA Victor Hugo,Lagree,Leann Mroueh (Suppléant),0,0,True,disponible,2026-09-24 16:26
61512,2026-09-25,Vendredi,08:30,09:20,DNA Victor Hugo,Reformer,Soudi Zargham,0,0,True,disponible,2026-09-24 23:48
17486,2026-09-25,Vendredi,09:00,09:50,DNA Yvon Villarceau,Reformer,Eve Lacroix,0,0,True,disponible,2026-09-24 23:48
40191,2026-09-25,Vendredi,09:00,09:50,DNA Yvon Villarceau,Lagree,Nina Claro,0,0,True,disponible,2026-09-24 23:48
46794,2026-09-25,Vendredi,09:30,10:15,DNA Victor Hugo,Lagree,Olympe Acquier (Suppléant),0,0,True,disponible,2026-09-24 23:48
61565,2026-09-25,Vendredi,09:30,10:20,DNA Victor Hugo,Reformer,Soudi Zargham,0,0,True,disponible,2026-09-24 23:48
17695,2026-09-25,Vendredi,10:00,10:50,DNA Yvon Villarceau,Reformer,Eve Lacroix,0,0,True,disponible,2026-09-24 23:48
40399,2026-09-25,Vendredi,10:00,10:50,DNA Yvon Villarceau,Lagree,Nina Claro,0,0,True,disponible,2026-09-24 23:48
46847,2026-09-25,Vendredi,10:30,11:15,DNA Victor Hugo,Lagree,Olympe Acquier (Suppléant),0,0,True,disponible,2026-09-24 23:48
60507,2026-09-25,Vendredi,10:30,11:20,DNA Victor Hugo,Reformer,Soudi Zargham,0,0,True,disponible,2026-09-24 23:48
21241,2026-09-25,Vendredi,11:00,11:50,DNA Yvon Villarceau,Reformer,Eve Lacroix,0,0,True,disponible,2026-09-24 23:48
37264,2026-09-25,Vendredi,11:00,11:50,DNA Yvon Villarceau,Lagree,Nina Claro,0,0,True,disponible,2026-09-24 23:48
46900,2026-09-25,Vendredi,11:30,12:15,DNA Victor Hugo,Lagree,Carla Triboul,0,0,True,disponible,2026-09-24 23:48
63149,2026-09-25,Vendredi,11:30,12:20,DNA Victor Hugo,Reformer,Leann Mroueh,0,0,True,disponible,2026-09-24 23:48
21448,2026-09-25,Vendredi,12:00,12:50,DNA Yvon Villarceau,Reformer,Eve Lacroix,0,0,True,disponible,2026-09-24 23:48
40607,2026-09-25,Vendredi,12:00,12:50,DNA Yvon Villarceau,Lagree,Nina Claro,0,0,True,disponible,2026-09-25 11:35
46953,2026-09-25,Vendredi,12:30,13:15,DNA Victor Hugo,Lagree,Carla Triboul,0,0,True,disponible,2026-09-25 11:35
63201,2026-09-25,Vendredi,12:30,13:20,DNA Victor Hugo,Reformer,Leann Mroueh,0,0,True,disponible,2026-09-25 11:35
21656,2026-09-25,Vendredi,13:00,13:50,DNA Yvon Villarceau,Reformer,Eve Lacroix,0,0,True,disponible,2026-09-25 11:35
40815,2026-09-25,Vendredi,13:00,13:50,DNA Yvon Villarceau,Lagree,Nina Claro,0,0,True,disponible,2026-09-25 11:35
60613,2026-09-25,Vendredi,13:30,14:20,DNA Victor Hugo,Reformer,Leann Mroueh,0,0,True,disponible,2026-09-25 11:35
66942,2026-09-25,Vendredi,13:30,14:20,DNA Victor Hugo,Lagree,Carla Triboul,0,0,True,disponible,2026-09-25 11:35
67576,2026-09-25,Vendredi,14:30,15:20,DNA Victor Hugo,Lagree,hafsa boughemza,0,0,True,disponible,2026-09-14 11:49
67628,2026-09-25,Vendredi,15:30,16:20,DNA Victor Hugo,Lagree,hafsa boughemza,0,0,True,disponible,2026-09-14 11:49
66137,2026-09-25,Vendredi,16:30,17:20,DNA Victor Hugo,Lagree,Celia Almeida,0,0,True,disponible,2026-09-25 11:35
67158,2026-09-25,Vendredi,16:30,17:20,DNA Victor Hugo,Reformer,Yasmine Khoulalene,0,0,True,disponible,2026-09-25 11:35
21864,2026-09-25,Vendredi,17:00,17:50,DNA Yvon Villarceau,Reformer,Audrey Hugon,0,0,True,disponible,2026-09-25 11:35
60878,2026-09-25,Vendredi,17:30,18:20,DNA Victor Hugo,Reformer,Yasmine Khoulalene,0,0,True,disponible,2026-09-25 16:44
66190,2026-09-25,Vendredi,17:30,18:20,DNA Victor Hugo,Lagree,Celia Almeida,0,0,True,disponible,2026-09-25 16:44
22280,2026-09-25,Vendredi,18:00,18:50,DNA Yvon Villarceau,Reformer,Audrey Hugon,0,0,True,disponible,2026-09-25 16:44
65151,2026-09-25,Vendredi,18:00,18:50,DNA Yvon Villarceau,Lagree,Calista Ruat,0,0,True,disponible,2026-09-25 16:44
47112,2026-09-25,Vendredi,18:30,19:15,DNA Victor Hugo,Lagree,Celia Almeida,0,0,True,disponible,2026-09-25 16:44
60719,2026-09-25,Vendredi,18:30,19:20,DNA Victor Hugo,Reformer,Charlie DMC (Suppléant),0,0,True,disponible,2026-09-25 16:44
22488,2026-09-25,Vendredi,19:00,19:50,DNA Yvon Villarceau,Reformer,Audrey Hugon,0,0,True,disponible,2026-09-25 16:44
65308,2026-09-25,Vendredi,19:00,19:50,DNA Yvon Villarceau,Lagree,Calista Ruat,0,0,True,disponible,2026-09-25 16:44
47165,2026-09-25,Vendredi,19:30,20:15,DNA Victor Hugo,Lagree,Celia Almeida,0,0,True,disponible,2026-09-25 16:44
63357,2026-09-25,Vendredi,19:30,20:20,DNA Victor Hugo,Reformer,Charlie DMC (Suppléant),0,0,True,disponible,2026-09-25 16:44
52909,2026-09-25,Vendredi,20:00,20:50,DNA Yvon Villarceau,Reformer,Audrey Hugon,0,0,True,disponible,2026-09-25 16:44
62970,2026-09-25,Vendredi,20:00,20:50,DNA Yvon Villarceau,Lagree,Calista Ruat,0,0,True,disponible,2026-09-25 16:44
64835,2026-09-25,Vendredi,21:00,21:50,DNA Yvon Villarceau,Reformer,Eve Lacroix,0,0,True,inconnu,2026-09-25 20:55
46015,2026-09-26,Samedi,08:00,09:00,DNA Yvon Villarceau,Lagree,Alice Amat,0,0,True,inconnu,2026-09-26 00:18
12068,2026-09-26,Samedi,09:00,09:50,DNA Yvon Villarceau,Reformer,Carla Triboul (Suppléant),0,0,True,disponible,2026-09-26 00:18
34048,2026-09-26,Samedi,09:00,09:50,DNA Yvon Villarceau,Lagree,Vanessa Slomka,0,0,True,disponible,2026-09-25 16:44
47218,2026-09-26,Samedi,09:30,10:15,DNA Victor Hugo,Lagree,Nina Claro,0,0,True,disponible,2026-09-26 00:18
64417,2026-09-26,Samedi,09:30,10:20,DNA Victor Hugo,Reformer,Chloe Graeffly,7,7,True,complet,2026-09-26 00:18
11019,2026-09-26,Samedi,10:00,10:50,DNA Yvon Villarceau,Reformer,Carla Triboul (Suppléant),0,0,True,disponible,2026-09-26 00:18
34256,2026-09-26,Samedi,10:00,10:50,DNA Yvon Villarceau,Lagree,Vanessa Slomka,0,0,True,disponible,2026-09-26 00:18
47271,2026-09-26,Samedi,10:30,11:15,DNA Victor Hugo,Lagree,Nina Claro,0,0,True,disponible,2026-09-26 00:18
64470,2026-09-26,Samedi,10:30,11:20,DNA Victor Hugo,Reformer,Chloe Graeffly,0,0,True,disponible,2026-09-26 00:18
11229,2026-09-26,Samedi,11:00,11:50,DNA Yvon Villarceau,Reformer,Carla Triboul (Suppléant),0,0,True,disponible,2026-09-26 00:18
34672,2026-09-26,Samedi,11:00,11:50,DNA Yvon Villarceau,Lagree,Vanessa Slomka,0,0,True,disponible,2026-09-26 00:18
47324,2026-09-26,Samedi,11:30,12:15,DNA Victor Hugo,Lagree,Nina Claro,0,0,True,disponible,2026-09-26 11:19
64523,2026-09-26,Samedi,11:30,12:20,DNA Victor Hugo,Reformer,Chloe Graeffly,0,0,True,disponible,2026-09-26 11:19
10809,2026-09-26,Samedi,12:00,12:50,DNA Yvon Villarceau,Reformer,Carla Triboul (Suppléant),0,0,True,disponible,2026-09-26 11:19
35086,2026-09-26,Samedi,12:00,12:50,DNA Yvon Villarceau,Lagree,Vanessa Slomka,0,0,True,disponible,2026-09-26 00:18
47377,2026-09-26,Samedi,12:30,13:15,DNA Victor Hugo,Lagree,Yasmine Khoulalene (Suppléant),0,0,True,disponible,2026-09-26 11:19
64888,2026-09-26,Samedi,12:30,13:20,DNA Victor Hugo,Reformer,Chloe Graeffly,0,0,True,disponible,2026-09-26 11:19
11439,2026-09-26,Samedi,13:00,13:50,DNA Yvon Villarceau,Reformer,Carla Triboul (Suppléant),0,0,True,disponible,2026-09-26 00:18
32103,2026-09-26,Samedi,13:00,13:50,DNA Yvon Villarceau,Lagree,Vanessa Slomka,0,0,True,disponible,2026-09-26 11:19
47430,2026-09-26,Samedi,13:30,14:15,DNA Victor Hugo,Lagree,Yasmine Khoulalene (Suppléant),0,0,True,disponible,2026-09-26 11:19
64576,2026-09-26,Samedi,13:30,14:20,DNA Victor Hugo,Reformer,Chloe Graeffly,0,0,True,disponible,2026-09-26 11:19
16222,2026-09-26,Samedi,14:00,14:50,DNA Yvon Villarceau,Reformer,Nina Claro,0,0,True,disponible,2026-09-26 11:19
29213,2026-09-26,Samedi,14:00,14:50,DNA Yvon Villarceau,Lagree,Lucrezia Amerio,0,0,True,disponible,2026-09-26 11:19
47483,2026-09-26,Samedi,14:30,15:15,DNA Victor Hugo,Lagree,Yasmine Khoulalene (Suppléant),0,0,True,disponible,2026-09-26 11:19
63623,2026-09-26,Samedi,14:30,15:20,DNA Victor Hugo,Reformer,Carla Triboul (Suppléant),0,0,True,disponible,2026-09-26 11:19
16430,2026-09-26,Samedi,15:00,15:50,DNA Yvon Villarceau,Reformer,Nina Claro,0,0,True,disponible,2026-09-26 11:19
29369,2026-09-26,Samedi,15:00,15:50,DNA Yvon Villarceau,Lagree,Lucrezia Amerio,0,0,True,disponible,2026-09-26 11:19
63676,2026-09-26,Samedi,15:30,16:20,DNA Victor Hugo,Reformer,Carla Triboul (Suppléant),0,0,True,disponible,2026-09-26 11:19
11652,2026-09-26,Samedi,16:00,16:50,DNA Yvon Villarceau,Reformer,Chloe Graeffly,0,0,True,disponible,2026-09-14 11:49
30655,2026-09-26,Samedi,16:00,16:50,DNA Yvon Villarceau,Lagree,Celia Almeida,0,0,True,disponible,2026-09-26 15:53
64941,2026-09-26,Samedi,16:30,17:20,DNA Victor Hugo,Reformer,Lucrezia Amerio,0,0,True,disponible,2026-09-26 15:53
65799,2026-09-26,Samedi,16:30,17:20,DNA Victor Hugo,Lagree,Carla Triboul,0,0,True,disponible,2026-09-26 15:53
11860,2026-09-26,Samedi,17:00,17:50,DNA Yvon Villarceau,Reformer,Sarah Diolinda (Suppléant),0,0,True,disponible,2026-09-26 11:19
29878,2026-09-26,Samedi,17:00,17:50,DNA Yvon Villarceau,Lagree,Celia Almeida,0,0,True,disponible,2026-09-26 11:19
52456,2026-09-26,Samedi,17:30,18:15,DNA Victor Hugo,Lagree,Carla Triboul,0,0,True,disponible,2026-09-26 15:53
64994,2026-09-26,Samedi,17:30,18:20,DNA Victor Hugo,Reformer,Lucrezia Amerio,0,0,True,disponible,2026-09-26 15:53
12276,2026-09-26,Samedi,18:00,18:50,DNA Yvon Villarceau,Reformer,Sarah Diolinda (Suppléant),0,0,True,disponible,2026-09-26 15:53
30087,2026-09-26,Samedi,18:00,18:50,DNA Yvon Villarceau,Lagree,Celia Almeida,0,0,True,disponible,2026-09-26 15:53
52508,2026-09-26,Samedi,18:30,19:15,DNA Victor Hugo,Lagree,Carla Triboul,0,0,True,disponible,2026-09-26 15:53
65047,2026-09-26,Samedi,18:30,19:20,DNA Victor Hugo,Reformer,Lucrezia Amerio,0,0,True,disponible,2026-09-26 15:53
12484,2026-09-26,Samedi,19:00,19:50,DNA Yvon Villarceau,Reformer,Sarah Diolinda (Suppléant),0,0,True,disponible,2026-09-26 15:53
30452,2026-09-26,Samedi,19:00,19:50,DNA Yvon Villarceau,Lagree,Celia Almeida,0,0,True,disponible,2026-09-26 15:53
52560,2026-09-26,Samedi,19:30,20:15,DNA Victor Hugo,Lagree,Carla Triboul,0,0,True,disponible,2026-09-26 15:53
65100,2026-09-26,Samedi,19:30,20:20,DNA Victor Hugo,Reformer,Lucrezia Amerio,0,0,True,disponible,2026-09-26 15:53
38319,2026-09-27,Dimanche,09:00,09:50,DNA Yvon Villarceau,Lagree,Nina Claro,0,0,True,disponible,2026-09-26 15:53
46225,2026-09-27,Dimanche,09:00,09:50,DNA Yvon Villarceau,Reformer,Eve Lacroix,0,0,True,disponible,2026-09-27 00:47
47536,2026-09-27,Dimanche,09:30,10:15,DNA Victor Hugo,Lagree,Ela Anastasia,0,0,True,disponible,2026-09-27 00:47
63729,2026-09-27,Dimanche,09:30,10:20,DNA Victor Hugo,Reformer,Audrey Hugon,0,0,True,disponible,2026-09-26 19:44
19361,2026-09-27,Dimanche,10:00,10:50,DNA Yvon Villarceau,Reformer,Eve Lacroix,0,0,True,disponible,2026-09-27 00:47
38527,2026-09-27,Dimanche,10:00,10:50,DNA Yvon Villarceau,Lagree,Olympe Acquier (Suppléant),0,0,True,disponible,2026-09-27 00:47
47589,2026-09-27,Dimanche,10:30,11:15,DNA Victor Hugo,Lagree,Ela Anastasia,0,0,True,disponible,2026-09-27 00:47
63782,2026-09-27,Dimanche,10:30,11:20,DNA Victor Hugo,Reformer,Audrey Hugon,0,0,True,disponible,2026-09-27 00:47
19570,2026-09-27,Dimanche,11:00,11:50,DNA Yvon Villarceau,Reformer,Eve Lacroix,0,0,True,disponible,2026-09-27 00:47
38735,2026-09-27,Dimanche,11:00,11:50,DNA Yvon Villarceau,Lagree,Olympe Acquier (Suppléant),0,0,True,disponible,2026-09-27 00:47
47642,2026-09-27,Dimanche,11:30,12:15,DNA Victor Hugo,Lagree,Ela Anastasia,0,0,True,disponible,2026-09-27 00:47
63835,2026-09-27,Dimanche,11:30,12:20,DNA Victor Hugo,Reformer,Audrey Hugon,0,0,True,disponible,2026-09-27 00:47
19779,2026-09-27,Dimanche,12:00,12:50,DNA Yvon Villarceau,Reformer,Eve Lacroix,0,0,True,disponible,2026-09-27 11:59
38943,2026-09-27,Dimanche,12:00,12:50,DNA Yvon Villarceau,Lagree,Catrin Karlson English class (Suppléant),0,0,True,disponible,2026-09-27 11:59
63888,2026-09-27,Dimanche,12:30,13:20,DNA Victor Hugo,Reformer,Audrey Hugon,0,0,True,disponible,2026-09-27 11:59
17897,2026-09-27,Dimanche,13:00,13:50,DNA Yvon Villarceau,Reformer,Eve Lacroix,0,0,True,disponible,2026-09-27 11:59
39151,2026-09-27,Dimanche,13:00,13:50,DNA Yvon Villarceau,Lagree,Catrin Karlson English class (Suppléant),0,0,True,disponible,2026-09-27 11:59
47748,2026-09-27,Dimanche,13:30,14:15,DNA Victor Hugo,Lagree,Olympe Acquier (Suppléant),0,0,True,disponible,2026-09-27 11:59
33247,2026-09-27,Dimanche,14:00,14:50,DNA Yvon Villarceau,Lagree,Catrin Karlson English class (Suppléant),0,0,True,disponible,2026-09-27 00:47
56114,2026-09-27,Dimanche,14:00,14:50,DNA Yvon Villarceau,Reformer,Eve Lacroix,0,0,True,disponible,2026-09-27 11:59
47801,2026-09-27,Dimanche,14:30,15:15,DNA Victor Hugo,Lagree,Olympe Acquier (Suppléant),0,0,True,disponible,2026-09-27 11:59
67211,2026-09-27,Dimanche,14:30,15:20,DNA Victor Hugo,Reformer,Chloe Graeffly (Suppléant),0,0,True,disponible,2026-09-27 11:59
16012,2026-09-27,Dimanche,15:00,15:50,DNA Yvon Villarceau,Reformer,Carla Triboul (Suppléant),0,0,True,disponible,2026-09-27 11:59
67264,2026-09-27,Dimanche,15:30,16:20,DNA Victor Hugo,Reformer,Chloe Graeffly (Suppléant),0,0,True,disponible,2026-09-27 11:59
67785,2026-09-27,Dimanche,15:30,16:20,DNA Victor Hugo,Lagree,Olympe Acquier,0,0,True,disponible,2026-09-19 15:08
24358,2026-09-27,Dimanche,16:00,16:50,DNA Yvon Villarceau,Reformer,Carla Triboul (Suppléant),0,0,True,disponible,2026-09-27 11:59
37895,2026-09-27,Dimanche,16:00,16:50,DNA Yvon Villarceau,Lagree,Catrin Karlson English class,0,0,True,disponible,2026-09-27 11:59
67317,2026-09-27,Dimanche,16:30,17:20,DNA Victor Hugo,Reformer,Lucrezia Amerio,0,0,True,disponible,2026-09-27 11:59
67897,2026-09-27,Dimanche,16:30,17:20,DNA Victor Hugo,Lagree,Olympe Acquier,0,0,True,disponible,2026-09-27 11:59
19987,2026-09-27,Dimanche,17:00,17:50,DNA Yvon Villarceau,Reformer,Carla Triboul (Suppléant),0,0,True,disponible,2026-09-27 11:59
39359,2026-09-27,Dimanche,17:00,17:50,DNA Yvon Villarceau,Lagree,Catrin Karlson English class,0,0,True,disponible,2026-09-27 11:59
64312,2026-09-27,Dimanche,17:30,18:20,DNA Victor Hugo,Reformer,Lucrezia Amerio (Suppléant),0,0,True,disponible,2026-09-27 17:09
68009,2026-09-27,Dimanche,17:30,18:20,DNA Victor Hugo,Lagree,Olympe Acquier,0,0,True,disponible,2026-09-27 17:09
39775,2026-09-27,Dimanche,18:00,18:50,DNA Yvon Villarceau,Lagree,Catrin Karlson English class,0,0,True,disponible,2026-09-27 17:09
59737,2026-09-27,Dimanche,18:00,18:50,DNA Yvon Villarceau,Reformer,Marie De Saint Simon,0,0,True,disponible,2026-09-27 17:09
52612,2026-09-27,Dimanche,18:30,19:15,DNA Victor Hugo,Lagree,Hala Takkiedine,0,0,True,disponible,2026-09-27 17:09
64365,2026-09-27,Dimanche,18:30,19:20,DNA Victor Hugo,Reformer,Lucrezia Amerio (Suppléant),0,0,True,disponible,2026-09-27 17:09
20405,2026-09-27,Dimanche,19:00,19:50,DNA Yvon Villarceau,Reformer,Marie De Saint Simon,0,0,True,disponible,2026-09-27 11:59
39983,2026-09-27,Dimanche,19:00,19:50,DNA Yvon Villarceau,Lagree,Catrin Karlson English class,0,0,True,disponible,2026-09-27 17:09
52664,2026-09-27,Dimanche,19:30,20:15,DNA Victor Hugo,Lagree,Hala Takkiedine,0,0,True,disponible,2026-09-27 17:09
18527,2026-09-28,Lundi,08:00,08:50,DNA Yvon Villarceau,Reformer,Rebecca Raccah,0,0,True,disponible,2026-09-28 00:07
35917,2026-09-28,Lundi,08:00,08:50,DNA Yvon Villarceau,Lagree,Ela Anastasia,0,0,True,disponible,2026-09-27 17:09
61088,2026-09-28,Lundi,08:30,09:20,DNA Victor Hugo,Reformer,Nina Claro,0,0,True,disponible,2026-09-28 00:07
66462,2026-09-28,Lundi,08:30,09:20,DNA Victor Hugo,Lagree,Carla Triboul,0,0,True,disponible,2026-09-27 17:09
25402,2026-09-28,Lundi,09:00,09:50,DNA Yvon Villarceau,Reformer,Rebecca Raccah,0,0,True,disponible,2026-09-27 20:58
36126,2026-09-28,Lundi,09:00,09:50,DNA Yvon Villarceau,Lagree,Ela Anastasia,0,0,True,disponible,2026-09-27 17:09
61141,2026-09-28,Lundi,09:30,10:20,DNA Victor Hugo,Reformer,Nina Claro,0,0,True,disponible,2026-09-28 00:07
66622,2026-09-28,Lundi,09:30,10:20,DNA Victor Hugo,Lagree,Carla Triboul,0,0,True,disponible,2026-09-27 17:09
25194,2026-09-28,Lundi,10:00,10:50,DNA Yvon Villarceau,Reformer,Rebecca Raccah,0,0,True,disponible,2026-09-28 00:07
44976,2026-09-28,Lundi,10:00,10:50,DNA Yvon Villarceau,Lagree,Ela Anastasia,0,0,True,disponible,2026-09-28 00:07
61194,2026-09-28,Lundi,10:30,11:20,DNA Victor Hugo,Reformer,Nina Claro,0,0,True,disponible,2026-09-28 00:07
66782,2026-09-28,Lundi,10:30,11:20,DNA Victor Hugo,Lagree,Carla Triboul,0,0,True,disponible,2026-09-27 17:09
24986,2026-09-28,Lundi,11:00,11:50,DNA Yvon Villarceau,Reformer,Rebecca Raccah,0,0,True,disponible,2026-09-28 00:07
34465,2026-09-28,Lundi,11:00,11:50,DNA Yvon Villarceau,Lagree,Ela Anastasia,0,0,True,disponible,2026-09-28 00:07
46636,2026-09-28,Lundi,11:30,12:15,DNA Victor Hugo,Lagree,Sarah Elfassy,0,0,True,disponible,2026-09-28 00:07
61247,2026-09-28,Lundi,11:30,12:20,DNA Victor Hugo,Reformer,Nina Claro,0,0,True,disponible,2026-09-28 00:07
18735,2026-09-28,Lundi,12:00,12:50,DNA Yvon Villarceau,Reformer,Charlie DMC,0,0,True,disponible,2026-09-28 00:07
51758,2026-09-28,Lundi,12:00,12:50,DNA Yvon Villarceau,Lagree,Catrin Karlson English class,0,0,True,disponible,2026-09-28 00:07
46689,2026-09-28,Lundi,12:30,13:15,DNA Victor Hugo,Lagree,Sarah Elfassy,0,0,True,disponible,2026-09-28 00:07
61300,2026-09-28,Lundi,12:30,13:20,DNA Victor Hugo,Reformer,Nina Claro,0,0,True,disponible,2026-09-28 00:07
18943,2026-09-28,Lundi,13:00,13:50,DNA Yvon Villarceau,Reformer,Charlie DMC,0,0,True,disponible,2026-09-28 12:51
35713,2026-09-28,Lundi,13:00,13:50,DNA Yvon Villarceau,Lagree,Catrin Karlson English class,0,0,True,disponible,2026-09-28 12:51
61353,2026-09-28,Lundi,13:30,14:20,DNA Victor Hugo,Reformer,Nina Claro,0,0,True,disponible,2026-09-28 12:51
62018,2026-09-28,Lundi,13:30,14:20,DNA Victor Hugo,Lagree,Sarah Elfassy,0,0,True,disponible,2026-09-28 12:51
37103,2026-09-28,Lundi,14:00,14:50,DNA Yvon Villarceau,Lagree,Catrin Karlson English class,0,0,True,disponible,2026-09-28 12:51
56270,2026-09-28,Lundi,14:00,14:50,DNA Yvon Villarceau,Reformer,Charlie DMC,0,0,True,disponible,2026-09-28 12:51
62246,2026-09-28,Lundi,14:30,15:20,DNA Victor Hugo,Reformer,Sarah Elfassy,0,0,True,disponible,2026-09-28 12:51
33717,2026-09-28,Lundi,15:00,15:50,DNA Yvon Villarceau,Lagree,Ela Anastasia,0,0,True,disponible,2026-09-28 12:51
55490,2026-09-28,Lundi,15:30,16:20,DNA Victor Hugo,Reformer,Sarah Elfassy,0,0,True,disponible,2026-09-28 12:51
31945,2026-09-28,Lundi,16:00,16:50,DNA Yvon Villarceau,Lagree,Ela Anastasia,0,0,True,disponible,2026-09-28 12:51
27066,2026-09-28,Lundi,17:00,17:50,DNA Yvon Villarceau,Reformer,Charlie DMC,0,0,True,disponible,2026-09-28 12:51
45184,2026-09-28,Lundi,17:00,17:50,DNA Yvon Villarceau,Lagree,Calista Ruat,0,0,True,disponible,2026-09-28 12:51
47961,2026-09-28,Lundi,17:30,18:15,DNA Victor Hugo,Lagree,Catrin Karlson English class,0,0,True,disponible,2026-09-28 12:51
61774,2026-09-28,Lundi,17:30,18:20,DNA Victor Hugo,Reformer,Rebecca Raccah,0,0,True,disponible,2026-09-28 12:51
26858,2026-09-28,Lundi,18:00,18:50,DNA Yvon Villarceau,Reformer,Charlie DMC,0,0,True,disponible,2026-09-28 12:51
45392,2026-09-28,Lundi,18:00,18:50,DNA Yvon Villarceau,Lagree,Calista Ruat,0,0,True,disponible,2026-09-28 12:51
48013,2026-09-28,Lundi,18:30,19:15,DNA Victor Hugo,Lagree,Catrin Karlson English class,0,0,True,disponible,2026-09-28 12:51
61827,2026-09-28,Lundi,18:30,19:20,DNA Victor Hugo,Reformer,Rebecca Raccah,0,0,True,disponible,2026-09-28 12:51
24778,2026-09-28,Lundi,19:00,19:50,DNA Yvon Villarceau,Reformer,Eve Lacroix (Suppléant),0,0,True,disponible,2026-09-28 12:51
45808,2026-09-28,Lundi,19:00,19:50,DNA Yvon Villarceau,Lagree,Calista Ruat,0,0,True,disponible,2026-09-28 12:51
48065,2026-09-28,Lundi,19:30,20:15,DNA Victor Hugo,Lagree,Catrin Karlson English class,0,0,True,disponible,2026-09-28 12:51
61933,2026-09-28,Lundi,19:30,20:20,DNA Victor Hugo,Reformer,Rebecca Raccah,0,0,True,disponible,2026-09-28 12:51
24570,2026-09-28,Lundi,20:00,20:50,DNA Yvon Villarceau,Reformer,Eve Lacroix (Suppléant),0,0,True,disponible,2026-09-28 12:51
45600,2026-09-28,Lundi,20:00,20:50,DNA Yvon Villarceau,Lagree,Calista Ruat,0,0,True,disponible,2026-09-28 12:51
48117,2026-09-28,Lundi,20:30,21:15,DNA Victor Hugo,Lagree,Catrin Karlson English class,0,0,True,disponible,2026-09-28 12:51
59585,2026-09-28,Lundi,21:00,21:50,DNA Yvon Villarceau,Reformer,Eve Lacroix (Suppléant),0,0,True,disponible,2026-09-28 12:51
28106,2026-09-29,Mardi,08:00,08:50,DNA Yvon Villarceau,Lagree,Celia Almeida,0,0,True,disponible,2026-09-28 20:35
50393,2026-09-29,Mardi,08:00,08:50,DNA Yvon Villarceau,Reformer,Charlie DMC,0,0,True,disponible,2026-09-28 20:35
62440,2026-09-29,Mardi,08:30,09:20,DNA Victor Hugo,Reformer,Nina Claro,0,0,True,disponible,2026-09-29 01:30
65620,2026-09-29,Mardi,08:30,09:20,DNA Victor Hugo,Lagree,Yasmine Khoulalene,0,0,True,disponible,2026-09-28 20:35
28314,2026-09-29,Mardi,09:00,09:50,DNA Yvon Villarceau,Lagree,Celia Almeida,0,0,True,disponible,2026-09-28 20:35
50590,2026-09-29,Mardi,09:00,09:50,DNA Yvon Villarceau,Reformer,Charlie DMC,0,0,True,disponible,2026-09-28 20:35
62493,2026-09-29,Mardi,09:30,10:20,DNA Victor Hugo,Reformer,Nina Claro,0,0,True,disponible,2026-09-29 01:30
67051,2026-09-29,Mardi,09:30,10:20,DNA Victor Hugo,Lagree,Yasmine Khoulalene,0,0,True,disponible,2026-09-29 01:30
28522,2026-09-29,Mardi,10:00,10:50,DNA Yvon Villarceau,Lagree,Celia Almeida,0,0,True,disponible,2026-09-28 20:35
50787,2026-09-29,Mardi,10:00,10:50,DNA Yvon Villarceau,Reformer,Charlie DMC,0,0,True,disponible,2026-09-29 01:30
62546,2026-09-29,Mardi,10:30,11:20,DNA Victor Hugo,Reformer,Nina Claro,0,0,True,disponible,2026-09-29 01:30
67063,2026-09-29,Mardi,10:30,11:15,DNA Victor Hugo,Lagree,Yasmine Khoulalene,0,0,True,disponible,2026-09-29 01:30
26234,2026-09-29,Mardi,11:00,11:50,DNA Yvon Villarceau,Reformer,Soudi Zargham,0,0,True,disponible,2026-09-28 20:35
28730,2026-09-29,Mardi,11:00,11:50,DNA Yvon Villarceau,Lagree,isis Magnin,0,0,True,disponible,2026-09-29 01:30
48327,2026-09-29,Mardi,11:30,12:15,DNA Victor Hugo,Lagree,hafsa boughemza,0,0,True,disponible,2026-09-29 01:30
62599,2026-09-29,Mardi,11:30,12:20,DNA Victor Hugo,Reformer,Nina Claro,0,0,True,disponible,2026-09-29 01:30
26026,2026-09-29,Mardi,12:00,12:50,DNA Yvon Villarceau,Reformer,Soudi Zargham,0,0,True,disponible,2026-09-29 01:30
44144,2026-09-29,Mardi,12:00,12:50,DNA Yvon Villarceau,Lagree,isis Magnin,0,0,True,disponible,2026-09-29 01:30
62652,2026-09-29,Mardi,12:30,13:20,DNA Victor Hugo,Reformer,Nina Claro,0,0,True,disponible,2026-09-29 01:30
67076,2026-09-29,Mardi,12:30,13:15,DNA Victor Hugo,Lagree,hafsa boughemza,0,0,True,disponible,2026-09-29 01:30
25818,2026-09-29,Mardi,13:00,13:50,DNA Yvon Villarceau,Reformer,Soudi Zargham,0,0,True,disponible,2026-09-29 12:39
44352,2026-09-29,Mardi,13:00,13:50,DNA Yvon Villarceau,Lagree,isis Magnin,0,0,True,disponible,2026-09-29 12:39
66268,2026-09-29,Mardi,13:30,14:20,DNA Victor Hugo,Reformer,Nina Claro,0,0,True,disponible,2026-09-29 12:39
67734,2026-09-29,Mardi,13:30,14:20,DNA Victor Hugo,Lagree,hafsa boughemza,0,0,True,disponible,2026-09-29 01:30
36946,2026-09-29,Mardi,14:00,14:50,DNA Yvon Villarceau,Lagree,isis Magnin,0,0,True,disponible,2026-09-29 01:30
65823,2026-09-29,Mardi,14:30,15:20,DNA Victor Hugo,Reformer,Olivia Lamarre Reyner,0,0,True,disponible,2026-09-29 12:39
67367,2026-09-29,Mardi,14:30,15:20,DNA Victor Hugo,Lagree,hafsa boughemza,0,0,True,disponible,2026-09-29 12:39
65876,2026-09-29,Mardi,15:30,16:20,DNA Victor Hugo,Reformer,Olivia Lamarre Reyner,0,0,True,disponible,2026-09-29 12:39
67420,2026-09-29,Mardi,15:30,16:20,DNA Victor Hugo,Lagree,hafsa boughemza,0,0,True,disponible,2026-09-29 12:39
57059,2026-09-29,Mardi,16:00,16:50,DNA Yvon Villarceau,Reformer,Charlie DMC,0,0,True,disponible,2026-09-29 12:39
65929,2026-09-29,Mardi,16:30,17:20,DNA Victor Hugo,Reformer,Olivia Lamarre Reyner,0,0,True,disponible,2026-09-29 12:39
12693,2026-09-29,Mardi,17:00,17:50,DNA Yvon Villarceau,Reformer,Charlie DMC,0,0,True,disponible,2026-09-29 12:39
52154,2026-09-29,Mardi,17:00,17:50,DNA Yvon Villarceau,Lagree,isis Magnin,0,0,True,disponible,2026-09-29 12:39
54883,2026-09-29,Mardi,17:30,18:15,DNA Victor Hugo,Lagree,Leann Mroueh,0,0,True,disponible,2026-09-29 12:39
66301,2026-09-29,Mardi,17:30,18:20,DNA Victor Hugo,Reformer,Carla Triboul,0,0,True,disponible,2026-09-29 12:39
12901,2026-09-29,Mardi,18:00,18:50,DNA Yvon Villarceau,Reformer,Charlie DMC,0,0,True,disponible,2026-09-29 12:39
35505,2026-09-29,Mardi,18:00,18:50,DNA Yvon Villarceau,Lagree,isis Magnin,0,0,True,disponible,2026-09-29 12:39
55035,2026-09-29,Mardi,18:30,19:15,DNA Victor Hugo,Lagree,Leann Mroueh,0,0,True,disponible,2026-09-29 12:39
63941,2026-09-29,Mardi,18:30,19:20,DNA Victor Hugo,Reformer,Carla Triboul,0,0,True,disponible,2026-09-29 12:39
13109,2026-09-29,Mardi,19:00,19:50,DNA Yvon Villarceau,Reformer,Eve Lacroix,0,0,True,disponible,2026-09-29 18:38
44560,2026-09-29,Mardi,19:00,19:50,DNA Yvon Villarceau,Lagree,Calista Ruat,0,0,True,disponible,2026-09-29 18:38
55187,2026-09-29,Mardi,19:30,20:15,DNA Victor Hugo,Lagree,Leann Mroueh,0,0,True,disponible,2026-09-29 18:38
63994,2026-09-29,Mardi,19:30,20:20,DNA Victor Hugo,Reformer,Carla Triboul,0,0,True,disponible,2026-09-29 18:38
25610,2026-09-29,Mardi,20:00,20:50,DNA Yvon Villarceau,Reformer,Eve Lacroix,0,0,True,disponible,2026-09-29 18:38
44768,2026-09-29,Mardi,20:00,20:50,DNA Yvon Villarceau,Lagree,Calista Ruat,0,0,True,disponible,2026-09-29 18:38
55339,2026-09-29,Mardi,20:30,21:15,DNA Victor Hugo,Lagree,Leann Mroueh,0,0,True,disponible,2026-09-29 18:38
64047,2026-09-29,Mardi,20:30,21:20,DNA Victor Hugo,Reformer,Carla Triboul,0,0,True,disponible,2026-09-29 18:38
59414,2026-09-29,Mardi,21:00,21:50,DNA Yvon Villarceau,Reformer,Eve Lacroix,0,0,True,disponible,2026-09-29 12:39
65746,2026-09-29,Mardi,21:00,21:50,DNA Yvon Villarceau,Lagree,Calista Ruat,0,0,True,disponible,2026-09-29 18:38
31051,2026-09-30,Mercredi,07:00,07:50,DNA Yvon Villarceau,Lagree,Kim Sarfati,0,0,True,inconnu,2026-09-30 02:24
18111,2026-09-30,Mercredi,08:00,08:50,DNA Yvon Villarceau,Reformer,Rebecca Raccah,0,0,True,disponible,2026-09-30 02:24
31549,2026-09-30,Mercredi,08:00,08:50,DNA Yvon Villarceau,Lagree,Celia Almeida (Suppléant),0,0,True,disponible,2026-09-30 02:24
59988,2026-09-30,Mercredi,08:30,09:20,DNA Victor Hugo,Reformer,Charlie DMC,0,0,True,disponible,2026-09-30 02:24
65542,2026-09-30,Mercredi,08:30,09:20,DNA Victor Hugo,Lagree,Yasmine Khoulalene,0,0,True,disponible,2026-09-30 02:24
18319,2026-09-30,Mercredi,09:00,09:50,DNA Yvon Villarceau,Reformer,Rebecca Raccah,0,0,True,disponible,2026-09-30 02:24
31758,2026-09-30,Mercredi,09:00,09:50,DNA Yvon Villarceau,Lagree,Celia Almeida (Suppléant),0,0,True,disponible,2026-09-30 02:24
60040,2026-09-30,Mercredi,09:30,10:20,DNA Victor Hugo,Reformer,Charlie DMC,0,0,True,disponible,2026-09-30 02:24
65568,2026-09-30,Mercredi,09:30,10:20,DNA Victor Hugo,Lagree,Yasmine Khoulalene,0,0,True,disponible,2026-09-30 02:24
27898,2026-09-30,Mercredi,10:00,10:50,DNA Yvon Villarceau,Reformer,Rebecca Raccah,0,0,True,disponible,2026-09-30 02:24
42480,2026-09-30,Mercredi,10:00,10:50,DNA Yvon Villarceau,Lagree,Eve Lacroix (Suppléant),0,0,True,disponible,2026-09-29 18:38
60092,2026-09-30,Mercredi,10:30,11:20,DNA Victor Hugo,Reformer,Charlie DMC,0,0,True,disponible,2026-09-29 18:38
65594,2026-09-30,Mercredi,10:30,11:20,DNA Victor Hugo,Lagree,Yasmine Khoulalene,0,0,True,disponible,2026-09-29 18:38
27690,2026-09-30,Mercredi,11:00,11:50,DNA Yvon Villarceau,Reformer,Rebecca Raccah,0,0,True,disponible,2026-09-30 02:24
43104,2026-09-30,Mercredi,11:00,11:50,DNA Yvon Villarceau,Lagree,Eve Lacroix (Suppléant),0,0,True,disponible,2026-09-30 02:24
52352,2026-09-30,Mercredi,11:30,12:15,DNA Victor Hugo,Lagree,Celia Almeida,0,0,True,disponible,2026-09-30 02:24
63570,2026-09-30,Mercredi,11:30,12:20,DNA Victor Hugo,Reformer,Charlie DMC,0,0,True,disponible,2026-09-30 02:24
27482,2026-09-30,Mercredi,12:00,12:50,DNA Yvon Villarceau,Reformer,Rebecca Raccah,0,0,True,disponible,2026-09-30 02:24
43312,2026-09-30,Mercredi,12:00,12:50,DNA Yvon Villarceau,Lagree,Eve Lacroix (Suppléant),0,0,True,disponible,2026-09-30 02:24
59918,2026-09-30,Mercredi,12:30,13:15,DNA Victor Hugo,Lagree,Celia Almeida,0,0,True,disponible,2026-09-30 12:27
60144,2026-09-30,Mercredi,12:30,13:20,DNA Victor Hugo,Reformer,Charlie DMC,0,0,True,disponible,2026-09-30 12:27
27274,2026-09-30,Mercredi,13:00,13:50,DNA Yvon Villarceau,Reformer,Rebecca Raccah,0,0,True,disponible,2026-09-30 12:27
43520,2026-09-30,Mercredi,13:00,13:50,DNA Yvon Villarceau,Lagree,isis Magnin,7,7,True,complet,2026-09-30 12:27
59953,2026-09-30,Mercredi,13:30,14:15,DNA Victor Hugo,Lagree,Celia Almeida,0,0,True,disponible,2026-09-30 12:27
33091,2026-09-30,Mercredi,14:00,14:50,DNA Yvon Villarceau,Lagree,isis Magnin,0,0,True,disponible,2026-09-30 12:27
49069,2026-09-30,Mercredi,14:30,15:15,DNA Victor Hugo,Lagree,Celia Almeida,0,0,True,disponible,2026-09-30 12:27
64732,2026-09-30,Mercredi,14:30,15:20,DNA Victor Hugo,Reformer,Olivia Lamarre Reyner,0,0,True,disponible,2026-09-30 12:27
33404,2026-09-30,Mercredi,15:00,15:50,DNA Yvon Villarceau,Lagree,isis Magnin,0,0,True,disponible,2026-09-30 12:27
64784,2026-09-30,Mercredi,15:30,16:20,DNA Victor Hugo,Reformer,Olivia Lamarre Reyner,0,0,True,disponible,2026-09-30 12:27
15609,2026-09-30,Mercredi,17:00,17:50,DNA Yvon Villarceau,Reformer,Charlie DMC,0,0,True,disponible,2026-09-30 12:27
53552,2026-09-30,Mercredi,17:00,17:50,DNA Yvon Villarceau,Lagree,Eve Lacroix (Suppléant),0,0,True,disponible,2026-09-30 12:27
49175,2026-09-30,Mercredi,17:30,18:15,DNA Victor Hugo,Lagree,Catrin Karlson English class,0,0,True,disponible,2026-09-30 12:27
64100,2026-09-30,Mercredi,17:30,18:20,DNA Victor Hugo,Reformer,Chloe Graeffly,0,0,True,disponible,2026-09-30 12:27
51203,2026-09-30,Mercredi,18:00,18:50,DNA Yvon Villarceau,Reformer,Charlie DMC,0,0,True,disponible,2026-09-30 12:27
53749,2026-09-30,Mercredi,18:00,18:50,DNA Yvon Villarceau,Lagree,Eve Lacroix (Suppléant),0,0,True,disponible,2026-09-30 12:27
49228,2026-09-30,Mercredi,18:30,19:20,DNA Victor Hugo,Lagree,Catrin Karlson English class,0,0,True,disponible,2026-09-30 12:27
64153,2026-09-30,Mercredi,18:30,19:20,DNA Victor Hugo,Reformer,Chloe Graeffly,0,0,True,disponible,2026-09-30 12:27
13317,2026-09-30,Mercredi,19:00,19:50,DNA Yvon Villarceau,Reformer,Charlie DMC,0,0,True,disponible,2026-09-30 18:30
32696,2026-09-30,Mercredi,19:00,19:50,DNA Yvon Villarceau,Lagree,Eve Lacroix (Suppléant),7,7,True,complet,2026-09-30 18:30
49281,2026-09-30,Mercredi,19:30,20:15,DNA Victor Hugo,Lagree,Catrin Karlson English class,0,0,True,disponible,2026-09-30 18:30
66234,2026-09-30,Mercredi,19:30,20:20,DNA Victor Hugo,Reformer,Chloe Graeffly,0,0,True,disponible,2026-09-30 18:30
32904,2026-09-30,Mercredi,20:00,20:50,DNA Yvon Villarceau,Lagree,Julia Tapiro (Suppléant),0,0,True,disponible,2026-09-30 18:30
50985,2026-09-30,Mercredi,20:00,20:50,DNA Yvon Villarceau,Reformer,Eve Lacroix,0,0,True,disponible,2026-09-30 18:30
64259,2026-09-30,Mercredi,20:30,21:20,DNA Victor Hugo,Reformer,Chloe Graeffly,0,0,True,disponible,2026-09-30 18:30
65516,2026-09-30,Mercredi,20:30,21:20,DNA Victor Hugo,Lagree,Catrin Karlson English class,0,0,True,disponible,2026-09-30 18:30
57330,2026-09-30,Mercredi,21:00,21:50,DNA Yvon Villarceau,Reformer,Eve Lacroix,0,0,True,disponible,2026-09-30 18:30
14569,2026-10-01,Jeudi,08:00,08:50,DNA Yvon Villarceau,Reformer,Nina Claro,0,0,True,disponible,2026-10-01 02:32
36339,2026-10-01,Jeudi,08:00,08:50,DNA Yvon Villarceau,Lagree,isis Magnin,0,0,True,disponible,2026-09-30 18:30
49387,2026-10-01,Jeudi,08:30,09:15,DNA Victor Hugo,Lagree,Eve Lacroix,0,0,True,disponible,2026-09-30 18:30
60196,2026-10-01,Jeudi,08:30,09:20,DNA Victor Hugo,Reformer,Charlie DMC,0,0,True,disponible,2026-09-30 18:30
14777,2026-10-01,Jeudi,09:00,09:50,DNA Yvon Villarceau,Reformer,Nina Claro,0,0,True,disponible,2026-09-30 18:30
36547,2026-10-01,Jeudi,09:00,09:50,DNA Yvon Villarceau,Lagree,isis Magnin,0,0,True,disponible,2026-09-30 18:30
49440,2026-10-01,Jeudi,09:30,10:15,DNA Victor Hugo,Lagree,Eve Lacroix,0,0,True,disponible,2026-09-30 18:30
60248,2026-10-01,Jeudi,09:30,10:20,DNA Victor Hugo,Reformer,Charlie DMC,0,0,True,disponible,2026-10-01 02:32
22073,2026-10-01,Jeudi,10:00,10:50,DNA Yvon Villarceau,Reformer,Rebecca Raccah,0,0,True,disponible,2026-09-30 18:30
36755,2026-10-01,Jeudi,10:00,10:50,DNA Yvon Villarceau,Lagree,isis Magnin,0,0,True,disponible,2026-10-01 02:32
49493,2026-10-01,Jeudi,10:30,11:15,DNA Victor Hugo,Lagree,Leann Mroueh,0,0,True,disponible,2026-10-01 02:32
60300,2026-10-01,Jeudi,10:30,11:20,DNA Victor Hugo,Reformer,Charlie DMC,0,0,True,disponible,2026-10-01 02:32
22697,2026-10-01,Jeudi,11:00,11:50,DNA Yvon Villarceau,Reformer,Rebecca Raccah,0,0,True,disponible,2026-10-01 02:32
41024,2026-10-01,Jeudi,11:00,11:50,DNA Yvon Villarceau,Lagree,Nina Claro,0,0,True,disponible,2026-10-01 02:32
62758,2026-10-01,Jeudi,11:30,12:15,DNA Victor Hugo,Lagree,Leann Mroueh,0,0,True,disponible,2026-10-01 02:32
63412,2026-10-01,Jeudi,11:30,12:20,DNA Victor Hugo,Reformer,Audrey Hugon,0,0,True,disponible,2026-10-01 02:32
22905,2026-10-01,Jeudi,12:00,12:50,DNA Yvon Villarceau,Reformer,Soudi Zargham,0,0,True,disponible,2026-10-01 02:32
41648,2026-10-01,Jeudi,12:00,12:50,DNA Yvon Villarceau,Lagree,Nina Claro,0,0,True,disponible,2026-10-01 02:32
49599,2026-10-01,Jeudi,12:30,13:15,DNA Victor Hugo,Lagree,Sarah Elfassy,0,0,True,disponible,2026-10-01 02:32
63465,2026-10-01,Jeudi,12:30,13:20,DNA Victor Hugo,Reformer,Audrey Hugon,0,0,True,disponible,2026-10-01 02:32
23113,2026-10-01,Jeudi,13:00,13:50,DNA Yvon Villarceau,Reformer,Soudi Zargham,0,0,True,disponible,2026-10-01 02:32
42064,2026-10-01,Jeudi,13:00,13:50,DNA Yvon Villarceau,Lagree,Nina Claro,0,0,True,disponible,2026-10-01 12:55
49652,2026-10-01,Jeudi,13:30,14:15,DNA Victor Hugo,Lagree,Sarah Elfassy,0,0,True,disponible,2026-10-01 12:55
63518,2026-10-01,Jeudi,13:30,14:20,DNA Victor Hugo,Reformer,Audrey Hugon,0,0,True,disponible,2026-10-01 02:32
10172,2026-10-01,Jeudi,14:00,14:50,DNA Yvon Villarceau,Reformer,Soudi Zargham,0,0,True,disponible,2026-09-30 18:30
65982,2026-10-01,Jeudi,14:30,15:20,DNA Victor Hugo,Reformer,Olivia Lamarre Reyner,0,0,True,disponible,2026-10-01 12:55
67473,2026-10-01,Jeudi,14:30,15:20,DNA Victor Hugo,Lagree,hafsa boughemza,0,0,True,disponible,2026-10-01 12:55
37685,2026-10-01,Jeudi,15:00,15:50,DNA Yvon Villarceau,Lagree,Sarah Elfassy,0,0,True,disponible,2026-10-01 12:55
59171,2026-10-01,Jeudi,15:00,15:50,DNA Yvon Villarceau,Reformer,Nina Claro,0,0,True,disponible,2026-10-01 12:55
66034,2026-10-01,Jeudi,15:30,16:20,DNA Victor Hugo,Reformer,Olivia Lamarre Reyner,0,0,True,disponible,2026-10-01 12:55
67525,2026-10-01,Jeudi,15:30,16:20,DNA Victor Hugo,Lagree,hafsa boughemza,0,0,True,disponible,2026-10-01 12:55
59223,2026-10-01,Jeudi,16:00,16:50,DNA Yvon Villarceau,Reformer,Nina Claro,0,0,True,disponible,2026-10-01 12:55
65463,2026-10-01,Jeudi,16:00,16:50,DNA Yvon Villarceau,Lagree,Sarah Elfassy,0,0,True,disponible,2026-10-01 12:55
66086,2026-10-01,Jeudi,16:30,17:20,DNA Victor Hugo,Reformer,Olivia Lamarre Reyner,0,0,True,disponible,2026-10-01 12:55
23321,2026-10-01,Jeudi,17:00,17:50,DNA Yvon Villarceau,Reformer,Nina Claro,0,0,True,disponible,2026-10-01 12:55
42272,2026-10-01,Jeudi,17:00,17:50,DNA Yvon Villarceau,Lagree,Calista Ruat,0,0,True,disponible,2026-10-01 12:55
49705,2026-10-01,Jeudi,17:30,18:15,DNA Victor Hugo,Lagree,Leann Mroueh,0,0,True,disponible,2026-10-01 12:55
61618,2026-10-01,Jeudi,17:30,18:20,DNA Victor Hugo,Reformer,Carla Triboul,0,0,True,disponible,2026-10-01 12:55
23529,2026-10-01,Jeudi,18:00,18:50,DNA Yvon Villarceau,Reformer,Nina Claro,0,0,True,disponible,2026-10-01 12:55
42688,2026-10-01,Jeudi,18:00,18:50,DNA Yvon Villarceau,Lagree,Calista Ruat,0,0,True,disponible,2026-10-01 12:55
49758,2026-10-01,Jeudi,18:30,19:15,DNA Victor Hugo,Lagree,Leann Mroueh,0,0,True,disponible,2026-10-01 12:55
61670,2026-10-01,Jeudi,18:30,19:20,DNA Victor Hugo,Reformer,Carla Triboul,0,0,True,disponible,2026-10-01 12:55
14985,2026-10-01,Jeudi,19:00,19:50,DNA Yvon Villarceau,Reformer,Eve Lacroix,0,0,True,disponible,2026-10-01 12:55
43728,2026-10-01,Jeudi,19:00,19:50,DNA Yvon Villarceau,Lagree,Calista Ruat,0,0,True,disponible,2026-10-01 12:55
49811,2026-10-01,Jeudi,19:30,20:15,DNA Victor Hugo,Lagree,Leann Mroueh,0,0,True,disponible,2026-10-01 19:21
61722,2026-10-01,Jeudi,19:30,20:20,DNA Victor Hugo,Reformer,Carla Triboul,0,0,True,disponible,2026-10-01 19:21
15193,2026-10-01,Jeudi,20:00,20:50,DNA Yvon Villarceau,Reformer,Eve Lacroix,0,0,True,disponible,2026-10-01 19:21
43936,2026-10-01,Jeudi,20:00,20:50,DNA Yvon Villarceau,Lagree,Calista Ruat,0,0,True,disponible,2026-10-01 19:21
49864,2026-10-01,Jeudi,20:30,21:20,DNA Victor Hugo,Lagree,Leann Mroueh,0,0,True,disponible,2026-10-01 19:21
67106,2026-10-01,Jeudi,20:30,21:20,DNA Victor Hugo,Reformer,Carla Triboul,0,0,True,disponible,2026-10-01 19:21
15390,2026-10-01,Jeudi,21:00,21:50,DNA Yvon Villarceau,Reformer,Eve Lacroix,0,0,True,disponible,2026-10-01 12:55
17278,2026-10-02,Vendredi,08:00,08:50,DNA Yvon Villarceau,Reformer,Eve Lacroix,0,0,True,disponible,2026-10-01 23:59
39568,2026-10-02,Vendredi,08:00,08:50,DNA Yvon Villarceau,Lagree,Nina Claro,0,0,True,disponible,2026-10-01 19:21
46742,2026-10-02,Vendredi,08:30,09:15,DNA Victor Hugo,Lagree,Carla Triboul (Suppléant),0,0,True,disponible,2026-10-01 19:21
61513,2026-10-02,Vendredi,08:30,09:20,DNA Victor Hugo,Reformer,Soudi Zargham,0,0,True,disponible,2026-10-01 23:59
17487,2026-10-02,Vendredi,09:00,09:50,DNA Yvon Villarceau,Reformer,Eve Lacroix,0,0,True,disponible,2026-10-01 23:59
40192,2026-10-02,Vendredi,09:00,09:50,DNA Yvon Villarceau,Lagree,Nina Claro,0,0,True,disponible,2026-10-01 23:59
46795,2026-10-02,Vendredi,09:30,10:15,DNA Victor Hugo,Lagree,Carla Triboul (Suppléant),0,0,True,disponible,2026-10-01 23:59
61566,2026-10-02,Vendredi,09:30,10:20,DNA Victor Hugo,Reformer,Soudi Zargham,0,0,True,disponible,2026-10-01 23:59
17696,2026-10-02,Vendredi,10:00,10:50,DNA Yvon Villarceau,Reformer,Eve Lacroix,0,0,True,disponible,2026-10-01 23:59
40400,2026-10-02,Vendredi,10:00,10:50,DNA Yvon Villarceau,Lagree,Nina Claro,0,0,True,disponible,2026-10-01 23:59
46848,2026-10-02,Vendredi,10:30,11:15,DNA Victor Hugo,Lagree,Carla Triboul (Suppléant),0,0,True,disponible,2026-10-01 23:59
60508,2026-10-02,Vendredi,10:30,11:20,DNA Victor Hugo,Reformer,Soudi Zargham,0,0,True,disponible,2026-10-01 23:59
21242,2026-10-02,Vendredi,11:00,11:50,DNA Yvon Villarceau,Reformer,Eve Lacroix,0,0,True,disponible,2026-10-01 23:59
37265,2026-10-02,Vendredi,11:00,11:50,DNA Yvon Villarceau,Lagree,Nina Claro,0,0,True,disponible,2026-10-01 23:59
46901,2026-10-02,Vendredi,11:30,12:15,DNA Victor Hugo,Lagree,Carla Triboul,0,0,True,disponible,2026-10-01 19:21
63150,2026-10-02,Vendredi,11:30,12:20,DNA Victor Hugo,Reformer,Leann Mroueh,0,0,True,disponible,2026-10-01 23:59
21449,2026-10-02,Vendredi,12:00,12:50,DNA Yvon Villarceau,Reformer,Eve Lacroix,0,0,True,disponible,2026-10-01 23:59
40608,2026-10-02,Vendredi,12:00,12:50,DNA Yvon Villarceau,Lagree,Nina Claro,0,0,True,disponible,2026-10-01 23:59
46954,2026-10-02,Vendredi,12:30,13:15,DNA Victor Hugo,Lagree,Carla Triboul,0,0,True,disponible,2026-10-02 12:28
63202,2026-10-02,Vendredi,12:30,13:20,DNA Victor Hugo,Reformer,Leann Mroueh,0,0,True,disponible,2026-10-02 12:28
21657,2026-10-02,Vendredi,13:00,13:50,DNA Yvon Villarceau,Reformer,Eve Lacroix,0,0,True,disponible,2026-10-02 12:28
40816,2026-10-02,Vendredi,13:00,13:50,DNA Yvon Villarceau,Lagree,Nina Claro,7,7,True,complet,2026-10-02 12:28
60614,2026-10-02,Vendredi,13:30,14:20,DNA Victor Hugo,Reformer,Leann Mroueh,0,0,True,disponible,2026-10-02 12:28
66943,2026-10-02,Vendredi,13:30,14:20,DNA Victor Hugo,Lagree,Carla Triboul,0,0,True,disponible,2026-10-02 12:28
67577,2026-10-02,Vendredi,14:30,15:20,DNA Victor Hugo,Lagree,hafsa boughemza,0,0,True,disponible,2026-09-14 11:49
67629,2026-10-02,Vendredi,15:30,16:20,DNA Victor Hugo,Lagree,hafsa boughemza,0,0,True,disponible,2026-09-14 11:49
66138,2026-10-02,Vendredi,16:30,17:20,DNA Victor Hugo,Lagree,Celia Almeida,0,0,True,disponible,2026-10-02 12:28
67159,2026-10-02,Vendredi,16:30,17:20,DNA Victor Hugo,Reformer,Yasmine Khoulalene,0,0,True,disponible,2026-10-02 12:28
21865,2026-10-02,Vendredi,17:00,17:50,DNA Yvon Villarceau,Reformer,Audrey Hugon,0,0,True,disponible,2026-10-02 12:28
60879,2026-10-02,Vendredi,17:30,18:20,DNA Victor Hugo,Reformer,Yasmine Khoulalene,0,0,True,disponible,2026-10-02 12:28
66191,2026-10-02,Vendredi,17:30,18:20,DNA Victor Hugo,Lagree,Celia Almeida,0,0,True,disponible,2026-10-02 12:28
22281,2026-10-02,Vendredi,18:00,18:50,DNA Yvon Villarceau,Reformer,Audrey Hugon,0,0,True,disponible,2026-10-02 12:28
65152,2026-10-02,Vendredi,18:00,18:50,DNA Yvon Villarceau,Lagree,Hala Takkiedine (Suppléant),0,0,True,disponible,2026-10-02 12:28
47113,2026-10-02,Vendredi,18:30,19:15,DNA Victor Hugo,Lagree,Celia Almeida,0,0,True,disponible,2026-10-02 18:22
60720,2026-10-02,Vendredi,18:30,19:20,DNA Victor Hugo,Reformer,Olivia Lamarre Reyner,0,0,True,disponible,2026-10-02 18:22
22489,2026-10-02,Vendredi,19:00,19:50,DNA Yvon Villarceau,Reformer,Audrey Hugon,0,0,True,disponible,2026-10-02 12:28
65309,2026-10-02,Vendredi,19:00,19:50,DNA Yvon Villarceau,Lagree,Hala Takkiedine (Suppléant),0,0,True,disponible,2026-10-02 18:22
47166,2026-10-02,Vendredi,19:30,20:15,DNA Victor Hugo,Lagree,Celia Almeida,0,0,True,disponible,2026-10-02 18:22
63358,2026-10-02,Vendredi,19:30,20:20,DNA Victor Hugo,Reformer,Olivia Lamarre Reyner,0,0,True,disponible,2026-10-02 18:22
52910,2026-10-02,Vendredi,20:00,20:50,DNA Yvon Villarceau,Reformer,Audrey Hugon,0,0,True,disponible,2026-10-02 18:22
62971,2026-10-02,Vendredi,20:00,20:50,DNA Yvon Villarceau,Lagree,Hala Takkiedine (Suppléant),0,0,True,disponible,2026-10-02 18:22
64836,2026-10-02,Vendredi,21:00,21:50,DNA Yvon Villarceau,Reformer,Eve Lacroix,0,0,True,inconnu,2026-10-02 18:22
46016,2026-10-03,Samedi,08:00,09:00,DNA Yvon Villarceau,Lagree,Alice Amat,0,0,True,inconnu,2026-10-03 02:28
12069,2026-10-03,Samedi,09:00,09:50,DNA Yvon Villarceau,Reformer,Leann Mroueh,0,0,True,disponible,2026-10-02 18:22
34049,2026-10-03,Samedi,09:00,09:50,DNA Yvon Villarceau,Lagree,Carla Triboul (Suppléant),0,0,True,disponible,2026-10-02 18:22
47219,2026-10-03,Samedi,09:30,10:15,DNA Victor Hugo,Lagree,Nina Claro,0,0,True,disponible,2026-10-02 18:22
64418,2026-10-03,Samedi,09:30,10:20,DNA Victor Hugo,Reformer,Chloe Graeffly,7,7,True,complet,2026-10-03 02:28
11020,2026-10-03,Samedi,10:00,10:50,DNA Yvon Villarceau,Reformer,Leann Mroueh,0,0,True,disponible,2026-10-02 18:22
34257,2026-10-03,Samedi,10:00,10:50,DNA Yvon Villarceau,Lagree,Carla Triboul (Suppléant),0,0,True,disponible,2026-10-03 02:28
47272,2026-10-03,Samedi,10:30,11:15,DNA Victor Hugo,Lagree,Nina Claro,0,0,True,disponible,2026-10-03 02:28
64471,2026-10-03,Samedi,10:30,11:20,DNA Victor Hugo,Reformer,Chloe Graeffly,0,0,True,disponible,2026-10-03 02:28
11230,2026-10-03,Samedi,11:00,11:50,DNA Yvon Villarceau,Reformer,Leann Mroueh,0,0,True,disponible,2026-10-03 02:28
34673,2026-10-03,Samedi,11:00,11:50,DNA Yvon Villarceau,Lagree,Carla Triboul (Suppléant),0,0,True,disponible,2026-10-03 02:28
47325,2026-10-03,Samedi,11:30,12:15,DNA Victor Hugo,Lagree,Nina Claro,0,0,True,disponible,2026-10-03 02:28
64524,2026-10-03,Samedi,11:30,12:20,DNA Victor Hugo,Reformer,Chloe Graeffly,0,0,True,disponible,2026-10-03 02:28
10810,2026-10-03,Samedi,12:00,12:50,DNA Yvon Villarceau,Reformer,Lucrezia Amerio,0,0,True,disponible,2026-10-03 11:50
35087,2026-10-03,Samedi,12:00,12:50,DNA Yvon Villarceau,Lagree,Carla Triboul (Suppléant),0,0,True,disponible,2026-10-03 11:50
47378,2026-10-03,Samedi,12:30,13:15,DNA Victor Hugo,Lagree,Catrin Karlson English class,0,0,True,disponible,2026-10-03 11:50
64889,2026-10-03,Samedi,12:30,13:20,DNA Victor Hugo,Reformer,Chloe Graeffly,0,0,True,disponible,2026-10-03 11:50
11440,2026-10-03,Samedi,13:00,13:50,DNA Yvon Villarceau,Reformer,Lucrezia Amerio,0,0,True,disponible,2026-10-03 02:28
32104,2026-10-03,Samedi,13:00,13:50,DNA Yvon Villarceau,Lagree,Carla Triboul (Suppléant),0,0,True,disponible,2026-10-03 11:50
47431,2026-10-03,Samedi,13:30,14:15,DNA Victor Hugo,Lagree,Catrin Karlson English class,0,0,True,disponible,2026-10-03 11:50
64577,2026-10-03,Samedi,13:30,14:20,DNA Victor Hugo,Reformer,Chloe Graeffly,0,0,True,disponible,2026-10-03 11:50
16223,2026-10-03,Samedi,14:00,14:50,DNA Yvon Villarceau,Reformer,Laura Provost (Suppléant),0,0,True,disponible,2026-10-03 02:28
29214,2026-10-03,Samedi,14:00,14:50,DNA Yvon Villarceau,Lagree,Lucrezia Amerio,0,0,True,disponible,2026-10-03 11:50
47484,2026-10-03,Samedi,14:30,15:15,DNA Victor Hugo,Lagree,Catrin Karlson English class,0,0,True,disponible,2026-10-03 11:50
63624,2026-10-03,Samedi,14:30,15:20,DNA Victor Hugo,Reformer,Olivia Lamarre Reyner,0,0,True,disponible,2026-10-03 11:50
16431,2026-10-03,Samedi,15:00,15:50,DNA Yvon Villarceau,Reformer,Nina Claro,0,0,True,disponible,2026-10-02 12:28
29370,2026-10-03,Samedi,15:00,15:50,DNA Yvon Villarceau,Lagree,Lucrezia Amerio,0,0,True,disponible,2026-10-03 11:50
63677,2026-10-03,Samedi,15:30,16:20,DNA Victor Hugo,Reformer,Olivia Lamarre Reyner,0,0,True,disponible,2026-10-03 11:50
11653,2026-10-03,Samedi,16:00,16:50,DNA Yvon Villarceau,Reformer,Chloe Graeffly,0,0,True,disponible,2026-09-14 11:49
30656,2026-10-03,Samedi,16:00,16:50,DNA Yvon Villarceau,Lagree,Celia Almeida,0,0,True,disponible,2026-10-03 11:50
64942,2026-10-03,Samedi,16:30,17:20,DNA Victor Hugo,Reformer,Lucrezia Amerio,0,0,True,disponible,2026-10-03 11:50
65800,2026-10-03,Samedi,16:30,17:20,DNA Victor Hugo,Lagree,Carla Triboul,0,0,True,disponible,2026-10-03 11:50
11861,2026-10-03,Samedi,17:00,17:50,DNA Yvon Villarceau,Reformer,Olivia Lamarre Reyner,0,0,True,disponible,2026-10-03 16:43
29879,2026-10-03,Samedi,17:00,17:50,DNA Yvon Villarceau,Lagree,Celia Almeida,0,0,True,disponible,2026-10-03 11:50
52457,2026-10-03,Samedi,17:30,18:15,DNA Victor Hugo,Lagree,Carla Triboul,0,0,True,disponible,2026-10-03 11:50
64995,2026-10-03,Samedi,17:30,18:20,DNA Victor Hugo,Reformer,Lucrezia Amerio,0,0,True,disponible,2026-10-03 16:43
12277,2026-10-03,Samedi,18:00,18:50,DNA Yvon Villarceau,Reformer,Olivia Lamarre Reyner,0,0,True,disponible,2026-10-03 16:43
30088,2026-10-03,Samedi,18:00,18:50,DNA Yvon Villarceau,Lagree,Celia Almeida,0,0,True,disponible,2026-10-03 16:43
52509,2026-10-03,Samedi,18:30,19:15,DNA Victor Hugo,Lagree,Carla Triboul,0,0,True,disponible,2026-10-03 11:50
65048,2026-10-03,Samedi,18:30,19:20,DNA Victor Hugo,Reformer,Lucrezia Amerio,0,0,True,disponible,2026-10-03 16:43
12485,2026-10-03,Samedi,19:00,19:50,DNA Yvon Villarceau,Reformer,Olivia Lamarre Reyner,0,0,True,disponible,2026-10-03 11:50
30453,2026-10-03,Samedi,19:00,19:50,DNA Yvon Villarceau,Lagree,Celia Almeida,0,0,True,disponible,2026-10-03 16:43
52561,2026-10-03,Samedi,19:30,20:15,DNA Victor Hugo,Lagree,Carla Triboul,0,0,True,disponible,2026-10-03 11:50
65101,2026-10-03,Samedi,19:30,20:20,DNA Victor Hugo,Reformer,Lucrezia Amerio,0,0,True,disponible,2026-10-03 16:43
38320,2026-10-04,Dimanche,09:00,09:50,DNA Yvon Villarceau,Lagree,Nina Claro,0,0,True,disponible,2026-10-03 16:43
46226,2026-10-04,Dimanche,09:00,09:50,DNA Yvon Villarceau,Reformer,Eve Lacroix,0,0,True,disponible,2026-10-03 16:43
47537,2026-10-04,Dimanche,09:30,10:15,DNA Victor Hugo,Lagree,Ela Anastasia,0,0,True,disponible,2026-10-03 23:45
63730,2026-10-04,Dimanche,09:30,10:20,DNA Victor Hugo,Reformer,Audrey Hugon,0,0,True,disponible,2026-10-03 16:43
19362,2026-10-04,Dimanche,10:00,10:50,DNA Yvon Villarceau,Reformer,Eve Lacroix,0,0,True,disponible,2026-10-03 23:45
38528,2026-10-04,Dimanche,10:00,10:50,DNA Yvon Villarceau,Lagree,Nina Claro,0,0,True,disponible,2026-10-03 16:43
47590,2026-10-04,Dimanche,10:30,11:15,DNA Victor Hugo,Lagree,Ela Anastasia,0,0,True,disponible,2026-10-03 23:45
63783,2026-10-04,Dimanche,10:30,11:20,DNA Victor Hugo,Reformer,Audrey Hugon,0,0,True,disponible,2026-10-03 23:45
19571,2026-10-04,Dimanche,11:00,11:50,DNA Yvon Villarceau,Reformer,Eve Lacroix,0,0,True,disponible,2026-10-03 23:45
38736,2026-10-04,Dimanche,11:00,11:50,DNA Yvon Villarceau,Lagree,Nina Claro,0,0,True,disponible,2026-10-03 23:45
47643,2026-10-04,Dimanche,11:30,12:15,DNA Victor Hugo,Lagree,Ela Anastasia,0,0,True,disponible,2026-10-03 23:45
63836,2026-10-04,Dimanche,11:30,12:20,DNA Victor Hugo,Reformer,Audrey Hugon,0,0,True,disponible,2026-10-03 23:45
19780,2026-10-04,Dimanche,12:00,12:50,DNA Yvon Villarceau,Reformer,Eve Lacroix,0,0,True,disponible,2026-10-03 23:45
38944,2026-10-04,Dimanche,12:00,12:50,DNA Yvon Villarceau,Lagree,Nina Claro,7,7,True,complet,2026-10-03 23:45
63889,2026-10-04,Dimanche,12:30,13:20,DNA Victor Hugo,Reformer,Audrey Hugon,0,0,True,disponible,2026-10-03 23:45
17898,2026-10-04,Dimanche,13:00,13:50,DNA Yvon Villarceau,Reformer,Eve Lacroix,0,0,True,disponible,2026-10-03 23:45
39152,2026-10-04,Dimanche,13:00,13:50,DNA Yvon Villarceau,Lagree,Nina Claro,0,0,True,disponible,2026-10-04 12:33
47749,2026-10-04,Dimanche,13:30,14:15,DNA Victor Hugo,Lagree,Olympe Acquier (Suppléant),0,0,True,disponible,2026-10-04 12:33
33248,2026-10-04,Dimanche,14:00,14:50,DNA Yvon Villarceau,Lagree,Nina Claro,0,0,True,disponible,2026-10-03 23:45
56115,2026-10-04,Dimanche,14:00,14:50,DNA Yvon Villarceau,Reformer,Eve Lacroix,0,0,True,disponible,2026-10-04 12:33
47802,2026-10-04,Dimanche,14:30,15:15,DNA Victor Hugo,Lagree,Olympe Acquier (Suppléant),0,0,True,disponible,2026-10-04 12:33
67212,2026-10-04,Dimanche,14:30,15:20,DNA Victor Hugo,Reformer,Lucrezia Amerio,0,0,True,disponible,2026-10-04 12:33
16013,2026-10-04,Dimanche,15:00,15:50,DNA Yvon Villarceau,Reformer,Olivia Lamarre Reyner,0,0,True,disponible,2026-10-04 12:33
67265,2026-10-04,Dimanche,15:30,16:20,DNA Victor Hugo,Reformer,Lucrezia Amerio,0,0,True,disponible,2026-10-04 12:33
67786,2026-10-04,Dimanche,15:30,16:20,DNA Victor Hugo,Lagree,Olympe Acquier,0,0,True,disponible,2026-09-19 15:08
24359,2026-10-04,Dimanche,16:00,16:50,DNA Yvon Villarceau,Reformer,Olivia Lamarre Reyner,0,0,True,disponible,2026-10-04 12:33
37896,2026-10-04,Dimanche,16:00,16:50,DNA Yvon Villarceau,Lagree,Catrin Karlson English class,0,0,True,disponible,2026-10-04 12:33
67318,2026-10-04,Dimanche,16:30,17:20,DNA Victor Hugo,Reformer,Lucrezia Amerio,0,0,True,disponible,2026-10-04 12:33
67898,2026-10-04,Dimanche,16:30,17:20,DNA Victor Hugo,Lagree,Olympe Acquier,0,0,True,disponible,2026-10-04 12:33
19988,2026-10-04,Dimanche,17:00,17:50,DNA Yvon Villarceau,Reformer,Olivia Lamarre Reyner,0,0,True,disponible,2026-10-04 12:33
39360,2026-10-04,Dimanche,17:00,17:50,DNA Yvon Villarceau,Lagree,Catrin Karlson English class,0,0,True,disponible,2026-10-04 12:33
64313,2026-10-04,Dimanche,17:30,18:20,DNA Victor Hugo,Reformer,Chloe Graeffly,0,0,True,disponible,2026-10-04 12:33
68010,2026-10-04,Dimanche,17:30,18:20,DNA Victor Hugo,Lagree,Olympe Acquier,0,0,True,disponible,2026-10-04 12:33
39776,2026-10-04,Dimanche,18:00,18:50,DNA Yvon Villarceau,Lagree,Catrin Karlson English class,0,0,True,disponible,2026-10-04 17:30
59738,2026-10-04,Dimanche,18:00,18:50,DNA Yvon Villarceau,Reformer,Charlie DMC (Suppléant),0,0,True,disponible,2026-10-04 17:30
52613,2026-10-04,Dimanche,18:30,19:15,DNA Victor Hugo,Lagree,Hala Takkiedine,0,0,True,disponible,2026-10-04 17:30
64366,2026-10-04,Dimanche,18:30,19:20,DNA Victor Hugo,Reformer,Chloe Graeffly,0,0,True,disponible,2026-10-04 17:30
20406,2026-10-04,Dimanche,19:00,19:50,DNA Yvon Villarceau,Reformer,Charlie DMC (Suppléant),0,0,True,disponible,2026-10-04 17:30
39984,2026-10-04,Dimanche,19:00,19:50,DNA Yvon Villarceau,Lagree,Catrin Karlson English class,0,0,True,disponible,2026-10-04 17:30
52665,2026-10-04,Dimanche,19:30,20:15,DNA Victor Hugo,Lagree,Hala Takkiedine,0,0,True,disponible,2026-10-04 17:30
68061,2026-10-04,Dimanche,19:30,20:20,DNA Victor Hugo,Reformer,Chloe Graeffly,0,0,True,disponible,2026-10-04 17:30
18528,2026-10-05,Lundi,08:00,08:50,DNA Yvon Villarceau,Reformer,Rebecca Raccah,0,0,True,disponible,2026-10-05 00:19
35918,2026-10-05,Lundi,08:00,08:50,DNA Yvon Villarceau,Lagree,Eve Lacroix (Suppléant),0,0,True,disponible,2026-10-04 17:30
61089,2026-10-05,Lundi,08:30,09:20,DNA Victor Hugo,Reformer,Nina Claro,0,0,True,disponible,2026-10-04 17:30
66463,2026-10-05,Lundi,08:30,09:20,DNA Victor Hugo,Lagree,Carla Triboul,0,0,True,disponible,2026-10-04 17:30
25403,2026-10-05,Lundi,09:00,09:50,DNA Yvon Villarceau,Reformer,Rebecca Raccah,0,0,True,disponible,2026-10-05 00:19
36127,2026-10-05,Lundi,09:00,09:50,DNA Yvon Villarceau,Lagree,Eve Lacroix (Suppléant),0,0,True,disponible,2026-10-04 17:30
61142,2026-10-05,Lundi,09:30,10:20,DNA Victor Hugo,Reformer,Nina Claro,0,0,True,disponible,2026-10-05 00:19
66623,2026-10-05,Lundi,09:30,10:20,DNA Victor Hugo,Lagree,Carla Triboul,0,0,True,disponible,2026-10-04 17:30
25195,2026-10-05,Lundi,10:00,10:50,DNA Yvon Villarceau,Reformer,Rebecca Raccah,0,0,True,disponible,2026-10-04 17:30
44977,2026-10-05,Lundi,10:00,10:50,DNA Yvon Villarceau,Lagree,Eve Lacroix (Suppléant),0,0,True,disponible,2026-10-05 00:19
61195,2026-10-05,Lundi,10:30,11:20,DNA Victor Hugo,Reformer,Nina Claro,0,0,True,disponible,2026-10-05 00:19
66783,2026-10-05,Lundi,10:30,11:20,DNA Victor Hugo,Lagree,Carla Triboul,0,0,True,disponible,2026-10-05 00:19
24987,2026-10-05,Lundi,11:00,11:50,DNA Yvon Villarceau,Reformer,Rebecca Raccah,0,0,True,disponible,2026-10-04 17:30
34466,2026-10-05,Lundi,11:00,11:50,DNA Yvon Villarceau,Lagree,Ela Anastasia,0,0,True,disponible,2026-10-02 12:28
46637,2026-10-05,Lundi,11:30,12:15,DNA Victor Hugo,Lagree,Sarah Elfassy,0,0,True,disponible,2026-10-05 00:19
61248,2026-10-05,Lundi,11:30,12:20,DNA Victor Hugo,Reformer,Nina Claro,0,0,True,disponible,2026-10-05 00:19
18736,2026-10-05,Lundi,12:00,12:50,DNA Yvon Villarceau,Reformer,Charlie DMC,0,0,True,disponible,2026-10-05 00:19
51759,2026-10-05,Lundi,12:00,12:50,DNA Yvon Villarceau,Lagree,Catrin Karlson English class,0,0,True,disponible,2026-10-05 00:19
46690,2026-10-05,Lundi,12:30,13:15,DNA Victor Hugo,Lagree,Sarah Elfassy,0,0,True,disponible,2026-10-05 00:19
61301,2026-10-05,Lundi,12:30,13:20,DNA Victor Hugo,Reformer,Nina Claro,0,0,True,disponible,2026-10-05 00:19
18944,2026-10-05,Lundi,13:00,13:50,DNA Yvon Villarceau,Reformer,Charlie DMC,0,0,True,disponible,2026-10-05 00:19
35714,2026-10-05,Lundi,13:00,13:50,DNA Yvon Villarceau,Lagree,Catrin Karlson English class,0,0,True,disponible,2026-10-05 00:19
61354,2026-10-05,Lundi,13:30,14:20,DNA Victor Hugo,Reformer,Nina Claro,0,0,True,disponible,2026-10-05 00:19
62019,2026-10-05,Lundi,13:30,14:20,DNA Victor Hugo,Lagree,Sarah Elfassy,0,0,True,disponible,2026-10-05 13:25
37104,2026-10-05,Lundi,14:00,14:50,DNA Yvon Villarceau,Lagree,Catrin Karlson English class,0,0,True,disponible,2026-10-05 13:25
56271,2026-10-05,Lundi,14:00,14:50,DNA Yvon Villarceau,Reformer,Charlie DMC,0,0,True,disponible,2026-10-05 13:25
62247,2026-10-05,Lundi,14:30,15:20,DNA Victor Hugo,Reformer,Sarah Elfassy,0,0,True,disponible,2026-10-05 00:19
33718,2026-10-05,Lundi,15:00,15:50,DNA Yvon Villarceau,Lagree,Carla Triboul (Suppléant),0,0,True,disponible,2026-10-05 13:25
55491,2026-10-05,Lundi,15:30,16:20,DNA Victor Hugo,Reformer,Sarah Elfassy,0,0,True,disponible,2026-10-05 13:25
31946,2026-10-05,Lundi,16:00,16:50,DNA Yvon Villarceau,Lagree,Carla Triboul (Suppléant),0,0,True,disponible,2026-10-05 13:25
27067,2026-10-05,Lundi,17:00,17:50,DNA Yvon Villarceau,Reformer,Charlie DMC,0,0,True,disponible,2026-10-05 13:25
45185,2026-10-05,Lundi,17:00,17:50,DNA Yvon Villarceau,Lagree,Calista Ruat,0,0,True,disponible,2026-10-05 13:25
47962,2026-10-05,Lundi,17:30,18:15,DNA Victor Hugo,Lagree,Catrin Karlson English class,0,0,True,disponible,2026-10-05 13:25
61775,2026-10-05,Lundi,17:30,18:20,DNA Victor Hugo,Reformer,Rebecca Raccah,0,0,True,disponible,2026-10-05 13:25
26859,2026-10-05,Lundi,18:00,18:50,DNA Yvon Villarceau,Reformer,Charlie DMC,0,0,True,disponible,2026-10-05 13:25
45393,2026-10-05,Lundi,18:00,18:50,DNA Yvon Villarceau,Lagree,Calista Ruat,0,0,True,disponible,2026-10-05 13:25
48014,2026-10-05,Lundi,18:30,19:15,DNA Victor Hugo,Lagree,Catrin Karlson English class,0,0,True,disponible,2026-10-05 13:25
61828,2026-10-05,Lundi,18:30,19:20,DNA Victor Hugo,Reformer,Rebecca Raccah,0,0,True,disponible,2026-10-05 13:25
24779,2026-10-05,Lundi,19:00,19:50,DNA Yvon Villarceau,Reformer,Marie De Saint Simon,0,0,True,disponible,2026-10-05 13:25
45809,2026-10-05,Lundi,19:00,19:50,DNA Yvon Villarceau,Lagree,Calista Ruat,0,0,True,disponible,2026-10-05 13:25
48066,2026-10-05,Lundi,19:30,20:15,DNA Victor Hugo,Lagree,Catrin Karlson English class,0,0,True,disponible,2026-10-05 13:25
61934,2026-10-05,Lundi,19:30,20:20,DNA Victor Hugo,Reformer,Rebecca Raccah,0,0,True,disponible,2026-10-05 13:25
24571,2026-10-05,Lundi,20:00,20:50,DNA Yvon Villarceau,Reformer,Marie De Saint Simon,0,0,True,disponible,2026-10-05 13:25
45601,2026-10-05,Lundi,20:00,20:50,DNA Yvon Villarceau,Lagree,Calista Ruat,0,0,True,disponible,2026-10-05 13:25
48118,2026-10-05,Lundi,20:30,21:15,DNA Victor Hugo,Lagree,Catrin Karlson English class,0,0,True,disponible,2026-10-05 13:25
59586,2026-10-05,Lundi,21:00,21:50,DNA Yvon Villarceau,Reformer,Marie De Saint Simon,0,0,True,disponible,2026-10-05 13:25
28107,2026-10-06,Mardi,08:00,08:50,DNA Yvon Villarceau,Lagree,Celia Almeida,0,0,True,disponible,2026-10-06 02:58
50394,2026-10-06,Mardi,08:00,08:50,DNA Yvon Villarceau,Reformer,Charlie DMC,0,0,True,disponible,2026-10-05 13:25
62441,2026-10-06,Mardi,08:30,09:20,DNA Victor Hugo,Reformer,Nina Claro,0,0,True,disponible,2026-10-05 13:25
65621,2026-10-06,Mardi,08:30,09:20,DNA Victor Hugo,Lagree,Carla Triboul (Suppléant),0,0,True,disponible,2026-10-05 13:25
28315,2026-10-06,Mardi,09:00,09:50,DNA Yvon Villarceau,Lagree,Celia Almeida,0,0,True,disponible,2026-10-06 02:58
50591,2026-10-06,Mardi,09:00,09:50,DNA Yvon Villarceau,Reformer,Charlie DMC,0,0,True,disponible,2026-10-05 13:25
62494,2026-10-06,Mardi,09:30,10:20,DNA Victor Hugo,Reformer,Nina Claro,0,0,True,disponible,2026-10-06 02:58
67052,2026-10-06,Mardi,09:30,10:20,DNA Victor Hugo,Lagree,Carla Triboul (Suppléant),0,0,True,disponible,2026-10-06 02:58
28523,2026-10-06,Mardi,10:00,10:50,DNA Yvon Villarceau,Lagree,Celia Almeida,0,0,True,disponible,2026-10-06 02:58
50788,2026-10-06,Mardi,10:00,10:50,DNA Yvon Villarceau,Reformer,Charlie DMC,0,0,True,disponible,2026-10-06 02:58
62547,2026-10-06,Mardi,10:30,11:20,DNA Victor Hugo,Reformer,Nina Claro,0,0,True,disponible,2026-10-06 02:58
67064,2026-10-06,Mardi,10:30,11:15,DNA Victor Hugo,Lagree,Carla Triboul (Suppléant),0,0,True,disponible,2026-10-06 02:58
26235,2026-10-06,Mardi,11:00,11:50,DNA Yvon Villarceau,Reformer,Soudi Zargham,0,0,True,disponible,2026-10-06 02:58
28731,2026-10-06,Mardi,11:00,11:50,DNA Yvon Villarceau,Lagree,isis Magnin,0,0,True,disponible,2026-10-06 02:58
48328,2026-10-06,Mardi,11:30,12:15,DNA Victor Hugo,Lagree,hafsa boughemza,0,0,True,disponible,2026-10-06 02:58
62600,2026-10-06,Mardi,11:30,12:20,DNA Victor Hugo,Reformer,Nina Claro,0,0,True,disponible,2026-10-06 02:58
26027,2026-10-06,Mardi,12:00,12:50,DNA Yvon Villarceau,Reformer,Soudi Zargham,0,0,True,disponible,2026-10-06 02:58
44145,2026-10-06,Mardi,12:00,12:50,DNA Yvon Villarceau,Lagree,isis Magnin,0,0,True,disponible,2026-10-06 02:58
62653,2026-10-06,Mardi,12:30,13:20,DNA Victor Hugo,Reformer,Nina Claro,0,0,True,disponible,2026-10-06 02:58
67077,2026-10-06,Mardi,12:30,13:15,DNA Victor Hugo,Lagree,hafsa boughemza,0,0,True,disponible,2026-10-06 02:58
25819,2026-10-06,Mardi,13:00,13:50,DNA Yvon Villarceau,Reformer,Soudi Zargham,0,0,True,disponible,2026-10-06 02:58
44353,2026-10-06,Mardi,13:00,13:50,DNA Yvon Villarceau,Lagree,isis Magnin,0,0,True,disponible,2026-10-06 02:58
66269,2026-10-06,Mardi,13:30,14:20,DNA Victor Hugo,Reformer,Nina Claro,0,0,True,disponible,2026-10-06 13:14
67735,2026-10-06,Mardi,13:30,14:20,DNA Victor Hugo,Lagree,hafsa boughemza,0,0,True,disponible,2026-10-06 02:58
36947,2026-10-06,Mardi,14:00,14:50,DNA Yvon Villarceau,Lagree,isis Magnin,0,0,True,disponible,2026-10-06 02:58
65824,2026-10-06,Mardi,14:30,15:20,DNA Victor Hugo,Reformer,Olivia Lamarre Reyner,0,0,True,disponible,2026-10-06 13:14
67368,2026-10-06,Mardi,14:30,15:20,DNA Victor Hugo,Lagree,hafsa boughemza,0,0,True,disponible,2026-10-06 13:14
65877,2026-10-06,Mardi,15:30,16:20,DNA Victor Hugo,Reformer,Olivia Lamarre Reyner,0,0,True,disponible,2026-10-06 13:14
67421,2026-10-06,Mardi,15:30,16:20,DNA Victor Hugo,Lagree,hafsa boughemza,0,0,True,disponible,2026-10-06 13:14
57060,2026-10-06,Mardi,16:00,16:50,DNA Yvon Villarceau,Reformer,Charlie DMC,0,0,True,disponible,2026-10-06 13:14
65930,2026-10-06,Mardi,16:30,17:20,DNA Victor Hugo,Reformer,Olivia Lamarre Reyner,0,0,True,disponible,2026-10-06 13:14
12694,2026-10-06,Mardi,17:00,17:50,DNA Yvon Villarceau,Reformer,Charlie DMC,0,0,True,disponible,2026-10-06 13:14
52155,2026-10-06,Mardi,17:00,17:50,DNA Yvon Villarceau,Lagree,isis Magnin,0,0,True,disponible,2026-10-06 13:14
54884,2026-10-06,Mardi,17:30,18:15,DNA Victor Hugo,Lagree,Leann Mroueh,0,0,True,disponible,2026-10-06 13:14
66302,2026-10-06,Mardi,17:30,18:20,DNA Victor Hugo,Reformer,Carla Triboul,0,0,True,disponible,2026-10-06 13:14
12902,2026-10-06,Mardi,18:00,18:50,DNA Yvon Villarceau,Reformer,Charlie DMC,0,0,True,disponible,2026-10-06 13:14
35506,2026-10-06,Mardi,18:00,18:50,DNA Yvon Villarceau,Lagree,isis Magnin,0,0,True,disponible,2026-10-06 13:14
55036,2026-10-06,Mardi,18:30,19:15,DNA Victor Hugo,Lagree,Leann Mroueh,0,0,True,disponible,2026-10-06 13:14
63942,2026-10-06,Mardi,18:30,19:20,DNA Victor Hugo,Reformer,Carla Triboul,0,0,True,disponible,2026-10-06 13:14
13110,2026-10-06,Mardi,19:00,19:50,DNA Yvon Villarceau,Reformer,Eve Lacroix,7,7,True,complet,2026-10-06 13:14
44561,2026-10-06,Mardi,19:00,19:50,DNA Yvon Villarceau,Lagree,Calista Ruat,0,0,True,disponible,2026-10-06 13:14
55188,2026-10-06,Mardi,19:30,20:15,DNA Victor Hugo,Lagree,Leann Mroueh,0,0,True,disponible,2026-10-06 19:13
63995,2026-10-06,Mardi,19:30,20:20,DNA Victor Hugo,Reformer,Carla Triboul,0,0,True,disponible,2026-10-06 19:13
25611,2026-10-06,Mardi,20:00,20:50,DNA Yvon Villarceau,Reformer,Hala Takkiedine (Suppléant),0,0,True,disponible,2026-10-06 19:13
44769,2026-10-06,Mardi,20:00,20:50,DNA Yvon Villarceau,Lagree,Calista Ruat,0,0,True,disponible,2026-10-06 19:13
55340,2026-10-06,Mardi,20:30,21:15,DNA Victor Hugo,Lagree,Leann Mroueh,0,0,True,disponible,2026-10-06 19:13
64048,2026-10-06,Mardi,20:30,21:20,DNA Victor Hugo,Reformer,Carla Triboul,0,0,True,disponible,2026-10-06 19:13
59415,2026-10-06,Mardi,21:00,21:50,DNA Yvon Villarceau,Reformer,Eve Lacroix,0,0,True,disponible,2026-10-06 13:14
65747,2026-10-06,Mardi,21:00,21:50,DNA Yvon Villarceau,Lagree,Calista Ruat,0,0,True,disponible,2026-10-06 19:13
31052,2026-10-07,Mercredi,07:00,07:50,DNA Yvon Villarceau,Lagree,Kim Sarfati,0,0,False,inconnu,2026-10-07 03:00
18112,2026-10-07,Mercredi,08:00,08:50,DNA Yvon Villarceau,Reformer,Rebecca Raccah,0,0,False,disponible,2026-10-07 03:00
31550,2026-10-07,Mercredi,08:00,08:50,DNA Yvon Villarceau,Lagree,Ela Anastasia,0,0,False,disponible,2026-10-06 19:13
59989,2026-10-07,Mercredi,08:30,09:20,DNA Victor Hugo,Reformer,Charlie DMC,0,0,False,disponible,2026-10-07 03:00
65543,2026-10-07,Mercredi,08:30,09:20,DNA Victor Hugo,Lagree,Yasmine Khoulalene,0,0,False,disponible,2026-10-06 19:13
18320,2026-10-07,Mercredi,09:00,09:50,DNA Yvon Villarceau,Reformer,Rebecca Raccah,0,0,False,disponible,2026-10-06 19:13
31759,2026-10-07,Mercredi,09:00,09:50,DNA Yvon Villarceau,Lagree,Ela Anastasia,0,0,False,disponible,2026-10-07 03:00
60041,2026-10-07,Mercredi,09:30,10:20,DNA Victor Hugo,Reformer,Charlie DMC,0,0,False,disponible,2026-10-07 03:00
65569,2026-10-07,Mercredi,09:30,10:20,DNA Victor Hugo,Lagree,Yasmine Khoulalene,0,0,False,disponible,2026-10-06 19:13
27899,2026-10-07,Mercredi,10:00,10:50,DNA Yvon Villarceau,Reformer,Rebecca Raccah,0,0,False,disponible,2026-10-07 03:00
42481,2026-10-07,Mercredi,10:00,10:50,DNA Yvon Villarceau,Lagree,Ela Anastasia,0,0,False,disponible,2026-10-06 19:13
60093,2026-10-07,Mercredi,10:30,11:20,DNA Victor Hugo,Reformer,Charlie DMC,0,0,False,disponible,2026-10-07 03:00
65595,2026-10-07,Mercredi,10:30,11:20,DNA Victor Hugo,Lagree,Yasmine Khoulalene,0,0,False,disponible,2026-10-06 19:13
27691,2026-10-07,Mercredi,11:00,11:50,DNA Yvon Villarceau,Reformer,Rebecca Raccah,0,0,False,disponible,2026-10-06 19:13
43105,2026-10-07,Mercredi,11:00,11:50,DNA Yvon Villarceau,Lagree,Ela Anastasia,0,0,False,disponible,2026-10-07 03:00
52353,2026-10-07,Mercredi,11:30,12:15,DNA Victor Hugo,Lagree,Celia Almeida,0,0,False,disponible,2026-10-07 03:00
63571,2026-10-07,Mercredi,11:30,12:20,DNA Victor Hugo,Reformer,Charlie DMC,0,0,False,disponible,2026-10-07 03:00
27483,2026-10-07,Mercredi,12:00,12:50,DNA Yvon Villarceau,Reformer,Rebecca Raccah,0,0,False,disponible,2026-10-07 03:00
43313,2026-10-07,Mercredi,12:00,12:50,DNA Yvon Villarceau,Lagree,Ela Anastasia,0,0,False,disponible,2026-10-07 03:00
59919,2026-10-07,Mercredi,12:30,13:15,DNA Victor Hugo,Lagree,Celia Almeida,0,0,False,disponible,2026-10-07 03:00
60145,2026-10-07,Mercredi,12:30,13:20,DNA Victor Hugo,Reformer,Charlie DMC,0,0,False,disponible,2026-10-07 03:00
27275,2026-10-07,Mercredi,13:00,13:50,DNA Yvon Villarceau,Reformer,Rebecca Raccah,0,0,False,disponible,2026-10-07 03:00
43521,2026-10-07,Mercredi,13:00,13:50,DNA Yvon Villarceau,Lagree,isis Magnin,0,0,False,disponible,2026-10-07 03:00
59954,2026-10-07,Mercredi,13:30,14:15,DNA Victor Hugo,Lagree,Celia Almeida,0,0,False,disponible,2026-10-07 03:00
33092,2026-10-07,Mercredi,14:00,14:50,DNA Yvon Villarceau,Lagree,isis Magnin,0,0,False,disponible,2026-10-07 03:00
49070,2026-10-07,Mercredi,14:30,15:15,DNA Victor Hugo,Lagree,Celia Almeida,0,0,False,disponible,2026-10-07 03:00
64733,2026-10-07,Mercredi,14:30,15:20,DNA Victor Hugo,Reformer,Olivia Lamarre Reyner,0,0,False,disponible,2026-10-07 03:00
33405,2026-10-07,Mercredi,15:00,15:50,DNA Yvon Villarceau,Lagree,isis Magnin,0,0,False,disponible,2026-10-07 03:00
64785,2026-10-07,Mercredi,15:30,16:20,DNA Victor Hugo,Reformer,Olivia Lamarre Reyner,0,0,False,disponible,2026-10-07 03:00
15610,2026-10-07,Mercredi,17:00,17:50,DNA Yvon Villarceau,Reformer,hafsa boughemza (Suppléant),0,0,False,disponible,2026-10-07 03:00
53553,2026-10-07,Mercredi,17:00,17:50,DNA Yvon Villarceau,Lagree,Ela Anastasia,0,0,False,disponible,2026-10-07 03:00
49176,2026-10-07,Mercredi,17:30,18:15,DNA Victor Hugo,Lagree,Catrin Karlson English class,0,0,False,disponible,2026-10-07 03:00
64101,2026-10-07,Mercredi,17:30,18:20,DNA Victor Hugo,Reformer,Chloe Graeffly,0,0,False,disponible,2026-10-07 03:00
51204,2026-10-07,Mercredi,18:00,18:50,DNA Yvon Villarceau,Reformer,hafsa boughemza (Suppléant),0,0,False,disponible,2026-10-07 03:00
53750,2026-10-07,Mercredi,18:00,18:50,DNA Yvon Villarceau,Lagree,Ela Anastasia,0,0,False,disponible,2026-10-07 03:00
49229,2026-10-07,Mercredi,18:30,19:20,DNA Victor Hugo,Lagree,Catrin Karlson English class,0,0,False,disponible,2026-10-07 03:00
64154,2026-10-07,Mercredi,18:30,19:20,DNA Victor Hugo,Reformer,Chloe Graeffly,0,0,False,disponible,2026-10-07 03:00
13318,2026-10-07,Mercredi,19:00,19:50,DNA Yvon Villarceau,Reformer,hafsa boughemza (Suppléant),0,0,False,disponible,2026-10-07 03:00
32697,2026-10-07,Mercredi,19:00,19:50,DNA Yvon Villarceau,Lagree,Ela Anastasia,0,0,False,disponible,2026-10-07 03:00
49282,2026-10-07,Mercredi,19:30,20:15,DNA Victor Hugo,Lagree,Catrin Karlson English class,0,0,False,disponible,2026-10-07 03:00
66235,2026-10-07,Mercredi,19:30,20:20,DNA Victor Hugo,Reformer,Chloe Graeffly,0,0,False,disponible,2026-10-07 03:00
32905,2026-10-07,Mercredi,20:00,20:50,DNA Yvon Villarceau,Lagree,Ela Anastasia,0,0,False,disponible,2026-10-07 03:00
50986,2026-10-07,Mercredi,20:00,20:50,DNA Yvon Villarceau,Reformer,Eve Lacroix,0,0,False,disponible,2026-10-07 03:00
64260,2026-10-07,Mercredi,20:30,21:20,DNA Victor Hugo,Reformer,Chloe Graeffly,0,0,False,disponible,2026-10-07 03:00
65517,2026-10-07,Mercredi,20:30,21:20,DNA Victor Hugo,Lagree,Catrin Karlson English class,0,0,False,disponible,2026-10-07 03:00
57331,2026-10-07,Mercredi,21:00,21:50,DNA Yvon Villarceau,Reformer,Eve Lacroix,0,0,False,disponible,2026-10-07 03:00
14570,2026-10-08,Jeudi,08:00,08:50,DNA Yvon Villarceau,Reformer,Nina Claro,0,0,False,disponible,2026-10-07 03:00
36340,2026-10-08,Jeudi,08:00,08:50,DNA Yvon Villarceau,Lagree,isis Magnin,0,0,False,disponible,2026-10-07 03:00
49388,2026-10-08,Jeudi,08:30,09:15,DNA Victor Hugo,Lagree,Eve Lacroix,0,0,False,disponible,2026-10-07 03:00
60197,2026-10-08,Jeudi,08:30,09:20,DNA Victor Hugo,Reformer,Charlie DMC,0,0,False,disponible,2026-10-07 03:00
14778,2026-10-08,Jeudi,09:00,09:50,DNA Yvon Villarceau,Reformer,Nina Claro,0,0,False,disponible,2026-10-07 03:00
36548,2026-10-08,Jeudi,09:00,09:50,DNA Yvon Villarceau,Lagree,isis Magnin,0,0,False,disponible,2026-10-07 03:00
49441,2026-10-08,Jeudi,09:30,10:15,DNA Victor Hugo,Lagree,Eve Lacroix,0,0,False,disponible,2026-10-07 03:00
60249,2026-10-08,Jeudi,09:30,10:20,DNA Victor Hugo,Reformer,Charlie DMC,0,0,False,disponible,2026-10-07 03:00
22074,2026-10-08,Jeudi,10:00,10:50,DNA Yvon Villarceau,Reformer,Rebecca Raccah,0,0,False,disponible,2026-10-07 03:00
36756,2026-10-08,Jeudi,10:00,10:50,DNA Yvon Villarceau,Lagree,isis Magnin,0,0,False,disponible,2026-10-07 03:00
49494,2026-10-08,Jeudi,10:30,11:15,DNA Victor Hugo,Lagree,Leann Mroueh,0,0,False,disponible,2026-10-07 03:00
60301,2026-10-08,Jeudi,10:30,11:20,DNA Victor Hugo,Reformer,Charlie DMC,0,0,False,disponible,2026-10-07 03:00
22698,2026-10-08,Jeudi,11:00,11:50,DNA Yvon Villarceau,Reformer,Rebecca Raccah,0,0,False,disponible,2026-10-07 03:00
41025,2026-10-08,Jeudi,11:00,11:50,DNA Yvon Villarceau,Lagree,Nina Claro,0,0,False,disponible,2026-10-07 03:00
62759,2026-10-08,Jeudi,11:30,12:15,DNA Victor Hugo,Lagree,Leann Mroueh,0,0,False,disponible,2026-10-07 03:00
63413,2026-10-08,Jeudi,11:30,12:20,DNA Victor Hugo,Reformer,Audrey Hugon,0,0,False,disponible,2026-10-07 03:00
22906,2026-10-08,Jeudi,12:00,12:50,DNA Yvon Villarceau,Reformer,Soudi Zargham,0,0,False,disponible,2026-10-07 03:00
41649,2026-10-08,Jeudi,12:00,12:50,DNA Yvon Villarceau,Lagree,Nina Claro,7,7,False,complet,2026-10-07 03:00
49600,2026-10-08,Jeudi,12:30,13:15,DNA Victor Hugo,Lagree,Sarah Elfassy,0,0,False,disponible,2026-10-07 03:00
63466,2026-10-08,Jeudi,12:30,13:20,DNA Victor Hugo,Reformer,Audrey Hugon,0,0,False,disponible,2026-10-07 03:00
23114,2026-10-08,Jeudi,13:00,13:50,DNA Yvon Villarceau,Reformer,Soudi Zargham,0,0,False,disponible,2026-10-07 03:00
42065,2026-10-08,Jeudi,13:00,13:50,DNA Yvon Villarceau,Lagree,Nina Claro,0,0,False,disponible,2026-10-07 03:00
49653,2026-10-08,Jeudi,13:30,14:15,DNA Victor Hugo,Lagree,Sarah Elfassy,0,0,False,disponible,2026-10-07 03:00
63519,2026-10-08,Jeudi,13:30,14:20,DNA Victor Hugo,Reformer,Audrey Hugon,0,0,False,disponible,2026-10-07 03:00
10173,2026-10-08,Jeudi,14:00,14:50,DNA Yvon Villarceau,Reformer,Soudi Zargham,0,0,False,disponible,2026-10-07 03:00
65983,2026-10-08,Jeudi,14:30,15:20,DNA Victor Hugo,Reformer,Olivia Lamarre Reyner,0,0,False,disponible,2026-10-07 03:00
67474,2026-10-08,Jeudi,14:30,15:20,DNA Victor Hugo,Lagree,hafsa boughemza,0,0,False,disponible,2026-10-07 03:00
37686,2026-10-08,Jeudi,15:00,15:50,DNA Yvon Villarceau,Lagree,Sarah Elfassy,0,0,False,disponible,2026-10-07 03:00
59172,2026-10-08,Jeudi,15:00,15:50,DNA Yvon Villarceau,Reformer,Charlie DMC (Suppléant),0,0,False,disponible,2026-10-07 03:00
66035,2026-10-08,Jeudi,15:30,16:20,DNA Victor Hugo,Reformer,Olivia Lamarre Reyner,0,0,False,disponible,2026-10-07 03:00
67526,2026-10-08,Jeudi,15:30,16:20,DNA Victor Hugo,Lagree,hafsa boughemza,0,0,False,disponible,2026-10-07 03:00
59224,2026-10-08,Jeudi,16:00,16:50,DNA Yvon Villarceau,Reformer,Charlie DMC (Suppléant),0,0,False,disponible,2026-10-07 03:00
65464,2026-10-08,Jeudi,16:00,16:50,DNA Yvon Villarceau,Lagree,Sarah Elfassy,0,0,False,disponible,2026-10-07 03:00
66087,2026-10-08,Jeudi,16:30,17:20,DNA Victor Hugo,Reformer,Olivia Lamarre Reyner,0,0,False,disponible,2026-10-07 03:00
23322,2026-10-08,Jeudi,17:00,17:50,DNA Yvon Villarceau,Reformer,Charlie DMC (Suppléant),0,0,False,disponible,2026-10-07 03:00
42273,2026-10-08,Jeudi,17:00,17:50,DNA Yvon Villarceau,Lagree,Calista Ruat,0,0,False,disponible,2026-10-07 03:00
49706,2026-10-08,Jeudi,17:30,18:15,DNA Victor Hugo,Lagree,Leann Mroueh,0,0,False,disponible,2026-10-07 03:00
61619,2026-10-08,Jeudi,17:30,18:20,DNA Victor Hugo,Reformer,Carla Triboul,0,0,False,disponible,2026-10-07 03:00
23530,2026-10-08,Jeudi,18:00,18:50,DNA Yvon Villarceau,Reformer,Charlie DMC (Suppléant),0,0,False,disponible,2026-10-07 03:00
42689,2026-10-08,Jeudi,18:00,18:50,DNA Yvon Villarceau,Lagree,Calista Ruat,0,0,False,disponible,2026-10-07 03:00
49759,2026-10-08,Jeudi,18:30,19:15,DNA Victor Hugo,Lagree,Leann Mroueh,0,0,False,disponible,2026-10-07 03:00
61671,2026-10-08,Jeudi,18:30,19:20,DNA Victor Hugo,Reformer,Carla Triboul,0,0,False,disponible,2026-10-07 03:00
14986,2026-10-08,Jeudi,19:00,19:50,DNA Yvon Villarceau,Reformer,Eve Lacroix,0,0,False,disponible,2026-10-07 03:00
43729,2026-10-08,Jeudi,19:00,19:50,DNA Yvon Villarceau,Lagree,Calista Ruat,0,0,False,disponible,2026-10-07 03:00
49812,2026-10-08,Jeudi,19:30,20:15,DNA Victor Hugo,Lagree,Leann Mroueh,0,0,False,disponible,2026-10-07 03:00
61723,2026-10-08,Jeudi,19:30,20:20,DNA Victor Hugo,Reformer,Carla Triboul,0,0,False,disponible,2026-10-07 03:00
15194,2026-10-08,Jeudi,20:00,20:50,DNA Yvon Villarceau,Reformer,Eve Lacroix,0,0,False,disponible,2026-10-07 03:00
43937,2026-10-08,Jeudi,20:00,20:50,DNA Yvon Villarceau,Lagree,Calista Ruat,0,0,False,disponible,2026-10-07 03:00
49865,2026-10-08,Jeudi,20:30,21:20,DNA Victor Hugo,Lagree,Leann Mroueh,0,0,False,disponible,2026-10-07 03:00
67107,2026-10-08,Jeudi,20:30,21:20,DNA Victor Hugo,Reformer,Carla Triboul,0,0,False,disponible,2026-10-07 03:00
15391,2026-10-08,Jeudi,21:00,21:50,DNA Yvon Villarceau,Reformer,Eve Lacroix,0,0,False,disponible,2026-10-07 03:00
17279,2026-10-09,Vendredi,08:00,08:50,DNA Yvon Villarceau,Reformer,Eve Lacroix,0,0,False,disponible,2026-10-07 03:00
39569,2026-10-09,Vendredi,08:00,08:50,DNA Yvon Villarceau,Lagree,Nina Claro,0,0,False,disponible,2026-10-07 03:00
46743,2026-10-09,Vendredi,08:30,09:15,DNA Victor Hugo,Lagree,Ela Anastasia,0,0,False,disponible,2026-10-07 03:00
61514,2026-10-09,Vendredi,08:30,09:20,DNA Victor Hugo,Reformer,Soudi Zargham,0,0,False,disponible,2026-10-07 03:00
17488,2026-10-09,Vendredi,09:00,09:50,DNA Yvon Villarceau,Reformer,Eve Lacroix,0,0,False,disponible,2026-10-07 03:00
40193,2026-10-09,Vendredi,09:00,09:50,DNA Yvon Villarceau,Lagree,Nina Claro,0,0,False,disponible,2026-10-07 03:00
46796,2026-10-09,Vendredi,09:30,10:15,DNA Victor Hugo,Lagree,Ela Anastasia,0,0,False,disponible,2026-10-07 03:00
61567,2026-10-09,Vendredi,09:30,10:20,DNA Victor Hugo,Reformer,Soudi Zargham,0,0,False,disponible,2026-10-07 03:00
17697,2026-10-09,Vendredi,10:00,10:50,DNA Yvon Villarceau,Reformer,Eve Lacroix,0,0,False,disponible,2026-10-07 03:00
40401,2026-10-09,Vendredi,10:00,10:50,DNA Yvon Villarceau,Lagree,Nina Claro,0,0,False,disponible,2026-10-07 03:00
46849,2026-10-09,Vendredi,10:30,11:15,DNA Victor Hugo,Lagree,Ela Anastasia,0,0,False,disponible,2026-10-07 03:00
60509,2026-10-09,Vendredi,10:30,11:20,DNA Victor Hugo,Reformer,Soudi Zargham,0,0,False,disponible,2026-10-07 03:00
21243,2026-10-09,Vendredi,11:00,11:50,DNA Yvon Villarceau,Reformer,Eve Lacroix,0,0,False,disponible,2026-10-07 03:00
37266,2026-10-09,Vendredi,11:00,11:50,DNA Yvon Villarceau,Lagree,Nina Claro,0,0,False,disponible,2026-10-07 03:00
46902,2026-10-09,Vendredi,11:30,12:15,DNA Victor Hugo,Lagree,Carla Triboul,0,0,False,disponible,2026-10-07 03:00
63151,2026-10-09,Vendredi,11:30,12:20,DNA Victor Hugo,Reformer,Leann Mroueh,0,0,False,disponible,2026-10-07 03:00
21450,2026-10-09,Vendredi,12:00,12:50,DNA Yvon Villarceau,Reformer,Eve Lacroix,0,0,False,disponible,2026-10-07 03:00
40609,2026-10-09,Vendredi,12:00,12:50,DNA Yvon Villarceau,Lagree,Nina Claro,0,0,False,disponible,2026-10-07 03:00
46955,2026-10-09,Vendredi,12:30,13:15,DNA Victor Hugo,Lagree,Carla Triboul,0,0,False,disponible,2026-10-07 03:00
63203,2026-10-09,Vendredi,12:30,13:20,DNA Victor Hugo,Reformer,Leann Mroueh,0,0,False,disponible,2026-10-07 03:00
21658,2026-10-09,Vendredi,13:00,13:50,DNA Yvon Villarceau,Reformer,Eve Lacroix,0,0,False,disponible,2026-10-07 03:00
40817,2026-10-09,Vendredi,13:00,13:50,DNA Yvon Villarceau,Lagree,Nina Claro,7,7,False,complet,2026-10-07 03:00
60615,2026-10-09,Vendredi,13:30,14:20,DNA Victor Hugo,Reformer,Leann Mroueh,0,0,False,disponible,2026-10-07 03:00
66944,2026-10-09,Vendredi,13:30,14:20,DNA Victor Hugo,Lagree,Carla Triboul,0,0,False,disponible,2026-10-07 03:00
67578,2026-10-09,Vendredi,14:30,15:20,DNA Victor Hugo,Lagree,hafsa boughemza,0,0,False,disponible,2026-09-14 11:49
67630,2026-10-09,Vendredi,15:30,16:20,DNA Victor Hugo,Lagree,hafsa boughemza,0,0,False,disponible,2026-09-14 11:49
66139,2026-10-09,Vendredi,16:30,17:20,DNA Victor Hugo,Lagree,Celia Almeida,0,0,False,disponible,2026-10-07 03:00
67160,2026-10-09,Vendredi,16:30,17:20,DNA Victor Hugo,Reformer,Yasmine Khoulalene,0,0,False,disponible,2026-10-07 03:00
21866,2026-10-09,Vendredi,17:00,17:50,DNA Yvon Villarceau,Reformer,Audrey Hugon,0,0,False,disponible,2026-10-07 03:00
60880,2026-10-09,Vendredi,17:30,18:20,DNA Victor Hugo,Reformer,Yasmine Khoulalene,0,0,False,disponible,2026-10-07 03:00
66192,2026-10-09,Vendredi,17:30,18:20,DNA Victor Hugo,Lagree,Celia Almeida,0,0,False,disponible,2026-10-07 03:00
22282,2026-10-09,Vendredi,18:00,18:50,DNA Yvon Villarceau,Reformer,Audrey Hugon,0,0,False,disponible,2026-10-07 03:00
65153,2026-10-09,Vendredi,18:00,18:50,DNA Yvon Villarceau,Lagree,Hala Takkiedine (Suppléant),0,0,False,disponible,2026-10-07 03:00
47114,2026-10-09,Vendredi,18:30,19:15,DNA Victor Hugo,Lagree,Celia Almeida,0,0,False,disponible,2026-10-07 03:00
60721,2026-10-09,Vendredi,18:30,19:20,DNA Victor Hugo,Reformer,Olivia Lamarre Reyner,0,0,False,disponible,2026-10-07 03:00
22490,2026-10-09,Vendredi,19:00,19:50,DNA Yvon Villarceau,Reformer,Audrey Hugon,0,0,False,disponible,2026-10-07 03:00
65310,2026-10-09,Vendredi,19:00,19:50,DNA Yvon Villarceau,Lagree,Hala Takkiedine (Suppléant),0,0,False,disponible,2026-10-07 03:00
47167,2026-10-09,Vendredi,19:30,20:15,DNA Victor Hugo,Lagree,Celia Almeida,0,0,False,disponible,2026-10-07 03:00
63359,2026-10-09,Vendredi,19:30,20:20,DNA Victor Hugo,Reformer,Olivia Lamarre Reyner,0,0,False,disponible,2026-10-07 03:00
52911,2026-10-09,Vendredi,20:00,20:50,DNA Yvon Villarceau,Reformer,Audrey Hugon,0,0,False,disponible,2026-10-07 03:00
62972,2026-10-09,Vendredi,20:00,20:50,DNA Yvon Villarceau,Lagree,Hala Takkiedine (Suppléant),0,0,False,disponible,2026-10-07 03:00
64837,2026-10-09,Vendredi,21:00,21:50,DNA Yvon Villarceau,Reformer,Eve Lacroix,0,0,False,inconnu,2026-10-07 03:00
46017,2026-10-10,Samedi,08:00,09:00,DNA Yvon Villarceau,Lagree,Alice Amat,0,0,False,inconnu,2026-10-07 03:00
12070,2026-10-10,Samedi,09:00,09:50,DNA Yvon Villarceau,Reformer,Leann Mroueh,0,0,False,disponible,2026-10-07 03:00
34050,2026-10-10,Samedi,09:00,09:50,DNA Yvon Villarceau,Lagree,Vanessa Slomka,0,0,False,disponible,2026-10-07 03:00
47220,2026-10-10,Samedi,09:30,10:15,DNA Victor Hugo,Lagree,Nina Claro,0,0,False,disponible,2026-10-07 03:00
64419,2026-10-10,Samedi,09:30,10:20,DNA Victor Hugo,Reformer,Chloe Graeffly,7,7,False,complet,2026-10-07 03:00
11021,2026-10-10,Samedi,10:00,10:50,DNA Yvon Villarceau,Reformer,Leann Mroueh,0,0,False,disponible,2026-10-07 03:00
34258,2026-10-10,Samedi,10:00,10:50,DNA Yvon Villarceau,Lagree,Vanessa Slomka,0,0,False,disponible,2026-10-07 03:00
47273,2026-10-10,Samedi,10:30,11:15,DNA Victor Hugo,Lagree,Nina Claro,0,0,False,disponible,2026-10-07 03:00
64472,2026-10-10,Samedi,10:30,11:20,DNA Victor Hugo,Reformer,Chloe Graeffly,0,0,False,disponible,2026-10-07 03:00
11231,2026-10-10,Samedi,11:00,11:50,DNA Yvon Villarceau,Reformer,Leann Mroueh,0,0,False,disponible,2026-10-07 03:00
34674,2026-10-10,Samedi,11:00,11:50,DNA Yvon Villarceau,Lagree,Vanessa Slomka,0,0,False,disponible,2026-10-07 03:00
47326,2026-10-10,Samedi,11:30,12:15,DNA Victor Hugo,Lagree,Nina Claro,0,0,False,disponible,2026-10-07 03:00
64525,2026-10-10,Samedi,11:30,12:20,DNA Victor Hugo,Reformer,Chloe Graeffly,0,0,False,disponible,2026-10-07 03:00
10811,2026-10-10,Samedi,12:00,12:50,DNA Yvon Villarceau,Reformer,Lucrezia Amerio,0,0,False,disponible,2026-10-07 03:00
35088,2026-10-10,Samedi,12:00,12:50,DNA Yvon Villarceau,Lagree,Vanessa Slomka,0,0,False,disponible,2026-10-07 03:00
47379,2026-10-10,Samedi,12:30,13:15,DNA Victor Hugo,Lagree,Catrin Karlson English class,0,0,False,disponible,2026-10-07 03:00
64890,2026-10-10,Samedi,12:30,13:20,DNA Victor Hugo,Reformer,Chloe Graeffly,0,0,False,disponible,2026-10-07 03:00
11441,2026-10-10,Samedi,13:00,13:50,DNA Yvon Villarceau,Reformer,Lucrezia Amerio,0,0,False,disponible,2026-10-07 03:00
32105,2026-10-10,Samedi,13:00,13:50,DNA Yvon Villarceau,Lagree,Vanessa Slomka,0,0,False,disponible,2026-10-07 03:00
47432,2026-10-10,Samedi,13:30,14:15,DNA Victor Hugo,Lagree,Catrin Karlson English class,0,0,False,disponible,2026-10-07 03:00
64578,2026-10-10,Samedi,13:30,14:20,DNA Victor Hugo,Reformer,Chloe Graeffly,0,0,False,disponible,2026-10-07 03:00
16224,2026-10-10,Samedi,14:00,14:50,DNA Yvon Villarceau,Reformer,Nina Claro,0,0,False,disponible,2026-10-07 03:00
29215,2026-10-10,Samedi,14:00,14:50,DNA Yvon Villarceau,Lagree,Lucrezia Amerio,0,0,False,disponible,2026-10-07 03:00
47485,2026-10-10,Samedi,14:30,15:15,DNA Victor Hugo,Lagree,Catrin Karlson English class,0,0,False,disponible,2026-10-07 03:00
63625,2026-10-10,Samedi,14:30,15:20,DNA Victor Hugo,Reformer,Olivia Lamarre Reyner,0,0,False,disponible,2026-10-07 03:00
16432,2026-10-10,Samedi,15:00,15:50,DNA Yvon Villarceau,Reformer,Nina Claro,0,0,False,disponible,2026-10-07 03:00
29371,2026-10-10,Samedi,15:00,15:50,DNA Yvon Villarceau,Lagree,Lucrezia Amerio,0,0,False,disponible,2026-10-07 03:00
63678,2026-10-10,Samedi,15:30,16:20,DNA Victor Hugo,Reformer,Olivia Lamarre Reyner,0,0,False,disponible,2026-10-07 03:00
20620,2026-10-10,Samedi,16:00,16:50,DNA Yvon Villarceau,Reformer,Nina Claro,0,0,False,inconnu,2026-10-07 03:00
30657,2026-10-10,Samedi,16:00,16:50,DNA Yvon Villarceau,Lagree,Celia Almeida,0,0,False,disponible,2026-10-07 03:00
64943,2026-10-10,Samedi,16:30,17:20,DNA Victor Hugo,Reformer,Lucrezia Amerio,0,0,False,disponible,2026-10-07 03:00
65801,2026-10-10,Samedi,16:30,17:20,DNA Victor Hugo,Lagree,Carla Triboul,0,0,False,disponible,2026-10-07 03:00
11862,2026-10-10,Samedi,17:00,17:50,DNA Yvon Villarceau,Reformer,Olivia Lamarre Reyner,0,0,False,disponible,2026-10-07 03:00
29880,2026-10-10,Samedi,17:00,17:50,DNA Yvon Villarceau,Lagree,Celia Almeida,0,0,False,disponible,2026-10-07 03:00
52458,2026-10-10,Samedi,17:30,18:15,DNA Victor Hugo,Lagree,Carla Triboul,0,0,False,disponible,2026-10-07 03:00
64996,2026-10-10,Samedi,17:30,18:20,DNA Victor Hugo,Reformer,Lucrezia Amerio,0,0,False,disponible,2026-10-07 03:00
12278,2026-10-10,Samedi,18:00,18:50,DNA Yvon Villarceau,Reformer,Olivia Lamarre Reyner,0,0,False,disponible,2026-10-07 03:00
30089,2026-10-10,Samedi,18:00,18:50,DNA Yvon Villarceau,Lagree,Catrin Karlson English class (Suppléant),0,0,False,disponible,2026-10-07 03:00
52510,2026-10-10,Samedi,18:30,19:15,DNA Victor Hugo,Lagree,Carla Triboul,0,0,False,disponible,2026-10-07 03:00
65049,2026-10-10,Samedi,18:30,19:20,DNA Victor Hugo,Reformer,Lucrezia Amerio,0,0,False,disponible,2026-10-07 03:00
12486,2026-10-10,Samedi,19:00,19:50,DNA Yvon Villarceau,Reformer,Olivia Lamarre Reyner,0,0,False,disponible,2026-10-07 03:00
30454,2026-10-10,Samedi,19:00,19:50,DNA Yvon Villarceau,Lagree,Catrin Karlson English class (Suppléant),0,0,False,disponible,2026-10-07 03:00
52562,2026-10-10,Samedi,19:30,20:15,DNA Victor Hugo,Lagree,Carla Triboul,0,0,False,disponible,2026-10-07 03:00
65102,2026-10-10,Samedi,19:30,20:20,DNA Victor Hugo,Reformer,Lucrezia Amerio,0,0,False,disponible,2026-10-07 03:00
38321,2026-10-11,Dimanche,09:00,09:50,DNA Yvon Villarceau,Lagree,Nina Claro,0,0,False,disponible,2026-10-07 03:00
46227,2026-10-11,Dimanche,09:00,09:50,DNA Yvon Villarceau,Reformer,Eve Lacroix,0,0,False,disponible,2026-10-07 03:00
47538,2026-10-11,Dimanche,09:30,10:15,DNA Victor Hugo,Lagree,Catrin Karlson English class (Suppléant),0,0,False,disponible,2026-10-07 03:00
63731,2026-10-11,Dimanche,09:30,10:20,DNA Victor Hugo,Reformer,Audrey Hugon,0,0,False,disponible,2026-10-07 03:00
19363,2026-10-11,Dimanche,10:00,10:50,DNA Yvon Villarceau,Reformer,Eve Lacroix,0,0,False,disponible,2026-10-07 03:00
38529,2026-10-11,Dimanche,10:00,10:50,DNA Yvon Villarceau,Lagree,Nina Claro,0,0,False,disponible,2026-10-07 03:00
47591,2026-10-11,Dimanche,10:30,11:15,DNA Victor Hugo,Lagree,Catrin Karlson English class (Suppléant),0,0,False,disponible,2026-10-07 03:00
63784,2026-10-11,Dimanche,10:30,11:20,DNA Victor Hugo,Reformer,Audrey Hugon,0,0,False,disponible,2026-10-07 03:00
19572,2026-10-11,Dimanche,11:00,11:50,DNA Yvon Villarceau,Reformer,Eve Lacroix,0,0,False,disponible,2026-10-07 03:00
38737,2026-10-11,Dimanche,11:00,11:50,DNA Yvon Villarceau,Lagree,Nina Claro,0,0,False,disponible,2026-10-07 03:00
47644,2026-10-11,Dimanche,11:30,12:15,DNA Victor Hugo,Lagree,Catrin Karlson English class (Suppléant),0,0,False,disponible,2026-10-07 03:00
63837,2026-10-11,Dimanche,11:30,12:20,DNA Victor Hugo,Reformer,Audrey Hugon,0,0,False,disponible,2026-10-07 03:00
19781,2026-10-11,Dimanche,12:00,12:50,DNA Yvon Villarceau,Reformer,Eve Lacroix,0,0,False,disponible,2026-10-07 03:00
38945,2026-10-11,Dimanche,12:00,12:50,DNA Yvon Villarceau,Lagree,Nina Claro,0,0,False,disponible,2026-10-07 03:00
63890,2026-10-11,Dimanche,12:30,13:20,DNA Victor Hugo,Reformer,Audrey Hugon,0,0,False,disponible,2026-10-07 03:00
17899,2026-10-11,Dimanche,13:00,13:50,DNA Yvon Villarceau,Reformer,Eve Lacroix,0,0,False,disponible,2026-10-07 03:00
39153,2026-10-11,Dimanche,13:00,13:50,DNA Yvon Villarceau,Lagree,Nina Claro,0,0,False,disponible,2026-10-07 03:00
47750,2026-10-11,Dimanche,13:30,14:15,DNA Victor Hugo,Lagree,Yasmine Khoulalene (Suppléant),0,0,False,disponible,2026-10-07 03:00
33249,2026-10-11,Dimanche,14:00,14:50,DNA Yvon Villarceau,Lagree,Nina Claro,0,0,False,disponible,2026-10-07 03:00
56116,2026-10-11,Dimanche,14:00,14:50,DNA Yvon Villarceau,Reformer,Eve Lacroix,0,0,False,disponible,2026-10-07 03:00
47803,2026-10-11,Dimanche,14:30,15:15,DNA Victor Hugo,Lagree,Yasmine Khoulalene (Suppléant),0,0,False,disponible,2026-10-07 03:00
67213,2026-10-11,Dimanche,14:30,15:20,DNA Victor Hugo,Reformer,Lucrezia Amerio,0,0,False,disponible,2026-10-07 03:00
16014,2026-10-11,Dimanche,15:00,15:50,DNA Yvon Villarceau,Reformer,Olivia Lamarre Reyner,0,0,False,disponible,2026-10-07 03:00
47856,2026-10-11,Dimanche,15:30,16:15,DNA Victor Hugo,Lagree,Yasmine Khoulalene (Suppléant),0,0,False,disponible,2026-10-07 03:00
67266,2026-10-11,Dimanche,15:30,16:20,DNA Victor Hugo,Reformer,Lucrezia Amerio,0,0,False,disponible,2026-10-07 03:00
24360,2026-10-11,Dimanche,16:00,16:50,DNA Yvon Villarceau,Reformer,Olivia Lamarre Reyner,0,0,False,disponible,2026-10-07 03:00
37897,2026-10-11,Dimanche,16:00,16:50,DNA Yvon Villarceau,Lagree,Catrin Karlson English class,0,0,False,disponible,2026-10-07 03:00
67319,2026-10-11,Dimanche,16:30,17:20,DNA Victor Hugo,Reformer,Lucrezia Amerio,0,0,False,disponible,2026-10-07 03:00
67899,2026-10-11,Dimanche,16:30,17:20,DNA Victor Hugo,Lagree,Olympe Acquier,0,0,False,disponible,2026-10-07 03:00
19989,2026-10-11,Dimanche,17:00,17:50,DNA Yvon Villarceau,Reformer,Olivia Lamarre Reyner,0,0,False,disponible,2026-10-07 03:00
39361,2026-10-11,Dimanche,17:00,17:50,DNA Yvon Villarceau,Lagree,Catrin Karlson English class,0,0,False,disponible,2026-10-07 03:00
64314,2026-10-11,Dimanche,17:30,18:20,DNA Victor Hugo,Reformer,Chloe Graeffly,0,0,False,disponible,2026-10-07 03:00
68011,2026-10-11,Dimanche,17:30,18:20,DNA Victor Hugo,Lagree,Olympe Acquier,0,0,False,disponible,2026-10-07 03:00
39777,2026-10-11,Dimanche,18:00,18:50,DNA Yvon Villarceau,Lagree,Catrin Karlson English class,0,0,False,disponible,2026-10-07 03:00
59739,2026-10-11,Dimanche,18:00,18:50,DNA Yvon Villarceau,Reformer,Marie De Saint Simon,0,0,False,disponible,2026-10-07 03:00
52614,2026-10-11,Dimanche,18:30,19:15,DNA Victor Hugo,Lagree,Hala Takkiedine,0,0,False,disponible,2026-10-07 03:00
64367,2026-10-11,Dimanche,18:30,19:20,DNA Victor Hugo,Reformer,Chloe Graeffly,0,0,False,disponible,2026-10-07 03:00
20407,2026-10-11,Dimanche,19:00,19:50,DNA Yvon Villarceau,Reformer,Marie De Saint Simon,0,0,False,disponible,2026-10-07 03:00
39985,2026-10-11,Dimanche,19:00,19:50,DNA Yvon Villarceau,Lagree,Catrin Karlson English class,0,0,False,disponible,2026-10-07 03:00
52666,2026-10-11,Dimanche,19:30,20:15,DNA Victor Hugo,Lagree,Hala Takkiedine,0,0,False,disponible,2026-10-07 03:00
68062,2026-10-11,Dimanche,19:30,20:20,DNA Victor Hugo,Reformer,Chloe Graeffly,0,0,False,disponible,2026-10-07 03:00
18529,2026-10-12,Lundi,08:00,08:50,DNA Yvon Villarceau,Reformer,Rebecca Raccah,0,0,False,disponible,2026-10-07 03:00
35919,2026-10-12,Lundi,08:00,08:50,DNA Yvon Villarceau,Lagree,Eve Lacroix (Suppléant),0,0,False,disponible,2026-10-07 03:00
61090,2026-10-12,Lundi,08:30,09:20,DNA Victor Hugo,Reformer,Nina Claro,0,0,False,disponible,2026-10-07 03:00
66464,2026-10-12,Lundi,08:30,09:20,DNA Victor Hugo,Lagree,Carla Triboul,0,0,False,disponible,2026-10-07 03:00
25404,2026-10-12,Lundi,09:00,09:50,DNA Yvon Villarceau,Reformer,Rebecca Raccah,0,0,False,disponible,2026-10-07 03:00
36128,2026-10-12,Lundi,09:00,09:50,DNA Yvon Villarceau,Lagree,Eve Lacroix (Suppléant),0,0,False,disponible,2026-10-07 03:00
61143,2026-10-12,Lundi,09:30,10:20,DNA Victor Hugo,Reformer,Nina Claro,0,0,False,disponible,2026-10-07 03:00
66624,2026-10-12,Lundi,09:30,10:20,DNA Victor Hugo,Lagree,Carla Triboul,0,0,False,disponible,2026-10-07 03:00
25196,2026-10-12,Lundi,10:00,10:50,DNA Yvon Villarceau,Reformer,Rebecca Raccah,0,0,False,disponible,2026-10-07 03:00
44978,2026-10-12,Lundi,10:00,10:50,DNA Yvon Villarceau,Lagree,Eve Lacroix (Suppléant),0,0,False,disponible,2026-10-07 03:00
61196,2026-10-12,Lundi,10:30,11:20,DNA Victor Hugo,Reformer,Nina Claro,0,0,False,disponible,2026-10-07 03:00
66784,2026-10-12,Lundi,10:30,11:20,DNA Victor Hugo,Lagree,Carla Triboul,0,0,False,disponible,2026-10-07 03:00
24988,2026-10-12,Lundi,11:00,11:50,DNA Yvon Villarceau,Reformer,Rebecca Raccah,0,0,False,disponible,2026-10-07 03:00
34467,2026-10-12,Lundi,11:00,11:50,DNA Yvon Villarceau,Lagree,Eve Lacroix (Suppléant),0,0,False,disponible,2026-10-07 03:00
46638,2026-10-12,Lundi,11:30,12:15,DNA Victor Hugo,Lagree,Sarah Elfassy,0,0,False,disponible,2026-10-07 03:00
61249,2026-10-12,Lundi,11:30,12:20,DNA Victor Hugo,Reformer,Nina Claro,0,0,False,disponible,2026-10-07 03:00
18737,2026-10-12,Lundi,12:00,12:50,DNA Yvon Villarceau,Reformer,Charlie DMC,0,0,False,disponible,2026-10-07 03:00
51760,2026-10-12,Lundi,12:00,12:50,DNA Yvon Villarceau,Lagree,Catrin Karlson English class,0,0,False,disponible,2026-10-07 03:00
46691,2026-10-12,Lundi,12:30,13:15,DNA Victor Hugo,Lagree,Sarah Elfassy,0,0,False,disponible,2026-10-07 03:00
61302,2026-10-12,Lundi,12:30,13:20,DNA Victor Hugo,Reformer,Nina Claro,0,0,False,disponible,2026-10-07 03:00
18945,2026-10-12,Lundi,13:00,13:50,DNA Yvon Villarceau,Reformer,Charlie DMC,0,0,False,disponible,2026-10-07 03:00
35715,2026-10-12,Lundi,13:00,13:50,DNA Yvon Villarceau,Lagree,Catrin Karlson English class,0,0,False,disponible,2026-10-07 03:00
61355,2026-10-12,Lundi,13:30,14:20,DNA Victor Hugo,Reformer,Nina Claro,0,0,False,disponible,2026-10-07 03:00
62020,2026-10-12,Lundi,13:30,14:20,DNA Victor Hugo,Lagree,Sarah Elfassy,0,0,False,disponible,2026-10-07 03:00
37105,2026-10-12,Lundi,14:00,14:50,DNA Yvon Villarceau,Lagree,Catrin Karlson English class,0,0,False,disponible,2026-10-07 03:00
56272,2026-10-12,Lundi,14:00,14:50,DNA Yvon Villarceau,Reformer,Charlie DMC,0,0,False,disponible,2026-10-07 03:00
62248,2026-10-12,Lundi,14:30,15:20,DNA Victor Hugo,Reformer,Sarah Elfassy,0,0,False,disponible,2026-10-07 03:00
33719,2026-10-12,Lundi,15:00,15:50,DNA Yvon Villarceau,Lagree,Ela Anastasia,0,0,False,disponible,2026-10-07 03:00
55492,2026-10-12,Lundi,15:30,16:20,DNA Victor Hugo,Reformer,Sarah Elfassy,0,0,False,disponible,2026-10-07 03:00
31947,2026-10-12,Lundi,16:00,16:50,DNA Yvon Villarceau,Lagree,Ela Anastasia,0,0,False,disponible,2026-10-07 03:00
68114,2026-10-12,Lundi,16:00,16:50,DNA Yvon Villarceau,Reformer,Charlie DMC,0,0,False,disponible,2026-10-07 03:00
27068,2026-10-12,Lundi,17:00,17:50,DNA Yvon Villarceau,Reformer,Charlie DMC,0,0,False,disponible,2026-10-07 03:00
45186,2026-10-12,Lundi,17:00,17:50,DNA Yvon Villarceau,Lagree,Calista Ruat,0,0,False,disponible,2026-10-07 03:00
47963,2026-10-12,Lundi,17:30,18:15,DNA Victor Hugo,Lagree,Catrin Karlson English class,0,0,False,disponible,2026-10-07 03:00
61776,2026-10-12,Lundi,17:30,18:20,DNA Victor Hugo,Reformer,Rebecca Raccah,0,0,False,disponible,2026-10-07 03:00
26860,2026-10-12,Lundi,18:00,18:50,DNA Yvon Villarceau,Reformer,Charlie DMC,0,0,False,disponible,2026-10-07 03:00
45394,2026-10-12,Lundi,18:00,18:50,DNA Yvon Villarceau,Lagree,Calista Ruat,0,0,False,disponible,2026-10-07 03:00
48015,2026-10-12,Lundi,18:30,19:15,DNA Victor Hugo,Lagree,Catrin Karlson English class,0,0,False,disponible,2026-10-07 03:00
61829,2026-10-12,Lundi,18:30,19:20,DNA Victor Hugo,Reformer,Rebecca Raccah,0,0,False,disponible,2026-10-07 03:00
24780,2026-10-12,Lundi,19:00,19:50,DNA Yvon Villarceau,Reformer,Marie De Saint Simon,0,0,False,disponible,2026-10-07 03:00
45810,2026-10-12,Lundi,19:00,19:50,DNA Yvon Villarceau,Lagree,Calista Ruat,0,0,False,disponible,2026-10-07 03:00
48067,2026-10-12,Lundi,19:30,20:15,DNA Victor Hugo,Lagree,Catrin Karlson English class,0,0,False,disponible,2026-10-07 03:00
61935,2026-10-12,Lundi,19:30,20:20,DNA Victor Hugo,Reformer,Rebecca Raccah,0,0,False,disponible,2026-10-07 03:00
24572,2026-10-12,Lundi,20:00,20:50,DNA Yvon Villarceau,Reformer,Marie De Saint Simon,0,0,False,disponible,2026-10-07 03:00
45602,2026-10-12,Lundi,20:00,20:50,DNA Yvon Villarceau,Lagree,Calista Ruat,0,0,False,disponible,2026-10-07 03:00
48119,2026-10-12,Lundi,20:30,21:15,DNA Victor Hugo,Lagree,Catrin Karlson English class,0,0,False,disponible,2026-10-07 03:00
59587,2026-10-12,Lundi,21:00,21:50,DNA Yvon Villarceau,Reformer,Marie De Saint Simon,0,0,False,disponible,2026-10-07 03:00
28108,2026-10-13,Mardi,08:00,08:50,DNA Yvon Villarceau,Lagree,Celia Almeida,0,0,False,disponible,2026-10-07 03:00
50395,2026-10-13,Mardi,08:00,08:50,DNA Yvon Villarceau,Reformer,Charlie DMC,0,0,False,disponible,2026-10-07 03:00
62442,2026-10-13,Mardi,08:30,09:20,DNA Victor Hugo,Reformer,Nina Claro,0,0,False,disponible,2026-10-07 03:00
65622,2026-10-13,Mardi,08:30,09:20,DNA Victor Hugo,Lagree,Yasmine Khoulalene,0,0,False,disponible,2026-10-07 03:00
28316,2026-10-13,Mardi,09:00,09:50,DNA Yvon Villarceau,Lagree,Celia Almeida,0,0,False,disponible,2026-10-07 03:00
50592,2026-10-13,Mardi,09:00,09:50,DNA Yvon Villarceau,Reformer,Charlie DMC,0,0,False,disponible,2026-10-07 03:00
62495,2026-10-13,Mardi,09:30,10:20,DNA Victor Hugo,Reformer,Nina Claro,0,0,False,disponible,2026-10-07 03:00
67053,2026-10-13,Mardi,09:30,10:20,DNA Victor Hugo,Lagree,Yasmine Khoulalene,0,0,False,disponible,2026-10-07 03:00
28524,2026-10-13,Mardi,10:00,10:50,DNA Yvon Villarceau,Lagree,Celia Almeida,0,0,False,disponible,2026-10-07 03:00
50789,2026-10-13,Mardi,10:00,10:50,DNA Yvon Villarceau,Reformer,Charlie DMC,0,0,False,disponible,2026-10-07 03:00
62548,2026-10-13,Mardi,10:30,11:20,DNA Victor Hugo,Reformer,Nina Claro,0,0,False,disponible,2026-10-07 03:00
67065,2026-10-13,Mardi,10:30,11:15,DNA Victor Hugo,Lagree,Yasmine Khoulalene,0,0,False,disponible,2026-10-07 03:00
26236,2026-10-13,Mardi,11:00,11:50,DNA Yvon Villarceau,Reformer,Soudi Zargham,0,0,False,disponible,2026-10-07 03:00
28732,2026-10-13,Mardi,11:00,11:50,DNA Yvon Villarceau,Lagree,isis Magnin,0,0,False,disponible,2026-10-07 03:00
48329,2026-10-13,Mardi,11:30,12:15,DNA Victor Hugo,Lagree,hafsa boughemza,0,0,False,disponible,2026-10-07 03:00
62601,2026-10-13,Mardi,11:30,12:20,DNA Victor Hugo,Reformer,Nina Claro,0,0,False,disponible,2026-10-07 03:00
26028,2026-10-13,Mardi,12:00,12:50,DNA Yvon Villarceau,Reformer,Soudi Zargham,0,0,False,disponible,2026-10-07 03:00
44146,2026-10-13,Mardi,12:00,12:50,DNA Yvon Villarceau,Lagree,isis Magnin,0,0,False,disponible,2026-10-07 03:00
62654,2026-10-13,Mardi,12:30,13:20,DNA Victor Hugo,Reformer,Nina Claro,0,0,False,disponible,2026-10-07 03:00
67078,2026-10-13,Mardi,12:30,13:15,DNA Victor Hugo,Lagree,hafsa boughemza,0,0,False,disponible,2026-10-07 03:00
25820,2026-10-13,Mardi,13:00,13:50,DNA Yvon Villarceau,Reformer,Soudi Zargham,0,0,False,disponible,2026-10-07 03:00
44354,2026-10-13,Mardi,13:00,13:50,DNA Yvon Villarceau,Lagree,isis Magnin,0,0,False,disponible,2026-10-07 03:00
66270,2026-10-13,Mardi,13:30,14:20,DNA Victor Hugo,Reformer,Nina Claro,0,0,False,disponible,2026-10-07 03:00
67736,2026-10-13,Mardi,13:30,14:20,DNA Victor Hugo,Lagree,hafsa boughemza,0,0,False,disponible,2026-10-07 03:00
36948,2026-10-13,Mardi,14:00,14:50,DNA Yvon Villarceau,Lagree,isis Magnin,0,0,False,disponible,2026-10-07 03:00
65825,2026-10-13,Mardi,14:30,15:20,DNA Victor Hugo,Reformer,Olivia Lamarre Reyner,0,0,False,disponible,2026-10-07 03:00
67369,2026-10-13,Mardi,14:30,15:20,DNA Victor Hugo,Lagree,hafsa boughemza,0,0,False,disponible,2026-10-07 03:00
65878,2026-10-13,Mardi,15:30,16:20,DNA Victor Hugo,Reformer,Olivia Lamarre Reyner,0,0,False,disponible,2026-10-07 03:00
67422,2026-10-13,Mardi,15:30,16:20,DNA Victor Hugo,Lagree,hafsa boughemza,0,0,False,disponible,2026-10-07 03:00
57061,2026-10-13,Mardi,16:00,16:50,DNA Yvon Villarceau,Reformer,Charlie DMC,0,0,False,disponible,2026-10-07 03:00
65931,2026-10-13,Mardi,16:30,17:20,DNA Victor Hugo,Reformer,Olivia Lamarre Reyner,0,0,False,disponible,2026-10-07 03:00
12695,2026-10-13,Mardi,17:00,17:50,DNA Yvon Villarceau,Reformer,Charlie DMC,0,0,False,disponible,2026-10-07 03:00
52156,2026-10-13,Mardi,17:00,17:50,DNA Yvon Villarceau,Lagree,isis Magnin,0,0,False,disponible,2026-10-07 03:00
54885,2026-10-13,Mardi,17:30,18:15,DNA Victor Hugo,Lagree,Leann Mroueh,0,0,False,disponible,2026-10-07 03:00
66303,2026-10-13,Mardi,17:30,18:20,DNA Victor Hugo,Reformer,Carla Triboul,0,0,False,disponible,2026-10-07 03:00
12903,2026-10-13,Mardi,18:00,18:50,DNA Yvon Villarceau,Reformer,Charlie DMC,0,0,False,disponible,2026-10-07 03:00
35507,2026-10-13,Mardi,18:00,18:50,DNA Yvon Villarceau,Lagree,isis Magnin,0,0,False,disponible,2026-10-07 03:00
55037,2026-10-13,Mardi,18:30,19:15,DNA Victor Hugo,Lagree,Leann Mroueh,0,0,False,disponible,2026-10-07 03:00
63943,2026-10-13,Mardi,18:30,19:20,DNA Victor Hugo,Reformer,Carla Triboul,0,0,False,disponible,2026-10-07 03:00
13111,2026-10-13,Mardi,19:00,19:50,DNA Yvon Villarceau,Reformer,Eve Lacroix,0,0,False,disponible,2026-10-07 03:00
44562,2026-10-13,Mardi,19:00,19:50,DNA Yvon Villarceau,Lagree,Calista Ruat,0,0,False,disponible,2026-10-07 03:00
55189,2026-10-13,Mardi,19:30,20:15,DNA Victor Hugo,Lagree,Leann Mroueh,0,0,False,disponible,2026-10-07 03:00
63996,2026-10-13,Mardi,19:30,20:20,DNA Victor Hugo,Reformer,Carla Triboul,0,0,False,disponible,2026-10-07 03:00
25612,2026-10-13,Mardi,20:00,20:50,DNA Yvon Villarceau,Reformer,Eve Lacroix,0,0,False,disponible,2026-10-07 03:00
44770,2026-10-13,Mardi,20:00,20:50,DNA Yvon Villarceau,Lagree,Calista Ruat,0,0,False,disponible,2026-10-07 03:00
55341,2026-10-13,Mardi,20:30,21:15,DNA Victor Hugo,Lagree,Leann Mroueh,0,0,False,disponible,2026-10-07 03:00
64049,2026-10-13,Mardi,20:30,21:20,DNA Victor Hugo,Reformer,Carla Triboul,0,0,False,disponible,2026-10-07 03:00
59416,2026-10-13,Mardi,21:00,21:50,DNA Yvon Villarceau,Reformer,Eve Lacroix,0,0,False,disponible,2026-10-07 03:00
65748,2026-10-13,Mardi,21:00,21:50,DNA Yvon Villarceau,Lagree,Calista Ruat,0,0,False,disponible,2026-10-07 03:00
31053,2026-10-14,Mercredi,07:00,07:50,DNA Yvon Villarceau,Lagree,Kim Sarfati,0,0,False,inconnu,2026-10-07 03:00
18113,2026-10-14,Mercredi,08:00,08:50,DNA Yvon Villarceau,Reformer,Rebecca Raccah,0,0,False,disponible,2026-10-07 03:00
31551,2026-10-14,Mercredi,08:00,08:50,DNA Yvon Villarceau,Lagree,Leann Mroueh (Suppléant),0,0,False,disponible,2026-10-07 03:00
59990,2026-10-14,Mercredi,08:30,09:20,DNA Victor Hugo,Reformer,Charlie DMC,0,0,False,disponible,2026-10-07 03:00
65544,2026-10-14,Mercredi,08:30,09:20,DNA Victor Hugo,Lagree,Yasmine Khoulalene,0,0,False,disponible,2026-10-07 03:00
18321,2026-10-14,Mercredi,09:00,09:50,DNA Yvon Villarceau,Reformer,Rebecca Raccah,0,0,False,disponible,2026-10-07 03:00
31760,2026-10-14,Mercredi,09:00,09:50,DNA Yvon Villarceau,Lagree,Leann Mroueh (Suppléant),0,0,False,disponible,2026-10-07 03:00
60042,2026-10-14,Mercredi,09:30,10:20,DNA Victor Hugo,Reformer,Charlie DMC,0,0,False,disponible,2026-10-07 03:00
65570,2026-10-14,Mercredi,09:30,10:20,DNA Victor Hugo,Lagree,Yasmine Khoulalene,0,0,False,disponible,2026-10-07 03:00
27900,2026-10-14,Mercredi,10:00,10:50,DNA Yvon Villarceau,Reformer,Rebecca Raccah,0,0,False,disponible,2026-10-07 03:00
42482,2026-10-14,Mercredi,10:00,10:50,DNA Yvon Villarceau,Lagree,Leann Mroueh (Suppléant),0,0,False,disponible,2026-10-07 03:00
60094,2026-10-14,Mercredi,10:30,11:20,DNA Victor Hugo,Reformer,Charlie DMC,0,0,False,disponible,2026-10-07 03:00
65596,2026-10-14,Mercredi,10:30,11:20,DNA Victor Hugo,Lagree,Yasmine Khoulalene,0,0,False,disponible,2026-10-07 03:00
27692,2026-10-14,Mercredi,11:00,11:50,DNA Yvon Villarceau,Reformer,Rebecca Raccah,0,0,False,disponible,2026-10-07 03:00
43106,2026-10-14,Mercredi,11:00,11:50,DNA Yvon Villarceau,Lagree,Leann Mroueh (Suppléant),0,0,False,disponible,2026-10-07 03:00
52354,2026-10-14,Mercredi,11:30,12:15,DNA Victor Hugo,Lagree,Celia Almeida,0,0,False,disponible,2026-10-07 03:00
63572,2026-10-14,Mercredi,11:30,12:20,DNA Victor Hugo,Reformer,Charlie DMC,0,0,False,disponible,2026-10-07 03:00
27484,2026-10-14,Mercredi,12:00,12:50,DNA Yvon Villarceau,Reformer,Rebecca Raccah,0,0,False,disponible,2026-10-07 03:00
43314,2026-10-14,Mercredi,12:00,12:50,DNA Yvon Villarceau,Lagree,Leann Mroueh (Suppléant),0,0,False,disponible,2026-10-07 03:00
59920,2026-10-14,Mercredi,12:30,13:15,DNA Victor Hugo,Lagree,Celia Almeida,0,0,False,disponible,2026-10-07 03:00
60146,2026-10-14,Mercredi,12:30,13:20,DNA Victor Hugo,Reformer,Charlie DMC,0,0,False,disponible,2026-10-07 03:00
27276,2026-10-14,Mercredi,13:00,13:50,DNA Yvon Villarceau,Reformer,Rebecca Raccah,0,0,False,disponible,2026-10-07 03:00
43522,2026-10-14,Mercredi,13:00,13:50,DNA Yvon Villarceau,Lagree,isis Magnin,0,0,False,disponible,2026-10-07 03:00
59955,2026-10-14,Mercredi,13:30,14:15,DNA Victor Hugo,Lagree,Celia Almeida,0,0,False,disponible,2026-10-07 03:00
33093,2026-10-14,Mercredi,14:00,14:50,DNA Yvon Villarceau,Lagree,isis Magnin,0,0,False,disponible,2026-10-07 03:00
49071,2026-10-14,Mercredi,14:30,15:15,DNA Victor Hugo,Lagree,Celia Almeida,0,0,False,disponible,2026-10-07 03:00
64734,2026-10-14,Mercredi,14:30,15:20,DNA Victor Hugo,Reformer,Olivia Lamarre Reyner,0,0,False,disponible,2026-10-07 03:00
33406,2026-10-14,Mercredi,15:00,15:50,DNA Yvon Villarceau,Lagree,isis Magnin,0,0,False,disponible,2026-10-07 03:00
64786,2026-10-14,Mercredi,15:30,16:20,DNA Victor Hugo,Reformer,Olivia Lamarre Reyner,0,0,False,disponible,2026-10-07 03:00
15611,2026-10-14,Mercredi,17:00,17:50,DNA Yvon Villarceau,Reformer,Charlie DMC,0,0,False,disponible,2026-10-07 03:00
53554,2026-10-14,Mercredi,17:00,17:50,DNA Yvon Villarceau,Lagree,Celia Almeida (Suppléant),0,0,False,disponible,2026-10-07 03:00
49177,2026-10-14,Mercredi,17:30,18:15,DNA Victor Hugo,Lagree,Catrin Karlson English class,0,0,False,disponible,2026-10-07 03:00
64102,2026-10-14,Mercredi,17:30,18:20,DNA Victor Hugo,Reformer,Chloe Graeffly,0,0,False,disponible,2026-10-07 03:00
51205,2026-10-14,Mercredi,18:00,18:50,DNA Yvon Villarceau,Reformer,Charlie DMC,0,0,False,disponible,2026-10-07 03:00
53751,2026-10-14,Mercredi,18:00,18:50,DNA Yvon Villarceau,Lagree,Celia Almeida (Suppléant),0,0,False,disponible,2026-10-07 03:00
49230,2026-10-14,Mercredi,18:30,19:20,DNA Victor Hugo,Lagree,Catrin Karlson English class,0,0,False,disponible,2026-10-07 03:00
64155,2026-10-14,Mercredi,18:30,19:20,DNA Victor Hugo,Reformer,Chloe Graeffly,0,0,False,disponible,2026-10-07 03:00
13319,2026-10-14,Mercredi,19:00,19:50,DNA Yvon Villarceau,Reformer,Charlie DMC,0,0,False,disponible,2026-10-07 03:00
32698,2026-10-14,Mercredi,19:00,19:50,DNA Yvon Villarceau,Lagree,Celia Almeida (Suppléant),0,0,False,disponible,2026-10-07 03:00
49283,2026-10-14,Mercredi,19:30,20:15,DNA Victor Hugo,Lagree,Catrin Karlson English class,0,0,False,disponible,2026-10-07 03:00
66236,2026-10-14,Mercredi,19:30,20:20,DNA Victor Hugo,Reformer,Chloe Graeffly,0,0,False,disponible,2026-10-07 03:00
32906,2026-10-14,Mercredi,20:00,20:50,DNA Yvon Villarceau,Lagree,Celia Almeida (Suppléant),0,0,False,disponible,2026-10-07 03:00
50987,2026-10-14,Mercredi,20:00,20:50,DNA Yvon Villarceau,Reformer,Eve Lacroix,0,0,False,disponible,2026-10-07 03:00
64261,2026-10-14,Mercredi,20:30,21:20,DNA Victor Hugo,Reformer,Chloe Graeffly,0,0,False,disponible,2026-10-07 03:00
65518,2026-10-14,Mercredi,20:30,21:20,DNA Victor Hugo,Lagree,Catrin Karlson English class,0,0,False,disponible,2026-10-07 03:00
57332,2026-10-14,Mercredi,21:00,21:50,DNA Yvon Villarceau,Reformer,Eve Lacroix,0,0,False,disponible,2026-10-07 03:00
14571,2026-10-15,Jeudi,08:00,08:50,DNA Yvon Villarceau,Reformer,Nina Claro,0,0,False,disponible,2026-10-07 03:00
36341,2026-10-15,Jeudi,08:00,08:50,DNA Yvon Villarceau,Lagree,isis Magnin,0,0,False,disponible,2026-10-07 03:00
49389,2026-10-15,Jeudi,08:30,09:15,DNA Victor Hugo,Lagree,Eve Lacroix,0,0,False,disponible,2026-10-07 03:00
60198,2026-10-15,Jeudi,08:30,09:20,DNA Victor Hugo,Reformer,Charlie DMC,0,0,False,disponible,2026-10-07 03:00
14779,2026-10-15,Jeudi,09:00,09:50,DNA Yvon Villarceau,Reformer,Nina Claro,0,0,False,disponible,2026-10-07 03:00
36549,2026-10-15,Jeudi,09:00,09:50,DNA Yvon Villarceau,Lagree,isis Magnin,0,0,False,disponible,2026-10-07 03:00
49442,2026-10-15,Jeudi,09:30,10:15,DNA Victor Hugo,Lagree,Eve Lacroix,0,0,False,disponible,2026-10-07 03:00
60250,2026-10-15,Jeudi,09:30,10:20,DNA Victor Hugo,Reformer,Charlie DMC,0,0,False,disponible,2026-10-07 03:00
22075,2026-10-15,Jeudi,10:00,10:50,DNA Yvon Villarceau,Reformer,Rebecca Raccah,0,0,False,disponible,2026-10-04 12:33
36757,2026-10-15,Jeudi,10:00,10:50,DNA Yvon Villarceau,Lagree,isis Magnin,0,0,False,disponible,2026-10-07 03:00
49495,2026-10-15,Jeudi,10:30,11:15,DNA Victor Hugo,Lagree,Leann Mroueh,0,0,False,disponible,2026-10-07 03:00
60302,2026-10-15,Jeudi,10:30,11:20,DNA Victor Hugo,Reformer,Charlie DMC,0,0,False,disponible,2026-10-07 03:00
22699,2026-10-15,Jeudi,11:00,11:50,DNA Yvon Villarceau,Reformer,Eve Lacroix (Suppléant),0,0,False,disponible,2026-10-07 03:00
41026,2026-10-15,Jeudi,11:00,11:50,DNA Yvon Villarceau,Lagree,Nina Claro,0,0,False,disponible,2026-10-07 03:00
62760,2026-10-15,Jeudi,11:30,12:15,DNA Victor Hugo,Lagree,Leann Mroueh,0,0,False,disponible,2026-10-07 03:00
63414,2026-10-15,Jeudi,11:30,12:20,DNA Victor Hugo,Reformer,Audrey Hugon,0,0,False,disponible,2026-10-07 03:00
22907,2026-10-15,Jeudi,12:00,12:50,DNA Yvon Villarceau,Reformer,Soudi Zargham,0,0,False,disponible,2026-10-07 03:00
41650,2026-10-15,Jeudi,12:00,12:50,DNA Yvon Villarceau,Lagree,Nina Claro,0,0,False,disponible,2026-10-07 03:00
49601,2026-10-15,Jeudi,12:30,13:15,DNA Victor Hugo,Lagree,Sarah Elfassy,0,0,False,disponible,2026-10-07 03:00
63467,2026-10-15,Jeudi,12:30,13:20,DNA Victor Hugo,Reformer,Audrey Hugon,0,0,False,disponible,2026-10-07 03:00
23115,2026-10-15,Jeudi,13:00,13:50,DNA Yvon Villarceau,Reformer,Soudi Zargham,0,0,False,disponible,2026-10-07 03:00
42066,2026-10-15,Jeudi,13:00,13:50,DNA Yvon Villarceau,Lagree,Nina Claro,0,0,False,disponible,2026-10-07 03:00
49654,2026-10-15,Jeudi,13:30,14:15,DNA Victor Hugo,Lagree,Sarah Elfassy,0,0,False,disponible,2026-10-07 03:00
63520,2026-10-15,Jeudi,13:30,14:20,DNA Victor Hugo,Reformer,Audrey Hugon,0,0,False,disponible,2026-10-07 03:00
10174,2026-10-15,Jeudi,14:00,14:50,DNA Yvon Villarceau,Reformer,Soudi Zargham,0,0,False,disponible,2026-10-07 03:00
65984,2026-10-15,Jeudi,14:30,15:20,DNA Victor Hugo,Reformer,Olivia Lamarre Reyner,0,0,False,disponible,2026-10-07 03:00
67475,2026-10-15,Jeudi,14:30,15:20,DNA Victor Hugo,Lagree,hafsa boughemza,0,0,False,disponible,2026-10-07 03:00
37687,2026-10-15,Jeudi,15:00,15:50,DNA Yvon Villarceau,Lagree,Sarah Elfassy,0,0,False,disponible,2026-10-07 03:00
59173,2026-10-15,Jeudi,15:00,15:50,DNA Yvon Villarceau,Reformer,Nina Claro,0,0,False,disponible,2026-10-07 03:00
66036,2026-10-15,Jeudi,15:30,16:20,DNA Victor Hugo,Reformer,Olivia Lamarre Reyner,0,0,False,disponible,2026-10-07 03:00
67527,2026-10-15,Jeudi,15:30,16:20,DNA Victor Hugo,Lagree,hafsa boughemza,0,0,False,disponible,2026-10-07 03:00
59225,2026-10-15,Jeudi,16:00,16:50,DNA Yvon Villarceau,Reformer,Nina Claro,0,0,False,disponible,2026-10-07 03:00
65465,2026-10-15,Jeudi,16:00,16:50,DNA Yvon Villarceau,Lagree,Sarah Elfassy,0,0,False,disponible,2026-10-07 03:00
66088,2026-10-15,Jeudi,16:30,17:20,DNA Victor Hugo,Reformer,Olivia Lamarre Reyner,0,0,False,disponible,2026-10-07 03:00
23323,2026-10-15,Jeudi,17:00,17:50,DNA Yvon Villarceau,Reformer,Nina Claro,0,0,False,disponible,2026-10-07 03:00
42274,2026-10-15,Jeudi,17:00,17:50,DNA Yvon Villarceau,Lagree,Calista Ruat,0,0,False,disponible,2026-10-07 03:00
49707,2026-10-15,Jeudi,17:30,18:15,DNA Victor Hugo,Lagree,Leann Mroueh,0,0,False,disponible,2026-10-07 03:00
61620,2026-10-15,Jeudi,17:30,18:20,DNA Victor Hugo,Reformer,Carla Triboul,0,0,False,disponible,2026-10-07 03:00
23531,2026-10-15,Jeudi,18:00,18:50,DNA Yvon Villarceau,Reformer,Nina Claro,0,0,False,disponible,2026-10-07 03:00
42690,2026-10-15,Jeudi,18:00,18:50,DNA Yvon Villarceau,Lagree,Calista Ruat,0,0,False,disponible,2026-10-07 03:00
49760,2026-10-15,Jeudi,18:30,19:15,DNA Victor Hugo,Lagree,Leann Mroueh,0,0,False,disponible,2026-10-07 03:00
61672,2026-10-15,Jeudi,18:30,19:20,DNA Victor Hugo,Reformer,Carla Triboul,0,0,False,disponible,2026-10-07 03:00
14987,2026-10-15,Jeudi,19:00,19:50,DNA Yvon Villarceau,Reformer,Eve Lacroix,0,0,False,disponible,2026-10-07 03:00
43730,2026-10-15,Jeudi,19:00,19:50,DNA Yvon Villarceau,Lagree,Calista Ruat,0,0,False,disponible,2026-10-07 03:00
49813,2026-10-15,Jeudi,19:30,20:15,DNA Victor Hugo,Lagree,Leann Mroueh,0,0,False,disponible,2026-10-07 03:00
61724,2026-10-15,Jeudi,19:30,20:20,DNA Victor Hugo,Reformer,Carla Triboul,0,0,False,disponible,2026-10-07 03:00
15195,2026-10-15,Jeudi,20:00,20:50,DNA Yvon Villarceau,Reformer,Eve Lacroix,0,0,False,disponible,2026-10-07 03:00
43938,2026-10-15,Jeudi,20:00,20:50,DNA Yvon Villarceau,Lagree,Calista Ruat,0,0,False,disponible,2026-10-07 03:00
49866,2026-10-15,Jeudi,20:30,21:20,DNA Victor Hugo,Lagree,Leann Mroueh,0,0,False,disponible,2026-10-07 03:00
67108,2026-10-15,Jeudi,20:30,21:20,DNA Victor Hugo,Reformer,Carla Triboul,0,0,False,disponible,2026-10-07 03:00
15392,2026-10-15,Jeudi,21:00,21:50,DNA Yvon Villarceau,Reformer,Eve Lacroix,0,0,False,disponible,2026-10-07 03:00
17280,2026-10-16,Vendredi,08:00,08:50,DNA Yvon Villarceau,Reformer,Eve Lacroix,0,0,False,disponible,2026-10-07 03:00
39570,2026-10-16,Vendredi,08:00,08:50,DNA Yvon Villarceau,Lagree,Nina Claro,0,0,False,disponible,2026-10-07 03:00
46744,2026-10-16,Vendredi,08:30,09:15,DNA Victor Hugo,Lagree,Carla Triboul (Suppléant),0,0,False,disponible,2026-10-07 03:00
61515,2026-10-16,Vendredi,08:30,09:20,DNA Victor Hugo,Reformer,Soudi Zargham,0,0,False,disponible,2026-10-07 03:00
17489,2026-10-16,Vendredi,09:00,09:50,DNA Yvon Villarceau,Reformer,Eve Lacroix,0,0,False,disponible,2026-10-07 03:00
40194,2026-10-16,Vendredi,09:00,09:50,DNA Yvon Villarceau,Lagree,Nina Claro,0,0,False,disponible,2026-10-07 03:00
46797,2026-10-16,Vendredi,09:30,10:15,DNA Victor Hugo,Lagree,Carla Triboul (Suppléant),0,0,False,disponible,2026-10-07 03:00
61568,2026-10-16,Vendredi,09:30,10:20,DNA Victor Hugo,Reformer,Soudi Zargham,0,0,False,disponible,2026-10-07 03:00
17698,2026-10-16,Vendredi,10:00,10:50,DNA Yvon Villarceau,Reformer,Eve Lacroix,0,0,False,disponible,2026-10-07 03:00
40402,2026-10-16,Vendredi,10:00,10:50,DNA Yvon Villarceau,Lagree,Nina Claro,0,0,False,disponible,2026-10-07 03:00
46850,2026-10-16,Vendredi,10:30,11:15,DNA Victor Hugo,Lagree,Carla Triboul (Suppléant),0,0,False,disponible,2026-10-07 03:00
60510,2026-10-16,Vendredi,10:30,11:20,DNA Victor Hugo,Reformer,Soudi Zargham,0,0,False,disponible,2026-10-07 03:00
21244,2026-10-16,Vendredi,11:00,11:50,DNA Yvon Villarceau,Reformer,Eve Lacroix,0,0,False,disponible,2026-10-07 03:00
37267,2026-10-16,Vendredi,11:00,11:50,DNA Yvon Villarceau,Lagree,Nina Claro,0,0,False,disponible,2026-10-07 03:00
46903,2026-10-16,Vendredi,11:30,12:15,DNA Victor Hugo,Lagree,Carla Triboul,0,0,False,disponible,2026-10-07 03:00
63152,2026-10-16,Vendredi,11:30,12:20,DNA Victor Hugo,Reformer,Leann Mroueh,0,0,False,disponible,2026-10-07 03:00
21451,2026-10-16,Vendredi,12:00,12:50,DNA Yvon Villarceau,Reformer,Eve Lacroix,0,0,False,disponible,2026-10-07 03:00
40610,2026-10-16,Vendredi,12:00,12:50,DNA Yvon Villarceau,Lagree,Nina Claro,0,0,False,disponible,2026-10-07 03:00
46956,2026-10-16,Vendredi,12:30,13:15,DNA Victor Hugo,Lagree,Carla Triboul,0,0,False,disponible,2026-10-07 03:00
63204,2026-10-16,Vendredi,12:30,13:20,DNA Victor Hugo,Reformer,Leann Mroueh,0,0,False,disponible,2026-10-07 03:00
21659,2026-10-16,Vendredi,13:00,13:50,DNA Yvon Villarceau,Reformer,Eve Lacroix,0,0,False,disponible,2026-10-07 03:00
40818,2026-10-16,Vendredi,13:00,13:50,DNA Yvon Villarceau,Lagree,Nina Claro,0,0,False,disponible,2026-10-07 03:00
60616,2026-10-16,Vendredi,13:30,14:20,DNA Victor Hugo,Reformer,Leann Mroueh,0,0,False,disponible,2026-10-07 03:00
66945,2026-10-16,Vendredi,13:30,14:20,DNA Victor Hugo,Lagree,Carla Triboul,0,0,False,disponible,2026-10-07 03:00
66140,2026-10-16,Vendredi,16:30,17:20,DNA Victor Hugo,Lagree,Celia Almeida,0,0,False,disponible,2026-10-07 03:00
67161,2026-10-16,Vendredi,16:30,17:20,DNA Victor Hugo,Reformer,Yasmine Khoulalene,0,0,False,disponible,2026-10-07 03:00
21867,2026-10-16,Vendredi,17:00,17:50,DNA Yvon Villarceau,Reformer,Audrey Hugon,0,0,False,disponible,2026-10-07 03:00
60881,2026-10-16,Vendredi,17:30,18:20,DNA Victor Hugo,Reformer,Yasmine Khoulalene,0,0,False,disponible,2026-10-07 03:00
66193,2026-10-16,Vendredi,17:30,18:20,DNA Victor Hugo,Lagree,Celia Almeida,0,0,False,disponible,2026-10-07 03:00
22283,2026-10-16,Vendredi,18:00,18:50,DNA Yvon Villarceau,Reformer,Audrey Hugon,0,0,False,disponible,2026-10-07 03:00
65154,2026-10-16,Vendredi,18:00,18:50,DNA Yvon Villarceau,Lagree,Calista Ruat,0,0,False,disponible,2026-10-07 03:00
47115,2026-10-16,Vendredi,18:30,19:15,DNA Victor Hugo,Lagree,Celia Almeida,0,0,False,disponible,2026-10-07 03:00
60722,2026-10-16,Vendredi,18:30,19:20,DNA Victor Hugo,Reformer,Olivia Lamarre Reyner,0,0,False,disponible,2026-10-07 03:00
22491,2026-10-16,Vendredi,19:00,19:50,DNA Yvon Villarceau,Reformer,Audrey Hugon,0,0,False,disponible,2026-10-07 03:00
65311,2026-10-16,Vendredi,19:00,19:50,DNA Yvon Villarceau,Lagree,Calista Ruat,0,0,False,disponible,2026-10-07 03:00
47168,2026-10-16,Vendredi,19:30,20:15,DNA Victor Hugo,Lagree,Celia Almeida,0,0,False,disponible,2026-10-07 03:00
63360,2026-10-16,Vendredi,19:30,20:20,DNA Victor Hugo,Reformer,Olivia Lamarre Reyner,0,0,False,disponible,2026-10-07 03:00
52912,2026-10-16,Vendredi,20:00,20:50,DNA Yvon Villarceau,Reformer,Audrey Hugon,0,0,False,disponible,2026-10-07 03:00
62973,2026-10-16,Vendredi,20:00,20:50,DNA Yvon Villarceau,Lagree,Calista Ruat,0,0,False,disponible,2026-10-07 03:00
64838,2026-10-16,Vendredi,21:00,21:50,DNA Yvon Villarceau,Reformer,Eve Lacroix,0,0,False,inconnu,2026-10-07 03:00
46018,2026-10-17,Samedi,08:00,09:00,DNA Yvon Villarceau,Lagree,Alice Amat,0,0,False,inconnu,2026-10-07 03:00
12071,2026-10-17,Samedi,09:00,09:50,DNA Yvon Villarceau,Reformer,Leann Mroueh,0,0,False,disponible,2026-10-07 03:00
34051,2026-10-17,Samedi,09:00,09:50,DNA Yvon Villarceau,Lagree,Vanessa Slomka,0,0,False,disponible,2026-10-07 03:00
47221,2026-10-17,Samedi,09:30,10:15,DNA Victor Hugo,Lagree,Nina Claro,0,0,False,disponible,2026-10-07 03:00
64420,2026-10-17,Samedi,09:30,10:20,DNA Victor Hugo,Reformer,Chloe Graeffly,0,0,False,disponible,2026-10-07 03:00
11022,2026-10-17,Samedi,10:00,10:50,DNA Yvon Villarceau,Reformer,Leann Mroueh,0,0,False,disponible,2026-10-07 03:00
34259,2026-10-17,Samedi,10:00,10:50,DNA Yvon Villarceau,Lagree,Vanessa Slomka,0,0,False,disponible,2026-10-07 03:00
47274,2026-10-17,Samedi,10:30,11:15,DNA Victor Hugo,Lagree,Nina Claro,0,0,False,disponible,2026-10-07 03:00
64473,2026-10-17,Samedi,10:30,11:20,DNA Victor Hugo,Reformer,Chloe Graeffly,0,0,False,disponible,2026-10-07 03:00
11232,2026-10-17,Samedi,11:00,11:50,DNA Yvon Villarceau,Reformer,Leann Mroueh,0,0,False,disponible,2026-10-07 03:00
34675,2026-10-17,Samedi,11:00,11:50,DNA Yvon Villarceau,Lagree,Vanessa Slomka,0,0,False,disponible,2026-10-07 03:00
47327,2026-10-17,Samedi,11:30,12:15,DNA Victor Hugo,Lagree,Nina Claro,0,0,False,disponible,2026-10-07 03:00
64526,2026-10-17,Samedi,11:30,12:20,DNA Victor Hugo,Reformer,Chloe Graeffly,0,0,False,disponible,2026-10-07 03:00
10812,2026-10-17,Samedi,12:00,12:50,DNA Yvon Villarceau,Reformer,Lucrezia Amerio,0,0,False,disponible,2026-10-04 12:33
35089,2026-10-17,Samedi,12:00,12:50,DNA Yvon Villarceau,Lagree,Vanessa Slomka,0,0,False,disponible,2026-10-07 03:00
47380,2026-10-17,Samedi,12:30,13:15,DNA Victor Hugo,Lagree,Catrin Karlson English class,0,0,False,disponible,2026-10-07 03:00
64891,2026-10-17,Samedi,12:30,13:20,DNA Victor Hugo,Reformer,Chloe Graeffly,0,0,False,disponible,2026-10-07 03:00
11442,2026-10-17,Samedi,13:00,13:50,DNA Yvon Villarceau,Reformer,Carla Triboul (Suppléant),0,0,False,disponible,2026-10-07 03:00
32106,2026-10-17,Samedi,13:00,13:50,DNA Yvon Villarceau,Lagree,Vanessa Slomka,0,0,False,disponible,2026-10-07 03:00
47433,2026-10-17,Samedi,13:30,14:15,DNA Victor Hugo,Lagree,Catrin Karlson English class,0,0,False,disponible,2026-10-07 03:00
64579,2026-10-17,Samedi,13:30,14:20,DNA Victor Hugo,Reformer,Chloe Graeffly,0,0,False,disponible,2026-10-07 03:00
16225,2026-10-17,Samedi,14:00,14:50,DNA Yvon Villarceau,Reformer,Nina Claro,0,0,False,disponible,2026-10-07 03:00
29216,2026-10-17,Samedi,14:00,14:50,DNA Yvon Villarceau,Lagree,Carla Triboul (Suppléant),0,0,False,disponible,2026-10-07 03:00
47486,2026-10-17,Samedi,14:30,15:15,DNA Victor Hugo,Lagree,Catrin Karlson English class,0,0,False,disponible,2026-10-07 03:00
63626,2026-10-17,Samedi,14:30,15:20,DNA Victor Hugo,Reformer,Olivia Lamarre Reyner,0,0,False,disponible,2026-10-07 03:00
16433,2026-10-17,Samedi,15:00,15:50,DNA Yvon Villarceau,Reformer,Nina Claro,0,0,False,disponible,2026-10-07 03:00
29372,2026-10-17,Samedi,15:00,15:50,DNA Yvon Villarceau,Lagree,Carla Triboul (Suppléant),0,0,False,disponible,2026-10-07 03:00
63679,2026-10-17,Samedi,15:30,16:20,DNA Victor Hugo,Reformer,Olivia Lamarre Reyner,0,0,False,disponible,2026-10-07 03:00
20621,2026-10-17,Samedi,16:00,16:50,DNA Yvon Villarceau,Reformer,Nina Claro,0,0,False,inconnu,2026-10-07 03:00
30658,2026-10-17,Samedi,16:00,16:50,DNA Yvon Villarceau,Lagree,Celia Almeida,0,0,False,disponible,2026-10-07 03:00
64944,2026-10-17,Samedi,16:30,17:20,DNA Victor Hugo,Reformer,Lucrezia Amerio,0,0,False,disponible,2026-10-07 03:00
65802,2026-10-17,Samedi,16:30,17:20,DNA Victor Hugo,Lagree,Carla Triboul,0,0,False,disponible,2026-10-07 03:00
11863,2026-10-17,Samedi,17:00,17:50,DNA Yvon Villarceau,Reformer,Olivia Lamarre Reyner,0,0,False,disponible,2026-10-07 03:00
29881,2026-10-17,Samedi,17:00,17:50,DNA Yvon Villarceau,Lagree,Celia Almeida,0,0,False,disponible,2026-10-07 03:00
52459,2026-10-17,Samedi,17:30,18:15,DNA Victor Hugo,Lagree,Carla Triboul,0,0,False,disponible,2026-10-07 03:00
64997,2026-10-17,Samedi,17:30,18:20,DNA Victor Hugo,Reformer,Lucrezia Amerio,0,0,False,disponible,2026-10-07 03:00
12279,2026-10-17,Samedi,18:00,18:50,DNA Yvon Villarceau,Reformer,Olivia Lamarre Reyner,0,0,False,disponible,2026-10-07 03:00
30090,2026-10-17,Samedi,18:00,18:50,DNA Yvon Villarceau,Lagree,Celia Almeida,0,0,False,disponible,2026-10-07 03:00
52511,2026-10-17,Samedi,18:30,19:15,DNA Victor Hugo,Lagree,Carla Triboul,0,0,False,disponible,2026-10-07 03:00
65050,2026-10-17,Samedi,18:30,19:20,DNA Victor Hugo,Reformer,Lucrezia Amerio,0,0,False,disponible,2026-10-07 03:00
12487,2026-10-17,Samedi,19:00,19:50,DNA Yvon Villarceau,Reformer,Olivia Lamarre Reyner,0,0,False,disponible,2026-10-07 03:00
30455,2026-10-17,Samedi,19:00,19:50,DNA Yvon Villarceau,Lagree,Celia Almeida,0,0,False,disponible,2026-10-07 03:00
52563,2026-10-17,Samedi,19:30,20:15,DNA Victor Hugo,Lagree,Carla Triboul,0,0,False,disponible,2026-10-07 03:00
65103,2026-10-17,Samedi,19:30,20:20,DNA Victor Hugo,Reformer,Lucrezia Amerio,0,0,False,disponible,2026-10-07 03:00
38322,2026-10-18,Dimanche,09:00,09:50,DNA Yvon Villarceau,Lagree,Nina Claro,0,0,False,disponible,2026-10-07 03:00
46228,2026-10-18,Dimanche,09:00,09:50,DNA Yvon Villarceau,Reformer,Eve Lacroix,0,0,False,disponible,2026-10-07 03:00
47539,2026-10-18,Dimanche,09:30,10:15,DNA Victor Hugo,Lagree,Yasmine Khoulalene (Suppléant),0,0,False,disponible,2026-10-07 03:00
63732,2026-10-18,Dimanche,09:30,10:20,DNA Victor Hugo,Reformer,Audrey Hugon,0,0,False,disponible,2026-10-07 03:00
19364,2026-10-18,Dimanche,10:00,10:50,DNA Yvon Villarceau,Reformer,Eve Lacroix,0,0,False,disponible,2026-10-07 03:00
38530,2026-10-18,Dimanche,10:00,10:50,DNA Yvon Villarceau,Lagree,Nina Claro,0,0,False,disponible,2026-10-07 03:00
47592,2026-10-18,Dimanche,10:30,11:15,DNA Victor Hugo,Lagree,Yasmine Khoulalene (Suppléant),0,0,False,disponible,2026-10-07 03:00
63785,2026-10-18,Dimanche,10:30,11:20,DNA Victor Hugo,Reformer,Audrey Hugon,0,0,False,disponible,2026-10-07 03:00
19573,2026-10-18,Dimanche,11:00,11:50,DNA Yvon Villarceau,Reformer,Eve Lacroix,0,0,False,disponible,2026-10-07 03:00
38738,2026-10-18,Dimanche,11:00,11:50,DNA Yvon Villarceau,Lagree,Nina Claro,0,0,False,disponible,2026-10-07 03:00
47645,2026-10-18,Dimanche,11:30,12:15,DNA Victor Hugo,Lagree,Yasmine Khoulalene (Suppléant),0,0,False,disponible,2026-10-07 03:00
63838,2026-10-18,Dimanche,11:30,12:20,DNA Victor Hugo,Reformer,Audrey Hugon,0,0,False,disponible,2026-10-07 03:00
19782,2026-10-18,Dimanche,12:00,12:50,DNA Yvon Villarceau,Reformer,Eve Lacroix,0,0,False,disponible,2026-10-07 03:00
38946,2026-10-18,Dimanche,12:00,12:50,DNA Yvon Villarceau,Lagree,Nina Claro,0,0,False,disponible,2026-10-07 03:00
63891,2026-10-18,Dimanche,12:30,13:20,DNA Victor Hugo,Reformer,Audrey Hugon,0,0,False,disponible,2026-10-07 03:00
17900,2026-10-18,Dimanche,13:00,13:50,DNA Yvon Villarceau,Reformer,Eve Lacroix,0,0,False,disponible,2026-10-07 03:00
39154,2026-10-18,Dimanche,13:00,13:50,DNA Yvon Villarceau,Lagree,Nina Claro,0,0,False,disponible,2026-10-07 03:00
47751,2026-10-18,Dimanche,13:30,14:15,DNA Victor Hugo,Lagree,Julia Tapiro,0,0,False,disponible,2026-10-07 03:00
33250,2026-10-18,Dimanche,14:00,14:50,DNA Yvon Villarceau,Lagree,Nina Claro,0,0,False,disponible,2026-10-07 03:00
56117,2026-10-18,Dimanche,14:00,14:50,DNA Yvon Villarceau,Reformer,Eve Lacroix,0,0,False,disponible,2026-10-07 03:00
47804,2026-10-18,Dimanche,14:30,15:15,DNA Victor Hugo,Lagree,Julia Tapiro,0,0,False,disponible,2026-10-07 03:00
67214,2026-10-18,Dimanche,14:30,15:20,DNA Victor Hugo,Reformer,Lucrezia Amerio,0,0,False,disponible,2026-10-07 03:00
16015,2026-10-18,Dimanche,15:00,15:50,DNA Yvon Villarceau,Reformer,Olivia Lamarre Reyner,0,0,False,disponible,2026-10-07 03:00
47857,2026-10-18,Dimanche,15:30,16:15,DNA Victor Hugo,Lagree,Julia Tapiro,0,0,False,disponible,2026-10-07 03:00
67267,2026-10-18,Dimanche,15:30,16:20,DNA Victor Hugo,Reformer,Lucrezia Amerio,0,0,False,disponible,2026-10-07 03:00
24361,2026-10-18,Dimanche,16:00,16:50,DNA Yvon Villarceau,Reformer,Olivia Lamarre Reyner,0,0,False,disponible,2026-10-07 03:00
37898,2026-10-18,Dimanche,16:00,16:50,DNA Yvon Villarceau,Lagree,Catrin Karlson English class,0,0,False,disponible,2026-10-07 03:00
67320,2026-10-18,Dimanche,16:30,17:20,DNA Victor Hugo,Reformer,Lucrezia Amerio,0,0,False,disponible,2026-10-07 03:00
67900,2026-10-18,Dimanche,16:30,17:20,DNA Victor Hugo,Lagree,Olympe Acquier,0,0,False,disponible,2026-10-07 03:00
19990,2026-10-18,Dimanche,17:00,17:50,DNA Yvon Villarceau,Reformer,Olivia Lamarre Reyner,0,0,False,disponible,2026-10-07 03:00
39362,2026-10-18,Dimanche,17:00,17:50,DNA Yvon Villarceau,Lagree,Catrin Karlson English class,0,0,False,disponible,2026-10-07 03:00
64315,2026-10-18,Dimanche,17:30,18:20,DNA Victor Hugo,Reformer,Chloe Graeffly,0,0,False,disponible,2026-10-07 03:00
68012,2026-10-18,Dimanche,17:30,18:20,DNA Victor Hugo,Lagree,Olympe Acquier,0,0,False,disponible,2026-10-07 03:00
39778,2026-10-18,Dimanche,18:00,18:50,DNA Yvon Villarceau,Lagree,Catrin Karlson English class,0,0,False,disponible,2026-10-07 03:00
59740,2026-10-18,Dimanche,18:00,18:50,DNA Yvon Villarceau,Reformer,Marie De Saint Simon,0,0,False,disponible,2026-10-07 03:00
52615,2026-10-18,Dimanche,18:30,19:15,DNA Victor Hugo,Lagree,Hala Takkiedine,0,0,False,disponible,2026-10-07 03:00
64368,2026-10-18,Dimanche,18:30,19:20,DNA Victor Hugo,Reformer,Chloe Graeffly,0,0,False,disponible,2026-10-07 03:00
20408,2026-10-18,Dimanche,19:00,19:50,DNA Yvon Villarceau,Reformer,Marie De Saint Simon,0,0,False,disponible,2026-10-07 03:00
39986,2026-10-18,Dimanche,19:00,19:50,DNA Yvon Villarceau,Lagree,Catrin Karlson English class,0,0,False,disponible,2026-10-07 03:00
52667,2026-10-18,Dimanche,19:30,20:15,DNA Victor Hugo,Lagree,Hala Takkiedine,0,0,False,disponible,2026-10-07 03:00
68063,2026-10-18,Dimanche,19:30,20:20,DNA Victor Hugo,Reformer,Chloe Graeffly,0,0,False,disponible,2026-10-07 03:00
18530,2026-10-19,Lundi,08:00,08:50,DNA Yvon Villarceau,Reformer,Rebecca Raccah,0,0,False,disponible,2026-10-07 03:00
35920,2026-10-19,Lundi,08:00,08:50,DNA Yvon Villarceau,Lagree,Ela Anastasia,0,0,False,disponible,2026-10-07 03:00
61091,2026-10-19,Lundi,08:30,09:20,DNA Victor Hugo,Reformer,Nina Claro,0,0,False,disponible,2026-10-07 03:00
66465,2026-10-19,Lundi,08:30,09:20,DNA Victor Hugo,Lagree,Carla Triboul,0,0,False,disponible,2026-10-07 03:00
25405,2026-10-19,Lundi,09:00,09:50,DNA Yvon Villarceau,Reformer,Rebecca Raccah,0,0,False,disponible,2026-10-07 03:00
36129,2026-10-19,Lundi,09:00,09:50,DNA Yvon Villarceau,Lagree,Ela Anastasia,0,0,False,disponible,2026-10-07 03:00
61144,2026-10-19,Lundi,09:30,10:20,DNA Victor Hugo,Reformer,Nina Claro,0,0,False,disponible,2026-10-07 03:00
66625,2026-10-19,Lundi,09:30,10:20,DNA Victor Hugo,Lagree,Carla Triboul,0,0,False,disponible,2026-10-07 03:00
25197,2026-10-19,Lundi,10:00,10:50,DNA Yvon Villarceau,Reformer,Rebecca Raccah,0,0,False,disponible,2026-10-07 03:00
44979,2026-10-19,Lundi,10:00,10:50,DNA Yvon Villarceau,Lagree,Ela Anastasia,0,0,False,disponible,2026-10-07 03:00
61197,2026-10-19,Lundi,10:30,11:20,DNA Victor Hugo,Reformer,Nina Claro,0,0,False,disponible,2026-10-07 03:00
66785,2026-10-19,Lundi,10:30,11:20,DNA Victor Hugo,Lagree,Carla Triboul,0,0,False,disponible,2026-10-07 03:00
24989,2026-10-19,Lundi,11:00,11:50,DNA Yvon Villarceau,Reformer,Rebecca Raccah,0,0,False,disponible,2026-10-07 03:00
34468,2026-10-19,Lundi,11:00,11:50,DNA Yvon Villarceau,Lagree,Ela Anastasia,0,0,False,disponible,2026-10-07 03:00
46639,2026-10-19,Lundi,11:30,12:15,DNA Victor Hugo,Lagree,Sarah Elfassy,0,0,False,disponible,2026-10-07 03:00
61250,2026-10-19,Lundi,11:30,12:20,DNA Victor Hugo,Reformer,Nina Claro,0,0,False,disponible,2026-10-07 03:00
18738,2026-10-19,Lundi,12:00,12:50,DNA Yvon Villarceau,Reformer,Charlie DMC,0,0,False,disponible,2026-10-07 03:00
51761,2026-10-19,Lundi,12:00,12:50,DNA Yvon Villarceau,Lagree,Catrin Karlson English class,0,0,False,disponible,2026-10-07 03:00
46692,2026-10-19,Lundi,12:30,13:15,DNA Victor Hugo,Lagree,Sarah Elfassy,0,0,False,disponible,2026-10-07 03:00
61303,2026-10-19,Lundi,12:30,13:20,DNA Victor Hugo,Reformer,Nina Claro,0,0,False,disponible,2026-10-07 03:00
18946,2026-10-19,Lundi,13:00,13:50,DNA Yvon Villarceau,Reformer,Charlie DMC,0,0,False,disponible,2026-10-07 03:00
35716,2026-10-19,Lundi,13:00,13:50,DNA Yvon Villarceau,Lagree,Catrin Karlson English class,0,0,False,disponible,2026-10-07 03:00
61356,2026-10-19,Lundi,13:30,14:20,DNA Victor Hugo,Reformer,Nina Claro,0,0,False,disponible,2026-10-07 03:00
62021,2026-10-19,Lundi,13:30,14:20,DNA Victor Hugo,Lagree,Sarah Elfassy,0,0,False,disponible,2026-10-07 03:00
37106,2026-10-19,Lundi,14:00,14:50,DNA Yvon Villarceau,Lagree,Catrin Karlson English class,0,0,False,disponible,2026-10-07 03:00
56273,2026-10-19,Lundi,14:00,14:50,DNA Yvon Villarceau,Reformer,Charlie DMC,0,0,False,disponible,2026-10-07 03:00
62249,2026-10-19,Lundi,14:30,15:20,DNA Victor Hugo,Reformer,Sarah Elfassy,0,0,False,disponible,2026-10-07 03:00
33720,2026-10-19,Lundi,15:00,15:50,DNA Yvon Villarceau,Lagree,Ela Anastasia,0,0,False,disponible,2026-10-07 03:00
55493,2026-10-19,Lundi,15:30,16:20,DNA Victor Hugo,Reformer,Sarah Elfassy,0,0,False,disponible,2026-10-07 03:00
31948,2026-10-19,Lundi,16:00,16:50,DNA Yvon Villarceau,Lagree,Ela Anastasia,0,0,False,disponible,2026-10-07 03:00
68115,2026-10-19,Lundi,16:00,16:50,DNA Yvon Villarceau,Reformer,Charlie DMC,0,0,False,disponible,2026-10-07 03:00
27069,2026-10-19,Lundi,17:00,17:50,DNA Yvon Villarceau,Reformer,Charlie DMC,0,0,False,disponible,2026-10-07 03:00
45187,2026-10-19,Lundi,17:00,17:50,DNA Yvon Villarceau,Lagree,Calista Ruat,0,0,False,disponible,2026-10-07 03:00
47964,2026-10-19,Lundi,17:30,18:15,DNA Victor Hugo,Lagree,Catrin Karlson English class,0,0,False,disponible,2026-10-07 03:00
61777,2026-10-19,Lundi,17:30,18:20,DNA Victor Hugo,Reformer,Rebecca Raccah,0,0,False,disponible,2026-10-07 03:00
26861,2026-10-19,Lundi,18:00,18:50,DNA Yvon Villarceau,Reformer,Charlie DMC,0,0,False,disponible,2026-10-07 03:00
45395,2026-10-19,Lundi,18:00,18:50,DNA Yvon Villarceau,Lagree,Calista Ruat,0,0,False,disponible,2026-10-07 03:00
48016,2026-10-19,Lundi,18:30,19:15,DNA Victor Hugo,Lagree,Catrin Karlson English class,0,0,False,disponible,2026-10-07 03:00
61830,2026-10-19,Lundi,18:30,19:20,DNA Victor Hugo,Reformer,Rebecca Raccah,0,0,False,disponible,2026-10-07 03:00
24781,2026-10-19,Lundi,19:00,19:50,DNA Yvon Villarceau,Reformer,Marie De Saint Simon,0,0,False,disponible,2026-10-07 03:00
45811,2026-10-19,Lundi,19:00,19:50,DNA Yvon Villarceau,Lagree,Calista Ruat,0,0,False,disponible,2026-10-07 03:00
48068,2026-10-19,Lundi,19:30,20:15,DNA Victor Hugo,Lagree,Catrin Karlson English class,0,0,False,disponible,2026-10-07 03:00
61936,2026-10-19,Lundi,19:30,20:20,DNA Victor Hugo,Reformer,Rebecca Raccah,0,0,False,disponible,2026-10-07 03:00
24573,2026-10-19,Lundi,20:00,20:50,DNA Yvon Villarceau,Reformer,Marie De Saint Simon,0,0,False,disponible,2026-10-07 03:00
45603,2026-10-19,Lundi,20:00,20:50,DNA Yvon Villarceau,Lagree,Calista Ruat,0,0,False,disponible,2026-10-07 03:00
48120,2026-10-19,Lundi,20:30,21:15,DNA Victor Hugo,Lagree,Catrin Karlson English class,0,0,False,disponible,2026-10-07 03:00
59588,2026-10-19,Lundi,21:00,21:50,DNA Yvon Villarceau,Reformer,Marie De Saint Simon,0,0,False,disponible,2026-10-07 03:00
28109,2026-10-20,Mardi,08:00,08:50,DNA Yvon Villarceau,Lagree,Celia Almeida,0,0,False,disponible,2026-10-07 03:00
50396,2026-10-20,Mardi,08:00,08:50,DNA Yvon Villarceau,Reformer,Charlie DMC,0,0,False,disponible,2026-10-07 03:00
62443,2026-10-20,Mardi,08:30,09:20,DNA Victor Hugo,Reformer,Nina Claro,0,0,False,disponible,2026-10-07 03:00
65623,2026-10-20,Mardi,08:30,09:20,DNA Victor Hugo,Lagree,Yasmine Khoulalene,0,0,False,disponible,2026-10-07 03:00
28317,2026-10-20,Mardi,09:00,09:50,DNA Yvon Villarceau,Lagree,Celia Almeida,0,0,False,disponible,2026-10-07 03:00
50593,2026-10-20,Mardi,09:00,09:50,DNA Yvon Villarceau,Reformer,Charlie DMC,0,0,False,disponible,2026-10-07 03:00
62496,2026-10-20,Mardi,09:30,10:20,DNA Victor Hugo,Reformer,Nina Claro,0,0,False,disponible,2026-10-07 03:00
67054,2026-10-20,Mardi,09:30,10:20,DNA Victor Hugo,Lagree,Yasmine Khoulalene,0,0,False,disponible,2026-10-07 03:00
28525,2026-10-20,Mardi,10:00,10:50,DNA Yvon Villarceau,Lagree,Celia Almeida,0,0,False,disponible,2026-10-07 03:00
50790,2026-10-20,Mardi,10:00,10:50,DNA Yvon Villarceau,Reformer,Charlie DMC,0,0,False,disponible,2026-10-07 03:00
62549,2026-10-20,Mardi,10:30,11:20,DNA Victor Hugo,Reformer,Nina Claro,0,0,False,disponible,2026-10-07 03:00
67066,2026-10-20,Mardi,10:30,11:15,DNA Victor Hugo,Lagree,Yasmine Khoulalene,0,0,False,disponible,2026-10-07 03:00
26237,2026-10-20,Mardi,11:00,11:50,DNA Yvon Villarceau,Reformer,Soudi Zargham,0,0,False,disponible,2026-10-07 03:00
28733,2026-10-20,Mardi,11:00,11:50,DNA Yvon Villarceau,Lagree,isis Magnin,0,0,False,disponible,2026-10-07 03:00
48330,2026-10-20,Mardi,11:30,12:15,DNA Victor Hugo,Lagree,hafsa boughemza,0,0,False,disponible,2026-10-07 03:00
62602,2026-10-20,Mardi,11:30,12:20,DNA Victor Hugo,Reformer,Nina Claro,0,0,False,disponible,2026-10-07 03:00
26029,2026-10-20,Mardi,12:00,12:50,DNA Yvon Villarceau,Reformer,Soudi Zargham,0,0,False,disponible,2026-10-07 03:00
44147,2026-10-20,Mardi,12:00,12:50,DNA Yvon Villarceau,Lagree,isis Magnin,0,0,False,disponible,2026-10-07 03:00
62655,2026-10-20,Mardi,12:30,13:20,DNA Victor Hugo,Reformer,Nina Claro,0,0,False,disponible,2026-10-07 03:00
67079,2026-10-20,Mardi,12:30,13:15,DNA Victor Hugo,Lagree,hafsa boughemza,0,0,False,disponible,2026-10-07 03:00
25821,2026-10-20,Mardi,13:00,13:50,DNA Yvon Villarceau,Reformer,Soudi Zargham,0,0,False,disponible,2026-10-07 03:00
44355,2026-10-20,Mardi,13:00,13:50,DNA Yvon Villarceau,Lagree,isis Magnin,0,0,False,disponible,2026-10-07 03:00
66271,2026-10-20,Mardi,13:30,14:20,DNA Victor Hugo,Reformer,Nina Claro,0,0,False,disponible,2026-10-07 03:00
67737,2026-10-20,Mardi,13:30,14:20,DNA Victor Hugo,Lagree,hafsa boughemza,0,0,False,disponible,2026-10-07 03:00
36949,2026-10-20,Mardi,14:00,14:50,DNA Yvon Villarceau,Lagree,isis Magnin,0,0,False,disponible,2026-10-07 03:00
65826,2026-10-20,Mardi,14:30,15:20,DNA Victor Hugo,Reformer,Olivia Lamarre Reyner,0,0,False,disponible,2026-10-07 03:00
67370,2026-10-20,Mardi,14:30,15:20,DNA Victor Hugo,Lagree,hafsa boughemza,0,0,False,disponible,2026-10-07 03:00
65879,2026-10-20,Mardi,15:30,16:20,DNA Victor Hugo,Reformer,Olivia Lamarre Reyner,0,0,False,disponible,2026-10-07 03:00
67423,2026-10-20,Mardi,15:30,16:20,DNA Victor Hugo,Lagree,hafsa boughemza,0,0,False,disponible,2026-10-07 03:00
57062,2026-10-20,Mardi,16:00,16:50,DNA Yvon Villarceau,Reformer,Charlie DMC,0,0,False,disponible,2026-10-07 03:00
65932,2026-10-20,Mardi,16:30,17:20,DNA Victor Hugo,Reformer,Olivia Lamarre Reyner,0,0,False,disponible,2026-10-07 03:00
12696,2026-10-20,Mardi,17:00,17:50,DNA Yvon Villarceau,Reformer,Charlie DMC,0,0,False,disponible,2026-10-07 03:00
52157,2026-10-20,Mardi,17:00,17:50,DNA Yvon Villarceau,Lagree,isis Magnin,0,0,False,disponible,2026-10-07 03:00
54886,2026-10-20,Mardi,17:30,18:15,DNA Victor Hugo,Lagree,Leann Mroueh,0,0,False,disponible,2026-10-07 03:00
66304,2026-10-20,Mardi,17:30,18:20,DNA Victor Hugo,Reformer,Carla Triboul,0,0,False,disponible,2026-10-07 03:00
12904,2026-10-20,Mardi,18:00,18:50,DNA Yvon Villarceau,Reformer,Charlie DMC,0,0,False,disponible,2026-10-07 03:00
35508,2026-10-20,Mardi,18:00,18:50,DNA Yvon Villarceau,Lagree,isis Magnin,0,0,False,disponible,2026-10-07 03:00
55038,2026-10-20,Mardi,18:30,19:15,DNA Victor Hugo,Lagree,Leann Mroueh,0,0,False,disponible,2026-10-07 03:00
63944,2026-10-20,Mardi,18:30,19:20,DNA Victor Hugo,Reformer,Carla Triboul,0,0,False,disponible,2026-10-07 03:00
13112,2026-10-20,Mardi,19:00,19:50,DNA Yvon Villarceau,Reformer,Eve Lacroix,0,0,False,disponible,2026-10-07 03:00
44563,2026-10-20,Mardi,19:00,19:50,DNA Yvon Villarceau,Lagree,Calista Ruat,0,0,False,disponible,2026-10-07 03:00
55190,2026-10-20,Mardi,19:30,20:15,DNA Victor Hugo,Lagree,Leann Mroueh,0,0,False,disponible,2026-10-07 03:00
63997,2026-10-20,Mardi,19:30,20:20,DNA Victor Hugo,Reformer,Carla Triboul,0,0,False,disponible,2026-10-07 03:00
25613,2026-10-20,Mardi,20:00,20:50,DNA Yvon Villarceau,Reformer,Eve Lacroix,0,0,False,disponible,2026-10-07 03:00
44771,2026-10-20,Mardi,20:00,20:50,DNA Yvon Villarceau,Lagree,Calista Ruat,0,0,False,disponible,2026-10-07 03:00
55342,2026-10-20,Mardi,20:30,21:15,DNA Victor Hugo,Lagree,Leann Mroueh,0,0,False,disponible,2026-10-07 03:00
64050,2026-10-20,Mardi,20:30,21:20,DNA Victor Hugo,Reformer,Carla Triboul,0,0,False,disponible,2026-10-07 03:00
59417,2026-10-20,Mardi,21:00,21:50,DNA Yvon Villarceau,Reformer,Eve Lacroix,0,0,False,disponible,2026-10-07 03:00
65749,2026-10-20,Mardi,21:00,21:50,DNA Yvon Villarceau,Lagree,Calista Ruat,0,0,False,disponible,2026-10-07 03:00
31054,2026-10-21,Mercredi,07:00,07:50,DNA Yvon Villarceau,Lagree,Kim Sarfati,0,0,False,inconnu,2026-10-07 03:00
18114,2026-10-21,Mercredi,08:00,08:50,DNA Yvon Villarceau,Reformer,Rebecca Raccah,0,0,False,disponible,2026-10-07 03:00
31552,2026-10-21,Mercredi,08:00,08:50,DNA Yvon Villarceau,Lagree,Ela Anastasia,0,0,False,disponible,2026-10-07 03:00
59991,2026-10-21,Mercredi,08:30,09:20,DNA Victor Hugo,Reformer,Charlie DMC,0,0,False,disponible,2026-10-07 03:00
65545,2026-10-21,Mercredi,08:30,09:20,DNA Victor Hugo,Lagree,Yasmine Khoulalene,0,0,False,disponible,2026-10-07 03:00
18322,2026-10-21,Mercredi,09:00,09:50,DNA Yvon Villarceau,Reformer,Rebecca Raccah,0,0,False,disponible,2026-10-07 03:00
31761,2026-10-21,Mercredi,09:00,09:50,DNA Yvon Villarceau,Lagree,Ela Anastasia,0,0,False,disponible,2026-10-07 03:00
60043,2026-10-21,Mercredi,09:30,10:20,DNA Victor Hugo,Reformer,Charlie DMC,0,0,False,disponible,2026-10-07 03:00
65571,2026-10-21,Mercredi,09:30,10:20,DNA Victor Hugo,Lagree,Yasmine Khoulalene,0,0,False,disponible,2026-10-07 03:00
27901,2026-10-21,Mercredi,10:00,10:50,DNA Yvon Villarceau,Reformer,Rebecca Raccah,0,0,False,disponible,2026-10-07 03:00
42483,2026-10-21,Mercredi,10:00,10:50,DNA Yvon Villarceau,Lagree,Ela Anastasia,0,0,False,disponible,2026-10-07 03:00
60095,2026-10-21,Mercredi,10:30,11:20,DNA Victor Hugo,Reformer,Charlie DMC,0,0,False,disponible,2026-10-07 03:00
65597,2026-10-21,Mercredi,10:30,11:20,DNA Victor Hugo,Lagree,Yasmine Khoulalene,0,0,False,disponible,2026-10-07 03:00
27693,2026-10-21,Mercredi,11:00,11:50,DNA Yvon Villarceau,Reformer,Rebecca Raccah,0,0,False,disponible,2026-10-07 03:00
43107,2026-10-21,Mercredi,11:00,11:50,DNA Yvon Villarceau,Lagree,Ela Anastasia,0,0,False,disponible,2026-10-07 03:00
52355,2026-10-21,Mercredi,11:30,12:15,DNA Victor Hugo,Lagree,Celia Almeida,0,0,False,disponible,2026-10-07 03:00
63573,2026-10-21,Mercredi,11:30,12:20,DNA Victor Hugo,Reformer,Charlie DMC,0,0,False,disponible,2026-10-07 03:00
27485,2026-10-21,Mercredi,12:00,12:50,DNA Yvon Villarceau,Reformer,Rebecca Raccah,0,0,False,disponible,2026-10-07 03:00
43315,2026-10-21,Mercredi,12:00,12:50,DNA Yvon Villarceau,Lagree,Ela Anastasia,0,0,False,disponible,2026-10-07 03:00
59921,2026-10-21,Mercredi,12:30,13:15,DNA Victor Hugo,Lagree,Celia Almeida,0,0,False,disponible,2026-10-07 03:00
60147,2026-10-21,Mercredi,12:30,13:20,DNA Victor Hugo,Reformer,Charlie DMC,0,0,False,disponible,2026-10-07 03:00
27277,2026-10-21,Mercredi,13:00,13:50,DNA Yvon Villarceau,Reformer,Rebecca Raccah,0,0,False,disponible,2026-10-07 03:00
43523,2026-10-21,Mercredi,13:00,13:50,DNA Yvon Villarceau,Lagree,isis Magnin,0,0,False,disponible,2026-10-07 03:00
59956,2026-10-21,Mercredi,13:30,14:15,DNA Victor Hugo,Lagree,Celia Almeida,0,0,False,disponible,2026-10-07 03:00
33094,2026-10-21,Mercredi,14:00,14:50,DNA Yvon Villarceau,Lagree,isis Magnin,0,0,False,disponible,2026-10-07 03:00
49072,2026-10-21,Mercredi,14:30,15:15,DNA Victor Hugo,Lagree,Celia Almeida,0,0,False,disponible,2026-10-07 03:00
64735,2026-10-21,Mercredi,14:30,15:20,DNA Victor Hugo,Reformer,Olivia Lamarre Reyner,0,0,False,disponible,2026-10-07 03:00
33407,2026-10-21,Mercredi,15:00,15:50,DNA Yvon Villarceau,Lagree,isis Magnin,0,0,False,disponible,2026-10-07 03:00
64787,2026-10-21,Mercredi,15:30,16:20,DNA Victor Hugo,Reformer,Olivia Lamarre Reyner,0,0,False,disponible,2026-10-07 03:00
15612,2026-10-21,Mercredi,17:00,17:50,DNA Yvon Villarceau,Reformer,Charlie DMC,0,0,False,disponible,2026-10-07 03:00
53555,2026-10-21,Mercredi,17:00,17:50,DNA Yvon Villarceau,Lagree,Ela Anastasia,0,0,False,disponible,2026-10-07 03:00
49178,2026-10-21,Mercredi,17:30,18:15,DNA Victor Hugo,Lagree,Catrin Karlson English class,0,0,False,disponible,2026-10-07 03:00
64103,2026-10-21,Mercredi,17:30,18:20,DNA Victor Hugo,Reformer,Chloe Graeffly,0,0,False,disponible,2026-10-07 03:00
51206,2026-10-21,Mercredi,18:00,18:50,DNA Yvon Villarceau,Reformer,Charlie DMC,0,0,False,disponible,2026-10-07 03:00
53752,2026-10-21,Mercredi,18:00,18:50,DNA Yvon Villarceau,Lagree,Ela Anastasia,0,0,False,disponible,2026-10-07 03:00
49231,2026-10-21,Mercredi,18:30,19:20,DNA Victor Hugo,Lagree,Catrin Karlson English class,0,0,False,disponible,2026-10-07 03:00
64156,2026-10-21,Mercredi,18:30,19:20,DNA Victor Hugo,Reformer,Chloe Graeffly,0,0,False,disponible,2026-10-07 03:00
13320,2026-10-21,Mercredi,19:00,19:50,DNA Yvon Villarceau,Reformer,Charlie DMC,0,0,False,disponible,2026-10-07 03:00
32699,2026-10-21,Mercredi,19:00,19:50,DNA Yvon Villarceau,Lagree,Ela Anastasia,0,0,False,disponible,2026-10-07 03:00
49284,2026-10-21,Mercredi,19:30,20:15,DNA Victor Hugo,Lagree,Catrin Karlson English class,0,0,False,disponible,2026-10-07 03:00
66237,2026-10-21,Mercredi,19:30,20:20,DNA Victor Hugo,Reformer,Chloe Graeffly,0,0,False,disponible,2026-10-07 03:00
32907,2026-10-21,Mercredi,20:00,20:50,DNA Yvon Villarceau,Lagree,Ela Anastasia,0,0,False,disponible,2026-10-07 03:00
50988,2026-10-21,Mercredi,20:00,20:50,DNA Yvon Villarceau,Reformer,Eve Lacroix,0,0,False,disponible,2026-10-07 03:00
64262,2026-10-21,Mercredi,20:30,21:20,DNA Victor Hugo,Reformer,Chloe Graeffly,0,0,False,disponible,2026-10-07 03:00
65519,2026-10-21,Mercredi,20:30,21:20,DNA Victor Hugo,Lagree,Catrin Karlson English class,0,0,False,disponible,2026-10-07 03:00
57333,2026-10-21,Mercredi,21:00,21:50,DNA Yvon Villarceau,Reformer,Eve Lacroix,0,0,False,disponible,2026-10-07 03:00
14572,2026-10-22,Jeudi,08:00,08:50,DNA Yvon Villarceau,Reformer,Nina Claro,0,0,False,disponible,2026-10-07 03:00
36342,2026-10-22,Jeudi,08:00,08:50,DNA Yvon Villarceau,Lagree,isis Magnin,0,0,False,disponible,2026-10-07 03:00
49390,2026-10-22,Jeudi,08:30,09:15,DNA Victor Hugo,Lagree,Eve Lacroix,0,0,False,disponible,2026-10-07 03:00
60199,2026-10-22,Jeudi,08:30,09:20,DNA Victor Hugo,Reformer,Charlie DMC,0,0,False,disponible,2026-10-07 03:00
14780,2026-10-22,Jeudi,09:00,09:50,DNA Yvon Villarceau,Reformer,Nina Claro,0,0,False,disponible,2026-10-07 03:00
36550,2026-10-22,Jeudi,09:00,09:50,DNA Yvon Villarceau,Lagree,isis Magnin,0,0,False,disponible,2026-10-07 03:00
49443,2026-10-22,Jeudi,09:30,10:15,DNA Victor Hugo,Lagree,Eve Lacroix,0,0,False,disponible,2026-10-07 03:00
60251,2026-10-22,Jeudi,09:30,10:20,DNA Victor Hugo,Reformer,Charlie DMC,0,0,False,disponible,2026-10-07 03:00
22076,2026-10-22,Jeudi,10:00,10:50,DNA Yvon Villarceau,Reformer,Rebecca Raccah,0,0,False,disponible,2026-10-07 03:00
36758,2026-10-22,Jeudi,10:00,10:50,DNA Yvon Villarceau,Lagree,isis Magnin,0,0,False,disponible,2026-10-07 03:00
49496,2026-10-22,Jeudi,10:30,11:15,DNA Victor Hugo,Lagree,Leann Mroueh,0,0,False,disponible,2026-10-07 03:00
60303,2026-10-22,Jeudi,10:30,11:20,DNA Victor Hugo,Reformer,Charlie DMC,0,0,False,disponible,2026-10-07 03:00
22700,2026-10-22,Jeudi,11:00,11:50,DNA Yvon Villarceau,Reformer,Rebecca Raccah,0,0,False,disponible,2026-10-07 03:00
41027,2026-10-22,Jeudi,11:00,11:50,DNA Yvon Villarceau,Lagree,Nina Claro,0,0,False,disponible,2026-10-07 03:00
62761,2026-10-22,Jeudi,11:30,12:15,DNA Victor Hugo,Lagree,Leann Mroueh,0,0,False,disponible,2026-10-07 03:00
63415,2026-10-22,Jeudi,11:30,12:20,DNA Victor Hugo,Reformer,Audrey Hugon,0,0,False,disponible,2026-10-07 03:00
22908,2026-10-22,Jeudi,12:00,12:50,DNA Yvon Villarceau,Reformer,Soudi Zargham,0,0,False,disponible,2026-10-07 03:00
41651,2026-10-22,Jeudi,12:00,12:50,DNA Yvon Villarceau,Lagree,Nina Claro,0,0,False,disponible,2026-10-07 03:00
49602,2026-10-22,Jeudi,12:30,13:15,DNA Victor Hugo,Lagree,Sarah Elfassy,0,0,False,disponible,2026-10-07 03:00
63468,2026-10-22,Jeudi,12:30,13:20,DNA Victor Hugo,Reformer,Audrey Hugon,0,0,False,disponible,2026-10-07 03:00
23116,2026-10-22,Jeudi,13:00,13:50,DNA Yvon Villarceau,Reformer,Soudi Zargham,0,0,False,disponible,2026-10-07 03:00
42067,2026-10-22,Jeudi,13:00,13:50,DNA Yvon Villarceau,Lagree,Nina Claro,0,0,False,disponible,2026-10-07 03:00
49655,2026-10-22,Jeudi,13:30,14:15,DNA Victor Hugo,Lagree,Sarah Elfassy,0,0,False,disponible,2026-10-07 03:00
63521,2026-10-22,Jeudi,13:30,14:20,DNA Victor Hugo,Reformer,Audrey Hugon,0,0,False,disponible,2026-10-07 03:00
10175,2026-10-22,Jeudi,14:00,14:50,DNA Yvon Villarceau,Reformer,Soudi Zargham,0,0,False,disponible,2026-10-07 03:00
65985,2026-10-22,Jeudi,14:30,15:20,DNA Victor Hugo,Reformer,Olivia Lamarre Reyner,0,0,False,disponible,2026-10-07 03:00
67476,2026-10-22,Jeudi,14:30,15:20,DNA Victor Hugo,Lagree,hafsa boughemza,0,0,False,disponible,2026-10-07 03:00
37688,2026-10-22,Jeudi,15:00,15:50,DNA Yvon Villarceau,Lagree,Sarah Elfassy,0,0,False,disponible,2026-10-07 03:00
59174,2026-10-22,Jeudi,15:00,15:50,DNA Yvon Villarceau,Reformer,Nina Claro,0,0,False,disponible,2026-10-07 03:00
66037,2026-10-22,Jeudi,15:30,16:20,DNA Victor Hugo,Reformer,Olivia Lamarre Reyner,0,0,False,disponible,2026-10-07 03:00
67528,2026-10-22,Jeudi,15:30,16:20,DNA Victor Hugo,Lagree,hafsa boughemza,0,0,False,disponible,2026-10-07 03:00
59226,2026-10-22,Jeudi,16:00,16:50,DNA Yvon Villarceau,Reformer,Nina Claro,0,0,False,disponible,2026-10-07 03:00
65466,2026-10-22,Jeudi,16:00,16:50,DNA Yvon Villarceau,Lagree,Sarah Elfassy,0,0,False,disponible,2026-10-07 03:00
66089,2026-10-22,Jeudi,16:30,17:20,DNA Victor Hugo,Reformer,Olivia Lamarre Reyner,0,0,False,disponible,2026-10-07 03:00
23324,2026-10-22,Jeudi,17:00,17:50,DNA Yvon Villarceau,Reformer,Nina Claro,0,0,False,disponible,2026-10-07 03:00
42275,2026-10-22,Jeudi,17:00,17:50,DNA Yvon Villarceau,Lagree,Calista Ruat,0,0,False,disponible,2026-10-07 03:00
49708,2026-10-22,Jeudi,17:30,18:15,DNA Victor Hugo,Lagree,Leann Mroueh,0,0,False,disponible,2026-10-07 03:00
61621,2026-10-22,Jeudi,17:30,18:20,DNA Victor Hugo,Reformer,Carla Triboul,0,0,False,disponible,2026-10-07 03:00
23532,2026-10-22,Jeudi,18:00,18:50,DNA Yvon Villarceau,Reformer,Nina Claro,0,0,False,disponible,2026-10-07 03:00
42691,2026-10-22,Jeudi,18:00,18:50,DNA Yvon Villarceau,Lagree,Calista Ruat,0,0,False,disponible,2026-10-07 03:00
49761,2026-10-22,Jeudi,18:30,19:15,DNA Victor Hugo,Lagree,Leann Mroueh,0,0,False,disponible,2026-10-07 03:00
61673,2026-10-22,Jeudi,18:30,19:20,DNA Victor Hugo,Reformer,Carla Triboul,0,0,False,disponible,2026-10-07 03:00
14988,2026-10-22,Jeudi,19:00,19:50,DNA Yvon Villarceau,Reformer,Eve Lacroix,0,0,False,disponible,2026-10-07 03:00
43731,2026-10-22,Jeudi,19:00,19:50,DNA Yvon Villarceau,Lagree,Calista Ruat,0,0,False,disponible,2026-10-07 03:00
49814,2026-10-22,Jeudi,19:30,20:15,DNA Victor Hugo,Lagree,Leann Mroueh,0,0,False,disponible,2026-10-07 03:00
61725,2026-10-22,Jeudi,19:30,20:20,DNA Victor Hugo,Reformer,Carla Triboul,0,0,False,disponible,2026-10-07 03:00
15196,2026-10-22,Jeudi,20:00,20:50,DNA Yvon Villarceau,Reformer,Eve Lacroix,0,0,False,disponible,2026-10-07 03:00
43939,2026-10-22,Jeudi,20:00,20:50,DNA Yvon Villarceau,Lagree,Calista Ruat,0,0,False,disponible,2026-10-07 03:00
49867,2026-10-22,Jeudi,20:30,21:20,DNA Victor Hugo,Lagree,Leann Mroueh,0,0,False,disponible,2026-10-07 03:00
67109,2026-10-22,Jeudi,20:30,21:20,DNA Victor Hugo,Reformer,Carla Triboul,0,0,False,disponible,2026-10-07 03:00
15393,2026-10-22,Jeudi,21:00,21:50,DNA Yvon Villarceau,Reformer,Eve Lacroix,0,0,False,disponible,2026-10-07 03:00
17281,2026-10-23,Vendredi,08:00,08:50,DNA Yvon Villarceau,Reformer,Eve Lacroix,0,0,False,disponible,2026-10-07 03:00
39571,2026-10-23,Vendredi,08:00,08:50,DNA Yvon Villarceau,Lagree,Nina Claro,0,0,False,disponible,2026-10-07 03:00
46745,2026-10-23,Vendredi,08:30,09:15,DNA Victor Hugo,Lagree,Ela Anastasia,0,0,False,disponible,2026-10-07 03:00
61516,2026-10-23,Vendredi,08:30,09:20,DNA Victor Hugo,Reformer,Soudi Zargham,0,0,False,disponible,2026-10-07 03:00
17490,2026-10-23,Vendredi,09:00,09:50,DNA Yvon Villarceau,Reformer,Eve Lacroix,0,0,False,disponible,2026-10-07 03:00
40195,2026-10-23,Vendredi,09:00,09:50,DNA Yvon Villarceau,Lagree,Nina Claro,0,0,False,disponible,2026-10-07 03:00
46798,2026-10-23,Vendredi,09:30,10:15,DNA Victor Hugo,Lagree,Ela Anastasia,0,0,False,disponible,2026-10-07 03:00
61569,2026-10-23,Vendredi,09:30,10:20,DNA Victor Hugo,Reformer,Soudi Zargham,0,0,False,disponible,2026-10-07 03:00
17699,2026-10-23,Vendredi,10:00,10:50,DNA Yvon Villarceau,Reformer,Eve Lacroix,0,0,False,disponible,2026-10-07 03:00
40403,2026-10-23,Vendredi,10:00,10:50,DNA Yvon Villarceau,Lagree,Nina Claro,0,0,False,disponible,2026-10-07 03:00
46851,2026-10-23,Vendredi,10:30,11:15,DNA Victor Hugo,Lagree,Ela Anastasia,0,0,False,disponible,2026-10-07 03:00
60511,2026-10-23,Vendredi,10:30,11:20,DNA Victor Hugo,Reformer,Soudi Zargham,0,0,False,disponible,2026-10-07 03:00
21245,2026-10-23,Vendredi,11:00,11:50,DNA Yvon Villarceau,Reformer,Eve Lacroix,0,0,False,disponible,2026-10-07 03:00
37268,2026-10-23,Vendredi,11:00,11:50,DNA Yvon Villarceau,Lagree,Nina Claro,0,0,False,disponible,2026-10-07 03:00
46904,2026-10-23,Vendredi,11:30,12:15,DNA Victor Hugo,Lagree,Catrin Karlson English class (Suppléant),0,0,False,disponible,2026-10-07 03:00
63153,2026-10-23,Vendredi,11:30,12:20,DNA Victor Hugo,Reformer,Leann Mroueh,0,0,False,disponible,2026-10-07 03:00
21452,2026-10-23,Vendredi,12:00,12:50,DNA Yvon Villarceau,Reformer,Eve Lacroix,0,0,False,disponible,2026-10-07 03:00
40611,2026-10-23,Vendredi,12:00,12:50,DNA Yvon Villarceau,Lagree,Nina Claro,0,0,False,disponible,2026-10-07 03:00
46957,2026-10-23,Vendredi,12:30,13:15,DNA Victor Hugo,Lagree,Catrin Karlson English class (Suppléant),0,0,False,disponible,2026-10-07 03:00
63205,2026-10-23,Vendredi,12:30,13:20,DNA Victor Hugo,Reformer,Leann Mroueh,0,0,False,disponible,2026-10-07 03:00
21660,2026-10-23,Vendredi,13:00,13:50,DNA Yvon Villarceau,Reformer,Eve Lacroix,0,0,False,disponible,2026-10-07 03:00
40819,2026-10-23,Vendredi,13:00,13:50,DNA Yvon Villarceau,Lagree,Nina Claro,0,0,False,disponible,2026-10-07 03:00
60617,2026-10-23,Vendredi,13:30,14:20,DNA Victor Hugo,Reformer,Leann Mroueh,0,0,False,disponible,2026-10-07 03:00
66946,2026-10-23,Vendredi,13:30,14:20,DNA Victor Hugo,Lagree,Catrin Karlson English class (Suppléant),0,0,False,disponible,2026-10-07 03:00
66141,2026-10-23,Vendredi,16:30,17:20,DNA Victor Hugo,Lagree,Celia Almeida,0,0,False,disponible,2026-10-07 03:00
67162,2026-10-23,Vendredi,16:30,17:20,DNA Victor Hugo,Reformer,Chloe Graeffly (Suppléant),0,0,False,disponible,2026-10-07 03:00
21868,2026-10-23,Vendredi,17:00,17:50,DNA Yvon Villarceau,Reformer,Audrey Hugon,0,0,False,disponible,2026-10-07 03:00
60882,2026-10-23,Vendredi,17:30,18:20,DNA Victor Hugo,Reformer,Chloe Graeffly (Suppléant),0,0,False,disponible,2026-10-07 03:00
66194,2026-10-23,Vendredi,17:30,18:20,DNA Victor Hugo,Lagree,Celia Almeida,0,0,False,disponible,2026-10-07 03:00
22284,2026-10-23,Vendredi,18:00,18:50,DNA Yvon Villarceau,Reformer,Audrey Hugon,0,0,False,disponible,2026-10-07 03:00
65155,2026-10-23,Vendredi,18:00,18:50,DNA Yvon Villarceau,Lagree,Calista Ruat,0,0,False,disponible,2026-10-07 03:00
47116,2026-10-23,Vendredi,18:30,19:15,DNA Victor Hugo,Lagree,Celia Almeida,0,0,False,disponible,2026-10-07 03:00
60723,2026-10-23,Vendredi,18:30,19:20,DNA Victor Hugo,Reformer,Olivia Lamarre Reyner,0,0,False,disponible,2026-10-07 03:00
22492,2026-10-23,Vendredi,19:00,19:50,DNA Yvon Villarceau,Reformer,Audrey Hugon,0,0,False,disponible,2026-10-07 03:00
65312,2026-10-23,Vendredi,19:00,19:50,DNA Yvon Villarceau,Lagree,Calista Ruat,0,0,False,disponible,2026-10-07 03:00
47169,2026-10-23,Vendredi,19:30,20:15,DNA Victor Hugo,Lagree,Celia Almeida,0,0,False,disponible,2026-10-07 03:00
63361,2026-10-23,Vendredi,19:30,20:20,DNA Victor Hugo,Reformer,Olivia Lamarre Reyner,0,0,False,disponible,2026-10-07 03:00
52913,2026-10-23,Vendredi,20:00,20:50,DNA Yvon Villarceau,Reformer,Audrey Hugon,0,0,False,disponible,2026-10-07 03:00
62974,2026-10-23,Vendredi,20:00,20:50,DNA Yvon Villarceau,Lagree,Calista Ruat,0,0,False,disponible,2026-10-07 03:00
64839,2026-10-23,Vendredi,21:00,21:50,DNA Yvon Villarceau,Reformer,Eve Lacroix,0,0,False,inconnu,2026-10-07 03:00
46019,2026-10-24,Samedi,08:00,09:00,DNA Yvon Villarceau,Lagree,Alice Amat,0,0,False,inconnu,2026-10-07 03:00
12072,2026-10-24,Samedi,09:00,09:50,DNA Yvon Villarceau,Reformer,Leann Mroueh,0,0,False,disponible,2026-10-07 03:00
34052,2026-10-24,Samedi,09:00,09:50,DNA Yvon Villarceau,Lagree,Eve Lacroix (Suppléant),0,0,False,disponible,2026-10-07 03:00
47222,2026-10-24,Samedi,09:30,10:15,DNA Victor Hugo,Lagree,Nina Claro,0,0,False,disponible,2026-10-07 03:00
64421,2026-10-24,Samedi,09:30,10:20,DNA Victor Hugo,Reformer,Chloe Graeffly,0,0,False,disponible,2026-10-07 03:00
11023,2026-10-24,Samedi,10:00,10:50,DNA Yvon Villarceau,Reformer,Leann Mroueh,0,0,False,disponible,2026-10-07 03:00
34260,2026-10-24,Samedi,10:00,10:50,DNA Yvon Villarceau,Lagree,Eve Lacroix (Suppléant),0,0,False,disponible,2026-10-07 03:00
47275,2026-10-24,Samedi,10:30,11:15,DNA Victor Hugo,Lagree,Nina Claro,0,0,False,disponible,2026-10-07 03:00
64474,2026-10-24,Samedi,10:30,11:20,DNA Victor Hugo,Reformer,Chloe Graeffly,0,0,False,disponible,2026-10-07 03:00
11233,2026-10-24,Samedi,11:00,11:50,DNA Yvon Villarceau,Reformer,Leann Mroueh,0,0,False,disponible,2026-10-07 03:00
34676,2026-10-24,Samedi,11:00,11:50,DNA Yvon Villarceau,Lagree,Eve Lacroix (Suppléant),0,0,False,disponible,2026-10-07 03:00
47328,2026-10-24,Samedi,11:30,12:15,DNA Victor Hugo,Lagree,Nina Claro,0,0,False,disponible,2026-10-07 03:00
64527,2026-10-24,Samedi,11:30,12:20,DNA Victor Hugo,Reformer,Chloe Graeffly,0,0,False,disponible,2026-10-07 03:00
10813,2026-10-24,Samedi,12:00,12:50,DNA Yvon Villarceau,Reformer,Lucrezia Amerio,0,0,False,disponible,2026-10-07 03:00
35090,2026-10-24,Samedi,12:00,12:50,DNA Yvon Villarceau,Lagree,Eve Lacroix (Suppléant),0,0,False,disponible,2026-10-07 03:00
47381,2026-10-24,Samedi,12:30,13:15,DNA Victor Hugo,Lagree,Catrin Karlson English class,0,0,False,disponible,2026-10-07 03:00
64892,2026-10-24,Samedi,12:30,13:20,DNA Victor Hugo,Reformer,Chloe Graeffly,0,0,False,disponible,2026-10-07 03:00
11443,2026-10-24,Samedi,13:00,13:50,DNA Yvon Villarceau,Reformer,Lucrezia Amerio,0,0,False,disponible,2026-10-07 03:00
32107,2026-10-24,Samedi,13:00,13:50,DNA Yvon Villarceau,Lagree,Eve Lacroix (Suppléant),0,0,False,disponible,2026-10-07 03:00
47434,2026-10-24,Samedi,13:30,14:15,DNA Victor Hugo,Lagree,Catrin Karlson English class,0,0,False,disponible,2026-10-07 03:00
64580,2026-10-24,Samedi,13:30,14:20,DNA Victor Hugo,Reformer,Chloe Graeffly,0,0,False,disponible,2026-10-07 03:00
16226,2026-10-24,Samedi,14:00,14:50,DNA Yvon Villarceau,Reformer,Nina Claro,0,0,False,disponible,2026-10-07 03:00
29217,2026-10-24,Samedi,14:00,14:50,DNA Yvon Villarceau,Lagree,Lucrezia Amerio,0,0,False,disponible,2026-10-07 03:00
47487,2026-10-24,Samedi,14:30,15:15,DNA Victor Hugo,Lagree,Catrin Karlson English class,0,0,False,disponible,2026-10-07 03:00
63627,2026-10-24,Samedi,14:30,15:20,DNA Victor Hugo,Reformer,Olivia Lamarre Reyner,0,0,False,disponible,2026-10-07 03:00
16434,2026-10-24,Samedi,15:00,15:50,DNA Yvon Villarceau,Reformer,Nina Claro,0,0,False,disponible,2026-10-07 03:00
29373,2026-10-24,Samedi,15:00,15:50,DNA Yvon Villarceau,Lagree,Lucrezia Amerio,0,0,False,disponible,2026-10-07 03:00
63680,2026-10-24,Samedi,15:30,16:20,DNA Victor Hugo,Reformer,Olivia Lamarre Reyner,0,0,False,disponible,2026-10-07 03:00
20622,2026-10-24,Samedi,16:00,16:50,DNA Yvon Villarceau,Reformer,Nina Claro,0,0,False,inconnu,2026-10-07 03:00
30659,2026-10-24,Samedi,16:00,16:50,DNA Yvon Villarceau,Lagree,Celia Almeida,0,0,False,disponible,2026-10-07 03:00
64945,2026-10-24,Samedi,16:30,17:20,DNA Victor Hugo,Reformer,Lucrezia Amerio,0,0,False,disponible,2026-10-07 03:00
65803,2026-10-24,Samedi,16:30,17:20,DNA Victor Hugo,Lagree,Hala Takkiedine (Suppléant),0,0,False,disponible,2026-10-07 03:00
11864,2026-10-24,Samedi,17:00,17:50,DNA Yvon Villarceau,Reformer,Olivia Lamarre Reyner,0,0,False,disponible,2026-10-07 03:00
29882,2026-10-24,Samedi,17:00,17:50,DNA Yvon Villarceau,Lagree,Celia Almeida,0,0,False,disponible,2026-10-07 03:00
52460,2026-10-24,Samedi,17:30,18:15,DNA Victor Hugo,Lagree,Hala Takkiedine (Suppléant),0,0,False,disponible,2026-10-07 03:00
64998,2026-10-24,Samedi,17:30,18:20,DNA Victor Hugo,Reformer,Lucrezia Amerio,0,0,False,disponible,2026-10-07 03:00
12280,2026-10-24,Samedi,18:00,18:50,DNA Yvon Villarceau,Reformer,Olivia Lamarre Reyner,0,0,False,disponible,2026-10-07 03:00
30091,2026-10-24,Samedi,18:00,18:50,DNA Yvon Villarceau,Lagree,Celia Almeida,0,0,False,disponible,2026-10-07 03:00
52512,2026-10-24,Samedi,18:30,19:15,DNA Victor Hugo,Lagree,Hala Takkiedine (Suppléant),0,0,False,disponible,2026-10-07 03:00
65051,2026-10-24,Samedi,18:30,19:20,DNA Victor Hugo,Reformer,Lucrezia Amerio,0,0,False,disponible,2026-10-07 03:00
12488,2026-10-24,Samedi,19:00,19:50,DNA Yvon Villarceau,Reformer,Olivia Lamarre Reyner,0,0,False,disponible,2026-10-07 03:00
30456,2026-10-24,Samedi,19:00,19:50,DNA Yvon Villarceau,Lagree,Celia Almeida,0,0,False,disponible,2026-10-07 03:00
52564,2026-10-24,Samedi,19:30,20:15,DNA Victor Hugo,Lagree,Hala Takkiedine (Suppléant),0,0,False,disponible,2026-10-07 03:00
65104,2026-10-24,Samedi,19:30,20:20,DNA Victor Hugo,Reformer,Lucrezia Amerio,0,0,False,disponible,2026-10-07 03:00
38323,2026-10-25,Dimanche,09:00,09:50,DNA Yvon Villarceau,Lagree,Nina Claro,0,0,False,disponible,2026-10-07 03:00
46229,2026-10-25,Dimanche,09:00,09:50,DNA Yvon Villarceau,Reformer,Eve Lacroix,0,0,False,disponible,2026-10-07 03:00
47540,2026-10-25,Dimanche,09:30,10:15,DNA Victor Hugo,Lagree,Ela Anastasia,0,0,False,disponible,2026-10-07 03:00
63733,2026-10-25,Dimanche,09:30,10:20,DNA Victor Hugo,Reformer,Sarah Diolinda (Suppléant),0,0,False,disponible,2026-10-07 03:00
19365,2026-10-25,Dimanche,10:00,10:50,DNA Yvon Villarceau,Reformer,Eve Lacroix,0,0,False,disponible,2026-10-07 03:00
38531,2026-10-25,Dimanche,10:00,10:50,DNA Yvon Villarceau,Lagree,Nina Claro,0,0,False,disponible,2026-10-07 03:00
47593,2026-10-25,Dimanche,10:30,11:15,DNA Victor Hugo,Lagree,Ela Anastasia,0,0,False,disponible,2026-10-07 03:00
63786,2026-10-25,Dimanche,10:30,11:20,DNA Victor Hugo,Reformer,Sarah Diolinda (Suppléant),0,0,False,disponible,2026-10-07 03:00
19574,2026-10-25,Dimanche,11:00,11:50,DNA Yvon Villarceau,Reformer,Eve Lacroix,0,0,False,disponible,2026-10-07 03:00
38739,2026-10-25,Dimanche,11:00,11:50,DNA Yvon Villarceau,Lagree,Nina Claro,0,0,False,disponible,2026-10-07 03:00
47646,2026-10-25,Dimanche,11:30,12:15,DNA Victor Hugo,Lagree,Ela Anastasia,0,0,False,disponible,2026-10-07 03:00
63839,2026-10-25,Dimanche,11:30,12:20,DNA Victor Hugo,Reformer,Soudi Zargham (Suppléant),0,0,False,disponible,2026-10-07 03:00
19783,2026-10-25,Dimanche,12:00,12:50,DNA Yvon Villarceau,Reformer,Eve Lacroix,0,0,False,disponible,2026-10-07 03:00
38947,2026-10-25,Dimanche,12:00,12:50,DNA Yvon Villarceau,Lagree,Nina Claro,0,0,False,disponible,2026-10-07 03:00
63892,2026-10-25,Dimanche,12:30,13:20,DNA Victor Hugo,Reformer,Sarah Diolinda (Suppléant),0,0,False,disponible,2026-10-07 03:00
17901,2026-10-25,Dimanche,13:00,13:50,DNA Yvon Villarceau,Reformer,Eve Lacroix,0,0,False,disponible,2026-10-07 03:00
39155,2026-10-25,Dimanche,13:00,13:50,DNA Yvon Villarceau,Lagree,Nina Claro,0,0,False,disponible,2026-10-07 03:00
47752,2026-10-25,Dimanche,13:30,14:15,DNA Victor Hugo,Lagree,Julia Tapiro,0,0,False,disponible,2026-10-07 03:00
33251,2026-10-25,Dimanche,14:00,14:50,DNA Yvon Villarceau,Lagree,Nina Claro,0,0,False,disponible,2026-10-07 03:00
56118,2026-10-25,Dimanche,14:00,14:50,DNA Yvon Villarceau,Reformer,Eve Lacroix,0,0,False,disponible,2026-10-07 03:00
47805,2026-10-25,Dimanche,14:30,15:15,DNA Victor Hugo,Lagree,Julia Tapiro,0,0,False,disponible,2026-10-07 03:00
67215,2026-10-25,Dimanche,14:30,15:20,DNA Victor Hugo,Reformer,Lucrezia Amerio,0,0,False,disponible,2026-10-07 03:00
16016,2026-10-25,Dimanche,15:00,15:50,DNA Yvon Villarceau,Reformer,Olivia Lamarre Reyner,0,0,False,disponible,2026-10-07 03:00
47858,2026-10-25,Dimanche,15:30,16:15,DNA Victor Hugo,Lagree,Julia Tapiro,0,0,False,disponible,2026-10-07 03:00
67268,2026-10-25,Dimanche,15:30,16:20,DNA Victor Hugo,Reformer,Lucrezia Amerio,0,0,False,disponible,2026-10-07 03:00
24362,2026-10-25,Dimanche,16:00,16:50,DNA Yvon Villarceau,Reformer,Olivia Lamarre Reyner,0,0,False,disponible,2026-10-07 03:00
37899,2026-10-25,Dimanche,16:00,16:50,DNA Yvon Villarceau,Lagree,Catrin Karlson English class,0,0,False,disponible,2026-10-07 03:00
67321,2026-10-25,Dimanche,16:30,17:20,DNA Victor Hugo,Reformer,Lucrezia Amerio,0,0,False,disponible,2026-10-07 03:00
67901,2026-10-25,Dimanche,16:30,17:20,DNA Victor Hugo,Lagree,Olympe Acquier,0,0,False,disponible,2026-10-07 03:00
19991,2026-10-25,Dimanche,17:00,17:50,DNA Yvon Villarceau,Reformer,Olivia Lamarre Reyner,0,0,False,disponible,2026-10-07 03:00
39363,2026-10-25,Dimanche,17:00,17:50,DNA Yvon Villarceau,Lagree,Catrin Karlson English class,0,0,False,disponible,2026-10-07 03:00
64316,2026-10-25,Dimanche,17:30,18:20,DNA Victor Hugo,Reformer,Chloe Graeffly,0,0,False,disponible,2026-10-07 03:00
68013,2026-10-25,Dimanche,17:30,18:20,DNA Victor Hugo,Lagree,Olympe Acquier,0,0,False,disponible,2026-10-07 03:00
39779,2026-10-25,Dimanche,18:00,18:50,DNA Yvon Villarceau,Lagree,Catrin Karlson English class,0,0,False,disponible,2026-10-07 03:00
59741,2026-10-25,Dimanche,18:00,18:50,DNA Yvon Villarceau,Reformer,Marie De Saint Simon,0,0,False,disponible,2026-10-07 03:00
52616,2026-10-25,Dimanche,18:30,19:15,DNA Victor Hugo,Lagree,Hala Takkiedine,0,0,False,disponible,2026-10-07 03:00
64369,2026-10-25,Dimanche,18:30,19:20,DNA Victor Hugo,Reformer,Chloe Graeffly,0,0,False,disponible,2026-10-07 03:00
20409,2026-10-25,Dimanche,19:00,19:50,DNA Yvon Villarceau,Reformer,Marie De Saint Simon,0,0,False,disponible,2026-10-07 03:00
39987,2026-10-25,Dimanche,19:00,19:50,DNA Yvon Villarceau,Lagree,Catrin Karlson English class,0,0,False,disponible,2026-10-07 03:00
52668,2026-10-25,Dimanche,19:30,20:15,DNA Victor Hugo,Lagree,Hala Takkiedine,0,0,False,disponible,2026-10-07 03:00
68064,2026-10-25,Dimanche,19:30,20:20,DNA Victor Hugo,Reformer,Chloe Graeffly,0,0,False,disponible,2026-10-07 03:00
18531,2026-10-26,Lundi,08:00,08:50,DNA Yvon Villarceau,Reformer,Rebecca Raccah,0,0,False,disponible,2026-10-07 03:00
35921,2026-10-26,Lundi,08:00,08:50,DNA Yvon Villarceau,Lagree,Ela Anastasia,0,0,False,disponible,2026-10-07 03:00
61092,2026-10-26,Lundi,08:30,09:20,DNA Victor Hugo,Reformer,Nina Claro,0,0,False,disponible,2026-10-07 03:00
66466,2026-10-26,Lundi,08:30,09:20,DNA Victor Hugo,Lagree,Carla Triboul,0,0,False,disponible,2026-10-07 03:00
25406,2026-10-26,Lundi,09:00,09:50,DNA Yvon Villarceau,Reformer,Rebecca Raccah,0,0,False,disponible,2026-10-07 03:00
36130,2026-10-26,Lundi,09:00,09:50,DNA Yvon Villarceau,Lagree,Ela Anastasia,0,0,False,disponible,2026-10-07 03:00
61145,2026-10-26,Lundi,09:30,10:20,DNA Victor Hugo,Reformer,Nina Claro,0,0,False,disponible,2026-10-07 03:00
66626,2026-10-26,Lundi,09:30,10:20,DNA Victor Hugo,Lagree,Carla Triboul,0,0,False,disponible,2026-10-07 03:00
25198,2026-10-26,Lundi,10:00,10:50,DNA Yvon Villarceau,Reformer,Rebecca Raccah,0,0,False,disponible,2026-10-07 03:00
44980,2026-10-26,Lundi,10:00,10:50,DNA Yvon Villarceau,Lagree,Ela Anastasia,0,0,False,disponible,2026-10-07 03:00
61198,2026-10-26,Lundi,10:30,11:20,DNA Victor Hugo,Reformer,Nina Claro,0,0,False,disponible,2026-10-07 03:00
66786,2026-10-26,Lundi,10:30,11:20,DNA Victor Hugo,Lagree,Carla Triboul,0,0,False,disponible,2026-10-07 03:00
24990,2026-10-26,Lundi,11:00,11:50,DNA Yvon Villarceau,Reformer,Rebecca Raccah,0,0,False,disponible,2026-10-07 03:00
34469,2026-10-26,Lundi,11:00,11:50,DNA Yvon Villarceau,Lagree,Ela Anastasia,0,0,False,disponible,2026-10-07 03:00
46640,2026-10-26,Lundi,11:30,12:15,DNA Victor Hugo,Lagree,Sarah Elfassy,0,0,False,disponible,2026-10-07 03:00
61251,2026-10-26,Lundi,11:30,12:20,DNA Victor Hugo,Reformer,Nina Claro,0,0,False,disponible,2026-10-07 03:00
18739,2026-10-26,Lundi,12:00,12:50,DNA Yvon Villarceau,Reformer,Charlie DMC,0,0,False,disponible,2026-10-07 03:00
51762,2026-10-26,Lundi,12:00,12:50,DNA Yvon Villarceau,Lagree,Catrin Karlson English class,0,0,False,disponible,2026-10-07 03:00
46693,2026-10-26,Lundi,12:30,13:15,DNA Victor Hugo,Lagree,Sarah Elfassy,0,0,False,disponible,2026-10-07 03:00
61304,2026-10-26,Lundi,12:30,13:20,DNA Victor Hugo,Reformer,Nina Claro,0,0,False,disponible,2026-10-07 03:00
18947,2026-10-26,Lundi,13:00,13:50,DNA Yvon Villarceau,Reformer,Charlie DMC,0,0,False,disponible,2026-10-07 03:00
35717,2026-10-26,Lundi,13:00,13:50,DNA Yvon Villarceau,Lagree,Catrin Karlson English class,0,0,False,disponible,2026-10-07 03:00
61357,2026-10-26,Lundi,13:30,14:20,DNA Victor Hugo,Reformer,Nina Claro,0,0,False,disponible,2026-10-07 03:00
62022,2026-10-26,Lundi,13:30,14:20,DNA Victor Hugo,Lagree,Sarah Elfassy,0,0,False,disponible,2026-10-07 03:00
37107,2026-10-26,Lundi,14:00,14:50,DNA Yvon Villarceau,Lagree,Catrin Karlson English class,0,0,False,disponible,2026-10-07 03:00
56274,2026-10-26,Lundi,14:00,14:50,DNA Yvon Villarceau,Reformer,Charlie DMC,0,0,False,disponible,2026-10-07 03:00
62250,2026-10-26,Lundi,14:30,15:20,DNA Victor Hugo,Reformer,Sarah Elfassy,0,0,False,disponible,2026-10-07 03:00
33721,2026-10-26,Lundi,15:00,15:50,DNA Yvon Villarceau,Lagree,Ela Anastasia,0,0,False,disponible,2026-10-07 03:00
55494,2026-10-26,Lundi,15:30,16:20,DNA Victor Hugo,Reformer,Sarah Elfassy,0,0,False,disponible,2026-10-07 03:00
31949,2026-10-26,Lundi,16:00,16:50,DNA Yvon Villarceau,Lagree,Ela Anastasia,0,0,False,disponible,2026-10-07 03:00
68116,2026-10-26,Lundi,16:00,16:50,DNA Yvon Villarceau,Reformer,Charlie DMC,0,0,False,disponible,2026-10-07 03:00
27070,2026-10-26,Lundi,17:00,17:50,DNA Yvon Villarceau,Reformer,Charlie DMC,0,0,False,disponible,2026-10-07 03:00
45188,2026-10-26,Lundi,17:00,17:50,DNA Yvon Villarceau,Lagree,Calista Ruat,0,0,False,disponible,2026-10-07 03:00
47965,2026-10-26,Lundi,17:30,18:15,DNA Victor Hugo,Lagree,Catrin Karlson English class,0,0,False,disponible,2026-10-07 03:00
61778,2026-10-26,Lundi,17:30,18:20,DNA Victor Hugo,Reformer,Rebecca Raccah,0,0,False,disponible,2026-10-07 03:00
26862,2026-10-26,Lundi,18:00,18:50,DNA Yvon Villarceau,Reformer,Charlie DMC,0,0,False,disponible,2026-10-07 03:00
45396,2026-10-26,Lundi,18:00,18:50,DNA Yvon Villarceau,Lagree,Calista Ruat,0,0,False,disponible,2026-10-07 03:00
48017,2026-10-26,Lundi,18:30,19:15,DNA Victor Hugo,Lagree,Catrin Karlson English class,0,0,False,disponible,2026-10-07 03:00
61831,2026-10-26,Lundi,18:30,19:20,DNA Victor Hugo,Reformer,Rebecca Raccah,0,0,False,disponible,2026-10-07 03:00
24782,2026-10-26,Lundi,19:00,19:50,DNA Yvon Villarceau,Reformer,Marie De Saint Simon,0,0,False,disponible,2026-10-07 03:00
45812,2026-10-26,Lundi,19:00,19:50,DNA Yvon Villarceau,Lagree,Calista Ruat,0,0,False,disponible,2026-10-07 03:00
48069,2026-10-26,Lundi,19:30,20:15,DNA Victor Hugo,Lagree,Catrin Karlson English class,0,0,False,disponible,2026-10-07 03:00
61937,2026-10-26,Lundi,19:30,20:20,DNA Victor Hugo,Reformer,Rebecca Raccah,0,0,False,disponible,2026-10-07 03:00
24574,2026-10-26,Lundi,20:00,20:50,DNA Yvon Villarceau,Reformer,Marie De Saint Simon,0,0,False,disponible,2026-10-07 03:00
45604,2026-10-26,Lundi,20:00,20:50,DNA Yvon Villarceau,Lagree,Calista Ruat,0,0,False,disponible,2026-10-07 03:00
48121,2026-10-26,Lundi,20:30,21:15,DNA Victor Hugo,Lagree,Catrin Karlson English class,0,0,False,disponible,2026-10-07 03:00
59589,2026-10-26,Lundi,21:00,21:50,DNA Yvon Villarceau,Reformer,Marie De Saint Simon,0,0,False,disponible,2026-10-07 03:00
28110,2026-10-27,Mardi,08:00,08:50,DNA Yvon Villarceau,Lagree,Celia Almeida,0,0,False,disponible,2026-10-07 03:00
50397,2026-10-27,Mardi,08:00,08:50,DNA Yvon Villarceau,Reformer,Charlie DMC,0,0,False,disponible,2026-10-07 03:00
62444,2026-10-27,Mardi,08:30,09:20,DNA Victor Hugo,Reformer,Nina Claro,0,0,False,disponible,2026-10-07 03:00
65624,2026-10-27,Mardi,08:30,09:20,DNA Victor Hugo,Lagree,Yasmine Khoulalene,0,0,False,disponible,2026-10-07 03:00
28318,2026-10-27,Mardi,09:00,09:50,DNA Yvon Villarceau,Lagree,Celia Almeida,0,0,False,disponible,2026-10-07 03:00
50594,2026-10-27,Mardi,09:00,09:50,DNA Yvon Villarceau,Reformer,Charlie DMC,0,0,False,disponible,2026-10-07 03:00
62497,2026-10-27,Mardi,09:30,10:20,DNA Victor Hugo,Reformer,Nina Claro,0,0,False,disponible,2026-10-07 03:00
67055,2026-10-27,Mardi,09:30,10:20,DNA Victor Hugo,Lagree,Yasmine Khoulalene,0,0,False,disponible,2026-10-07 03:00
28526,2026-10-27,Mardi,10:00,10:50,DNA Yvon Villarceau,Lagree,Celia Almeida,0,0,False,disponible,2026-10-07 03:00
50791,2026-10-27,Mardi,10:00,10:50,DNA Yvon Villarceau,Reformer,Charlie DMC,0,0,False,disponible,2026-10-07 03:00
62550,2026-10-27,Mardi,10:30,11:20,DNA Victor Hugo,Reformer,Nina Claro,0,0,False,disponible,2026-10-07 03:00
67067,2026-10-27,Mardi,10:30,11:15,DNA Victor Hugo,Lagree,Yasmine Khoulalene,0,0,False,disponible,2026-10-07 03:00
26238,2026-10-27,Mardi,11:00,11:50,DNA Yvon Villarceau,Reformer,Soudi Zargham,0,0,False,disponible,2026-10-07 03:00
28734,2026-10-27,Mardi,11:00,11:50,DNA Yvon Villarceau,Lagree,isis Magnin,0,0,False,disponible,2026-10-07 03:00
48331,2026-10-27,Mardi,11:30,12:15,DNA Victor Hugo,Lagree,hafsa boughemza,0,0,False,disponible,2026-10-07 03:00
62603,2026-10-27,Mardi,11:30,12:20,DNA Victor Hugo,Reformer,Nina Claro,0,0,False,disponible,2026-10-07 03:00
26030,2026-10-27,Mardi,12:00,12:50,DNA Yvon Villarceau,Reformer,Soudi Zargham,0,0,False,disponible,2026-10-07 03:00
44148,2026-10-27,Mardi,12:00,12:50,DNA Yvon Villarceau,Lagree,isis Magnin,0,0,False,disponible,2026-10-07 03:00
62656,2026-10-27,Mardi,12:30,13:20,DNA Victor Hugo,Reformer,Nina Claro,0,0,False,disponible,2026-10-07 03:00
67080,2026-10-27,Mardi,12:30,13:15,DNA Victor Hugo,Lagree,hafsa boughemza,0,0,False,disponible,2026-10-07 03:00
25822,2026-10-27,Mardi,13:00,13:50,DNA Yvon Villarceau,Reformer,Soudi Zargham,0,0,False,disponible,2026-10-07 03:00
44356,2026-10-27,Mardi,13:00,13:50,DNA Yvon Villarceau,Lagree,isis Magnin,0,0,False,disponible,2026-10-07 03:00
66272,2026-10-27,Mardi,13:30,14:20,DNA Victor Hugo,Reformer,Nina Claro,0,0,False,disponible,2026-10-07 03:00
67738,2026-10-27,Mardi,13:30,14:20,DNA Victor Hugo,Lagree,hafsa boughemza,0,0,False,disponible,2026-10-07 03:00
36950,2026-10-27,Mardi,14:00,14:50,DNA Yvon Villarceau,Lagree,isis Magnin,0,0,False,disponible,2026-10-07 03:00
65827,2026-10-27,Mardi,14:30,15:20,DNA Victor Hugo,Reformer,Olivia Lamarre Reyner,0,0,False,disponible,2026-10-07 03:00
67371,2026-10-27,Mardi,14:30,15:20,DNA Victor Hugo,Lagree,hafsa boughemza,0,0,False,disponible,2026-10-07 03:00
65880,2026-10-27,Mardi,15:30,16:20,DNA Victor Hugo,Reformer,Olivia Lamarre Reyner,0,0,False,disponible,2026-10-07 03:00
67424,2026-10-27,Mardi,15:30,16:20,DNA Victor Hugo,Lagree,hafsa boughemza,0,0,False,disponible,2026-10-07 03:00
57063,2026-10-27,Mardi,16:00,16:50,DNA Yvon Villarceau,Reformer,Charlie DMC,0,0,False,disponible,2026-10-07 03:00
65933,2026-10-27,Mardi,16:30,17:20,DNA Victor Hugo,Reformer,Olivia Lamarre Reyner,0,0,False,disponible,2026-10-07 03:00
12697,2026-10-27,Mardi,17:00,17:50,DNA Yvon Villarceau,Reformer,Charlie DMC,0,0,False,disponible,2026-10-07 03:00
52158,2026-10-27,Mardi,17:00,17:50,DNA Yvon Villarceau,Lagree,isis Magnin,0,0,False,disponible,2026-10-07 03:00
54887,2026-10-27,Mardi,17:30,18:15,DNA Victor Hugo,Lagree,Leann Mroueh,0,0,False,disponible,2026-10-07 03:00
66305,2026-10-27,Mardi,17:30,18:20,DNA Victor Hugo,Reformer,Carla Triboul,0,0,False,disponible,2026-10-07 03:00
12905,2026-10-27,Mardi,18:00,18:50,DNA Yvon Villarceau,Reformer,Charlie DMC,0,0,False,disponible,2026-10-07 03:00
35509,2026-10-27,Mardi,18:00,18:50,DNA Yvon Villarceau,Lagree,isis Magnin,0,0,False,disponible,2026-10-07 03:00
55039,2026-10-27,Mardi,18:30,19:15,DNA Victor Hugo,Lagree,Leann Mroueh,0,0,False,disponible,2026-10-07 03:00
63945,2026-10-27,Mardi,18:30,19:20,DNA Victor Hugo,Reformer,Carla Triboul,0,0,False,disponible,2026-10-07 03:00
13113,2026-10-27,Mardi,19:00,19:50,DNA Yvon Villarceau,Reformer,Eve Lacroix,0,0,False,disponible,2026-10-07 03:00
44564,2026-10-27,Mardi,19:00,19:50,DNA Yvon Villarceau,Lagree,Calista Ruat,0,0,False,disponible,2026-10-07 03:00
55191,2026-10-27,Mardi,19:30,20:15,DNA Victor Hugo,Lagree,Leann Mroueh,0,0,False,disponible,2026-10-07 03:00
63998,2026-10-27,Mardi,19:30,20:20,DNA Victor Hugo,Reformer,Carla Triboul,0,0,False,disponible,2026-10-07 03:00
25614,2026-10-27,Mardi,20:00,20:50,DNA Yvon Villarceau,Reformer,Eve Lacroix,0,0,False,disponible,2026-10-07 03:00
44772,2026-10-27,Mardi,20:00,20:50,DNA Yvon Villarceau,Lagree,Calista Ruat,0,0,False,disponible,2026-10-07 03:00
55343,2026-10-27,Mardi,20:30,21:15,DNA Victor Hugo,Lagree,Leann Mroueh,0,0,False,disponible,2026-10-07 03:00
64051,2026-10-27,Mardi,20:30,21:20,DNA Victor Hugo,Reformer,Carla Triboul,0,0,False,disponible,2026-10-07 03:00
59418,2026-10-27,Mardi,21:00,21:50,DNA Yvon Villarceau,Reformer,Eve Lacroix,0,0,False,disponible,2026-10-07 03:00
65750,2026-10-27,Mardi,21:00,21:50,DNA Yvon Villarceau,Lagree,Calista Ruat,0,0,False,disponible,2026-10-07 03:00
31055,2026-10-28,Mercredi,07:00,07:50,DNA Yvon Villarceau,Lagree,Kim Sarfati,0,0,False,inconnu,2026-10-07 03:00
18115,2026-10-28,Mercredi,08:00,08:50,DNA Yvon Villarceau,Reformer,Rebecca Raccah,0,0,False,disponible,2026-10-07 03:00
31553,2026-10-28,Mercredi,08:00,08:50,DNA Yvon Villarceau,Lagree,Ela Anastasia,0,0,False,disponible,2026-10-07 03:00
59992,2026-10-28,Mercredi,08:30,09:20,DNA Victor Hugo,Reformer,Charlie DMC,0,0,False,disponible,2026-10-07 03:00
65546,2026-10-28,Mercredi,08:30,09:20,DNA Victor Hugo,Lagree,Yasmine Khoulalene,0,0,False,disponible,2026-10-07 03:00
18323,2026-10-28,Mercredi,09:00,09:50,DNA Yvon Villarceau,Reformer,Rebecca Raccah,0,0,False,disponible,2026-10-07 03:00
31762,2026-10-28,Mercredi,09:00,09:50,DNA Yvon Villarceau,Lagree,Ela Anastasia,0,0,False,disponible,2026-10-07 03:00
60044,2026-10-28,Mercredi,09:30,10:20,DNA Victor Hugo,Reformer,Charlie DMC,0,0,False,disponible,2026-10-07 03:00
65572,2026-10-28,Mercredi,09:30,10:20,DNA Victor Hugo,Lagree,Yasmine Khoulalene,0,0,False,disponible,2026-10-07 03:00
27902,2026-10-28,Mercredi,10:00,10:50,DNA Yvon Villarceau,Reformer,Rebecca Raccah,0,0,False,disponible,2026-10-07 03:00
42484,2026-10-28,Mercredi,10:00,10:50,DNA Yvon Villarceau,Lagree,Ela Anastasia,0,0,False,disponible,2026-10-07 03:00
60096,2026-10-28,Mercredi,10:30,11:20,DNA Victor Hugo,Reformer,Charlie DMC,0,0,False,disponible,2026-10-07 03:00
65598,2026-10-28,Mercredi,10:30,11:20,DNA Victor Hugo,Lagree,Yasmine Khoulalene,0,0,False,disponible,2026-10-07 03:00
27694,2026-10-28,Mercredi,11:00,11:50,DNA Yvon Villarceau,Reformer,Rebecca Raccah,0,0,False,disponible,2026-10-07 03:00
43108,2026-10-28,Mercredi,11:00,11:50,DNA Yvon Villarceau,Lagree,Ela Anastasia,0,0,False,disponible,2026-10-07 03:00
52356,2026-10-28,Mercredi,11:30,12:15,DNA Victor Hugo,Lagree,Celia Almeida,0,0,False,disponible,2026-10-07 03:00
63574,2026-10-28,Mercredi,11:30,12:20,DNA Victor Hugo,Reformer,Charlie DMC,0,0,False,disponible,2026-10-07 03:00
27486,2026-10-28,Mercredi,12:00,12:50,DNA Yvon Villarceau,Reformer,Rebecca Raccah,0,0,False,disponible,2026-10-07 03:00
43316,2026-10-28,Mercredi,12:00,12:50,DNA Yvon Villarceau,Lagree,Ela Anastasia,0,0,False,disponible,2026-10-07 03:00
59922,2026-10-28,Mercredi,12:30,13:15,DNA Victor Hugo,Lagree,Celia Almeida,0,0,False,disponible,2026-10-07 03:00
60148,2026-10-28,Mercredi,12:30,13:20,DNA Victor Hugo,Reformer,Charlie DMC,0,0,False,disponible,2026-10-07 03:00
27278,2026-10-28,Mercredi,13:00,13:50,DNA Yvon Villarceau,Reformer,Rebecca Raccah,0,0,False,disponible,2026-10-07 03:00
43524,2026-10-28,Mercredi,13:00,13:50,DNA Yvon Villarceau,Lagree,isis Magnin,0,0,False,disponible,2026-10-07 03:00
59957,2026-10-28,Mercredi,13:30,14:15,DNA Victor Hugo,Lagree,Celia Almeida,0,0,False,disponible,2026-10-07 03:00
33095,2026-10-28,Mercredi,14:00,14:50,DNA Yvon Villarceau,Lagree,isis Magnin,0,0,False,disponible,2026-10-07 03:00
49073,2026-10-28,Mercredi,14:30,15:15,DNA Victor Hugo,Lagree,Celia Almeida,0,0,False,disponible,2026-10-07 03:00
64736,2026-10-28,Mercredi,14:30,15:20,DNA Victor Hugo,Reformer,Olivia Lamarre Reyner,0,0,False,disponible,2026-10-07 03:00
33408,2026-10-28,Mercredi,15:00,15:50,DNA Yvon Villarceau,Lagree,isis Magnin,0,0,False,disponible,2026-10-07 03:00
64788,2026-10-28,Mercredi,15:30,16:20,DNA Victor Hugo,Reformer,Olivia Lamarre Reyner,0,0,False,disponible,2026-10-07 03:00
15613,2026-10-28,Mercredi,17:00,17:50,DNA Yvon Villarceau,Reformer,Charlie DMC,0,0,False,disponible,2026-10-07 03:00
53556,2026-10-28,Mercredi,17:00,17:50,DNA Yvon Villarceau,Lagree,Ela Anastasia,0,0,False,disponible,2026-10-07 03:00
49179,2026-10-28,Mercredi,17:30,18:15,DNA Victor Hugo,Lagree,Catrin Karlson English class,0,0,False,disponible,2026-10-07 03:00
64104,2026-10-28,Mercredi,17:30,18:20,DNA Victor Hugo,Reformer,Chloe Graeffly,0,0,False,disponible,2026-10-07 03:00
51207,2026-10-28,Mercredi,18:00,18:50,DNA Yvon Villarceau,Reformer,Charlie DMC,0,0,False,disponible,2026-10-07 03:00
53753,2026-10-28,Mercredi,18:00,18:50,DNA Yvon Villarceau,Lagree,Ela Anastasia,0,0,False,disponible,2026-10-07 03:00
49232,2026-10-28,Mercredi,18:30,19:20,DNA Victor Hugo,Lagree,Catrin Karlson English class,0,0,False,disponible,2026-10-07 03:00
64157,2026-10-28,Mercredi,18:30,19:20,DNA Victor Hugo,Reformer,Chloe Graeffly,0,0,False,disponible,2026-10-07 03:00
13321,2026-10-28,Mercredi,19:00,19:50,DNA Yvon Villarceau,Reformer,Charlie DMC,0,0,False,disponible,2026-10-07 03:00
32700,2026-10-28,Mercredi,19:00,19:50,DNA Yvon Villarceau,Lagree,Ela Anastasia,0,0,False,disponible,2026-10-07 03:00
49285,2026-10-28,Mercredi,19:30,20:15,DNA Victor Hugo,Lagree,Catrin Karlson English class,0,0,False,disponible,2026-10-07 03:00
66238,2026-10-28,Mercredi,19:30,20:20,DNA Victor Hugo,Reformer,Chloe Graeffly,0,0,False,disponible,2026-10-07 03:00
32908,2026-10-28,Mercredi,20:00,20:50,DNA Yvon Villarceau,Lagree,Ela Anastasia,0,0,False,disponible,2026-10-07 03:00
50989,2026-10-28,Mercredi,20:00,20:50,DNA Yvon Villarceau,Reformer,Eve Lacroix,0,0,False,disponible,2026-10-07 03:00
64263,2026-10-28,Mercredi,20:30,21:20,DNA Victor Hugo,Reformer,Chloe Graeffly,0,0,False,disponible,2026-10-07 03:00
65520,2026-10-28,Mercredi,20:30,21:20,DNA Victor Hugo,Lagree,Catrin Karlson English class,0,0,False,disponible,2026-10-07 03:00
57334,2026-10-28,Mercredi,21:00,21:50,DNA Yvon Villarceau,Reformer,Eve Lacroix,0,0,False,disponible,2026-10-07 03:00
14573,2026-10-29,Jeudi,08:00,08:50,DNA Yvon Villarceau,Reformer,Nina Claro,0,0,False,disponible,2026-10-07 03:00
36343,2026-10-29,Jeudi,08:00,08:50,DNA Yvon Villarceau,Lagree,isis Magnin,0,0,False,disponible,2026-10-07 03:00
49391,2026-10-29,Jeudi,08:30,09:15,DNA Victor Hugo,Lagree,Eve Lacroix,0,0,False,disponible,2026-10-07 03:00
60200,2026-10-29,Jeudi,08:30,09:20,DNA Victor Hugo,Reformer,Charlie DMC,0,0,False,disponible,2026-10-07 03:00
14781,2026-10-29,Jeudi,09:00,09:50,DNA Yvon Villarceau,Reformer,Nina Claro,0,0,False,disponible,2026-10-07 03:00
36551,2026-10-29,Jeudi,09:00,09:50,DNA Yvon Villarceau,Lagree,isis Magnin,0,0,False,disponible,2026-10-07 03:00
49444,2026-10-29,Jeudi,09:30,10:15,DNA Victor Hugo,Lagree,Eve Lacroix,0,0,False,disponible,2026-10-07 03:00
60252,2026-10-29,Jeudi,09:30,10:20,DNA Victor Hugo,Reformer,Charlie DMC,0,0,False,disponible,2026-10-07 03:00
22077,2026-10-29,Jeudi,10:00,10:50,DNA Yvon Villarceau,Reformer,Rebecca Raccah,0,0,False,disponible,2026-10-07 03:00
36759,2026-10-29,Jeudi,10:00,10:50,DNA Yvon Villarceau,Lagree,isis Magnin,0,0,False,disponible,2026-10-07 03:00
49497,2026-10-29,Jeudi,10:30,11:15,DNA Victor Hugo,Lagree,Leann Mroueh,0,0,False,disponible,2026-10-07 03:00
60304,2026-10-29,Jeudi,10:30,11:20,DNA Victor Hugo,Reformer,Charlie DMC,0,0,False,disponible,2026-10-07 03:00
22701,2026-10-29,Jeudi,11:00,11:50,DNA Yvon Villarceau,Reformer,Rebecca Raccah,0,0,False,disponible,2026-10-07 03:00
41028,2026-10-29,Jeudi,11:00,11:50,DNA Yvon Villarceau,Lagree,Nina Claro,0,0,False,disponible,2026-10-07 03:00
62762,2026-10-29,Jeudi,11:30,12:15,DNA Victor Hugo,Lagree,Leann Mroueh,0,0,False,disponible,2026-10-07 03:00
63416,2026-10-29,Jeudi,11:30,12:20,DNA Victor Hugo,Reformer,Audrey Hugon,0,0,False,disponible,2026-10-07 03:00
22909,2026-10-29,Jeudi,12:00,12:50,DNA Yvon Villarceau,Reformer,Soudi Zargham,0,0,False,disponible,2026-10-07 03:00
41652,2026-10-29,Jeudi,12:00,12:50,DNA Yvon Villarceau,Lagree,Nina Claro,0,0,False,disponible,2026-10-07 03:00
49603,2026-10-29,Jeudi,12:30,13:15,DNA Victor Hugo,Lagree,Sarah Elfassy,0,0,False,disponible,2026-10-07 03:00
63469,2026-10-29,Jeudi,12:30,13:20,DNA Victor Hugo,Reformer,Audrey Hugon,0,0,False,disponible,2026-10-07 03:00
23117,2026-10-29,Jeudi,13:00,13:50,DNA Yvon Villarceau,Reformer,Soudi Zargham,0,0,False,disponible,2026-10-07 03:00
42068,2026-10-29,Jeudi,13:00,13:50,DNA Yvon Villarceau,Lagree,Nina Claro,0,0,False,disponible,2026-10-07 03:00
49656,2026-10-29,Jeudi,13:30,14:15,DNA Victor Hugo,Lagree,Sarah Elfassy,0,0,False,disponible,2026-10-07 03:00
63522,2026-10-29,Jeudi,13:30,14:20,DNA Victor Hugo,Reformer,Audrey Hugon,0,0,False,disponible,2026-10-07 03:00
10176,2026-10-29,Jeudi,14:00,14:50,DNA Yvon Villarceau,Reformer,Soudi Zargham,0,0,False,disponible,2026-10-07 03:00
65986,2026-10-29,Jeudi,14:30,15:20,DNA Victor Hugo,Reformer,Olivia Lamarre Reyner,0,0,False,disponible,2026-10-07 03:00
67477,2026-10-29,Jeudi,14:30,15:20,DNA Victor Hugo,Lagree,hafsa boughemza,0,0,False,disponible,2026-10-07 03:00
37689,2026-10-29,Jeudi,15:00,15:50,DNA Yvon Villarceau,Lagree,Sarah Elfassy,0,0,False,disponible,2026-10-07 03:00
59175,2026-10-29,Jeudi,15:00,15:50,DNA Yvon Villarceau,Reformer,Nina Claro,0,0,False,disponible,2026-10-07 03:00
66038,2026-10-29,Jeudi,15:30,16:20,DNA Victor Hugo,Reformer,Olivia Lamarre Reyner,0,0,False,disponible,2026-10-07 03:00
67529,2026-10-29,Jeudi,15:30,16:20,DNA Victor Hugo,Lagree,hafsa boughemza,0,0,False,disponible,2026-10-07 03:00
59227,2026-10-29,Jeudi,16:00,16:50,DNA Yvon Villarceau,Reformer,Nina Claro,0,0,False,disponible,2026-10-07 03:00
65467,2026-10-29,Jeudi,16:00,16:50,DNA Yvon Villarceau,Lagree,Sarah Elfassy,0,0,False,disponible,2026-10-07 03:00
66090,2026-10-29,Jeudi,16:30,17:20,DNA Victor Hugo,Reformer,Olivia Lamarre Reyner,0,0,False,disponible,2026-10-07 03:00
23325,2026-10-29,Jeudi,17:00,17:50,DNA Yvon Villarceau,Reformer,Nina Claro,0,0,False,disponible,2026-10-07 03:00
42276,2026-10-29,Jeudi,17:00,17:50,DNA Yvon Villarceau,Lagree,Calista Ruat,0,0,False,disponible,2026-10-07 03:00
49709,2026-10-29,Jeudi,17:30,18:15,DNA Victor Hugo,Lagree,Leann Mroueh,0,0,False,disponible,2026-10-07 03:00
61622,2026-10-29,Jeudi,17:30,18:20,DNA Victor Hugo,Reformer,Carla Triboul,0,0,False,disponible,2026-10-07 03:00
23533,2026-10-29,Jeudi,18:00,18:50,DNA Yvon Villarceau,Reformer,Nina Claro,0,0,False,disponible,2026-10-07 03:00
42692,2026-10-29,Jeudi,18:00,18:50,DNA Yvon Villarceau,Lagree,Calista Ruat,0,0,False,disponible,2026-10-07 03:00
49762,2026-10-29,Jeudi,18:30,19:15,DNA Victor Hugo,Lagree,Leann Mroueh,0,0,False,disponible,2026-10-07 03:00
61674,2026-10-29,Jeudi,18:30,19:20,DNA Victor Hugo,Reformer,Carla Triboul,0,0,False,disponible,2026-10-07 03:00
14989,2026-10-29,Jeudi,19:00,19:50,DNA Yvon Villarceau,Reformer,Eve Lacroix,0,0,False,disponible,2026-10-07 03:00
43732,2026-10-29,Jeudi,19:00,19:50,DNA Yvon Villarceau,Lagree,Calista Ruat,0,0,False,disponible,2026-10-07 03:00
49815,2026-10-29,Jeudi,19:30,20:15,DNA Victor Hugo,Lagree,Leann Mroueh,0,0,False,disponible,2026-10-07 03:00
61726,2026-10-29,Jeudi,19:30,20:20,DNA Victor Hugo,Reformer,Carla Triboul,0,0,False,disponible,2026-10-07 03:00
15197,2026-10-29,Jeudi,20:00,20:50,DNA Yvon Villarceau,Reformer,Eve Lacroix,0,0,False,disponible,2026-10-07 03:00
43940,2026-10-29,Jeudi,20:00,20:50,DNA Yvon Villarceau,Lagree,Calista Ruat,0,0,False,disponible,2026-10-07 03:00
49868,2026-10-29,Jeudi,20:30,21:20,DNA Victor Hugo,Lagree,Leann Mroueh,0,0,False,disponible,2026-10-07 03:00
67110,2026-10-29,Jeudi,20:30,21:20,DNA Victor Hugo,Reformer,Carla Triboul,0,0,False,disponible,2026-10-07 03:00
15394,2026-10-29,Jeudi,21:00,21:50,DNA Yvon Villarceau,Reformer,Eve Lacroix,0,0,False,disponible,2026-10-07 03:00
17282,2026-10-30,Vendredi,08:00,08:50,DNA Yvon Villarceau,Reformer,Eve Lacroix,0,0,False,disponible,2026-10-07 03:00
39572,2026-10-30,Vendredi,08:00,08:50,DNA Yvon Villarceau,Lagree,Nina Claro,0,0,False,disponible,2026-10-07 03:00
46746,2026-10-30,Vendredi,08:30,09:15,DNA Victor Hugo,Lagree,Ela Anastasia,0,0,False,disponible,2026-10-07 03:00
61517,2026-10-30,Vendredi,08:30,09:20,DNA Victor Hugo,Reformer,Soudi Zargham,0,0,False,disponible,2026-10-07 03:00
17491,2026-10-30,Vendredi,09:00,09:50,DNA Yvon Villarceau,Reformer,Eve Lacroix,0,0,False,disponible,2026-10-07 03:00
40196,2026-10-30,Vendredi,09:00,09:50,DNA Yvon Villarceau,Lagree,Nina Claro,0,0,False,disponible,2026-10-07 03:00
46799,2026-10-30,Vendredi,09:30,10:15,DNA Victor Hugo,Lagree,Ela Anastasia,0,0,False,disponible,2026-10-07 03:00
61570,2026-10-30,Vendredi,09:30,10:20,DNA Victor Hugo,Reformer,Soudi Zargham,0,0,False,disponible,2026-10-07 03:00
17700,2026-10-30,Vendredi,10:00,10:50,DNA Yvon Villarceau,Reformer,Eve Lacroix,0,0,False,disponible,2026-10-07 03:00
40404,2026-10-30,Vendredi,10:00,10:50,DNA Yvon Villarceau,Lagree,Nina Claro,0,0,False,disponible,2026-10-07 03:00
46852,2026-10-30,Vendredi,10:30,11:15,DNA Victor Hugo,Lagree,Ela Anastasia,0,0,False,disponible,2026-10-07 03:00
60512,2026-10-30,Vendredi,10:30,11:20,DNA Victor Hugo,Reformer,Soudi Zargham,0,0,False,disponible,2026-10-07 03:00
21246,2026-10-30,Vendredi,11:00,11:50,DNA Yvon Villarceau,Reformer,Eve Lacroix,0,0,False,disponible,2026-10-07 03:00
37269,2026-10-30,Vendredi,11:00,11:50,DNA Yvon Villarceau,Lagree,Nina Claro,0,0,False,disponible,2026-10-07 03:00
46905,2026-10-30,Vendredi,11:30,12:15,DNA Victor Hugo,Lagree,Carla Triboul,0,0,False,disponible,2026-10-07 03:00
63154,2026-10-30,Vendredi,11:30,12:20,DNA Victor Hugo,Reformer,Leann Mroueh,0,0,False,disponible,2026-10-07 03:00
21453,2026-10-30,Vendredi,12:00,12:50,DNA Yvon Villarceau,Reformer,Eve Lacroix,0,0,False,disponible,2026-10-07 03:00
40612,2026-10-30,Vendredi,12:00,12:50,DNA Yvon Villarceau,Lagree,Nina Claro,0,0,False,disponible,2026-10-07 03:00
46958,2026-10-30,Vendredi,12:30,13:15,DNA Victor Hugo,Lagree,Carla Triboul,0,0,False,disponible,2026-10-07 03:00
63206,2026-10-30,Vendredi,12:30,13:20,DNA Victor Hugo,Reformer,Leann Mroueh,0,0,False,disponible,2026-10-07 03:00
21661,2026-10-30,Vendredi,13:00,13:50,DNA Yvon Villarceau,Reformer,Eve Lacroix,0,0,False,disponible,2026-10-07 03:00
40820,2026-10-30,Vendredi,13:00,13:50,DNA Yvon Villarceau,Lagree,Nina Claro,0,0,False,disponible,2026-10-07 03:00
60618,2026-10-30,Vendredi,13:30,14:20,DNA Victor Hugo,Reformer,Leann Mroueh,0,0,False,disponible,2026-10-07 03:00
66947,2026-10-30,Vendredi,13:30,14:20,DNA Victor Hugo,Lagree,Carla Triboul,0,0,False,disponible,2026-10-07 03:00
66142,2026-10-30,Vendredi,16:30,17:20,DNA Victor Hugo,Lagree,Celia Almeida,0,0,False,disponible,2026-10-07 03:00
67163,2026-10-30,Vendredi,16:30,17:20,DNA Victor Hugo,Reformer,Yasmine Khoulalene,0,0,False,disponible,2026-10-07 03:00
21869,2026-10-30,Vendredi,17:00,17:50,DNA Yvon Villarceau,Reformer,Audrey Hugon,0,0,False,disponible,2026-10-07 03:00
60883,2026-10-30,Vendredi,17:30,18:20,DNA Victor Hugo,Reformer,Yasmine Khoulalene,0,0,False,disponible,2026-10-07 03:00
66195,2026-10-30,Vendredi,17:30,18:20,DNA Victor Hugo,Lagree,Celia Almeida,0,0,False,disponible,2026-10-07 03:00
22285,2026-10-30,Vendredi,18:00,18:50,DNA Yvon Villarceau,Reformer,Audrey Hugon,0,0,False,disponible,2026-10-07 03:00
65156,2026-10-30,Vendredi,18:00,18:50,DNA Yvon Villarceau,Lagree,Calista Ruat,0,0,False,disponible,2026-10-07 03:00
47117,2026-10-30,Vendredi,18:30,19:15,DNA Victor Hugo,Lagree,Celia Almeida,0,0,False,disponible,2026-10-07 03:00
60724,2026-10-30,Vendredi,18:30,19:20,DNA Victor Hugo,Reformer,Olivia Lamarre Reyner,0,0,False,disponible,2026-10-07 03:00
22493,2026-10-30,Vendredi,19:00,19:50,DNA Yvon Villarceau,Reformer,Audrey Hugon,0,0,False,disponible,2026-10-07 03:00
65313,2026-10-30,Vendredi,19:00,19:50,DNA Yvon Villarceau,Lagree,Calista Ruat,0,0,False,disponible,2026-10-07 03:00
47170,2026-10-30,Vendredi,19:30,20:15,DNA Victor Hugo,Lagree,Celia Almeida,0,0,False,disponible,2026-10-07 03:00
63362,2026-10-30,Vendredi,19:30,20:20,DNA Victor Hugo,Reformer,Olivia Lamarre Reyner,0,0,False,disponible,2026-10-07 03:00
52914,2026-10-30,Vendredi,20:00,20:50,DNA Yvon Villarceau,Reformer,Audrey Hugon,0,0,False,disponible,2026-10-07 03:00
62975,2026-10-30,Vendredi,20:00,20:50,DNA Yvon Villarceau,Lagree,Calista Ruat,0,0,False,disponible,2026-10-07 03:00
64840,2026-10-30,Vendredi,21:00,21:50,DNA Yvon Villarceau,Reformer,Eve Lacroix,0,0,False,inconnu,2026-10-07 03:00
46020,2026-10-31,Samedi,08:00,09:00,DNA Yvon Villarceau,Lagree,Alice Amat,0,0,False,inconnu,2026-10-07 03:00
12073,2026-10-31,Samedi,09:00,09:50,DNA Yvon Villarceau,Reformer,Leann Mroueh,0,0,False,disponible,2026-10-07 03:00
34053,2026-10-31,Samedi,09:00,09:50,DNA Yvon Villarceau,Lagree,Carla Triboul (Suppléant),0,0,False,disponible,2026-10-07 03:00
47223,2026-10-31,Samedi,09:30,10:15,DNA Victor Hugo,Lagree,Nina Claro,0,0,False,disponible,2026-10-07 03:00
64422,2026-10-31,Samedi,09:30,10:20,DNA Victor Hugo,Reformer,Chloe Graeffly,0,0,False,disponible,2026-10-07 03:00
11024,2026-10-31,Samedi,10:00,10:50,DNA Yvon Villarceau,Reformer,Leann Mroueh,0,0,False,disponible,2026-10-07 03:00
34261,2026-10-31,Samedi,10:00,10:50,DNA Yvon Villarceau,Lagree,Carla Triboul (Suppléant),0,0,False,disponible,2026-10-07 03:00
47276,2026-10-31,Samedi,10:30,11:15,DNA Victor Hugo,Lagree,Nina Claro,0,0,False,disponible,2026-10-07 03:00
64475,2026-10-31,Samedi,10:30,11:20,DNA Victor Hugo,Reformer,Chloe Graeffly,0,0,False,disponible,2026-10-07 03:00
11234,2026-10-31,Samedi,11:00,11:50,DNA Yvon Villarceau,Reformer,Leann Mroueh,0,0,False,disponible,2026-10-07 03:00
34677,2026-10-31,Samedi,11:00,11:50,DNA Yvon Villarceau,Lagree,Carla Triboul (Suppléant),0,0,False,disponible,2026-10-07 03:00
47329,2026-10-31,Samedi,11:30,12:15,DNA Victor Hugo,Lagree,Nina Claro,0,0,False,disponible,2026-10-07 03:00
64528,2026-10-31,Samedi,11:30,12:20,DNA Victor Hugo,Reformer,Chloe Graeffly,0,0,False,disponible,2026-10-07 03:00
10814,2026-10-31,Samedi,12:00,12:50,DNA Yvon Villarceau,Reformer,Lucrezia Amerio,0,0,False,disponible,2026-10-07 03:00
35091,2026-10-31,Samedi,12:00,12:50,DNA Yvon Villarceau,Lagree,Carla Triboul (Suppléant),0,0,False,disponible,2026-10-07 03:00
47382,2026-10-31,Samedi,12:30,13:15,DNA Victor Hugo,Lagree,Catrin Karlson English class,0,0,False,disponible,2026-10-07 03:00
64893,2026-10-31,Samedi,12:30,13:20,DNA Victor Hugo,Reformer,Chloe Graeffly,0,0,False,disponible,2026-10-07 03:00
11444,2026-10-31,Samedi,13:00,13:50,DNA Yvon Villarceau,Reformer,Lucrezia Amerio,0,0,False,disponible,2026-10-07 03:00
32108,2026-10-31,Samedi,13:00,13:50,DNA Yvon Villarceau,Lagree,Carla Triboul (Suppléant),0,0,False,disponible,2026-10-07 03:00
47435,2026-10-31,Samedi,13:30,14:15,DNA Victor Hugo,Lagree,Catrin Karlson English class,0,0,False,disponible,2026-10-07 03:00
64581,2026-10-31,Samedi,13:30,14:20,DNA Victor Hugo,Reformer,Chloe Graeffly,0,0,False,disponible,2026-10-07 03:00
16227,2026-10-31,Samedi,14:00,14:50,DNA Yvon Villarceau,Reformer,Nina Claro,0,0,False,disponible,2026-10-07 03:00
29218,2026-10-31,Samedi,14:00,14:50,DNA Yvon Villarceau,Lagree,Lucrezia Amerio,0,0,False,disponible,2026-10-07 03:00
47488,2026-10-31,Samedi,14:30,15:15,DNA Victor Hugo,Lagree,Catrin Karlson English class,0,0,False,disponible,2026-10-07 03:00
63628,2026-10-31,Samedi,14:30,15:20,DNA Victor Hugo,Reformer,Olivia Lamarre Reyner,0,0,False,disponible,2026-10-07 03:00
16435,2026-10-31,Samedi,15:00,15:50,DNA Yvon Villarceau,Reformer,Nina Claro,0,0,False,disponible,2026-10-07 03:00
29374,2026-10-31,Samedi,15:00,15:50,DNA Yvon Villarceau,Lagree,Lucrezia Amerio,0,0,False,disponible,2026-10-07 03:00
63681,2026-10-31,Samedi,15:30,16:20,DNA Victor Hugo,Reformer,Olivia Lamarre Reyner,0,0,False,disponible,2026-10-07 03:00
20623,2026-10-31,Samedi,16:00,16:50,DNA Yvon Villarceau,Reformer,Nina Claro,0,0,False,inconnu,2026-10-07 03:00
30660,2026-10-31,Samedi,16:00,16:50,DNA Yvon Villarceau,Lagree,Celia Almeida,0,0,False,disponible,2026-10-07 03:00
64946,2026-10-31,Samedi,16:30,17:20,DNA Victor Hugo,Reformer,Lucrezia Amerio,0,0,False,disponible,2026-10-07 03:00
65804,2026-10-31,Samedi,16:30,17:20,DNA Victor Hugo,Lagree,Carla Triboul,0,0,False,disponible,2026-10-07 03:00
11865,2026-10-31,Samedi,17:00,17:50,DNA Yvon Villarceau,Reformer,Olivia Lamarre Reyner,0,0,False,disponible,2026-10-07 03:00
29883,2026-10-31,Samedi,17:00,17:50,DNA Yvon Villarceau,Lagree,Celia Almeida,0,0,False,disponible,2026-10-07 03:00
52461,2026-10-31,Samedi,17:30,18:15,DNA Victor Hugo,Lagree,Carla Triboul,0,0,False,disponible,2026-10-07 03:00
64999,2026-10-31,Samedi,17:30,18:20,DNA Victor Hugo,Reformer,Lucrezia Amerio,0,0,False,disponible,2026-10-07 03:00
12281,2026-10-31,Samedi,18:00,18:50,DNA Yvon Villarceau,Reformer,Olivia Lamarre Reyner,0,0,False,disponible,2026-10-07 03:00
30092,2026-10-31,Samedi,18:00,18:50,DNA Yvon Villarceau,Lagree,Celia Almeida,0,0,False,disponible,2026-10-07 03:00
52513,2026-10-31,Samedi,18:30,19:15,DNA Victor Hugo,Lagree,Carla Triboul,0,0,False,disponible,2026-10-07 03:00
65052,2026-10-31,Samedi,18:30,19:20,DNA Victor Hugo,Reformer,Lucrezia Amerio,0,0,False,disponible,2026-10-07 03:00
12489,2026-10-31,Samedi,19:00,19:50,DNA Yvon Villarceau,Reformer,Olivia Lamarre Reyner,0,0,False,disponible,2026-10-07 03:00
30457,2026-10-31,Samedi,19:00,19:50,DNA Yvon Villarceau,Lagree,Celia Almeida,0,0,False,disponible,2026-10-07 03:00
52565,2026-10-31,Samedi,19:30,20:15,DNA Victor Hugo,Lagree,Carla Triboul,0,0,False,disponible,2026-10-07 03:00
65105,2026-10-31,Samedi,19:30,20:20,DNA Victor Hugo,Reformer,Lucrezia Amerio,0,0,False,disponible,2026-10-07 03:00
38324,2026-11-01,Dimanche,09:00,09:50,DNA Yvon Villarceau,Lagree,Nina Claro,0,0,False,disponible,2026-10-07 03:00
46230,2026-11-01,Dimanche,09:00,09:50,DNA Yvon Villarceau,Reformer,Eve Lacroix,0,0,False,disponible,2026-10-07 03:00
47541,2026-11-01,Dimanche,09:30,10:15,DNA Victor Hugo,Lagree,Ela Anastasia,0,0,False,disponible,2026-10-07 03:00
63734,2026-11-01,Dimanche,09:30,10:20,DNA Victor Hugo,Reformer,Audrey Hugon,0,0,False,disponible,2026-10-07 03:00
19366,2026-11-01,Dimanche,10:00,10:50,DNA Yvon Villarceau,Reformer,Eve Lacroix,0,0,False,disponible,2026-10-07 03:00
38532,2026-11-01,Dimanche,10:00,10:50,DNA Yvon Villarceau,Lagree,Nina Claro,0,0,False,disponible,2026-10-07 03:00
47594,2026-11-01,Dimanche,10:30,11:15,DNA Victor Hugo,Lagree,Ela Anastasia,0,0,False,disponible,2026-10-07 03:00
63787,2026-11-01,Dimanche,10:30,11:20,DNA Victor Hugo,Reformer,Audrey Hugon,0,0,False,disponible,2026-10-07 03:00
19575,2026-11-01,Dimanche,11:00,11:50,DNA Yvon Villarceau,Reformer,Eve Lacroix,0,0,False,disponible,2026-10-07 03:00
38740,2026-11-01,Dimanche,11:00,11:50,DNA Yvon Villarceau,Lagree,Nina Claro,0,0,False,disponible,2026-10-07 03:00
47647,2026-11-01,Dimanche,11:30,12:15,DNA Victor Hugo,Lagree,Ela Anastasia,0,0,False,disponible,2026-10-07 03:00
63840,2026-11-01,Dimanche,11:30,12:20,DNA Victor Hugo,Reformer,Audrey Hugon,0,0,False,disponible,2026-10-07 03:00
19784,2026-11-01,Dimanche,12:00,12:50,DNA Yvon Villarceau,Reformer,Eve Lacroix,0,0,False,disponible,2026-10-07 03:00
38948,2026-11-01,Dimanche,12:00,12:50,DNA Yvon Villarceau,Lagree,Nina Claro,0,0,False,disponible,2026-10-07 03:00
63893,2026-11-01,Dimanche,12:30,13:20,DNA Victor Hugo,Reformer,Audrey Hugon,0,0,False,disponible,2026-10-07 03:00
17902,2026-11-01,Dimanche,13:00,13:50,DNA Yvon Villarceau,Reformer,Eve Lacroix,0,0,False,disponible,2026-10-07 03:00
39156,2026-11-01,Dimanche,13:00,13:50,DNA Yvon Villarceau,Lagree,Nina Claro,0,0,False,disponible,2026-10-07 03:00
47753,2026-11-01,Dimanche,13:30,14:15,DNA Victor Hugo,Lagree,Julia Tapiro,0,0,False,disponible,2026-10-07 03:00
33252,2026-11-01,Dimanche,14:00,14:50,DNA Yvon Villarceau,Lagree,Nina Claro,0,0,False,disponible,2026-10-07 03:00
56119,2026-11-01,Dimanche,14:00,14:50,DNA Yvon Villarceau,Reformer,Eve Lacroix,0,0,False,disponible,2026-10-07 03:00
47806,2026-11-01,Dimanche,14:30,15:15,DNA Victor Hugo,Lagree,Julia Tapiro,0,0,False,disponible,2026-10-07 03:00
67216,2026-11-01,Dimanche,14:30,15:20,DNA Victor Hugo,Reformer,Lucrezia Amerio,0,0,False,disponible,2026-10-07 03:00
16017,2026-11-01,Dimanche,15:00,15:50,DNA Yvon Villarceau,Reformer,Olivia Lamarre Reyner,0,0,False,disponible,2026-10-07 03:00
47859,2026-11-01,Dimanche,15:30,16:15,DNA Victor Hugo,Lagree,Julia Tapiro,0,0,False,disponible,2026-10-07 03:00
67269,2026-11-01,Dimanche,15:30,16:20,DNA Victor Hugo,Reformer,Lucrezia Amerio,0,0,False,disponible,2026-10-07 03:00
24363,2026-11-01,Dimanche,16:00,16:50,DNA Yvon Villarceau,Reformer,Olivia Lamarre Reyner,0,0,False,disponible,2026-10-07 03:00
37900,2026-11-01,Dimanche,16:00,16:50,DNA Yvon Villarceau,Lagree,Catrin Karlson English class,0,0,False,disponible,2026-10-07 03:00
67322,2026-11-01,Dimanche,16:30,17:20,DNA Victor Hugo,Reformer,Lucrezia Amerio,0,0,False,disponible,2026-10-07 03:00
67902,2026-11-01,Dimanche,16:30,17:20,DNA Victor Hugo,Lagree,Olympe Acquier,0,0,False,disponible,2026-10-07 03:00
19992,2026-11-01,Dimanche,17:00,17:50,DNA Yvon Villarceau,Reformer,Olivia Lamarre Reyner,0,0,False,disponible,2026-10-07 03:00
39364,2026-11-01,Dimanche,17:00,17:50,DNA Yvon Villarceau,Lagree,Catrin Karlson English class,0,0,False,disponible,2026-10-07 03:00
64317,2026-11-01,Dimanche,17:30,18:20,DNA Victor Hugo,Reformer,Chloe Graeffly,0,0,False,disponible,2026-10-07 03:00
68014,2026-11-01,Dimanche,17:30,18:20,DNA Victor Hugo,Lagree,Olympe Acquier,0,0,False,disponible,2026-10-07 03:00
39780,2026-11-01,Dimanche,18:00,18:50,DNA Yvon Villarceau,Lagree,Catrin Karlson English class,0,0,False,disponible,2026-10-07 03:00
59742,2026-11-01,Dimanche,18:00,18:50,DNA Yvon Villarceau,Reformer,Marie De Saint Simon,0,0,False,disponible,2026-10-07 03:00
52617,2026-11-01,Dimanche,18:30,19:15,DNA Victor Hugo,Lagree,Hala Takkiedine,0,0,False,disponible,2026-10-07 03:00
64370,2026-11-01,Dimanche,18:30,19:20,DNA Victor Hugo,Reformer,Chloe Graeffly,0,0,False,disponible,2026-10-07 03:00
20410,2026-11-01,Dimanche,19:00,19:50,DNA Yvon Villarceau,Reformer,Marie De Saint Simon,0,0,False,disponible,2026-10-07 03:00
39988,2026-11-01,Dimanche,19:00,19:50,DNA Yvon Villarceau,Lagree,Catrin Karlson English class,0,0,False,disponible,2026-10-07 03:00
52669,2026-11-01,Dimanche,19:30,20:15,DNA Victor Hugo,Lagree,Hala Takkiedine,0,0,False,disponible,2026-10-07 03:00
68065,2026-11-01,Dimanche,19:30,20:20,DNA Victor Hugo,Reformer,Chloe Graeffly,0,0,False,disponible,2026-10-07 03:00
18532,2026-11-02,Lundi,08:00,08:50,DNA Yvon Villarceau,Reformer,Rebecca Raccah,0,0,False,disponible,2026-10-07 03:00
35922,2026-11-02,Lundi,08:00,08:50,DNA Yvon Villarceau,Lagree,Ela Anastasia,0,0,False,disponible,2026-10-07 03:00
61093,2026-11-02,Lundi,08:30,09:20,DNA Victor Hugo,Reformer,Nina Claro,0,0,False,disponible,2026-10-07 03:00
66467,2026-11-02,Lundi,08:30,09:20,DNA Victor Hugo,Lagree,Carla Triboul,0,0,False,disponible,2026-10-07 03:00
25407,2026-11-02,Lundi,09:00,09:50,DNA Yvon Villarceau,Reformer,Rebecca Raccah,0,0,False,disponible,2026-10-07 03:00
36131,2026-11-02,Lundi,09:00,09:50,DNA Yvon Villarceau,Lagree,Ela Anastasia,0,0,False,disponible,2026-10-07 03:00
61146,2026-11-02,Lundi,09:30,10:20,DNA Victor Hugo,Reformer,Nina Claro,0,0,False,disponible,2026-10-07 03:00
66627,2026-11-02,Lundi,09:30,10:20,DNA Victor Hugo,Lagree,Carla Triboul,0,0,False,disponible,2026-10-07 03:00
25199,2026-11-02,Lundi,10:00,10:50,DNA Yvon Villarceau,Reformer,Rebecca Raccah,0,0,False,disponible,2026-10-07 03:00
44981,2026-11-02,Lundi,10:00,10:50,DNA Yvon Villarceau,Lagree,Ela Anastasia,0,0,False,disponible,2026-10-07 03:00
61199,2026-11-02,Lundi,10:30,11:20,DNA Victor Hugo,Reformer,Nina Claro,0,0,False,disponible,2026-10-07 03:00
66787,2026-11-02,Lundi,10:30,11:20,DNA Victor Hugo,Lagree,Carla Triboul,0,0,False,disponible,2026-10-07 03:00
24991,2026-11-02,Lundi,11:00,11:50,DNA Yvon Villarceau,Reformer,Rebecca Raccah,0,0,False,disponible,2026-10-07 03:00
34470,2026-11-02,Lundi,11:00,11:50,DNA Yvon Villarceau,Lagree,Ela Anastasia,0,0,False,disponible,2026-10-07 03:00
46641,2026-11-02,Lundi,11:30,12:15,DNA Victor Hugo,Lagree,Sarah Elfassy,0,0,False,disponible,2026-10-07 03:00
61252,2026-11-02,Lundi,11:30,12:20,DNA Victor Hugo,Reformer,Nina Claro,0,0,False,disponible,2026-10-07 03:00
18740,2026-11-02,Lundi,12:00,12:50,DNA Yvon Villarceau,Reformer,Charlie DMC,0,0,False,disponible,2026-10-07 03:00
51763,2026-11-02,Lundi,12:00,12:50,DNA Yvon Villarceau,Lagree,Catrin Karlson English class,0,0,False,disponible,2026-10-07 03:00
46694,2026-11-02,Lundi,12:30,13:15,DNA Victor Hugo,Lagree,Sarah Elfassy,0,0,False,disponible,2026-10-07 03:00
61305,2026-11-02,Lundi,12:30,13:20,DNA Victor Hugo,Reformer,Nina Claro,0,0,False,disponible,2026-10-07 03:00
18948,2026-11-02,Lundi,13:00,13:50,DNA Yvon Villarceau,Reformer,Charlie DMC,0,0,False,disponible,2026-10-07 03:00
35718,2026-11-02,Lundi,13:00,13:50,DNA Yvon Villarceau,Lagree,Catrin Karlson English class,0,0,False,disponible,2026-10-07 03:00
61358,2026-11-02,Lundi,13:30,14:20,DNA Victor Hugo,Reformer,Nina Claro,0,0,False,disponible,2026-10-07 03:00
62023,2026-11-02,Lundi,13:30,14:20,DNA Victor Hugo,Lagree,Sarah Elfassy,0,0,False,disponible,2026-10-07 03:00
37108,2026-11-02,Lundi,14:00,14:50,DNA Yvon Villarceau,Lagree,Catrin Karlson English class,0,0,False,disponible,2026-10-07 03:00
56275,2026-11-02,Lundi,14:00,14:50,DNA Yvon Villarceau,Reformer,Charlie DMC,0,0,False,disponible,2026-10-07 03:00
62251,2026-11-02,Lundi,14:30,15:20,DNA Victor Hugo,Reformer,Sarah Elfassy,0,0,False,disponible,2026-10-07 03:00
33722,2026-11-02,Lundi,15:00,15:50,DNA Yvon Villarceau,Lagree,Ela Anastasia,0,0,False,disponible,2026-10-07 03:00
55495,2026-11-02,Lundi,15:30,16:20,DNA Victor Hugo,Reformer,Sarah Elfassy,0,0,False,disponible,2026-10-07 03:00
31950,2026-11-02,Lundi,16:00,16:50,DNA Yvon Villarceau,Lagree,Ela Anastasia,0,0,False,disponible,2026-10-07 03:00
68117,2026-11-02,Lundi,16:00,16:50,DNA Yvon Villarceau,Reformer,Charlie DMC,0,0,False,disponible,2026-10-07 03:00
27071,2026-11-02,Lundi,17:00,17:50,DNA Yvon Villarceau,Reformer,Charlie DMC,0,0,False,disponible,2026-10-07 03:00
45189,2026-11-02,Lundi,17:00,17:50,DNA Yvon Villarceau,Lagree,Calista Ruat,0,0,False,disponible,2026-10-07 03:00
47966,2026-11-02,Lundi,17:30,18:15,DNA Victor Hugo,Lagree,Catrin Karlson English class,0,0,False,disponible,2026-10-07 03:00
61779,2026-11-02,Lundi,17:30,18:20,DNA Victor Hugo,Reformer,Rebecca Raccah,0,0,False,disponible,2026-10-07 03:00
26863,2026-11-02,Lundi,18:00,18:50,DNA Yvon Villarceau,Reformer,Charlie DMC,0,0,False,disponible,2026-10-07 03:00
45397,2026-11-02,Lundi,18:00,18:50,DNA Yvon Villarceau,Lagree,Calista Ruat,0,0,False,disponible,2026-10-07 03:00
48018,2026-11-02,Lundi,18:30,19:15,DNA Victor Hugo,Lagree,Catrin Karlson English class,0,0,False,disponible,2026-10-07 03:00
61832,2026-11-02,Lundi,18:30,19:20,DNA Victor Hugo,Reformer,Rebecca Raccah,0,0,False,disponible,2026-10-07 03:00
24783,2026-11-02,Lundi,19:00,19:50,DNA Yvon Villarceau,Reformer,Marie De Saint Simon,0,0,False,disponible,2026-10-07 03:00
45813,2026-11-02,Lundi,19:00,19:50,DNA Yvon Villarceau,Lagree,Calista Ruat,0,0,False,disponible,2026-10-07 03:00
48070,2026-11-02,Lundi,19:30,20:15,DNA Victor Hugo,Lagree,Catrin Karlson English class,0,0,False,disponible,2026-10-07 03:00
61938,2026-11-02,Lundi,19:30,20:20,DNA Victor Hugo,Reformer,Rebecca Raccah,0,0,False,disponible,2026-10-07 03:00
24575,2026-11-02,Lundi,20:00,20:50,DNA Yvon Villarceau,Reformer,Marie De Saint Simon,0,0,False,disponible,2026-10-07 03:00
45605,2026-11-02,Lundi,20:00,20:50,DNA Yvon Villarceau,Lagree,Calista Ruat,0,0,False,disponible,2026-10-07 03:00
48122,2026-11-02,Lundi,20:30,21:15,DNA Victor Hugo,Lagree,Catrin Karlson English class,0,0,False,disponible,2026-10-07 03:00
59590,2026-11-02,Lundi,21:00,21:50,DNA Yvon Villarceau,Reformer,Marie De Saint Simon,0,0,False,disponible,2026-10-07 03:00
28111,2026-11-03,Mardi,08:00,08:50,DNA Yvon Villarceau,Lagree,Celia Almeida,0,0,False,disponible,2026-10-07 03:00
50398,2026-11-03,Mardi,08:00,08:50,DNA Yvon Villarceau,Reformer,Charlie DMC,0,0,False,disponible,2026-10-07 03:00
62445,2026-11-03,Mardi,08:30,09:20,DNA Victor Hugo,Reformer,Nina Claro,0,0,False,disponible,2026-10-07 03:00
65625,2026-11-03,Mardi,08:30,09:20,DNA Victor Hugo,Lagree,Yasmine Khoulalene,0,0,False,disponible,2026-10-07 03:00
28319,2026-11-03,Mardi,09:00,09:50,DNA Yvon Villarceau,Lagree,Celia Almeida,0,0,False,disponible,2026-10-07 03:00
50595,2026-11-03,Mardi,09:00,09:50,DNA Yvon Villarceau,Reformer,Charlie DMC,0,0,False,disponible,2026-10-07 03:00
62498,2026-11-03,Mardi,09:30,10:20,DNA Victor Hugo,Reformer,Nina Claro,0,0,False,disponible,2026-10-07 03:00
67056,2026-11-03,Mardi,09:30,10:20,DNA Victor Hugo,Lagree,Yasmine Khoulalene,0,0,False,disponible,2026-10-07 03:00
28527,2026-11-03,Mardi,10:00,10:50,DNA Yvon Villarceau,Lagree,Celia Almeida,0,0,False,disponible,2026-10-07 03:00
50792,2026-11-03,Mardi,10:00,10:50,DNA Yvon Villarceau,Reformer,Charlie DMC,0,0,False,disponible,2026-10-07 03:00
62551,2026-11-03,Mardi,10:30,11:20,DNA Victor Hugo,Reformer,Nina Claro,0,0,False,disponible,2026-10-07 03:00
67068,2026-11-03,Mardi,10:30,11:15,DNA Victor Hugo,Lagree,Yasmine Khoulalene,0,0,False,disponible,2026-10-07 03:00
26239,2026-11-03,Mardi,11:00,11:50,DNA Yvon Villarceau,Reformer,Soudi Zargham,0,0,False,disponible,2026-10-07 03:00
28735,2026-11-03,Mardi,11:00,11:50,DNA Yvon Villarceau,Lagree,isis Magnin,0,0,False,disponible,2026-10-07 03:00
48332,2026-11-03,Mardi,11:30,12:15,DNA Victor Hugo,Lagree,hafsa boughemza,0,0,False,disponible,2026-10-07 03:00
62604,2026-11-03,Mardi,11:30,12:20,DNA Victor Hugo,Reformer,Nina Claro,0,0,False,disponible,2026-10-07 03:00
26031,2026-11-03,Mardi,12:00,12:50,DNA Yvon Villarceau,Reformer,Soudi Zargham,0,0,False,disponible,2026-10-07 03:00
44149,2026-11-03,Mardi,12:00,12:50,DNA Yvon Villarceau,Lagree,isis Magnin,0,0,False,disponible,2026-10-07 03:00
62657,2026-11-03,Mardi,12:30,13:20,DNA Victor Hugo,Reformer,Nina Claro,0,0,False,disponible,2026-10-07 03:00
67081,2026-11-03,Mardi,12:30,13:15,DNA Victor Hugo,Lagree,hafsa boughemza,0,0,False,disponible,2026-10-07 03:00
25823,2026-11-03,Mardi,13:00,13:50,DNA Yvon Villarceau,Reformer,Soudi Zargham,0,0,False,disponible,2026-10-07 03:00
44357,2026-11-03,Mardi,13:00,13:50,DNA Yvon Villarceau,Lagree,isis Magnin,0,0,False,disponible,2026-10-07 03:00
66273,2026-11-03,Mardi,13:30,14:20,DNA Victor Hugo,Reformer,Nina Claro,0,0,False,disponible,2026-10-07 03:00
67739,2026-11-03,Mardi,13:30,14:20,DNA Victor Hugo,Lagree,hafsa boughemza,0,0,False,disponible,2026-10-07 03:00
36951,2026-11-03,Mardi,14:00,14:50,DNA Yvon Villarceau,Lagree,isis Magnin,0,0,False,disponible,2026-10-07 03:00
65828,2026-11-03,Mardi,14:30,15:20,DNA Victor Hugo,Reformer,Olivia Lamarre Reyner,0,0,False,disponible,2026-10-07 03:00
67372,2026-11-03,Mardi,14:30,15:20,DNA Victor Hugo,Lagree,hafsa boughemza,0,0,False,disponible,2026-10-07 03:00
65881,2026-11-03,Mardi,15:30,16:20,DNA Victor Hugo,Reformer,Olivia Lamarre Reyner,0,0,False,disponible,2026-10-07 03:00
67425,2026-11-03,Mardi,15:30,16:20,DNA Victor Hugo,Lagree,hafsa boughemza,0,0,False,disponible,2026-10-07 03:00
57064,2026-11-03,Mardi,16:00,16:50,DNA Yvon Villarceau,Reformer,Charlie DMC,0,0,False,disponible,2026-10-07 03:00
65934,2026-11-03,Mardi,16:30,17:20,DNA Victor Hugo,Reformer,Olivia Lamarre Reyner,0,0,False,disponible,2026-10-07 03:00
12698,2026-11-03,Mardi,17:00,17:50,DNA Yvon Villarceau,Reformer,Charlie DMC,0,0,False,disponible,2026-10-07 03:00
52159,2026-11-03,Mardi,17:00,17:50,DNA Yvon Villarceau,Lagree,isis Magnin,0,0,False,disponible,2026-10-07 03:00
54888,2026-11-03,Mardi,17:30,18:15,DNA Victor Hugo,Lagree,Leann Mroueh,0,0,False,disponible,2026-10-07 03:00
66306,2026-11-03,Mardi,17:30,18:20,DNA Victor Hugo,Reformer,Carla Triboul,0,0,False,disponible,2026-10-07 03:00
12906,2026-11-03,Mardi,18:00,18:50,DNA Yvon Villarceau,Reformer,Charlie DMC,0,0,False,disponible,2026-10-07 03:00
35510,2026-11-03,Mardi,18:00,18:50,DNA Yvon Villarceau,Lagree,isis Magnin,0,0,False,disponible,2026-10-07 03:00
55040,2026-11-03,Mardi,18:30,19:15,DNA Victor Hugo,Lagree,Leann Mroueh,0,0,False,disponible,2026-10-07 03:00
63946,2026-11-03,Mardi,18:30,19:20,DNA Victor Hugo,Reformer,Carla Triboul,0,0,False,disponible,2026-10-07 03:00
13114,2026-11-03,Mardi,19:00,19:50,DNA Yvon Villarceau,Reformer,Eve Lacroix,0,0,False,disponible,2026-10-07 03:00
44565,2026-11-03,Mardi,19:00,19:50,DNA Yvon Villarceau,Lagree,Calista Ruat,0,0,False,disponible,2026-10-07 03:00
55192,2026-11-03,Mardi,19:30,20:15,DNA Victor Hugo,Lagree,Leann Mroueh,0,0,False,disponible,2026-10-07 03:00
63999,2026-11-03,Mardi,19:30,20:20,DNA Victor Hugo,Reformer,Carla Triboul,0,0,False,disponible,2026-10-07 03:00
25615,2026-11-03,Mardi,20:00,20:50,DNA Yvon Villarceau,Reformer,Eve Lacroix,0,0,False,disponible,2026-10-07 03:00
44773,2026-11-03,Mardi,20:00,20:50,DNA Yvon Villarceau,Lagree,Calista Ruat,0,0,False,disponible,2026-10-07 03:00
55344,2026-11-03,Mardi,20:30,21:15,DNA Victor Hugo,Lagree,Leann Mroueh,0,0,False,disponible,2026-10-07 03:00
64052,2026-11-03,Mardi,20:30,21:20,DNA Victor Hugo,Reformer,Carla Triboul,0,0,False,disponible,2026-10-07 03:00
59419,2026-11-03,Mardi,21:00,21:50,DNA Yvon Villarceau,Reformer,Eve Lacroix,0,0,False,disponible,2026-10-07 03:00
65751,2026-11-03,Mardi,21:00,21:50,DNA Yvon Villarceau,Lagree,Calista Ruat,0,0,False,disponible,2026-10-07 03:00
