id,date,jour,heure,fin,lieu,cours,coach,capacite,presents,finie,statut,releve
2026-05-31|10:00|le 33 foch|bootcamp,2026-05-31,Dimanche,10:00,10:45,Le 33 Foch,BOOTCAMP,MATTEO,0,0,True,disponible,2026-05-31 00:14
2026-05-31|10:00|le 33 foch|micro lagree,2026-05-31,Dimanche,10:00,10:50,Le 33 Foch,MICRO LAGREE,EMMA (Suppléant),0,0,True,disponible,2026-05-31 00:14
2026-05-31|10:00|le 33 foch|pilates reformer (niveau 2),2026-05-31,Dimanche,10:00,10:50,Le 33 Foch,PILATES REFORMER (Niveau 2),LISA,12,12,True,complet,2026-05-31 00:14
2026-05-31|11:00|le 33 foch|cardio-boxing,2026-05-31,Dimanche,11:00,11:45,Le 33 Foch,CARDIO-BOXING,JEREMI,0,0,True,disponible,2026-05-31 00:14
2026-05-31|11:00|le 33 foch|micro lagree,2026-05-31,Dimanche,11:00,11:50,Le 33 Foch,MICRO LAGREE,EMMA (Suppléant),12,12,True,complet,2026-05-31 00:14
2026-05-31|11:00|le 33 foch|pilates reformer (niveau 2),2026-05-31,Dimanche,11:00,11:50,Le 33 Foch,PILATES REFORMER (Niveau 2),LISA,12,12,True,complet,2026-05-31 00:14
2026-05-31|11:30|le 33 foch|cuisses abdos fessiers,2026-05-31,Dimanche,11:30,12:15,Le 33 Foch,CUISSES ABDOS FESSIERS,MATTEO,0,0,True,disponible,2026-05-31 00:14
2026-05-31|12:00|le 33 foch|cardio-boxing,2026-05-31,Dimanche,12:00,12:45,Le 33 Foch,CARDIO-BOXING,JEREMI,0,0,True,disponible,2026-05-31 00:14
2026-05-31|12:00|le 33 foch|micro lagree,2026-05-31,Dimanche,12:00,12:50,Le 33 Foch,MICRO LAGREE,EMMA (Suppléant),0,0,True,disponible,2026-05-31 00:14
2026-05-31|12:00|le 33 foch|pilates reformer (niveau 2),2026-05-31,Dimanche,12:00,12:50,Le 33 Foch,PILATES REFORMER (Niveau 2),LISA,12,12,True,complet,2026-05-31 00:14
2026-05-31|12:30|le 33 foch|bootcamp & cycle,2026-05-31,Dimanche,12:30,13:15,Le 33 Foch,BOOTCAMP & CYCLE,MATTEO,0,0,True,disponible,2026-05-31 00:14
2026-05-31|15:00|le 33 foch|pilates reformer,2026-05-31,Dimanche,15:00,15:50,Le 33 Foch,PILATES REFORMER,SARAH C. (Suppléant),0,0,True,disponible,2026-05-31 00:14
2026-05-31|16:00|le 33 foch|pilates reformer,2026-05-31,Dimanche,16:00,16:50,Le 33 Foch,PILATES REFORMER,SARAH C. (Suppléant),0,0,True,disponible,2026-05-31 00:14
2026-05-31|17:00|le 33 foch|pilates reformer,2026-05-31,Dimanche,17:00,17:50,Le 33 Foch,PILATES REFORMER,SARAH C. (Suppléant),0,0,True,disponible,2026-05-31 00:14
2026-06-01|08:00|le 33 foch|pilates reformer (niveau 2),2026-06-01,Lundi,08:00,08:50,Le 33 Foch,PILATES REFORMER (Niveau 2),LISA,0,0,True,disponible,2026-05-31 00:14
2026-06-01|09:00|le 33 foch|cuisses abdos fessiers,2026-06-01,Lundi,09:00,09:45,Le 33 Foch,CUISSES ABDOS FESSIERS,MATTEO,0,0,True,disponible,2026-05-31 00:14
2026-06-01|09:00|le 33 foch|pilates reformer (niveau 2),2026-06-01,Lundi,09:00,09:50,Le 33 Foch,PILATES REFORMER (Niveau 2),LISA,0,0,True,disponible,2026-05-31 00:14
2026-06-01|10:00|le 33 foch|pilates reformer (niveau 2),2026-06-01,Lundi,10:00,10:50,Le 33 Foch,PILATES REFORMER (Niveau 2),LISA,0,0,True,disponible,2026-05-31 00:14
2026-06-01|11:00|le 33 foch|body sculpt,2026-06-01,Lundi,11:00,11:45,Le 33 Foch,BODY SCULPT,DOMINIQUE,0,0,True,disponible,2026-05-31 00:14
2026-06-01|12:00|le 33 foch|micro lagree,2026-06-01,Lundi,12:00,12:50,Le 33 Foch,MICRO LAGREE,SALOME K. (Suppléant),0,0,True,disponible,2026-05-31 00:14
2026-06-01|12:00|le 33 foch|pilates reformer,2026-06-01,Lundi,12:00,12:50,Le 33 Foch,PILATES REFORMER,SARAH C. (Suppléant),0,0,True,disponible,2026-05-31 00:14
2026-06-01|12:30|le 33 foch|trx,2026-06-01,Lundi,12:30,13:15,Le 33 Foch,TRX,MAX,0,0,True,disponible,2026-05-31 00:14
2026-06-01|13:00|le 33 foch|micro lagree,2026-06-01,Lundi,13:00,13:50,Le 33 Foch,MICRO LAGREE,SALOME K. (Suppléant),0,0,True,disponible,2026-05-31 00:14
2026-06-01|13:00|le 33 foch|pilates reformer,2026-06-01,Lundi,13:00,13:50,Le 33 Foch,PILATES REFORMER,SARAH C. (Suppléant),0,0,True,disponible,2026-05-31 00:14
2026-06-01|15:00|le 33 foch|pilates reformer,2026-06-01,Lundi,15:00,15:50,Le 33 Foch,PILATES REFORMER,ENZO,0,0,True,disponible,2026-05-31 00:14
2026-06-01|16:00|le 33 foch|micro lagree,2026-06-01,Lundi,16:00,16:50,Le 33 Foch,MICRO LAGREE,ENZO,0,0,True,disponible,2026-05-31 00:14
2026-06-01|17:00|le 33 foch|cardio-boxing,2026-06-01,Lundi,17:00,17:45,Le 33 Foch,CARDIO-BOXING,MAX,0,0,True,disponible,2026-05-31 00:14
2026-06-01|17:00|le 33 foch|micro lagree,2026-06-01,Lundi,17:00,17:50,Le 33 Foch,MICRO LAGREE,EVA,0,0,True,disponible,2026-05-31 00:14
2026-06-01|18:00|le 33 foch|body sculpt,2026-06-01,Lundi,18:00,18:45,Le 33 Foch,BODY SCULPT,DOMINIQUE,0,0,True,disponible,2026-05-31 00:14
2026-06-01|18:00|le 33 foch|cardio-boxing,2026-06-01,Lundi,18:00,18:45,Le 33 Foch,CARDIO-BOXING,MAX,0,0,True,disponible,2026-05-31 00:14
2026-06-01|18:00|le 33 foch|micro lagree,2026-06-01,Lundi,18:00,18:50,Le 33 Foch,MICRO LAGREE,EVA,0,0,True,disponible,2026-05-31 00:14
2026-06-01|18:00|le 33 foch|pilates reformer,2026-06-01,Lundi,18:00,18:50,Le 33 Foch,PILATES REFORMER,SARAH C. (Suppléant),0,0,True,disponible,2026-05-31 00:14
2026-06-01|18:30|le 33 foch — 32 tilsitt|bodyattack les mills,2026-06-01,Lundi,18:30,19:15,Le 33 Foch — 32 Tilsitt,BODYATTACK Les Mills,TYRIK,0,0,True,inconnu,2026-05-31 00:14
2026-06-01|19:00|le 33 foch|cardio-boxing,2026-06-01,Lundi,19:00,19:45,Le 33 Foch,CARDIO-BOXING,MAX,0,0,True,disponible,2026-05-31 00:14
2026-06-01|19:00|le 33 foch|micro lagree,2026-06-01,Lundi,19:00,19:50,Le 33 Foch,MICRO LAGREE,ENZO (Suppléant),0,0,True,disponible,2026-05-31 00:14
2026-06-01|19:00|le 33 foch|pilates reformer,2026-06-01,Lundi,19:00,19:50,Le 33 Foch,PILATES REFORMER,SARAH C. (Suppléant),0,0,True,disponible,2026-05-31 00:14
2026-06-01|19:15|le 33 foch|bootcamp & cycle,2026-06-01,Lundi,19:15,20:00,Le 33 Foch,BOOTCAMP & CYCLE,MATTEO,0,0,True,disponible,2026-05-31 00:14
2026-06-01|19:30|le 33 foch — 32 tilsitt|hip hop girly,2026-06-01,Lundi,19:30,20:30,Le 33 Foch — 32 Tilsitt,HIP HOP GIRLY,LUCILE,0,0,True,inconnu,2026-05-31 00:14
2026-06-01|20:00|le 33 foch|cardio-boxing,2026-06-01,Lundi,20:00,20:45,Le 33 Foch,CARDIO-BOXING,MAX,0,0,True,disponible,2026-05-31 00:14
2026-06-01|20:00|le 33 foch|micro lagree,2026-06-01,Lundi,20:00,20:50,Le 33 Foch,MICRO LAGREE,ENZO (Suppléant),0,0,True,disponible,2026-05-31 00:14
2026-06-02|09:00|le 33 foch|bootcamp & cycle,2026-06-02,Mardi,09:00,09:45,Le 33 Foch,BOOTCAMP & CYCLE,YOANN,0,0,True,disponible,2026-05-31 00:14
2026-06-02|10:00|le 33 foch|pilates reformer,2026-06-02,Mardi,10:00,10:50,Le 33 Foch,PILATES REFORMER,YOANN,0,0,True,disponible,2026-05-31 00:14
2026-06-02|11:00|le 33 foch|micro lagree,2026-06-02,Mardi,11:00,11:50,Le 33 Foch,MICRO LAGREE,REBECCA R.,0,0,True,disponible,2026-05-31 00:14
2026-06-02|11:00|le 33 foch|yoga/pilates,2026-06-02,Mardi,11:00,11:50,Le 33 Foch,YOGA/PILATES,CAROLINE,0,0,True,disponible,2026-05-31 00:14
2026-06-02|12:00|le 33 foch|micro lagree,2026-06-02,Mardi,12:00,12:50,Le 33 Foch,MICRO LAGREE,ENZO,0,0,True,disponible,2026-05-31 00:14
2026-06-02|12:00|le 33 foch|pilates reformer,2026-06-02,Mardi,12:00,12:50,Le 33 Foch,PILATES REFORMER,REBECCA R.,0,0,True,disponible,2026-05-31 00:14
2026-06-02|12:30|le 33 foch|bootcamp & cycle (wod),2026-06-02,Mardi,12:30,13:15,Le 33 Foch,BOOTCAMP & CYCLE (WOD),YOANN,0,0,True,disponible,2026-05-31 00:14
2026-06-02|13:00|le 33 foch|cardio-boxing,2026-06-02,Mardi,13:00,13:45,Le 33 Foch,CARDIO-BOXING,MAX,0,0,True,disponible,2026-05-31 00:14
2026-06-02|13:00|le 33 foch|micro lagree,2026-06-02,Mardi,13:00,13:50,Le 33 Foch,MICRO LAGREE,ENZO,0,0,True,disponible,2026-05-31 00:14
2026-06-02|13:00|le 33 foch|pilates reformer,2026-06-02,Mardi,13:00,13:50,Le 33 Foch,PILATES REFORMER,REBECCA R.,0,0,True,disponible,2026-05-31 00:14
2026-06-02|18:00|le 33 foch|body sculpt,2026-06-02,Mardi,18:00,18:45,Le 33 Foch,BODY SCULPT,DOMINIQUE,0,0,True,disponible,2026-05-31 00:14
2026-06-02|18:00|le 33 foch|cardio-boxing,2026-06-02,Mardi,18:00,18:45,Le 33 Foch,CARDIO-BOXING,HISANY,0,0,True,disponible,2026-05-31 00:14
2026-06-02|18:00|le 33 foch|micro lagree,2026-06-02,Mardi,18:00,18:50,Le 33 Foch,MICRO LAGREE,REBECCA G.,0,0,True,disponible,2026-05-31 00:14
2026-06-02|18:00|le 33 foch|pilates reformer,2026-06-02,Mardi,18:00,18:50,Le 33 Foch,PILATES REFORMER,ENZO,0,0,True,disponible,2026-05-31 00:14
2026-06-02|19:00|le 33 foch|cardio-boxing,2026-06-02,Mardi,19:00,19:45,Le 33 Foch,CARDIO-BOXING,MAX,0,0,True,disponible,2026-05-31 00:14
2026-06-02|19:00|le 33 foch|micro lagree,2026-06-02,Mardi,19:00,19:50,Le 33 Foch,MICRO LAGREE,REBECCA G.,0,0,True,disponible,2026-05-31 00:14
2026-06-02|19:00|le 33 foch|pilates reformer,2026-06-02,Mardi,19:00,19:50,Le 33 Foch,PILATES REFORMER,ENZO,0,0,True,disponible,2026-05-31 00:14
2026-06-02|19:15|le 33 foch|bootcamp & cycle (wod),2026-06-02,Mardi,19:15,20:00,Le 33 Foch,BOOTCAMP & CYCLE (WOD),HISANY,0,0,True,disponible,2026-05-31 00:14
2026-06-02|20:00|le 33 foch|cardio-boxing,2026-06-02,Mardi,20:00,20:45,Le 33 Foch,CARDIO-BOXING,MAX,0,0,True,disponible,2026-05-31 00:14
2026-06-02|20:00|le 33 foch|pilates reformer,2026-06-02,Mardi,20:00,20:50,Le 33 Foch,PILATES REFORMER,ENZO,0,0,True,disponible,2026-05-31 00:14
2026-06-02|20:15|le 33 foch|bootcamp & cycle (wod),2026-06-02,Mardi,20:15,21:00,Le 33 Foch,BOOTCAMP & CYCLE (WOD),HISANY,0,0,True,disponible,2026-05-31 00:14
2026-06-03|08:00|le 33 foch|pilates reformer (niveau 2),2026-06-03,Mercredi,08:00,08:50,Le 33 Foch,PILATES REFORMER (Niveau 2),LISA,0,0,True,disponible,2026-05-31 00:14
2026-06-03|08:30|le 33 foch|trx & cycle,2026-06-03,Mercredi,08:30,09:15,Le 33 Foch,TRX & CYCLE,JEREMI,0,0,True,disponible,2026-05-31 00:14
2026-06-03|09:00|le 33 foch|pilates reformer (niveau 2),2026-06-03,Mercredi,09:00,09:50,Le 33 Foch,PILATES REFORMER (Niveau 2),LISA,0,0,True,disponible,2026-05-31 00:14
2026-06-03|10:00|le 33 foch|pilates reformer (niveau 2),2026-06-03,Mercredi,10:00,10:50,Le 33 Foch,PILATES REFORMER (Niveau 2),LISA,0,0,True,disponible,2026-05-31 00:14
2026-06-03|11:00|le 33 foch|micro lagree,2026-06-03,Mercredi,11:00,11:50,Le 33 Foch,MICRO LAGREE,JULIA,0,0,True,disponible,2026-05-31 00:14
2026-06-03|11:00|le 33 foch|pilates mat,2026-06-03,Mercredi,11:00,11:50,Le 33 Foch,PILATES MAT,CAROLINE,0,0,True,disponible,2026-05-31 00:14
2026-06-03|12:00|le 33 foch|micro lagree,2026-06-03,Mercredi,12:00,12:50,Le 33 Foch,MICRO LAGREE,JULIA,0,0,True,disponible,2026-05-31 00:14
2026-06-03|12:00|le 33 foch|pilates reformer,2026-06-03,Mercredi,12:00,12:50,Le 33 Foch,PILATES REFORMER,REBECCA G.,0,0,True,disponible,2026-05-31 00:14
2026-06-03|12:30|le 33 foch|bootcamp & cycle (wod),2026-06-03,Mercredi,12:30,13:15,Le 33 Foch,BOOTCAMP & CYCLE (WOD),MATTEO,0,0,True,disponible,2026-05-31 00:14
2026-06-03|13:00|le 33 foch|cardio-boxing,2026-06-03,Mercredi,13:00,13:45,Le 33 Foch,CARDIO-BOXING,JEREMI,0,0,True,disponible,2026-05-31 00:14
2026-06-03|13:00|le 33 foch|pilates reformer,2026-06-03,Mercredi,13:00,13:50,Le 33 Foch,PILATES REFORMER,REBECCA G.,0,0,True,disponible,2026-05-31 00:14
2026-06-03|15:00|le 33 foch|pilates reformer,2026-06-03,Mercredi,15:00,15:50,Le 33 Foch,PILATES REFORMER,CANDICE,0,0,True,disponible,2026-05-31 00:14
2026-06-03|16:00|le 33 foch|kids boxing (6 à 9 ans),2026-06-03,Mercredi,16:00,16:45,Le 33 Foch,KIDS BOXING (6 à 9 ans),MAX,0,0,True,disponible,2026-05-31 00:14
2026-06-03|16:00|le 33 foch|pilates reformer,2026-06-03,Mercredi,16:00,16:50,Le 33 Foch,PILATES REFORMER,CANDICE,0,0,True,disponible,2026-05-31 00:14
2026-06-03|17:00|le 33 foch|cardio-boxing,2026-06-03,Mercredi,17:00,17:45,Le 33 Foch,CARDIO-BOXING,YAMANI,0,0,True,disponible,2026-05-31 00:14
2026-06-03|17:00|le 33 foch|micro lagree,2026-06-03,Mercredi,17:00,17:50,Le 33 Foch,MICRO LAGREE,JULIA,0,0,True,disponible,2026-05-31 00:14
2026-06-03|18:00|le 33 foch|bootcamp & cycle (wod),2026-06-03,Mercredi,18:00,18:45,Le 33 Foch,BOOTCAMP & CYCLE (WOD),MATTEO,0,0,True,disponible,2026-05-31 00:14
2026-06-03|18:00|le 33 foch|cardio-boxing,2026-06-03,Mercredi,18:00,18:45,Le 33 Foch,CARDIO-BOXING,YAMANI,0,0,True,disponible,2026-05-31 00:14
2026-06-03|18:00|le 33 foch|micro lagree,2026-06-03,Mercredi,18:00,18:50,Le 33 Foch,MICRO LAGREE,JULIA,0,0,True,disponible,2026-05-31 00:14
2026-06-03|18:00|le 33 foch|pilates reformer,2026-06-03,Mercredi,18:00,18:50,Le 33 Foch,PILATES REFORMER,CANDICE,0,0,True,disponible,2026-05-31 00:14
2026-06-03|18:30|le 33 foch — 32 tilsitt|house dance,2026-06-03,Mercredi,18:30,19:30,Le 33 Foch — 32 Tilsitt,HOUSE DANCE,MARION,0,0,True,disponible,2026-05-31 00:14
2026-06-03|19:00|le 33 foch|cardio-boxing,2026-06-03,Mercredi,19:00,19:45,Le 33 Foch,CARDIO-BOXING,YAMANI,0,0,True,disponible,2026-05-31 00:14
2026-06-03|19:00|le 33 foch|micro lagree,2026-06-03,Mercredi,19:00,19:50,Le 33 Foch,MICRO LAGREE,EVA,0,0,True,disponible,2026-05-31 00:14
2026-06-03|19:00|le 33 foch|pilates reformer,2026-06-03,Mercredi,19:00,19:50,Le 33 Foch,PILATES REFORMER,CANDICE,0,0,True,disponible,2026-05-31 00:14
2026-06-03|19:00|le 33 foch|trx,2026-06-03,Mercredi,19:00,19:45,Le 33 Foch,TRX,MATTEO,0,0,True,disponible,2026-05-31 00:14
2026-06-03|19:30|le 33 foch — 32 tilsitt|bodyattack les mills,2026-06-03,Mercredi,19:30,20:15,Le 33 Foch — 32 Tilsitt,BODYATTACK Les Mills,TYRIK,0,0,True,disponible,2026-05-31 00:14
2026-06-03|20:00|le 33 foch|cardio-boxing,2026-06-03,Mercredi,20:00,20:45,Le 33 Foch,CARDIO-BOXING,YAMANI,0,0,True,disponible,2026-05-31 00:14
2026-06-03|20:00|le 33 foch|cuisses abdos fessiers,2026-06-03,Mercredi,20:00,20:45,Le 33 Foch,CUISSES ABDOS FESSIERS,MATTEO,0,0,True,disponible,2026-05-31 00:14
2026-06-03|20:00|le 33 foch|micro lagree,2026-06-03,Mercredi,20:00,20:50,Le 33 Foch,MICRO LAGREE,EVA,0,0,True,disponible,2026-05-31 00:14
2026-06-03|20:00|le 33 foch|pilates reformer,2026-06-03,Mercredi,20:00,20:50,Le 33 Foch,PILATES REFORMER,CANDICE,0,0,True,disponible,2026-05-31 00:14
2026-06-03|20:30|le 33 foch — 32 tilsitt|hip hop girly,2026-06-03,Mercredi,20:30,21:30,Le 33 Foch — 32 Tilsitt,HIP HOP GIRLY,MAELLA,0,0,True,disponible,2026-05-31 00:14
2026-06-04|09:00|le 33 foch|cuisses abdos fessiers,2026-06-04,Jeudi,09:00,09:45,Le 33 Foch,CUISSES ABDOS FESSIERS,MATTEO,0,0,True,disponible,2026-05-31 00:14
2026-06-04|09:00|le 33 foch|pilates reformer,2026-06-04,Jeudi,09:00,09:50,Le 33 Foch,PILATES REFORMER,JOY,0,0,True,disponible,2026-05-31 00:14
2026-06-04|10:00|le 33 foch|pilates reformer,2026-06-04,Jeudi,10:00,10:50,Le 33 Foch,PILATES REFORMER,JOY,0,0,True,disponible,2026-05-31 00:14
2026-06-04|11:00|le 33 foch|body sculpt,2026-06-04,Jeudi,11:00,11:50,Le 33 Foch,BODY SCULPT,DOMINIQUE,0,0,True,disponible,2026-05-31 00:14
2026-06-04|12:00|le 33 foch|micro lagree,2026-06-04,Jeudi,12:00,12:50,Le 33 Foch,MICRO LAGREE,MARIE,0,0,True,disponible,2026-05-31 00:14
2026-06-04|12:00|le 33 foch|pilates reformer,2026-06-04,Jeudi,12:00,12:50,Le 33 Foch,PILATES REFORMER,REBECCA G.,0,0,True,disponible,2026-05-31 00:14
2026-06-04|12:30|le 33 foch|my fit barre by valerie,2026-06-04,Jeudi,12:30,13:15,Le 33 Foch,MY FIT BARRE BY VALERIE,VALERIE,0,0,True,disponible,2026-05-31 00:14
2026-06-04|13:00|le 33 foch|cardio-boxing,2026-06-04,Jeudi,13:00,13:45,Le 33 Foch,CARDIO-BOXING,MAX,0,0,True,disponible,2026-05-31 00:14
2026-06-04|13:00|le 33 foch|micro lagree,2026-06-04,Jeudi,13:00,13:50,Le 33 Foch,MICRO LAGREE,MARIE,0,0,True,disponible,2026-05-31 00:14
2026-06-04|13:00|le 33 foch|pilates reformer,2026-06-04,Jeudi,13:00,13:50,Le 33 Foch,PILATES REFORMER,REBECCA G.,0,0,True,disponible,2026-05-31 00:14
2026-06-04|17:00|le 33 foch|pilates reformer,2026-06-04,Jeudi,17:00,17:50,Le 33 Foch,PILATES REFORMER,CANDICE,0,0,True,disponible,2026-05-31 00:14
2026-06-04|18:00|le 33 foch|cardio-boxing,2026-06-04,Jeudi,18:00,18:45,Le 33 Foch,CARDIO-BOXING,JEREMI,0,0,True,disponible,2026-05-31 00:14
2026-06-04|18:00|le 33 foch|micro lagree,2026-06-04,Jeudi,18:00,18:50,Le 33 Foch,MICRO LAGREE,MATTEO,0,0,True,disponible,2026-05-31 00:14
2026-06-04|18:00|le 33 foch|pilates reformer,2026-06-04,Jeudi,18:00,18:50,Le 33 Foch,PILATES REFORMER,CANDICE,0,0,True,disponible,2026-05-31 00:14
2026-06-04|19:00|le 33 foch|bootcamp & cycle,2026-06-04,Jeudi,19:00,19:45,Le 33 Foch,BOOTCAMP & CYCLE,MAX,0,0,True,disponible,2026-05-31 00:14
2026-06-04|19:00|le 33 foch|cardio-boxing,2026-06-04,Jeudi,19:00,19:45,Le 33 Foch,CARDIO-BOXING,JEREMI,0,0,True,disponible,2026-05-31 00:14
2026-06-04|19:00|le 33 foch|micro lagree,2026-06-04,Jeudi,19:00,19:50,Le 33 Foch,MICRO LAGREE,MATTEO,0,0,True,disponible,2026-05-31 00:14
2026-06-04|19:00|le 33 foch|pilates reformer,2026-06-04,Jeudi,19:00,19:50,Le 33 Foch,PILATES REFORMER,ALEJANDRA,0,0,True,disponible,2026-05-31 00:14
2026-06-04|20:00|le 33 foch|bootcamp,2026-06-04,Jeudi,20:00,20:45,Le 33 Foch,BOOTCAMP,MAX,0,0,True,disponible,2026-05-31 00:14
2026-06-04|20:00|le 33 foch|cardio-boxing,2026-06-04,Jeudi,20:00,20:45,Le 33 Foch,CARDIO-BOXING,JEREMI,0,0,True,disponible,2026-05-31 00:14
2026-06-04|20:00|le 33 foch|pilates reformer,2026-06-04,Jeudi,20:00,20:50,Le 33 Foch,PILATES REFORMER,ALEJANDRA,0,0,True,disponible,2026-05-31 00:14
2026-06-05|10:00|le 33 foch|pilates reformer (niveau 2),2026-06-05,Vendredi,10:00,10:50,Le 33 Foch,PILATES REFORMER (Niveau 2),JORDAN,0,0,True,disponible,2026-05-31 00:14
2026-06-05|11:00|le 33 foch|body sculpt,2026-06-05,Vendredi,11:00,11:45,Le 33 Foch,BODY SCULPT,DOMINIQUE,0,0,True,disponible,2026-05-31 00:14
2026-06-05|11:00|le 33 foch|micro lagree,2026-06-05,Vendredi,11:00,11:50,Le 33 Foch,MICRO LAGREE,EVA,0,0,True,disponible,2026-05-31 00:14
2026-06-05|11:00|le 33 foch|pilates reformer (niveau 2),2026-06-05,Vendredi,11:00,11:50,Le 33 Foch,PILATES REFORMER (Niveau 2),JORDAN,0,0,True,disponible,2026-05-31 00:14
2026-06-05|12:00|le 33 foch|micro lagree,2026-06-05,Vendredi,12:00,12:50,Le 33 Foch,MICRO LAGREE,EVA,0,0,True,disponible,2026-05-31 00:14
2026-06-05|12:00|le 33 foch|pilates reformer (niveau 2),2026-06-05,Vendredi,12:00,12:50,Le 33 Foch,PILATES REFORMER (Niveau 2),JORDAN,0,0,True,disponible,2026-05-31 00:14
2026-06-05|12:30|le 33 foch|trx,2026-06-05,Vendredi,12:30,13:15,Le 33 Foch,TRX,MAX,0,0,True,disponible,2026-05-31 00:14
2026-06-05|15:00|le 33 foch|pilates reformer,2026-06-05,Vendredi,15:00,15:50,Le 33 Foch,PILATES REFORMER,CANDICE,0,0,True,disponible,2026-05-31 00:14
2026-06-05|16:00|le 33 foch|pilates reformer,2026-06-05,Vendredi,16:00,16:50,Le 33 Foch,PILATES REFORMER,CANDICE,0,0,True,disponible,2026-05-31 00:14
2026-06-05|17:00|le 33 foch|bootcamp & cycle (wod),2026-06-05,Vendredi,17:00,17:45,Le 33 Foch,BOOTCAMP & CYCLE (WOD),LUKAS,0,0,True,disponible,2026-05-31 00:14
2026-06-05|17:00|le 33 foch|micro lagree,2026-06-05,Vendredi,17:00,17:50,Le 33 Foch,MICRO LAGREE,ENZO,0,0,True,disponible,2026-05-31 00:14
2026-06-05|18:00|le 33 foch|bootcamp & cycle (wod),2026-06-05,Vendredi,18:00,18:45,Le 33 Foch,BOOTCAMP & CYCLE (WOD),LUKAS,0,0,True,disponible,2026-05-31 00:14
2026-06-05|18:00|le 33 foch|cardio-boxing,2026-06-05,Vendredi,18:00,18:45,Le 33 Foch,CARDIO-BOXING,HISANY,0,0,True,disponible,2026-05-31 00:14
2026-06-05|18:00|le 33 foch|micro lagree,2026-06-05,Vendredi,18:00,18:50,Le 33 Foch,MICRO LAGREE,ENZO,0,0,True,disponible,2026-05-31 00:14
2026-06-05|18:00|le 33 foch|pilates reformer,2026-06-05,Vendredi,18:00,18:50,Le 33 Foch,PILATES REFORMER,MORGANE (Suppléant),0,0,True,disponible,2026-05-31 00:14
2026-06-05|19:00|le 33 foch|cardio-boxing,2026-06-05,Vendredi,19:00,19:45,Le 33 Foch,CARDIO-BOXING,HISANY,0,0,True,disponible,2026-05-31 00:14
2026-06-05|19:00|le 33 foch|micro lagree,2026-06-05,Vendredi,19:00,19:50,Le 33 Foch,MICRO LAGREE,ENZO,0,0,True,disponible,2026-05-31 00:14
2026-06-05|19:00|le 33 foch|pilates reformer,2026-06-05,Vendredi,19:00,19:50,Le 33 Foch,PILATES REFORMER,MORGANE (Suppléant),0,0,True,disponible,2026-05-31 00:14
2026-06-06|10:00|le 33 foch|micro lagree,2026-06-06,Samedi,10:00,10:50,Le 33 Foch,MICRO LAGREE,MAX,0,0,True,disponible,2026-05-31 20:15
2026-06-06|10:00|le 33 foch|pilates reformer,2026-06-06,Samedi,10:00,10:50,Le 33 Foch,PILATES REFORMER,MORGANE,0,0,True,disponible,2026-05-31 20:15
2026-06-06|10:00|le 33 foch|yoga vinyasa,2026-06-06,Samedi,10:00,10:50,Le 33 Foch,YOGA VINYASA,CAROLINE,0,0,True,disponible,2026-05-31 20:15
2026-06-06|11:00|le 33 foch|micro lagree,2026-06-06,Samedi,11:00,11:50,Le 33 Foch,MICRO LAGREE,MAX,0,0,True,disponible,2026-05-31 20:15
2026-06-06|11:00|le 33 foch|pilates reformer,2026-06-06,Samedi,11:00,11:50,Le 33 Foch,PILATES REFORMER,MORGANE,0,0,True,disponible,2026-05-31 20:15
2026-06-06|11:00|le 33 foch|trx,2026-06-06,Samedi,11:00,11:45,Le 33 Foch,TRX,FABRICE,0,0,True,disponible,2026-05-31 20:15
2026-06-06|12:00|le 33 foch|cardio-boxing,2026-06-06,Samedi,12:00,12:45,Le 33 Foch,CARDIO-BOXING,MAX,0,0,True,disponible,2026-05-31 20:15
2026-06-06|12:00|le 33 foch|core training,2026-06-06,Samedi,12:00,12:45,Le 33 Foch,CORE TRAINING,FABRICE,0,0,True,disponible,2026-05-31 20:15
2026-06-06|12:00|le 33 foch|pilates reformer,2026-06-06,Samedi,12:00,12:50,Le 33 Foch,PILATES REFORMER,MORGANE,0,0,True,disponible,2026-05-31 20:15
2026-06-06|13:00|le 33 foch|cardio-boxing,2026-06-06,Samedi,13:00,13:45,Le 33 Foch,CARDIO-BOXING,MAX,0,0,True,disponible,2026-05-31 20:15
2026-06-06|14:00|le 33 foch|pilates mat,2026-06-06,Samedi,14:00,14:45,Le 33 Foch,PILATES MAT,YOANN,0,0,True,disponible,2026-05-31 20:15
2026-06-06|15:00|le 33 foch|cardio-boxing,2026-06-06,Samedi,15:00,15:45,Le 33 Foch,CARDIO-BOXING,LUCIE,0,0,True,disponible,2026-05-31 20:15
2026-06-06|15:00|le 33 foch|teenagers boxing (10-14 ans),2026-06-06,Samedi,15:00,15:45,Le 33 Foch,TEENAGERS BOXING (10-14 ans),MAX,0,0,True,disponible,2026-05-31 20:15
2026-06-06|16:00|le 33 foch|cardio-boxing,2026-06-06,Samedi,16:00,16:50,Le 33 Foch,CARDIO-BOXING,LUCIE,0,0,True,disponible,2026-05-31 20:15
2026-06-06|17:00|le 33 foch|yoga vinyasa,2026-06-06,Samedi,17:00,17:45,Le 33 Foch,YOGA VINYASA,LUCIE,0,0,True,disponible,2026-05-31 20:15
2026-06-07|10:00|le 33 foch|bootcamp,2026-06-07,Dimanche,10:00,10:45,Le 33 Foch,BOOTCAMP,MATTEO,0,0,True,disponible,2026-06-02 10:54
2026-06-07|10:00|le 33 foch|micro lagree,2026-06-07,Dimanche,10:00,10:50,Le 33 Foch,MICRO LAGREE,JULIA,0,0,True,disponible,2026-06-02 10:54
2026-06-07|10:00|le 33 foch|pilates reformer (niveau 2),2026-06-07,Dimanche,10:00,10:50,Le 33 Foch,PILATES REFORMER (Niveau 2),LISA,0,0,True,disponible,2026-06-02 10:54
2026-06-07|11:00|le 33 foch|cardio-boxing,2026-06-07,Dimanche,11:00,11:45,Le 33 Foch,CARDIO-BOXING,JEREMI,0,0,True,disponible,2026-06-02 10:54
2026-06-07|11:00|le 33 foch|micro lagree,2026-06-07,Dimanche,11:00,11:50,Le 33 Foch,MICRO LAGREE,JULIA,0,0,True,disponible,2026-06-02 10:54
2026-06-07|11:00|le 33 foch|pilates reformer (niveau 2),2026-06-07,Dimanche,11:00,11:50,Le 33 Foch,PILATES REFORMER (Niveau 2),LISA,0,0,True,disponible,2026-06-02 10:54
2026-06-07|11:30|le 33 foch|cuisses abdos fessiers,2026-06-07,Dimanche,11:30,12:15,Le 33 Foch,CUISSES ABDOS FESSIERS,MATTEO,0,0,True,disponible,2026-06-02 10:54
2026-06-07|12:00|le 33 foch|cardio-boxing,2026-06-07,Dimanche,12:00,12:45,Le 33 Foch,CARDIO-BOXING,JEREMI,0,0,True,disponible,2026-06-02 10:54
2026-06-07|12:00|le 33 foch|micro lagree,2026-06-07,Dimanche,12:00,12:50,Le 33 Foch,MICRO LAGREE,JULIA,0,0,True,disponible,2026-06-02 10:54
2026-06-07|12:00|le 33 foch|pilates reformer (niveau 2),2026-06-07,Dimanche,12:00,12:50,Le 33 Foch,PILATES REFORMER (Niveau 2),LISA,0,0,True,disponible,2026-06-02 10:54
2026-06-07|12:30|le 33 foch|bootcamp & cycle,2026-06-07,Dimanche,12:30,13:15,Le 33 Foch,BOOTCAMP & CYCLE,MATTEO,0,0,True,disponible,2026-06-02 10:54
2026-06-07|15:00|le 33 foch|pilates reformer,2026-06-07,Dimanche,15:00,15:50,Le 33 Foch,PILATES REFORMER,MORGANE,0,0,True,disponible,2026-06-02 10:54
2026-06-07|16:00|le 33 foch|pilates reformer,2026-06-07,Dimanche,16:00,16:50,Le 33 Foch,PILATES REFORMER,MORGANE,0,0,True,disponible,2026-06-02 10:54
2026-06-07|17:00|le 33 foch|pilates reformer,2026-06-07,Dimanche,17:00,17:50,Le 33 Foch,PILATES REFORMER,MORGANE,0,0,True,disponible,2026-06-02 10:54
2026-06-08|08:00|le 33 foch|pilates reformer (niveau 2),2026-06-08,Lundi,08:00,08:50,Le 33 Foch,PILATES REFORMER (Niveau 2),LISA,0,0,True,disponible,2026-06-02 10:54
2026-06-08|09:00|le 33 foch|cuisses abdos fessiers,2026-06-08,Lundi,09:00,09:45,Le 33 Foch,CUISSES ABDOS FESSIERS,MATTEO,0,0,True,disponible,2026-06-02 10:54
2026-06-08|09:00|le 33 foch|pilates reformer (niveau 2),2026-06-08,Lundi,09:00,09:50,Le 33 Foch,PILATES REFORMER (Niveau 2),LISA,0,0,True,disponible,2026-06-02 10:54
2026-06-08|10:00|le 33 foch|pilates reformer (niveau 2),2026-06-08,Lundi,10:00,10:50,Le 33 Foch,PILATES REFORMER (Niveau 2),LISA,0,0,True,disponible,2026-06-02 10:54
2026-06-08|11:00|le 33 foch|body sculpt,2026-06-08,Lundi,11:00,11:45,Le 33 Foch,BODY SCULPT,DOMINIQUE,0,0,True,inconnu,2026-06-02 10:54
2026-06-08|12:00|le 33 foch|micro lagree,2026-06-08,Lundi,12:00,12:50,Le 33 Foch,MICRO LAGREE,JOY,0,0,True,disponible,2026-06-02 10:54
2026-06-08|12:00|le 33 foch|pilates reformer,2026-06-08,Lundi,12:00,12:50,Le 33 Foch,PILATES REFORMER,CANDICE,0,0,True,disponible,2026-06-02 10:54
2026-06-08|12:30|le 33 foch|trx,2026-06-08,Lundi,12:30,13:15,Le 33 Foch,TRX,MAX,0,0,True,disponible,2026-06-02 10:54
2026-06-08|13:00|le 33 foch|micro lagree,2026-06-08,Lundi,13:00,13:50,Le 33 Foch,MICRO LAGREE,JOY,0,0,True,disponible,2026-06-02 10:54
2026-06-08|13:00|le 33 foch|pilates reformer,2026-06-08,Lundi,13:00,13:50,Le 33 Foch,PILATES REFORMER,CANDICE,0,0,True,disponible,2026-06-02 10:54
2026-06-08|15:00|le 33 foch|pilates reformer,2026-06-08,Lundi,15:00,15:50,Le 33 Foch,PILATES REFORMER,ENZO,0,0,True,disponible,2026-06-02 10:54
2026-06-08|16:00|le 33 foch|micro lagree,2026-06-08,Lundi,16:00,16:50,Le 33 Foch,MICRO LAGREE,ENZO,0,0,True,disponible,2026-06-02 10:54
2026-06-08|17:00|le 33 foch|cardio-boxing,2026-06-08,Lundi,17:00,17:45,Le 33 Foch,CARDIO-BOXING,MAX,0,0,True,disponible,2026-06-02 10:54
2026-06-08|17:00|le 33 foch|micro lagree,2026-06-08,Lundi,17:00,17:50,Le 33 Foch,MICRO LAGREE,MORGANE (Suppléant),0,0,True,disponible,2026-06-02 10:54
2026-06-08|18:00|le 33 foch|body sculpt,2026-06-08,Lundi,18:00,18:45,Le 33 Foch,BODY SCULPT,DOMINIQUE,0,0,True,inconnu,2026-06-02 10:54
2026-06-08|18:00|le 33 foch|cardio-boxing,2026-06-08,Lundi,18:00,18:45,Le 33 Foch,CARDIO-BOXING,MAX,0,0,True,disponible,2026-06-02 10:54
2026-06-08|18:00|le 33 foch|micro lagree,2026-06-08,Lundi,18:00,18:50,Le 33 Foch,MICRO LAGREE,MORGANE (Suppléant),0,0,True,disponible,2026-06-02 10:54
2026-06-08|18:00|le 33 foch|pilates reformer,2026-06-08,Lundi,18:00,18:50,Le 33 Foch,PILATES REFORMER,CANDICE,0,0,True,disponible,2026-06-02 10:54
2026-06-08|18:30|le 33 foch — 32 tilsitt|street jazz girly,2026-06-08,Lundi,18:30,19:30,Le 33 Foch — 32 Tilsitt,STREET JAZZ GIRLY,MAELLA,0,0,True,disponible,2026-06-02 10:54
2026-06-08|19:00|le 33 foch|cardio-boxing,2026-06-08,Lundi,19:00,19:45,Le 33 Foch,CARDIO-BOXING,MAX,0,0,True,disponible,2026-06-02 10:54
2026-06-08|19:00|le 33 foch|micro lagree,2026-06-08,Lundi,19:00,19:50,Le 33 Foch,MICRO LAGREE,ENZO (Suppléant),0,0,True,disponible,2026-06-02 10:54
2026-06-08|19:00|le 33 foch|pilates reformer,2026-06-08,Lundi,19:00,19:50,Le 33 Foch,PILATES REFORMER,CANDICE,0,0,True,disponible,2026-06-02 10:54
2026-06-08|19:15|le 33 foch|bootcamp & cycle,2026-06-08,Lundi,19:15,20:00,Le 33 Foch,BOOTCAMP & CYCLE,MATTEO,0,0,True,disponible,2026-06-02 10:54
2026-06-08|19:30|le 33 foch — 32 tilsitt|hip hop girly,2026-06-08,Lundi,19:30,20:30,Le 33 Foch — 32 Tilsitt,HIP HOP GIRLY,MAELLA (Suppléant),0,0,True,disponible,2026-06-02 10:54
2026-06-08|20:00|le 33 foch|cardio-boxing,2026-06-08,Lundi,20:00,20:45,Le 33 Foch,CARDIO-BOXING,MAX,0,0,True,disponible,2026-06-02 10:54
2026-06-08|20:00|le 33 foch|micro lagree,2026-06-08,Lundi,20:00,20:50,Le 33 Foch,MICRO LAGREE,ENZO (Suppléant),0,0,True,disponible,2026-06-02 10:54
2026-06-09|09:00|le 33 foch|bootcamp & cycle,2026-06-09,Mardi,09:00,09:45,Le 33 Foch,BOOTCAMP & CYCLE,YOANN,0,0,True,disponible,2026-06-05 18:42
2026-06-09|10:00|le 33 foch|pilates reformer,2026-06-09,Mardi,10:00,10:50,Le 33 Foch,PILATES REFORMER,YOANN,0,0,True,disponible,2026-06-05 18:42
2026-06-09|11:00|le 33 foch|micro lagree,2026-06-09,Mardi,11:00,11:50,Le 33 Foch,MICRO LAGREE,REBECCA R.,0,0,True,disponible,2026-06-05 18:42
2026-06-09|11:00|le 33 foch|yoga/pilates,2026-06-09,Mardi,11:00,11:50,Le 33 Foch,YOGA/PILATES,CAROLINE,0,0,True,disponible,2026-06-05 18:42
2026-06-09|12:00|le 33 foch|micro lagree,2026-06-09,Mardi,12:00,12:50,Le 33 Foch,MICRO LAGREE,ENZO,0,0,True,disponible,2026-06-05 18:42
2026-06-09|12:00|le 33 foch|pilates reformer,2026-06-09,Mardi,12:00,12:50,Le 33 Foch,PILATES REFORMER,REBECCA R.,0,0,True,disponible,2026-06-05 18:42
2026-06-09|12:30|le 33 foch|bootcamp & cycle (wod),2026-06-09,Mardi,12:30,13:15,Le 33 Foch,BOOTCAMP & CYCLE (WOD),YOANN,0,0,True,disponible,2026-06-05 18:42
2026-06-09|13:00|le 33 foch|cardio-boxing,2026-06-09,Mardi,13:00,13:45,Le 33 Foch,CARDIO-BOXING,MAX,0,0,True,disponible,2026-06-05 18:42
2026-06-09|13:00|le 33 foch|micro lagree,2026-06-09,Mardi,13:00,13:50,Le 33 Foch,MICRO LAGREE,ENZO,0,0,True,disponible,2026-06-05 18:42
2026-06-09|13:00|le 33 foch|pilates reformer,2026-06-09,Mardi,13:00,13:50,Le 33 Foch,PILATES REFORMER,REBECCA R.,0,0,True,disponible,2026-06-05 18:42
2026-06-09|18:00|le 33 foch|body sculpt,2026-06-09,Mardi,18:00,18:45,Le 33 Foch,BODY SCULPT,DOMINIQUE,0,0,True,disponible,2026-06-05 18:42
2026-06-09|18:00|le 33 foch|cardio-boxing,2026-06-09,Mardi,18:00,18:45,Le 33 Foch,CARDIO-BOXING,HISANY,0,0,True,disponible,2026-06-05 18:42
2026-06-09|18:00|le 33 foch|micro lagree,2026-06-09,Mardi,18:00,18:50,Le 33 Foch,MICRO LAGREE,REBECCA G.,0,0,True,disponible,2026-06-05 18:42
2026-06-09|18:00|le 33 foch|pilates reformer,2026-06-09,Mardi,18:00,18:50,Le 33 Foch,PILATES REFORMER,ENZO,0,0,True,disponible,2026-06-05 18:42
2026-06-09|19:00|le 33 foch|cardio-boxing,2026-06-09,Mardi,19:00,19:45,Le 33 Foch,CARDIO-BOXING,MAX,0,0,True,disponible,2026-06-05 18:42
2026-06-09|19:00|le 33 foch|micro lagree,2026-06-09,Mardi,19:00,19:50,Le 33 Foch,MICRO LAGREE,REBECCA G.,0,0,True,disponible,2026-06-05 18:42
2026-06-09|19:00|le 33 foch|pilates reformer,2026-06-09,Mardi,19:00,19:50,Le 33 Foch,PILATES REFORMER,ENZO,0,0,True,disponible,2026-06-05 18:42
2026-06-09|19:15|le 33 foch|bootcamp & cycle (wod),2026-06-09,Mardi,19:15,20:00,Le 33 Foch,BOOTCAMP & CYCLE (WOD),HISANY,0,0,True,disponible,2026-06-05 18:42
2026-06-09|20:00|le 33 foch|cardio-boxing,2026-06-09,Mardi,20:00,20:45,Le 33 Foch,CARDIO-BOXING,MAX,0,0,True,disponible,2026-06-05 18:42
2026-06-09|20:00|le 33 foch|pilates reformer,2026-06-09,Mardi,20:00,20:50,Le 33 Foch,PILATES REFORMER,ENZO,0,0,True,disponible,2026-06-05 18:42
2026-06-09|20:15|le 33 foch|bootcamp & cycle (wod),2026-06-09,Mardi,20:15,21:00,Le 33 Foch,BOOTCAMP & CYCLE (WOD),HISANY,0,0,True,disponible,2026-06-05 18:42
2026-06-10|08:00|le 33 foch|pilates reformer (niveau 2),2026-06-10,Mercredi,08:00,08:50,Le 33 Foch,PILATES REFORMER (Niveau 2),LISA,0,0,True,disponible,2026-06-05 18:42
2026-06-10|08:30|le 33 foch|trx & cycle,2026-06-10,Mercredi,08:30,09:15,Le 33 Foch,TRX & CYCLE,JEREMI,0,0,True,disponible,2026-06-05 18:42
2026-06-10|09:00|le 33 foch|pilates reformer (niveau 2),2026-06-10,Mercredi,09:00,09:50,Le 33 Foch,PILATES REFORMER (Niveau 2),LISA,0,0,True,disponible,2026-06-05 18:42
2026-06-10|10:00|le 33 foch|pilates reformer (niveau 2),2026-06-10,Mercredi,10:00,10:50,Le 33 Foch,PILATES REFORMER (Niveau 2),LISA,0,0,True,disponible,2026-06-05 18:42
2026-06-10|11:00|le 33 foch|micro lagree,2026-06-10,Mercredi,11:00,11:50,Le 33 Foch,MICRO LAGREE,JULIA,0,0,True,disponible,2026-06-05 18:42
2026-06-10|11:00|le 33 foch|pilates mat,2026-06-10,Mercredi,11:00,11:50,Le 33 Foch,PILATES MAT,CAROLINE,0,0,True,disponible,2026-06-05 18:42
2026-06-10|12:00|le 33 foch|micro lagree,2026-06-10,Mercredi,12:00,12:50,Le 33 Foch,MICRO LAGREE,JULIA,0,0,True,disponible,2026-06-05 18:42
2026-06-10|12:00|le 33 foch|pilates reformer,2026-06-10,Mercredi,12:00,12:50,Le 33 Foch,PILATES REFORMER,REBECCA G.,0,0,True,disponible,2026-06-05 18:42
2026-06-10|12:30|le 33 foch|bootcamp & cycle (wod),2026-06-10,Mercredi,12:30,13:15,Le 33 Foch,BOOTCAMP & CYCLE (WOD),MATTEO,0,0,True,disponible,2026-06-05 18:42
2026-06-10|13:00|le 33 foch|cardio-boxing,2026-06-10,Mercredi,13:00,13:45,Le 33 Foch,CARDIO-BOXING,JEREMI,0,0,True,disponible,2026-06-05 18:42
2026-06-10|13:00|le 33 foch|pilates reformer,2026-06-10,Mercredi,13:00,13:50,Le 33 Foch,PILATES REFORMER,REBECCA G.,0,0,True,disponible,2026-06-05 18:42
2026-06-10|15:00|le 33 foch|pilates reformer,2026-06-10,Mercredi,15:00,15:50,Le 33 Foch,PILATES REFORMER,CANDICE,0,0,True,disponible,2026-06-05 18:42
2026-06-10|16:00|le 33 foch|kids boxing (6 à 9 ans),2026-06-10,Mercredi,16:00,16:45,Le 33 Foch,KIDS BOXING (6 à 9 ans),MAX,0,0,True,disponible,2026-06-05 18:42
2026-06-10|16:00|le 33 foch|pilates reformer,2026-06-10,Mercredi,16:00,16:50,Le 33 Foch,PILATES REFORMER,CANDICE,0,0,True,disponible,2026-06-05 18:42
2026-06-10|17:00|le 33 foch|cardio-boxing,2026-06-10,Mercredi,17:00,17:45,Le 33 Foch,CARDIO-BOXING,YAMANI,0,0,True,disponible,2026-06-05 18:42
2026-06-10|17:00|le 33 foch|micro lagree,2026-06-10,Mercredi,17:00,17:50,Le 33 Foch,MICRO LAGREE,JULIA,0,0,True,disponible,2026-06-05 18:42
2026-06-10|18:00|le 33 foch|bootcamp & cycle (wod),2026-06-10,Mercredi,18:00,18:45,Le 33 Foch,BOOTCAMP & CYCLE (WOD),MATTEO,0,0,True,disponible,2026-06-05 18:42
2026-06-10|18:00|le 33 foch|cardio-boxing,2026-06-10,Mercredi,18:00,18:45,Le 33 Foch,CARDIO-BOXING,YAMANI,0,0,True,disponible,2026-06-05 18:42
2026-06-10|18:00|le 33 foch|micro lagree,2026-06-10,Mercredi,18:00,18:50,Le 33 Foch,MICRO LAGREE,JULIA,0,0,True,disponible,2026-06-05 18:42
2026-06-10|18:00|le 33 foch|pilates reformer,2026-06-10,Mercredi,18:00,18:50,Le 33 Foch,PILATES REFORMER,CANDICE,0,0,True,disponible,2026-06-05 18:42
2026-06-10|19:00|le 33 foch|cardio-boxing,2026-06-10,Mercredi,19:00,19:45,Le 33 Foch,CARDIO-BOXING,YAMANI,0,0,True,disponible,2026-06-05 18:42
2026-06-10|19:00|le 33 foch|micro lagree,2026-06-10,Mercredi,19:00,19:50,Le 33 Foch,MICRO LAGREE,MORGANE (Suppléant),0,0,True,disponible,2026-06-05 18:42
2026-06-10|19:00|le 33 foch|pilates reformer,2026-06-10,Mercredi,19:00,19:50,Le 33 Foch,PILATES REFORMER,CANDICE,0,0,True,disponible,2026-06-05 18:42
2026-06-10|19:00|le 33 foch|trx,2026-06-10,Mercredi,19:00,19:45,Le 33 Foch,TRX,MATTEO,0,0,True,disponible,2026-06-05 18:42
2026-06-10|19:30|le 33 foch — 32 tilsitt|bodyattack les mills,2026-06-10,Mercredi,19:30,20:15,Le 33 Foch — 32 Tilsitt,BODYATTACK Les Mills,TYRIK,0,0,True,inconnu,2026-06-05 18:42
2026-06-10|20:00|le 33 foch|cardio-boxing,2026-06-10,Mercredi,20:00,20:45,Le 33 Foch,CARDIO-BOXING,YAMANI,0,0,True,disponible,2026-06-05 18:42
2026-06-10|20:00|le 33 foch|cuisses abdos fessiers,2026-06-10,Mercredi,20:00,20:45,Le 33 Foch,CUISSES ABDOS FESSIERS,MATTEO,0,0,True,disponible,2026-06-05 18:42
2026-06-10|20:00|le 33 foch|micro lagree,2026-06-10,Mercredi,20:00,20:50,Le 33 Foch,MICRO LAGREE,MORGANE (Suppléant),0,0,True,disponible,2026-06-05 18:42
2026-06-10|20:00|le 33 foch|pilates reformer,2026-06-10,Mercredi,20:00,20:50,Le 33 Foch,PILATES REFORMER,CANDICE,0,0,True,disponible,2026-06-05 18:42
2026-06-10|20:30|le 33 foch — 32 tilsitt|hip hop girly,2026-06-10,Mercredi,20:30,21:30,Le 33 Foch — 32 Tilsitt,HIP HOP GIRLY,MAELLA,0,0,True,inconnu,2026-06-05 18:42
2026-06-11|09:00|le 33 foch|cuisses abdos fessiers,2026-06-11,Jeudi,09:00,09:45,Le 33 Foch,CUISSES ABDOS FESSIERS,MATTEO,0,0,True,disponible,2026-06-05 18:42
2026-06-11|09:00|le 33 foch|pilates reformer,2026-06-11,Jeudi,09:00,09:50,Le 33 Foch,PILATES REFORMER,JOY,0,0,True,disponible,2026-06-05 18:42
2026-06-11|10:00|le 33 foch|pilates reformer,2026-06-11,Jeudi,10:00,10:50,Le 33 Foch,PILATES REFORMER,JOY,0,0,True,disponible,2026-06-05 18:42
2026-06-11|11:00|le 33 foch|body sculpt,2026-06-11,Jeudi,11:00,11:50,Le 33 Foch,BODY SCULPT,DOMINIQUE,0,0,True,disponible,2026-06-05 18:42
2026-06-11|12:00|le 33 foch|micro lagree,2026-06-11,Jeudi,12:00,12:50,Le 33 Foch,MICRO LAGREE,MARIE,0,0,True,disponible,2026-06-05 18:42
2026-06-11|12:00|le 33 foch|pilates reformer,2026-06-11,Jeudi,12:00,12:50,Le 33 Foch,PILATES REFORMER,REBECCA G.,0,0,True,disponible,2026-06-05 18:42
2026-06-11|12:30|le 33 foch|my fit barre by valerie,2026-06-11,Jeudi,12:30,13:15,Le 33 Foch,MY FIT BARRE BY VALERIE,VALERIE,0,0,True,disponible,2026-06-05 18:42
2026-06-11|13:00|le 33 foch|cardio-boxing,2026-06-11,Jeudi,13:00,13:45,Le 33 Foch,CARDIO-BOXING,MAX,0,0,True,disponible,2026-06-05 18:42
2026-06-11|13:00|le 33 foch|micro lagree,2026-06-11,Jeudi,13:00,13:50,Le 33 Foch,MICRO LAGREE,MARIE,0,0,True,disponible,2026-06-05 18:42
2026-06-11|13:00|le 33 foch|pilates reformer,2026-06-11,Jeudi,13:00,13:50,Le 33 Foch,PILATES REFORMER,REBECCA G.,0,0,True,disponible,2026-06-05 18:42
2026-06-11|15:00|le 33 foch|cardio-boxing (privatisation),2026-06-11,Jeudi,15:00,15:45,Le 33 Foch,CARDIO-BOXING (PRIVATISATION),YOANN,0,0,True,inconnu,2026-06-05 18:42
2026-06-11|17:00|le 33 foch|pilates reformer,2026-06-11,Jeudi,17:00,17:50,Le 33 Foch,PILATES REFORMER,CANDICE,0,0,True,disponible,2026-06-05 18:42
2026-06-11|18:00|le 33 foch|cardio-boxing,2026-06-11,Jeudi,18:00,18:45,Le 33 Foch,CARDIO-BOXING,JEREMI,0,0,True,disponible,2026-06-05 18:42
2026-06-11|18:00|le 33 foch|micro lagree,2026-06-11,Jeudi,18:00,18:50,Le 33 Foch,MICRO LAGREE,MATTEO,0,0,True,disponible,2026-06-05 18:42
2026-06-11|18:00|le 33 foch|pilates reformer,2026-06-11,Jeudi,18:00,18:50,Le 33 Foch,PILATES REFORMER,CANDICE,0,0,True,disponible,2026-06-05 18:42
2026-06-11|19:00|le 33 foch|bootcamp & cycle,2026-06-11,Jeudi,19:00,19:45,Le 33 Foch,BOOTCAMP & CYCLE,MAX,0,0,True,disponible,2026-06-05 18:42
2026-06-11|19:00|le 33 foch|cardio-boxing,2026-06-11,Jeudi,19:00,19:45,Le 33 Foch,CARDIO-BOXING,JEREMI,0,0,True,disponible,2026-06-05 18:42
2026-06-11|19:00|le 33 foch|micro lagree,2026-06-11,Jeudi,19:00,19:50,Le 33 Foch,MICRO LAGREE,MATTEO,0,0,True,disponible,2026-06-05 18:42
2026-06-11|20:00|le 33 foch|bootcamp,2026-06-11,Jeudi,20:00,20:45,Le 33 Foch,BOOTCAMP,MAX,0,0,True,disponible,2026-06-05 18:42
2026-06-11|20:00|le 33 foch|cardio-boxing,2026-06-11,Jeudi,20:00,20:45,Le 33 Foch,CARDIO-BOXING,JEREMI,0,0,True,disponible,2026-06-05 18:42
2026-06-12|10:00|le 33 foch|pilates reformer (niveau 2),2026-06-12,Vendredi,10:00,10:50,Le 33 Foch,PILATES REFORMER (Niveau 2),JORDAN,0,0,True,disponible,2026-06-06 00:06
2026-06-12|11:00|le 33 foch|body sculpt,2026-06-12,Vendredi,11:00,11:45,Le 33 Foch,BODY SCULPT,DOMINIQUE,0,0,True,disponible,2026-06-06 00:06
2026-06-12|11:00|le 33 foch|micro lagree,2026-06-12,Vendredi,11:00,11:50,Le 33 Foch,MICRO LAGREE,EMMA (Suppléant),0,0,True,disponible,2026-06-06 00:06
2026-06-12|11:00|le 33 foch|pilates reformer (niveau 2),2026-06-12,Vendredi,11:00,11:50,Le 33 Foch,PILATES REFORMER (Niveau 2),JORDAN,0,0,True,disponible,2026-06-06 00:06
2026-06-12|12:00|le 33 foch|micro lagree,2026-06-12,Vendredi,12:00,12:50,Le 33 Foch,MICRO LAGREE,EMMA (Suppléant),0,0,True,disponible,2026-06-06 00:06
2026-06-12|12:00|le 33 foch|pilates reformer (niveau 2),2026-06-12,Vendredi,12:00,12:50,Le 33 Foch,PILATES REFORMER (Niveau 2),JORDAN,0,0,True,disponible,2026-06-06 00:06
2026-06-12|12:30|le 33 foch|trx,2026-06-12,Vendredi,12:30,13:15,Le 33 Foch,TRX,MAX,0,0,True,disponible,2026-06-06 00:06
2026-06-12|16:00|le 33 foch|pilates reformer,2026-06-12,Vendredi,16:00,16:50,Le 33 Foch,PILATES REFORMER,ILANA,0,0,True,disponible,2026-06-06 00:06
2026-06-12|17:00|le 33 foch|bootcamp & cycle (wod),2026-06-12,Vendredi,17:00,17:45,Le 33 Foch,BOOTCAMP & CYCLE (WOD),LUKAS,0,0,True,disponible,2026-06-06 00:06
2026-06-12|17:00|le 33 foch|micro lagree,2026-06-12,Vendredi,17:00,17:50,Le 33 Foch,MICRO LAGREE,ENZO,0,0,True,disponible,2026-06-06 00:06
2026-06-12|18:00|le 33 foch|bootcamp & cycle (wod),2026-06-12,Vendredi,18:00,18:45,Le 33 Foch,BOOTCAMP & CYCLE (WOD),LUKAS,0,0,True,disponible,2026-06-06 00:06
2026-06-12|18:00|le 33 foch|cardio-boxing,2026-06-12,Vendredi,18:00,18:45,Le 33 Foch,CARDIO-BOXING,HISANY,0,0,True,disponible,2026-06-06 00:06
2026-06-12|18:00|le 33 foch|micro lagree,2026-06-12,Vendredi,18:00,18:50,Le 33 Foch,MICRO LAGREE,ENZO,0,0,True,disponible,2026-06-06 00:06
2026-06-12|18:00|le 33 foch|pilates reformer,2026-06-12,Vendredi,18:00,18:50,Le 33 Foch,PILATES REFORMER,MORGANE (Suppléant),0,0,True,disponible,2026-06-06 00:06
2026-06-12|19:00|le 33 foch|cardio-boxing,2026-06-12,Vendredi,19:00,19:45,Le 33 Foch,CARDIO-BOXING,HISANY,0,0,True,disponible,2026-06-06 00:06
2026-06-12|19:00|le 33 foch|micro lagree,2026-06-12,Vendredi,19:00,19:50,Le 33 Foch,MICRO LAGREE,ENZO,0,0,True,disponible,2026-06-06 00:06
2026-06-12|19:00|le 33 foch|pilates reformer,2026-06-12,Vendredi,19:00,19:50,Le 33 Foch,PILATES REFORMER,MORGANE (Suppléant),0,0,True,disponible,2026-06-06 00:06
2026-06-13|10:00|le 33 foch|micro lagree,2026-06-13,Samedi,10:00,10:50,Le 33 Foch,MICRO LAGREE,MAX,0,0,True,disponible,2026-06-07 00:44
2026-06-13|10:00|le 33 foch|pilates reformer,2026-06-13,Samedi,10:00,10:50,Le 33 Foch,PILATES REFORMER,MORGANE,0,0,True,disponible,2026-06-07 00:44
2026-06-13|10:00|le 33 foch|yoga vinyasa,2026-06-13,Samedi,10:00,10:50,Le 33 Foch,YOGA VINYASA,CAROLINE,0,0,True,disponible,2026-06-07 00:44
2026-06-13|11:00|le 33 foch|micro lagree,2026-06-13,Samedi,11:00,11:50,Le 33 Foch,MICRO LAGREE,MAX,0,0,True,disponible,2026-06-07 00:44
2026-06-13|11:00|le 33 foch|pilates reformer,2026-06-13,Samedi,11:00,11:50,Le 33 Foch,PILATES REFORMER,MORGANE,0,0,True,disponible,2026-06-07 00:44
2026-06-13|11:00|le 33 foch|trx,2026-06-13,Samedi,11:00,11:45,Le 33 Foch,TRX,FABRICE,0,0,True,disponible,2026-06-07 00:44
2026-06-13|12:00|le 33 foch|cardio-boxing,2026-06-13,Samedi,12:00,12:45,Le 33 Foch,CARDIO-BOXING,MAX,0,0,True,disponible,2026-06-07 00:44
2026-06-13|12:00|le 33 foch|core training,2026-06-13,Samedi,12:00,12:45,Le 33 Foch,CORE TRAINING,FABRICE,0,0,True,disponible,2026-06-07 00:44
2026-06-13|12:00|le 33 foch|pilates reformer,2026-06-13,Samedi,12:00,12:50,Le 33 Foch,PILATES REFORMER,MORGANE,0,0,True,disponible,2026-06-07 00:44
2026-06-13|13:00|le 33 foch|cardio-boxing,2026-06-13,Samedi,13:00,13:45,Le 33 Foch,CARDIO-BOXING,MAX,0,0,True,disponible,2026-06-07 00:44
2026-06-13|14:00|le 33 foch|pilates mat,2026-06-13,Samedi,14:00,14:45,Le 33 Foch,PILATES MAT,YOANN,0,0,True,disponible,2026-06-07 00:44
2026-06-13|15:00|le 33 foch|cardio-boxing,2026-06-13,Samedi,15:00,15:45,Le 33 Foch,CARDIO-BOXING,LUCIE,0,0,True,disponible,2026-06-07 00:44
2026-06-13|15:00|le 33 foch|teenagers boxing (10-14 ans),2026-06-13,Samedi,15:00,15:45,Le 33 Foch,TEENAGERS BOXING (10-14 ans),MAX,0,0,True,disponible,2026-06-07 00:44
2026-06-13|16:00|le 33 foch|cardio-boxing,2026-06-13,Samedi,16:00,16:50,Le 33 Foch,CARDIO-BOXING,LUCIE,0,0,True,disponible,2026-06-07 00:44
2026-06-13|17:00|le 33 foch|yoga vinyasa,2026-06-13,Samedi,17:00,17:45,Le 33 Foch,YOGA VINYASA,LUCIE,0,0,True,disponible,2026-06-07 00:44
2026-06-14|10:00|le 33 foch|bootcamp,2026-06-14,Dimanche,10:00,10:45,Le 33 Foch,BOOTCAMP,MATTEO,0,0,True,disponible,2026-06-08 11:04
2026-06-14|10:00|le 33 foch|micro lagree,2026-06-14,Dimanche,10:00,10:50,Le 33 Foch,MICRO LAGREE,JULIA,0,0,True,disponible,2026-06-08 11:04
2026-06-14|10:00|le 33 foch|pilates reformer (niveau 2),2026-06-14,Dimanche,10:00,10:50,Le 33 Foch,PILATES REFORMER (Niveau 2),LISA,0,0,True,disponible,2026-06-08 11:04
2026-06-14|11:00|le 33 foch|cardio-boxing,2026-06-14,Dimanche,11:00,11:45,Le 33 Foch,CARDIO-BOXING,JEREMI,0,0,True,disponible,2026-06-08 11:04
2026-06-14|11:00|le 33 foch|micro lagree,2026-06-14,Dimanche,11:00,11:50,Le 33 Foch,MICRO LAGREE,JULIA,0,0,True,disponible,2026-06-08 11:04
2026-06-14|11:00|le 33 foch|pilates reformer (niveau 2),2026-06-14,Dimanche,11:00,11:50,Le 33 Foch,PILATES REFORMER (Niveau 2),LISA,0,0,True,disponible,2026-06-08 11:04
2026-06-14|11:30|le 33 foch|cuisses abdos fessiers,2026-06-14,Dimanche,11:30,12:15,Le 33 Foch,CUISSES ABDOS FESSIERS,MATTEO,0,0,True,disponible,2026-06-08 11:04
2026-06-14|12:00|le 33 foch|cardio-boxing,2026-06-14,Dimanche,12:00,12:45,Le 33 Foch,CARDIO-BOXING,JEREMI,0,0,True,disponible,2026-06-08 11:04
2026-06-14|12:00|le 33 foch|micro lagree,2026-06-14,Dimanche,12:00,12:50,Le 33 Foch,MICRO LAGREE,JULIA,0,0,True,disponible,2026-06-08 11:04
2026-06-14|12:00|le 33 foch|pilates reformer (niveau 2),2026-06-14,Dimanche,12:00,12:50,Le 33 Foch,PILATES REFORMER (Niveau 2),LISA,0,0,True,disponible,2026-06-08 11:04
2026-06-14|12:30|le 33 foch|bootcamp & cycle,2026-06-14,Dimanche,12:30,13:15,Le 33 Foch,BOOTCAMP & CYCLE,MATTEO,0,0,True,disponible,2026-06-08 11:04
2026-06-14|15:00|le 33 foch|pilates reformer,2026-06-14,Dimanche,15:00,15:50,Le 33 Foch,PILATES REFORMER,MORGANE,0,0,True,disponible,2026-06-08 11:04
2026-06-14|16:00|le 33 foch|pilates reformer,2026-06-14,Dimanche,16:00,16:50,Le 33 Foch,PILATES REFORMER,MORGANE,0,0,True,disponible,2026-06-08 11:04
2026-06-14|17:00|le 33 foch|pilates reformer,2026-06-14,Dimanche,17:00,17:50,Le 33 Foch,PILATES REFORMER,MORGANE,0,0,True,disponible,2026-06-08 11:04
2026-06-15|08:00|le 33 foch|pilates reformer (niveau 2),2026-06-15,Lundi,08:00,08:50,Le 33 Foch,PILATES REFORMER (Niveau 2),LISA,0,0,True,disponible,2026-06-09 01:04
2026-06-15|09:00|le 33 foch|cuisses abdos fessiers,2026-06-15,Lundi,09:00,09:45,Le 33 Foch,CUISSES ABDOS FESSIERS,MATTEO,0,0,True,disponible,2026-06-09 01:04
2026-06-15|09:00|le 33 foch|pilates reformer (niveau 2),2026-06-15,Lundi,09:00,09:50,Le 33 Foch,PILATES REFORMER (Niveau 2),LISA,0,0,True,disponible,2026-06-09 01:04
2026-06-15|10:00|le 33 foch|pilates reformer (niveau 2),2026-06-15,Lundi,10:00,10:50,Le 33 Foch,PILATES REFORMER (Niveau 2),LISA,0,0,True,disponible,2026-06-09 01:04
2026-06-15|11:00|le 33 foch|body sculpt,2026-06-15,Lundi,11:00,11:45,Le 33 Foch,BODY SCULPT,DOMINIQUE,0,0,True,disponible,2026-06-09 01:04
2026-06-15|12:00|le 33 foch|micro lagree,2026-06-15,Lundi,12:00,12:50,Le 33 Foch,MICRO LAGREE,JOY,0,0,True,disponible,2026-06-09 01:04
2026-06-15|12:00|le 33 foch|pilates reformer,2026-06-15,Lundi,12:00,12:50,Le 33 Foch,PILATES REFORMER,CANDICE,0,0,True,disponible,2026-06-09 01:04
2026-06-15|12:30|le 33 foch|trx,2026-06-15,Lundi,12:30,13:15,Le 33 Foch,TRX,MAX,0,0,True,disponible,2026-06-09 01:04
2026-06-15|13:00|le 33 foch|micro lagree,2026-06-15,Lundi,13:00,13:50,Le 33 Foch,MICRO LAGREE,JOY,0,0,True,disponible,2026-06-09 01:04
2026-06-15|13:00|le 33 foch|pilates reformer,2026-06-15,Lundi,13:00,13:50,Le 33 Foch,PILATES REFORMER,CANDICE,0,0,True,disponible,2026-06-09 01:04
2026-06-15|15:00|le 33 foch|pilates reformer,2026-06-15,Lundi,15:00,15:50,Le 33 Foch,PILATES REFORMER,ENZO,0,0,True,disponible,2026-06-09 01:04
2026-06-15|16:00|le 33 foch|micro lagree,2026-06-15,Lundi,16:00,16:50,Le 33 Foch,MICRO LAGREE,ENZO,0,0,True,disponible,2026-06-09 01:04
2026-06-15|17:00|le 33 foch|cardio-boxing,2026-06-15,Lundi,17:00,17:45,Le 33 Foch,CARDIO-BOXING,MAX,0,0,True,disponible,2026-06-09 01:04
2026-06-15|17:00|le 33 foch|micro lagree,2026-06-15,Lundi,17:00,17:50,Le 33 Foch,MICRO LAGREE,EVA,0,0,True,disponible,2026-06-09 01:04
2026-06-15|18:00|le 33 foch|body sculpt,2026-06-15,Lundi,18:00,18:45,Le 33 Foch,BODY SCULPT,DOMINIQUE,0,0,True,disponible,2026-06-09 01:04
2026-06-15|18:00|le 33 foch|cardio-boxing,2026-06-15,Lundi,18:00,18:45,Le 33 Foch,CARDIO-BOXING,MAX,0,0,True,disponible,2026-06-09 01:04
2026-06-15|18:00|le 33 foch|micro lagree,2026-06-15,Lundi,18:00,18:50,Le 33 Foch,MICRO LAGREE,EVA,0,0,True,disponible,2026-06-09 01:04
2026-06-15|18:00|le 33 foch|pilates reformer,2026-06-15,Lundi,18:00,18:50,Le 33 Foch,PILATES REFORMER,CANDICE,0,0,True,disponible,2026-06-09 01:04
2026-06-15|18:30|le 33 foch — 32 tilsitt|street jazz girly,2026-06-15,Lundi,18:30,19:30,Le 33 Foch — 32 Tilsitt,STREET JAZZ GIRLY,MAELLA,0,0,True,inconnu,2026-06-09 01:04
2026-06-15|19:00|le 33 foch|cardio-boxing,2026-06-15,Lundi,19:00,19:45,Le 33 Foch,CARDIO-BOXING,MAX,0,0,True,disponible,2026-06-09 01:04
2026-06-15|19:00|le 33 foch|micro lagree,2026-06-15,Lundi,19:00,19:50,Le 33 Foch,MICRO LAGREE,LOLA,0,0,True,disponible,2026-06-09 01:04
2026-06-15|19:00|le 33 foch|pilates reformer,2026-06-15,Lundi,19:00,19:50,Le 33 Foch,PILATES REFORMER,CANDICE,0,0,True,disponible,2026-06-09 01:04
2026-06-15|19:15|le 33 foch|bootcamp & cycle,2026-06-15,Lundi,19:15,20:00,Le 33 Foch,BOOTCAMP & CYCLE,MATTEO,0,0,True,disponible,2026-06-09 01:04
2026-06-15|19:30|le 33 foch — 32 tilsitt|hip hop girly,2026-06-15,Lundi,19:30,20:30,Le 33 Foch — 32 Tilsitt,HIP HOP GIRLY,LUCILE,0,0,True,inconnu,2026-06-09 01:04
2026-06-15|20:00|le 33 foch|cardio-boxing,2026-06-15,Lundi,20:00,20:45,Le 33 Foch,CARDIO-BOXING,MAX,0,0,True,disponible,2026-06-09 01:04
2026-06-15|20:00|le 33 foch|micro lagree,2026-06-15,Lundi,20:00,20:50,Le 33 Foch,MICRO LAGREE,LOLA,0,0,True,disponible,2026-06-09 01:04
2026-06-16|09:00|le 33 foch|bootcamp & cycle,2026-06-16,Mardi,09:00,09:45,Le 33 Foch,BOOTCAMP & CYCLE,YOANN,0,0,True,disponible,2026-06-10 00:50
2026-06-16|10:00|le 33 foch|pilates reformer,2026-06-16,Mardi,10:00,10:50,Le 33 Foch,PILATES REFORMER,YOANN,0,0,True,disponible,2026-06-10 00:50
2026-06-16|11:00|le 33 foch|micro lagree,2026-06-16,Mardi,11:00,11:50,Le 33 Foch,MICRO LAGREE,REBECCA R.,0,0,True,disponible,2026-06-10 00:50
2026-06-16|11:00|le 33 foch|yoga/pilates,2026-06-16,Mardi,11:00,11:50,Le 33 Foch,YOGA/PILATES,CAROLINE,0,0,True,disponible,2026-06-10 00:50
2026-06-16|12:00|le 33 foch|micro lagree,2026-06-16,Mardi,12:00,12:50,Le 33 Foch,MICRO LAGREE,ENZO,0,0,True,disponible,2026-06-10 00:50
2026-06-16|12:00|le 33 foch|pilates reformer,2026-06-16,Mardi,12:00,12:50,Le 33 Foch,PILATES REFORMER,REBECCA R.,0,0,True,disponible,2026-06-10 00:50
2026-06-16|12:30|le 33 foch|bootcamp & cycle (wod),2026-06-16,Mardi,12:30,13:15,Le 33 Foch,BOOTCAMP & CYCLE (WOD),YOANN,0,0,True,disponible,2026-06-10 00:50
2026-06-16|13:00|le 33 foch|cardio-boxing,2026-06-16,Mardi,13:00,13:45,Le 33 Foch,CARDIO-BOXING,MAX,0,0,True,disponible,2026-06-10 00:50
2026-06-16|13:00|le 33 foch|micro lagree,2026-06-16,Mardi,13:00,13:50,Le 33 Foch,MICRO LAGREE,ENZO,0,0,True,disponible,2026-06-10 00:50
2026-06-16|13:00|le 33 foch|pilates reformer,2026-06-16,Mardi,13:00,13:50,Le 33 Foch,PILATES REFORMER,REBECCA R.,0,0,True,disponible,2026-06-10 00:50
2026-06-16|18:00|le 33 foch|body sculpt,2026-06-16,Mardi,18:00,18:45,Le 33 Foch,BODY SCULPT,DOMINIQUE,0,0,True,disponible,2026-06-10 00:50
2026-06-16|18:00|le 33 foch|cardio-boxing,2026-06-16,Mardi,18:00,18:45,Le 33 Foch,CARDIO-BOXING,HISANY,0,0,True,disponible,2026-06-10 00:50
2026-06-16|18:00|le 33 foch|micro lagree,2026-06-16,Mardi,18:00,18:50,Le 33 Foch,MICRO LAGREE,REBECCA G.,0,0,True,disponible,2026-06-10 00:50
2026-06-16|18:00|le 33 foch|pilates reformer,2026-06-16,Mardi,18:00,18:50,Le 33 Foch,PILATES REFORMER,ENZO,0,0,True,disponible,2026-06-10 00:50
2026-06-16|19:00|le 33 foch|cardio-boxing,2026-06-16,Mardi,19:00,19:45,Le 33 Foch,CARDIO-BOXING,MAX,0,0,True,disponible,2026-06-10 00:50
2026-06-16|19:00|le 33 foch|micro lagree,2026-06-16,Mardi,19:00,19:50,Le 33 Foch,MICRO LAGREE,REBECCA G.,0,0,True,disponible,2026-06-10 00:50
2026-06-16|19:00|le 33 foch|pilates reformer,2026-06-16,Mardi,19:00,19:50,Le 33 Foch,PILATES REFORMER,ENZO,0,0,True,disponible,2026-06-10 00:50
2026-06-16|19:15|le 33 foch|bootcamp & cycle (wod),2026-06-16,Mardi,19:15,20:00,Le 33 Foch,BOOTCAMP & CYCLE (WOD),HISANY,0,0,True,disponible,2026-06-10 00:50
2026-06-16|20:00|le 33 foch|cardio-boxing,2026-06-16,Mardi,20:00,20:45,Le 33 Foch,CARDIO-BOXING,MAX,0,0,True,disponible,2026-06-10 00:50
2026-06-16|20:00|le 33 foch|pilates reformer,2026-06-16,Mardi,20:00,20:50,Le 33 Foch,PILATES REFORMER,ENZO,0,0,True,disponible,2026-06-10 00:50
2026-06-16|20:15|le 33 foch|bootcamp & cycle (wod),2026-06-16,Mardi,20:15,21:00,Le 33 Foch,BOOTCAMP & CYCLE (WOD),HISANY,0,0,True,disponible,2026-06-10 00:50
2026-06-17|08:00|le 33 foch|pilates reformer (niveau 2),2026-06-17,Mercredi,08:00,08:50,Le 33 Foch,PILATES REFORMER (Niveau 2),LISA,0,0,True,disponible,2026-06-11 00:21
2026-06-17|08:30|le 33 foch|trx & cycle,2026-06-17,Mercredi,08:30,09:15,Le 33 Foch,TRX & CYCLE,JEREMI,0,0,True,disponible,2026-06-11 00:21
2026-06-17|09:00|le 33 foch|pilates reformer (niveau 2),2026-06-17,Mercredi,09:00,09:50,Le 33 Foch,PILATES REFORMER (Niveau 2),LISA,0,0,True,disponible,2026-06-11 00:21
2026-06-17|10:00|le 33 foch|pilates reformer (niveau 2),2026-06-17,Mercredi,10:00,10:50,Le 33 Foch,PILATES REFORMER (Niveau 2),LISA,0,0,True,disponible,2026-06-11 00:21
2026-06-17|11:00|le 33 foch|micro lagree,2026-06-17,Mercredi,11:00,11:50,Le 33 Foch,MICRO LAGREE,JULIA,0,0,True,disponible,2026-06-11 00:21
2026-06-17|11:00|le 33 foch|pilates mat,2026-06-17,Mercredi,11:00,11:50,Le 33 Foch,PILATES MAT,CAROLINE,0,0,True,disponible,2026-06-11 00:21
2026-06-17|12:00|le 33 foch|micro lagree,2026-06-17,Mercredi,12:00,12:50,Le 33 Foch,MICRO LAGREE,JULIA,0,0,True,disponible,2026-06-11 00:21
2026-06-17|12:00|le 33 foch|pilates reformer,2026-06-17,Mercredi,12:00,12:50,Le 33 Foch,PILATES REFORMER,REBECCA G.,0,0,True,disponible,2026-06-11 00:21
2026-06-17|12:30|le 33 foch|bootcamp & cycle (wod),2026-06-17,Mercredi,12:30,13:15,Le 33 Foch,BOOTCAMP & CYCLE (WOD),MATTEO,0,0,True,disponible,2026-06-11 00:21
2026-06-17|13:00|le 33 foch|cardio-boxing,2026-06-17,Mercredi,13:00,13:45,Le 33 Foch,CARDIO-BOXING,JEREMI,0,0,True,disponible,2026-06-11 00:21
2026-06-17|13:00|le 33 foch|pilates reformer,2026-06-17,Mercredi,13:00,13:50,Le 33 Foch,PILATES REFORMER,REBECCA G.,0,0,True,disponible,2026-06-11 00:21
2026-06-17|15:00|le 33 foch|pilates reformer,2026-06-17,Mercredi,15:00,15:50,Le 33 Foch,PILATES REFORMER,CANDICE,0,0,True,disponible,2026-06-11 00:21
2026-06-17|16:00|le 33 foch|kids boxing (6 à 9 ans),2026-06-17,Mercredi,16:00,16:45,Le 33 Foch,KIDS BOXING (6 à 9 ans),MAX,0,0,True,disponible,2026-06-11 00:21
2026-06-17|16:00|le 33 foch|pilates reformer,2026-06-17,Mercredi,16:00,16:50,Le 33 Foch,PILATES REFORMER,CANDICE,0,0,True,disponible,2026-06-11 00:21
2026-06-17|17:00|le 33 foch|micro lagree,2026-06-17,Mercredi,17:00,17:50,Le 33 Foch,MICRO LAGREE,JULIA,0,0,True,disponible,2026-06-11 00:21
2026-06-17|18:00|le 33 foch|bootcamp & cycle (wod),2026-06-17,Mercredi,18:00,18:45,Le 33 Foch,BOOTCAMP & CYCLE (WOD),MATTEO,0,0,True,disponible,2026-06-11 00:21
2026-06-17|18:00|le 33 foch|cardio-boxing,2026-06-17,Mercredi,18:00,18:45,Le 33 Foch,CARDIO-BOXING,YAMANI,0,0,True,disponible,2026-06-11 00:21
2026-06-17|18:00|le 33 foch|micro lagree,2026-06-17,Mercredi,18:00,18:50,Le 33 Foch,MICRO LAGREE,JULIA,0,0,True,disponible,2026-06-11 00:21
2026-06-17|18:00|le 33 foch|pilates reformer,2026-06-17,Mercredi,18:00,18:50,Le 33 Foch,PILATES REFORMER,CANDICE,0,0,True,disponible,2026-06-11 00:21
2026-06-17|19:00|le 33 foch|cardio-boxing,2026-06-17,Mercredi,19:00,19:45,Le 33 Foch,CARDIO-BOXING,YAMANI,0,0,True,disponible,2026-06-11 00:21
2026-06-17|19:00|le 33 foch|micro lagree,2026-06-17,Mercredi,19:00,19:50,Le 33 Foch,MICRO LAGREE,EVA,0,0,True,disponible,2026-06-11 00:21
2026-06-17|19:00|le 33 foch|pilates reformer,2026-06-17,Mercredi,19:00,19:50,Le 33 Foch,PILATES REFORMER,CANDICE,0,0,True,disponible,2026-06-11 00:21
2026-06-17|19:00|le 33 foch|trx,2026-06-17,Mercredi,19:00,19:45,Le 33 Foch,TRX,MATTEO,0,0,True,disponible,2026-06-11 00:21
2026-06-17|19:30|le 33 foch — 32 tilsitt|bodyattack les mills,2026-06-17,Mercredi,19:30,20:15,Le 33 Foch — 32 Tilsitt,BODYATTACK Les Mills,TYRIK,0,0,True,inconnu,2026-06-11 00:21
2026-06-17|20:00|le 33 foch|cuisses abdos fessiers,2026-06-17,Mercredi,20:00,20:45,Le 33 Foch,CUISSES ABDOS FESSIERS,MATTEO,0,0,True,disponible,2026-06-11 00:21
2026-06-17|20:00|le 33 foch|micro lagree,2026-06-17,Mercredi,20:00,20:50,Le 33 Foch,MICRO LAGREE,EVA,0,0,True,disponible,2026-06-11 00:21
2026-06-17|20:00|le 33 foch|pilates reformer,2026-06-17,Mercredi,20:00,20:50,Le 33 Foch,PILATES REFORMER,CANDICE,0,0,True,disponible,2026-06-11 00:21
2026-06-17|20:30|le 33 foch — 32 tilsitt|hip hop girly,2026-06-17,Mercredi,20:30,21:30,Le 33 Foch — 32 Tilsitt,HIP HOP GIRLY,MAELLA,0,0,True,inconnu,2026-06-11 00:21
2026-06-18|09:00|le 33 foch|cuisses abdos fessiers,2026-06-18,Jeudi,09:00,09:45,Le 33 Foch,CUISSES ABDOS FESSIERS,MATTEO,0,0,True,disponible,2026-06-12 10:42
2026-06-18|09:00|le 33 foch|pilates reformer,2026-06-18,Jeudi,09:00,09:50,Le 33 Foch,PILATES REFORMER,JOY,0,0,True,disponible,2026-06-12 10:42
2026-06-18|10:00|le 33 foch|pilates reformer,2026-06-18,Jeudi,10:00,10:50,Le 33 Foch,PILATES REFORMER,JOY,0,0,True,disponible,2026-06-12 10:42
2026-06-18|11:00|le 33 foch|body sculpt,2026-06-18,Jeudi,11:00,11:50,Le 33 Foch,BODY SCULPT,DOMINIQUE,0,0,True,disponible,2026-06-12 10:42
2026-06-18|12:00|le 33 foch|micro lagree,2026-06-18,Jeudi,12:00,12:50,Le 33 Foch,MICRO LAGREE,MARIE,0,0,True,disponible,2026-06-12 10:42
2026-06-18|12:00|le 33 foch|pilates reformer,2026-06-18,Jeudi,12:00,12:50,Le 33 Foch,PILATES REFORMER,REBECCA G.,0,0,True,disponible,2026-06-12 10:42
2026-06-18|12:30|le 33 foch|my fit barre by valerie,2026-06-18,Jeudi,12:30,13:15,Le 33 Foch,MY FIT BARRE BY VALERIE,VALERIE,0,0,True,disponible,2026-06-12 10:42
2026-06-18|13:00|le 33 foch|cardio-boxing,2026-06-18,Jeudi,13:00,13:45,Le 33 Foch,CARDIO-BOXING,MAX,0,0,True,disponible,2026-06-12 10:42
2026-06-18|13:00|le 33 foch|micro lagree,2026-06-18,Jeudi,13:00,13:50,Le 33 Foch,MICRO LAGREE,MARIE,0,0,True,disponible,2026-06-12 10:42
2026-06-18|13:00|le 33 foch|pilates reformer,2026-06-18,Jeudi,13:00,13:50,Le 33 Foch,PILATES REFORMER,REBECCA G.,0,0,True,disponible,2026-06-12 10:42
2026-06-18|17:00|le 33 foch|pilates reformer,2026-06-18,Jeudi,17:00,17:50,Le 33 Foch,PILATES REFORMER,CANDICE,0,0,True,disponible,2026-06-12 10:42
2026-06-18|18:00|le 33 foch|cardio-boxing,2026-06-18,Jeudi,18:00,18:45,Le 33 Foch,CARDIO-BOXING,JEREMI,0,0,True,disponible,2026-06-12 10:42
2026-06-18|18:00|le 33 foch|micro lagree,2026-06-18,Jeudi,18:00,18:50,Le 33 Foch,MICRO LAGREE,MATTEO,0,0,True,disponible,2026-06-12 10:42
2026-06-18|18:00|le 33 foch|pilates reformer,2026-06-18,Jeudi,18:00,18:50,Le 33 Foch,PILATES REFORMER,CANDICE,0,0,True,disponible,2026-06-12 10:42
2026-06-18|19:00|le 33 foch|bootcamp & cycle,2026-06-18,Jeudi,19:00,19:45,Le 33 Foch,BOOTCAMP & CYCLE,MAX,0,0,True,disponible,2026-06-12 10:42
2026-06-18|19:00|le 33 foch|cardio-boxing,2026-06-18,Jeudi,19:00,19:45,Le 33 Foch,CARDIO-BOXING,JEREMI,0,0,True,disponible,2026-06-12 10:42
2026-06-18|19:00|le 33 foch|micro lagree,2026-06-18,Jeudi,19:00,19:50,Le 33 Foch,MICRO LAGREE,MATTEO,0,0,True,disponible,2026-06-12 10:42
2026-06-18|20:00|le 33 foch|bootcamp,2026-06-18,Jeudi,20:00,20:45,Le 33 Foch,BOOTCAMP,MAX,0,0,True,disponible,2026-06-12 10:42
2026-06-18|20:00|le 33 foch|cardio-boxing,2026-06-18,Jeudi,20:00,20:45,Le 33 Foch,CARDIO-BOXING,JEREMI,0,0,True,disponible,2026-06-12 10:42
2026-06-19|10:00|le 33 foch|pilates reformer (niveau 2),2026-06-19,Vendredi,10:00,10:50,Le 33 Foch,PILATES REFORMER (Niveau 2),ENZO (Suppléant),0,0,True,disponible,2026-06-13 00:15
2026-06-19|11:00|le 33 foch|body sculpt,2026-06-19,Vendredi,11:00,11:45,Le 33 Foch,BODY SCULPT,DOMINIQUE,0,0,True,disponible,2026-06-13 00:15
2026-06-19|11:00|le 33 foch|micro lagree,2026-06-19,Vendredi,11:00,11:50,Le 33 Foch,MICRO LAGREE,EVA,0,0,True,disponible,2026-06-13 00:15
2026-06-19|11:00|le 33 foch|pilates reformer (niveau 2),2026-06-19,Vendredi,11:00,11:50,Le 33 Foch,PILATES REFORMER (Niveau 2),ENZO (Suppléant),0,0,True,disponible,2026-06-13 00:15
2026-06-19|12:00|le 33 foch|micro lagree,2026-06-19,Vendredi,12:00,12:50,Le 33 Foch,MICRO LAGREE,EVA,0,0,True,disponible,2026-06-13 00:15
2026-06-19|12:00|le 33 foch|pilates reformer (niveau 2),2026-06-19,Vendredi,12:00,12:50,Le 33 Foch,PILATES REFORMER (Niveau 2),ENZO (Suppléant),0,0,True,disponible,2026-06-13 00:15
2026-06-19|12:30|le 33 foch|trx,2026-06-19,Vendredi,12:30,13:15,Le 33 Foch,TRX,MAX,0,0,True,disponible,2026-06-13 00:15
2026-06-19|15:00|le 33 foch|pilates reformer (privatisation),2026-06-19,Vendredi,15:00,15:50,Le 33 Foch,PILATES REFORMER (PRIVATISATION),CANDICE,0,0,True,inconnu,2026-06-13 00:15
2026-06-19|16:00|le 33 foch|pilates reformer,2026-06-19,Vendredi,16:00,16:50,Le 33 Foch,PILATES REFORMER,ILANA,0,0,True,disponible,2026-06-13 00:15
2026-06-19|17:00|le 33 foch|micro lagree,2026-06-19,Vendredi,17:00,17:50,Le 33 Foch,MICRO LAGREE,ENZO,0,0,True,disponible,2026-06-13 00:15
2026-06-19|18:00|le 33 foch|bootcamp & cycle (wod),2026-06-19,Vendredi,18:00,18:45,Le 33 Foch,BOOTCAMP & CYCLE (WOD),LUKAS,0,0,True,disponible,2026-06-13 00:15
2026-06-19|18:00|le 33 foch|cardio-boxing,2026-06-19,Vendredi,18:00,18:45,Le 33 Foch,CARDIO-BOXING,HISANY,0,0,True,disponible,2026-06-13 00:15
2026-06-19|18:00|le 33 foch|micro lagree,2026-06-19,Vendredi,18:00,18:50,Le 33 Foch,MICRO LAGREE,ENZO,0,0,True,disponible,2026-06-13 00:15
2026-06-19|18:00|le 33 foch|pilates reformer,2026-06-19,Vendredi,18:00,18:50,Le 33 Foch,PILATES REFORMER,TAIR,0,0,True,disponible,2026-06-13 00:15
2026-06-19|19:00|le 33 foch|cardio-boxing,2026-06-19,Vendredi,19:00,19:45,Le 33 Foch,CARDIO-BOXING,HISANY,0,0,True,disponible,2026-06-13 00:15
2026-06-19|19:00|le 33 foch|micro lagree,2026-06-19,Vendredi,19:00,19:50,Le 33 Foch,MICRO LAGREE,ENZO,0,0,True,disponible,2026-06-13 00:15
2026-06-19|19:00|le 33 foch|pilates reformer,2026-06-19,Vendredi,19:00,19:50,Le 33 Foch,PILATES REFORMER,TAIR,0,0,True,disponible,2026-06-13 00:15
2026-06-20|10:00|le 33 foch|micro lagree,2026-06-20,Samedi,10:00,10:50,Le 33 Foch,MICRO LAGREE,MAX,0,0,True,disponible,2026-06-14 10:28
2026-06-20|10:00|le 33 foch|pilates reformer,2026-06-20,Samedi,10:00,10:50,Le 33 Foch,PILATES REFORMER,MORGANE,0,0,True,disponible,2026-06-14 10:28
2026-06-20|10:00|le 33 foch|yoga vinyasa,2026-06-20,Samedi,10:00,10:50,Le 33 Foch,YOGA VINYASA,CAROLINE,0,0,True,disponible,2026-06-14 10:28
2026-06-20|11:00|le 33 foch|micro lagree,2026-06-20,Samedi,11:00,11:50,Le 33 Foch,MICRO LAGREE,MAX,0,0,True,disponible,2026-06-14 10:28
2026-06-20|11:00|le 33 foch|pilates reformer,2026-06-20,Samedi,11:00,11:50,Le 33 Foch,PILATES REFORMER,MORGANE,0,0,True,disponible,2026-06-14 10:28
2026-06-20|11:00|le 33 foch|trx,2026-06-20,Samedi,11:00,11:45,Le 33 Foch,TRX,FABRICE,0,0,True,disponible,2026-06-14 10:28
2026-06-20|12:00|le 33 foch|cardio-boxing,2026-06-20,Samedi,12:00,12:45,Le 33 Foch,CARDIO-BOXING,MAX,0,0,True,disponible,2026-06-14 10:28
2026-06-20|12:00|le 33 foch|core training,2026-06-20,Samedi,12:00,12:45,Le 33 Foch,CORE TRAINING,FABRICE,0,0,True,disponible,2026-06-14 10:28
2026-06-20|12:00|le 33 foch|pilates reformer,2026-06-20,Samedi,12:00,12:50,Le 33 Foch,PILATES REFORMER,MORGANE,0,0,True,disponible,2026-06-14 10:28
2026-06-20|13:00|le 33 foch|cardio-boxing,2026-06-20,Samedi,13:00,13:45,Le 33 Foch,CARDIO-BOXING,MAX,0,0,True,disponible,2026-06-14 10:28
2026-06-20|14:00|le 33 foch|pilates mat,2026-06-20,Samedi,14:00,14:45,Le 33 Foch,PILATES MAT,YOANN,0,0,True,disponible,2026-06-14 10:28
2026-06-20|15:00|le 33 foch|teenagers boxing (10-14 ans),2026-06-20,Samedi,15:00,15:45,Le 33 Foch,TEENAGERS BOXING (10-14 ans),MAX,0,0,True,disponible,2026-06-14 10:28
2026-06-20|16:00|le 33 foch|cardio-boxing,2026-06-20,Samedi,16:00,16:50,Le 33 Foch,CARDIO-BOXING,LUCIE,0,0,True,disponible,2026-06-14 10:28
2026-06-20|17:00|le 33 foch|yoga vinyasa,2026-06-20,Samedi,17:00,17:45,Le 33 Foch,YOGA VINYASA,LUCIE,0,0,True,disponible,2026-06-14 10:28
2026-06-21|10:00|le 33 foch|bootcamp,2026-06-21,Dimanche,10:00,10:45,Le 33 Foch,BOOTCAMP,MATTEO,0,0,True,disponible,2026-06-15 00:52
2026-06-21|10:00|le 33 foch|micro lagree,2026-06-21,Dimanche,10:00,10:50,Le 33 Foch,MICRO LAGREE,JULIA,0,0,True,disponible,2026-06-15 00:52
2026-06-21|10:00|le 33 foch|pilates reformer (niveau 2),2026-06-21,Dimanche,10:00,10:50,Le 33 Foch,PILATES REFORMER (Niveau 2),LISA,0,0,True,disponible,2026-06-15 00:52
2026-06-21|11:00|le 33 foch|cardio-boxing,2026-06-21,Dimanche,11:00,11:45,Le 33 Foch,CARDIO-BOXING,JEREMI,0,0,True,disponible,2026-06-15 00:52
2026-06-21|11:00|le 33 foch|micro lagree,2026-06-21,Dimanche,11:00,11:50,Le 33 Foch,MICRO LAGREE,JULIA,0,0,True,disponible,2026-06-15 00:52
2026-06-21|11:00|le 33 foch|pilates reformer (niveau 2),2026-06-21,Dimanche,11:00,11:50,Le 33 Foch,PILATES REFORMER (Niveau 2),LISA,0,0,True,disponible,2026-06-15 00:52
2026-06-21|11:30|le 33 foch|cuisses abdos fessiers,2026-06-21,Dimanche,11:30,12:15,Le 33 Foch,CUISSES ABDOS FESSIERS,MATTEO,0,0,True,disponible,2026-06-15 00:52
2026-06-21|12:00|le 33 foch|cardio-boxing,2026-06-21,Dimanche,12:00,12:45,Le 33 Foch,CARDIO-BOXING,JEREMI,0,0,True,disponible,2026-06-15 00:52
2026-06-21|12:00|le 33 foch|micro lagree,2026-06-21,Dimanche,12:00,12:50,Le 33 Foch,MICRO LAGREE,JULIA,0,0,True,disponible,2026-06-15 00:52
2026-06-21|12:00|le 33 foch|pilates reformer (niveau 2),2026-06-21,Dimanche,12:00,12:50,Le 33 Foch,PILATES REFORMER (Niveau 2),LISA,0,0,True,disponible,2026-06-15 00:52
2026-06-21|12:30|le 33 foch|bootcamp & cycle,2026-06-21,Dimanche,12:30,13:15,Le 33 Foch,BOOTCAMP & CYCLE,MATTEO,0,0,True,disponible,2026-06-15 00:52
2026-06-21|15:00|le 33 foch|pilates reformer,2026-06-21,Dimanche,15:00,15:50,Le 33 Foch,PILATES REFORMER,MORGANE,0,0,True,disponible,2026-06-15 00:52
2026-06-21|16:00|le 33 foch|pilates reformer,2026-06-21,Dimanche,16:00,16:50,Le 33 Foch,PILATES REFORMER,MORGANE,0,0,True,disponible,2026-06-15 00:52
2026-06-21|17:00|le 33 foch|pilates reformer,2026-06-21,Dimanche,17:00,17:50,Le 33 Foch,PILATES REFORMER,MORGANE,0,0,True,disponible,2026-06-15 00:52
2026-06-22|08:00|le 33 foch|pilates reformer (niveau 2),2026-06-22,Lundi,08:00,08:50,Le 33 Foch,PILATES REFORMER (Niveau 2),LISA,0,0,True,disponible,2026-06-16 00:29
2026-06-22|09:00|le 33 foch|cuisses abdos fessiers,2026-06-22,Lundi,09:00,09:45,Le 33 Foch,CUISSES ABDOS FESSIERS,MATTEO,0,0,True,disponible,2026-06-16 00:29
2026-06-22|09:00|le 33 foch|pilates reformer (niveau 2),2026-06-22,Lundi,09:00,09:50,Le 33 Foch,PILATES REFORMER (Niveau 2),LISA,0,0,True,disponible,2026-06-16 00:29
2026-06-22|10:00|le 33 foch|pilates reformer (niveau 2),2026-06-22,Lundi,10:00,10:50,Le 33 Foch,PILATES REFORMER (Niveau 2),LISA,0,0,True,disponible,2026-06-16 00:29
2026-06-22|11:00|le 33 foch|body sculpt,2026-06-22,Lundi,11:00,11:45,Le 33 Foch,BODY SCULPT,DOMINIQUE,0,0,True,disponible,2026-06-16 00:29
2026-06-22|12:00|le 33 foch|micro lagree,2026-06-22,Lundi,12:00,12:50,Le 33 Foch,MICRO LAGREE,JOY,0,0,True,disponible,2026-06-16 00:29
2026-06-22|12:00|le 33 foch|pilates reformer,2026-06-22,Lundi,12:00,12:50,Le 33 Foch,PILATES REFORMER,CANDICE,0,0,True,disponible,2026-06-16 00:29
2026-06-22|12:30|le 33 foch|trx,2026-06-22,Lundi,12:30,13:15,Le 33 Foch,TRX,MAX,0,0,True,disponible,2026-06-16 00:29
2026-06-22|13:00|le 33 foch|micro lagree,2026-06-22,Lundi,13:00,13:50,Le 33 Foch,MICRO LAGREE,JOY,0,0,True,disponible,2026-06-16 00:29
2026-06-22|13:00|le 33 foch|pilates reformer,2026-06-22,Lundi,13:00,13:50,Le 33 Foch,PILATES REFORMER,CANDICE,0,0,True,disponible,2026-06-16 00:29
2026-06-22|15:00|le 33 foch|pilates reformer,2026-06-22,Lundi,15:00,15:50,Le 33 Foch,PILATES REFORMER,ENZO,0,0,True,disponible,2026-06-16 00:29
2026-06-22|16:00|le 33 foch|micro lagree,2026-06-22,Lundi,16:00,16:50,Le 33 Foch,MICRO LAGREE,ENZO,0,0,True,disponible,2026-06-16 00:29
2026-06-22|17:00|le 33 foch|cardio-boxing,2026-06-22,Lundi,17:00,17:45,Le 33 Foch,CARDIO-BOXING,MAX,0,0,True,disponible,2026-06-16 00:29
2026-06-22|17:00|le 33 foch|micro lagree,2026-06-22,Lundi,17:00,17:50,Le 33 Foch,MICRO LAGREE,EVA,0,0,True,disponible,2026-06-16 00:29
2026-06-22|18:00|le 33 foch|body sculpt,2026-06-22,Lundi,18:00,18:45,Le 33 Foch,BODY SCULPT,DOMINIQUE,0,0,True,disponible,2026-06-16 00:29
2026-06-22|18:00|le 33 foch|cardio-boxing,2026-06-22,Lundi,18:00,18:45,Le 33 Foch,CARDIO-BOXING,MAX,0,0,True,disponible,2026-06-16 00:29
2026-06-22|18:00|le 33 foch|micro lagree,2026-06-22,Lundi,18:00,18:50,Le 33 Foch,MICRO LAGREE,EVA,0,0,True,disponible,2026-06-16 00:29
2026-06-22|18:00|le 33 foch|pilates reformer,2026-06-22,Lundi,18:00,18:50,Le 33 Foch,PILATES REFORMER,CANDICE,0,0,True,disponible,2026-06-16 00:29
2026-06-22|18:30|le 33 foch — 32 tilsitt|street jazz girly,2026-06-22,Lundi,18:30,19:30,Le 33 Foch — 32 Tilsitt,STREET JAZZ GIRLY,NAIADE (Suppléant),0,0,True,disponible,2026-06-16 00:29
2026-06-22|19:00|le 33 foch|cardio-boxing,2026-06-22,Lundi,19:00,19:45,Le 33 Foch,CARDIO-BOXING,MAX,0,0,True,disponible,2026-06-16 00:29
2026-06-22|19:00|le 33 foch|micro lagree,2026-06-22,Lundi,19:00,19:50,Le 33 Foch,MICRO LAGREE,LOLA,0,0,True,disponible,2026-06-16 00:29
2026-06-22|19:00|le 33 foch|pilates reformer,2026-06-22,Lundi,19:00,19:50,Le 33 Foch,PILATES REFORMER,CANDICE,0,0,True,disponible,2026-06-16 00:29
2026-06-22|19:15|le 33 foch|bootcamp & cycle,2026-06-22,Lundi,19:15,20:00,Le 33 Foch,BOOTCAMP & CYCLE,MATTEO,0,0,True,disponible,2026-06-16 00:29
2026-06-22|19:30|le 33 foch — 32 tilsitt|hip hop girly,2026-06-22,Lundi,19:30,20:30,Le 33 Foch — 32 Tilsitt,HIP HOP GIRLY,NAIADE (Suppléant),0,0,True,disponible,2026-06-16 00:29
2026-06-22|20:00|le 33 foch|cardio-boxing,2026-06-22,Lundi,20:00,20:45,Le 33 Foch,CARDIO-BOXING,MAX,0,0,True,disponible,2026-06-16 00:29
2026-06-22|20:00|le 33 foch|micro lagree,2026-06-22,Lundi,20:00,20:50,Le 33 Foch,MICRO LAGREE,LOLA,0,0,True,disponible,2026-06-16 00:29
2026-06-23|09:00|le 33 foch|bootcamp & cycle,2026-06-23,Mardi,09:00,09:45,Le 33 Foch,BOOTCAMP & CYCLE,YOANN,0,0,True,disponible,2026-06-17 01:10
2026-06-23|10:00|le 33 foch|pilates reformer,2026-06-23,Mardi,10:00,10:50,Le 33 Foch,PILATES REFORMER,YOANN,0,0,True,disponible,2026-06-17 01:10
2026-06-23|11:00|le 33 foch|micro lagree,2026-06-23,Mardi,11:00,11:50,Le 33 Foch,MICRO LAGREE,REBECCA R.,0,0,True,disponible,2026-06-17 01:10
2026-06-23|11:00|le 33 foch|yoga/pilates,2026-06-23,Mardi,11:00,11:50,Le 33 Foch,YOGA/PILATES,CAROLINE,0,0,True,disponible,2026-06-17 01:10
2026-06-23|12:00|le 33 foch|micro lagree,2026-06-23,Mardi,12:00,12:50,Le 33 Foch,MICRO LAGREE,ENZO,0,0,True,disponible,2026-06-17 01:10
2026-06-23|12:00|le 33 foch|pilates reformer,2026-06-23,Mardi,12:00,12:50,Le 33 Foch,PILATES REFORMER,REBECCA R.,0,0,True,disponible,2026-06-17 01:10
2026-06-23|12:30|le 33 foch|bootcamp & cycle (wod),2026-06-23,Mardi,12:30,13:15,Le 33 Foch,BOOTCAMP & CYCLE (WOD),YOANN,0,0,True,disponible,2026-06-17 01:10
2026-06-23|13:00|le 33 foch|cardio-boxing,2026-06-23,Mardi,13:00,13:45,Le 33 Foch,CARDIO-BOXING,MAX,0,0,True,disponible,2026-06-17 01:10
2026-06-23|13:00|le 33 foch|micro lagree,2026-06-23,Mardi,13:00,13:50,Le 33 Foch,MICRO LAGREE,ENZO,0,0,True,disponible,2026-06-17 01:10
2026-06-23|13:00|le 33 foch|pilates reformer,2026-06-23,Mardi,13:00,13:50,Le 33 Foch,PILATES REFORMER,REBECCA R.,0,0,True,disponible,2026-06-17 01:10
2026-06-23|18:00|le 33 foch|body sculpt,2026-06-23,Mardi,18:00,18:45,Le 33 Foch,BODY SCULPT,DOMINIQUE,0,0,True,disponible,2026-06-17 01:10
2026-06-23|18:00|le 33 foch|cardio-boxing,2026-06-23,Mardi,18:00,18:45,Le 33 Foch,CARDIO-BOXING,HISANY,0,0,True,disponible,2026-06-17 01:10
2026-06-23|18:00|le 33 foch|micro lagree,2026-06-23,Mardi,18:00,18:50,Le 33 Foch,MICRO LAGREE,REBECCA G.,0,0,True,disponible,2026-06-17 01:10
2026-06-23|18:00|le 33 foch|pilates reformer,2026-06-23,Mardi,18:00,18:50,Le 33 Foch,PILATES REFORMER,ENZO,0,0,True,disponible,2026-06-17 01:10
2026-06-23|19:00|le 33 foch|cardio-boxing,2026-06-23,Mardi,19:00,19:45,Le 33 Foch,CARDIO-BOXING,MAX,0,0,True,disponible,2026-06-17 01:10
2026-06-23|19:00|le 33 foch|micro lagree,2026-06-23,Mardi,19:00,19:50,Le 33 Foch,MICRO LAGREE,REBECCA G.,0,0,True,disponible,2026-06-17 01:10
2026-06-23|19:00|le 33 foch|pilates reformer,2026-06-23,Mardi,19:00,19:50,Le 33 Foch,PILATES REFORMER,ENZO,0,0,True,disponible,2026-06-17 01:10
2026-06-23|19:15|le 33 foch|bootcamp & cycle (wod),2026-06-23,Mardi,19:15,20:00,Le 33 Foch,BOOTCAMP & CYCLE (WOD),HISANY,0,0,True,disponible,2026-06-17 01:10
2026-06-23|20:00|le 33 foch|cardio-boxing,2026-06-23,Mardi,20:00,20:45,Le 33 Foch,CARDIO-BOXING,MAX,0,0,True,disponible,2026-06-17 01:10
2026-06-23|20:00|le 33 foch|pilates reformer,2026-06-23,Mardi,20:00,20:50,Le 33 Foch,PILATES REFORMER,ENZO,0,0,True,disponible,2026-06-17 01:10
2026-06-23|20:15|le 33 foch|bootcamp & cycle (wod),2026-06-23,Mardi,20:15,21:00,Le 33 Foch,BOOTCAMP & CYCLE (WOD),HISANY,0,0,True,disponible,2026-06-17 01:10
2026-06-24|08:00|le 33 foch|pilates reformer (niveau 2),2026-06-24,Mercredi,08:00,08:50,Le 33 Foch,PILATES REFORMER (Niveau 2),LISA,0,0,True,disponible,2026-06-18 01:09
2026-06-24|08:30|le 33 foch|trx & cycle,2026-06-24,Mercredi,08:30,09:15,Le 33 Foch,TRX & CYCLE,JEREMI,0,0,True,disponible,2026-06-18 01:09
2026-06-24|09:00|le 33 foch|pilates reformer (niveau 2),2026-06-24,Mercredi,09:00,09:50,Le 33 Foch,PILATES REFORMER (Niveau 2),LISA,0,0,True,disponible,2026-06-18 01:09
2026-06-24|10:00|le 33 foch|pilates reformer (niveau 2),2026-06-24,Mercredi,10:00,10:50,Le 33 Foch,PILATES REFORMER (Niveau 2),LISA,0,0,True,disponible,2026-06-18 01:09
2026-06-24|11:00|le 33 foch|micro lagree,2026-06-24,Mercredi,11:00,11:50,Le 33 Foch,MICRO LAGREE,EMMA (Suppléant),0,0,True,disponible,2026-06-18 01:09
2026-06-24|11:00|le 33 foch|pilates mat,2026-06-24,Mercredi,11:00,11:50,Le 33 Foch,PILATES MAT,CAROLINE,0,0,True,disponible,2026-06-18 01:09
2026-06-24|12:00|le 33 foch|micro lagree,2026-06-24,Mercredi,12:00,12:50,Le 33 Foch,MICRO LAGREE,EMMA (Suppléant),0,0,True,disponible,2026-06-18 01:09
2026-06-24|12:00|le 33 foch|pilates reformer,2026-06-24,Mercredi,12:00,12:50,Le 33 Foch,PILATES REFORMER,ENZO (Suppléant),0,0,True,disponible,2026-06-18 01:09
2026-06-24|12:30|le 33 foch|bootcamp & cycle (wod),2026-06-24,Mercredi,12:30,13:15,Le 33 Foch,BOOTCAMP & CYCLE (WOD),MATTEO,0,0,True,disponible,2026-06-18 01:09
2026-06-24|13:00|le 33 foch|cardio-boxing,2026-06-24,Mercredi,13:00,13:45,Le 33 Foch,CARDIO-BOXING,JEREMI,0,0,True,disponible,2026-06-18 01:09
2026-06-24|13:00|le 33 foch|pilates reformer,2026-06-24,Mercredi,13:00,13:50,Le 33 Foch,PILATES REFORMER,ENZO (Suppléant),0,0,True,disponible,2026-06-18 01:09
2026-06-24|15:00|le 33 foch|pilates reformer,2026-06-24,Mercredi,15:00,15:50,Le 33 Foch,PILATES REFORMER,CANDICE,0,0,True,disponible,2026-06-18 01:09
2026-06-24|16:00|le 33 foch|kids boxing (6 à 9 ans),2026-06-24,Mercredi,16:00,16:45,Le 33 Foch,KIDS BOXING (6 à 9 ans),MAX,0,0,True,disponible,2026-06-18 01:09
2026-06-24|16:00|le 33 foch|pilates reformer,2026-06-24,Mercredi,16:00,16:50,Le 33 Foch,PILATES REFORMER,CANDICE,0,0,True,disponible,2026-06-18 01:09
2026-06-24|17:00|le 33 foch|micro lagree,2026-06-24,Mercredi,17:00,17:50,Le 33 Foch,MICRO LAGREE,EMMA (Suppléant),0,0,True,disponible,2026-06-18 01:09
2026-06-24|18:00|le 33 foch|bootcamp & cycle (wod),2026-06-24,Mercredi,18:00,18:45,Le 33 Foch,BOOTCAMP & CYCLE (WOD),MATTEO,0,0,True,disponible,2026-06-18 01:09
2026-06-24|18:00|le 33 foch|cardio-boxing,2026-06-24,Mercredi,18:00,18:45,Le 33 Foch,CARDIO-BOXING,YAMANI,0,0,True,disponible,2026-06-18 01:09
2026-06-24|18:00|le 33 foch|micro lagree,2026-06-24,Mercredi,18:00,18:50,Le 33 Foch,MICRO LAGREE,EMMA (Suppléant),0,0,True,disponible,2026-06-18 01:09
2026-06-24|18:00|le 33 foch|pilates reformer,2026-06-24,Mercredi,18:00,18:50,Le 33 Foch,PILATES REFORMER,CANDICE,0,0,True,disponible,2026-06-18 01:09
2026-06-24|19:00|le 33 foch|cardio-boxing,2026-06-24,Mercredi,19:00,19:45,Le 33 Foch,CARDIO-BOXING,YAMANI,0,0,True,disponible,2026-06-18 01:09
2026-06-24|19:00|le 33 foch|micro lagree,2026-06-24,Mercredi,19:00,19:50,Le 33 Foch,MICRO LAGREE,EVA,0,0,True,disponible,2026-06-18 01:09
2026-06-24|19:00|le 33 foch|pilates reformer,2026-06-24,Mercredi,19:00,19:50,Le 33 Foch,PILATES REFORMER,CANDICE,0,0,True,disponible,2026-06-18 01:09
2026-06-24|19:00|le 33 foch|trx,2026-06-24,Mercredi,19:00,19:45,Le 33 Foch,TRX,MATTEO,0,0,True,disponible,2026-06-18 01:09
2026-06-24|19:30|le 33 foch — 32 tilsitt|bodyattack les mills,2026-06-24,Mercredi,19:30,20:15,Le 33 Foch — 32 Tilsitt,BODYATTACK Les Mills,TYRIK,0,0,True,inconnu,2026-06-18 01:09
2026-06-24|20:00|le 33 foch|cuisses abdos fessiers,2026-06-24,Mercredi,20:00,20:45,Le 33 Foch,CUISSES ABDOS FESSIERS,MATTEO,0,0,True,disponible,2026-06-18 01:09
2026-06-24|20:00|le 33 foch|micro lagree,2026-06-24,Mercredi,20:00,20:50,Le 33 Foch,MICRO LAGREE,EVA,0,0,True,disponible,2026-06-18 01:09
2026-06-24|20:00|le 33 foch|pilates reformer,2026-06-24,Mercredi,20:00,20:50,Le 33 Foch,PILATES REFORMER,CANDICE,0,0,True,disponible,2026-06-18 01:09
2026-06-24|20:30|le 33 foch — 32 tilsitt|hip hop girly,2026-06-24,Mercredi,20:30,21:30,Le 33 Foch — 32 Tilsitt,HIP HOP GIRLY,MAELLA,0,0,True,inconnu,2026-06-18 01:09
2026-06-25|09:00|le 33 foch|cuisses abdos fessiers,2026-06-25,Jeudi,09:00,09:45,Le 33 Foch,CUISSES ABDOS FESSIERS,MATTEO,0,0,True,disponible,2026-06-19 01:06
2026-06-25|09:00|le 33 foch|pilates reformer,2026-06-25,Jeudi,09:00,09:50,Le 33 Foch,PILATES REFORMER,JOY,0,0,True,disponible,2026-06-19 01:06
2026-06-25|10:00|le 33 foch|pilates reformer,2026-06-25,Jeudi,10:00,10:50,Le 33 Foch,PILATES REFORMER,JOY,0,0,True,disponible,2026-06-19 01:06
2026-06-25|11:00|le 33 foch|body sculpt,2026-06-25,Jeudi,11:00,11:50,Le 33 Foch,BODY SCULPT,DOMINIQUE,0,0,True,disponible,2026-06-19 01:06
2026-06-25|12:00|le 33 foch|micro lagree,2026-06-25,Jeudi,12:00,12:50,Le 33 Foch,MICRO LAGREE,EVA (Suppléant),0,0,True,disponible,2026-06-19 01:06
2026-06-25|12:30|le 33 foch|my fit barre by valerie,2026-06-25,Jeudi,12:30,13:15,Le 33 Foch,MY FIT BARRE BY VALERIE,VALERIE,0,0,True,disponible,2026-06-19 01:06
2026-06-25|13:00|le 33 foch|cardio-boxing,2026-06-25,Jeudi,13:00,13:45,Le 33 Foch,CARDIO-BOXING,MAX,0,0,True,disponible,2026-06-19 01:06
2026-06-25|13:00|le 33 foch|micro lagree,2026-06-25,Jeudi,13:00,13:50,Le 33 Foch,MICRO LAGREE,EVA (Suppléant),0,0,True,disponible,2026-06-19 01:06
2026-06-25|17:00|le 33 foch|pilates reformer,2026-06-25,Jeudi,17:00,17:50,Le 33 Foch,PILATES REFORMER,CANDICE,0,0,True,disponible,2026-06-19 01:06
2026-06-25|18:00|le 33 foch|cardio-boxing,2026-06-25,Jeudi,18:00,18:45,Le 33 Foch,CARDIO-BOXING,JEREMI,0,0,True,disponible,2026-06-19 01:06
2026-06-25|18:00|le 33 foch|micro lagree,2026-06-25,Jeudi,18:00,18:50,Le 33 Foch,MICRO LAGREE,MATTEO,0,0,True,disponible,2026-06-19 01:06
2026-06-25|18:00|le 33 foch|pilates reformer,2026-06-25,Jeudi,18:00,18:50,Le 33 Foch,PILATES REFORMER,CANDICE,0,0,True,disponible,2026-06-19 01:06
2026-06-25|19:00|le 33 foch|bootcamp & cycle,2026-06-25,Jeudi,19:00,19:45,Le 33 Foch,BOOTCAMP & CYCLE,MAX,0,0,True,disponible,2026-06-19 01:06
2026-06-25|19:00|le 33 foch|cardio-boxing,2026-06-25,Jeudi,19:00,19:45,Le 33 Foch,CARDIO-BOXING,JEREMI,0,0,True,disponible,2026-06-19 01:06
2026-06-25|19:00|le 33 foch|micro lagree,2026-06-25,Jeudi,19:00,19:50,Le 33 Foch,MICRO LAGREE,MATTEO,0,0,True,disponible,2026-06-19 01:06
2026-06-25|20:00|le 33 foch|bootcamp,2026-06-25,Jeudi,20:00,20:45,Le 33 Foch,BOOTCAMP,MAX,0,0,True,disponible,2026-06-19 01:06
2026-06-25|20:00|le 33 foch|cardio-boxing,2026-06-25,Jeudi,20:00,20:45,Le 33 Foch,CARDIO-BOXING,JEREMI,0,0,True,disponible,2026-06-19 01:06
2026-06-26|10:00|le 33 foch|pilates reformer (niveau 2),2026-06-26,Vendredi,10:00,10:50,Le 33 Foch,PILATES REFORMER (Niveau 2),ENZO (Suppléant),0,0,True,disponible,2026-06-20 00:39
2026-06-26|11:00|le 33 foch|body sculpt,2026-06-26,Vendredi,11:00,11:45,Le 33 Foch,BODY SCULPT,DOMINIQUE,0,0,True,disponible,2026-06-20 00:39
2026-06-26|11:00|le 33 foch|micro lagree,2026-06-26,Vendredi,11:00,11:50,Le 33 Foch,MICRO LAGREE,EVA,0,0,True,disponible,2026-06-20 00:39
2026-06-26|11:00|le 33 foch|pilates reformer (niveau 2),2026-06-26,Vendredi,11:00,11:50,Le 33 Foch,PILATES REFORMER (Niveau 2),ENZO (Suppléant),0,0,True,disponible,2026-06-20 00:39
2026-06-26|12:00|le 33 foch|micro lagree,2026-06-26,Vendredi,12:00,12:50,Le 33 Foch,MICRO LAGREE,EVA,0,0,True,disponible,2026-06-20 00:39
2026-06-26|12:00|le 33 foch|pilates reformer (niveau 2),2026-06-26,Vendredi,12:00,12:50,Le 33 Foch,PILATES REFORMER (Niveau 2),ENZO (Suppléant),0,0,True,disponible,2026-06-20 00:39
2026-06-26|12:30|le 33 foch|trx,2026-06-26,Vendredi,12:30,13:15,Le 33 Foch,TRX,MAX,0,0,True,disponible,2026-06-20 00:39
2026-06-26|16:00|le 33 foch|pilates reformer,2026-06-26,Vendredi,16:00,16:50,Le 33 Foch,PILATES REFORMER,ILANA,0,0,True,disponible,2026-06-20 00:39
2026-06-26|17:00|le 33 foch|micro lagree,2026-06-26,Vendredi,17:00,17:50,Le 33 Foch,MICRO LAGREE,ENZO,0,0,True,disponible,2026-06-20 00:39
2026-06-26|18:00|le 33 foch|bootcamp & cycle (wod),2026-06-26,Vendredi,18:00,18:45,Le 33 Foch,BOOTCAMP & CYCLE (WOD),LUKAS,0,0,True,disponible,2026-06-20 00:39
2026-06-26|18:00|le 33 foch|cardio-boxing,2026-06-26,Vendredi,18:00,18:45,Le 33 Foch,CARDIO-BOXING,HISANY,0,0,True,disponible,2026-06-20 00:39
2026-06-26|18:00|le 33 foch|micro lagree,2026-06-26,Vendredi,18:00,18:50,Le 33 Foch,MICRO LAGREE,ENZO,0,0,True,disponible,2026-06-20 00:39
2026-06-26|18:00|le 33 foch|pilates reformer,2026-06-26,Vendredi,18:00,18:50,Le 33 Foch,PILATES REFORMER,TAIR,0,0,True,disponible,2026-06-20 00:39
2026-06-26|19:00|le 33 foch|cardio-boxing,2026-06-26,Vendredi,19:00,19:45,Le 33 Foch,CARDIO-BOXING,HISANY,0,0,True,disponible,2026-06-20 00:39
2026-06-26|19:00|le 33 foch|micro lagree,2026-06-26,Vendredi,19:00,19:50,Le 33 Foch,MICRO LAGREE,ENZO,0,0,True,disponible,2026-06-20 00:39
2026-06-26|19:00|le 33 foch|pilates reformer,2026-06-26,Vendredi,19:00,19:50,Le 33 Foch,PILATES REFORMER,TAIR,0,0,True,disponible,2026-06-20 00:39
2026-06-27|10:00|le 33 foch|micro lagree,2026-06-27,Samedi,10:00,10:50,Le 33 Foch,MICRO LAGREE,MAX,0,0,True,disponible,2026-06-21 10:41
2026-06-27|10:00|le 33 foch|pilates reformer,2026-06-27,Samedi,10:00,10:50,Le 33 Foch,PILATES REFORMER,MORGANE,0,0,True,disponible,2026-06-21 10:41
2026-06-27|10:00|le 33 foch|yoga vinyasa,2026-06-27,Samedi,10:00,10:50,Le 33 Foch,YOGA VINYASA,CAROLINE,0,0,True,disponible,2026-06-21 10:41
2026-06-27|11:00|le 33 foch|micro lagree,2026-06-27,Samedi,11:00,11:50,Le 33 Foch,MICRO LAGREE,MAX,0,0,True,disponible,2026-06-21 10:41
2026-06-27|11:00|le 33 foch|pilates reformer,2026-06-27,Samedi,11:00,11:50,Le 33 Foch,PILATES REFORMER,MORGANE,0,0,True,disponible,2026-06-21 10:41
2026-06-27|11:00|le 33 foch|trx,2026-06-27,Samedi,11:00,11:45,Le 33 Foch,TRX,FABRICE,0,0,True,disponible,2026-06-21 10:41
2026-06-27|12:00|le 33 foch|cardio-boxing,2026-06-27,Samedi,12:00,12:45,Le 33 Foch,CARDIO-BOXING,MAX,0,0,True,disponible,2026-06-21 10:41
2026-06-27|12:00|le 33 foch|core training,2026-06-27,Samedi,12:00,12:45,Le 33 Foch,CORE TRAINING,FABRICE,0,0,True,disponible,2026-06-21 10:41
2026-06-27|12:00|le 33 foch|pilates reformer,2026-06-27,Samedi,12:00,12:50,Le 33 Foch,PILATES REFORMER,MORGANE,0,0,True,disponible,2026-06-21 10:41
2026-06-27|13:00|le 33 foch|cardio-boxing,2026-06-27,Samedi,13:00,13:45,Le 33 Foch,CARDIO-BOXING,MAX,0,0,True,disponible,2026-06-21 10:41
2026-06-27|14:00|le 33 foch|pilates mat,2026-06-27,Samedi,14:00,14:45,Le 33 Foch,PILATES MAT,YOANN,0,0,True,disponible,2026-06-21 10:41
2026-06-27|15:00|le 33 foch|teenagers boxing (10-14 ans),2026-06-27,Samedi,15:00,15:45,Le 33 Foch,TEENAGERS BOXING (10-14 ans),MAX,0,0,True,disponible,2026-06-21 10:41
2026-06-27|16:00|le 33 foch|cardio-boxing,2026-06-27,Samedi,16:00,16:50,Le 33 Foch,CARDIO-BOXING,LUCIE,0,0,True,disponible,2026-06-21 10:41
2026-06-27|17:00|le 33 foch|yoga vinyasa,2026-06-27,Samedi,17:00,17:45,Le 33 Foch,YOGA VINYASA,LUCIE,0,0,True,disponible,2026-06-21 10:41
2026-06-28|10:00|le 33 foch|bootcamp,2026-06-28,Dimanche,10:00,10:45,Le 33 Foch,BOOTCAMP,MATTEO,0,0,True,disponible,2026-06-22 00:03
2026-06-28|10:00|le 33 foch|micro lagree,2026-06-28,Dimanche,10:00,10:50,Le 33 Foch,MICRO LAGREE,MORGANE (Suppléant),0,0,True,disponible,2026-06-22 00:03
2026-06-28|10:00|le 33 foch|pilates reformer (niveau 2),2026-06-28,Dimanche,10:00,10:50,Le 33 Foch,PILATES REFORMER (Niveau 2),LISA,0,0,True,disponible,2026-06-22 00:03
2026-06-28|11:00|le 33 foch|cardio-boxing,2026-06-28,Dimanche,11:00,11:45,Le 33 Foch,CARDIO-BOXING,JEREMI,0,0,True,disponible,2026-06-22 00:03
2026-06-28|11:00|le 33 foch|micro lagree,2026-06-28,Dimanche,11:00,11:50,Le 33 Foch,MICRO LAGREE,MORGANE (Suppléant),0,0,True,disponible,2026-06-22 00:03
2026-06-28|11:00|le 33 foch|pilates reformer (niveau 2),2026-06-28,Dimanche,11:00,11:50,Le 33 Foch,PILATES REFORMER (Niveau 2),LISA,0,0,True,disponible,2026-06-22 00:03
2026-06-28|11:30|le 33 foch|cuisses abdos fessiers,2026-06-28,Dimanche,11:30,12:15,Le 33 Foch,CUISSES ABDOS FESSIERS,MATTEO,0,0,True,disponible,2026-06-22 00:03
2026-06-28|12:00|le 33 foch|cardio-boxing,2026-06-28,Dimanche,12:00,12:45,Le 33 Foch,CARDIO-BOXING,JEREMI,0,0,True,disponible,2026-06-22 00:03
2026-06-28|12:00|le 33 foch|micro lagree,2026-06-28,Dimanche,12:00,12:50,Le 33 Foch,MICRO LAGREE,MORGANE (Suppléant),0,0,True,disponible,2026-06-22 00:03
2026-06-28|12:00|le 33 foch|pilates reformer (niveau 2),2026-06-28,Dimanche,12:00,12:50,Le 33 Foch,PILATES REFORMER (Niveau 2),LISA,0,0,True,disponible,2026-06-22 00:03
2026-06-28|12:30|le 33 foch|bootcamp & cycle,2026-06-28,Dimanche,12:30,13:15,Le 33 Foch,BOOTCAMP & CYCLE,MATTEO,0,0,True,disponible,2026-06-22 00:03
2026-06-28|15:00|le 33 foch|pilates reformer,2026-06-28,Dimanche,15:00,15:50,Le 33 Foch,PILATES REFORMER,MORGANE,0,0,True,disponible,2026-06-22 00:03
2026-06-28|16:00|le 33 foch|pilates reformer,2026-06-28,Dimanche,16:00,16:50,Le 33 Foch,PILATES REFORMER,MORGANE,0,0,True,disponible,2026-06-22 00:03
2026-06-28|17:00|le 33 foch|pilates reformer,2026-06-28,Dimanche,17:00,17:50,Le 33 Foch,PILATES REFORMER,MORGANE,0,0,True,disponible,2026-06-22 00:03
2026-06-29|08:00|le 33 foch|pilates reformer (niveau 2),2026-06-29,Lundi,08:00,08:50,Le 33 Foch,PILATES REFORMER (Niveau 2),LISA,0,0,True,disponible,2026-06-23 01:06
2026-06-29|09:00|le 33 foch|cuisses abdos fessiers,2026-06-29,Lundi,09:00,09:45,Le 33 Foch,CUISSES ABDOS FESSIERS,MATTEO,0,0,True,disponible,2026-06-23 01:06
2026-06-29|09:00|le 33 foch|pilates reformer (niveau 2),2026-06-29,Lundi,09:00,09:50,Le 33 Foch,PILATES REFORMER (Niveau 2),LISA,0,0,True,disponible,2026-06-23 01:06
2026-06-29|10:00|le 33 foch|pilates reformer (niveau 2),2026-06-29,Lundi,10:00,10:50,Le 33 Foch,PILATES REFORMER (Niveau 2),LISA,0,0,True,disponible,2026-06-23 01:06
2026-06-29|11:00|le 33 foch|body sculpt,2026-06-29,Lundi,11:00,11:45,Le 33 Foch,BODY SCULPT,DOMINIQUE,0,0,True,disponible,2026-06-23 01:06
2026-06-29|12:00|le 33 foch|micro lagree,2026-06-29,Lundi,12:00,12:50,Le 33 Foch,MICRO LAGREE,ENZO (Suppléant),0,0,True,disponible,2026-06-23 01:06
2026-06-29|12:00|le 33 foch|pilates reformer,2026-06-29,Lundi,12:00,12:50,Le 33 Foch,PILATES REFORMER,CANDICE,0,0,True,disponible,2026-06-23 01:06
2026-06-29|12:30|le 33 foch|trx,2026-06-29,Lundi,12:30,13:15,Le 33 Foch,TRX,MAX,0,0,True,disponible,2026-06-23 01:06
2026-06-29|13:00|le 33 foch|micro lagree,2026-06-29,Lundi,13:00,13:50,Le 33 Foch,MICRO LAGREE,ENZO (Suppléant),0,0,True,disponible,2026-06-23 01:06
2026-06-29|13:00|le 33 foch|pilates reformer,2026-06-29,Lundi,13:00,13:50,Le 33 Foch,PILATES REFORMER,CANDICE,0,0,True,disponible,2026-06-23 01:06
2026-06-29|15:00|le 33 foch|pilates reformer,2026-06-29,Lundi,15:00,15:50,Le 33 Foch,PILATES REFORMER,ENZO,0,0,True,disponible,2026-06-23 01:06
2026-06-29|16:00|le 33 foch|micro lagree,2026-06-29,Lundi,16:00,16:50,Le 33 Foch,MICRO LAGREE,ENZO,0,0,True,disponible,2026-06-23 01:06
2026-06-29|17:00|le 33 foch|cardio-boxing,2026-06-29,Lundi,17:00,17:45,Le 33 Foch,CARDIO-BOXING,MAX,0,0,True,disponible,2026-06-23 01:06
2026-06-29|17:00|le 33 foch|micro lagree,2026-06-29,Lundi,17:00,17:50,Le 33 Foch,MICRO LAGREE,EVA,0,0,True,disponible,2026-06-23 01:06
2026-06-29|18:00|le 33 foch|body sculpt,2026-06-29,Lundi,18:00,18:45,Le 33 Foch,BODY SCULPT,DOMINIQUE,0,0,True,disponible,2026-06-23 01:06
2026-06-29|18:00|le 33 foch|cardio-boxing,2026-06-29,Lundi,18:00,18:45,Le 33 Foch,CARDIO-BOXING,MAX,0,0,True,disponible,2026-06-23 01:06
2026-06-29|18:00|le 33 foch|micro lagree,2026-06-29,Lundi,18:00,18:50,Le 33 Foch,MICRO LAGREE,EVA,0,0,True,disponible,2026-06-23 01:06
2026-06-29|18:00|le 33 foch|pilates reformer,2026-06-29,Lundi,18:00,18:50,Le 33 Foch,PILATES REFORMER,CANDICE,0,0,True,disponible,2026-06-23 01:06
2026-06-29|18:30|le 33 foch — 32 tilsitt|street jazz girly,2026-06-29,Lundi,18:30,19:30,Le 33 Foch — 32 Tilsitt,STREET JAZZ GIRLY,MAELLA,0,0,True,disponible,2026-06-23 01:06
2026-06-29|19:00|le 33 foch|cardio-boxing,2026-06-29,Lundi,19:00,19:45,Le 33 Foch,CARDIO-BOXING,MAX,0,0,True,disponible,2026-06-23 01:06
2026-06-29|19:00|le 33 foch|micro lagree,2026-06-29,Lundi,19:00,19:50,Le 33 Foch,MICRO LAGREE,MARIE (Suppléant),0,0,True,disponible,2026-06-23 01:06
2026-06-29|19:00|le 33 foch|pilates reformer,2026-06-29,Lundi,19:00,19:50,Le 33 Foch,PILATES REFORMER,CANDICE,0,0,True,inconnu,2026-06-23 01:06
2026-06-29|19:15|le 33 foch|bootcamp & cycle,2026-06-29,Lundi,19:15,20:00,Le 33 Foch,BOOTCAMP & CYCLE,MATTEO,0,0,True,disponible,2026-06-23 01:06
2026-06-29|19:30|le 33 foch — 32 tilsitt|hip hop girly,2026-06-29,Lundi,19:30,20:30,Le 33 Foch — 32 Tilsitt,HIP HOP GIRLY,MAELLA (Suppléant),0,0,True,disponible,2026-06-23 01:06
2026-06-29|20:00|le 33 foch|cardio-boxing,2026-06-29,Lundi,20:00,20:45,Le 33 Foch,CARDIO-BOXING,MAX,0,0,True,disponible,2026-06-23 01:06
2026-06-29|20:00|le 33 foch|micro lagree,2026-06-29,Lundi,20:00,20:50,Le 33 Foch,MICRO LAGREE,MARIE (Suppléant),0,0,True,disponible,2026-06-23 01:06
2026-06-30|09:00|le 33 foch|bootcamp & cycle,2026-06-30,Mardi,09:00,09:45,Le 33 Foch,BOOTCAMP & CYCLE,YOANN,0,0,True,disponible,2026-06-24 00:39
2026-06-30|10:00|le 33 foch|pilates reformer,2026-06-30,Mardi,10:00,10:50,Le 33 Foch,PILATES REFORMER,YOANN,0,0,True,disponible,2026-06-24 00:39
2026-06-30|11:00|le 33 foch|micro lagree,2026-06-30,Mardi,11:00,11:50,Le 33 Foch,MICRO LAGREE,REBECCA R.,0,0,True,disponible,2026-06-24 00:39
2026-06-30|11:00|le 33 foch|yoga/pilates,2026-06-30,Mardi,11:00,11:50,Le 33 Foch,YOGA/PILATES,CAROLINE,0,0,True,disponible,2026-06-24 00:39
2026-06-30|12:00|le 33 foch|micro lagree,2026-06-30,Mardi,12:00,12:50,Le 33 Foch,MICRO LAGREE,ENZO,0,0,True,disponible,2026-06-24 00:39
2026-06-30|12:00|le 33 foch|pilates reformer,2026-06-30,Mardi,12:00,12:50,Le 33 Foch,PILATES REFORMER,REBECCA R.,0,0,True,disponible,2026-06-24 00:39
2026-06-30|12:30|le 33 foch|bootcamp & cycle (wod),2026-06-30,Mardi,12:30,13:15,Le 33 Foch,BOOTCAMP & CYCLE (WOD),YOANN,0,0,True,disponible,2026-06-24 00:39
2026-06-30|13:00|le 33 foch|cardio-boxing,2026-06-30,Mardi,13:00,13:45,Le 33 Foch,CARDIO-BOXING,MAX,0,0,True,disponible,2026-06-24 00:39
2026-06-30|13:00|le 33 foch|micro lagree,2026-06-30,Mardi,13:00,13:50,Le 33 Foch,MICRO LAGREE,ENZO,0,0,True,disponible,2026-06-24 00:39
2026-06-30|13:00|le 33 foch|pilates reformer,2026-06-30,Mardi,13:00,13:50,Le 33 Foch,PILATES REFORMER,REBECCA R.,0,0,True,disponible,2026-06-24 00:39
2026-06-30|18:00|le 33 foch|body sculpt,2026-06-30,Mardi,18:00,18:45,Le 33 Foch,BODY SCULPT,DOMINIQUE,0,0,True,disponible,2026-06-24 00:39
2026-06-30|18:00|le 33 foch|cardio-boxing,2026-06-30,Mardi,18:00,18:45,Le 33 Foch,CARDIO-BOXING,HISANY,0,0,True,disponible,2026-06-24 00:39
2026-06-30|18:00|le 33 foch|micro lagree,2026-06-30,Mardi,18:00,18:50,Le 33 Foch,MICRO LAGREE,EMMA (Suppléant),0,0,True,disponible,2026-06-24 00:39
2026-06-30|18:00|le 33 foch|pilates reformer,2026-06-30,Mardi,18:00,18:50,Le 33 Foch,PILATES REFORMER,ENZO,0,0,True,disponible,2026-06-24 00:39
2026-06-30|19:00|le 33 foch|cardio-boxing,2026-06-30,Mardi,19:00,19:45,Le 33 Foch,CARDIO-BOXING,MAX,0,0,True,disponible,2026-06-24 00:39
2026-06-30|19:00|le 33 foch|micro lagree,2026-06-30,Mardi,19:00,19:50,Le 33 Foch,MICRO LAGREE,EMMA (Suppléant),0,0,True,disponible,2026-06-24 00:39
2026-06-30|19:00|le 33 foch|pilates reformer,2026-06-30,Mardi,19:00,19:50,Le 33 Foch,PILATES REFORMER,ENZO,0,0,True,disponible,2026-06-24 00:39
2026-06-30|19:15|le 33 foch|bootcamp & cycle (wod),2026-06-30,Mardi,19:15,20:00,Le 33 Foch,BOOTCAMP & CYCLE (WOD),HISANY,0,0,True,disponible,2026-06-24 00:39
2026-06-30|20:00|le 33 foch|cardio-boxing,2026-06-30,Mardi,20:00,20:45,Le 33 Foch,CARDIO-BOXING,MAX,0,0,True,disponible,2026-06-24 00:39
2026-06-30|20:00|le 33 foch|pilates reformer,2026-06-30,Mardi,20:00,20:50,Le 33 Foch,PILATES REFORMER,ENZO,0,0,True,disponible,2026-06-24 00:39
2026-06-30|20:15|le 33 foch|bootcamp & cycle (wod),2026-06-30,Mardi,20:15,21:00,Le 33 Foch,BOOTCAMP & CYCLE (WOD),HISANY,0,0,True,disponible,2026-06-24 00:39
2026-07-01|08:00|le 33 foch|pilates reformer (niveau 2),2026-07-01,Mercredi,08:00,08:50,Le 33 Foch,PILATES REFORMER (Niveau 2),LISA,0,0,True,disponible,2026-06-25 00:53
2026-07-01|08:30|le 33 foch|trx & cycle,2026-07-01,Mercredi,08:30,09:15,Le 33 Foch,TRX & CYCLE,JEREMI,0,0,True,disponible,2026-06-25 00:53
2026-07-01|09:00|le 33 foch|pilates reformer (niveau 2),2026-07-01,Mercredi,09:00,09:50,Le 33 Foch,PILATES REFORMER (Niveau 2),LISA,0,0,True,disponible,2026-06-25 00:53
2026-07-01|10:00|le 33 foch|pilates reformer (niveau 2),2026-07-01,Mercredi,10:00,10:50,Le 33 Foch,PILATES REFORMER (Niveau 2),LISA,0,0,True,disponible,2026-06-25 00:53
2026-07-01|11:00|le 33 foch|micro lagree,2026-07-01,Mercredi,11:00,11:50,Le 33 Foch,MICRO LAGREE,MORGANE (Suppléant),0,0,True,disponible,2026-06-25 00:53
2026-07-01|11:00|le 33 foch|pilates mat,2026-07-01,Mercredi,11:00,11:50,Le 33 Foch,PILATES MAT,CAROLINE,0,0,True,disponible,2026-06-25 00:53
2026-07-01|12:00|le 33 foch|micro lagree,2026-07-01,Mercredi,12:00,12:50,Le 33 Foch,MICRO LAGREE,MORGANE (Suppléant),0,0,True,disponible,2026-06-25 00:53
2026-07-01|12:00|le 33 foch|pilates reformer,2026-07-01,Mercredi,12:00,12:50,Le 33 Foch,PILATES REFORMER,REBECCA G.,0,0,True,disponible,2026-06-25 00:53
2026-07-01|12:30|le 33 foch|bootcamp & cycle (wod),2026-07-01,Mercredi,12:30,13:15,Le 33 Foch,BOOTCAMP & CYCLE (WOD),MATTEO,0,0,True,disponible,2026-06-25 00:53
2026-07-01|13:00|le 33 foch|cardio-boxing,2026-07-01,Mercredi,13:00,13:45,Le 33 Foch,CARDIO-BOXING,JEREMI,0,0,True,disponible,2026-06-25 00:53
2026-07-01|13:00|le 33 foch|pilates reformer,2026-07-01,Mercredi,13:00,13:50,Le 33 Foch,PILATES REFORMER,REBECCA G.,0,0,True,disponible,2026-06-25 00:53
2026-07-01|15:00|le 33 foch|pilates reformer,2026-07-01,Mercredi,15:00,15:50,Le 33 Foch,PILATES REFORMER,CANDICE,0,0,True,disponible,2026-06-25 00:53
2026-07-01|16:00|le 33 foch|kids boxing (6 à 9 ans),2026-07-01,Mercredi,16:00,16:45,Le 33 Foch,KIDS BOXING (6 à 9 ans),MAX,0,0,True,disponible,2026-06-25 00:53
2026-07-01|16:00|le 33 foch|pilates reformer,2026-07-01,Mercredi,16:00,16:50,Le 33 Foch,PILATES REFORMER,CANDICE,0,0,True,disponible,2026-06-25 00:53
2026-07-01|17:00|le 33 foch|micro lagree,2026-07-01,Mercredi,17:00,17:50,Le 33 Foch,MICRO LAGREE,EMMA (Suppléant),0,0,True,disponible,2026-06-25 00:53
2026-07-01|18:00|le 33 foch|bootcamp & cycle (wod),2026-07-01,Mercredi,18:00,18:45,Le 33 Foch,BOOTCAMP & CYCLE (WOD),MATTEO,0,0,True,disponible,2026-06-25 00:53
2026-07-01|18:00|le 33 foch|cardio-boxing,2026-07-01,Mercredi,18:00,18:45,Le 33 Foch,CARDIO-BOXING,YAMANI,0,0,True,disponible,2026-06-25 00:53
2026-07-01|18:00|le 33 foch|micro lagree,2026-07-01,Mercredi,18:00,18:50,Le 33 Foch,MICRO LAGREE,EMMA (Suppléant),0,0,True,disponible,2026-06-25 00:53
2026-07-01|18:00|le 33 foch|pilates reformer,2026-07-01,Mercredi,18:00,18:50,Le 33 Foch,PILATES REFORMER,CANDICE,0,0,True,disponible,2026-06-25 00:53
2026-07-01|19:00|le 33 foch|cardio-boxing,2026-07-01,Mercredi,19:00,19:45,Le 33 Foch,CARDIO-BOXING,YAMANI,0,0,True,disponible,2026-06-25 00:53
2026-07-01|19:00|le 33 foch|micro lagree,2026-07-01,Mercredi,19:00,19:50,Le 33 Foch,MICRO LAGREE,EVA,0,0,True,disponible,2026-06-25 00:53
2026-07-01|19:00|le 33 foch|pilates reformer,2026-07-01,Mercredi,19:00,19:50,Le 33 Foch,PILATES REFORMER,CANDICE,0,0,True,disponible,2026-06-25 00:53
2026-07-01|19:00|le 33 foch|trx,2026-07-01,Mercredi,19:00,19:45,Le 33 Foch,TRX,MATTEO,0,0,True,disponible,2026-06-25 00:53
2026-07-01|19:30|le 33 foch — 32 tilsitt|bodyattack les mills,2026-07-01,Mercredi,19:30,20:15,Le 33 Foch — 32 Tilsitt,BODYATTACK Les Mills,TYRIK,0,0,True,inconnu,2026-06-25 00:53
2026-07-01|20:00|le 33 foch|cuisses abdos fessiers,2026-07-01,Mercredi,20:00,20:45,Le 33 Foch,CUISSES ABDOS FESSIERS,MATTEO,0,0,True,disponible,2026-06-25 00:53
2026-07-01|20:00|le 33 foch|micro lagree,2026-07-01,Mercredi,20:00,20:50,Le 33 Foch,MICRO LAGREE,EVA,0,0,True,disponible,2026-06-25 00:53
2026-07-01|20:00|le 33 foch|pilates reformer,2026-07-01,Mercredi,20:00,20:50,Le 33 Foch,PILATES REFORMER,CANDICE,0,0,True,disponible,2026-06-25 00:53
2026-07-01|20:30|le 33 foch — 32 tilsitt|hip hop girly,2026-07-01,Mercredi,20:30,21:30,Le 33 Foch — 32 Tilsitt,HIP HOP GIRLY,MAELLA,0,0,True,inconnu,2026-06-25 00:53
2026-07-02|09:00|le 33 foch|cuisses abdos fessiers,2026-07-02,Jeudi,09:00,09:45,Le 33 Foch,CUISSES ABDOS FESSIERS,MATTEO,0,0,True,disponible,2026-06-26 00:11
2026-07-02|09:00|le 33 foch|pilates reformer,2026-07-02,Jeudi,09:00,09:50,Le 33 Foch,PILATES REFORMER,JOY,0,0,True,disponible,2026-06-26 00:11
2026-07-02|10:00|le 33 foch|pilates reformer,2026-07-02,Jeudi,10:00,10:50,Le 33 Foch,PILATES REFORMER,JOY,0,0,True,disponible,2026-06-26 00:11
2026-07-02|11:00|le 33 foch|body sculpt,2026-07-02,Jeudi,11:00,11:50,Le 33 Foch,BODY SCULPT,DOMINIQUE,0,0,True,disponible,2026-06-26 00:11
2026-07-02|12:00|le 33 foch|micro lagree,2026-07-02,Jeudi,12:00,12:50,Le 33 Foch,MICRO LAGREE,MARIE,0,0,True,disponible,2026-06-26 00:11
2026-07-02|12:30|le 33 foch|my fit barre by valerie,2026-07-02,Jeudi,12:30,13:15,Le 33 Foch,MY FIT BARRE BY VALERIE,VALERIE,0,0,True,disponible,2026-06-26 00:11
2026-07-02|13:00|le 33 foch|cardio-boxing,2026-07-02,Jeudi,13:00,13:45,Le 33 Foch,CARDIO-BOXING,MAX,0,0,True,disponible,2026-06-26 00:11
2026-07-02|13:00|le 33 foch|micro lagree,2026-07-02,Jeudi,13:00,13:50,Le 33 Foch,MICRO LAGREE,MARIE,0,0,True,disponible,2026-06-26 00:11
2026-07-02|17:00|le 33 foch|pilates reformer,2026-07-02,Jeudi,17:00,17:50,Le 33 Foch,PILATES REFORMER,CANDICE,0,0,True,disponible,2026-06-26 00:11
2026-07-02|18:00|le 33 foch|cardio-boxing,2026-07-02,Jeudi,18:00,18:45,Le 33 Foch,CARDIO-BOXING,JEREMI,0,0,True,disponible,2026-06-26 00:11
2026-07-02|18:00|le 33 foch|micro lagree,2026-07-02,Jeudi,18:00,18:50,Le 33 Foch,MICRO LAGREE,MATTEO,0,0,True,disponible,2026-06-26 00:11
2026-07-02|18:00|le 33 foch|pilates reformer,2026-07-02,Jeudi,18:00,18:50,Le 33 Foch,PILATES REFORMER,CANDICE,0,0,True,disponible,2026-06-26 00:11
2026-07-02|19:00|le 33 foch|bootcamp & cycle,2026-07-02,Jeudi,19:00,19:45,Le 33 Foch,BOOTCAMP & CYCLE,MAX,0,0,True,disponible,2026-06-26 00:11
2026-07-02|19:00|le 33 foch|cardio-boxing,2026-07-02,Jeudi,19:00,19:45,Le 33 Foch,CARDIO-BOXING,JEREMI,0,0,True,disponible,2026-06-26 00:11
2026-07-02|19:00|le 33 foch|micro lagree,2026-07-02,Jeudi,19:00,19:50,Le 33 Foch,MICRO LAGREE,MATTEO,0,0,True,disponible,2026-06-26 00:11
2026-07-02|20:00|le 33 foch|bootcamp,2026-07-02,Jeudi,20:00,20:45,Le 33 Foch,BOOTCAMP,MAX,0,0,True,disponible,2026-06-26 00:11
2026-07-02|20:00|le 33 foch|cardio-boxing,2026-07-02,Jeudi,20:00,20:45,Le 33 Foch,CARDIO-BOXING,JEREMI,0,0,True,disponible,2026-06-26 00:11
2026-07-03|10:00|le 33 foch|pilates reformer (niveau 2),2026-07-03,Vendredi,10:00,10:50,Le 33 Foch,PILATES REFORMER (Niveau 2),JORDAN,0,0,True,disponible,2026-06-27 00:51
2026-07-03|11:00|le 33 foch|body sculpt,2026-07-03,Vendredi,11:00,11:45,Le 33 Foch,BODY SCULPT,DOMINIQUE,0,0,True,disponible,2026-06-27 00:51
2026-07-03|11:00|le 33 foch|micro lagree,2026-07-03,Vendredi,11:00,11:50,Le 33 Foch,MICRO LAGREE,EVA,0,0,True,disponible,2026-06-27 00:51
2026-07-03|11:00|le 33 foch|pilates reformer (niveau 2),2026-07-03,Vendredi,11:00,11:50,Le 33 Foch,PILATES REFORMER (Niveau 2),JORDAN,0,0,True,disponible,2026-06-27 00:51
2026-07-03|12:00|le 33 foch|micro lagree,2026-07-03,Vendredi,12:00,12:50,Le 33 Foch,MICRO LAGREE,EVA,0,0,True,disponible,2026-06-27 00:51
2026-07-03|12:00|le 33 foch|pilates reformer (niveau 2),2026-07-03,Vendredi,12:00,12:50,Le 33 Foch,PILATES REFORMER (Niveau 2),JORDAN,0,0,True,disponible,2026-06-27 00:51
2026-07-03|12:30|le 33 foch|trx,2026-07-03,Vendredi,12:30,13:15,Le 33 Foch,TRX,MAX,0,0,True,disponible,2026-06-27 00:51
2026-07-03|16:00|le 33 foch|pilates reformer,2026-07-03,Vendredi,16:00,16:50,Le 33 Foch,PILATES REFORMER,ILANA,0,0,True,disponible,2026-06-27 00:51
2026-07-03|17:00|le 33 foch|micro lagree,2026-07-03,Vendredi,17:00,17:50,Le 33 Foch,MICRO LAGREE,ENZO,0,0,True,disponible,2026-06-27 00:51
2026-07-03|18:00|le 33 foch|cardio-boxing,2026-07-03,Vendredi,18:00,18:45,Le 33 Foch,CARDIO-BOXING,HISANY,0,0,True,disponible,2026-06-27 00:51
2026-07-03|18:00|le 33 foch|micro lagree,2026-07-03,Vendredi,18:00,18:50,Le 33 Foch,MICRO LAGREE,ENZO,0,0,True,disponible,2026-06-27 00:51
2026-07-03|18:00|le 33 foch|pilates reformer,2026-07-03,Vendredi,18:00,18:50,Le 33 Foch,PILATES REFORMER,TAIR,0,0,True,disponible,2026-06-27 00:51
2026-07-03|19:00|le 33 foch|cardio-boxing,2026-07-03,Vendredi,19:00,19:45,Le 33 Foch,CARDIO-BOXING,HISANY,0,0,True,disponible,2026-06-27 00:51
2026-07-03|19:00|le 33 foch|micro lagree,2026-07-03,Vendredi,19:00,19:50,Le 33 Foch,MICRO LAGREE,ENZO,0,0,True,disponible,2026-06-27 00:51
2026-07-03|19:00|le 33 foch|pilates reformer,2026-07-03,Vendredi,19:00,19:50,Le 33 Foch,PILATES REFORMER,TAIR,0,0,True,disponible,2026-06-27 00:51
2026-07-04|10:00|le 33 foch|micro lagree,2026-07-04,Samedi,10:00,10:50,Le 33 Foch,MICRO LAGREE,MAX,0,0,True,disponible,2026-06-28 00:43
2026-07-04|10:00|le 33 foch|pilates reformer,2026-07-04,Samedi,10:00,10:50,Le 33 Foch,PILATES REFORMER,ENZO (Suppléant),0,0,True,disponible,2026-06-28 00:43
2026-07-04|10:00|le 33 foch|yoga vinyasa,2026-07-04,Samedi,10:00,10:50,Le 33 Foch,YOGA VINYASA,CAROLINE,0,0,True,disponible,2026-06-28 00:43
2026-07-04|11:00|le 33 foch|micro lagree,2026-07-04,Samedi,11:00,11:50,Le 33 Foch,MICRO LAGREE,MAX,0,0,True,disponible,2026-06-28 00:43
2026-07-04|11:00|le 33 foch|pilates reformer,2026-07-04,Samedi,11:00,11:50,Le 33 Foch,PILATES REFORMER,ENZO (Suppléant),0,0,True,disponible,2026-06-28 00:43
2026-07-04|11:00|le 33 foch|trx,2026-07-04,Samedi,11:00,11:45,Le 33 Foch,TRX,FABRICE,0,0,True,disponible,2026-06-28 00:43
2026-07-04|12:00|le 33 foch|cardio-boxing,2026-07-04,Samedi,12:00,12:45,Le 33 Foch,CARDIO-BOXING,MAX,0,0,True,disponible,2026-06-28 00:43
2026-07-04|12:00|le 33 foch|core training,2026-07-04,Samedi,12:00,12:45,Le 33 Foch,CORE TRAINING,FABRICE,0,0,True,disponible,2026-06-28 00:43
2026-07-04|12:00|le 33 foch|pilates reformer,2026-07-04,Samedi,12:00,12:50,Le 33 Foch,PILATES REFORMER,MORGANE,0,0,True,inconnu,2026-06-28 00:43
2026-07-04|13:00|le 33 foch|cardio-boxing,2026-07-04,Samedi,13:00,13:45,Le 33 Foch,CARDIO-BOXING,MAX,0,0,True,disponible,2026-06-28 00:43
2026-07-04|14:00|le 33 foch|pilates mat,2026-07-04,Samedi,14:00,14:45,Le 33 Foch,PILATES MAT,YOANN,0,0,True,disponible,2026-06-28 00:43
2026-07-04|15:00|le 33 foch|teenagers boxing (10-14 ans),2026-07-04,Samedi,15:00,15:45,Le 33 Foch,TEENAGERS BOXING (10-14 ans),MAX,0,0,True,inconnu,2026-06-28 00:43
2026-07-04|16:00|le 33 foch|cardio-boxing,2026-07-04,Samedi,16:00,16:50,Le 33 Foch,CARDIO-BOXING,LUCIE,0,0,True,disponible,2026-06-28 00:43
2026-07-04|17:00|le 33 foch|yoga vinyasa,2026-07-04,Samedi,17:00,17:45,Le 33 Foch,YOGA VINYASA,LUCIE,0,0,True,disponible,2026-06-28 00:43
2026-07-05|10:00|le 33 foch|bootcamp,2026-07-05,Dimanche,10:00,10:45,Le 33 Foch,BOOTCAMP,MATTEO,0,0,True,disponible,2026-06-29 00:45
2026-07-05|10:00|le 33 foch|micro lagree,2026-07-05,Dimanche,10:00,10:50,Le 33 Foch,MICRO LAGREE,ENZO (Suppléant),0,0,True,disponible,2026-06-29 00:45
2026-07-05|10:00|le 33 foch|pilates reformer (niveau 2),2026-07-05,Dimanche,10:00,10:50,Le 33 Foch,PILATES REFORMER (Niveau 2),LISA,0,0,True,disponible,2026-06-29 00:45
2026-07-05|11:00|le 33 foch|cardio-boxing,2026-07-05,Dimanche,11:00,11:45,Le 33 Foch,CARDIO-BOXING,YAMANI (Suppléant),0,0,True,disponible,2026-06-29 00:45
2026-07-05|11:00|le 33 foch|micro lagree,2026-07-05,Dimanche,11:00,11:50,Le 33 Foch,MICRO LAGREE,ENZO (Suppléant),0,0,True,disponible,2026-06-29 00:45
2026-07-05|11:00|le 33 foch|pilates reformer (niveau 2),2026-07-05,Dimanche,11:00,11:50,Le 33 Foch,PILATES REFORMER (Niveau 2),LISA,0,0,True,disponible,2026-06-29 00:45
2026-07-05|11:30|le 33 foch|cuisses abdos fessiers,2026-07-05,Dimanche,11:30,12:15,Le 33 Foch,CUISSES ABDOS FESSIERS,MATTEO,0,0,True,disponible,2026-06-29 00:45
2026-07-05|12:00|le 33 foch|cardio-boxing,2026-07-05,Dimanche,12:00,12:45,Le 33 Foch,CARDIO-BOXING,YAMANI (Suppléant),0,0,True,disponible,2026-06-29 00:45
2026-07-05|12:00|le 33 foch|micro lagree,2026-07-05,Dimanche,12:00,12:50,Le 33 Foch,MICRO LAGREE,ENZO (Suppléant),0,0,True,disponible,2026-06-29 00:45
2026-07-05|12:00|le 33 foch|pilates reformer (niveau 2),2026-07-05,Dimanche,12:00,12:50,Le 33 Foch,PILATES REFORMER (Niveau 2),LISA,0,0,True,disponible,2026-06-29 00:45
2026-07-05|12:30|le 33 foch|bootcamp & cycle,2026-07-05,Dimanche,12:30,13:15,Le 33 Foch,BOOTCAMP & CYCLE,MATTEO,0,0,True,disponible,2026-06-29 00:45
2026-07-05|15:00|le 33 foch|pilates reformer,2026-07-05,Dimanche,15:00,15:50,Le 33 Foch,PILATES REFORMER,TAIR (Suppléant),0,0,True,disponible,2026-06-29 00:45
2026-07-05|16:00|le 33 foch|pilates reformer,2026-07-05,Dimanche,16:00,16:50,Le 33 Foch,PILATES REFORMER,TAIR (Suppléant),0,0,True,disponible,2026-06-29 00:45
2026-07-05|17:00|le 33 foch|pilates reformer,2026-07-05,Dimanche,17:00,17:50,Le 33 Foch,PILATES REFORMER,MORGANE,0,0,True,inconnu,2026-06-29 00:45
2026-07-06|08:00|le 33 foch|pilates reformer (niveau 2),2026-07-06,Lundi,08:00,08:50,Le 33 Foch,PILATES REFORMER (Niveau 2),LISA,0,0,True,disponible,2026-06-30 00:00
2026-07-06|09:00|le 33 foch|cuisses abdos fessiers,2026-07-06,Lundi,09:00,09:45,Le 33 Foch,CUISSES ABDOS FESSIERS,MATTEO,0,0,True,disponible,2026-06-30 00:00
2026-07-06|09:00|le 33 foch|pilates reformer (niveau 2),2026-07-06,Lundi,09:00,09:50,Le 33 Foch,PILATES REFORMER (Niveau 2),LISA,0,0,True,disponible,2026-06-30 00:00
2026-07-06|10:00|le 33 foch|pilates reformer (niveau 2),2026-07-06,Lundi,10:00,10:50,Le 33 Foch,PILATES REFORMER (Niveau 2),LISA,0,0,True,disponible,2026-06-30 00:00
2026-07-06|11:00|le 33 foch|body sculpt,2026-07-06,Lundi,11:00,11:45,Le 33 Foch,BODY SCULPT,DOMINIQUE,0,0,True,disponible,2026-06-30 00:00
2026-07-06|12:00|le 33 foch|micro lagree,2026-07-06,Lundi,12:00,12:50,Le 33 Foch,MICRO LAGREE,JOY,0,0,True,disponible,2026-06-30 00:00
2026-07-06|12:00|le 33 foch|pilates reformer,2026-07-06,Lundi,12:00,12:50,Le 33 Foch,PILATES REFORMER,TAIR (Suppléant),0,0,True,disponible,2026-06-30 00:00
2026-07-06|12:30|le 33 foch|trx,2026-07-06,Lundi,12:30,13:15,Le 33 Foch,TRX,MAX,0,0,True,disponible,2026-06-30 00:00
2026-07-06|13:00|le 33 foch|micro lagree,2026-07-06,Lundi,13:00,13:50,Le 33 Foch,MICRO LAGREE,JOY,0,0,True,disponible,2026-06-30 00:00
2026-07-06|13:00|le 33 foch|pilates reformer,2026-07-06,Lundi,13:00,13:50,Le 33 Foch,PILATES REFORMER,TAIR (Suppléant),0,0,True,disponible,2026-06-30 00:00
2026-07-06|15:00|le 33 foch|pilates reformer,2026-07-06,Lundi,15:00,15:50,Le 33 Foch,PILATES REFORMER,ENZO,0,0,True,disponible,2026-06-30 00:00
2026-07-06|16:00|le 33 foch|micro lagree,2026-07-06,Lundi,16:00,16:50,Le 33 Foch,MICRO LAGREE,ENZO,0,0,True,disponible,2026-06-30 00:00
2026-07-06|17:00|le 33 foch|cardio-boxing,2026-07-06,Lundi,17:00,17:45,Le 33 Foch,CARDIO-BOXING,MAX,0,0,True,disponible,2026-06-30 00:00
2026-07-06|17:00|le 33 foch|micro lagree,2026-07-06,Lundi,17:00,17:50,Le 33 Foch,MICRO LAGREE,EVA,0,0,True,disponible,2026-06-30 00:00
2026-07-06|18:00|le 33 foch|body sculpt,2026-07-06,Lundi,18:00,18:45,Le 33 Foch,BODY SCULPT,DOMINIQUE,0,0,True,disponible,2026-06-30 00:00
2026-07-06|18:00|le 33 foch|cardio-boxing,2026-07-06,Lundi,18:00,18:45,Le 33 Foch,CARDIO-BOXING,MAX,0,0,True,disponible,2026-06-30 00:00
2026-07-06|18:00|le 33 foch|micro lagree,2026-07-06,Lundi,18:00,18:50,Le 33 Foch,MICRO LAGREE,EVA,0,0,True,disponible,2026-06-30 00:00
2026-07-06|18:00|le 33 foch|pilates reformer,2026-07-06,Lundi,18:00,18:50,Le 33 Foch,PILATES REFORMER,MORGANE (Suppléant),0,0,True,disponible,2026-06-30 00:00
2026-07-06|18:30|le 33 foch — 32 tilsitt|street jazz girly,2026-07-06,Lundi,18:30,19:30,Le 33 Foch — 32 Tilsitt,STREET JAZZ GIRLY,LUCILE (Suppléant),0,0,True,disponible,2026-06-30 00:00
2026-07-06|19:00|le 33 foch|cardio-boxing,2026-07-06,Lundi,19:00,19:45,Le 33 Foch,CARDIO-BOXING,MAX,0,0,True,disponible,2026-06-30 00:00
2026-07-06|19:00|le 33 foch|micro lagree,2026-07-06,Lundi,19:00,19:50,Le 33 Foch,MICRO LAGREE,MARIE,0,0,True,disponible,2026-06-30 00:00
2026-07-06|19:00|le 33 foch|pilates reformer,2026-07-06,Lundi,19:00,19:50,Le 33 Foch,PILATES REFORMER,CANDICE,0,0,True,inconnu,2026-06-30 00:00
2026-07-06|19:15|le 33 foch|bootcamp & cycle,2026-07-06,Lundi,19:15,20:00,Le 33 Foch,BOOTCAMP & CYCLE,MATTEO,0,0,True,disponible,2026-06-30 00:00
2026-07-06|19:30|le 33 foch — 32 tilsitt|hip hop girly,2026-07-06,Lundi,19:30,20:30,Le 33 Foch — 32 Tilsitt,HIP HOP GIRLY,LUCILE,0,0,True,disponible,2026-06-30 00:00
2026-07-06|20:00|le 33 foch|cardio-boxing,2026-07-06,Lundi,20:00,20:45,Le 33 Foch,CARDIO-BOXING,MAX,0,0,True,disponible,2026-06-30 00:00
2026-07-06|20:00|le 33 foch|micro lagree,2026-07-06,Lundi,20:00,20:50,Le 33 Foch,MICRO LAGREE,MARIE,0,0,True,disponible,2026-06-30 00:00
2026-07-07|09:00|le 33 foch|bootcamp & cycle,2026-07-07,Mardi,09:00,09:45,Le 33 Foch,BOOTCAMP & CYCLE,YOANN,0,0,True,disponible,2026-07-01 00:59
2026-07-07|10:00|le 33 foch|pilates reformer,2026-07-07,Mardi,10:00,10:50,Le 33 Foch,PILATES REFORMER,YOANN,0,0,True,disponible,2026-07-01 00:59
2026-07-07|11:00|le 33 foch|micro lagree,2026-07-07,Mardi,11:00,11:50,Le 33 Foch,MICRO LAGREE,REBECCA R.,0,0,True,disponible,2026-07-01 00:59
2026-07-07|11:00|le 33 foch|yoga/pilates,2026-07-07,Mardi,11:00,11:50,Le 33 Foch,YOGA/PILATES,CAROLINE,0,0,True,disponible,2026-07-01 00:59
2026-07-07|12:00|le 33 foch|micro lagree,2026-07-07,Mardi,12:00,12:50,Le 33 Foch,MICRO LAGREE,ENZO,0,0,True,disponible,2026-07-01 00:59
2026-07-07|12:00|le 33 foch|pilates reformer,2026-07-07,Mardi,12:00,12:50,Le 33 Foch,PILATES REFORMER,REBECCA R.,0,0,True,disponible,2026-07-01 00:59
2026-07-07|12:30|le 33 foch|bootcamp & cycle (wod),2026-07-07,Mardi,12:30,13:15,Le 33 Foch,BOOTCAMP & CYCLE (WOD),YOANN,0,0,True,disponible,2026-07-01 00:59
2026-07-07|13:00|le 33 foch|cardio-boxing,2026-07-07,Mardi,13:00,13:45,Le 33 Foch,CARDIO-BOXING,MAX,0,0,True,disponible,2026-07-01 00:59
2026-07-07|13:00|le 33 foch|micro lagree,2026-07-07,Mardi,13:00,13:50,Le 33 Foch,MICRO LAGREE,ENZO,0,0,True,disponible,2026-07-01 00:59
2026-07-07|13:00|le 33 foch|pilates reformer,2026-07-07,Mardi,13:00,13:50,Le 33 Foch,PILATES REFORMER,REBECCA R.,0,0,True,disponible,2026-07-01 00:59
2026-07-07|18:00|le 33 foch|body sculpt,2026-07-07,Mardi,18:00,18:45,Le 33 Foch,BODY SCULPT,DOMINIQUE,0,0,True,disponible,2026-07-01 00:59
2026-07-07|18:00|le 33 foch|cardio-boxing,2026-07-07,Mardi,18:00,18:45,Le 33 Foch,CARDIO-BOXING,HISANY,0,0,True,disponible,2026-07-01 00:59
2026-07-07|18:00|le 33 foch|micro lagree,2026-07-07,Mardi,18:00,18:50,Le 33 Foch,MICRO LAGREE,REBECCA G.,0,0,True,disponible,2026-07-01 00:59
2026-07-07|18:00|le 33 foch|pilates reformer,2026-07-07,Mardi,18:00,18:50,Le 33 Foch,PILATES REFORMER,ENZO,0,0,True,disponible,2026-07-01 00:59
2026-07-07|19:00|le 33 foch|cardio-boxing,2026-07-07,Mardi,19:00,19:45,Le 33 Foch,CARDIO-BOXING,MAX,0,0,True,disponible,2026-07-01 00:59
2026-07-07|19:00|le 33 foch|micro lagree,2026-07-07,Mardi,19:00,19:50,Le 33 Foch,MICRO LAGREE,REBECCA G.,0,0,True,disponible,2026-07-01 00:59
2026-07-07|19:00|le 33 foch|pilates reformer,2026-07-07,Mardi,19:00,19:50,Le 33 Foch,PILATES REFORMER,ENZO,0,0,True,disponible,2026-07-01 00:59
2026-07-07|19:15|le 33 foch|bootcamp & cycle (wod),2026-07-07,Mardi,19:15,20:00,Le 33 Foch,BOOTCAMP & CYCLE (WOD),HISANY,0,0,True,disponible,2026-07-01 00:59
2026-07-07|20:00|le 33 foch|cardio-boxing,2026-07-07,Mardi,20:00,20:45,Le 33 Foch,CARDIO-BOXING,MAX,0,0,True,disponible,2026-07-01 00:59
2026-07-07|20:00|le 33 foch|pilates reformer,2026-07-07,Mardi,20:00,20:50,Le 33 Foch,PILATES REFORMER,ENZO,0,0,True,disponible,2026-07-01 00:59
2026-07-07|20:15|le 33 foch|bootcamp & cycle (wod),2026-07-07,Mardi,20:15,21:00,Le 33 Foch,BOOTCAMP & CYCLE (WOD),HISANY,0,0,True,disponible,2026-07-01 00:59
2026-07-08|08:00|le 33 foch|pilates reformer (niveau 2),2026-07-08,Mercredi,08:00,08:50,Le 33 Foch,PILATES REFORMER (Niveau 2),LISA,0,0,True,disponible,2026-07-02 00:08
2026-07-08|08:30|le 33 foch|trx & cycle,2026-07-08,Mercredi,08:30,09:15,Le 33 Foch,TRX & CYCLE,JEREMI,0,0,True,disponible,2026-07-02 00:08
2026-07-08|09:00|le 33 foch|pilates reformer (niveau 2),2026-07-08,Mercredi,09:00,09:50,Le 33 Foch,PILATES REFORMER (Niveau 2),LISA,0,0,True,disponible,2026-07-02 00:08
2026-07-08|10:00|le 33 foch|pilates reformer (niveau 2),2026-07-08,Mercredi,10:00,10:50,Le 33 Foch,PILATES REFORMER (Niveau 2),LISA,0,0,True,disponible,2026-07-02 00:08
2026-07-08|11:00|le 33 foch|micro lagree,2026-07-08,Mercredi,11:00,11:50,Le 33 Foch,MICRO LAGREE,JULIA,0,0,True,disponible,2026-07-02 00:08
2026-07-08|11:00|le 33 foch|pilates mat,2026-07-08,Mercredi,11:00,11:50,Le 33 Foch,PILATES MAT,CAROLINE,0,0,True,disponible,2026-07-02 00:08
2026-07-08|12:00|le 33 foch|micro lagree,2026-07-08,Mercredi,12:00,12:50,Le 33 Foch,MICRO LAGREE,JULIA,0,0,True,disponible,2026-07-02 00:08
2026-07-08|12:00|le 33 foch|pilates reformer,2026-07-08,Mercredi,12:00,12:50,Le 33 Foch,PILATES REFORMER,REBECCA G.,0,0,True,disponible,2026-07-02 00:08
2026-07-08|12:30|le 33 foch|bootcamp & cycle (wod),2026-07-08,Mercredi,12:30,13:15,Le 33 Foch,BOOTCAMP & CYCLE (WOD),MATTEO,0,0,True,disponible,2026-07-02 00:08
2026-07-08|13:00|le 33 foch|cardio-boxing,2026-07-08,Mercredi,13:00,13:45,Le 33 Foch,CARDIO-BOXING,JEREMI,0,0,True,disponible,2026-07-02 00:08
2026-07-08|13:00|le 33 foch|pilates reformer,2026-07-08,Mercredi,13:00,13:50,Le 33 Foch,PILATES REFORMER,REBECCA G.,0,0,True,disponible,2026-07-02 00:08
2026-07-08|15:00|le 33 foch|pilates reformer,2026-07-08,Mercredi,15:00,15:50,Le 33 Foch,PILATES REFORMER,CANDICE,0,0,True,inconnu,2026-07-02 00:08
2026-07-08|16:00|le 33 foch|kids boxing (6 à 9 ans),2026-07-08,Mercredi,16:00,16:45,Le 33 Foch,KIDS BOXING (6 à 9 ans),MAX,0,0,True,inconnu,2026-07-02 00:08
2026-07-08|16:00|le 33 foch|pilates reformer,2026-07-08,Mercredi,16:00,16:50,Le 33 Foch,PILATES REFORMER,CANDICE,0,0,True,inconnu,2026-07-02 00:08
2026-07-08|17:00|le 33 foch|micro lagree,2026-07-08,Mercredi,17:00,17:50,Le 33 Foch,MICRO LAGREE,JULIA,0,0,True,disponible,2026-07-02 00:08
2026-07-08|18:00|le 33 foch|bootcamp & cycle (wod),2026-07-08,Mercredi,18:00,18:45,Le 33 Foch,BOOTCAMP & CYCLE (WOD),MATTEO,0,0,True,disponible,2026-07-02 00:08
2026-07-08|18:00|le 33 foch|cardio-boxing,2026-07-08,Mercredi,18:00,18:45,Le 33 Foch,CARDIO-BOXING,YAMANI,0,0,True,disponible,2026-07-02 00:08
2026-07-08|18:00|le 33 foch|micro lagree,2026-07-08,Mercredi,18:00,18:50,Le 33 Foch,MICRO LAGREE,JULIA,0,0,True,disponible,2026-07-02 00:08
2026-07-08|18:00|le 33 foch|pilates reformer,2026-07-08,Mercredi,18:00,18:50,Le 33 Foch,PILATES REFORMER,MORGANE (Suppléant),0,0,True,disponible,2026-07-02 00:08
2026-07-08|19:00|le 33 foch|cardio-boxing,2026-07-08,Mercredi,19:00,19:45,Le 33 Foch,CARDIO-BOXING,YAMANI,0,0,True,disponible,2026-07-02 00:08
2026-07-08|19:00|le 33 foch|micro lagree,2026-07-08,Mercredi,19:00,19:50,Le 33 Foch,MICRO LAGREE,EVA,0,0,True,disponible,2026-07-02 00:08
2026-07-08|19:00|le 33 foch|pilates reformer,2026-07-08,Mercredi,19:00,19:50,Le 33 Foch,PILATES REFORMER,MORGANE (Suppléant),0,0,True,disponible,2026-07-02 00:08
2026-07-08|19:00|le 33 foch|trx,2026-07-08,Mercredi,19:00,19:45,Le 33 Foch,TRX,MATTEO,0,0,True,disponible,2026-07-02 00:08
2026-07-08|19:30|le 33 foch — 32 tilsitt|heels girly,2026-07-08,Mercredi,19:30,20:30,Le 33 Foch — 32 Tilsitt,HEELS GIRLY,NAIADE,0,0,True,disponible,2026-07-02 00:08
2026-07-08|20:00|le 33 foch|cuisses abdos fessiers,2026-07-08,Mercredi,20:00,20:45,Le 33 Foch,CUISSES ABDOS FESSIERS,MATTEO,0,0,True,disponible,2026-07-02 00:08
2026-07-08|20:00|le 33 foch|micro lagree,2026-07-08,Mercredi,20:00,20:50,Le 33 Foch,MICRO LAGREE,EVA,0,0,True,disponible,2026-07-02 00:08
2026-07-08|20:00|le 33 foch|pilates reformer,2026-07-08,Mercredi,20:00,20:50,Le 33 Foch,PILATES REFORMER,MORGANE (Suppléant),0,0,True,disponible,2026-07-02 00:08
2026-07-08|20:30|le 33 foch — 32 tilsitt|hip hop girly,2026-07-08,Mercredi,20:30,21:30,Le 33 Foch — 32 Tilsitt,HIP HOP GIRLY,LUCILE (Suppléant),0,0,True,disponible,2026-07-02 00:08
2026-07-09|09:00|le 33 foch|cuisses abdos fessiers,2026-07-09,Jeudi,09:00,09:45,Le 33 Foch,CUISSES ABDOS FESSIERS,MATTEO,0,0,True,disponible,2026-07-03 00:47
2026-07-09|09:00|le 33 foch|pilates reformer,2026-07-09,Jeudi,09:00,09:50,Le 33 Foch,PILATES REFORMER,JOY,0,0,True,disponible,2026-07-03 00:47
2026-07-09|10:00|le 33 foch|pilates reformer,2026-07-09,Jeudi,10:00,10:50,Le 33 Foch,PILATES REFORMER,JOY,0,0,True,disponible,2026-07-03 00:47
2026-07-09|11:00|le 33 foch|body sculpt,2026-07-09,Jeudi,11:00,11:50,Le 33 Foch,BODY SCULPT,DOMINIQUE,0,0,True,disponible,2026-07-03 00:47
2026-07-09|12:00|le 33 foch|micro lagree,2026-07-09,Jeudi,12:00,12:50,Le 33 Foch,MICRO LAGREE,MARIE,0,0,True,disponible,2026-07-03 00:47
2026-07-09|12:30|le 33 foch|my fit barre by valerie,2026-07-09,Jeudi,12:30,13:15,Le 33 Foch,MY FIT BARRE BY VALERIE,VALERIE,0,0,True,disponible,2026-07-03 00:47
2026-07-09|13:00|le 33 foch|cardio-boxing,2026-07-09,Jeudi,13:00,13:45,Le 33 Foch,CARDIO-BOXING,MAX,0,0,True,disponible,2026-07-03 00:47
2026-07-09|13:00|le 33 foch|micro lagree,2026-07-09,Jeudi,13:00,13:50,Le 33 Foch,MICRO LAGREE,MARIE,0,0,True,disponible,2026-07-03 00:47
2026-07-09|17:00|le 33 foch|pilates reformer,2026-07-09,Jeudi,17:00,17:50,Le 33 Foch,PILATES REFORMER,CANDICE,0,0,True,disponible,2026-07-03 00:47
2026-07-09|18:00|le 33 foch|cardio-boxing,2026-07-09,Jeudi,18:00,18:45,Le 33 Foch,CARDIO-BOXING,LUCIE (Suppléant),0,0,True,disponible,2026-07-03 00:47
2026-07-09|18:00|le 33 foch|micro lagree,2026-07-09,Jeudi,18:00,18:50,Le 33 Foch,MICRO LAGREE,MATTEO,0,0,True,disponible,2026-07-03 00:47
2026-07-09|18:00|le 33 foch|pilates reformer,2026-07-09,Jeudi,18:00,18:50,Le 33 Foch,PILATES REFORMER,CANDICE,0,0,True,disponible,2026-07-03 00:47
2026-07-09|19:00|le 33 foch|bootcamp & cycle,2026-07-09,Jeudi,19:00,19:45,Le 33 Foch,BOOTCAMP & CYCLE,MAX,0,0,True,disponible,2026-07-03 00:47
2026-07-09|19:00|le 33 foch|cardio-boxing,2026-07-09,Jeudi,19:00,19:45,Le 33 Foch,CARDIO-BOXING,LUCIE (Suppléant),0,0,True,disponible,2026-07-03 00:47
2026-07-09|19:00|le 33 foch|micro lagree,2026-07-09,Jeudi,19:00,19:50,Le 33 Foch,MICRO LAGREE,MATTEO,0,0,True,disponible,2026-07-03 00:47
2026-07-09|20:00|le 33 foch|bootcamp,2026-07-09,Jeudi,20:00,20:45,Le 33 Foch,BOOTCAMP,MAX,0,0,True,disponible,2026-07-03 00:47
2026-07-09|20:00|le 33 foch|cardio-boxing,2026-07-09,Jeudi,20:00,20:45,Le 33 Foch,CARDIO-BOXING,JEREMI,0,0,True,inconnu,2026-07-03 00:47
2026-07-10|10:00|le 33 foch|pilates reformer (niveau 2),2026-07-10,Vendredi,10:00,10:50,Le 33 Foch,PILATES REFORMER (Niveau 2),JORDAN,0,0,True,disponible,2026-07-04 00:43
2026-07-10|11:00|le 33 foch|body sculpt,2026-07-10,Vendredi,11:00,11:45,Le 33 Foch,BODY SCULPT,DOMINIQUE,0,0,True,disponible,2026-07-04 00:43
2026-07-10|11:00|le 33 foch|micro lagree,2026-07-10,Vendredi,11:00,11:50,Le 33 Foch,MICRO LAGREE,EVA,0,0,True,disponible,2026-07-04 00:43
2026-07-10|11:00|le 33 foch|pilates reformer (niveau 2),2026-07-10,Vendredi,11:00,11:50,Le 33 Foch,PILATES REFORMER (Niveau 2),JORDAN,0,0,True,disponible,2026-07-04 00:43
2026-07-10|12:00|le 33 foch|micro lagree,2026-07-10,Vendredi,12:00,12:50,Le 33 Foch,MICRO LAGREE,EVA,0,0,True,disponible,2026-07-04 00:43
2026-07-10|12:00|le 33 foch|pilates reformer (niveau 2),2026-07-10,Vendredi,12:00,12:50,Le 33 Foch,PILATES REFORMER (Niveau 2),JORDAN,0,0,True,disponible,2026-07-04 00:43
2026-07-10|12:30|le 33 foch|trx,2026-07-10,Vendredi,12:30,13:15,Le 33 Foch,TRX,MAX,0,0,True,disponible,2026-07-04 00:43
2026-07-10|16:00|le 33 foch|pilates reformer,2026-07-10,Vendredi,16:00,16:50,Le 33 Foch,PILATES REFORMER,ILANA,0,0,True,disponible,2026-07-04 00:43
2026-07-10|17:00|le 33 foch|micro lagree,2026-07-10,Vendredi,17:00,17:50,Le 33 Foch,MICRO LAGREE,ENZO,0,0,True,disponible,2026-07-04 00:43
2026-07-10|18:00|le 33 foch|cardio-boxing,2026-07-10,Vendredi,18:00,18:45,Le 33 Foch,CARDIO-BOXING,HISANY,0,0,True,disponible,2026-07-04 00:43
2026-07-10|18:00|le 33 foch|micro lagree,2026-07-10,Vendredi,18:00,18:50,Le 33 Foch,MICRO LAGREE,ENZO,0,0,True,disponible,2026-07-04 00:43
2026-07-10|18:00|le 33 foch|pilates reformer,2026-07-10,Vendredi,18:00,18:50,Le 33 Foch,PILATES REFORMER,TAIR,0,0,True,disponible,2026-07-04 00:43
2026-07-10|19:00|le 33 foch|cardio-boxing,2026-07-10,Vendredi,19:00,19:45,Le 33 Foch,CARDIO-BOXING,HISANY,0,0,True,disponible,2026-07-04 00:43
2026-07-10|19:00|le 33 foch|micro lagree,2026-07-10,Vendredi,19:00,19:50,Le 33 Foch,MICRO LAGREE,ENZO,0,0,True,disponible,2026-07-04 00:43
2026-07-10|19:00|le 33 foch|pilates reformer,2026-07-10,Vendredi,19:00,19:50,Le 33 Foch,PILATES REFORMER,TAIR,0,0,True,disponible,2026-07-04 00:43
2026-07-11|10:00|le 33 foch|micro lagree,2026-07-11,Samedi,10:00,10:50,Le 33 Foch,MICRO LAGREE,MAX,0,0,True,disponible,2026-07-05 00:11
2026-07-11|10:00|le 33 foch|pilates reformer,2026-07-11,Samedi,10:00,10:50,Le 33 Foch,PILATES REFORMER,MORGANE,0,0,True,disponible,2026-07-05 00:11
2026-07-11|10:00|le 33 foch|yoga vinyasa,2026-07-11,Samedi,10:00,10:50,Le 33 Foch,YOGA VINYASA,CAROLINE,0,0,True,disponible,2026-07-05 00:11
2026-07-11|11:00|le 33 foch|micro lagree,2026-07-11,Samedi,11:00,11:50,Le 33 Foch,MICRO LAGREE,MAX,0,0,True,disponible,2026-07-05 00:11
2026-07-11|11:00|le 33 foch|pilates reformer,2026-07-11,Samedi,11:00,11:50,Le 33 Foch,PILATES REFORMER,MORGANE,0,0,True,disponible,2026-07-05 00:11
2026-07-11|11:00|le 33 foch|trx,2026-07-11,Samedi,11:00,11:45,Le 33 Foch,TRX,FABRICE,0,0,True,disponible,2026-07-05 00:11
2026-07-11|12:00|le 33 foch|cardio-boxing,2026-07-11,Samedi,12:00,12:45,Le 33 Foch,CARDIO-BOXING,MAX,0,0,True,disponible,2026-07-05 00:11
2026-07-11|12:00|le 33 foch|core training,2026-07-11,Samedi,12:00,12:45,Le 33 Foch,CORE TRAINING,FABRICE,0,0,True,disponible,2026-07-05 00:11
2026-07-11|12:00|le 33 foch|pilates reformer,2026-07-11,Samedi,12:00,12:50,Le 33 Foch,PILATES REFORMER,MORGANE,0,0,True,disponible,2026-07-05 00:11
2026-07-11|13:00|le 33 foch|cardio-boxing,2026-07-11,Samedi,13:00,13:45,Le 33 Foch,CARDIO-BOXING,MAX,0,0,True,disponible,2026-07-05 00:11
2026-07-11|14:00|le 33 foch|pilates mat,2026-07-11,Samedi,14:00,14:45,Le 33 Foch,PILATES MAT,YOANN,0,0,True,disponible,2026-07-05 00:11
2026-07-11|15:00|le 33 foch|teenagers boxing (10-14 ans),2026-07-11,Samedi,15:00,15:45,Le 33 Foch,TEENAGERS BOXING (10-14 ans),MAX,0,0,True,inconnu,2026-07-05 00:11
2026-07-11|16:00|le 33 foch|cardio-boxing,2026-07-11,Samedi,16:00,16:50,Le 33 Foch,CARDIO-BOXING,LUCIE,0,0,True,disponible,2026-07-05 00:11
2026-07-11|17:00|le 33 foch|yoga vinyasa,2026-07-11,Samedi,17:00,17:45,Le 33 Foch,YOGA VINYASA,LUCIE,0,0,True,disponible,2026-07-05 00:11
2026-07-12|10:00|le 33 foch|bootcamp,2026-07-12,Dimanche,10:00,10:45,Le 33 Foch,BOOTCAMP,MATTEO,0,0,True,disponible,2026-07-06 00:16
2026-07-12|10:00|le 33 foch|micro lagree,2026-07-12,Dimanche,10:00,10:50,Le 33 Foch,MICRO LAGREE,MORGANE (Suppléant),0,0,True,disponible,2026-07-06 00:16
2026-07-12|10:00|le 33 foch|pilates reformer (niveau 2),2026-07-12,Dimanche,10:00,10:50,Le 33 Foch,PILATES REFORMER (Niveau 2),LISA,0,0,True,disponible,2026-07-06 00:16
2026-07-12|11:00|le 33 foch|cardio-boxing,2026-07-12,Dimanche,11:00,11:45,Le 33 Foch,CARDIO-BOXING,JEREMI,0,0,True,disponible,2026-07-06 00:16
2026-07-12|11:00|le 33 foch|micro lagree,2026-07-12,Dimanche,11:00,11:50,Le 33 Foch,MICRO LAGREE,MORGANE (Suppléant),0,0,True,disponible,2026-07-06 00:16
2026-07-12|11:00|le 33 foch|pilates reformer (niveau 2),2026-07-12,Dimanche,11:00,11:50,Le 33 Foch,PILATES REFORMER (Niveau 2),LISA,0,0,True,disponible,2026-07-06 00:16
2026-07-12|11:30|le 33 foch|cuisses abdos fessiers,2026-07-12,Dimanche,11:30,12:15,Le 33 Foch,CUISSES ABDOS FESSIERS,MATTEO,0,0,True,disponible,2026-07-06 00:16
2026-07-12|12:00|le 33 foch|cardio-boxing,2026-07-12,Dimanche,12:00,12:45,Le 33 Foch,CARDIO-BOXING,JEREMI,0,0,True,disponible,2026-07-06 00:16
2026-07-12|12:00|le 33 foch|micro lagree,2026-07-12,Dimanche,12:00,12:50,Le 33 Foch,MICRO LAGREE,MORGANE (Suppléant),0,0,True,disponible,2026-07-06 00:16
2026-07-12|12:00|le 33 foch|pilates reformer (niveau 2),2026-07-12,Dimanche,12:00,12:50,Le 33 Foch,PILATES REFORMER (Niveau 2),LISA,0,0,True,disponible,2026-07-06 00:16
2026-07-12|12:30|le 33 foch|bootcamp & cycle,2026-07-12,Dimanche,12:30,13:15,Le 33 Foch,BOOTCAMP & CYCLE,MATTEO,0,0,True,disponible,2026-07-06 00:16
2026-07-12|15:00|le 33 foch|pilates reformer,2026-07-12,Dimanche,15:00,15:50,Le 33 Foch,PILATES REFORMER,MORGANE,0,0,True,disponible,2026-07-06 00:16
2026-07-12|16:00|le 33 foch|pilates reformer,2026-07-12,Dimanche,16:00,16:50,Le 33 Foch,PILATES REFORMER,MORGANE,0,0,True,disponible,2026-07-06 00:16
2026-07-12|17:00|le 33 foch|pilates reformer,2026-07-12,Dimanche,17:00,17:50,Le 33 Foch,PILATES REFORMER,MORGANE,0,0,True,disponible,2026-07-06 00:16
2026-07-13|08:00|le 33 foch|pilates reformer (niveau 2),2026-07-13,Lundi,08:00,08:50,Le 33 Foch,PILATES REFORMER (Niveau 2),LISA,0,0,True,disponible,2026-07-07 09:53
2026-07-13|09:00|le 33 foch|cuisses abdos fessiers,2026-07-13,Lundi,09:00,09:45,Le 33 Foch,CUISSES ABDOS FESSIERS,MATTEO,0,0,True,disponible,2026-07-07 09:53
2026-07-13|09:00|le 33 foch|pilates reformer (niveau 2),2026-07-13,Lundi,09:00,09:50,Le 33 Foch,PILATES REFORMER (Niveau 2),LISA,0,0,True,disponible,2026-07-07 09:53
2026-07-13|10:00|le 33 foch|pilates reformer (niveau 2),2026-07-13,Lundi,10:00,10:50,Le 33 Foch,PILATES REFORMER (Niveau 2),LISA,0,0,True,disponible,2026-07-07 09:53
2026-07-13|11:00|le 33 foch|body sculpt,2026-07-13,Lundi,11:00,11:45,Le 33 Foch,BODY SCULPT,DOMINIQUE,0,0,True,disponible,2026-07-07 09:53
2026-07-13|12:00|le 33 foch|micro lagree,2026-07-13,Lundi,12:00,12:50,Le 33 Foch,MICRO LAGREE,JOY,0,0,True,disponible,2026-07-07 09:53
2026-07-13|12:00|le 33 foch|pilates reformer,2026-07-13,Lundi,12:00,12:50,Le 33 Foch,PILATES REFORMER,CANDICE,0,0,True,disponible,2026-07-07 09:53
2026-07-13|12:30|le 33 foch|trx,2026-07-13,Lundi,12:30,13:15,Le 33 Foch,TRX,MAX,0,0,True,disponible,2026-07-07 09:53
2026-07-13|13:00|le 33 foch|micro lagree,2026-07-13,Lundi,13:00,13:50,Le 33 Foch,MICRO LAGREE,JOY,0,0,True,disponible,2026-07-07 09:53
2026-07-13|13:00|le 33 foch|pilates reformer,2026-07-13,Lundi,13:00,13:50,Le 33 Foch,PILATES REFORMER,CANDICE,0,0,True,disponible,2026-07-07 09:53
2026-07-13|15:00|le 33 foch|pilates reformer,2026-07-13,Lundi,15:00,15:50,Le 33 Foch,PILATES REFORMER,ENZO,0,0,True,disponible,2026-07-07 09:53
2026-07-13|16:00|le 33 foch|micro lagree,2026-07-13,Lundi,16:00,16:50,Le 33 Foch,MICRO LAGREE,ENZO,0,0,True,disponible,2026-07-07 09:53
2026-07-13|17:00|le 33 foch|cardio-boxing,2026-07-13,Lundi,17:00,17:45,Le 33 Foch,CARDIO-BOXING,MAX,0,0,True,disponible,2026-07-07 09:53
2026-07-13|17:00|le 33 foch|micro lagree,2026-07-13,Lundi,17:00,17:50,Le 33 Foch,MICRO LAGREE,EVA,0,0,True,disponible,2026-07-07 09:53
2026-07-13|18:00|le 33 foch|body sculpt,2026-07-13,Lundi,18:00,18:45,Le 33 Foch,BODY SCULPT,DOMINIQUE,0,0,True,disponible,2026-07-07 09:53
2026-07-13|18:00|le 33 foch|cardio-boxing,2026-07-13,Lundi,18:00,18:45,Le 33 Foch,CARDIO-BOXING,MAX,0,0,True,disponible,2026-07-07 09:53
2026-07-13|18:00|le 33 foch|micro lagree,2026-07-13,Lundi,18:00,18:50,Le 33 Foch,MICRO LAGREE,EVA,0,0,True,disponible,2026-07-07 09:53
2026-07-13|18:00|le 33 foch|pilates reformer,2026-07-13,Lundi,18:00,18:50,Le 33 Foch,PILATES REFORMER,CANDICE,0,0,True,disponible,2026-07-07 09:53
2026-07-13|18:30|le 33 foch — 32 tilsitt|street jazz girly,2026-07-13,Lundi,18:30,19:30,Le 33 Foch — 32 Tilsitt,STREET JAZZ GIRLY,MAELLA,0,0,True,inconnu,2026-07-07 09:53
2026-07-13|19:00|le 33 foch|cardio-boxing,2026-07-13,Lundi,19:00,19:45,Le 33 Foch,CARDIO-BOXING,MAX,0,0,True,disponible,2026-07-07 09:53
2026-07-13|19:00|le 33 foch|micro lagree,2026-07-13,Lundi,19:00,19:50,Le 33 Foch,MICRO LAGREE,MARIE,0,0,True,disponible,2026-07-07 09:53
2026-07-13|19:00|le 33 foch|pilates reformer,2026-07-13,Lundi,19:00,19:50,Le 33 Foch,PILATES REFORMER,CANDICE,0,0,True,disponible,2026-07-07 09:53
2026-07-13|19:15|le 33 foch|bootcamp & cycle,2026-07-13,Lundi,19:15,20:00,Le 33 Foch,BOOTCAMP & CYCLE,MATTEO,0,0,True,disponible,2026-07-07 09:53
2026-07-13|19:30|le 33 foch — 32 tilsitt|hip hop girly,2026-07-13,Lundi,19:30,20:30,Le 33 Foch — 32 Tilsitt,HIP HOP GIRLY,LUCILE,0,0,True,inconnu,2026-07-07 09:53
2026-07-13|20:00|le 33 foch|cardio-boxing,2026-07-13,Lundi,20:00,20:45,Le 33 Foch,CARDIO-BOXING,MAX,0,0,True,disponible,2026-07-07 09:53
2026-07-13|20:00|le 33 foch|micro lagree,2026-07-13,Lundi,20:00,20:50,Le 33 Foch,MICRO LAGREE,MARIE,0,0,True,disponible,2026-07-07 09:53
2026-07-14|09:00|le 33 foch|bootcamp & cycle,2026-07-14,Mardi,09:00,09:45,Le 33 Foch,BOOTCAMP & CYCLE,YOANN,0,0,True,inconnu,2026-07-08 00:01
2026-07-14|10:00|le 33 foch|pilates reformer,2026-07-14,Mardi,10:00,10:50,Le 33 Foch,PILATES REFORMER,YOANN,0,0,True,inconnu,2026-07-08 00:01
2026-07-14|11:00|le 33 foch|micro lagree,2026-07-14,Mardi,11:00,11:50,Le 33 Foch,MICRO LAGREE,REBECCA R.,0,0,True,inconnu,2026-07-08 00:01
2026-07-14|11:00|le 33 foch|yoga/pilates,2026-07-14,Mardi,11:00,11:50,Le 33 Foch,YOGA/PILATES,CAROLINE,0,0,True,inconnu,2026-07-08 00:01
2026-07-14|12:00|le 33 foch|micro lagree,2026-07-14,Mardi,12:00,12:50,Le 33 Foch,MICRO LAGREE,ENZO,0,0,True,inconnu,2026-07-08 00:01
2026-07-14|12:00|le 33 foch|pilates reformer,2026-07-14,Mardi,12:00,12:50,Le 33 Foch,PILATES REFORMER,REBECCA R.,0,0,True,inconnu,2026-07-08 00:01
2026-07-14|12:30|le 33 foch|bootcamp & cycle (wod),2026-07-14,Mardi,12:30,13:15,Le 33 Foch,BOOTCAMP & CYCLE (WOD),YOANN,0,0,True,inconnu,2026-07-08 00:01
2026-07-14|13:00|le 33 foch|cardio-boxing,2026-07-14,Mardi,13:00,13:45,Le 33 Foch,CARDIO-BOXING,MAX,0,0,True,inconnu,2026-07-08 00:01
2026-07-14|13:00|le 33 foch|micro lagree,2026-07-14,Mardi,13:00,13:50,Le 33 Foch,MICRO LAGREE,ENZO,0,0,True,inconnu,2026-07-08 00:01
2026-07-14|13:00|le 33 foch|pilates reformer,2026-07-14,Mardi,13:00,13:50,Le 33 Foch,PILATES REFORMER,REBECCA R.,0,0,True,inconnu,2026-07-08 00:01
2026-07-14|18:00|le 33 foch|body sculpt,2026-07-14,Mardi,18:00,18:45,Le 33 Foch,BODY SCULPT,DOMINIQUE,0,0,True,inconnu,2026-07-08 00:01
2026-07-14|18:00|le 33 foch|cardio-boxing,2026-07-14,Mardi,18:00,18:45,Le 33 Foch,CARDIO-BOXING,HISANY,0,0,True,inconnu,2026-07-08 00:01
2026-07-14|18:00|le 33 foch|micro lagree,2026-07-14,Mardi,18:00,18:50,Le 33 Foch,MICRO LAGREE,REBECCA G.,0,0,True,inconnu,2026-07-08 00:01
2026-07-14|18:00|le 33 foch|pilates reformer,2026-07-14,Mardi,18:00,18:50,Le 33 Foch,PILATES REFORMER,ENZO,0,0,True,inconnu,2026-07-08 00:01
2026-07-14|19:00|le 33 foch|cardio-boxing,2026-07-14,Mardi,19:00,19:45,Le 33 Foch,CARDIO-BOXING,MAX,0,0,True,inconnu,2026-07-08 00:01
2026-07-14|19:00|le 33 foch|micro lagree,2026-07-14,Mardi,19:00,19:50,Le 33 Foch,MICRO LAGREE,REBECCA G.,0,0,True,inconnu,2026-07-08 00:01
2026-07-14|19:00|le 33 foch|pilates reformer,2026-07-14,Mardi,19:00,19:50,Le 33 Foch,PILATES REFORMER,ENZO,0,0,True,inconnu,2026-07-08 00:01
2026-07-14|19:15|le 33 foch|bootcamp & cycle (wod),2026-07-14,Mardi,19:15,20:00,Le 33 Foch,BOOTCAMP & CYCLE (WOD),HISANY,0,0,True,inconnu,2026-07-08 00:01
2026-07-14|20:00|le 33 foch|cardio-boxing,2026-07-14,Mardi,20:00,20:45,Le 33 Foch,CARDIO-BOXING,MAX,0,0,True,inconnu,2026-07-08 00:01
2026-07-14|20:00|le 33 foch|pilates reformer,2026-07-14,Mardi,20:00,20:50,Le 33 Foch,PILATES REFORMER,ENZO,0,0,True,inconnu,2026-07-08 00:01
2026-07-14|20:15|le 33 foch|bootcamp & cycle (wod),2026-07-14,Mardi,20:15,21:00,Le 33 Foch,BOOTCAMP & CYCLE (WOD),HISANY,0,0,True,inconnu,2026-07-08 00:01
2026-07-15|08:00|le 33 foch|pilates reformer (niveau 2),2026-07-15,Mercredi,08:00,08:50,Le 33 Foch,PILATES REFORMER (Niveau 2),LISA,0,0,True,disponible,2026-07-09 00:44
2026-07-15|08:30|le 33 foch|trx & cycle,2026-07-15,Mercredi,08:30,09:15,Le 33 Foch,TRX & CYCLE,JEREMI,0,0,True,disponible,2026-07-09 00:44
2026-07-15|09:00|le 33 foch|pilates reformer (niveau 2),2026-07-15,Mercredi,09:00,09:50,Le 33 Foch,PILATES REFORMER (Niveau 2),LISA,0,0,True,disponible,2026-07-09 00:44
2026-07-15|10:00|le 33 foch|pilates reformer (niveau 2),2026-07-15,Mercredi,10:00,10:50,Le 33 Foch,PILATES REFORMER (Niveau 2),LISA,0,0,True,disponible,2026-07-09 00:44
2026-07-15|11:00|le 33 foch|micro lagree,2026-07-15,Mercredi,11:00,11:50,Le 33 Foch,MICRO LAGREE,MORGANE (Suppléant),0,0,True,disponible,2026-07-09 00:44
2026-07-15|11:00|le 33 foch|pilates mat,2026-07-15,Mercredi,11:00,11:50,Le 33 Foch,PILATES MAT,CAROLINE,0,0,True,disponible,2026-07-09 00:44
2026-07-15|12:00|le 33 foch|micro lagree,2026-07-15,Mercredi,12:00,12:50,Le 33 Foch,MICRO LAGREE,MORGANE (Suppléant),0,0,True,disponible,2026-07-09 00:44
2026-07-15|12:00|le 33 foch|pilates reformer,2026-07-15,Mercredi,12:00,12:50,Le 33 Foch,PILATES REFORMER,REBECCA G.,0,0,True,disponible,2026-07-09 00:44
2026-07-15|12:30|le 33 foch|bootcamp & cycle (wod),2026-07-15,Mercredi,12:30,13:15,Le 33 Foch,BOOTCAMP & CYCLE (WOD),MATTEO,0,0,True,disponible,2026-07-09 00:44
2026-07-15|13:00|le 33 foch|cardio-boxing,2026-07-15,Mercredi,13:00,13:45,Le 33 Foch,CARDIO-BOXING,JEREMI,0,0,True,disponible,2026-07-09 00:44
2026-07-15|13:00|le 33 foch|pilates reformer,2026-07-15,Mercredi,13:00,13:50,Le 33 Foch,PILATES REFORMER,REBECCA G.,0,0,True,disponible,2026-07-09 00:44
2026-07-15|15:00|le 33 foch|pilates reformer,2026-07-15,Mercredi,15:00,15:50,Le 33 Foch,PILATES REFORMER,CANDICE,0,0,True,inconnu,2026-07-09 00:44
2026-07-15|16:00|le 33 foch|kids boxing (6 à 9 ans),2026-07-15,Mercredi,16:00,16:45,Le 33 Foch,KIDS BOXING (6 à 9 ans),MAX,0,0,True,inconnu,2026-07-09 00:44
2026-07-15|16:00|le 33 foch|pilates reformer,2026-07-15,Mercredi,16:00,16:50,Le 33 Foch,PILATES REFORMER,CANDICE,0,0,True,disponible,2026-07-09 00:44
2026-07-15|17:00|le 33 foch|micro lagree,2026-07-15,Mercredi,17:00,17:50,Le 33 Foch,MICRO LAGREE,MORGANE (Suppléant),0,0,True,disponible,2026-07-09 00:44
2026-07-15|18:00|le 33 foch|bootcamp & cycle (wod),2026-07-15,Mercredi,18:00,18:45,Le 33 Foch,BOOTCAMP & CYCLE (WOD),MATTEO,0,0,True,disponible,2026-07-09 00:44
2026-07-15|18:00|le 33 foch|cardio-boxing,2026-07-15,Mercredi,18:00,18:45,Le 33 Foch,CARDIO-BOXING,YAMANI,0,0,True,inconnu,2026-07-09 00:44
2026-07-15|18:00|le 33 foch|micro lagree,2026-07-15,Mercredi,18:00,18:50,Le 33 Foch,MICRO LAGREE,MORGANE (Suppléant),0,0,True,disponible,2026-07-09 00:44
2026-07-15|18:00|le 33 foch|pilates reformer,2026-07-15,Mercredi,18:00,18:50,Le 33 Foch,PILATES REFORMER,CANDICE,0,0,True,disponible,2026-07-09 00:44
2026-07-15|19:00|le 33 foch|cardio-boxing,2026-07-15,Mercredi,19:00,19:45,Le 33 Foch,CARDIO-BOXING,JEREMI (Suppléant),0,0,True,disponible,2026-07-09 00:44
2026-07-15|19:00|le 33 foch|micro lagree,2026-07-15,Mercredi,19:00,19:50,Le 33 Foch,MICRO LAGREE,EVA,0,0,True,disponible,2026-07-09 00:44
2026-07-15|19:00|le 33 foch|pilates reformer,2026-07-15,Mercredi,19:00,19:50,Le 33 Foch,PILATES REFORMER,CANDICE,0,0,True,disponible,2026-07-09 00:44
2026-07-15|19:00|le 33 foch|trx,2026-07-15,Mercredi,19:00,19:45,Le 33 Foch,TRX,MATTEO,0,0,True,disponible,2026-07-09 00:44
2026-07-15|19:30|le 33 foch — 32 tilsitt|bodyattack les mills,2026-07-15,Mercredi,19:30,20:15,Le 33 Foch — 32 Tilsitt,BODYATTACK Les Mills,TYRIK,0,0,True,inconnu,2026-07-09 00:44
2026-07-15|19:30|le 33 foch — 32 tilsitt|heels girly,2026-07-15,Mercredi,19:30,20:30,Le 33 Foch — 32 Tilsitt,HEELS GIRLY,NAIADE,0,0,True,disponible,2026-07-09 00:44
2026-07-15|20:00|le 33 foch|cuisses abdos fessiers,2026-07-15,Mercredi,20:00,20:45,Le 33 Foch,CUISSES ABDOS FESSIERS,MATTEO,0,0,True,disponible,2026-07-09 00:44
2026-07-15|20:00|le 33 foch|micro lagree,2026-07-15,Mercredi,20:00,20:50,Le 33 Foch,MICRO LAGREE,EVA,0,0,True,disponible,2026-07-09 00:44
2026-07-15|20:00|le 33 foch|pilates reformer,2026-07-15,Mercredi,20:00,20:50,Le 33 Foch,PILATES REFORMER,CANDICE,0,0,True,disponible,2026-07-09 00:44
2026-07-15|20:30|le 33 foch — 32 tilsitt|hip hop girly,2026-07-15,Mercredi,20:30,21:30,Le 33 Foch — 32 Tilsitt,HIP HOP GIRLY,MAELLA,0,0,True,disponible,2026-07-09 00:44
2026-07-16|09:00|le 33 foch|cuisses abdos fessiers,2026-07-16,Jeudi,09:00,09:45,Le 33 Foch,CUISSES ABDOS FESSIERS,MATTEO,0,0,True,disponible,2026-07-10 00:08
2026-07-16|09:00|le 33 foch|pilates reformer,2026-07-16,Jeudi,09:00,09:50,Le 33 Foch,PILATES REFORMER,JOY,0,0,True,disponible,2026-07-10 00:08
2026-07-16|10:00|le 33 foch|pilates reformer,2026-07-16,Jeudi,10:00,10:50,Le 33 Foch,PILATES REFORMER,JOY,0,0,True,disponible,2026-07-10 00:08
2026-07-16|11:00|le 33 foch|body sculpt,2026-07-16,Jeudi,11:00,11:50,Le 33 Foch,BODY SCULPT,DOMINIQUE,0,0,True,disponible,2026-07-10 00:08
2026-07-16|12:00|le 33 foch|micro lagree,2026-07-16,Jeudi,12:00,12:50,Le 33 Foch,MICRO LAGREE,MARIE,0,0,True,disponible,2026-07-10 00:08
2026-07-16|12:30|le 33 foch|my fit barre by valerie,2026-07-16,Jeudi,12:30,13:15,Le 33 Foch,MY FIT BARRE BY VALERIE,VALERIE,0,0,True,disponible,2026-07-10 00:08
2026-07-16|13:00|le 33 foch|cardio-boxing,2026-07-16,Jeudi,13:00,13:45,Le 33 Foch,CARDIO-BOXING,MAX,0,0,True,disponible,2026-07-10 00:08
2026-07-16|13:00|le 33 foch|micro lagree,2026-07-16,Jeudi,13:00,13:50,Le 33 Foch,MICRO LAGREE,MARIE,0,0,True,disponible,2026-07-10 00:08
2026-07-16|17:00|le 33 foch|pilates reformer,2026-07-16,Jeudi,17:00,17:50,Le 33 Foch,PILATES REFORMER,CANDICE,0,0,True,disponible,2026-07-10 00:08
2026-07-16|18:00|le 33 foch|cardio-boxing,2026-07-16,Jeudi,18:00,18:45,Le 33 Foch,CARDIO-BOXING,JEREMI,0,0,True,disponible,2026-07-10 00:08
2026-07-16|18:00|le 33 foch|micro lagree,2026-07-16,Jeudi,18:00,18:50,Le 33 Foch,MICRO LAGREE,MATTEO,0,0,True,disponible,2026-07-10 00:08
2026-07-16|18:00|le 33 foch|pilates reformer,2026-07-16,Jeudi,18:00,18:50,Le 33 Foch,PILATES REFORMER,CANDICE,0,0,True,disponible,2026-07-10 00:08
2026-07-16|19:00|le 33 foch|bootcamp & cycle,2026-07-16,Jeudi,19:00,19:45,Le 33 Foch,BOOTCAMP & CYCLE,MAX,0,0,True,disponible,2026-07-10 00:08
2026-07-16|19:00|le 33 foch|cardio-boxing,2026-07-16,Jeudi,19:00,19:45,Le 33 Foch,CARDIO-BOXING,JEREMI,0,0,True,disponible,2026-07-10 00:08
2026-07-16|19:00|le 33 foch|micro lagree,2026-07-16,Jeudi,19:00,19:50,Le 33 Foch,MICRO LAGREE,MATTEO,0,0,True,disponible,2026-07-10 00:08
2026-07-16|20:00|le 33 foch|bootcamp,2026-07-16,Jeudi,20:00,20:45,Le 33 Foch,BOOTCAMP,MAX,0,0,True,disponible,2026-07-10 00:08
2026-07-16|20:00|le 33 foch|cardio-boxing,2026-07-16,Jeudi,20:00,20:45,Le 33 Foch,CARDIO-BOXING,JEREMI,0,0,True,disponible,2026-07-10 00:08
2026-07-17|10:00|le 33 foch|pilates reformer (niveau 2),2026-07-17,Vendredi,10:00,10:50,Le 33 Foch,PILATES REFORMER (Niveau 2),JORDAN,0,0,True,disponible,2026-07-11 00:42
2026-07-17|11:00|le 33 foch|body sculpt,2026-07-17,Vendredi,11:00,11:45,Le 33 Foch,BODY SCULPT,DOMINIQUE,0,0,True,disponible,2026-07-11 00:42
2026-07-17|11:00|le 33 foch|micro lagree,2026-07-17,Vendredi,11:00,11:50,Le 33 Foch,MICRO LAGREE,EVA,0,0,True,disponible,2026-07-11 00:42
2026-07-17|11:00|le 33 foch|pilates reformer (niveau 2),2026-07-17,Vendredi,11:00,11:50,Le 33 Foch,PILATES REFORMER (Niveau 2),JORDAN,0,0,True,disponible,2026-07-11 00:42
2026-07-17|12:00|le 33 foch|micro lagree,2026-07-17,Vendredi,12:00,12:50,Le 33 Foch,MICRO LAGREE,EVA,0,0,True,disponible,2026-07-11 00:42
2026-07-17|12:00|le 33 foch|pilates reformer (niveau 2),2026-07-17,Vendredi,12:00,12:50,Le 33 Foch,PILATES REFORMER (Niveau 2),JORDAN,0,0,True,disponible,2026-07-11 00:42
2026-07-17|12:30|le 33 foch|trx,2026-07-17,Vendredi,12:30,13:15,Le 33 Foch,TRX,MAX,0,0,True,disponible,2026-07-11 00:42
2026-07-17|16:00|le 33 foch|pilates reformer,2026-07-17,Vendredi,16:00,16:50,Le 33 Foch,PILATES REFORMER,ILANA,0,0,True,disponible,2026-07-11 00:42
2026-07-17|17:00|le 33 foch|micro lagree,2026-07-17,Vendredi,17:00,17:50,Le 33 Foch,MICRO LAGREE,ENZO,0,0,True,disponible,2026-07-11 00:42
2026-07-17|18:00|le 33 foch|cardio-boxing,2026-07-17,Vendredi,18:00,18:45,Le 33 Foch,CARDIO-BOXING,HISANY,0,0,True,disponible,2026-07-11 00:42
2026-07-17|18:00|le 33 foch|micro lagree,2026-07-17,Vendredi,18:00,18:50,Le 33 Foch,MICRO LAGREE,ENZO,0,0,True,disponible,2026-07-11 00:42
2026-07-17|18:00|le 33 foch|pilates reformer,2026-07-17,Vendredi,18:00,18:50,Le 33 Foch,PILATES REFORMER,TAIR,0,0,True,disponible,2026-07-11 00:42
2026-07-17|19:00|le 33 foch|cardio-boxing,2026-07-17,Vendredi,19:00,19:45,Le 33 Foch,CARDIO-BOXING,HISANY,0,0,True,disponible,2026-07-11 00:42
2026-07-17|19:00|le 33 foch|micro lagree,2026-07-17,Vendredi,19:00,19:50,Le 33 Foch,MICRO LAGREE,ENZO,0,0,True,disponible,2026-07-11 00:42
2026-07-17|19:00|le 33 foch|pilates reformer,2026-07-17,Vendredi,19:00,19:50,Le 33 Foch,PILATES REFORMER,TAIR,0,0,True,disponible,2026-07-11 00:42
2026-07-18|10:00|le 33 foch|micro lagree,2026-07-18,Samedi,10:00,10:50,Le 33 Foch,MICRO LAGREE,MAX,0,0,True,disponible,2026-07-12 00:31
2026-07-18|10:00|le 33 foch|pilates reformer,2026-07-18,Samedi,10:00,10:50,Le 33 Foch,PILATES REFORMER,MORGANE,0,0,True,disponible,2026-07-12 00:31
2026-07-18|10:00|le 33 foch|yoga vinyasa,2026-07-18,Samedi,10:00,10:50,Le 33 Foch,YOGA VINYASA,CAROLINE,0,0,True,disponible,2026-07-12 00:31
2026-07-18|11:00|le 33 foch|micro lagree,2026-07-18,Samedi,11:00,11:50,Le 33 Foch,MICRO LAGREE,MAX,0,0,True,disponible,2026-07-12 00:31
2026-07-18|11:00|le 33 foch|pilates reformer,2026-07-18,Samedi,11:00,11:50,Le 33 Foch,PILATES REFORMER,MORGANE,0,0,True,disponible,2026-07-12 00:31
2026-07-18|11:00|le 33 foch|trx,2026-07-18,Samedi,11:00,11:45,Le 33 Foch,TRX,FABRICE,0,0,True,inconnu,2026-07-12 00:31
2026-07-18|12:00|le 33 foch|cardio-boxing,2026-07-18,Samedi,12:00,12:45,Le 33 Foch,CARDIO-BOXING,MAX,0,0,True,disponible,2026-07-12 00:31
2026-07-18|12:00|le 33 foch|core training,2026-07-18,Samedi,12:00,12:45,Le 33 Foch,CORE TRAINING,FABRICE,0,0,True,inconnu,2026-07-12 00:31
2026-07-18|12:00|le 33 foch|pilates reformer,2026-07-18,Samedi,12:00,12:50,Le 33 Foch,PILATES REFORMER,MORGANE,0,0,True,disponible,2026-07-12 00:31
2026-07-18|13:00|le 33 foch|cardio-boxing,2026-07-18,Samedi,13:00,13:45,Le 33 Foch,CARDIO-BOXING,MAX,0,0,True,disponible,2026-07-12 00:31
2026-07-18|14:00|le 33 foch|pilates mat,2026-07-18,Samedi,14:00,14:45,Le 33 Foch,PILATES MAT,YOANN,0,0,True,disponible,2026-07-12 00:31
2026-07-18|15:00|le 33 foch|teenagers boxing (10-14 ans),2026-07-18,Samedi,15:00,15:45,Le 33 Foch,TEENAGERS BOXING (10-14 ans),MAX,0,0,True,inconnu,2026-07-12 00:31
2026-07-18|16:00|le 33 foch|cardio-boxing,2026-07-18,Samedi,16:00,16:50,Le 33 Foch,CARDIO-BOXING,LUCIE,0,0,True,disponible,2026-07-12 00:31
2026-07-18|17:00|le 33 foch|yoga vinyasa,2026-07-18,Samedi,17:00,17:45,Le 33 Foch,YOGA VINYASA,LUCIE,0,0,True,disponible,2026-07-12 00:31
2026-07-19|10:00|le 33 foch|bootcamp,2026-07-19,Dimanche,10:00,10:45,Le 33 Foch,BOOTCAMP,MATTEO,0,0,True,disponible,2026-07-13 00:32
2026-07-19|10:00|le 33 foch|micro lagree,2026-07-19,Dimanche,10:00,10:50,Le 33 Foch,MICRO LAGREE,JULIA,0,0,True,disponible,2026-07-13 00:32
2026-07-19|10:00|le 33 foch|pilates reformer (niveau 2),2026-07-19,Dimanche,10:00,10:50,Le 33 Foch,PILATES REFORMER (Niveau 2),LISA,0,0,True,disponible,2026-07-13 00:32
2026-07-19|11:00|le 33 foch|cardio-boxing,2026-07-19,Dimanche,11:00,11:45,Le 33 Foch,CARDIO-BOXING,JEREMI,0,0,True,disponible,2026-07-13 00:32
2026-07-19|11:00|le 33 foch|micro lagree,2026-07-19,Dimanche,11:00,11:50,Le 33 Foch,MICRO LAGREE,JULIA,0,0,True,disponible,2026-07-13 00:32
2026-07-19|11:00|le 33 foch|pilates reformer (niveau 2),2026-07-19,Dimanche,11:00,11:50,Le 33 Foch,PILATES REFORMER (Niveau 2),LISA,0,0,True,disponible,2026-07-13 00:32
2026-07-19|11:30|le 33 foch|cuisses abdos fessiers,2026-07-19,Dimanche,11:30,12:15,Le 33 Foch,CUISSES ABDOS FESSIERS,MATTEO,0,0,True,disponible,2026-07-13 00:32
2026-07-19|12:00|le 33 foch|cardio-boxing,2026-07-19,Dimanche,12:00,12:45,Le 33 Foch,CARDIO-BOXING,JEREMI,0,0,True,disponible,2026-07-13 00:32
2026-07-19|12:00|le 33 foch|micro lagree,2026-07-19,Dimanche,12:00,12:50,Le 33 Foch,MICRO LAGREE,JULIA,0,0,True,disponible,2026-07-13 00:32
2026-07-19|12:00|le 33 foch|pilates reformer (niveau 2),2026-07-19,Dimanche,12:00,12:50,Le 33 Foch,PILATES REFORMER (Niveau 2),LISA,0,0,True,disponible,2026-07-13 00:32
2026-07-19|12:30|le 33 foch|bootcamp & cycle,2026-07-19,Dimanche,12:30,13:15,Le 33 Foch,BOOTCAMP & CYCLE,MATTEO,0,0,True,disponible,2026-07-13 00:32
2026-07-19|15:00|le 33 foch|pilates reformer,2026-07-19,Dimanche,15:00,15:50,Le 33 Foch,PILATES REFORMER,MORGANE,0,0,True,disponible,2026-07-13 00:32
2026-07-19|16:00|le 33 foch|pilates reformer,2026-07-19,Dimanche,16:00,16:50,Le 33 Foch,PILATES REFORMER,MORGANE,0,0,True,disponible,2026-07-13 00:32
2026-07-19|17:00|le 33 foch|pilates reformer,2026-07-19,Dimanche,17:00,17:50,Le 33 Foch,PILATES REFORMER,MORGANE,0,0,True,disponible,2026-07-13 00:32
2026-07-20|08:00|le 33 foch|pilates reformer (niveau 2),2026-07-20,Lundi,08:00,08:50,Le 33 Foch,PILATES REFORMER (Niveau 2),LISA,0,0,True,disponible,2026-07-14 00:39
2026-07-20|09:00|le 33 foch|cuisses abdos fessiers,2026-07-20,Lundi,09:00,09:45,Le 33 Foch,CUISSES ABDOS FESSIERS,MATTEO,0,0,True,disponible,2026-07-14 00:39
2026-07-20|09:00|le 33 foch|pilates reformer (niveau 2),2026-07-20,Lundi,09:00,09:50,Le 33 Foch,PILATES REFORMER (Niveau 2),LISA,0,0,True,disponible,2026-07-14 00:39
2026-07-20|10:00|le 33 foch|pilates reformer (niveau 2),2026-07-20,Lundi,10:00,10:50,Le 33 Foch,PILATES REFORMER (Niveau 2),LISA,0,0,True,disponible,2026-07-14 00:39
2026-07-20|11:00|le 33 foch|body sculpt,2026-07-20,Lundi,11:00,11:45,Le 33 Foch,BODY SCULPT,DOMINIQUE,0,0,True,disponible,2026-07-14 00:39
2026-07-20|12:00|le 33 foch|micro lagree,2026-07-20,Lundi,12:00,12:50,Le 33 Foch,MICRO LAGREE,JOY,0,0,True,disponible,2026-07-14 00:39
2026-07-20|12:00|le 33 foch|pilates reformer,2026-07-20,Lundi,12:00,12:50,Le 33 Foch,PILATES REFORMER,CANDICE,0,0,True,disponible,2026-07-14 00:39
2026-07-20|12:30|le 33 foch|trx,2026-07-20,Lundi,12:30,13:15,Le 33 Foch,TRX,MAX,0,0,True,disponible,2026-07-14 00:39
2026-07-20|13:00|le 33 foch|micro lagree,2026-07-20,Lundi,13:00,13:50,Le 33 Foch,MICRO LAGREE,JOY,0,0,True,disponible,2026-07-14 00:39
2026-07-20|13:00|le 33 foch|pilates reformer,2026-07-20,Lundi,13:00,13:50,Le 33 Foch,PILATES REFORMER,CANDICE,0,0,True,inconnu,2026-07-14 00:39
2026-07-20|15:00|le 33 foch|pilates reformer,2026-07-20,Lundi,15:00,15:50,Le 33 Foch,PILATES REFORMER,ENZO,0,0,True,inconnu,2026-07-14 00:39
2026-07-20|16:00|le 33 foch|micro lagree,2026-07-20,Lundi,16:00,16:50,Le 33 Foch,MICRO LAGREE,ENZO,0,0,True,inconnu,2026-07-14 00:39
2026-07-20|17:00|le 33 foch|cardio-boxing,2026-07-20,Lundi,17:00,17:45,Le 33 Foch,CARDIO-BOXING,MAX,0,0,True,disponible,2026-07-14 00:39
2026-07-20|17:00|le 33 foch|micro lagree,2026-07-20,Lundi,17:00,17:50,Le 33 Foch,MICRO LAGREE,EVA,0,0,True,disponible,2026-07-14 00:39
2026-07-20|18:00|le 33 foch|body sculpt,2026-07-20,Lundi,18:00,18:45,Le 33 Foch,BODY SCULPT,DOMINIQUE,0,0,True,disponible,2026-07-14 00:39
2026-07-20|18:00|le 33 foch|cardio-boxing,2026-07-20,Lundi,18:00,18:45,Le 33 Foch,CARDIO-BOXING,MAX,0,0,True,disponible,2026-07-14 00:39
2026-07-20|18:00|le 33 foch|micro lagree,2026-07-20,Lundi,18:00,18:50,Le 33 Foch,MICRO LAGREE,EVA,0,0,True,disponible,2026-07-14 00:39
2026-07-20|18:00|le 33 foch|pilates reformer,2026-07-20,Lundi,18:00,18:50,Le 33 Foch,PILATES REFORMER,CANDICE,0,0,True,disponible,2026-07-14 00:39
2026-07-20|19:00|le 33 foch|cardio-boxing,2026-07-20,Lundi,19:00,19:45,Le 33 Foch,CARDIO-BOXING,MAX,0,0,True,disponible,2026-07-14 00:39
2026-07-20|19:00|le 33 foch|micro lagree,2026-07-20,Lundi,19:00,19:50,Le 33 Foch,MICRO LAGREE,MARIE,0,0,True,disponible,2026-07-14 00:39
2026-07-20|19:00|le 33 foch|pilates reformer,2026-07-20,Lundi,19:00,19:50,Le 33 Foch,PILATES REFORMER,CANDICE,0,0,True,disponible,2026-07-14 00:39
2026-07-20|19:15|le 33 foch|bootcamp & cycle,2026-07-20,Lundi,19:15,20:00,Le 33 Foch,BOOTCAMP & CYCLE,MATTEO,0,0,True,disponible,2026-07-14 00:39
2026-07-20|20:00|le 33 foch|cardio-boxing,2026-07-20,Lundi,20:00,20:45,Le 33 Foch,CARDIO-BOXING,MAX,0,0,True,disponible,2026-07-14 00:39
2026-07-20|20:00|le 33 foch|micro lagree,2026-07-20,Lundi,20:00,20:50,Le 33 Foch,MICRO LAGREE,MARIE,0,0,True,disponible,2026-07-14 00:39
2026-07-21|09:00|le 33 foch|bootcamp & cycle,2026-07-21,Mardi,09:00,09:45,Le 33 Foch,BOOTCAMP & CYCLE,YOANN,0,0,True,disponible,2026-07-15 00:13
2026-07-21|10:00|le 33 foch|pilates reformer,2026-07-21,Mardi,10:00,10:50,Le 33 Foch,PILATES REFORMER,YOANN,0,0,True,disponible,2026-07-15 00:13
2026-07-21|11:00|le 33 foch|micro lagree,2026-07-21,Mardi,11:00,11:50,Le 33 Foch,MICRO LAGREE,REBECCA R.,0,0,True,disponible,2026-07-15 00:13
2026-07-21|11:00|le 33 foch|yoga/pilates,2026-07-21,Mardi,11:00,11:50,Le 33 Foch,YOGA/PILATES,CAROLINE,0,0,True,disponible,2026-07-15 00:13
2026-07-21|12:00|le 33 foch|micro lagree,2026-07-21,Mardi,12:00,12:50,Le 33 Foch,MICRO LAGREE,ENZO,0,0,True,inconnu,2026-07-15 00:13
2026-07-21|12:00|le 33 foch|pilates reformer,2026-07-21,Mardi,12:00,12:50,Le 33 Foch,PILATES REFORMER,REBECCA R.,0,0,True,disponible,2026-07-15 00:13
2026-07-21|12:30|le 33 foch|bootcamp & cycle (wod),2026-07-21,Mardi,12:30,13:15,Le 33 Foch,BOOTCAMP & CYCLE (WOD),YOANN,0,0,True,disponible,2026-07-15 00:13
2026-07-21|13:00|le 33 foch|cardio-boxing,2026-07-21,Mardi,13:00,13:45,Le 33 Foch,CARDIO-BOXING,MAX,0,0,True,disponible,2026-07-15 00:13
2026-07-21|13:00|le 33 foch|micro lagree,2026-07-21,Mardi,13:00,13:50,Le 33 Foch,MICRO LAGREE,ENZO,0,0,True,inconnu,2026-07-15 00:13
2026-07-21|13:00|le 33 foch|pilates reformer,2026-07-21,Mardi,13:00,13:50,Le 33 Foch,PILATES REFORMER,REBECCA R.,0,0,True,disponible,2026-07-15 00:13
2026-07-21|18:00|le 33 foch|body sculpt,2026-07-21,Mardi,18:00,18:45,Le 33 Foch,BODY SCULPT,DOMINIQUE,0,0,True,disponible,2026-07-15 00:13
2026-07-21|18:00|le 33 foch|cardio-boxing,2026-07-21,Mardi,18:00,18:45,Le 33 Foch,CARDIO-BOXING,HISANY,0,0,True,disponible,2026-07-15 00:13
2026-07-21|18:00|le 33 foch|micro lagree,2026-07-21,Mardi,18:00,18:50,Le 33 Foch,MICRO LAGREE,REBECCA G.,0,0,True,disponible,2026-07-15 00:13
2026-07-21|18:00|le 33 foch|pilates reformer,2026-07-21,Mardi,18:00,18:50,Le 33 Foch,PILATES REFORMER,ENZO,0,0,True,inconnu,2026-07-15 00:13
2026-07-21|19:00|le 33 foch|cardio-boxing,2026-07-21,Mardi,19:00,19:45,Le 33 Foch,CARDIO-BOXING,MAX,0,0,True,disponible,2026-07-15 00:13
2026-07-21|19:00|le 33 foch|micro lagree,2026-07-21,Mardi,19:00,19:50,Le 33 Foch,MICRO LAGREE,REBECCA G.,0,0,True,disponible,2026-07-15 00:13
2026-07-21|19:00|le 33 foch|pilates reformer,2026-07-21,Mardi,19:00,19:50,Le 33 Foch,PILATES REFORMER,ILANA (Suppléant),0,0,True,disponible,2026-07-15 00:13
2026-07-21|19:15|le 33 foch|bootcamp & cycle (wod),2026-07-21,Mardi,19:15,20:00,Le 33 Foch,BOOTCAMP & CYCLE (WOD),HISANY,0,0,True,disponible,2026-07-15 00:13
2026-07-21|20:00|le 33 foch|cardio-boxing,2026-07-21,Mardi,20:00,20:45,Le 33 Foch,CARDIO-BOXING,MAX,0,0,True,disponible,2026-07-15 00:13
2026-07-21|20:00|le 33 foch|pilates reformer,2026-07-21,Mardi,20:00,20:50,Le 33 Foch,PILATES REFORMER,ENZO,0,0,True,inconnu,2026-07-15 00:13
2026-07-21|20:15|le 33 foch|bootcamp & cycle (wod),2026-07-21,Mardi,20:15,21:00,Le 33 Foch,BOOTCAMP & CYCLE (WOD),HISANY,0,0,True,disponible,2026-07-15 00:13
2026-07-22|08:00|le 33 foch|pilates reformer (niveau 2),2026-07-22,Mercredi,08:00,08:50,Le 33 Foch,PILATES REFORMER (Niveau 2),LISA,0,0,True,disponible,2026-07-16 00:13
2026-07-22|08:30|le 33 foch|trx & cycle,2026-07-22,Mercredi,08:30,09:15,Le 33 Foch,TRX & CYCLE,JEREMI,0,0,True,disponible,2026-07-16 00:13
2026-07-22|09:00|le 33 foch|pilates reformer (niveau 2),2026-07-22,Mercredi,09:00,09:50,Le 33 Foch,PILATES REFORMER (Niveau 2),LISA,0,0,True,disponible,2026-07-16 00:13
2026-07-22|10:00|le 33 foch|pilates reformer (niveau 2),2026-07-22,Mercredi,10:00,10:50,Le 33 Foch,PILATES REFORMER (Niveau 2),LISA,0,0,True,disponible,2026-07-16 00:13
2026-07-22|11:00|le 33 foch|micro lagree,2026-07-22,Mercredi,11:00,11:50,Le 33 Foch,MICRO LAGREE,JULIA,0,0,True,disponible,2026-07-16 00:13
2026-07-22|11:00|le 33 foch|pilates mat,2026-07-22,Mercredi,11:00,11:50,Le 33 Foch,PILATES MAT,CAROLINE,0,0,True,disponible,2026-07-16 00:13
2026-07-22|12:00|le 33 foch|micro lagree,2026-07-22,Mercredi,12:00,12:50,Le 33 Foch,MICRO LAGREE,JULIA,0,0,True,disponible,2026-07-16 00:13
2026-07-22|12:00|le 33 foch|pilates reformer,2026-07-22,Mercredi,12:00,12:50,Le 33 Foch,PILATES REFORMER,REBECCA G.,0,0,True,disponible,2026-07-16 00:13
2026-07-22|12:30|le 33 foch|bootcamp & cycle (wod),2026-07-22,Mercredi,12:30,13:15,Le 33 Foch,BOOTCAMP & CYCLE (WOD),MATTEO,0,0,True,inconnu,2026-07-16 00:13
2026-07-22|13:00|le 33 foch|cardio-boxing,2026-07-22,Mercredi,13:00,13:45,Le 33 Foch,CARDIO-BOXING,JEREMI,0,0,True,disponible,2026-07-16 00:13
2026-07-22|13:00|le 33 foch|pilates reformer,2026-07-22,Mercredi,13:00,13:50,Le 33 Foch,PILATES REFORMER,REBECCA G.,0,0,True,disponible,2026-07-16 00:13
2026-07-22|15:00|le 33 foch|pilates reformer,2026-07-22,Mercredi,15:00,15:50,Le 33 Foch,PILATES REFORMER,CANDICE,0,0,True,inconnu,2026-07-16 00:13
2026-07-22|16:00|le 33 foch|kids boxing (6 à 9 ans),2026-07-22,Mercredi,16:00,16:45,Le 33 Foch,KIDS BOXING (6 à 9 ans),MAX,0,0,True,inconnu,2026-07-16 00:13
2026-07-22|16:00|le 33 foch|pilates reformer,2026-07-22,Mercredi,16:00,16:50,Le 33 Foch,PILATES REFORMER,CANDICE,0,0,True,inconnu,2026-07-16 00:13
2026-07-22|17:00|le 33 foch|micro lagree,2026-07-22,Mercredi,17:00,17:50,Le 33 Foch,MICRO LAGREE,JULIA,0,0,True,disponible,2026-07-16 00:13
2026-07-22|18:00|le 33 foch|bootcamp & cycle (wod),2026-07-22,Mercredi,18:00,18:45,Le 33 Foch,BOOTCAMP & CYCLE (WOD),JEREMI (Suppléant),0,0,True,disponible,2026-07-16 00:13
2026-07-22|18:00|le 33 foch|cardio-boxing,2026-07-22,Mercredi,18:00,18:45,Le 33 Foch,CARDIO-BOXING,YAMANI,0,0,True,inconnu,2026-07-16 00:13
2026-07-22|18:00|le 33 foch|micro lagree,2026-07-22,Mercredi,18:00,18:50,Le 33 Foch,MICRO LAGREE,JULIA,0,0,True,disponible,2026-07-16 00:13
2026-07-22|18:00|le 33 foch|pilates reformer,2026-07-22,Mercredi,18:00,18:50,Le 33 Foch,PILATES REFORMER,CANDICE,0,0,True,inconnu,2026-07-16 00:13
2026-07-22|19:00|le 33 foch|cardio-boxing,2026-07-22,Mercredi,19:00,19:45,Le 33 Foch,CARDIO-BOXING,JEREMI (Suppléant),0,0,True,disponible,2026-07-16 00:13
2026-07-22|19:00|le 33 foch|micro lagree,2026-07-22,Mercredi,19:00,19:50,Le 33 Foch,MICRO LAGREE,EVA,0,0,True,disponible,2026-07-16 00:13
2026-07-22|19:00|le 33 foch|pilates reformer,2026-07-22,Mercredi,19:00,19:50,Le 33 Foch,PILATES REFORMER,JULIA (Suppléant),0,0,True,disponible,2026-07-16 00:13
2026-07-22|19:00|le 33 foch|trx,2026-07-22,Mercredi,19:00,19:45,Le 33 Foch,TRX,MATTEO,0,0,True,inconnu,2026-07-16 00:13
2026-07-22|20:00|le 33 foch|cuisses abdos fessiers,2026-07-22,Mercredi,20:00,20:45,Le 33 Foch,CUISSES ABDOS FESSIERS,JEREMI (Suppléant),0,0,True,disponible,2026-07-16 00:13
2026-07-22|20:00|le 33 foch|micro lagree,2026-07-22,Mercredi,20:00,20:50,Le 33 Foch,MICRO LAGREE,EVA,0,0,True,disponible,2026-07-16 00:13
2026-07-22|20:00|le 33 foch|pilates reformer,2026-07-22,Mercredi,20:00,20:50,Le 33 Foch,PILATES REFORMER,CANDICE,0,0,True,inconnu,2026-07-16 00:13
2026-07-23|09:00|le 33 foch|cuisses abdos fessiers,2026-07-23,Jeudi,09:00,09:45,Le 33 Foch,CUISSES ABDOS FESSIERS,MATTEO,0,0,True,inconnu,2026-07-17 00:40
2026-07-23|09:00|le 33 foch|pilates reformer,2026-07-23,Jeudi,09:00,09:50,Le 33 Foch,PILATES REFORMER,JOY,0,0,True,disponible,2026-07-17 00:40
2026-07-23|10:00|le 33 foch|pilates reformer,2026-07-23,Jeudi,10:00,10:50,Le 33 Foch,PILATES REFORMER,JOY,0,0,True,disponible,2026-07-17 00:40
2026-07-23|11:00|le 33 foch|body sculpt,2026-07-23,Jeudi,11:00,11:50,Le 33 Foch,BODY SCULPT,DOMINIQUE,0,0,True,disponible,2026-07-17 00:40
2026-07-23|12:00|le 33 foch|micro lagree,2026-07-23,Jeudi,12:00,12:50,Le 33 Foch,MICRO LAGREE,MARIE,0,0,True,disponible,2026-07-17 00:40
2026-07-23|12:30|le 33 foch|my fit barre by valerie,2026-07-23,Jeudi,12:30,13:15,Le 33 Foch,MY FIT BARRE BY VALERIE,VALERIE,0,0,True,disponible,2026-07-17 00:40
2026-07-23|13:00|le 33 foch|cardio-boxing,2026-07-23,Jeudi,13:00,13:45,Le 33 Foch,CARDIO-BOXING,MAX,0,0,True,disponible,2026-07-17 00:40
2026-07-23|13:00|le 33 foch|micro lagree,2026-07-23,Jeudi,13:00,13:50,Le 33 Foch,MICRO LAGREE,MARIE,0,0,True,disponible,2026-07-17 00:40
2026-07-23|17:00|le 33 foch|pilates reformer,2026-07-23,Jeudi,17:00,17:50,Le 33 Foch,PILATES REFORMER,CANDICE,0,0,True,inconnu,2026-07-17 00:40
2026-07-23|18:00|le 33 foch|cardio-boxing,2026-07-23,Jeudi,18:00,18:45,Le 33 Foch,CARDIO-BOXING,JEREMI,0,0,True,disponible,2026-07-17 00:40
2026-07-23|18:00|le 33 foch|micro lagree,2026-07-23,Jeudi,18:00,18:50,Le 33 Foch,MICRO LAGREE,MORGANE (Suppléant),0,0,True,disponible,2026-07-17 00:40
2026-07-23|18:00|le 33 foch|pilates reformer,2026-07-23,Jeudi,18:00,18:50,Le 33 Foch,PILATES REFORMER,ILANA (Suppléant),0,0,True,disponible,2026-07-17 00:40
2026-07-23|19:00|le 33 foch|bootcamp & cycle,2026-07-23,Jeudi,19:00,19:45,Le 33 Foch,BOOTCAMP & CYCLE,MAX,0,0,True,disponible,2026-07-17 00:40
2026-07-23|19:00|le 33 foch|cardio-boxing,2026-07-23,Jeudi,19:00,19:45,Le 33 Foch,CARDIO-BOXING,JEREMI,0,0,True,disponible,2026-07-17 00:40
2026-07-23|19:00|le 33 foch|micro lagree,2026-07-23,Jeudi,19:00,19:50,Le 33 Foch,MICRO LAGREE,MORGANE (Suppléant),0,0,True,disponible,2026-07-17 00:40
2026-07-23|20:00|le 33 foch|bootcamp,2026-07-23,Jeudi,20:00,20:45,Le 33 Foch,BOOTCAMP,MAX,0,0,True,disponible,2026-07-17 00:40
2026-07-23|20:00|le 33 foch|cardio-boxing,2026-07-23,Jeudi,20:00,20:45,Le 33 Foch,CARDIO-BOXING,JEREMI,0,0,True,disponible,2026-07-17 00:40
2026-07-24|10:00|le 33 foch|pilates reformer (niveau 2),2026-07-24,Vendredi,10:00,10:50,Le 33 Foch,PILATES REFORMER (Niveau 2),JORDAN,0,0,True,disponible,2026-07-18 00:32
2026-07-24|11:00|le 33 foch|body sculpt,2026-07-24,Vendredi,11:00,11:45,Le 33 Foch,BODY SCULPT,DOMINIQUE,0,0,True,disponible,2026-07-18 00:32
2026-07-24|11:00|le 33 foch|micro lagree,2026-07-24,Vendredi,11:00,11:50,Le 33 Foch,MICRO LAGREE,EVA,0,0,True,disponible,2026-07-18 00:32
2026-07-24|11:00|le 33 foch|pilates reformer (niveau 2),2026-07-24,Vendredi,11:00,11:50,Le 33 Foch,PILATES REFORMER (Niveau 2),JORDAN,0,0,True,disponible,2026-07-18 00:32
2026-07-24|12:00|le 33 foch|micro lagree,2026-07-24,Vendredi,12:00,12:50,Le 33 Foch,MICRO LAGREE,EVA,0,0,True,disponible,2026-07-18 00:32
2026-07-24|12:00|le 33 foch|pilates reformer (niveau 2),2026-07-24,Vendredi,12:00,12:50,Le 33 Foch,PILATES REFORMER (Niveau 2),JORDAN,0,0,True,disponible,2026-07-18 00:32
2026-07-24|12:30|le 33 foch|trx,2026-07-24,Vendredi,12:30,13:15,Le 33 Foch,TRX,MAX,0,0,True,disponible,2026-07-18 00:32
2026-07-24|16:00|le 33 foch|pilates reformer,2026-07-24,Vendredi,16:00,16:50,Le 33 Foch,PILATES REFORMER,ILANA,0,0,True,disponible,2026-07-18 00:32
2026-07-24|17:00|le 33 foch|micro lagree,2026-07-24,Vendredi,17:00,17:50,Le 33 Foch,MICRO LAGREE,ENZO,0,0,True,inconnu,2026-07-18 00:32
2026-07-24|18:00|le 33 foch|cardio-boxing,2026-07-24,Vendredi,18:00,18:45,Le 33 Foch,CARDIO-BOXING,HISANY,0,0,True,disponible,2026-07-18 00:32
2026-07-24|18:00|le 33 foch|micro lagree,2026-07-24,Vendredi,18:00,18:50,Le 33 Foch,MICRO LAGREE,MORGANE (Suppléant),0,0,True,disponible,2026-07-18 00:32
2026-07-24|18:00|le 33 foch|pilates reformer,2026-07-24,Vendredi,18:00,18:50,Le 33 Foch,PILATES REFORMER,TAIR,0,0,True,disponible,2026-07-18 00:32
2026-07-24|19:00|le 33 foch|cardio-boxing,2026-07-24,Vendredi,19:00,19:45,Le 33 Foch,CARDIO-BOXING,HISANY,0,0,True,disponible,2026-07-18 00:32
2026-07-24|19:00|le 33 foch|micro lagree,2026-07-24,Vendredi,19:00,19:50,Le 33 Foch,MICRO LAGREE,MORGANE (Suppléant),0,0,True,disponible,2026-07-18 00:32
2026-07-24|19:00|le 33 foch|pilates reformer,2026-07-24,Vendredi,19:00,19:50,Le 33 Foch,PILATES REFORMER,TAIR,0,0,True,disponible,2026-07-18 00:32
2026-07-25|10:00|le 33 foch|micro lagree,2026-07-25,Samedi,10:00,10:50,Le 33 Foch,MICRO LAGREE,MAX,0,0,True,disponible,2026-07-19 00:33
2026-07-25|10:00|le 33 foch|pilates reformer,2026-07-25,Samedi,10:00,10:50,Le 33 Foch,PILATES REFORMER,ILANA (Suppléant),0,0,True,disponible,2026-07-19 00:33
2026-07-25|10:00|le 33 foch|yoga vinyasa,2026-07-25,Samedi,10:00,10:50,Le 33 Foch,YOGA VINYASA,CAROLINE,0,0,True,disponible,2026-07-19 00:33
2026-07-25|11:00|le 33 foch|micro lagree,2026-07-25,Samedi,11:00,11:50,Le 33 Foch,MICRO LAGREE,MAX,0,0,True,disponible,2026-07-19 00:33
2026-07-25|11:00|le 33 foch|pilates reformer,2026-07-25,Samedi,11:00,11:50,Le 33 Foch,PILATES REFORMER,ILANA (Suppléant),0,0,True,disponible,2026-07-19 00:33
2026-07-25|11:00|le 33 foch|trx,2026-07-25,Samedi,11:00,11:45,Le 33 Foch,TRX,FABRICE,0,0,True,inconnu,2026-07-19 00:33
2026-07-25|12:00|le 33 foch|cardio-boxing,2026-07-25,Samedi,12:00,12:45,Le 33 Foch,CARDIO-BOXING,MAX,0,0,True,disponible,2026-07-19 00:33
2026-07-25|12:00|le 33 foch|core training,2026-07-25,Samedi,12:00,12:45,Le 33 Foch,CORE TRAINING,FABRICE,0,0,True,inconnu,2026-07-19 00:33
2026-07-25|12:00|le 33 foch|pilates reformer,2026-07-25,Samedi,12:00,12:50,Le 33 Foch,PILATES REFORMER,ILANA (Suppléant),0,0,True,disponible,2026-07-19 00:33
2026-07-25|13:00|le 33 foch|cardio-boxing,2026-07-25,Samedi,13:00,13:45,Le 33 Foch,CARDIO-BOXING,MAX,0,0,True,disponible,2026-07-19 00:33
2026-07-25|14:00|le 33 foch|pilates mat,2026-07-25,Samedi,14:00,14:45,Le 33 Foch,PILATES MAT,YOANN,0,0,True,inconnu,2026-07-19 00:33
2026-07-25|15:00|le 33 foch|teenagers boxing (10-14 ans),2026-07-25,Samedi,15:00,15:45,Le 33 Foch,TEENAGERS BOXING (10-14 ans),MAX,0,0,True,inconnu,2026-07-19 00:33
2026-07-25|16:00|le 33 foch|cardio-boxing,2026-07-25,Samedi,16:00,16:50,Le 33 Foch,CARDIO-BOXING,LUCIE,0,0,True,disponible,2026-07-19 00:33
2026-07-25|17:00|le 33 foch|yoga vinyasa,2026-07-25,Samedi,17:00,17:45,Le 33 Foch,YOGA VINYASA,LUCIE,0,0,True,disponible,2026-07-19 00:33
2026-07-26|10:00|le 33 foch|bootcamp,2026-07-26,Dimanche,10:00,10:45,Le 33 Foch,BOOTCAMP,JEREMI (Suppléant),0,0,True,disponible,2026-07-20 00:35
2026-07-26|10:00|le 33 foch|micro lagree,2026-07-26,Dimanche,10:00,10:50,Le 33 Foch,MICRO LAGREE,JULIA,0,0,True,disponible,2026-07-20 00:35
2026-07-26|10:00|le 33 foch|pilates reformer (niveau 2),2026-07-26,Dimanche,10:00,10:50,Le 33 Foch,PILATES REFORMER (Niveau 2),LISA,0,0,True,disponible,2026-07-20 00:35
2026-07-26|11:00|le 33 foch|cardio-boxing,2026-07-26,Dimanche,11:00,11:45,Le 33 Foch,CARDIO-BOXING,JEREMI,0,0,True,disponible,2026-07-20 00:35
2026-07-26|11:00|le 33 foch|micro lagree,2026-07-26,Dimanche,11:00,11:50,Le 33 Foch,MICRO LAGREE,JULIA,0,0,True,disponible,2026-07-20 00:35
2026-07-26|11:00|le 33 foch|pilates reformer (niveau 2),2026-07-26,Dimanche,11:00,11:50,Le 33 Foch,PILATES REFORMER (Niveau 2),LISA,0,0,True,disponible,2026-07-20 00:35
2026-07-26|11:30|le 33 foch|cuisses abdos fessiers,2026-07-26,Dimanche,11:30,12:15,Le 33 Foch,CUISSES ABDOS FESSIERS,MATTEO,0,0,True,inconnu,2026-07-20 00:35
2026-07-26|12:00|le 33 foch|cardio-boxing,2026-07-26,Dimanche,12:00,12:45,Le 33 Foch,CARDIO-BOXING,JEREMI,0,0,True,disponible,2026-07-20 00:35
2026-07-26|12:00|le 33 foch|micro lagree,2026-07-26,Dimanche,12:00,12:50,Le 33 Foch,MICRO LAGREE,JULIA,0,0,True,disponible,2026-07-20 00:35
2026-07-26|12:00|le 33 foch|pilates reformer (niveau 2),2026-07-26,Dimanche,12:00,12:50,Le 33 Foch,PILATES REFORMER (Niveau 2),LISA,0,0,True,disponible,2026-07-20 00:35
2026-07-26|12:30|le 33 foch|bootcamp & cycle,2026-07-26,Dimanche,12:30,13:15,Le 33 Foch,BOOTCAMP & CYCLE,MATTEO,0,0,True,inconnu,2026-07-20 00:35
2026-07-26|15:00|le 33 foch|pilates reformer,2026-07-26,Dimanche,15:00,15:50,Le 33 Foch,PILATES REFORMER,ENZO (Suppléant),0,0,True,disponible,2026-07-20 00:35
2026-07-26|16:00|le 33 foch|pilates reformer,2026-07-26,Dimanche,16:00,16:50,Le 33 Foch,PILATES REFORMER,ENZO (Suppléant),0,0,True,disponible,2026-07-20 00:35
2026-07-26|17:00|le 33 foch|pilates reformer,2026-07-26,Dimanche,17:00,17:50,Le 33 Foch,PILATES REFORMER,ENZO (Suppléant),0,0,True,disponible,2026-07-20 00:35
2026-07-27|08:00|le 33 foch|pilates reformer (niveau 2),2026-07-27,Lundi,08:00,08:50,Le 33 Foch,PILATES REFORMER (Niveau 2),LISA,0,0,True,disponible,2026-07-21 00:41
2026-07-27|09:00|le 33 foch|cuisses abdos fessiers,2026-07-27,Lundi,09:00,09:45,Le 33 Foch,CUISSES ABDOS FESSIERS,MATTEO,0,0,True,inconnu,2026-07-21 00:41
2026-07-27|09:00|le 33 foch|pilates reformer (niveau 2),2026-07-27,Lundi,09:00,09:50,Le 33 Foch,PILATES REFORMER (Niveau 2),LISA,0,0,True,disponible,2026-07-21 00:41
2026-07-27|10:00|le 33 foch|pilates reformer (niveau 2),2026-07-27,Lundi,10:00,10:50,Le 33 Foch,PILATES REFORMER (Niveau 2),LISA,0,0,True,disponible,2026-07-21 00:41
2026-07-27|11:00|le 33 foch|body sculpt,2026-07-27,Lundi,11:00,11:45,Le 33 Foch,BODY SCULPT,DOMINIQUE,0,0,True,disponible,2026-07-21 00:41
2026-07-27|12:00|le 33 foch|micro lagree,2026-07-27,Lundi,12:00,12:50,Le 33 Foch,MICRO LAGREE,ENZO (Suppléant),0,0,True,disponible,2026-07-21 00:41
2026-07-27|12:00|le 33 foch|pilates reformer,2026-07-27,Lundi,12:00,12:50,Le 33 Foch,PILATES REFORMER,HISANY (Suppléant),0,0,True,disponible,2026-07-21 00:41
2026-07-27|12:30|le 33 foch|trx,2026-07-27,Lundi,12:30,13:15,Le 33 Foch,TRX,MAX,0,0,True,disponible,2026-07-21 00:41
2026-07-27|13:00|le 33 foch|micro lagree,2026-07-27,Lundi,13:00,13:50,Le 33 Foch,MICRO LAGREE,ENZO (Suppléant),0,0,True,disponible,2026-07-21 00:41
2026-07-27|13:00|le 33 foch|pilates reformer,2026-07-27,Lundi,13:00,13:50,Le 33 Foch,PILATES REFORMER,CANDICE,0,0,True,inconnu,2026-07-21 00:41
2026-07-27|15:00|le 33 foch|pilates reformer,2026-07-27,Lundi,15:00,15:50,Le 33 Foch,PILATES REFORMER,ENZO,0,0,True,inconnu,2026-07-21 00:41
2026-07-27|16:00|le 33 foch|micro lagree,2026-07-27,Lundi,16:00,16:50,Le 33 Foch,MICRO LAGREE,ENZO,0,0,True,inconnu,2026-07-21 00:41
2026-07-27|17:00|le 33 foch|cardio-boxing,2026-07-27,Lundi,17:00,17:45,Le 33 Foch,CARDIO-BOXING,MAX,0,0,True,disponible,2026-07-21 00:41
2026-07-27|17:00|le 33 foch|micro lagree,2026-07-27,Lundi,17:00,17:50,Le 33 Foch,MICRO LAGREE,EVA,0,0,True,disponible,2026-07-21 00:41
2026-07-27|18:00|le 33 foch|body sculpt,2026-07-27,Lundi,18:00,18:45,Le 33 Foch,BODY SCULPT,DOMINIQUE,0,0,True,disponible,2026-07-21 00:41
2026-07-27|18:00|le 33 foch|cardio-boxing,2026-07-27,Lundi,18:00,18:45,Le 33 Foch,CARDIO-BOXING,MAX,0,0,True,disponible,2026-07-21 00:41
2026-07-27|18:00|le 33 foch|micro lagree,2026-07-27,Lundi,18:00,18:50,Le 33 Foch,MICRO LAGREE,EVA,0,0,True,disponible,2026-07-21 00:41
2026-07-27|18:00|le 33 foch|pilates reformer,2026-07-27,Lundi,18:00,18:50,Le 33 Foch,PILATES REFORMER,CANDICE,0,0,True,inconnu,2026-07-21 00:41
2026-07-27|19:00|le 33 foch|cardio-boxing,2026-07-27,Lundi,19:00,19:45,Le 33 Foch,CARDIO-BOXING,MAX,0,0,True,disponible,2026-07-21 00:41
2026-07-27|19:00|le 33 foch|micro lagree,2026-07-27,Lundi,19:00,19:50,Le 33 Foch,MICRO LAGREE,MORGANE (Suppléant),0,0,True,disponible,2026-07-21 00:41
2026-07-27|19:00|le 33 foch|pilates reformer,2026-07-27,Lundi,19:00,19:50,Le 33 Foch,PILATES REFORMER,CANDICE,0,0,True,inconnu,2026-07-21 00:41
2026-07-27|19:15|le 33 foch|bootcamp & cycle,2026-07-27,Lundi,19:15,20:00,Le 33 Foch,BOOTCAMP & CYCLE,MATTEO,0,0,True,inconnu,2026-07-21 00:41
2026-07-27|20:00|le 33 foch|cardio-boxing,2026-07-27,Lundi,20:00,20:45,Le 33 Foch,CARDIO-BOXING,MAX,0,0,True,disponible,2026-07-21 00:41
2026-07-27|20:00|le 33 foch|micro lagree,2026-07-27,Lundi,20:00,20:50,Le 33 Foch,MICRO LAGREE,MORGANE (Suppléant),0,0,True,disponible,2026-07-21 00:41
2026-07-28|09:00|le 33 foch|bootcamp & cycle,2026-07-28,Mardi,09:00,09:45,Le 33 Foch,BOOTCAMP & CYCLE,YOANN,0,0,True,inconnu,2026-07-22 00:37
2026-07-28|10:00|le 33 foch|pilates reformer,2026-07-28,Mardi,10:00,10:50,Le 33 Foch,PILATES REFORMER,YOANN,0,0,True,inconnu,2026-07-22 00:37
2026-07-28|11:00|le 33 foch|micro lagree,2026-07-28,Mardi,11:00,11:50,Le 33 Foch,MICRO LAGREE,REBECCA R.,0,0,True,inconnu,2026-07-22 00:37
2026-07-28|11:00|le 33 foch|yoga/pilates,2026-07-28,Mardi,11:00,11:50,Le 33 Foch,YOGA/PILATES,CAROLINE,0,0,True,disponible,2026-07-22 00:37
2026-07-28|12:00|le 33 foch|micro lagree,2026-07-28,Mardi,12:00,12:50,Le 33 Foch,MICRO LAGREE,LAURA (Suppléant),0,0,True,disponible,2026-07-22 00:37
2026-07-28|12:00|le 33 foch|pilates reformer,2026-07-28,Mardi,12:00,12:50,Le 33 Foch,PILATES REFORMER,REBECCA R.,0,0,True,inconnu,2026-07-22 00:37
2026-07-28|12:30|le 33 foch|bootcamp & cycle (wod),2026-07-28,Mardi,12:30,13:15,Le 33 Foch,BOOTCAMP & CYCLE (WOD),JONATHAN (Suppléant),0,0,True,disponible,2026-07-22 00:37
2026-07-28|13:00|le 33 foch|cardio-boxing,2026-07-28,Mardi,13:00,13:45,Le 33 Foch,CARDIO-BOXING,MAX,0,0,True,disponible,2026-07-22 00:37
2026-07-28|13:00|le 33 foch|micro lagree,2026-07-28,Mardi,13:00,13:50,Le 33 Foch,MICRO LAGREE,ENZO,0,0,True,inconnu,2026-07-22 00:37
2026-07-28|13:00|le 33 foch|pilates reformer,2026-07-28,Mardi,13:00,13:50,Le 33 Foch,PILATES REFORMER,LISA (Suppléant),0,0,True,disponible,2026-07-22 00:37
2026-07-28|18:00|le 33 foch|body sculpt,2026-07-28,Mardi,18:00,18:45,Le 33 Foch,BODY SCULPT,DOMINIQUE,0,0,True,disponible,2026-07-22 00:37
2026-07-28|18:00|le 33 foch|cardio-boxing,2026-07-28,Mardi,18:00,18:45,Le 33 Foch,CARDIO-BOXING,HISANY,0,0,True,disponible,2026-07-22 00:37
2026-07-28|18:00|le 33 foch|micro lagree,2026-07-28,Mardi,18:00,18:50,Le 33 Foch,MICRO LAGREE,REBECCA G.,0,0,True,disponible,2026-07-22 00:37
2026-07-28|18:00|le 33 foch|pilates reformer,2026-07-28,Mardi,18:00,18:50,Le 33 Foch,PILATES REFORMER,ENZO,0,0,True,inconnu,2026-07-22 00:37
2026-07-28|19:00|le 33 foch|cardio-boxing,2026-07-28,Mardi,19:00,19:45,Le 33 Foch,CARDIO-BOXING,MAX,0,0,True,disponible,2026-07-22 00:37
2026-07-28|19:00|le 33 foch|micro lagree,2026-07-28,Mardi,19:00,19:50,Le 33 Foch,MICRO LAGREE,REBECCA G.,0,0,True,disponible,2026-07-22 00:37
2026-07-28|19:00|le 33 foch|pilates reformer,2026-07-28,Mardi,19:00,19:50,Le 33 Foch,PILATES REFORMER,MORGANE (Suppléant),0,0,True,disponible,2026-07-22 00:37
2026-07-28|19:15|le 33 foch|bootcamp & cycle (wod),2026-07-28,Mardi,19:15,20:00,Le 33 Foch,BOOTCAMP & CYCLE (WOD),HISANY,0,0,True,disponible,2026-07-22 00:37
2026-07-28|20:00|le 33 foch|cardio-boxing,2026-07-28,Mardi,20:00,20:45,Le 33 Foch,CARDIO-BOXING,MAX,0,0,True,disponible,2026-07-22 00:37
2026-07-28|20:00|le 33 foch|pilates reformer,2026-07-28,Mardi,20:00,20:50,Le 33 Foch,PILATES REFORMER,ENZO,0,0,True,inconnu,2026-07-22 00:37
2026-07-28|20:15|le 33 foch|bootcamp & cycle (wod),2026-07-28,Mardi,20:15,21:00,Le 33 Foch,BOOTCAMP & CYCLE (WOD),HISANY,0,0,True,disponible,2026-07-22 00:37
2026-07-29|08:00|le 33 foch|pilates reformer (niveau 2),2026-07-29,Mercredi,08:00,08:50,Le 33 Foch,PILATES REFORMER (Niveau 2),LISA,0,0,True,disponible,2026-07-23 00:41
2026-07-29|08:30|le 33 foch|trx & cycle,2026-07-29,Mercredi,08:30,09:15,Le 33 Foch,TRX & CYCLE,JEREMI,0,0,True,inconnu,2026-07-23 00:41
2026-07-29|09:00|le 33 foch|pilates reformer (niveau 2),2026-07-29,Mercredi,09:00,09:50,Le 33 Foch,PILATES REFORMER (Niveau 2),LISA,0,0,True,disponible,2026-07-23 00:41
2026-07-29|10:00|le 33 foch|pilates reformer (niveau 2),2026-07-29,Mercredi,10:00,10:50,Le 33 Foch,PILATES REFORMER (Niveau 2),LISA,0,0,True,disponible,2026-07-23 00:41
2026-07-29|11:00|le 33 foch|micro lagree,2026-07-29,Mercredi,11:00,11:50,Le 33 Foch,MICRO LAGREE,JULIA,0,0,True,disponible,2026-07-23 00:41
2026-07-29|11:00|le 33 foch|pilates mat,2026-07-29,Mercredi,11:00,11:50,Le 33 Foch,PILATES MAT,CAROLINE,0,0,True,disponible,2026-07-23 00:41
2026-07-29|12:00|le 33 foch|micro lagree,2026-07-29,Mercredi,12:00,12:50,Le 33 Foch,MICRO LAGREE,JULIA,0,0,True,disponible,2026-07-23 00:41
2026-07-29|12:00|le 33 foch|pilates reformer,2026-07-29,Mercredi,12:00,12:50,Le 33 Foch,PILATES REFORMER,REBECCA G.,0,0,True,disponible,2026-07-23 00:41
2026-07-29|12:30|le 33 foch|bootcamp & cycle (wod),2026-07-29,Mercredi,12:30,13:15,Le 33 Foch,BOOTCAMP & CYCLE (WOD),MATTEO,0,0,True,inconnu,2026-07-23 00:41
2026-07-29|13:00|le 33 foch|cardio-boxing,2026-07-29,Mercredi,13:00,13:45,Le 33 Foch,CARDIO-BOXING,JEREMI,0,0,True,inconnu,2026-07-23 00:41
2026-07-29|13:00|le 33 foch|pilates reformer,2026-07-29,Mercredi,13:00,13:50,Le 33 Foch,PILATES REFORMER,REBECCA G.,0,0,True,disponible,2026-07-23 00:41
2026-07-29|15:00|le 33 foch|pilates reformer,2026-07-29,Mercredi,15:00,15:50,Le 33 Foch,PILATES REFORMER,CANDICE,0,0,True,inconnu,2026-07-23 00:41
2026-07-29|16:00|le 33 foch|kids boxing (6 à 9 ans),2026-07-29,Mercredi,16:00,16:45,Le 33 Foch,KIDS BOXING (6 à 9 ans),MAX,0,0,True,inconnu,2026-07-23 00:41
2026-07-29|16:00|le 33 foch|pilates reformer,2026-07-29,Mercredi,16:00,16:50,Le 33 Foch,PILATES REFORMER,CANDICE,0,0,True,inconnu,2026-07-23 00:41
2026-07-29|17:00|le 33 foch|micro lagree,2026-07-29,Mercredi,17:00,17:50,Le 33 Foch,MICRO LAGREE,JULIA,0,0,True,disponible,2026-07-23 00:41
2026-07-29|18:00|le 33 foch|bootcamp & cycle (wod),2026-07-29,Mercredi,18:00,18:45,Le 33 Foch,BOOTCAMP & CYCLE (WOD),MATTEO,0,0,True,inconnu,2026-07-23 08:40
2026-07-29|18:00|le 33 foch|cardio-boxing,2026-07-29,Mercredi,18:00,18:45,Le 33 Foch,CARDIO-BOXING,YAMANI,0,0,True,inconnu,2026-07-23 00:41
2026-07-29|18:00|le 33 foch|micro lagree,2026-07-29,Mercredi,18:00,18:50,Le 33 Foch,MICRO LAGREE,JULIA,0,0,True,disponible,2026-07-23 00:41
2026-07-29|18:00|le 33 foch|pilates reformer,2026-07-29,Mercredi,18:00,18:50,Le 33 Foch,PILATES REFORMER,MORGANE (Suppléant),0,0,True,disponible,2026-07-23 00:41
2026-07-29|19:00|le 33 foch|cardio-boxing,2026-07-29,Mercredi,19:00,19:45,Le 33 Foch,CARDIO-BOXING,YAMANI,0,0,True,inconnu,2026-07-23 00:41
2026-07-29|19:00|le 33 foch|micro lagree,2026-07-29,Mercredi,19:00,19:50,Le 33 Foch,MICRO LAGREE,EVA,0,0,True,disponible,2026-07-23 00:41
2026-07-29|19:00|le 33 foch|pilates reformer,2026-07-29,Mercredi,19:00,19:50,Le 33 Foch,PILATES REFORMER,MORGANE (Suppléant),0,0,True,disponible,2026-07-23 00:41
2026-07-29|19:00|le 33 foch|trx,2026-07-29,Mercredi,19:00,19:45,Le 33 Foch,TRX,MATTEO,0,0,True,inconnu,2026-07-23 00:41
2026-07-29|20:00|le 33 foch|cuisses abdos fessiers,2026-07-29,Mercredi,20:00,20:45,Le 33 Foch,CUISSES ABDOS FESSIERS,MATTEO,0,0,True,inconnu,2026-07-23 08:40
2026-07-29|20:00|le 33 foch|micro lagree,2026-07-29,Mercredi,20:00,20:50,Le 33 Foch,MICRO LAGREE,EVA,0,0,True,disponible,2026-07-23 08:40
2026-07-29|20:00|le 33 foch|pilates reformer,2026-07-29,Mercredi,20:00,20:50,Le 33 Foch,PILATES REFORMER,CANDICE,0,0,True,inconnu,2026-07-23 08:40
2026-07-30|09:00|le 33 foch|cuisses abdos fessiers,2026-07-30,Jeudi,09:00,09:45,Le 33 Foch,CUISSES ABDOS FESSIERS,MATTEO,0,0,True,inconnu,2026-07-24 00:39
2026-07-30|09:00|le 33 foch|pilates reformer,2026-07-30,Jeudi,09:00,09:50,Le 33 Foch,PILATES REFORMER,JOY,0,0,True,inconnu,2026-07-24 00:39
2026-07-30|10:00|le 33 foch|pilates reformer,2026-07-30,Jeudi,10:00,10:50,Le 33 Foch,PILATES REFORMER,YOANN (Suppléant),0,0,True,disponible,2026-07-24 00:39
2026-07-30|11:00|le 33 foch|body sculpt,2026-07-30,Jeudi,11:00,11:50,Le 33 Foch,BODY SCULPT,DOMINIQUE,0,0,True,disponible,2026-07-24 00:39
2026-07-30|12:00|le 33 foch|micro lagree,2026-07-30,Jeudi,12:00,12:50,Le 33 Foch,MICRO LAGREE,MARIE,0,0,True,disponible,2026-07-24 00:39
2026-07-30|12:30|le 33 foch|my fit barre by valerie,2026-07-30,Jeudi,12:30,13:15,Le 33 Foch,MY FIT BARRE BY VALERIE,VALERIE,0,0,True,disponible,2026-07-24 00:39
2026-07-30|13:00|le 33 foch|cardio-boxing,2026-07-30,Jeudi,13:00,13:45,Le 33 Foch,CARDIO-BOXING,MAX,0,0,True,disponible,2026-07-24 00:39
2026-07-30|13:00|le 33 foch|micro lagree,2026-07-30,Jeudi,13:00,13:50,Le 33 Foch,MICRO LAGREE,MARIE,0,0,True,disponible,2026-07-24 00:39
2026-07-30|17:00|le 33 foch|pilates reformer,2026-07-30,Jeudi,17:00,17:50,Le 33 Foch,PILATES REFORMER,CANDICE,0,0,True,disponible,2026-07-24 00:39
2026-07-30|18:00|le 33 foch|cardio-boxing,2026-07-30,Jeudi,18:00,18:45,Le 33 Foch,CARDIO-BOXING,JEREMI,0,0,True,inconnu,2026-07-24 00:39
2026-07-30|18:00|le 33 foch|micro lagree,2026-07-30,Jeudi,18:00,18:50,Le 33 Foch,MICRO LAGREE,MATTEO,0,0,True,inconnu,2026-07-24 00:39
2026-07-30|18:00|le 33 foch|pilates reformer,2026-07-30,Jeudi,18:00,18:50,Le 33 Foch,PILATES REFORMER,CANDICE,0,0,True,disponible,2026-07-24 00:39
2026-07-30|19:00|le 33 foch|bootcamp & cycle,2026-07-30,Jeudi,19:00,19:45,Le 33 Foch,BOOTCAMP & CYCLE,MAX,0,0,True,disponible,2026-07-24 00:39
2026-07-30|19:00|le 33 foch|cardio-boxing,2026-07-30,Jeudi,19:00,19:45,Le 33 Foch,CARDIO-BOXING,JEREMI,0,0,True,inconnu,2026-07-24 00:39
2026-07-30|19:00|le 33 foch|micro lagree,2026-07-30,Jeudi,19:00,19:50,Le 33 Foch,MICRO LAGREE,MATTEO,0,0,True,inconnu,2026-07-24 00:39
2026-07-30|20:00|le 33 foch|bootcamp,2026-07-30,Jeudi,20:00,20:45,Le 33 Foch,BOOTCAMP,MAX,0,0,True,disponible,2026-07-24 00:39
2026-07-30|20:00|le 33 foch|cardio-boxing,2026-07-30,Jeudi,20:00,20:45,Le 33 Foch,CARDIO-BOXING,JEREMI,0,0,True,inconnu,2026-07-24 00:39
2026-07-31|10:00|le 33 foch|pilates reformer (niveau 2),2026-07-31,Vendredi,10:00,10:50,Le 33 Foch,PILATES REFORMER (Niveau 2),JORDAN,0,0,True,disponible,2026-07-25 08:29
2026-07-31|11:00|le 33 foch|body sculpt,2026-07-31,Vendredi,11:00,11:45,Le 33 Foch,BODY SCULPT,DOMINIQUE,0,0,True,inconnu,2026-07-25 08:29
2026-07-31|11:00|le 33 foch|micro lagree,2026-07-31,Vendredi,11:00,11:50,Le 33 Foch,MICRO LAGREE,EVA,0,0,True,disponible,2026-07-25 08:29
2026-07-31|11:00|le 33 foch|pilates reformer (niveau 2),2026-07-31,Vendredi,11:00,11:50,Le 33 Foch,PILATES REFORMER (Niveau 2),JORDAN,0,0,True,disponible,2026-07-25 08:29
2026-07-31|12:00|le 33 foch|micro lagree,2026-07-31,Vendredi,12:00,12:50,Le 33 Foch,MICRO LAGREE,EVA,0,0,True,disponible,2026-07-25 08:29
2026-07-31|12:00|le 33 foch|pilates reformer (niveau 2),2026-07-31,Vendredi,12:00,12:50,Le 33 Foch,PILATES REFORMER (Niveau 2),JORDAN,0,0,True,disponible,2026-07-25 08:29
2026-07-31|12:30|le 33 foch|trx,2026-07-31,Vendredi,12:30,13:15,Le 33 Foch,TRX,MAX,0,0,True,disponible,2026-07-25 08:29
2026-07-31|16:00|le 33 foch|pilates reformer,2026-07-31,Vendredi,16:00,16:50,Le 33 Foch,PILATES REFORMER,ILANA,0,0,True,disponible,2026-07-25 08:29
2026-07-31|17:00|le 33 foch|micro lagree,2026-07-31,Vendredi,17:00,17:50,Le 33 Foch,MICRO LAGREE,ENZO,0,0,True,disponible,2026-07-25 08:29
2026-07-31|18:00|le 33 foch|cardio-boxing,2026-07-31,Vendredi,18:00,18:45,Le 33 Foch,CARDIO-BOXING,HISANY,0,0,True,disponible,2026-07-25 08:29
2026-07-31|18:00|le 33 foch|micro lagree,2026-07-31,Vendredi,18:00,18:50,Le 33 Foch,MICRO LAGREE,MORGANE (Suppléant),0,0,True,disponible,2026-07-25 08:29
2026-07-31|18:00|le 33 foch|pilates reformer,2026-07-31,Vendredi,18:00,18:50,Le 33 Foch,PILATES REFORMER,TAIR,0,0,True,disponible,2026-07-25 08:29
2026-07-31|19:00|le 33 foch|cardio-boxing,2026-07-31,Vendredi,19:00,19:45,Le 33 Foch,CARDIO-BOXING,HISANY,0,0,True,disponible,2026-07-25 08:29
2026-07-31|19:00|le 33 foch|micro lagree,2026-07-31,Vendredi,19:00,19:50,Le 33 Foch,MICRO LAGREE,MORGANE (Suppléant),0,0,True,disponible,2026-07-25 08:29
2026-07-31|19:00|le 33 foch|pilates reformer,2026-07-31,Vendredi,19:00,19:50,Le 33 Foch,PILATES REFORMER,TAIR,0,0,True,disponible,2026-07-25 08:29
2026-08-01|10:00|le 33 foch|micro lagree,2026-08-01,Samedi,10:00,10:50,Le 33 Foch,MICRO LAGREE,MAX,0,0,True,disponible,2026-07-26 00:11
2026-08-01|10:00|le 33 foch|pilates reformer,2026-08-01,Samedi,10:00,10:50,Le 33 Foch,PILATES REFORMER,MORGANE,0,0,True,disponible,2026-07-26 00:11
2026-08-01|10:00|le 33 foch|yoga vinyasa,2026-08-01,Samedi,10:00,10:50,Le 33 Foch,YOGA VINYASA,CAROLINE,0,0,True,disponible,2026-07-26 00:11
2026-08-01|11:00|le 33 foch|micro lagree,2026-08-01,Samedi,11:00,11:50,Le 33 Foch,MICRO LAGREE,MAX,0,0,True,disponible,2026-07-26 00:11
2026-08-01|11:00|le 33 foch|pilates reformer,2026-08-01,Samedi,11:00,11:50,Le 33 Foch,PILATES REFORMER,MORGANE,0,0,True,disponible,2026-07-26 00:11
2026-08-01|11:00|le 33 foch|trx,2026-08-01,Samedi,11:00,11:45,Le 33 Foch,TRX,FABRICE,0,0,True,disponible,2026-07-26 00:11
2026-08-01|12:00|le 33 foch|cardio-boxing,2026-08-01,Samedi,12:00,12:45,Le 33 Foch,CARDIO-BOXING,MAX,0,0,True,disponible,2026-07-26 00:11
2026-08-01|12:00|le 33 foch|core training,2026-08-01,Samedi,12:00,12:45,Le 33 Foch,CORE TRAINING,FABRICE,0,0,True,disponible,2026-07-26 00:11
2026-08-01|12:00|le 33 foch|pilates reformer,2026-08-01,Samedi,12:00,12:50,Le 33 Foch,PILATES REFORMER,MORGANE,0,0,True,disponible,2026-07-26 00:11
2026-08-01|13:00|le 33 foch|cardio-boxing,2026-08-01,Samedi,13:00,13:45,Le 33 Foch,CARDIO-BOXING,MAX,0,0,True,disponible,2026-07-26 00:11
2026-08-01|14:00|le 33 foch|pilates mat,2026-08-01,Samedi,14:00,14:45,Le 33 Foch,PILATES MAT,YOANN,0,0,True,disponible,2026-07-26 00:11
2026-08-01|15:00|le 33 foch|teenagers boxing (10-14 ans),2026-08-01,Samedi,15:00,15:45,Le 33 Foch,TEENAGERS BOXING (10-14 ans),MAX,0,0,True,inconnu,2026-07-26 00:11
2026-08-01|16:00|le 33 foch|cardio-boxing,2026-08-01,Samedi,16:00,16:50,Le 33 Foch,CARDIO-BOXING,LUCIE,0,0,True,inconnu,2026-07-26 00:11
2026-08-01|17:00|le 33 foch|yoga vinyasa,2026-08-01,Samedi,17:00,17:45,Le 33 Foch,YOGA VINYASA,LUCIE,0,0,True,inconnu,2026-07-26 00:11
2026-08-02|10:00|le 33 foch|bootcamp,2026-08-02,Dimanche,10:00,10:45,Le 33 Foch,BOOTCAMP,MATTEO,0,0,True,inconnu,2026-07-27 00:13
2026-08-02|10:00|le 33 foch|micro lagree,2026-08-02,Dimanche,10:00,10:50,Le 33 Foch,MICRO LAGREE,JULIA,0,0,True,disponible,2026-07-27 00:13
2026-08-02|10:00|le 33 foch|pilates reformer (niveau 2),2026-08-02,Dimanche,10:00,10:50,Le 33 Foch,PILATES REFORMER (Niveau 2),LISA,0,0,True,disponible,2026-07-27 00:13
2026-08-02|11:00|le 33 foch|cardio-boxing,2026-08-02,Dimanche,11:00,11:45,Le 33 Foch,CARDIO-BOXING,JEREMI,0,0,True,inconnu,2026-07-27 00:13
2026-08-02|11:00|le 33 foch|micro lagree,2026-08-02,Dimanche,11:00,11:50,Le 33 Foch,MICRO LAGREE,JULIA,0,0,True,disponible,2026-07-27 00:13
2026-08-02|11:00|le 33 foch|pilates reformer (niveau 2),2026-08-02,Dimanche,11:00,11:50,Le 33 Foch,PILATES REFORMER (Niveau 2),LISA,0,0,True,disponible,2026-07-27 00:13
2026-08-02|11:30|le 33 foch|cuisses abdos fessiers,2026-08-02,Dimanche,11:30,12:15,Le 33 Foch,CUISSES ABDOS FESSIERS,MATTEO,0,0,True,inconnu,2026-07-27 00:13
2026-08-02|12:00|le 33 foch|cardio-boxing,2026-08-02,Dimanche,12:00,12:45,Le 33 Foch,CARDIO-BOXING,JEREMI,0,0,True,inconnu,2026-07-27 00:13
2026-08-02|12:00|le 33 foch|micro lagree,2026-08-02,Dimanche,12:00,12:50,Le 33 Foch,MICRO LAGREE,JULIA,0,0,True,disponible,2026-07-27 00:13
2026-08-02|12:00|le 33 foch|pilates reformer (niveau 2),2026-08-02,Dimanche,12:00,12:50,Le 33 Foch,PILATES REFORMER (Niveau 2),LISA,0,0,True,disponible,2026-07-27 00:13
2026-08-02|12:30|le 33 foch|bootcamp & cycle,2026-08-02,Dimanche,12:30,13:15,Le 33 Foch,BOOTCAMP & CYCLE,MATTEO,0,0,True,inconnu,2026-07-27 00:13
2026-08-02|15:00|le 33 foch|pilates reformer,2026-08-02,Dimanche,15:00,15:50,Le 33 Foch,PILATES REFORMER,MORGANE,0,0,True,disponible,2026-07-27 00:13
2026-08-02|16:00|le 33 foch|pilates reformer,2026-08-02,Dimanche,16:00,16:50,Le 33 Foch,PILATES REFORMER,MORGANE,0,0,True,disponible,2026-07-27 00:13
2026-08-02|17:00|le 33 foch|pilates reformer,2026-08-02,Dimanche,17:00,17:50,Le 33 Foch,PILATES REFORMER,MORGANE,0,0,True,disponible,2026-07-27 00:13
2026-08-03|08:00|le 33 foch|pilates reformer (niveau 2),2026-08-03,Lundi,08:00,08:50,Le 33 Foch,PILATES REFORMER (Niveau 2),LISA,0,0,True,inconnu,2026-07-28 00:42
2026-08-03|09:00|le 33 foch|cuisses abdos fessiers,2026-08-03,Lundi,09:00,09:45,Le 33 Foch,CUISSES ABDOS FESSIERS,MATTEO,0,0,True,inconnu,2026-07-28 00:42
2026-08-03|09:00|le 33 foch|pilates reformer (niveau 2),2026-08-03,Lundi,09:00,09:50,Le 33 Foch,PILATES REFORMER (Niveau 2),LISA,0,0,True,inconnu,2026-07-28 00:42
2026-08-03|10:00|le 33 foch|pilates reformer (niveau 2),2026-08-03,Lundi,10:00,10:50,Le 33 Foch,PILATES REFORMER (Niveau 2),LISA,0,0,True,inconnu,2026-07-28 00:42
2026-08-03|11:00|le 33 foch|body sculpt,2026-08-03,Lundi,11:00,11:45,Le 33 Foch,BODY SCULPT,DOMINIQUE,0,0,True,inconnu,2026-07-28 00:42
2026-08-03|12:00|le 33 foch|micro lagree,2026-08-03,Lundi,12:00,12:50,Le 33 Foch,MICRO LAGREE,JOY,0,0,True,inconnu,2026-07-28 00:42
2026-08-03|12:00|le 33 foch|pilates reformer,2026-08-03,Lundi,12:00,12:50,Le 33 Foch,PILATES REFORMER,CANDICE,0,0,True,inconnu,2026-07-28 00:42
2026-08-03|12:30|le 33 foch|trx,2026-08-03,Lundi,12:30,13:15,Le 33 Foch,TRX,MAX,0,0,True,inconnu,2026-07-28 00:42
2026-08-03|13:00|le 33 foch|micro lagree,2026-08-03,Lundi,13:00,13:50,Le 33 Foch,MICRO LAGREE,JOY,0,0,True,inconnu,2026-07-28 00:42
2026-08-03|13:00|le 33 foch|pilates reformer,2026-08-03,Lundi,13:00,13:50,Le 33 Foch,PILATES REFORMER,CANDICE,0,0,True,inconnu,2026-07-28 00:42
2026-08-03|15:00|le 33 foch|pilates reformer,2026-08-03,Lundi,15:00,15:50,Le 33 Foch,PILATES REFORMER,ENZO,0,0,True,inconnu,2026-07-28 00:42
2026-08-03|16:00|le 33 foch|micro lagree,2026-08-03,Lundi,16:00,16:50,Le 33 Foch,MICRO LAGREE,ENZO,0,0,True,inconnu,2026-07-28 00:42
2026-08-03|17:00|le 33 foch|cardio-boxing,2026-08-03,Lundi,17:00,17:45,Le 33 Foch,CARDIO-BOXING,MAX,0,0,True,inconnu,2026-07-28 00:42
2026-08-03|17:00|le 33 foch|micro lagree,2026-08-03,Lundi,17:00,17:50,Le 33 Foch,MICRO LAGREE,EVA,0,0,True,inconnu,2026-07-28 00:42
2026-08-03|18:00|le 33 foch|body sculpt,2026-08-03,Lundi,18:00,18:45,Le 33 Foch,BODY SCULPT,DOMINIQUE,0,0,True,inconnu,2026-07-28 00:42
2026-08-03|18:00|le 33 foch|cardio-boxing,2026-08-03,Lundi,18:00,18:45,Le 33 Foch,CARDIO-BOXING,MAX,0,0,True,inconnu,2026-07-28 00:42
2026-08-03|18:00|le 33 foch|micro lagree,2026-08-03,Lundi,18:00,18:50,Le 33 Foch,MICRO LAGREE,EVA,0,0,True,inconnu,2026-07-28 00:42
2026-08-03|18:00|le 33 foch|pilates reformer,2026-08-03,Lundi,18:00,18:50,Le 33 Foch,PILATES REFORMER,CANDICE,0,0,True,inconnu,2026-07-28 00:42
2026-08-03|19:00|le 33 foch|cardio-boxing,2026-08-03,Lundi,19:00,19:45,Le 33 Foch,CARDIO-BOXING,MAX,0,0,True,inconnu,2026-07-28 00:42
2026-08-03|19:00|le 33 foch|micro lagree,2026-08-03,Lundi,19:00,19:50,Le 33 Foch,MICRO LAGREE,MARIE,0,0,True,inconnu,2026-07-28 00:42
2026-08-03|19:00|le 33 foch|pilates reformer,2026-08-03,Lundi,19:00,19:50,Le 33 Foch,PILATES REFORMER,CANDICE,0,0,True,inconnu,2026-07-28 00:42
2026-08-03|19:15|le 33 foch|bootcamp & cycle,2026-08-03,Lundi,19:15,20:00,Le 33 Foch,BOOTCAMP & CYCLE,MATTEO,0,0,True,inconnu,2026-07-28 00:42
2026-08-03|20:00|le 33 foch|cardio-boxing,2026-08-03,Lundi,20:00,20:45,Le 33 Foch,CARDIO-BOXING,MAX,0,0,True,inconnu,2026-07-28 00:42
2026-08-03|20:00|le 33 foch|micro lagree,2026-08-03,Lundi,20:00,20:50,Le 33 Foch,MICRO LAGREE,MARIE,0,0,True,inconnu,2026-07-28 00:42
2026-08-04|09:00|le 33 foch|bootcamp & cycle,2026-08-04,Mardi,09:00,09:45,Le 33 Foch,BOOTCAMP & CYCLE,YOANN,0,0,True,inconnu,2026-07-29 00:42
2026-08-04|10:00|le 33 foch|pilates reformer,2026-08-04,Mardi,10:00,10:50,Le 33 Foch,PILATES REFORMER,YOANN,0,0,True,inconnu,2026-07-29 00:42
2026-08-04|11:00|le 33 foch|micro lagree,2026-08-04,Mardi,11:00,11:50,Le 33 Foch,MICRO LAGREE,REBECCA R.,0,0,True,inconnu,2026-07-29 00:42
2026-08-04|11:00|le 33 foch|yoga/pilates,2026-08-04,Mardi,11:00,11:50,Le 33 Foch,YOGA/PILATES,CAROLINE,0,0,True,inconnu,2026-07-29 00:42
2026-08-04|12:00|le 33 foch|micro lagree,2026-08-04,Mardi,12:00,12:50,Le 33 Foch,MICRO LAGREE,ENZO,0,0,True,inconnu,2026-07-29 00:42
2026-08-04|12:00|le 33 foch|pilates reformer,2026-08-04,Mardi,12:00,12:50,Le 33 Foch,PILATES REFORMER,REBECCA R.,0,0,True,inconnu,2026-07-29 00:42
2026-08-04|12:30|le 33 foch|bootcamp & cycle (wod),2026-08-04,Mardi,12:30,13:15,Le 33 Foch,BOOTCAMP & CYCLE (WOD),YOANN,0,0,True,inconnu,2026-07-29 00:42
2026-08-04|13:00|le 33 foch|cardio-boxing,2026-08-04,Mardi,13:00,13:45,Le 33 Foch,CARDIO-BOXING,MAX,0,0,True,inconnu,2026-07-29 00:42
2026-08-04|13:00|le 33 foch|micro lagree,2026-08-04,Mardi,13:00,13:50,Le 33 Foch,MICRO LAGREE,ENZO,0,0,True,inconnu,2026-07-29 00:42
2026-08-04|13:00|le 33 foch|pilates reformer,2026-08-04,Mardi,13:00,13:50,Le 33 Foch,PILATES REFORMER,REBECCA R.,0,0,True,inconnu,2026-07-29 00:42
2026-08-04|18:00|le 33 foch|body sculpt,2026-08-04,Mardi,18:00,18:45,Le 33 Foch,BODY SCULPT,DOMINIQUE,0,0,True,inconnu,2026-07-29 00:42
2026-08-04|18:00|le 33 foch|cardio-boxing,2026-08-04,Mardi,18:00,18:45,Le 33 Foch,CARDIO-BOXING,HISANY,0,0,True,inconnu,2026-07-29 00:42
2026-08-04|18:00|le 33 foch|micro lagree,2026-08-04,Mardi,18:00,18:50,Le 33 Foch,MICRO LAGREE,REBECCA G.,0,0,True,inconnu,2026-07-29 00:42
2026-08-04|18:00|le 33 foch|pilates reformer,2026-08-04,Mardi,18:00,18:50,Le 33 Foch,PILATES REFORMER,ENZO,0,0,True,inconnu,2026-07-29 00:42
2026-08-04|19:00|le 33 foch|cardio-boxing,2026-08-04,Mardi,19:00,19:45,Le 33 Foch,CARDIO-BOXING,MAX,0,0,True,inconnu,2026-07-29 00:42
2026-08-04|19:00|le 33 foch|micro lagree,2026-08-04,Mardi,19:00,19:50,Le 33 Foch,MICRO LAGREE,REBECCA G.,0,0,True,inconnu,2026-07-29 00:42
2026-08-04|19:00|le 33 foch|pilates reformer,2026-08-04,Mardi,19:00,19:50,Le 33 Foch,PILATES REFORMER,ENZO,0,0,True,inconnu,2026-07-29 00:42
2026-08-04|19:15|le 33 foch|bootcamp & cycle (wod),2026-08-04,Mardi,19:15,20:00,Le 33 Foch,BOOTCAMP & CYCLE (WOD),HISANY,0,0,True,inconnu,2026-07-29 00:42
2026-08-04|20:00|le 33 foch|cardio-boxing,2026-08-04,Mardi,20:00,20:45,Le 33 Foch,CARDIO-BOXING,MAX,0,0,True,inconnu,2026-07-29 00:42
2026-08-04|20:00|le 33 foch|pilates reformer,2026-08-04,Mardi,20:00,20:50,Le 33 Foch,PILATES REFORMER,ENZO,0,0,True,inconnu,2026-07-29 00:42
2026-08-04|20:15|le 33 foch|bootcamp & cycle (wod),2026-08-04,Mardi,20:15,21:00,Le 33 Foch,BOOTCAMP & CYCLE (WOD),HISANY,0,0,True,inconnu,2026-07-29 00:42
2026-08-05|08:00|le 33 foch|pilates reformer (niveau 2),2026-08-05,Mercredi,08:00,08:50,Le 33 Foch,PILATES REFORMER (Niveau 2),LISA,0,0,True,inconnu,2026-07-30 00:40
2026-08-05|08:30|le 33 foch|trx & cycle,2026-08-05,Mercredi,08:30,09:15,Le 33 Foch,TRX & CYCLE,JEREMI,0,0,True,inconnu,2026-07-30 00:40
2026-08-05|09:00|le 33 foch|pilates reformer (niveau 2),2026-08-05,Mercredi,09:00,09:50,Le 33 Foch,PILATES REFORMER (Niveau 2),LISA,0,0,True,inconnu,2026-07-30 00:40
2026-08-05|10:00|le 33 foch|pilates reformer (niveau 2),2026-08-05,Mercredi,10:00,10:50,Le 33 Foch,PILATES REFORMER (Niveau 2),LISA,0,0,True,inconnu,2026-07-30 00:40
2026-08-05|11:00|le 33 foch|micro lagree,2026-08-05,Mercredi,11:00,11:50,Le 33 Foch,MICRO LAGREE,JULIA,0,0,True,inconnu,2026-07-30 00:40
2026-08-05|11:00|le 33 foch|pilates mat,2026-08-05,Mercredi,11:00,11:50,Le 33 Foch,PILATES MAT,CAROLINE,0,0,True,inconnu,2026-07-30 00:40
2026-08-05|12:00|le 33 foch|micro lagree,2026-08-05,Mercredi,12:00,12:50,Le 33 Foch,MICRO LAGREE,JULIA,0,0,True,inconnu,2026-07-30 00:40
2026-08-05|12:00|le 33 foch|pilates reformer,2026-08-05,Mercredi,12:00,12:50,Le 33 Foch,PILATES REFORMER,REBECCA G.,0,0,True,inconnu,2026-07-30 00:40
2026-08-05|12:30|le 33 foch|bootcamp & cycle (wod),2026-08-05,Mercredi,12:30,13:15,Le 33 Foch,BOOTCAMP & CYCLE (WOD),MATTEO,0,0,True,inconnu,2026-07-30 00:40
2026-08-05|13:00|le 33 foch|cardio-boxing,2026-08-05,Mercredi,13:00,13:45,Le 33 Foch,CARDIO-BOXING,JEREMI,0,0,True,inconnu,2026-07-30 00:40
2026-08-05|13:00|le 33 foch|pilates reformer,2026-08-05,Mercredi,13:00,13:50,Le 33 Foch,PILATES REFORMER,REBECCA G.,0,0,True,inconnu,2026-07-30 00:40
2026-08-05|15:00|le 33 foch|pilates reformer,2026-08-05,Mercredi,15:00,15:50,Le 33 Foch,PILATES REFORMER,CANDICE,0,0,True,inconnu,2026-07-30 00:40
2026-08-05|16:00|le 33 foch|kids boxing (6 à 9 ans),2026-08-05,Mercredi,16:00,16:45,Le 33 Foch,KIDS BOXING (6 à 9 ans),MAX,0,0,True,inconnu,2026-07-30 00:40
2026-08-05|16:00|le 33 foch|pilates reformer,2026-08-05,Mercredi,16:00,16:50,Le 33 Foch,PILATES REFORMER,CANDICE,0,0,True,inconnu,2026-07-30 00:40
2026-08-05|17:00|le 33 foch|micro lagree,2026-08-05,Mercredi,17:00,17:50,Le 33 Foch,MICRO LAGREE,JULIA,0,0,True,inconnu,2026-07-30 00:40
2026-08-05|18:00|le 33 foch|bootcamp & cycle (wod),2026-08-05,Mercredi,18:00,18:45,Le 33 Foch,BOOTCAMP & CYCLE (WOD),MATTEO,0,0,True,inconnu,2026-07-30 00:40
2026-08-05|18:00|le 33 foch|cardio-boxing,2026-08-05,Mercredi,18:00,18:45,Le 33 Foch,CARDIO-BOXING,YAMANI,0,0,True,inconnu,2026-07-30 00:40
2026-08-05|18:00|le 33 foch|micro lagree,2026-08-05,Mercredi,18:00,18:50,Le 33 Foch,MICRO LAGREE,JULIA,0,0,True,inconnu,2026-07-30 00:40
2026-08-05|18:00|le 33 foch|pilates reformer,2026-08-05,Mercredi,18:00,18:50,Le 33 Foch,PILATES REFORMER,CANDICE,0,0,True,inconnu,2026-07-30 00:40
2026-08-05|19:00|le 33 foch|cardio-boxing,2026-08-05,Mercredi,19:00,19:45,Le 33 Foch,CARDIO-BOXING,YAMANI,0,0,True,inconnu,2026-07-30 00:40
2026-08-05|19:00|le 33 foch|micro lagree,2026-08-05,Mercredi,19:00,19:50,Le 33 Foch,MICRO LAGREE,EVA,0,0,True,inconnu,2026-07-30 00:40
2026-08-05|19:00|le 33 foch|pilates reformer,2026-08-05,Mercredi,19:00,19:50,Le 33 Foch,PILATES REFORMER,CANDICE,0,0,True,inconnu,2026-07-30 00:40
2026-08-05|19:00|le 33 foch|trx,2026-08-05,Mercredi,19:00,19:45,Le 33 Foch,TRX,MATTEO,0,0,True,inconnu,2026-07-30 00:40
2026-08-05|20:00|le 33 foch|cuisses abdos fessiers,2026-08-05,Mercredi,20:00,20:45,Le 33 Foch,CUISSES ABDOS FESSIERS,MATTEO,0,0,True,inconnu,2026-07-30 00:40
2026-08-05|20:00|le 33 foch|micro lagree,2026-08-05,Mercredi,20:00,20:50,Le 33 Foch,MICRO LAGREE,EVA,0,0,True,inconnu,2026-07-30 00:40
2026-08-05|20:00|le 33 foch|pilates reformer,2026-08-05,Mercredi,20:00,20:50,Le 33 Foch,PILATES REFORMER,CANDICE,0,0,True,inconnu,2026-07-30 00:40
2026-08-06|09:00|le 33 foch|cuisses abdos fessiers,2026-08-06,Jeudi,09:00,09:45,Le 33 Foch,CUISSES ABDOS FESSIERS,MATTEO,0,0,True,inconnu,2026-07-31 00:47
2026-08-06|09:00|le 33 foch|pilates reformer,2026-08-06,Jeudi,09:00,09:50,Le 33 Foch,PILATES REFORMER,JOY,0,0,True,inconnu,2026-07-31 00:47
2026-08-06|10:00|le 33 foch|pilates reformer,2026-08-06,Jeudi,10:00,10:50,Le 33 Foch,PILATES REFORMER,JOY,0,0,True,inconnu,2026-07-31 00:47
2026-08-06|11:00|le 33 foch|body sculpt,2026-08-06,Jeudi,11:00,11:50,Le 33 Foch,BODY SCULPT,DOMINIQUE,0,0,True,inconnu,2026-07-31 00:47
2026-08-06|12:00|le 33 foch|micro lagree,2026-08-06,Jeudi,12:00,12:50,Le 33 Foch,MICRO LAGREE,MARIE,0,0,True,inconnu,2026-07-31 00:47
2026-08-06|12:30|le 33 foch|my fit barre by valerie,2026-08-06,Jeudi,12:30,13:15,Le 33 Foch,MY FIT BARRE BY VALERIE,VALERIE,0,0,True,inconnu,2026-07-31 00:47
2026-08-06|13:00|le 33 foch|cardio-boxing,2026-08-06,Jeudi,13:00,13:45,Le 33 Foch,CARDIO-BOXING,MAX,0,0,True,inconnu,2026-07-31 00:47
2026-08-06|13:00|le 33 foch|micro lagree,2026-08-06,Jeudi,13:00,13:50,Le 33 Foch,MICRO LAGREE,MARIE,0,0,True,inconnu,2026-07-31 00:47
2026-08-06|17:00|le 33 foch|pilates reformer,2026-08-06,Jeudi,17:00,17:50,Le 33 Foch,PILATES REFORMER,CANDICE,0,0,True,inconnu,2026-07-31 00:47
2026-08-06|18:00|le 33 foch|cardio-boxing,2026-08-06,Jeudi,18:00,18:45,Le 33 Foch,CARDIO-BOXING,JEREMI,0,0,True,inconnu,2026-07-31 00:47
2026-08-06|18:00|le 33 foch|micro lagree,2026-08-06,Jeudi,18:00,18:50,Le 33 Foch,MICRO LAGREE,MATTEO,0,0,True,inconnu,2026-07-31 00:47
2026-08-06|18:00|le 33 foch|pilates reformer,2026-08-06,Jeudi,18:00,18:50,Le 33 Foch,PILATES REFORMER,CANDICE,0,0,True,inconnu,2026-07-31 00:47
2026-08-06|19:00|le 33 foch|bootcamp & cycle,2026-08-06,Jeudi,19:00,19:45,Le 33 Foch,BOOTCAMP & CYCLE,MAX,0,0,True,inconnu,2026-07-31 00:47
2026-08-06|19:00|le 33 foch|cardio-boxing,2026-08-06,Jeudi,19:00,19:45,Le 33 Foch,CARDIO-BOXING,JEREMI,0,0,True,inconnu,2026-07-31 00:47
2026-08-06|19:00|le 33 foch|micro lagree,2026-08-06,Jeudi,19:00,19:50,Le 33 Foch,MICRO LAGREE,MATTEO,0,0,True,inconnu,2026-07-31 00:47
2026-08-06|20:00|le 33 foch|bootcamp,2026-08-06,Jeudi,20:00,20:45,Le 33 Foch,BOOTCAMP,MAX,0,0,True,inconnu,2026-07-31 00:47
2026-08-06|20:00|le 33 foch|cardio-boxing,2026-08-06,Jeudi,20:00,20:45,Le 33 Foch,CARDIO-BOXING,JEREMI,0,0,True,inconnu,2026-07-31 00:47
2026-08-07|10:00|le 33 foch|pilates reformer (niveau 2),2026-08-07,Vendredi,10:00,10:50,Le 33 Foch,PILATES REFORMER (Niveau 2),JORDAN,0,0,True,inconnu,2026-08-01 00:43
2026-08-07|11:00|le 33 foch|body sculpt,2026-08-07,Vendredi,11:00,11:45,Le 33 Foch,BODY SCULPT,DOMINIQUE,0,0,True,inconnu,2026-08-01 00:43
2026-08-07|11:00|le 33 foch|micro lagree,2026-08-07,Vendredi,11:00,11:50,Le 33 Foch,MICRO LAGREE,EVA,0,0,True,inconnu,2026-08-01 00:43
2026-08-07|11:00|le 33 foch|pilates reformer (niveau 2),2026-08-07,Vendredi,11:00,11:50,Le 33 Foch,PILATES REFORMER (Niveau 2),JORDAN,0,0,True,inconnu,2026-08-01 00:43
2026-08-07|12:00|le 33 foch|micro lagree,2026-08-07,Vendredi,12:00,12:50,Le 33 Foch,MICRO LAGREE,EVA,0,0,True,inconnu,2026-08-01 00:43
2026-08-07|12:00|le 33 foch|pilates reformer (niveau 2),2026-08-07,Vendredi,12:00,12:50,Le 33 Foch,PILATES REFORMER (Niveau 2),JORDAN,0,0,True,inconnu,2026-08-01 00:43
2026-08-07|12:30|le 33 foch|trx,2026-08-07,Vendredi,12:30,13:15,Le 33 Foch,TRX,MAX,0,0,True,inconnu,2026-08-01 00:43
2026-08-07|16:00|le 33 foch|pilates reformer,2026-08-07,Vendredi,16:00,16:50,Le 33 Foch,PILATES REFORMER,ILANA,0,0,True,inconnu,2026-08-01 00:43
2026-08-07|17:00|le 33 foch|micro lagree,2026-08-07,Vendredi,17:00,17:50,Le 33 Foch,MICRO LAGREE,ENZO,0,0,True,inconnu,2026-08-01 00:43
2026-08-07|18:00|le 33 foch|cardio-boxing,2026-08-07,Vendredi,18:00,18:45,Le 33 Foch,CARDIO-BOXING,HISANY,0,0,True,inconnu,2026-08-01 00:43
2026-08-07|18:00|le 33 foch|micro lagree,2026-08-07,Vendredi,18:00,18:50,Le 33 Foch,MICRO LAGREE,ENZO,0,0,True,inconnu,2026-08-01 00:43
2026-08-07|18:00|le 33 foch|pilates reformer,2026-08-07,Vendredi,18:00,18:50,Le 33 Foch,PILATES REFORMER,TAIR,0,0,True,inconnu,2026-08-01 00:43
2026-08-07|19:00|le 33 foch|cardio-boxing,2026-08-07,Vendredi,19:00,19:45,Le 33 Foch,CARDIO-BOXING,HISANY,0,0,True,inconnu,2026-08-01 00:43
2026-08-07|19:00|le 33 foch|micro lagree,2026-08-07,Vendredi,19:00,19:50,Le 33 Foch,MICRO LAGREE,ENZO,0,0,True,inconnu,2026-08-01 00:43
2026-08-07|19:00|le 33 foch|pilates reformer,2026-08-07,Vendredi,19:00,19:50,Le 33 Foch,PILATES REFORMER,TAIR,0,0,True,inconnu,2026-08-01 00:43
2026-08-08|10:00|le 33 foch|micro lagree,2026-08-08,Samedi,10:00,10:50,Le 33 Foch,MICRO LAGREE,MAX,0,0,True,inconnu,2026-08-02 00:39
2026-08-08|10:00|le 33 foch|pilates reformer,2026-08-08,Samedi,10:00,10:50,Le 33 Foch,PILATES REFORMER,MORGANE,0,0,True,inconnu,2026-08-02 00:39
2026-08-08|10:00|le 33 foch|yoga vinyasa,2026-08-08,Samedi,10:00,10:50,Le 33 Foch,YOGA VINYASA,CAROLINE,0,0,True,inconnu,2026-08-02 00:39
2026-08-08|11:00|le 33 foch|micro lagree,2026-08-08,Samedi,11:00,11:50,Le 33 Foch,MICRO LAGREE,MAX,0,0,True,inconnu,2026-08-02 00:39
2026-08-08|11:00|le 33 foch|pilates reformer,2026-08-08,Samedi,11:00,11:50,Le 33 Foch,PILATES REFORMER,MORGANE,0,0,True,inconnu,2026-08-02 00:39
2026-08-08|11:00|le 33 foch|trx,2026-08-08,Samedi,11:00,11:45,Le 33 Foch,TRX,FABRICE,0,0,True,inconnu,2026-08-02 00:39
2026-08-08|12:00|le 33 foch|cardio-boxing,2026-08-08,Samedi,12:00,12:45,Le 33 Foch,CARDIO-BOXING,MAX,0,0,True,inconnu,2026-08-02 00:39
2026-08-08|12:00|le 33 foch|core training,2026-08-08,Samedi,12:00,12:45,Le 33 Foch,CORE TRAINING,FABRICE,0,0,True,inconnu,2026-08-02 00:39
2026-08-08|12:00|le 33 foch|pilates reformer,2026-08-08,Samedi,12:00,12:50,Le 33 Foch,PILATES REFORMER,MORGANE,0,0,True,inconnu,2026-08-02 00:39
2026-08-08|13:00|le 33 foch|cardio-boxing,2026-08-08,Samedi,13:00,13:45,Le 33 Foch,CARDIO-BOXING,MAX,0,0,True,inconnu,2026-08-02 00:39
2026-08-08|14:00|le 33 foch|pilates mat,2026-08-08,Samedi,14:00,14:45,Le 33 Foch,PILATES MAT,YOANN,0,0,True,inconnu,2026-08-02 00:39
2026-08-08|15:00|le 33 foch|teenagers boxing (10-14 ans),2026-08-08,Samedi,15:00,15:45,Le 33 Foch,TEENAGERS BOXING (10-14 ans),MAX,0,0,True,inconnu,2026-08-02 00:39
2026-08-08|16:00|le 33 foch|cardio-boxing,2026-08-08,Samedi,16:00,16:50,Le 33 Foch,CARDIO-BOXING,LUCIE,0,0,True,inconnu,2026-08-02 00:39
2026-08-08|17:00|le 33 foch|yoga vinyasa,2026-08-08,Samedi,17:00,17:45,Le 33 Foch,YOGA VINYASA,LUCIE,0,0,True,inconnu,2026-08-02 00:39
2026-08-09|10:00|le 33 foch|bootcamp,2026-08-09,Dimanche,10:00,10:45,Le 33 Foch,BOOTCAMP,MATTEO,0,0,True,inconnu,2026-08-03 00:11
2026-08-09|10:00|le 33 foch|micro lagree,2026-08-09,Dimanche,10:00,10:50,Le 33 Foch,MICRO LAGREE,JULIA,0,0,True,inconnu,2026-08-03 00:11
2026-08-09|10:00|le 33 foch|pilates reformer (niveau 2),2026-08-09,Dimanche,10:00,10:50,Le 33 Foch,PILATES REFORMER (Niveau 2),LISA,0,0,True,inconnu,2026-08-03 00:11
2026-08-09|11:00|le 33 foch|cardio-boxing,2026-08-09,Dimanche,11:00,11:45,Le 33 Foch,CARDIO-BOXING,JEREMI,0,0,True,inconnu,2026-08-03 00:11
2026-08-09|11:00|le 33 foch|micro lagree,2026-08-09,Dimanche,11:00,11:50,Le 33 Foch,MICRO LAGREE,JULIA,0,0,True,inconnu,2026-08-03 00:11
2026-08-09|11:00|le 33 foch|pilates reformer (niveau 2),2026-08-09,Dimanche,11:00,11:50,Le 33 Foch,PILATES REFORMER (Niveau 2),LISA,0,0,True,inconnu,2026-08-03 00:11
2026-08-09|11:30|le 33 foch|cuisses abdos fessiers,2026-08-09,Dimanche,11:30,12:15,Le 33 Foch,CUISSES ABDOS FESSIERS,MATTEO,0,0,True,inconnu,2026-08-03 00:11
2026-08-09|12:00|le 33 foch|cardio-boxing,2026-08-09,Dimanche,12:00,12:45,Le 33 Foch,CARDIO-BOXING,JEREMI,0,0,True,inconnu,2026-08-03 00:11
2026-08-09|12:00|le 33 foch|micro lagree,2026-08-09,Dimanche,12:00,12:50,Le 33 Foch,MICRO LAGREE,JULIA,0,0,True,inconnu,2026-08-03 00:11
2026-08-09|12:00|le 33 foch|pilates reformer (niveau 2),2026-08-09,Dimanche,12:00,12:50,Le 33 Foch,PILATES REFORMER (Niveau 2),LISA,0,0,True,inconnu,2026-08-03 00:11
2026-08-09|12:30|le 33 foch|bootcamp & cycle,2026-08-09,Dimanche,12:30,13:15,Le 33 Foch,BOOTCAMP & CYCLE,MATTEO,0,0,True,inconnu,2026-08-03 00:11
2026-08-09|15:00|le 33 foch|pilates reformer,2026-08-09,Dimanche,15:00,15:50,Le 33 Foch,PILATES REFORMER,MORGANE,0,0,True,inconnu,2026-08-03 00:11
2026-08-09|16:00|le 33 foch|pilates reformer,2026-08-09,Dimanche,16:00,16:50,Le 33 Foch,PILATES REFORMER,MORGANE,0,0,True,inconnu,2026-08-03 00:11
2026-08-09|17:00|le 33 foch|pilates reformer,2026-08-09,Dimanche,17:00,17:50,Le 33 Foch,PILATES REFORMER,MORGANE,0,0,True,inconnu,2026-08-03 00:11
2026-08-10|08:00|le 33 foch|pilates reformer (niveau 2),2026-08-10,Lundi,08:00,08:50,Le 33 Foch,PILATES REFORMER (Niveau 2),LISA,0,0,True,inconnu,2026-08-04 00:41
2026-08-10|09:00|le 33 foch|cuisses abdos fessiers,2026-08-10,Lundi,09:00,09:45,Le 33 Foch,CUISSES ABDOS FESSIERS,MATTEO,0,0,True,inconnu,2026-08-04 00:41
2026-08-10|09:00|le 33 foch|pilates reformer (niveau 2),2026-08-10,Lundi,09:00,09:50,Le 33 Foch,PILATES REFORMER (Niveau 2),LISA,0,0,True,inconnu,2026-08-04 00:41
2026-08-10|10:00|le 33 foch|pilates reformer (niveau 2),2026-08-10,Lundi,10:00,10:50,Le 33 Foch,PILATES REFORMER (Niveau 2),LISA,0,0,True,inconnu,2026-08-04 00:41
2026-08-10|11:00|le 33 foch|body sculpt,2026-08-10,Lundi,11:00,11:45,Le 33 Foch,BODY SCULPT,DOMINIQUE,0,0,True,inconnu,2026-08-04 00:41
2026-08-10|12:00|le 33 foch|micro lagree,2026-08-10,Lundi,12:00,12:50,Le 33 Foch,MICRO LAGREE,JOY,0,0,True,inconnu,2026-08-04 00:41
2026-08-10|12:00|le 33 foch|pilates reformer,2026-08-10,Lundi,12:00,12:50,Le 33 Foch,PILATES REFORMER,CANDICE,0,0,True,inconnu,2026-08-04 00:41
2026-08-10|12:30|le 33 foch|trx,2026-08-10,Lundi,12:30,13:15,Le 33 Foch,TRX,MAX,0,0,True,inconnu,2026-08-04 00:41
2026-08-10|13:00|le 33 foch|pilates reformer,2026-08-10,Lundi,13:00,13:50,Le 33 Foch,PILATES REFORMER,CANDICE,0,0,True,inconnu,2026-08-04 00:41
2026-08-10|15:00|le 33 foch|pilates reformer,2026-08-10,Lundi,15:00,15:50,Le 33 Foch,PILATES REFORMER,ENZO,0,0,True,inconnu,2026-08-04 00:41
2026-08-10|16:00|le 33 foch|micro lagree,2026-08-10,Lundi,16:00,16:50,Le 33 Foch,MICRO LAGREE,ENZO,0,0,True,inconnu,2026-08-04 00:41
2026-08-10|17:00|le 33 foch|cardio-boxing,2026-08-10,Lundi,17:00,17:45,Le 33 Foch,CARDIO-BOXING,MAX,0,0,True,inconnu,2026-08-04 00:41
2026-08-10|17:00|le 33 foch|micro lagree,2026-08-10,Lundi,17:00,17:50,Le 33 Foch,MICRO LAGREE,EVA,0,0,True,inconnu,2026-08-04 00:41
2026-08-10|18:00|le 33 foch|body sculpt,2026-08-10,Lundi,18:00,18:45,Le 33 Foch,BODY SCULPT,DOMINIQUE,0,0,True,inconnu,2026-08-04 00:41
2026-08-10|18:00|le 33 foch|cardio-boxing,2026-08-10,Lundi,18:00,18:45,Le 33 Foch,CARDIO-BOXING,MAX,0,0,True,inconnu,2026-08-04 00:41
2026-08-10|18:00|le 33 foch|micro lagree,2026-08-10,Lundi,18:00,18:50,Le 33 Foch,MICRO LAGREE,EVA,0,0,True,inconnu,2026-08-04 00:41
2026-08-10|18:00|le 33 foch|pilates reformer,2026-08-10,Lundi,18:00,18:50,Le 33 Foch,PILATES REFORMER,CANDICE,0,0,True,inconnu,2026-08-04 00:41
2026-08-10|19:00|le 33 foch|cardio-boxing,2026-08-10,Lundi,19:00,19:45,Le 33 Foch,CARDIO-BOXING,MAX,0,0,True,inconnu,2026-08-04 00:41
2026-08-10|19:00|le 33 foch|micro lagree,2026-08-10,Lundi,19:00,19:50,Le 33 Foch,MICRO LAGREE,MARIE,0,0,True,inconnu,2026-08-04 00:41
2026-08-10|19:00|le 33 foch|pilates reformer,2026-08-10,Lundi,19:00,19:50,Le 33 Foch,PILATES REFORMER,CANDICE,0,0,True,inconnu,2026-08-04 00:41
2026-08-10|19:15|le 33 foch|bootcamp & cycle,2026-08-10,Lundi,19:15,20:00,Le 33 Foch,BOOTCAMP & CYCLE,MATTEO,0,0,True,inconnu,2026-08-04 00:41
2026-08-10|20:00|le 33 foch|cardio-boxing,2026-08-10,Lundi,20:00,20:45,Le 33 Foch,CARDIO-BOXING,MAX,0,0,True,inconnu,2026-08-04 00:41
2026-08-10|20:00|le 33 foch|micro lagree,2026-08-10,Lundi,20:00,20:50,Le 33 Foch,MICRO LAGREE,MARIE,0,0,True,inconnu,2026-08-04 00:41
2026-08-11|09:00|le 33 foch|bootcamp & cycle,2026-08-11,Mardi,09:00,09:45,Le 33 Foch,BOOTCAMP & CYCLE,YOANN,0,0,True,inconnu,2026-08-05 00:45
2026-08-11|10:00|le 33 foch|pilates reformer,2026-08-11,Mardi,10:00,10:50,Le 33 Foch,PILATES REFORMER,YOANN,0,0,True,inconnu,2026-08-05 00:45
2026-08-11|11:00|le 33 foch|micro lagree,2026-08-11,Mardi,11:00,11:50,Le 33 Foch,MICRO LAGREE,REBECCA R.,0,0,True,inconnu,2026-08-05 00:45
2026-08-11|11:00|le 33 foch|yoga/pilates,2026-08-11,Mardi,11:00,11:50,Le 33 Foch,YOGA/PILATES,CAROLINE,0,0,True,inconnu,2026-08-05 00:45
2026-08-11|12:00|le 33 foch|micro lagree,2026-08-11,Mardi,12:00,12:50,Le 33 Foch,MICRO LAGREE,ENZO,0,0,True,inconnu,2026-08-05 00:45
2026-08-11|12:00|le 33 foch|pilates reformer,2026-08-11,Mardi,12:00,12:50,Le 33 Foch,PILATES REFORMER,REBECCA R.,0,0,True,inconnu,2026-08-05 00:45
2026-08-11|12:30|le 33 foch|bootcamp & cycle (wod),2026-08-11,Mardi,12:30,13:15,Le 33 Foch,BOOTCAMP & CYCLE (WOD),YOANN,0,0,True,inconnu,2026-08-05 00:45
2026-08-11|13:00|le 33 foch|cardio-boxing,2026-08-11,Mardi,13:00,13:45,Le 33 Foch,CARDIO-BOXING,MAX,0,0,True,inconnu,2026-08-05 00:45
2026-08-11|13:00|le 33 foch|micro lagree,2026-08-11,Mardi,13:00,13:50,Le 33 Foch,MICRO LAGREE,ENZO,0,0,True,inconnu,2026-08-05 00:45
2026-08-11|13:00|le 33 foch|pilates reformer,2026-08-11,Mardi,13:00,13:50,Le 33 Foch,PILATES REFORMER,REBECCA R.,0,0,True,inconnu,2026-08-05 00:45
2026-08-11|18:00|le 33 foch|body sculpt,2026-08-11,Mardi,18:00,18:45,Le 33 Foch,BODY SCULPT,DOMINIQUE,0,0,True,inconnu,2026-08-05 00:45
2026-08-11|18:00|le 33 foch|cardio-boxing,2026-08-11,Mardi,18:00,18:45,Le 33 Foch,CARDIO-BOXING,HISANY,0,0,True,inconnu,2026-08-05 00:45
2026-08-11|18:00|le 33 foch|micro lagree,2026-08-11,Mardi,18:00,18:50,Le 33 Foch,MICRO LAGREE,REBECCA G.,0,0,True,inconnu,2026-08-05 00:45
2026-08-11|18:00|le 33 foch|pilates reformer,2026-08-11,Mardi,18:00,18:50,Le 33 Foch,PILATES REFORMER,ENZO,0,0,True,inconnu,2026-08-05 00:45
2026-08-11|19:00|le 33 foch|cardio-boxing,2026-08-11,Mardi,19:00,19:45,Le 33 Foch,CARDIO-BOXING,MAX,0,0,True,inconnu,2026-08-05 00:45
2026-08-11|19:00|le 33 foch|micro lagree,2026-08-11,Mardi,19:00,19:50,Le 33 Foch,MICRO LAGREE,REBECCA G.,0,0,True,inconnu,2026-08-05 00:45
2026-08-11|19:00|le 33 foch|pilates reformer,2026-08-11,Mardi,19:00,19:50,Le 33 Foch,PILATES REFORMER,ENZO,0,0,True,inconnu,2026-08-05 00:45
2026-08-11|19:15|le 33 foch|bootcamp & cycle (wod),2026-08-11,Mardi,19:15,20:00,Le 33 Foch,BOOTCAMP & CYCLE (WOD),HISANY,0,0,True,inconnu,2026-08-05 00:45
2026-08-11|20:00|le 33 foch|cardio-boxing,2026-08-11,Mardi,20:00,20:45,Le 33 Foch,CARDIO-BOXING,MAX,0,0,True,inconnu,2026-08-05 00:45
2026-08-11|20:00|le 33 foch|pilates reformer,2026-08-11,Mardi,20:00,20:50,Le 33 Foch,PILATES REFORMER,ENZO,0,0,True,inconnu,2026-08-05 00:45
2026-08-11|20:15|le 33 foch|bootcamp & cycle (wod),2026-08-11,Mardi,20:15,21:00,Le 33 Foch,BOOTCAMP & CYCLE (WOD),HISANY,0,0,True,inconnu,2026-08-05 00:45
2026-08-12|08:00|le 33 foch|pilates reformer (niveau 2),2026-08-12,Mercredi,08:00,08:50,Le 33 Foch,PILATES REFORMER (Niveau 2),LISA,0,0,True,inconnu,2026-08-06 00:43
2026-08-12|08:30|le 33 foch|trx & cycle,2026-08-12,Mercredi,08:30,09:15,Le 33 Foch,TRX & CYCLE,JEREMI,0,0,True,inconnu,2026-08-06 00:43
2026-08-12|09:00|le 33 foch|pilates reformer (niveau 2),2026-08-12,Mercredi,09:00,09:50,Le 33 Foch,PILATES REFORMER (Niveau 2),LISA,0,0,True,inconnu,2026-08-06 00:43
2026-08-12|10:00|le 33 foch|pilates reformer (niveau 2),2026-08-12,Mercredi,10:00,10:50,Le 33 Foch,PILATES REFORMER (Niveau 2),LISA,0,0,True,inconnu,2026-08-06 00:43
2026-08-12|11:00|le 33 foch|micro lagree,2026-08-12,Mercredi,11:00,11:50,Le 33 Foch,MICRO LAGREE,JULIA,0,0,True,inconnu,2026-08-06 00:43
2026-08-12|11:00|le 33 foch|pilates mat,2026-08-12,Mercredi,11:00,11:50,Le 33 Foch,PILATES MAT,CAROLINE,0,0,True,inconnu,2026-08-06 00:43
2026-08-12|12:00|le 33 foch|micro lagree,2026-08-12,Mercredi,12:00,12:50,Le 33 Foch,MICRO LAGREE,JULIA,0,0,True,inconnu,2026-08-06 00:43
2026-08-12|12:00|le 33 foch|pilates reformer,2026-08-12,Mercredi,12:00,12:50,Le 33 Foch,PILATES REFORMER,REBECCA G.,0,0,True,inconnu,2026-08-06 00:43
2026-08-12|12:30|le 33 foch|bootcamp & cycle (wod),2026-08-12,Mercredi,12:30,13:15,Le 33 Foch,BOOTCAMP & CYCLE (WOD),MATTEO,0,0,True,inconnu,2026-08-06 00:43
2026-08-12|13:00|le 33 foch|cardio-boxing,2026-08-12,Mercredi,13:00,13:45,Le 33 Foch,CARDIO-BOXING,JEREMI,0,0,True,inconnu,2026-08-06 00:43
2026-08-12|13:00|le 33 foch|pilates reformer,2026-08-12,Mercredi,13:00,13:50,Le 33 Foch,PILATES REFORMER,REBECCA G.,0,0,True,inconnu,2026-08-06 00:43
2026-08-12|15:00|le 33 foch|pilates reformer,2026-08-12,Mercredi,15:00,15:50,Le 33 Foch,PILATES REFORMER,CANDICE,0,0,True,inconnu,2026-08-06 00:43
2026-08-12|16:00|le 33 foch|kids boxing (6 à 9 ans),2026-08-12,Mercredi,16:00,16:45,Le 33 Foch,KIDS BOXING (6 à 9 ans),MAX,0,0,True,inconnu,2026-08-06 00:43
2026-08-12|16:00|le 33 foch|pilates reformer,2026-08-12,Mercredi,16:00,16:50,Le 33 Foch,PILATES REFORMER,CANDICE,0,0,True,inconnu,2026-08-06 00:43
2026-08-12|17:00|le 33 foch|micro lagree,2026-08-12,Mercredi,17:00,17:50,Le 33 Foch,MICRO LAGREE,JULIA,0,0,True,inconnu,2026-08-06 00:43
2026-08-12|18:00|le 33 foch|bootcamp & cycle (wod),2026-08-12,Mercredi,18:00,18:45,Le 33 Foch,BOOTCAMP & CYCLE (WOD),MATTEO,0,0,True,inconnu,2026-08-06 00:43
2026-08-12|18:00|le 33 foch|cardio-boxing,2026-08-12,Mercredi,18:00,18:45,Le 33 Foch,CARDIO-BOXING,YAMANI,0,0,True,inconnu,2026-08-06 00:43
2026-08-12|18:00|le 33 foch|micro lagree,2026-08-12,Mercredi,18:00,18:50,Le 33 Foch,MICRO LAGREE,JULIA,0,0,True,inconnu,2026-08-06 00:43
2026-08-12|18:00|le 33 foch|pilates reformer,2026-08-12,Mercredi,18:00,18:50,Le 33 Foch,PILATES REFORMER,CANDICE,0,0,True,inconnu,2026-08-06 00:43
2026-08-12|19:00|le 33 foch|cardio-boxing,2026-08-12,Mercredi,19:00,19:45,Le 33 Foch,CARDIO-BOXING,YAMANI,0,0,True,inconnu,2026-08-06 00:43
2026-08-12|19:00|le 33 foch|micro lagree,2026-08-12,Mercredi,19:00,19:50,Le 33 Foch,MICRO LAGREE,EVA,0,0,True,inconnu,2026-08-06 00:43
2026-08-12|19:00|le 33 foch|pilates reformer,2026-08-12,Mercredi,19:00,19:50,Le 33 Foch,PILATES REFORMER,CANDICE,0,0,True,inconnu,2026-08-06 00:43
2026-08-12|19:00|le 33 foch|trx,2026-08-12,Mercredi,19:00,19:45,Le 33 Foch,TRX,MATTEO,0,0,True,inconnu,2026-08-06 00:43
2026-08-12|20:00|le 33 foch|cuisses abdos fessiers,2026-08-12,Mercredi,20:00,20:45,Le 33 Foch,CUISSES ABDOS FESSIERS,MATTEO,0,0,True,inconnu,2026-08-06 00:43
2026-08-12|20:00|le 33 foch|micro lagree,2026-08-12,Mercredi,20:00,20:50,Le 33 Foch,MICRO LAGREE,EVA,0,0,True,inconnu,2026-08-06 00:43
2026-08-12|20:00|le 33 foch|pilates reformer,2026-08-12,Mercredi,20:00,20:50,Le 33 Foch,PILATES REFORMER,CANDICE,0,0,True,inconnu,2026-08-06 00:43
2026-08-13|09:00|le 33 foch|cuisses abdos fessiers,2026-08-13,Jeudi,09:00,09:45,Le 33 Foch,CUISSES ABDOS FESSIERS,MATTEO,0,0,True,inconnu,2026-08-07 02:17
2026-08-13|09:00|le 33 foch|pilates reformer,2026-08-13,Jeudi,09:00,09:50,Le 33 Foch,PILATES REFORMER,JOY,0,0,True,inconnu,2026-08-07 02:17
2026-08-13|10:00|le 33 foch|pilates reformer,2026-08-13,Jeudi,10:00,10:50,Le 33 Foch,PILATES REFORMER,JOY,0,0,True,inconnu,2026-08-07 02:17
2026-08-13|11:00|le 33 foch|body sculpt,2026-08-13,Jeudi,11:00,11:50,Le 33 Foch,BODY SCULPT,DOMINIQUE,0,0,True,inconnu,2026-08-07 02:17
2026-08-13|12:00|le 33 foch|micro lagree,2026-08-13,Jeudi,12:00,12:50,Le 33 Foch,MICRO LAGREE,MARIE,0,0,True,inconnu,2026-08-07 02:17
2026-08-13|12:30|le 33 foch|my fit barre by valerie,2026-08-13,Jeudi,12:30,13:15,Le 33 Foch,MY FIT BARRE BY VALERIE,VALERIE,0,0,True,inconnu,2026-08-07 02:17
2026-08-13|13:00|le 33 foch|cardio-boxing,2026-08-13,Jeudi,13:00,13:45,Le 33 Foch,CARDIO-BOXING,MAX,0,0,True,inconnu,2026-08-07 02:17
2026-08-13|13:00|le 33 foch|micro lagree,2026-08-13,Jeudi,13:00,13:50,Le 33 Foch,MICRO LAGREE,MARIE,0,0,True,inconnu,2026-08-07 02:17
2026-08-13|17:00|le 33 foch|pilates reformer,2026-08-13,Jeudi,17:00,17:50,Le 33 Foch,PILATES REFORMER,CANDICE,0,0,True,inconnu,2026-08-07 02:17
2026-08-13|18:00|le 33 foch|cardio-boxing,2026-08-13,Jeudi,18:00,18:45,Le 33 Foch,CARDIO-BOXING,JEREMI,0,0,True,inconnu,2026-08-07 02:17
2026-08-13|18:00|le 33 foch|micro lagree,2026-08-13,Jeudi,18:00,18:50,Le 33 Foch,MICRO LAGREE,MATTEO,0,0,True,inconnu,2026-08-07 02:17
2026-08-13|18:00|le 33 foch|pilates reformer,2026-08-13,Jeudi,18:00,18:50,Le 33 Foch,PILATES REFORMER,CANDICE,0,0,True,inconnu,2026-08-07 02:17
2026-08-13|19:00|le 33 foch|bootcamp & cycle,2026-08-13,Jeudi,19:00,19:45,Le 33 Foch,BOOTCAMP & CYCLE,MAX,0,0,True,inconnu,2026-08-07 02:17
2026-08-13|19:00|le 33 foch|cardio-boxing,2026-08-13,Jeudi,19:00,19:45,Le 33 Foch,CARDIO-BOXING,JEREMI,0,0,True,inconnu,2026-08-07 02:17
2026-08-13|19:00|le 33 foch|micro lagree,2026-08-13,Jeudi,19:00,19:50,Le 33 Foch,MICRO LAGREE,MATTEO,0,0,True,inconnu,2026-08-07 02:17
2026-08-13|20:00|le 33 foch|bootcamp,2026-08-13,Jeudi,20:00,20:45,Le 33 Foch,BOOTCAMP,MAX,0,0,True,inconnu,2026-08-07 02:17
2026-08-13|20:00|le 33 foch|cardio-boxing,2026-08-13,Jeudi,20:00,20:45,Le 33 Foch,CARDIO-BOXING,JEREMI,0,0,True,inconnu,2026-08-07 02:17
2026-08-14|10:00|le 33 foch|pilates reformer (niveau 2),2026-08-14,Vendredi,10:00,10:50,Le 33 Foch,PILATES REFORMER (Niveau 2),JORDAN,0,0,True,inconnu,2026-08-08 07:57
2026-08-14|11:00|le 33 foch|body sculpt,2026-08-14,Vendredi,11:00,11:45,Le 33 Foch,BODY SCULPT,DOMINIQUE,0,0,True,inconnu,2026-08-08 07:57
2026-08-14|11:00|le 33 foch|micro lagree,2026-08-14,Vendredi,11:00,11:50,Le 33 Foch,MICRO LAGREE,EVA,0,0,True,inconnu,2026-08-08 07:57
2026-08-14|11:00|le 33 foch|pilates reformer (niveau 2),2026-08-14,Vendredi,11:00,11:50,Le 33 Foch,PILATES REFORMER (Niveau 2),JORDAN,0,0,True,inconnu,2026-08-08 07:57
2026-08-14|12:00|le 33 foch|micro lagree,2026-08-14,Vendredi,12:00,12:50,Le 33 Foch,MICRO LAGREE,EVA,0,0,True,inconnu,2026-08-08 07:57
2026-08-14|12:00|le 33 foch|pilates reformer (niveau 2),2026-08-14,Vendredi,12:00,12:50,Le 33 Foch,PILATES REFORMER (Niveau 2),JORDAN,0,0,True,inconnu,2026-08-08 07:57
2026-08-14|12:30|le 33 foch|trx,2026-08-14,Vendredi,12:30,13:15,Le 33 Foch,TRX,MAX,0,0,True,inconnu,2026-08-08 07:57
2026-08-14|16:00|le 33 foch|pilates reformer,2026-08-14,Vendredi,16:00,16:50,Le 33 Foch,PILATES REFORMER,ILANA,0,0,True,inconnu,2026-08-08 07:57
2026-08-14|17:00|le 33 foch|micro lagree,2026-08-14,Vendredi,17:00,17:50,Le 33 Foch,MICRO LAGREE,ENZO,0,0,True,inconnu,2026-08-08 07:57
2026-08-14|18:00|le 33 foch|cardio-boxing,2026-08-14,Vendredi,18:00,18:45,Le 33 Foch,CARDIO-BOXING,HISANY,0,0,True,inconnu,2026-08-08 07:57
2026-08-14|18:00|le 33 foch|micro lagree,2026-08-14,Vendredi,18:00,18:50,Le 33 Foch,MICRO LAGREE,ENZO,0,0,True,inconnu,2026-08-08 07:57
2026-08-14|18:00|le 33 foch|pilates reformer,2026-08-14,Vendredi,18:00,18:50,Le 33 Foch,PILATES REFORMER,TAIR,0,0,True,inconnu,2026-08-08 07:57
2026-08-14|19:00|le 33 foch|cardio-boxing,2026-08-14,Vendredi,19:00,19:45,Le 33 Foch,CARDIO-BOXING,HISANY,0,0,True,inconnu,2026-08-08 07:57
2026-08-14|19:00|le 33 foch|micro lagree,2026-08-14,Vendredi,19:00,19:50,Le 33 Foch,MICRO LAGREE,ENZO,0,0,True,inconnu,2026-08-08 07:57
2026-08-14|19:00|le 33 foch|pilates reformer,2026-08-14,Vendredi,19:00,19:50,Le 33 Foch,PILATES REFORMER,TAIR,0,0,True,inconnu,2026-08-08 07:57
2026-08-15|10:00|le 33 foch|micro lagree,2026-08-15,Samedi,10:00,10:50,Le 33 Foch,MICRO LAGREE,MAX,0,0,True,inconnu,2026-08-09 00:04
2026-08-15|10:00|le 33 foch|pilates reformer,2026-08-15,Samedi,10:00,10:50,Le 33 Foch,PILATES REFORMER,MORGANE,0,0,True,inconnu,2026-08-09 00:04
2026-08-15|10:00|le 33 foch|yoga vinyasa,2026-08-15,Samedi,10:00,10:50,Le 33 Foch,YOGA VINYASA,CAROLINE,0,0,True,inconnu,2026-08-09 00:04
2026-08-15|11:00|le 33 foch|micro lagree,2026-08-15,Samedi,11:00,11:50,Le 33 Foch,MICRO LAGREE,MAX,0,0,True,inconnu,2026-08-09 00:04
2026-08-15|11:00|le 33 foch|pilates reformer,2026-08-15,Samedi,11:00,11:50,Le 33 Foch,PILATES REFORMER,MORGANE,0,0,True,inconnu,2026-08-09 00:04
2026-08-15|11:00|le 33 foch|trx,2026-08-15,Samedi,11:00,11:45,Le 33 Foch,TRX,FABRICE,0,0,True,inconnu,2026-08-09 00:04
2026-08-15|12:00|le 33 foch|cardio-boxing,2026-08-15,Samedi,12:00,12:45,Le 33 Foch,CARDIO-BOXING,MAX,0,0,True,inconnu,2026-08-09 00:04
2026-08-15|12:00|le 33 foch|core training,2026-08-15,Samedi,12:00,12:45,Le 33 Foch,CORE TRAINING,FABRICE,0,0,True,inconnu,2026-08-09 00:04
2026-08-15|12:00|le 33 foch|pilates reformer,2026-08-15,Samedi,12:00,12:50,Le 33 Foch,PILATES REFORMER,MORGANE,0,0,True,inconnu,2026-08-09 00:04
2026-08-15|13:00|le 33 foch|cardio-boxing,2026-08-15,Samedi,13:00,13:45,Le 33 Foch,CARDIO-BOXING,MAX,0,0,True,inconnu,2026-08-09 00:04
2026-08-15|14:00|le 33 foch|pilates mat,2026-08-15,Samedi,14:00,14:45,Le 33 Foch,PILATES MAT,YOANN,0,0,True,inconnu,2026-08-09 00:04
2026-08-15|15:00|le 33 foch|teenagers boxing (10-14 ans),2026-08-15,Samedi,15:00,15:45,Le 33 Foch,TEENAGERS BOXING (10-14 ans),MAX,0,0,True,inconnu,2026-08-09 00:04
2026-08-15|16:00|le 33 foch|cardio-boxing,2026-08-15,Samedi,16:00,16:50,Le 33 Foch,CARDIO-BOXING,LUCIE,0,0,True,inconnu,2026-08-09 00:04
2026-08-15|17:00|le 33 foch|yoga vinyasa,2026-08-15,Samedi,17:00,17:45,Le 33 Foch,YOGA VINYASA,LUCIE,0,0,True,inconnu,2026-08-09 00:04
2026-08-16|10:00|le 33 foch|bootcamp,2026-08-16,Dimanche,10:00,10:45,Le 33 Foch,BOOTCAMP,MATTEO,0,0,True,inconnu,2026-08-10 00:12
2026-08-16|10:00|le 33 foch|micro lagree,2026-08-16,Dimanche,10:00,10:50,Le 33 Foch,MICRO LAGREE,JULIA,0,0,True,inconnu,2026-08-10 00:12
2026-08-16|10:00|le 33 foch|pilates reformer (niveau 2),2026-08-16,Dimanche,10:00,10:50,Le 33 Foch,PILATES REFORMER (Niveau 2),LISA,0,0,True,inconnu,2026-08-10 00:12
2026-08-16|11:00|le 33 foch|cardio-boxing,2026-08-16,Dimanche,11:00,11:45,Le 33 Foch,CARDIO-BOXING,JEREMI,0,0,True,inconnu,2026-08-10 00:12
2026-08-16|11:00|le 33 foch|micro lagree,2026-08-16,Dimanche,11:00,11:50,Le 33 Foch,MICRO LAGREE,JULIA,0,0,True,inconnu,2026-08-10 00:12
2026-08-16|11:00|le 33 foch|pilates reformer (niveau 2),2026-08-16,Dimanche,11:00,11:50,Le 33 Foch,PILATES REFORMER (Niveau 2),LISA,0,0,True,inconnu,2026-08-10 00:12
2026-08-16|11:30|le 33 foch|cuisses abdos fessiers,2026-08-16,Dimanche,11:30,12:15,Le 33 Foch,CUISSES ABDOS FESSIERS,MATTEO,0,0,True,inconnu,2026-08-10 00:12
2026-08-16|12:00|le 33 foch|cardio-boxing,2026-08-16,Dimanche,12:00,12:45,Le 33 Foch,CARDIO-BOXING,JEREMI,0,0,True,inconnu,2026-08-10 00:12
2026-08-16|12:00|le 33 foch|micro lagree,2026-08-16,Dimanche,12:00,12:50,Le 33 Foch,MICRO LAGREE,JULIA,0,0,True,inconnu,2026-08-10 00:12
2026-08-16|12:00|le 33 foch|pilates reformer (niveau 2),2026-08-16,Dimanche,12:00,12:50,Le 33 Foch,PILATES REFORMER (Niveau 2),LISA,0,0,True,inconnu,2026-08-10 00:12
2026-08-16|12:30|le 33 foch|bootcamp & cycle,2026-08-16,Dimanche,12:30,13:15,Le 33 Foch,BOOTCAMP & CYCLE,MATTEO,0,0,True,inconnu,2026-08-10 00:12
2026-08-16|15:00|le 33 foch|pilates reformer,2026-08-16,Dimanche,15:00,15:50,Le 33 Foch,PILATES REFORMER,MORGANE,0,0,True,inconnu,2026-08-10 00:12
2026-08-16|16:00|le 33 foch|pilates reformer,2026-08-16,Dimanche,16:00,16:50,Le 33 Foch,PILATES REFORMER,MORGANE,0,0,True,inconnu,2026-08-10 00:12
2026-08-16|17:00|le 33 foch|pilates reformer,2026-08-16,Dimanche,17:00,17:50,Le 33 Foch,PILATES REFORMER,MORGANE,0,0,True,inconnu,2026-08-10 00:12
2026-08-17|08:00|le 33 foch|pilates reformer (niveau 2),2026-08-17,Lundi,08:00,08:50,Le 33 Foch,PILATES REFORMER (Niveau 2),LISA,0,0,True,inconnu,2026-08-11 07:29
2026-08-17|09:00|le 33 foch|cuisses abdos fessiers,2026-08-17,Lundi,09:00,09:45,Le 33 Foch,CUISSES ABDOS FESSIERS,MATTEO,0,0,True,inconnu,2026-08-11 07:29
2026-08-17|09:00|le 33 foch|pilates reformer (niveau 2),2026-08-17,Lundi,09:00,09:50,Le 33 Foch,PILATES REFORMER (Niveau 2),LISA,0,0,True,inconnu,2026-08-11 07:29
2026-08-17|10:00|le 33 foch|pilates reformer (niveau 2),2026-08-17,Lundi,10:00,10:50,Le 33 Foch,PILATES REFORMER (Niveau 2),ENZO (Suppléant),0,0,True,disponible,2026-08-11 07:29
2026-08-17|11:00|le 33 foch|body sculpt,2026-08-17,Lundi,11:00,11:45,Le 33 Foch,BODY SCULPT,DOMINIQUE,0,0,True,inconnu,2026-08-11 07:29
2026-08-17|12:00|le 33 foch|micro lagree,2026-08-17,Lundi,12:00,12:50,Le 33 Foch,MICRO LAGREE,ENZO (Suppléant),0,0,True,disponible,2026-08-11 07:29
2026-08-17|12:00|le 33 foch|pilates reformer,2026-08-17,Lundi,12:00,12:50,Le 33 Foch,PILATES REFORMER,CANDICE,0,0,True,inconnu,2026-08-11 07:29
2026-08-17|12:30|le 33 foch|trx,2026-08-17,Lundi,12:30,13:15,Le 33 Foch,TRX,MAX,0,0,True,disponible,2026-08-11 07:29
2026-08-17|13:00|le 33 foch|micro lagree,2026-08-17,Lundi,13:00,13:50,Le 33 Foch,MICRO LAGREE,ENZO (Suppléant),0,0,True,disponible,2026-08-11 07:29
2026-08-17|13:00|le 33 foch|pilates reformer,2026-08-17,Lundi,13:00,13:50,Le 33 Foch,PILATES REFORMER,CANDICE,0,0,True,inconnu,2026-08-11 07:29
2026-08-17|15:00|le 33 foch|pilates reformer,2026-08-17,Lundi,15:00,15:50,Le 33 Foch,PILATES REFORMER,ENZO,0,0,True,disponible,2026-08-11 07:29
2026-08-17|16:00|le 33 foch|micro lagree,2026-08-17,Lundi,16:00,16:50,Le 33 Foch,MICRO LAGREE,ENZO,0,0,True,disponible,2026-08-11 07:29
2026-08-17|17:00|le 33 foch|cardio-boxing,2026-08-17,Lundi,17:00,17:45,Le 33 Foch,CARDIO-BOXING,MAX,0,0,True,disponible,2026-08-11 07:29
2026-08-17|17:00|le 33 foch|micro lagree,2026-08-17,Lundi,17:00,17:50,Le 33 Foch,MICRO LAGREE,MORGANE (Suppléant),0,0,True,disponible,2026-08-11 07:29
2026-08-17|18:00|le 33 foch|body sculpt,2026-08-17,Lundi,18:00,18:45,Le 33 Foch,BODY SCULPT,DOMINIQUE,0,0,True,inconnu,2026-08-11 07:29
2026-08-17|18:00|le 33 foch|cardio-boxing,2026-08-17,Lundi,18:00,18:45,Le 33 Foch,CARDIO-BOXING,MAX,0,0,True,disponible,2026-08-11 07:29
2026-08-17|18:00|le 33 foch|micro lagree,2026-08-17,Lundi,18:00,18:50,Le 33 Foch,MICRO LAGREE,MORGANE (Suppléant),0,0,True,disponible,2026-08-11 07:29
2026-08-17|18:00|le 33 foch|pilates reformer,2026-08-17,Lundi,18:00,18:50,Le 33 Foch,PILATES REFORMER,ENZO (Suppléant),0,0,True,disponible,2026-08-11 07:29
2026-08-17|19:00|le 33 foch|cardio-boxing,2026-08-17,Lundi,19:00,19:45,Le 33 Foch,CARDIO-BOXING,MAX,0,0,True,disponible,2026-08-11 07:29
2026-08-17|19:00|le 33 foch|micro lagree,2026-08-17,Lundi,19:00,19:50,Le 33 Foch,MICRO LAGREE,MORGANE (Suppléant),0,0,True,disponible,2026-08-11 07:29
2026-08-17|19:00|le 33 foch|pilates reformer,2026-08-17,Lundi,19:00,19:50,Le 33 Foch,PILATES REFORMER,ENZO (Suppléant),0,0,True,disponible,2026-08-11 07:29
2026-08-17|19:15|le 33 foch|bootcamp & cycle,2026-08-17,Lundi,19:15,20:00,Le 33 Foch,BOOTCAMP & CYCLE,MATTEO,0,0,True,inconnu,2026-08-11 07:29
2026-08-17|20:00|le 33 foch|cardio-boxing,2026-08-17,Lundi,20:00,20:45,Le 33 Foch,CARDIO-BOXING,MAX,0,0,True,disponible,2026-08-11 07:29
2026-08-17|20:00|le 33 foch|micro lagree,2026-08-17,Lundi,20:00,20:50,Le 33 Foch,MICRO LAGREE,MORGANE (Suppléant),0,0,True,disponible,2026-08-11 07:29
2026-08-18|09:00|le 33 foch|bootcamp & cycle,2026-08-18,Mardi,09:00,09:45,Le 33 Foch,BOOTCAMP & CYCLE,YOANN,0,0,True,disponible,2026-08-12 00:24
2026-08-18|10:00|le 33 foch|pilates reformer,2026-08-18,Mardi,10:00,10:50,Le 33 Foch,PILATES REFORMER,YOANN,0,0,True,disponible,2026-08-12 00:24
2026-08-18|11:00|le 33 foch|micro lagree,2026-08-18,Mardi,11:00,11:50,Le 33 Foch,MICRO LAGREE,REBECCA R.,0,0,True,inconnu,2026-08-12 00:24
2026-08-18|11:00|le 33 foch|yoga/pilates,2026-08-18,Mardi,11:00,11:50,Le 33 Foch,YOGA/PILATES,CAROLINE,0,0,True,inconnu,2026-08-12 00:24
2026-08-18|12:00|le 33 foch|micro lagree,2026-08-18,Mardi,12:00,12:50,Le 33 Foch,MICRO LAGREE,ENZO,0,0,True,disponible,2026-08-12 00:24
2026-08-18|12:00|le 33 foch|pilates reformer,2026-08-18,Mardi,12:00,12:50,Le 33 Foch,PILATES REFORMER,REBECCA R.,0,0,True,inconnu,2026-08-12 00:24
2026-08-18|12:30|le 33 foch|bootcamp & cycle (wod),2026-08-18,Mardi,12:30,13:15,Le 33 Foch,BOOTCAMP & CYCLE (WOD),YOANN,0,0,True,disponible,2026-08-12 00:24
2026-08-18|13:00|le 33 foch|cardio-boxing,2026-08-18,Mardi,13:00,13:45,Le 33 Foch,CARDIO-BOXING,MAX,0,0,True,disponible,2026-08-12 00:24
2026-08-18|13:00|le 33 foch|micro lagree,2026-08-18,Mardi,13:00,13:50,Le 33 Foch,MICRO LAGREE,ENZO,0,0,True,disponible,2026-08-12 00:24
2026-08-18|13:00|le 33 foch|pilates reformer,2026-08-18,Mardi,13:00,13:50,Le 33 Foch,PILATES REFORMER,REBECCA R.,0,0,True,inconnu,2026-08-12 00:24
2026-08-18|18:00|le 33 foch|body sculpt,2026-08-18,Mardi,18:00,18:45,Le 33 Foch,BODY SCULPT,DOMINIQUE,0,0,True,inconnu,2026-08-12 00:24
2026-08-18|18:00|le 33 foch|cardio-boxing,2026-08-18,Mardi,18:00,18:45,Le 33 Foch,CARDIO-BOXING,HISANY,0,0,True,disponible,2026-08-12 00:24
2026-08-18|18:00|le 33 foch|micro lagree,2026-08-18,Mardi,18:00,18:50,Le 33 Foch,MICRO LAGREE,REBECCA G.,0,0,True,inconnu,2026-08-12 00:24
2026-08-18|18:00|le 33 foch|pilates reformer,2026-08-18,Mardi,18:00,18:50,Le 33 Foch,PILATES REFORMER,ENZO,0,0,True,disponible,2026-08-12 00:24
2026-08-18|19:00|le 33 foch|cardio-boxing,2026-08-18,Mardi,19:00,19:45,Le 33 Foch,CARDIO-BOXING,MAX,0,0,True,disponible,2026-08-12 00:24
2026-08-18|19:00|le 33 foch|micro lagree,2026-08-18,Mardi,19:00,19:50,Le 33 Foch,MICRO LAGREE,REBECCA G.,0,0,True,inconnu,2026-08-12 00:24
2026-08-18|19:00|le 33 foch|pilates reformer,2026-08-18,Mardi,19:00,19:50,Le 33 Foch,PILATES REFORMER,ENZO,0,0,True,disponible,2026-08-12 00:24
2026-08-18|19:15|le 33 foch|bootcamp & cycle (wod),2026-08-18,Mardi,19:15,20:00,Le 33 Foch,BOOTCAMP & CYCLE (WOD),HISANY,0,0,True,disponible,2026-08-12 00:24
2026-08-18|20:00|le 33 foch|cardio-boxing,2026-08-18,Mardi,20:00,20:45,Le 33 Foch,CARDIO-BOXING,MAX,0,0,True,disponible,2026-08-12 00:24
2026-08-18|20:00|le 33 foch|pilates reformer,2026-08-18,Mardi,20:00,20:50,Le 33 Foch,PILATES REFORMER,ENZO,0,0,True,disponible,2026-08-12 00:24
2026-08-18|20:15|le 33 foch|bootcamp & cycle (wod),2026-08-18,Mardi,20:15,21:00,Le 33 Foch,BOOTCAMP & CYCLE (WOD),HISANY,0,0,True,disponible,2026-08-12 00:24
2026-08-19|08:00|le 33 foch|pilates reformer (niveau 2),2026-08-19,Mercredi,08:00,08:50,Le 33 Foch,PILATES REFORMER (Niveau 2),LISA,0,0,True,inconnu,2026-08-13 00:24
2026-08-19|08:30|le 33 foch|trx & cycle,2026-08-19,Mercredi,08:30,09:15,Le 33 Foch,TRX & CYCLE,JEREMI,0,0,True,disponible,2026-08-13 00:24
2026-08-19|09:00|le 33 foch|pilates reformer (niveau 2),2026-08-19,Mercredi,09:00,09:50,Le 33 Foch,PILATES REFORMER (Niveau 2),LISA,0,0,True,inconnu,2026-08-13 00:24
2026-08-19|10:00|le 33 foch|pilates reformer (niveau 2),2026-08-19,Mercredi,10:00,10:50,Le 33 Foch,PILATES REFORMER (Niveau 2),ENZO (Suppléant),0,0,True,disponible,2026-08-13 00:24
2026-08-19|11:00|le 33 foch|micro lagree,2026-08-19,Mercredi,11:00,11:50,Le 33 Foch,MICRO LAGREE,JULIA,0,0,True,inconnu,2026-08-13 00:24
2026-08-19|11:00|le 33 foch|pilates mat,2026-08-19,Mercredi,11:00,11:50,Le 33 Foch,PILATES MAT,CAROLINE,0,0,True,inconnu,2026-08-13 00:24
2026-08-19|12:00|le 33 foch|micro lagree,2026-08-19,Mercredi,12:00,12:50,Le 33 Foch,MICRO LAGREE,JULIA,0,0,True,inconnu,2026-08-13 00:24
2026-08-19|12:00|le 33 foch|pilates reformer,2026-08-19,Mercredi,12:00,12:50,Le 33 Foch,PILATES REFORMER,REBECCA G.,0,0,True,disponible,2026-08-13 00:24
2026-08-19|12:30|le 33 foch|bootcamp & cycle (wod),2026-08-19,Mercredi,12:30,13:15,Le 33 Foch,BOOTCAMP & CYCLE (WOD),MATTEO,0,0,True,inconnu,2026-08-13 00:24
2026-08-19|13:00|le 33 foch|cardio-boxing,2026-08-19,Mercredi,13:00,13:45,Le 33 Foch,CARDIO-BOXING,JEREMI,0,0,True,disponible,2026-08-13 00:24
2026-08-19|13:00|le 33 foch|pilates reformer,2026-08-19,Mercredi,13:00,13:50,Le 33 Foch,PILATES REFORMER,REBECCA G.,0,0,True,disponible,2026-08-13 00:24
2026-08-19|15:00|le 33 foch|pilates reformer,2026-08-19,Mercredi,15:00,15:50,Le 33 Foch,PILATES REFORMER,CANDICE,0,0,True,inconnu,2026-08-13 00:24
2026-08-19|16:00|le 33 foch|kids boxing (6 à 9 ans),2026-08-19,Mercredi,16:00,16:45,Le 33 Foch,KIDS BOXING (6 à 9 ans),MAX,0,0,True,inconnu,2026-08-13 00:24
2026-08-19|16:00|le 33 foch|pilates reformer,2026-08-19,Mercredi,16:00,16:50,Le 33 Foch,PILATES REFORMER,CANDICE,0,0,True,disponible,2026-08-13 00:24
2026-08-19|17:00|le 33 foch|micro lagree,2026-08-19,Mercredi,17:00,17:50,Le 33 Foch,MICRO LAGREE,INES B. (Suppléant),0,0,True,disponible,2026-08-13 00:24
2026-08-19|18:00|le 33 foch|bootcamp & cycle (wod),2026-08-19,Mercredi,18:00,18:45,Le 33 Foch,BOOTCAMP & CYCLE (WOD),MATTEO,0,0,True,inconnu,2026-08-13 00:24
2026-08-19|18:00|le 33 foch|cardio-boxing,2026-08-19,Mercredi,18:00,18:45,Le 33 Foch,CARDIO-BOXING,YAMANI,0,0,True,inconnu,2026-08-13 00:24
2026-08-19|18:00|le 33 foch|micro lagree,2026-08-19,Mercredi,18:00,18:50,Le 33 Foch,MICRO LAGREE,INES B. (Suppléant),0,0,True,disponible,2026-08-13 00:24
2026-08-19|18:00|le 33 foch|pilates reformer,2026-08-19,Mercredi,18:00,18:50,Le 33 Foch,PILATES REFORMER,CANDICE,0,0,True,disponible,2026-08-13 00:24
2026-08-19|19:00|le 33 foch|cardio-boxing,2026-08-19,Mercredi,19:00,19:45,Le 33 Foch,CARDIO-BOXING,YAMANI,0,0,True,inconnu,2026-08-13 00:24
2026-08-19|19:00|le 33 foch|micro lagree,2026-08-19,Mercredi,19:00,19:50,Le 33 Foch,MICRO LAGREE,EVA,0,0,True,disponible,2026-08-13 00:24
2026-08-19|19:00|le 33 foch|pilates reformer,2026-08-19,Mercredi,19:00,19:50,Le 33 Foch,PILATES REFORMER,CANDICE,0,0,True,disponible,2026-08-13 00:24
2026-08-19|19:00|le 33 foch|trx,2026-08-19,Mercredi,19:00,19:45,Le 33 Foch,TRX,MATTEO,0,0,True,inconnu,2026-08-13 00:24
2026-08-19|20:00|le 33 foch|cuisses abdos fessiers,2026-08-19,Mercredi,20:00,20:45,Le 33 Foch,CUISSES ABDOS FESSIERS,MATTEO,0,0,True,inconnu,2026-08-13 00:24
2026-08-19|20:00|le 33 foch|micro lagree,2026-08-19,Mercredi,20:00,20:50,Le 33 Foch,MICRO LAGREE,EVA,0,0,True,disponible,2026-08-13 00:24
2026-08-19|20:00|le 33 foch|pilates reformer,2026-08-19,Mercredi,20:00,20:50,Le 33 Foch,PILATES REFORMER,CANDICE,0,0,True,disponible,2026-08-13 00:24
2026-08-20|09:00|le 33 foch|cuisses abdos fessiers,2026-08-20,Jeudi,09:00,09:45,Le 33 Foch,CUISSES ABDOS FESSIERS,MATTEO,0,0,True,inconnu,2026-08-14 00:24
2026-08-20|09:00|le 33 foch|pilates reformer,2026-08-20,Jeudi,09:00,09:50,Le 33 Foch,PILATES REFORMER,JOY,0,0,True,inconnu,2026-08-14 00:24
2026-08-20|10:00|le 33 foch|pilates reformer,2026-08-20,Jeudi,10:00,10:50,Le 33 Foch,PILATES REFORMER,JOY,0,0,True,inconnu,2026-08-14 00:24
2026-08-20|11:00|le 33 foch|body sculpt,2026-08-20,Jeudi,11:00,11:50,Le 33 Foch,BODY SCULPT,DOMINIQUE,0,0,True,inconnu,2026-08-14 00:24
2026-08-20|12:00|le 33 foch|micro lagree,2026-08-20,Jeudi,12:00,12:50,Le 33 Foch,MICRO LAGREE,MARIE,0,0,True,disponible,2026-08-14 00:24
2026-08-20|12:30|le 33 foch|my fit barre by valerie,2026-08-20,Jeudi,12:30,13:15,Le 33 Foch,MY FIT BARRE BY VALERIE,VALERIE,0,0,True,disponible,2026-08-14 00:24
2026-08-20|13:00|le 33 foch|cardio-boxing,2026-08-20,Jeudi,13:00,13:45,Le 33 Foch,CARDIO-BOXING,MAX,0,0,True,disponible,2026-08-14 00:24
2026-08-20|13:00|le 33 foch|micro lagree,2026-08-20,Jeudi,13:00,13:50,Le 33 Foch,MICRO LAGREE,MARIE,0,0,True,disponible,2026-08-14 00:24
2026-08-20|17:00|le 33 foch|pilates reformer,2026-08-20,Jeudi,17:00,17:50,Le 33 Foch,PILATES REFORMER,CANDICE,0,0,True,disponible,2026-08-14 00:24
2026-08-20|18:00|le 33 foch|cardio-boxing,2026-08-20,Jeudi,18:00,18:45,Le 33 Foch,CARDIO-BOXING,JEREMI,0,0,True,disponible,2026-08-14 00:24
2026-08-20|18:00|le 33 foch|micro lagree,2026-08-20,Jeudi,18:00,18:50,Le 33 Foch,MICRO LAGREE,MATTEO,0,0,True,inconnu,2026-08-14 00:24
2026-08-20|18:00|le 33 foch|pilates reformer,2026-08-20,Jeudi,18:00,18:50,Le 33 Foch,PILATES REFORMER,CANDICE,0,0,True,disponible,2026-08-14 00:24
2026-08-20|19:00|le 33 foch|bootcamp & cycle,2026-08-20,Jeudi,19:00,19:45,Le 33 Foch,BOOTCAMP & CYCLE,MAX,0,0,True,disponible,2026-08-14 00:24
2026-08-20|19:00|le 33 foch|cardio-boxing,2026-08-20,Jeudi,19:00,19:45,Le 33 Foch,CARDIO-BOXING,JEREMI,0,0,True,disponible,2026-08-14 00:24
2026-08-20|19:00|le 33 foch|micro lagree,2026-08-20,Jeudi,19:00,19:50,Le 33 Foch,MICRO LAGREE,MATTEO,0,0,True,inconnu,2026-08-14 00:24
2026-08-20|20:00|le 33 foch|bootcamp,2026-08-20,Jeudi,20:00,20:45,Le 33 Foch,BOOTCAMP,MAX,0,0,True,disponible,2026-08-14 00:24
2026-08-20|20:00|le 33 foch|cardio-boxing,2026-08-20,Jeudi,20:00,20:45,Le 33 Foch,CARDIO-BOXING,JEREMI,0,0,True,disponible,2026-08-14 00:24
2026-08-21|10:00|le 33 foch|pilates reformer (niveau 2),2026-08-21,Vendredi,10:00,10:50,Le 33 Foch,PILATES REFORMER (Niveau 2),JORDAN,0,0,True,inconnu,2026-08-15 07:42
2026-08-21|11:00|le 33 foch|body sculpt,2026-08-21,Vendredi,11:00,11:45,Le 33 Foch,BODY SCULPT,DOMINIQUE,0,0,True,inconnu,2026-08-15 07:42
2026-08-21|11:00|le 33 foch|micro lagree,2026-08-21,Vendredi,11:00,11:50,Le 33 Foch,MICRO LAGREE,EVA,0,0,True,disponible,2026-08-15 07:42
2026-08-21|11:00|le 33 foch|pilates reformer (niveau 2),2026-08-21,Vendredi,11:00,11:50,Le 33 Foch,PILATES REFORMER (Niveau 2),JORDAN,0,0,True,inconnu,2026-08-15 07:42
2026-08-21|12:00|le 33 foch|micro lagree,2026-08-21,Vendredi,12:00,12:50,Le 33 Foch,MICRO LAGREE,EVA,0,0,True,disponible,2026-08-15 07:42
2026-08-21|12:00|le 33 foch|pilates reformer (niveau 2),2026-08-21,Vendredi,12:00,12:50,Le 33 Foch,PILATES REFORMER (Niveau 2),JORDAN,0,0,True,inconnu,2026-08-15 07:42
2026-08-21|12:30|le 33 foch|trx,2026-08-21,Vendredi,12:30,13:15,Le 33 Foch,TRX,MAX,0,0,True,disponible,2026-08-15 07:42
2026-08-21|16:00|le 33 foch|pilates reformer,2026-08-21,Vendredi,16:00,16:50,Le 33 Foch,PILATES REFORMER,ILANA,0,0,True,disponible,2026-08-15 07:42
2026-08-21|17:00|le 33 foch|micro lagree,2026-08-21,Vendredi,17:00,17:50,Le 33 Foch,MICRO LAGREE,REBECCA G. (Suppléant),0,0,True,disponible,2026-08-15 07:42
2026-08-21|18:00|le 33 foch|cardio-boxing,2026-08-21,Vendredi,18:00,18:45,Le 33 Foch,CARDIO-BOXING,HISANY,0,0,True,disponible,2026-08-15 07:42
2026-08-21|18:00|le 33 foch|micro lagree,2026-08-21,Vendredi,18:00,18:50,Le 33 Foch,MICRO LAGREE,REBECCA G. (Suppléant),0,0,True,disponible,2026-08-15 07:42
2026-08-21|18:00|le 33 foch|pilates reformer,2026-08-21,Vendredi,18:00,18:50,Le 33 Foch,PILATES REFORMER,TAIR,0,0,True,disponible,2026-08-15 07:42
2026-08-21|19:00|le 33 foch|cardio-boxing,2026-08-21,Vendredi,19:00,19:45,Le 33 Foch,CARDIO-BOXING,HISANY,0,0,True,disponible,2026-08-15 07:42
2026-08-21|19:00|le 33 foch|micro lagree,2026-08-21,Vendredi,19:00,19:50,Le 33 Foch,MICRO LAGREE,REBECCA G. (Suppléant),0,0,True,disponible,2026-08-15 07:42
2026-08-21|19:00|le 33 foch|pilates reformer,2026-08-21,Vendredi,19:00,19:50,Le 33 Foch,PILATES REFORMER,TAIR,0,0,True,disponible,2026-08-15 07:42
2026-08-22|10:00|le 33 foch|micro lagree,2026-08-22,Samedi,10:00,10:50,Le 33 Foch,MICRO LAGREE,MAX,0,0,True,disponible,2026-08-16 07:43
2026-08-22|10:00|le 33 foch|pilates reformer,2026-08-22,Samedi,10:00,10:50,Le 33 Foch,PILATES REFORMER,MORGANE,0,0,True,disponible,2026-08-16 07:43
2026-08-22|10:00|le 33 foch|yoga vinyasa,2026-08-22,Samedi,10:00,10:50,Le 33 Foch,YOGA VINYASA,CAROLINE,0,0,True,inconnu,2026-08-16 07:43
2026-08-22|11:00|le 33 foch|micro lagree,2026-08-22,Samedi,11:00,11:50,Le 33 Foch,MICRO LAGREE,MAX,0,0,True,disponible,2026-08-16 07:43
2026-08-22|11:00|le 33 foch|pilates reformer,2026-08-22,Samedi,11:00,11:50,Le 33 Foch,PILATES REFORMER,MORGANE,0,0,True,disponible,2026-08-16 07:43
2026-08-22|11:00|le 33 foch|trx,2026-08-22,Samedi,11:00,11:45,Le 33 Foch,TRX,FABRICE,0,0,True,disponible,2026-08-16 07:43
2026-08-22|12:00|le 33 foch|cardio-boxing,2026-08-22,Samedi,12:00,12:45,Le 33 Foch,CARDIO-BOXING,MAX,0,0,True,disponible,2026-08-16 07:43
2026-08-22|12:00|le 33 foch|core training,2026-08-22,Samedi,12:00,12:45,Le 33 Foch,CORE TRAINING,FABRICE,0,0,True,disponible,2026-08-16 07:43
2026-08-22|12:00|le 33 foch|pilates reformer,2026-08-22,Samedi,12:00,12:50,Le 33 Foch,PILATES REFORMER,MORGANE,0,0,True,disponible,2026-08-16 07:43
2026-08-22|13:00|le 33 foch|cardio-boxing,2026-08-22,Samedi,13:00,13:45,Le 33 Foch,CARDIO-BOXING,MAX,0,0,True,disponible,2026-08-16 07:43
2026-08-22|14:00|le 33 foch|pilates mat,2026-08-22,Samedi,14:00,14:45,Le 33 Foch,PILATES MAT,YOANN,0,0,True,disponible,2026-08-16 07:43
2026-08-22|15:00|le 33 foch|teenagers boxing (10-14 ans),2026-08-22,Samedi,15:00,15:45,Le 33 Foch,TEENAGERS BOXING (10-14 ans),MAX,0,0,True,inconnu,2026-08-16 07:43
2026-08-22|16:00|le 33 foch|cardio-boxing,2026-08-22,Samedi,16:00,16:50,Le 33 Foch,CARDIO-BOXING,LUCIE,0,0,True,inconnu,2026-08-16 07:43
2026-08-22|17:00|le 33 foch|yoga vinyasa,2026-08-22,Samedi,17:00,17:45,Le 33 Foch,YOGA VINYASA,LUCIE,0,0,True,inconnu,2026-08-16 07:43
2026-08-23|10:00|le 33 foch|bootcamp,2026-08-23,Dimanche,10:00,10:45,Le 33 Foch,BOOTCAMP,MATTEO,0,0,True,disponible,2026-08-17 07:51
2026-08-23|10:00|le 33 foch|micro lagree,2026-08-23,Dimanche,10:00,10:50,Le 33 Foch,MICRO LAGREE,INES B. (Suppléant),0,0,True,disponible,2026-08-17 07:51
2026-08-23|10:00|le 33 foch|pilates reformer (niveau 2),2026-08-23,Dimanche,10:00,10:50,Le 33 Foch,PILATES REFORMER (Niveau 2),SAMBA (Suppléant),0,0,True,disponible,2026-08-17 07:51
2026-08-23|11:00|le 33 foch|cardio-boxing,2026-08-23,Dimanche,11:00,11:45,Le 33 Foch,CARDIO-BOXING,JEREMI,0,0,True,disponible,2026-08-17 07:51
2026-08-23|11:00|le 33 foch|micro lagree,2026-08-23,Dimanche,11:00,11:50,Le 33 Foch,MICRO LAGREE,INES B. (Suppléant),0,0,True,disponible,2026-08-17 07:51
2026-08-23|11:00|le 33 foch|pilates reformer (niveau 2),2026-08-23,Dimanche,11:00,11:50,Le 33 Foch,PILATES REFORMER (Niveau 2),SAMBA (Suppléant),0,0,True,disponible,2026-08-17 07:51
2026-08-23|11:30|le 33 foch|cuisses abdos fessiers,2026-08-23,Dimanche,11:30,12:15,Le 33 Foch,CUISSES ABDOS FESSIERS,MATTEO,0,0,True,disponible,2026-08-17 07:51
2026-08-23|12:00|le 33 foch|cardio-boxing,2026-08-23,Dimanche,12:00,12:45,Le 33 Foch,CARDIO-BOXING,JEREMI,0,0,True,disponible,2026-08-17 07:51
2026-08-23|12:00|le 33 foch|micro lagree,2026-08-23,Dimanche,12:00,12:50,Le 33 Foch,MICRO LAGREE,INES B. (Suppléant),0,0,True,disponible,2026-08-17 07:51
2026-08-23|12:00|le 33 foch|pilates reformer (niveau 2),2026-08-23,Dimanche,12:00,12:50,Le 33 Foch,PILATES REFORMER (Niveau 2),LISA,0,0,True,inconnu,2026-08-17 07:51
2026-08-23|12:30|le 33 foch|bootcamp & cycle,2026-08-23,Dimanche,12:30,13:15,Le 33 Foch,BOOTCAMP & CYCLE,MATTEO,0,0,True,disponible,2026-08-17 07:51
2026-08-23|15:00|le 33 foch|pilates reformer,2026-08-23,Dimanche,15:00,15:50,Le 33 Foch,PILATES REFORMER,MORGANE,0,0,True,disponible,2026-08-17 07:51
2026-08-23|16:00|le 33 foch|pilates reformer,2026-08-23,Dimanche,16:00,16:50,Le 33 Foch,PILATES REFORMER,MORGANE,0,0,True,disponible,2026-08-17 07:51
2026-08-23|17:00|le 33 foch|pilates reformer,2026-08-23,Dimanche,17:00,17:50,Le 33 Foch,PILATES REFORMER,MORGANE,0,0,True,disponible,2026-08-17 07:51
2026-08-24|08:00|le 33 foch|pilates reformer (niveau 2),2026-08-24,Lundi,08:00,08:50,Le 33 Foch,PILATES REFORMER (Niveau 2),LISA,0,0,True,inconnu,2026-08-18 00:11
2026-08-24|09:00|le 33 foch|cuisses abdos fessiers,2026-08-24,Lundi,09:00,09:45,Le 33 Foch,CUISSES ABDOS FESSIERS,MATTEO,0,0,True,disponible,2026-08-18 00:11
2026-08-24|09:00|le 33 foch|pilates reformer (niveau 2),2026-08-24,Lundi,09:00,09:50,Le 33 Foch,PILATES REFORMER (Niveau 2),SEVILLE (Suppléant),0,0,True,disponible,2026-08-18 00:11
2026-08-24|10:00|le 33 foch|pilates reformer (niveau 2),2026-08-24,Lundi,10:00,10:50,Le 33 Foch,PILATES REFORMER (Niveau 2),SEVILLE (Suppléant),0,0,True,disponible,2026-08-18 00:11
2026-08-24|11:00|le 33 foch|body sculpt,2026-08-24,Lundi,11:00,11:45,Le 33 Foch,BODY SCULPT,DOMINIQUE,0,0,True,inconnu,2026-08-18 00:11
2026-08-24|12:00|le 33 foch|micro lagree,2026-08-24,Lundi,12:00,12:50,Le 33 Foch,MICRO LAGREE,FLAVIE (Suppléant),0,0,True,disponible,2026-08-18 00:11
2026-08-24|12:00|le 33 foch|pilates reformer,2026-08-24,Lundi,12:00,12:50,Le 33 Foch,PILATES REFORMER,CANDICE,0,0,True,disponible,2026-08-18 00:11
2026-08-24|12:30|le 33 foch|trx,2026-08-24,Lundi,12:30,13:15,Le 33 Foch,TRX,MAX,0,0,True,disponible,2026-08-18 00:11
2026-08-24|13:00|le 33 foch|micro lagree,2026-08-24,Lundi,13:00,13:50,Le 33 Foch,MICRO LAGREE,FLAVIE (Suppléant),0,0,True,disponible,2026-08-18 00:11
2026-08-24|13:00|le 33 foch|pilates reformer,2026-08-24,Lundi,13:00,13:50,Le 33 Foch,PILATES REFORMER,CANDICE,0,0,True,disponible,2026-08-18 00:11
2026-08-24|15:00|le 33 foch|pilates reformer,2026-08-24,Lundi,15:00,15:50,Le 33 Foch,PILATES REFORMER,ENZO,0,0,True,inconnu,2026-08-18 00:11
2026-08-24|16:00|le 33 foch|micro lagree,2026-08-24,Lundi,16:00,16:50,Le 33 Foch,MICRO LAGREE,ENZO,0,0,True,inconnu,2026-08-18 00:11
2026-08-24|17:00|le 33 foch|cardio-boxing,2026-08-24,Lundi,17:00,17:45,Le 33 Foch,CARDIO-BOXING,MAX,0,0,True,disponible,2026-08-18 00:11
2026-08-24|17:00|le 33 foch|micro lagree,2026-08-24,Lundi,17:00,17:50,Le 33 Foch,MICRO LAGREE,EVA,0,0,True,disponible,2026-08-18 00:11
2026-08-24|18:00|le 33 foch|body sculpt,2026-08-24,Lundi,18:00,18:45,Le 33 Foch,BODY SCULPT,DOMINIQUE,0,0,True,inconnu,2026-08-18 00:11
2026-08-24|18:00|le 33 foch|cardio-boxing,2026-08-24,Lundi,18:00,18:45,Le 33 Foch,CARDIO-BOXING,MAX,0,0,True,disponible,2026-08-18 00:11
2026-08-24|18:00|le 33 foch|micro lagree,2026-08-24,Lundi,18:00,18:50,Le 33 Foch,MICRO LAGREE,EVA,0,0,True,disponible,2026-08-18 00:11
2026-08-24|18:00|le 33 foch|pilates reformer,2026-08-24,Lundi,18:00,18:50,Le 33 Foch,PILATES REFORMER,CANDICE,0,0,True,disponible,2026-08-18 00:11
2026-08-24|19:00|le 33 foch|cardio-boxing,2026-08-24,Lundi,19:00,19:45,Le 33 Foch,CARDIO-BOXING,MAX,0,0,True,disponible,2026-08-18 00:11
2026-08-24|19:00|le 33 foch|micro lagree,2026-08-24,Lundi,19:00,19:50,Le 33 Foch,MICRO LAGREE,EVA (Suppléant),0,0,True,disponible,2026-08-18 00:11
2026-08-24|19:00|le 33 foch|pilates reformer,2026-08-24,Lundi,19:00,19:50,Le 33 Foch,PILATES REFORMER,CANDICE,0,0,True,disponible,2026-08-18 00:11
2026-08-24|19:15|le 33 foch|bootcamp & cycle,2026-08-24,Lundi,19:15,20:00,Le 33 Foch,BOOTCAMP & CYCLE,MATTEO,0,0,True,disponible,2026-08-18 00:11
2026-08-24|20:00|le 33 foch|cardio-boxing,2026-08-24,Lundi,20:00,20:45,Le 33 Foch,CARDIO-BOXING,MAX,0,0,True,disponible,2026-08-18 00:11
2026-08-24|20:00|le 33 foch|micro lagree,2026-08-24,Lundi,20:00,20:50,Le 33 Foch,MICRO LAGREE,EVA (Suppléant),0,0,True,disponible,2026-08-18 00:11
2026-08-25|09:00|le 33 foch|bootcamp & cycle,2026-08-25,Mardi,09:00,09:45,Le 33 Foch,BOOTCAMP & CYCLE,YOANN,0,0,True,disponible,2026-08-19 06:53
2026-08-25|10:00|le 33 foch|pilates reformer,2026-08-25,Mardi,10:00,10:50,Le 33 Foch,PILATES REFORMER,YOANN,0,0,True,disponible,2026-08-19 06:53
2026-08-25|11:00|le 33 foch|micro lagree,2026-08-25,Mardi,11:00,11:50,Le 33 Foch,MICRO LAGREE,FLAVIE (Suppléant),0,0,True,disponible,2026-08-19 06:53
2026-08-25|11:00|le 33 foch|yoga/pilates,2026-08-25,Mardi,11:00,11:50,Le 33 Foch,YOGA/PILATES,CAROLINE,0,0,True,disponible,2026-08-19 06:53
2026-08-25|12:00|le 33 foch|micro lagree,2026-08-25,Mardi,12:00,12:50,Le 33 Foch,MICRO LAGREE,FLAVIE (Suppléant),0,0,True,disponible,2026-08-19 06:53
2026-08-25|12:00|le 33 foch|pilates reformer,2026-08-25,Mardi,12:00,12:50,Le 33 Foch,PILATES REFORMER,REBECCA R.,0,0,True,inconnu,2026-08-19 06:53
2026-08-25|12:30|le 33 foch|bootcamp & cycle (wod),2026-08-25,Mardi,12:30,13:15,Le 33 Foch,BOOTCAMP & CYCLE (WOD),YOANN,0,0,True,disponible,2026-08-19 06:53
2026-08-25|13:00|le 33 foch|cardio-boxing,2026-08-25,Mardi,13:00,13:45,Le 33 Foch,CARDIO-BOXING,MAX,0,0,True,disponible,2026-08-19 06:53
2026-08-25|13:00|le 33 foch|micro lagree,2026-08-25,Mardi,13:00,13:50,Le 33 Foch,MICRO LAGREE,ENZO,0,0,True,inconnu,2026-08-19 06:53
2026-08-25|13:00|le 33 foch|pilates reformer,2026-08-25,Mardi,13:00,13:50,Le 33 Foch,PILATES REFORMER,REBECCA R.,0,0,True,inconnu,2026-08-19 06:53
2026-08-25|18:00|le 33 foch|body sculpt,2026-08-25,Mardi,18:00,18:45,Le 33 Foch,BODY SCULPT,DOMINIQUE,0,0,True,inconnu,2026-08-19 06:53
2026-08-25|18:00|le 33 foch|cardio-boxing,2026-08-25,Mardi,18:00,18:45,Le 33 Foch,CARDIO-BOXING,HISANY,0,0,True,disponible,2026-08-19 06:53
2026-08-25|18:00|le 33 foch|micro lagree,2026-08-25,Mardi,18:00,18:50,Le 33 Foch,MICRO LAGREE,REBECCA G.,0,0,True,disponible,2026-08-19 06:53
2026-08-25|18:00|le 33 foch|pilates reformer,2026-08-25,Mardi,18:00,18:50,Le 33 Foch,PILATES REFORMER,ENZO,0,0,True,inconnu,2026-08-19 06:53
2026-08-25|19:00|le 33 foch|cardio-boxing,2026-08-25,Mardi,19:00,19:45,Le 33 Foch,CARDIO-BOXING,MAX,0,0,True,disponible,2026-08-19 06:53
2026-08-25|19:00|le 33 foch|micro lagree,2026-08-25,Mardi,19:00,19:50,Le 33 Foch,MICRO LAGREE,REBECCA G.,0,0,True,disponible,2026-08-19 06:53
2026-08-25|19:00|le 33 foch|pilates reformer,2026-08-25,Mardi,19:00,19:50,Le 33 Foch,PILATES REFORMER,ENZO,0,0,True,inconnu,2026-08-19 06:53
2026-08-25|19:15|le 33 foch|bootcamp & cycle (wod),2026-08-25,Mardi,19:15,20:00,Le 33 Foch,BOOTCAMP & CYCLE (WOD),HISANY,0,0,True,disponible,2026-08-19 06:53
2026-08-25|20:00|le 33 foch|cardio-boxing,2026-08-25,Mardi,20:00,20:45,Le 33 Foch,CARDIO-BOXING,MAX,0,0,True,disponible,2026-08-19 06:53
2026-08-25|20:00|le 33 foch|pilates reformer,2026-08-25,Mardi,20:00,20:50,Le 33 Foch,PILATES REFORMER,ENZO,0,0,True,inconnu,2026-08-19 06:53
2026-08-25|20:15|le 33 foch|bootcamp & cycle (wod),2026-08-25,Mardi,20:15,21:00,Le 33 Foch,BOOTCAMP & CYCLE (WOD),HISANY,0,0,True,disponible,2026-08-19 06:53
2026-08-26|08:00|le 33 foch|pilates reformer (niveau 2),2026-08-26,Mercredi,08:00,08:50,Le 33 Foch,PILATES REFORMER (Niveau 2),LISA,0,0,True,inconnu,2026-08-20 00:01
2026-08-26|08:30|le 33 foch|trx & cycle,2026-08-26,Mercredi,08:30,09:15,Le 33 Foch,TRX & CYCLE,JEREMI,0,0,True,disponible,2026-08-20 00:01
2026-08-26|09:00|le 33 foch|pilates reformer (niveau 2),2026-08-26,Mercredi,09:00,09:50,Le 33 Foch,PILATES REFORMER (Niveau 2),SEVILLE (Suppléant),0,0,True,disponible,2026-08-20 00:01
2026-08-26|10:00|le 33 foch|pilates reformer (niveau 2),2026-08-26,Mercredi,10:00,10:50,Le 33 Foch,PILATES REFORMER (Niveau 2),SEVILLE (Suppléant),0,0,True,disponible,2026-08-20 00:01
2026-08-26|11:00|le 33 foch|micro lagree,2026-08-26,Mercredi,11:00,11:50,Le 33 Foch,MICRO LAGREE,INES B. (Suppléant),0,0,True,disponible,2026-08-20 00:01
2026-08-26|11:00|le 33 foch|pilates mat,2026-08-26,Mercredi,11:00,11:50,Le 33 Foch,PILATES MAT,CAROLINE,0,0,True,disponible,2026-08-20 00:01
2026-08-26|12:00|le 33 foch|micro lagree,2026-08-26,Mercredi,12:00,12:50,Le 33 Foch,MICRO LAGREE,INES B. (Suppléant),0,0,True,disponible,2026-08-20 00:01
2026-08-26|12:00|le 33 foch|pilates reformer,2026-08-26,Mercredi,12:00,12:50,Le 33 Foch,PILATES REFORMER,REBECCA G.,0,0,True,disponible,2026-08-20 00:01
2026-08-26|12:30|le 33 foch|bootcamp & cycle (wod),2026-08-26,Mercredi,12:30,13:15,Le 33 Foch,BOOTCAMP & CYCLE (WOD),MATTEO,0,0,True,inconnu,2026-08-20 00:01
2026-08-26|13:00|le 33 foch|cardio-boxing,2026-08-26,Mercredi,13:00,13:45,Le 33 Foch,CARDIO-BOXING,JEREMI,0,0,True,disponible,2026-08-20 00:01
2026-08-26|13:00|le 33 foch|pilates reformer,2026-08-26,Mercredi,13:00,13:50,Le 33 Foch,PILATES REFORMER,REBECCA G.,0,0,True,disponible,2026-08-20 00:01
2026-08-26|15:00|le 33 foch|pilates reformer,2026-08-26,Mercredi,15:00,15:50,Le 33 Foch,PILATES REFORMER,CANDICE,0,0,True,inconnu,2026-08-20 00:01
2026-08-26|16:00|le 33 foch|kids boxing (6 à 9 ans),2026-08-26,Mercredi,16:00,16:45,Le 33 Foch,KIDS BOXING (6 à 9 ans),MAX,0,0,True,inconnu,2026-08-20 00:01
2026-08-26|16:00|le 33 foch|pilates reformer,2026-08-26,Mercredi,16:00,16:50,Le 33 Foch,PILATES REFORMER,CANDICE,0,0,True,disponible,2026-08-20 00:01
2026-08-26|17:00|le 33 foch|micro lagree,2026-08-26,Mercredi,17:00,17:50,Le 33 Foch,MICRO LAGREE,INES B. (Suppléant),0,0,True,disponible,2026-08-20 00:01
2026-08-26|18:00|le 33 foch|bootcamp & cycle (wod),2026-08-26,Mercredi,18:00,18:45,Le 33 Foch,BOOTCAMP & CYCLE (WOD),MATTEO,0,0,True,inconnu,2026-08-20 00:01
2026-08-26|18:00|le 33 foch|cardio-boxing,2026-08-26,Mercredi,18:00,18:45,Le 33 Foch,CARDIO-BOXING,YAMANI,0,0,True,inconnu,2026-08-20 00:01
2026-08-26|18:00|le 33 foch|micro lagree,2026-08-26,Mercredi,18:00,18:50,Le 33 Foch,MICRO LAGREE,INES B. (Suppléant),0,0,True,disponible,2026-08-20 00:01
2026-08-26|18:00|le 33 foch|pilates reformer,2026-08-26,Mercredi,18:00,18:50,Le 33 Foch,PILATES REFORMER,CANDICE,0,0,True,disponible,2026-08-20 00:01
2026-08-26|19:00|le 33 foch|cardio-boxing,2026-08-26,Mercredi,19:00,19:45,Le 33 Foch,CARDIO-BOXING,YAMANI,0,0,True,inconnu,2026-08-20 00:01
2026-08-26|19:00|le 33 foch|micro lagree,2026-08-26,Mercredi,19:00,19:50,Le 33 Foch,MICRO LAGREE,EVA,0,0,True,disponible,2026-08-20 00:01
2026-08-26|19:00|le 33 foch|pilates reformer,2026-08-26,Mercredi,19:00,19:50,Le 33 Foch,PILATES REFORMER,CANDICE,0,0,True,disponible,2026-08-20 00:01
2026-08-26|19:00|le 33 foch|trx,2026-08-26,Mercredi,19:00,19:45,Le 33 Foch,TRX,@LE 33 FOCH (Suppléant),0,0,True,disponible,2026-08-20 00:01
2026-08-26|20:00|le 33 foch|cuisses abdos fessiers,2026-08-26,Mercredi,20:00,20:45,Le 33 Foch,CUISSES ABDOS FESSIERS,@LE 33 FOCH (Suppléant),0,0,True,disponible,2026-08-20 00:01
2026-08-26|20:00|le 33 foch|micro lagree,2026-08-26,Mercredi,20:00,20:50,Le 33 Foch,MICRO LAGREE,EVA,0,0,True,disponible,2026-08-20 00:01
2026-08-26|20:00|le 33 foch|pilates reformer,2026-08-26,Mercredi,20:00,20:50,Le 33 Foch,PILATES REFORMER,CANDICE,0,0,True,disponible,2026-08-20 00:01
2026-08-27|09:00|le 33 foch|cuisses abdos fessiers,2026-08-27,Jeudi,09:00,09:45,Le 33 Foch,CUISSES ABDOS FESSIERS,MATTEO,0,0,True,inconnu,2026-08-21 00:02
2026-08-27|09:00|le 33 foch|pilates reformer,2026-08-27,Jeudi,09:00,09:50,Le 33 Foch,PILATES REFORMER,SAMBA (Suppléant),0,0,True,disponible,2026-08-21 00:02
2026-08-27|10:00|le 33 foch|pilates reformer,2026-08-27,Jeudi,10:00,10:50,Le 33 Foch,PILATES REFORMER,SAMBA (Suppléant),0,0,True,disponible,2026-08-21 00:02
2026-08-27|11:00|le 33 foch|body sculpt,2026-08-27,Jeudi,11:00,11:50,Le 33 Foch,BODY SCULPT,DOMINIQUE,0,0,True,inconnu,2026-08-21 00:02
2026-08-27|12:00|le 33 foch|micro lagree,2026-08-27,Jeudi,12:00,12:50,Le 33 Foch,MICRO LAGREE,REBECCA G. (Suppléant),0,0,True,disponible,2026-08-21 00:02
2026-08-27|12:30|le 33 foch|my fit barre by valerie,2026-08-27,Jeudi,12:30,13:15,Le 33 Foch,MY FIT BARRE BY VALERIE,VALERIE,0,0,True,inconnu,2026-08-21 00:02
2026-08-27|13:00|le 33 foch|cardio-boxing,2026-08-27,Jeudi,13:00,13:45,Le 33 Foch,CARDIO-BOXING,MAX,0,0,True,disponible,2026-08-21 00:02
2026-08-27|13:00|le 33 foch|micro lagree,2026-08-27,Jeudi,13:00,13:50,Le 33 Foch,MICRO LAGREE,REBECCA G. (Suppléant),0,0,True,disponible,2026-08-21 00:02
2026-08-27|17:00|le 33 foch|pilates reformer,2026-08-27,Jeudi,17:00,17:50,Le 33 Foch,PILATES REFORMER,CANDICE,0,0,True,disponible,2026-08-21 00:02
2026-08-27|18:00|le 33 foch|cardio-boxing,2026-08-27,Jeudi,18:00,18:45,Le 33 Foch,CARDIO-BOXING,JEREMI,0,0,True,inconnu,2026-08-21 00:02
2026-08-27|18:00|le 33 foch|micro lagree,2026-08-27,Jeudi,18:00,18:50,Le 33 Foch,MICRO LAGREE,MORGANE (Suppléant),0,0,True,disponible,2026-08-21 00:02
2026-08-27|18:00|le 33 foch|pilates reformer,2026-08-27,Jeudi,18:00,18:50,Le 33 Foch,PILATES REFORMER,CANDICE,0,0,True,disponible,2026-08-21 00:02
2026-08-27|19:00|le 33 foch|bootcamp & cycle,2026-08-27,Jeudi,19:00,19:45,Le 33 Foch,BOOTCAMP & CYCLE,MAX,0,0,True,disponible,2026-08-21 00:02
2026-08-27|19:00|le 33 foch|cardio-boxing,2026-08-27,Jeudi,19:00,19:45,Le 33 Foch,CARDIO-BOXING,LUCIE (Suppléant),0,0,True,disponible,2026-08-21 00:02
2026-08-27|19:00|le 33 foch|micro lagree,2026-08-27,Jeudi,19:00,19:50,Le 33 Foch,MICRO LAGREE,MORGANE (Suppléant),0,0,True,disponible,2026-08-21 00:02
2026-08-27|20:00|le 33 foch|bootcamp,2026-08-27,Jeudi,20:00,20:45,Le 33 Foch,BOOTCAMP,MAX,0,0,True,disponible,2026-08-21 00:02
2026-08-27|20:00|le 33 foch|cardio-boxing,2026-08-27,Jeudi,20:00,20:45,Le 33 Foch,CARDIO-BOXING,LUCIE (Suppléant),0,0,True,disponible,2026-08-21 00:02
2026-08-28|10:00|le 33 foch|pilates reformer (niveau 2),2026-08-28,Vendredi,10:00,10:50,Le 33 Foch,PILATES REFORMER (Niveau 2),JORDAN,0,0,True,inconnu,2026-08-22 00:00
2026-08-28|11:00|le 33 foch|body sculpt,2026-08-28,Vendredi,11:00,11:45,Le 33 Foch,BODY SCULPT,DOMINIQUE,0,0,True,inconnu,2026-08-22 00:00
2026-08-28|11:00|le 33 foch|micro lagree,2026-08-28,Vendredi,11:00,11:50,Le 33 Foch,MICRO LAGREE,EVA,0,0,True,disponible,2026-08-22 00:00
2026-08-28|11:00|le 33 foch|pilates reformer (niveau 2),2026-08-28,Vendredi,11:00,11:50,Le 33 Foch,PILATES REFORMER (Niveau 2),JORDAN,0,0,True,inconnu,2026-08-22 00:00
2026-08-28|12:00|le 33 foch|micro lagree,2026-08-28,Vendredi,12:00,12:50,Le 33 Foch,MICRO LAGREE,EVA,0,0,True,disponible,2026-08-22 00:00
2026-08-28|12:00|le 33 foch|pilates reformer (niveau 2),2026-08-28,Vendredi,12:00,12:50,Le 33 Foch,PILATES REFORMER (Niveau 2),JORDAN,0,0,True,inconnu,2026-08-22 00:00
2026-08-28|12:30|le 33 foch|trx,2026-08-28,Vendredi,12:30,13:15,Le 33 Foch,TRX,MAX,0,0,True,disponible,2026-08-22 00:00
2026-08-28|16:00|le 33 foch|pilates reformer,2026-08-28,Vendredi,16:00,16:50,Le 33 Foch,PILATES REFORMER,ILANA,0,0,True,disponible,2026-08-22 00:00
2026-08-28|17:00|le 33 foch|micro lagree,2026-08-28,Vendredi,17:00,17:50,Le 33 Foch,MICRO LAGREE,MORGANE (Suppléant),0,0,True,disponible,2026-08-22 00:00
2026-08-28|18:00|le 33 foch|cardio-boxing,2026-08-28,Vendredi,18:00,18:45,Le 33 Foch,CARDIO-BOXING,HISANY,0,0,True,disponible,2026-08-22 00:00
2026-08-28|18:00|le 33 foch|micro lagree,2026-08-28,Vendredi,18:00,18:50,Le 33 Foch,MICRO LAGREE,MORGANE (Suppléant),0,0,True,disponible,2026-08-22 00:00
2026-08-28|18:00|le 33 foch|pilates reformer,2026-08-28,Vendredi,18:00,18:50,Le 33 Foch,PILATES REFORMER,TAIR,0,0,True,disponible,2026-08-22 00:00
2026-08-28|19:00|le 33 foch|cardio-boxing,2026-08-28,Vendredi,19:00,19:45,Le 33 Foch,CARDIO-BOXING,HISANY,0,0,True,disponible,2026-08-22 00:00
2026-08-28|19:00|le 33 foch|micro lagree,2026-08-28,Vendredi,19:00,19:50,Le 33 Foch,MICRO LAGREE,MORGANE (Suppléant),0,0,True,disponible,2026-08-22 00:00
2026-08-28|19:00|le 33 foch|pilates reformer,2026-08-28,Vendredi,19:00,19:50,Le 33 Foch,PILATES REFORMER,TAIR,0,0,True,disponible,2026-08-22 00:00
2026-08-29|10:00|le 33 foch|micro lagree,2026-08-29,Samedi,10:00,10:50,Le 33 Foch,MICRO LAGREE,MAX,0,0,True,disponible,2026-08-22 23:58
2026-08-29|10:00|le 33 foch|pilates reformer,2026-08-29,Samedi,10:00,10:50,Le 33 Foch,PILATES REFORMER,MORGANE,0,0,True,disponible,2026-08-22 23:58
2026-08-29|10:00|le 33 foch|yoga vinyasa,2026-08-29,Samedi,10:00,10:50,Le 33 Foch,YOGA VINYASA,CAROLINE,0,0,True,disponible,2026-08-22 23:58
2026-08-29|11:00|le 33 foch|micro lagree,2026-08-29,Samedi,11:00,11:50,Le 33 Foch,MICRO LAGREE,MAX,0,0,True,disponible,2026-08-22 23:58
2026-08-29|11:00|le 33 foch|pilates reformer,2026-08-29,Samedi,11:00,11:50,Le 33 Foch,PILATES REFORMER,MORGANE,0,0,True,disponible,2026-08-22 23:58
2026-08-29|11:00|le 33 foch|trx,2026-08-29,Samedi,11:00,11:45,Le 33 Foch,TRX,FABRICE,0,0,True,disponible,2026-08-22 23:58
2026-08-29|12:00|le 33 foch|cardio-boxing,2026-08-29,Samedi,12:00,12:45,Le 33 Foch,CARDIO-BOXING,MAX,0,0,True,disponible,2026-08-22 23:58
2026-08-29|12:00|le 33 foch|core training,2026-08-29,Samedi,12:00,12:45,Le 33 Foch,CORE TRAINING,FABRICE,0,0,True,disponible,2026-08-22 23:58
2026-08-29|12:00|le 33 foch|pilates reformer,2026-08-29,Samedi,12:00,12:50,Le 33 Foch,PILATES REFORMER,MORGANE,0,0,True,disponible,2026-08-22 23:58
2026-08-29|13:00|le 33 foch|cardio-boxing,2026-08-29,Samedi,13:00,13:45,Le 33 Foch,CARDIO-BOXING,MAX,0,0,True,disponible,2026-08-22 23:58
2026-08-29|14:00|le 33 foch|pilates mat,2026-08-29,Samedi,14:00,14:45,Le 33 Foch,PILATES MAT,YOANN,0,0,True,disponible,2026-08-22 23:58
2026-08-29|15:00|le 33 foch|teenagers boxing (10-14 ans),2026-08-29,Samedi,15:00,15:45,Le 33 Foch,TEENAGERS BOXING (10-14 ans),MAX,0,0,True,inconnu,2026-08-22 23:58
2026-08-29|16:00|le 33 foch|cardio-boxing,2026-08-29,Samedi,16:00,16:50,Le 33 Foch,CARDIO-BOXING,LUCIE,0,0,True,disponible,2026-08-22 23:58
2026-08-29|17:00|le 33 foch|yoga vinyasa,2026-08-29,Samedi,17:00,17:45,Le 33 Foch,YOGA VINYASA,LUCIE,0,0,True,disponible,2026-08-22 23:58
2026-08-30|10:00|le 33 foch|bootcamp,2026-08-30,Dimanche,10:00,10:45,Le 33 Foch,BOOTCAMP,JONATHAN (Suppléant),0,0,True,disponible,2026-08-23 23:58
2026-08-30|10:00|le 33 foch|micro lagree,2026-08-30,Dimanche,10:00,10:50,Le 33 Foch,MICRO LAGREE,JULIA,0,0,True,disponible,2026-08-23 23:58
2026-08-30|10:00|le 33 foch|pilates reformer (niveau 2),2026-08-30,Dimanche,10:00,10:50,Le 33 Foch,PILATES REFORMER (Niveau 2),SAMBA (Suppléant),0,0,True,disponible,2026-08-23 23:58
2026-08-30|11:00|le 33 foch|cardio-boxing,2026-08-30,Dimanche,11:00,11:45,Le 33 Foch,CARDIO-BOXING,AARON (Suppléant),0,0,True,disponible,2026-08-23 23:58
2026-08-30|11:00|le 33 foch|micro lagree,2026-08-30,Dimanche,11:00,11:50,Le 33 Foch,MICRO LAGREE,JULIA,0,0,True,disponible,2026-08-23 23:58
2026-08-30|11:00|le 33 foch|pilates reformer (niveau 2),2026-08-30,Dimanche,11:00,11:50,Le 33 Foch,PILATES REFORMER (Niveau 2),SAMBA (Suppléant),0,0,True,disponible,2026-08-23 23:58
2026-08-30|11:30|le 33 foch|cuisses abdos fessiers,2026-08-30,Dimanche,11:30,12:15,Le 33 Foch,CUISSES ABDOS FESSIERS,JONATHAN (Suppléant),0,0,True,disponible,2026-08-23 23:58
2026-08-30|12:00|le 33 foch|cardio-boxing,2026-08-30,Dimanche,12:00,12:45,Le 33 Foch,CARDIO-BOXING,AARON (Suppléant),0,0,True,disponible,2026-08-23 23:58
2026-08-30|12:00|le 33 foch|micro lagree,2026-08-30,Dimanche,12:00,12:50,Le 33 Foch,MICRO LAGREE,JULIA,0,0,True,disponible,2026-08-23 23:58
2026-08-30|12:00|le 33 foch|pilates reformer (niveau 2),2026-08-30,Dimanche,12:00,12:50,Le 33 Foch,PILATES REFORMER (Niveau 2),LISA,0,0,True,inconnu,2026-08-23 23:58
2026-08-30|12:30|le 33 foch|bootcamp & cycle,2026-08-30,Dimanche,12:30,13:15,Le 33 Foch,BOOTCAMP & CYCLE,JONATHAN (Suppléant),0,0,True,disponible,2026-08-23 23:58
2026-08-30|15:00|le 33 foch|pilates reformer,2026-08-30,Dimanche,15:00,15:50,Le 33 Foch,PILATES REFORMER,MORGANE,0,0,True,disponible,2026-08-23 23:58
2026-08-30|16:00|le 33 foch|pilates reformer,2026-08-30,Dimanche,16:00,16:50,Le 33 Foch,PILATES REFORMER,MORGANE,0,0,True,disponible,2026-08-23 23:58
2026-08-30|17:00|le 33 foch|pilates reformer,2026-08-30,Dimanche,17:00,17:50,Le 33 Foch,PILATES REFORMER,MORGANE,0,0,True,disponible,2026-08-23 23:58
2026-08-31|08:00|le 33 foch|pilates reformer (niveau 2),2026-08-31,Lundi,08:00,08:50,Le 33 Foch,PILATES REFORMER (Niveau 2),ENZO (Suppléant),0,0,True,disponible,2026-08-25 00:02
2026-08-31|09:00|le 33 foch|cuisses abdos fessiers,2026-08-31,Lundi,09:00,09:45,Le 33 Foch,CUISSES ABDOS FESSIERS,MATTEO,0,0,True,disponible,2026-08-25 00:02
2026-08-31|09:00|le 33 foch|pilates reformer (niveau 2),2026-08-31,Lundi,09:00,09:50,Le 33 Foch,PILATES REFORMER (Niveau 2),ENZO (Suppléant),0,0,True,disponible,2026-08-25 00:02
2026-08-31|10:00|le 33 foch|pilates reformer (niveau 2),2026-08-31,Lundi,10:00,10:50,Le 33 Foch,PILATES REFORMER (Niveau 2),ENZO (Suppléant),0,0,True,disponible,2026-08-25 00:02
2026-08-31|11:00|le 33 foch|body sculpt,2026-08-31,Lundi,11:00,11:45,Le 33 Foch,BODY SCULPT,DOMINIQUE,0,0,True,inconnu,2026-08-25 00:02
2026-08-31|12:00|le 33 foch|micro lagree,2026-08-31,Lundi,12:00,12:50,Le 33 Foch,MICRO LAGREE,ENZO (Suppléant),0,0,True,disponible,2026-08-25 00:02
2026-08-31|12:00|le 33 foch|pilates reformer,2026-08-31,Lundi,12:00,12:50,Le 33 Foch,PILATES REFORMER,CANDICE,0,0,True,disponible,2026-08-25 00:02
2026-08-31|12:30|le 33 foch|trx,2026-08-31,Lundi,12:30,13:15,Le 33 Foch,TRX,MAX,0,0,True,disponible,2026-08-25 00:02
2026-08-31|13:00|le 33 foch|micro lagree,2026-08-31,Lundi,13:00,13:50,Le 33 Foch,MICRO LAGREE,ENZO (Suppléant),0,0,True,disponible,2026-08-25 00:02
2026-08-31|13:00|le 33 foch|pilates reformer,2026-08-31,Lundi,13:00,13:50,Le 33 Foch,PILATES REFORMER,CANDICE,0,0,True,disponible,2026-08-25 00:02
2026-08-31|15:00|le 33 foch|pilates reformer,2026-08-31,Lundi,15:00,15:50,Le 33 Foch,PILATES REFORMER,ENZO,0,0,True,disponible,2026-08-25 00:02
2026-08-31|16:00|le 33 foch|micro lagree,2026-08-31,Lundi,16:00,16:50,Le 33 Foch,MICRO LAGREE,ENZO,0,0,True,disponible,2026-08-25 00:02
2026-08-31|17:00|le 33 foch|cardio-boxing,2026-08-31,Lundi,17:00,17:45,Le 33 Foch,CARDIO-BOXING,MAX,0,0,True,disponible,2026-08-25 00:02
2026-08-31|17:00|le 33 foch|micro lagree,2026-08-31,Lundi,17:00,17:50,Le 33 Foch,MICRO LAGREE,EVA,0,0,True,disponible,2026-08-25 00:02
2026-08-31|18:00|le 33 foch|body sculpt,2026-08-31,Lundi,18:00,18:45,Le 33 Foch,BODY SCULPT,DOMINIQUE,0,0,True,inconnu,2026-08-25 00:02
2026-08-31|18:00|le 33 foch|cardio-boxing,2026-08-31,Lundi,18:00,18:45,Le 33 Foch,CARDIO-BOXING,MAX,0,0,True,disponible,2026-08-25 00:02
2026-08-31|18:00|le 33 foch|micro lagree,2026-08-31,Lundi,18:00,18:50,Le 33 Foch,MICRO LAGREE,EVA,0,0,True,disponible,2026-08-25 00:02
2026-08-31|18:00|le 33 foch|pilates reformer,2026-08-31,Lundi,18:00,18:50,Le 33 Foch,PILATES REFORMER,CANDICE,0,0,True,disponible,2026-08-25 00:02
2026-08-31|19:00|le 33 foch|cardio-boxing,2026-08-31,Lundi,19:00,19:45,Le 33 Foch,CARDIO-BOXING,MAX,0,0,True,disponible,2026-08-25 00:02
2026-08-31|19:00|le 33 foch|micro lagree,2026-08-31,Lundi,19:00,19:50,Le 33 Foch,MICRO LAGREE,EVA (Suppléant),0,0,True,disponible,2026-08-25 00:02
2026-08-31|19:00|le 33 foch|pilates reformer,2026-08-31,Lundi,19:00,19:50,Le 33 Foch,PILATES REFORMER,CANDICE,0,0,True,disponible,2026-08-25 00:02
2026-08-31|19:15|le 33 foch|bootcamp & cycle,2026-08-31,Lundi,19:15,20:00,Le 33 Foch,BOOTCAMP & CYCLE,MATTEO,0,0,True,disponible,2026-08-25 00:02
2026-08-31|20:00|le 33 foch|cardio-boxing,2026-08-31,Lundi,20:00,20:45,Le 33 Foch,CARDIO-BOXING,MAX,0,0,True,disponible,2026-08-25 00:02
2026-08-31|20:00|le 33 foch|micro lagree,2026-08-31,Lundi,20:00,20:50,Le 33 Foch,MICRO LAGREE,EVA (Suppléant),0,0,True,disponible,2026-08-25 00:02
2026-09-01|09:00|le 33 foch|bootcamp & cycle,2026-09-01,Mardi,09:00,09:45,Le 33 Foch,BOOTCAMP & CYCLE,YOANN,0,0,True,disponible,2026-08-26 00:00
2026-09-01|10:00|le 33 foch|pilates reformer,2026-09-01,Mardi,10:00,10:50,Le 33 Foch,PILATES REFORMER,YOANN,0,0,True,disponible,2026-08-26 00:00
2026-09-01|11:00|le 33 foch|micro lagree,2026-09-01,Mardi,11:00,11:50,Le 33 Foch,MICRO LAGREE,MORGANE (Suppléant),0,0,True,disponible,2026-08-26 00:00
2026-09-01|11:00|le 33 foch|yoga/pilates,2026-09-01,Mardi,11:00,11:50,Le 33 Foch,YOGA/PILATES,CAROLINE,0,0,True,disponible,2026-08-26 00:00
2026-09-01|12:00|le 33 foch|micro lagree,2026-09-01,Mardi,12:00,12:50,Le 33 Foch,MICRO LAGREE,ENZO,0,0,True,disponible,2026-08-26 00:00
2026-09-01|12:00|le 33 foch|pilates reformer,2026-09-01,Mardi,12:00,12:50,Le 33 Foch,PILATES REFORMER,MORGANE (Suppléant),0,0,True,disponible,2026-08-26 00:00
2026-09-01|12:30|le 33 foch|bootcamp & cycle (wod),2026-09-01,Mardi,12:30,13:15,Le 33 Foch,BOOTCAMP & CYCLE (WOD),YOANN,0,0,True,disponible,2026-08-26 00:00
2026-09-01|13:00|le 33 foch|cardio-boxing,2026-09-01,Mardi,13:00,13:45,Le 33 Foch,CARDIO-BOXING,YOANN (Suppléant),0,0,True,disponible,2026-08-26 00:00
2026-09-01|13:00|le 33 foch|micro lagree,2026-09-01,Mardi,13:00,13:50,Le 33 Foch,MICRO LAGREE,ENZO,0,0,True,disponible,2026-08-26 00:00
2026-09-01|13:00|le 33 foch|pilates reformer,2026-09-01,Mardi,13:00,13:50,Le 33 Foch,PILATES REFORMER,MORGANE (Suppléant),0,0,True,disponible,2026-08-26 00:00
2026-09-01|18:00|le 33 foch|body sculpt,2026-09-01,Mardi,18:00,18:45,Le 33 Foch,BODY SCULPT,DOMINIQUE,0,0,True,disponible,2026-08-26 00:00
2026-09-01|18:00|le 33 foch|cardio-boxing,2026-09-01,Mardi,18:00,18:45,Le 33 Foch,CARDIO-BOXING,HISANY,0,0,True,disponible,2026-08-26 00:00
2026-09-01|18:00|le 33 foch|micro lagree,2026-09-01,Mardi,18:00,18:50,Le 33 Foch,MICRO LAGREE,REBECCA G.,0,0,True,disponible,2026-08-26 00:00
2026-09-01|18:00|le 33 foch|pilates reformer,2026-09-01,Mardi,18:00,18:50,Le 33 Foch,PILATES REFORMER,ENZO,0,0,True,disponible,2026-08-26 00:00
2026-09-01|19:00|le 33 foch|cardio-boxing,2026-09-01,Mardi,19:00,19:45,Le 33 Foch,CARDIO-BOXING,AARON (Suppléant),0,0,True,disponible,2026-08-26 00:00
2026-09-01|19:00|le 33 foch|micro lagree,2026-09-01,Mardi,19:00,19:50,Le 33 Foch,MICRO LAGREE,REBECCA G.,0,0,True,disponible,2026-08-26 00:00
2026-09-01|19:00|le 33 foch|pilates reformer,2026-09-01,Mardi,19:00,19:50,Le 33 Foch,PILATES REFORMER,ENZO,0,0,True,disponible,2026-08-26 00:00
2026-09-01|19:15|le 33 foch|bootcamp & cycle (wod),2026-09-01,Mardi,19:15,20:00,Le 33 Foch,BOOTCAMP & CYCLE (WOD),HISANY,0,0,True,disponible,2026-08-26 00:00
2026-09-01|20:00|le 33 foch|cardio-boxing,2026-09-01,Mardi,20:00,20:45,Le 33 Foch,CARDIO-BOXING,AARON (Suppléant),0,0,True,disponible,2026-08-26 00:00
2026-09-01|20:00|le 33 foch|pilates reformer,2026-09-01,Mardi,20:00,20:50,Le 33 Foch,PILATES REFORMER,ENZO,0,0,True,disponible,2026-08-26 00:00
2026-09-01|20:15|le 33 foch|functional strength & mobility,2026-09-01,Mardi,20:15,21:00,Le 33 Foch,FUNCTIONAL STRENGTH & MOBILITY,HISANY,0,0,True,disponible,2026-08-26 00:00
2026-09-02|08:00|le 33 foch|pilates reformer (niveau 2),2026-09-02,Mercredi,08:00,08:50,Le 33 Foch,PILATES REFORMER (Niveau 2),MORGANE (Suppléant),0,0,True,disponible,2026-08-27 00:17
2026-09-02|09:00|le 33 foch|pilates reformer (niveau 2),2026-09-02,Mercredi,09:00,09:50,Le 33 Foch,PILATES REFORMER (Niveau 2),MORGANE (Suppléant),0,0,True,disponible,2026-08-27 00:17
2026-09-02|09:00|le 33 foch|trx & cycle,2026-09-02,Mercredi,09:00,09:45,Le 33 Foch,TRX & CYCLE,JEREMI,0,0,True,disponible,2026-08-27 00:17
2026-09-02|10:00|le 33 foch|pilates reformer (niveau 2),2026-09-02,Mercredi,10:00,10:50,Le 33 Foch,PILATES REFORMER (Niveau 2),MORGANE (Suppléant),0,0,True,disponible,2026-08-27 00:17
2026-09-02|11:00|le 33 foch|micro lagree,2026-09-02,Mercredi,11:00,11:50,Le 33 Foch,MICRO LAGREE,JULIA,0,0,True,disponible,2026-08-27 00:17
2026-09-02|11:00|le 33 foch|pilates mat,2026-09-02,Mercredi,11:00,11:50,Le 33 Foch,PILATES MAT,CAROLINE,0,0,True,disponible,2026-09-01 00:52
2026-09-02|12:00|le 33 foch|micro lagree,2026-09-02,Mercredi,12:00,12:50,Le 33 Foch,MICRO LAGREE,JULIA,0,0,True,disponible,2026-08-27 00:17
2026-09-02|12:00|le 33 foch|pilates reformer,2026-09-02,Mercredi,12:00,12:50,Le 33 Foch,PILATES REFORMER,REBECCA G.,0,0,True,disponible,2026-08-27 00:17
2026-09-02|12:30|le 33 foch|bootcamp & cycle (wod),2026-09-02,Mercredi,12:30,13:15,Le 33 Foch,BOOTCAMP & CYCLE (WOD),MATTEO,0,0,True,disponible,2026-08-27 00:17
2026-09-02|13:00|le 33 foch|cardio-boxing,2026-09-02,Mercredi,13:00,13:45,Le 33 Foch,CARDIO-BOXING,JEREMI,0,0,True,disponible,2026-08-27 00:17
2026-09-02|13:00|le 33 foch|pilates reformer,2026-09-02,Mercredi,13:00,13:50,Le 33 Foch,PILATES REFORMER,REBECCA G.,0,0,True,disponible,2026-08-27 00:17
2026-09-02|15:00|le 33 foch|pilates reformer,2026-09-02,Mercredi,15:00,15:50,Le 33 Foch,PILATES REFORMER,SEVILLE (Suppléant),0,0,True,disponible,2026-08-27 00:17
2026-09-02|16:00|le 33 foch|kids boxing (6 à 9 ans),2026-09-02,Mercredi,16:00,16:45,Le 33 Foch,KIDS BOXING (6 à 9 ans),ENZO (Suppléant),0,0,True,disponible,2026-08-27 00:17
2026-09-02|16:00|le 33 foch|pilates reformer,2026-09-02,Mercredi,16:00,16:50,Le 33 Foch,PILATES REFORMER,SEVILLE (Suppléant),0,0,True,disponible,2026-08-27 00:17
2026-09-02|17:00|le 33 foch|micro lagree,2026-09-02,Mercredi,17:00,17:50,Le 33 Foch,MICRO LAGREE,JULIA,0,0,True,disponible,2026-08-27 00:17
2026-09-02|18:00|le 33 foch|bootcamp & cycle (wod),2026-09-02,Mercredi,18:00,18:45,Le 33 Foch,BOOTCAMP & CYCLE (WOD),MATTEO,0,0,True,disponible,2026-08-27 00:17
2026-09-02|18:00|le 33 foch|cardio-boxing,2026-09-02,Mercredi,18:00,18:45,Le 33 Foch,CARDIO-BOXING,JONATHAN,0,0,True,disponible,2026-08-27 00:17
2026-09-02|18:00|le 33 foch|micro lagree,2026-09-02,Mercredi,18:00,18:50,Le 33 Foch,MICRO LAGREE,JULIA,0,0,True,disponible,2026-08-27 00:17
2026-09-02|18:00|le 33 foch|pilates reformer,2026-09-02,Mercredi,18:00,18:50,Le 33 Foch,PILATES REFORMER,SEVILLE (Suppléant),0,0,True,disponible,2026-08-27 00:17
2026-09-02|19:00|le 33 foch|cardio-boxing,2026-09-02,Mercredi,19:00,19:45,Le 33 Foch,CARDIO-BOXING,JONATHAN,0,0,True,disponible,2026-08-27 00:17
2026-09-02|19:00|le 33 foch|micro lagree,2026-09-02,Mercredi,19:00,19:50,Le 33 Foch,MICRO LAGREE,EVA,0,0,True,disponible,2026-08-27 00:17
2026-09-02|19:00|le 33 foch|pilates reformer,2026-09-02,Mercredi,19:00,19:50,Le 33 Foch,PILATES REFORMER,SEVILLE (Suppléant),0,0,True,disponible,2026-08-27 00:17
2026-09-02|19:00|le 33 foch|trx,2026-09-02,Mercredi,19:00,19:45,Le 33 Foch,TRX,MATTEO,0,0,True,disponible,2026-08-27 00:17
2026-09-02|20:00|le 33 foch|cardio-boxing,2026-09-02,Mercredi,20:00,20:45,Le 33 Foch,CARDIO-BOXING,JONATHAN,0,0,True,disponible,2026-08-27 00:17
2026-09-02|20:00|le 33 foch|cuisses abdos fessiers,2026-09-02,Mercredi,20:00,20:45,Le 33 Foch,CUISSES ABDOS FESSIERS,MATTEO,0,0,True,disponible,2026-08-27 00:17
2026-09-02|20:00|le 33 foch|micro lagree,2026-09-02,Mercredi,20:00,20:50,Le 33 Foch,MICRO LAGREE,EVA,0,0,True,disponible,2026-08-27 00:17
2026-09-02|20:00|le 33 foch|pilates reformer,2026-09-02,Mercredi,20:00,20:50,Le 33 Foch,PILATES REFORMER,SEVILLE (Suppléant),0,0,True,disponible,2026-08-27 00:17
2026-09-03|09:00|le 33 foch|cuisses abdos fessiers,2026-09-03,Jeudi,09:00,09:45,Le 33 Foch,CUISSES ABDOS FESSIERS,MATTEO,0,0,True,disponible,2026-08-28 02:25
2026-09-03|09:00|le 33 foch|pilates reformer,2026-09-03,Jeudi,09:00,09:50,Le 33 Foch,PILATES REFORMER,MORGANE (Suppléant),0,0,True,disponible,2026-08-28 02:25
2026-09-03|10:00|le 33 foch|pilates reformer,2026-09-03,Jeudi,10:00,10:50,Le 33 Foch,PILATES REFORMER,MORGANE (Suppléant),0,0,True,disponible,2026-08-28 02:25
2026-09-03|11:00|le 33 foch|body sculpt,2026-09-03,Jeudi,11:00,11:45,Le 33 Foch,BODY SCULPT,DOMINIQUE,0,0,True,disponible,2026-08-28 02:25
2026-09-03|12:00|le 33 foch|micro lagree,2026-09-03,Jeudi,12:00,12:50,Le 33 Foch,MICRO LAGREE,MORGANE (Suppléant),0,0,True,disponible,2026-08-28 02:25
2026-09-03|12:00|le 33 foch|pilates reformer,2026-09-03,Jeudi,12:00,12:50,Le 33 Foch,PILATES REFORMER,ILANA,0,0,True,disponible,2026-08-28 02:25
2026-09-03|12:30|le 33 foch|my fit barre by valerie,2026-09-03,Jeudi,12:30,13:15,Le 33 Foch,MY FIT BARRE BY VALERIE,VALERIE,0,0,True,disponible,2026-08-28 02:25
2026-09-03|13:00|le 33 foch|cardio-boxing,2026-09-03,Jeudi,13:00,13:45,Le 33 Foch,CARDIO-BOXING,MAX,0,0,True,disponible,2026-08-28 02:25
2026-09-03|13:00|le 33 foch|micro lagree,2026-09-03,Jeudi,13:00,13:50,Le 33 Foch,MICRO LAGREE,MORGANE (Suppléant),0,0,True,disponible,2026-08-28 02:25
2026-09-03|13:00|le 33 foch|pilates reformer,2026-09-03,Jeudi,13:00,13:50,Le 33 Foch,PILATES REFORMER,ILANA,0,0,True,disponible,2026-08-28 02:25
2026-09-03|17:00|le 33 foch|pilates reformer,2026-09-03,Jeudi,17:00,17:50,Le 33 Foch,PILATES REFORMER,SEVILLE (Suppléant),0,0,True,disponible,2026-08-28 02:25
2026-09-03|18:00|le 33 foch|cardio-boxing,2026-09-03,Jeudi,18:00,18:45,Le 33 Foch,CARDIO-BOXING,JEREMI,0,0,True,disponible,2026-08-28 02:25
2026-09-03|18:00|le 33 foch|micro lagree,2026-09-03,Jeudi,18:00,18:50,Le 33 Foch,MICRO LAGREE,MATTEO,0,0,True,disponible,2026-08-28 02:25
2026-09-03|18:00|le 33 foch|pilates reformer,2026-09-03,Jeudi,18:00,18:50,Le 33 Foch,PILATES REFORMER,SEVILLE (Suppléant),0,0,True,disponible,2026-08-28 02:25
2026-09-03|19:00|le 33 foch|bootcamp & cycle,2026-09-03,Jeudi,19:00,19:45,Le 33 Foch,BOOTCAMP & CYCLE,MAX,0,0,True,disponible,2026-08-28 02:25
2026-09-03|19:00|le 33 foch|cardio-boxing,2026-09-03,Jeudi,19:00,19:45,Le 33 Foch,CARDIO-BOXING,JEREMI,0,0,True,disponible,2026-08-28 02:25
2026-09-03|19:00|le 33 foch|micro lagree,2026-09-03,Jeudi,19:00,19:50,Le 33 Foch,MICRO LAGREE,MATTEO,0,0,True,disponible,2026-08-28 02:25
2026-09-03|20:00|le 33 foch|bootcamp,2026-09-03,Jeudi,20:00,20:45,Le 33 Foch,BOOTCAMP,MAX,0,0,True,disponible,2026-08-28 02:25
2026-09-03|20:00|le 33 foch|cardio-boxing,2026-09-03,Jeudi,20:00,20:45,Le 33 Foch,CARDIO-BOXING,JEREMI,0,0,True,disponible,2026-08-28 02:25
2026-09-04|10:00|le 33 foch|pilates reformer (niveau 2),2026-09-04,Vendredi,10:00,10:50,Le 33 Foch,PILATES REFORMER (Niveau 2),SEVILLE,0,0,True,disponible,2026-08-29 02:42
2026-09-04|11:00|le 33 foch|body sculpt,2026-09-04,Vendredi,11:00,11:45,Le 33 Foch,BODY SCULPT,DOMINIQUE,0,0,True,disponible,2026-08-29 02:42
2026-09-04|11:00|le 33 foch|micro lagree,2026-09-04,Vendredi,11:00,11:50,Le 33 Foch,MICRO LAGREE,EVA,0,0,True,disponible,2026-08-29 02:42
2026-09-04|11:00|le 33 foch|pilates reformer (niveau 2),2026-09-04,Vendredi,11:00,11:50,Le 33 Foch,PILATES REFORMER (Niveau 2),SEVILLE,0,0,True,disponible,2026-08-29 02:42
2026-09-04|12:00|le 33 foch|micro lagree,2026-09-04,Vendredi,12:00,12:50,Le 33 Foch,MICRO LAGREE,EVA,0,0,True,disponible,2026-08-29 02:42
2026-09-04|12:00|le 33 foch|pilates reformer (niveau 2),2026-09-04,Vendredi,12:00,12:50,Le 33 Foch,PILATES REFORMER (Niveau 2),SEVILLE,0,0,True,disponible,2026-08-29 02:42
2026-09-04|12:30|le 33 foch|trx,2026-09-04,Vendredi,12:30,13:15,Le 33 Foch,TRX,MAX,0,0,True,disponible,2026-08-29 02:42
2026-09-04|16:00|le 33 foch|pilates reformer,2026-09-04,Vendredi,16:00,16:50,Le 33 Foch,PILATES REFORMER,CANDICE,0,0,True,inconnu,2026-08-29 02:42
2026-09-04|17:00|le 33 foch|micro lagree,2026-09-04,Vendredi,17:00,17:50,Le 33 Foch,MICRO LAGREE,ENZO,0,0,True,disponible,2026-08-29 02:42
2026-09-04|18:00|le 33 foch|bootcamp & cycle (wod),2026-09-04,Vendredi,18:00,18:45,Le 33 Foch,BOOTCAMP & CYCLE (WOD),LUKAS,0,0,True,disponible,2026-08-29 02:42
2026-09-04|18:00|le 33 foch|cardio-boxing,2026-09-04,Vendredi,18:00,18:45,Le 33 Foch,CARDIO-BOXING,HISANY,0,0,True,disponible,2026-08-29 02:42
2026-09-04|18:00|le 33 foch|micro lagree,2026-09-04,Vendredi,18:00,18:50,Le 33 Foch,MICRO LAGREE,ENZO,0,0,True,disponible,2026-08-29 02:42
2026-09-04|18:00|le 33 foch|pilates reformer,2026-09-04,Vendredi,18:00,18:50,Le 33 Foch,PILATES REFORMER,TAIR,0,0,True,disponible,2026-08-29 02:42
2026-09-04|19:00|le 33 foch|cardio-boxing,2026-09-04,Vendredi,19:00,19:45,Le 33 Foch,CARDIO-BOXING,HISANY,0,0,True,disponible,2026-08-29 02:42
2026-09-04|19:00|le 33 foch|micro lagree,2026-09-04,Vendredi,19:00,19:50,Le 33 Foch,MICRO LAGREE,ENZO,0,0,True,disponible,2026-08-29 02:42
2026-09-04|19:00|le 33 foch|pilates reformer,2026-09-04,Vendredi,19:00,19:50,Le 33 Foch,PILATES REFORMER,TAIR,0,0,True,disponible,2026-08-29 02:42
2026-09-05|10:00|le 33 foch|micro lagree,2026-09-05,Samedi,10:00,10:50,Le 33 Foch,MICRO LAGREE,MAX,0,0,True,disponible,2026-08-30 01:36
2026-09-05|10:00|le 33 foch|pilates reformer,2026-09-05,Samedi,10:00,10:50,Le 33 Foch,PILATES REFORMER,MORGANE,0,0,True,disponible,2026-08-30 01:36
2026-09-05|10:00|le 33 foch|yoga vinyasa,2026-09-05,Samedi,10:00,10:50,Le 33 Foch,YOGA VINYASA,CAROLINE,0,0,True,disponible,2026-08-30 01:36
2026-09-05|11:00|le 33 foch|micro lagree,2026-09-05,Samedi,11:00,11:50,Le 33 Foch,MICRO LAGREE,MAX,0,0,True,disponible,2026-08-30 01:36
2026-09-05|11:00|le 33 foch|pilates reformer,2026-09-05,Samedi,11:00,11:50,Le 33 Foch,PILATES REFORMER,MORGANE,0,0,True,disponible,2026-08-30 01:36
2026-09-05|11:00|le 33 foch|trx,2026-09-05,Samedi,11:00,11:45,Le 33 Foch,TRX,FABRICE,0,0,True,disponible,2026-08-30 01:36
2026-09-05|12:00|le 33 foch|cardio-boxing,2026-09-05,Samedi,12:00,12:45,Le 33 Foch,CARDIO-BOXING,MAX,0,0,True,disponible,2026-08-30 01:36
2026-09-05|12:00|le 33 foch|core training,2026-09-05,Samedi,12:00,12:45,Le 33 Foch,CORE TRAINING,FABRICE,0,0,True,disponible,2026-08-30 01:36
2026-09-05|12:00|le 33 foch|pilates reformer,2026-09-05,Samedi,12:00,12:50,Le 33 Foch,PILATES REFORMER,MORGANE,0,0,True,disponible,2026-08-30 01:36
2026-09-05|13:00|le 33 foch|cardio-boxing,2026-09-05,Samedi,13:00,13:45,Le 33 Foch,CARDIO-BOXING,MAX,0,0,True,disponible,2026-08-30 01:36
2026-09-05|14:00|le 33 foch|pilates mat,2026-09-05,Samedi,14:00,14:45,Le 33 Foch,PILATES MAT,YOANN,0,0,True,disponible,2026-08-31 12:52
2026-09-05|15:00|le 33 foch|teenagers boxing (10-14 ans),2026-09-05,Samedi,15:00,15:45,Le 33 Foch,TEENAGERS BOXING (10-14 ans),MAX,0,0,True,disponible,2026-08-30 01:36
2026-09-05|16:00|le 33 foch|cardio-boxing,2026-09-05,Samedi,16:00,16:45,Le 33 Foch,CARDIO-BOXING,LUCIE,0,0,True,disponible,2026-08-30 01:36
2026-09-05|17:00|le 33 foch|yoga vinyasa,2026-09-05,Samedi,17:00,17:50,Le 33 Foch,YOGA VINYASA,LUCIE,0,0,True,disponible,2026-08-30 01:36
2026-09-06|10:00|le 33 foch|bootcamp,2026-09-06,Dimanche,10:00,10:45,Le 33 Foch,BOOTCAMP,MATTEO,0,0,True,disponible,2026-08-31 01:55
2026-09-06|10:00|le 33 foch|micro lagree,2026-09-06,Dimanche,10:00,10:50,Le 33 Foch,MICRO LAGREE,JULIA,0,0,True,disponible,2026-08-31 01:55
2026-09-06|10:00|le 33 foch|pilates reformer (niveau 2),2026-09-06,Dimanche,10:00,10:50,Le 33 Foch,PILATES REFORMER (Niveau 2),LISA,0,0,True,disponible,2026-08-31 01:55
2026-09-06|11:00|le 33 foch|cardio-boxing,2026-09-06,Dimanche,11:00,11:45,Le 33 Foch,CARDIO-BOXING,JEREMI,0,0,True,disponible,2026-08-31 01:55
2026-09-06|11:00|le 33 foch|micro lagree,2026-09-06,Dimanche,11:00,11:50,Le 33 Foch,MICRO LAGREE,JULIA,0,0,True,disponible,2026-08-31 01:55
2026-09-06|11:00|le 33 foch|pilates reformer (niveau 2),2026-09-06,Dimanche,11:00,11:50,Le 33 Foch,PILATES REFORMER (Niveau 2),LISA,0,0,True,disponible,2026-08-31 01:55
2026-09-06|11:30|le 33 foch|cuisses abdos fessiers,2026-09-06,Dimanche,11:30,12:15,Le 33 Foch,CUISSES ABDOS FESSIERS,MATTEO,0,0,True,disponible,2026-08-31 01:55
2026-09-06|12:00|le 33 foch|cardio-boxing,2026-09-06,Dimanche,12:00,12:45,Le 33 Foch,CARDIO-BOXING,JEREMI,0,0,True,disponible,2026-08-31 01:55
2026-09-06|12:00|le 33 foch|micro lagree,2026-09-06,Dimanche,12:00,12:50,Le 33 Foch,MICRO LAGREE,JULIA,0,0,True,disponible,2026-08-31 01:55
2026-09-06|12:00|le 33 foch|pilates reformer (niveau 2),2026-09-06,Dimanche,12:00,12:50,Le 33 Foch,PILATES REFORMER (Niveau 2),LISA,0,0,True,disponible,2026-08-31 01:55
2026-09-06|12:30|le 33 foch|bootcamp & cycle,2026-09-06,Dimanche,12:30,13:15,Le 33 Foch,BOOTCAMP & CYCLE,MATTEO,0,0,True,disponible,2026-08-31 01:55
2026-09-06|15:00|le 33 foch|pilates reformer,2026-09-06,Dimanche,15:00,15:50,Le 33 Foch,PILATES REFORMER,SEVILLE,0,0,True,disponible,2026-08-31 01:55
2026-09-06|16:00|le 33 foch|pilates reformer,2026-09-06,Dimanche,16:00,16:50,Le 33 Foch,PILATES REFORMER,SEVILLE,0,0,True,disponible,2026-08-31 01:55
2026-09-06|17:00|le 33 foch|pilates reformer,2026-09-06,Dimanche,17:00,17:50,Le 33 Foch,PILATES REFORMER,SEVILLE,0,0,True,disponible,2026-08-31 01:55
2026-09-07|08:00|le 33 foch|pilates reformer (niveau 2),2026-09-07,Lundi,08:00,08:50,Le 33 Foch,PILATES REFORMER (Niveau 2),LISA,0,0,True,disponible,2026-09-01 00:52
2026-09-07|09:00|le 33 foch|cuisses abdos fessiers,2026-09-07,Lundi,09:00,09:45,Le 33 Foch,CUISSES ABDOS FESSIERS,MATTEO,0,0,True,disponible,2026-09-01 00:52
2026-09-07|09:00|le 33 foch|pilates reformer (niveau 2),2026-09-07,Lundi,09:00,09:50,Le 33 Foch,PILATES REFORMER (Niveau 2),LISA,0,0,True,disponible,2026-09-01 00:52
2026-09-07|10:00|le 33 foch|pilates reformer (niveau 2),2026-09-07,Lundi,10:00,10:50,Le 33 Foch,PILATES REFORMER (Niveau 2),LISA,0,0,True,disponible,2026-09-01 00:52
2026-09-07|11:00|le 33 foch|body sculpt,2026-09-07,Lundi,11:00,11:45,Le 33 Foch,BODY SCULPT,DOMINIQUE,0,0,True,disponible,2026-09-01 00:52
2026-09-07|12:00|le 33 foch|micro lagree,2026-09-07,Lundi,12:00,12:50,Le 33 Foch,MICRO LAGREE,ENZO (Suppléant),0,0,True,disponible,2026-09-01 00:52
2026-09-07|12:00|le 33 foch|pilates reformer,2026-09-07,Lundi,12:00,12:50,Le 33 Foch,PILATES REFORMER,SEVILLE (Suppléant),0,0,True,disponible,2026-09-01 00:52
2026-09-07|12:30|le 33 foch|trx,2026-09-07,Lundi,12:30,13:15,Le 33 Foch,TRX,MAX,0,0,True,disponible,2026-09-01 00:52
2026-09-07|13:00|le 33 foch|micro lagree,2026-09-07,Lundi,13:00,13:50,Le 33 Foch,MICRO LAGREE,ENZO (Suppléant),0,0,True,disponible,2026-09-01 00:52
2026-09-07|13:00|le 33 foch|pilates reformer,2026-09-07,Lundi,13:00,13:50,Le 33 Foch,PILATES REFORMER,SEVILLE (Suppléant),0,0,True,disponible,2026-09-01 00:52
2026-09-07|16:00|le 33 foch|micro lagree,2026-09-07,Lundi,16:00,16:50,Le 33 Foch,MICRO LAGREE,ENZO,0,0,True,disponible,2026-09-01 00:52
2026-09-07|17:00|le 33 foch|cardio-boxing,2026-09-07,Lundi,17:00,17:45,Le 33 Foch,CARDIO-BOXING,MAX,0,0,True,disponible,2026-09-01 00:52
2026-09-07|17:00|le 33 foch|micro lagree,2026-09-07,Lundi,17:00,17:50,Le 33 Foch,MICRO LAGREE,EVA,0,0,True,disponible,2026-09-01 00:52
2026-09-07|18:00|le 33 foch|body sculpt,2026-09-07,Lundi,18:00,18:45,Le 33 Foch,BODY SCULPT,DOMINIQUE,0,0,True,disponible,2026-09-01 00:52
2026-09-07|18:00|le 33 foch|cardio-boxing,2026-09-07,Lundi,18:00,18:45,Le 33 Foch,CARDIO-BOXING,MAX,0,0,True,disponible,2026-09-01 00:52
2026-09-07|18:00|le 33 foch|micro lagree,2026-09-07,Lundi,18:00,18:50,Le 33 Foch,MICRO LAGREE,EVA,0,0,True,disponible,2026-09-01 00:52
2026-09-07|18:00|le 33 foch|pilates reformer,2026-09-07,Lundi,18:00,18:50,Le 33 Foch,PILATES REFORMER,SEVILLE (Suppléant),0,0,True,disponible,2026-09-01 00:52
2026-09-07|18:30|le 33 foch — 32 tilsitt|street jazz girly,2026-09-07,Lundi,18:30,19:30,Le 33 Foch — 32 Tilsitt,STREET JAZZ GIRLY,MAELLA,0,0,True,inconnu,2026-09-01 00:52
2026-09-07|19:00|le 33 foch|cardio-boxing,2026-09-07,Lundi,19:00,19:45,Le 33 Foch,CARDIO-BOXING,MAX,0,0,True,disponible,2026-09-01 00:52
2026-09-07|19:00|le 33 foch|micro lagree,2026-09-07,Lundi,19:00,19:50,Le 33 Foch,MICRO LAGREE,EVA (Suppléant),0,0,True,disponible,2026-09-01 00:52
2026-09-07|19:00|le 33 foch|pilates reformer,2026-09-07,Lundi,19:00,19:50,Le 33 Foch,PILATES REFORMER,SEVILLE (Suppléant),0,0,True,disponible,2026-09-01 00:52
2026-09-07|19:15|le 33 foch|bootcamp & cycle,2026-09-07,Lundi,19:15,20:00,Le 33 Foch,BOOTCAMP & CYCLE,MATTEO,0,0,True,disponible,2026-09-01 00:52
2026-09-07|19:30|le 33 foch — 32 tilsitt|hip hop girly,2026-09-07,Lundi,19:30,20:30,Le 33 Foch — 32 Tilsitt,HIP HOP GIRLY,MAELLA,0,0,True,inconnu,2026-09-01 00:52
2026-09-07|20:00|le 33 foch|cardio-boxing,2026-09-07,Lundi,20:00,20:45,Le 33 Foch,CARDIO-BOXING,MAX,0,0,True,disponible,2026-09-01 00:52
2026-09-07|20:00|le 33 foch|micro lagree,2026-09-07,Lundi,20:00,20:50,Le 33 Foch,MICRO LAGREE,EVA (Suppléant),0,0,True,disponible,2026-09-01 00:52
2026-09-08|09:00|le 33 foch|bootcamp & cycle,2026-09-08,Mardi,09:00,09:45,Le 33 Foch,BOOTCAMP & CYCLE,YOANN,0,0,True,disponible,2026-09-02 01:19
2026-09-08|10:00|le 33 foch|pilates reformer,2026-09-08,Mardi,10:00,10:50,Le 33 Foch,PILATES REFORMER,YOANN,0,0,True,disponible,2026-09-02 01:19
2026-09-08|11:00|le 33 foch|micro lagree,2026-09-08,Mardi,11:00,11:50,Le 33 Foch,MICRO LAGREE,REBECCA R.,0,0,True,disponible,2026-09-02 01:19
2026-09-08|11:00|le 33 foch|yoga/pilates,2026-09-08,Mardi,11:00,11:50,Le 33 Foch,YOGA/PILATES,CAROLINE,0,0,True,disponible,2026-09-02 01:19
2026-09-08|12:00|le 33 foch|micro lagree,2026-09-08,Mardi,12:00,12:50,Le 33 Foch,MICRO LAGREE,ENZO,0,0,True,disponible,2026-09-02 01:19
2026-09-08|12:00|le 33 foch|pilates reformer,2026-09-08,Mardi,12:00,12:50,Le 33 Foch,PILATES REFORMER,REBECCA R.,0,0,True,disponible,2026-09-02 01:19
2026-09-08|12:30|le 33 foch|bootcamp & cycle (wod),2026-09-08,Mardi,12:30,13:15,Le 33 Foch,BOOTCAMP & CYCLE (WOD),YOANN,0,0,True,disponible,2026-09-02 01:19
2026-09-08|13:00|le 33 foch|cardio-boxing,2026-09-08,Mardi,13:00,13:45,Le 33 Foch,CARDIO-BOXING,MAX,0,0,True,disponible,2026-09-02 01:19
2026-09-08|13:00|le 33 foch|micro lagree,2026-09-08,Mardi,13:00,13:50,Le 33 Foch,MICRO LAGREE,ENZO,0,0,True,disponible,2026-09-02 01:19
2026-09-08|13:00|le 33 foch|pilates reformer,2026-09-08,Mardi,13:00,13:50,Le 33 Foch,PILATES REFORMER,REBECCA R.,0,0,True,disponible,2026-09-02 01:19
2026-09-08|18:00|le 33 foch|body sculpt,2026-09-08,Mardi,18:00,18:45,Le 33 Foch,BODY SCULPT,DOMINIQUE,0,0,True,disponible,2026-09-02 01:19
2026-09-08|18:00|le 33 foch|cardio-boxing,2026-09-08,Mardi,18:00,18:45,Le 33 Foch,CARDIO-BOXING,HISANY,0,0,True,disponible,2026-09-02 01:19
2026-09-08|18:00|le 33 foch|micro lagree,2026-09-08,Mardi,18:00,18:50,Le 33 Foch,MICRO LAGREE,REBECCA G.,0,0,True,disponible,2026-09-02 01:19
2026-09-08|18:00|le 33 foch|pilates reformer,2026-09-08,Mardi,18:00,18:50,Le 33 Foch,PILATES REFORMER,ENZO,0,0,True,disponible,2026-09-02 01:19
2026-09-08|19:00|le 33 foch|cardio-boxing,2026-09-08,Mardi,19:00,19:45,Le 33 Foch,CARDIO-BOXING,MAX,0,0,True,disponible,2026-09-02 01:19
2026-09-08|19:00|le 33 foch|micro lagree,2026-09-08,Mardi,19:00,19:50,Le 33 Foch,MICRO LAGREE,REBECCA G.,0,0,True,disponible,2026-09-02 01:19
2026-09-08|19:00|le 33 foch|pilates reformer,2026-09-08,Mardi,19:00,19:50,Le 33 Foch,PILATES REFORMER,ENZO,0,0,True,disponible,2026-09-02 01:19
2026-09-08|19:15|le 33 foch|bootcamp & cycle (wod),2026-09-08,Mardi,19:15,20:00,Le 33 Foch,BOOTCAMP & CYCLE (WOD),HISANY,0,0,True,disponible,2026-09-02 01:19
2026-09-08|20:00|le 33 foch|cardio-boxing,2026-09-08,Mardi,20:00,20:45,Le 33 Foch,CARDIO-BOXING,MAX,0,0,True,disponible,2026-09-02 01:19
2026-09-08|20:00|le 33 foch|pilates reformer,2026-09-08,Mardi,20:00,20:50,Le 33 Foch,PILATES REFORMER,ENZO,0,0,True,disponible,2026-09-02 01:19
2026-09-08|20:15|le 33 foch|functional strength & mobility,2026-09-08,Mardi,20:15,21:00,Le 33 Foch,FUNCTIONAL STRENGTH & MOBILITY,HISANY,0,0,True,disponible,2026-09-02 01:19
2026-09-09|08:00|le 33 foch|pilates reformer (niveau 2),2026-09-09,Mercredi,08:00,08:50,Le 33 Foch,PILATES REFORMER (Niveau 2),LISA,0,0,True,disponible,2026-09-03 00:00
2026-09-09|09:00|le 33 foch|pilates reformer (niveau 2),2026-09-09,Mercredi,09:00,09:50,Le 33 Foch,PILATES REFORMER (Niveau 2),LISA,0,0,True,disponible,2026-09-03 00:00
2026-09-09|09:00|le 33 foch|trx & cycle,2026-09-09,Mercredi,09:00,09:45,Le 33 Foch,TRX & CYCLE,JEREMI,0,0,True,disponible,2026-09-03 00:00
2026-09-09|10:00|le 33 foch|pilates reformer (niveau 2),2026-09-09,Mercredi,10:00,10:50,Le 33 Foch,PILATES REFORMER (Niveau 2),LISA,0,0,True,disponible,2026-09-03 00:00
2026-09-09|11:00|le 33 foch|micro lagree,2026-09-09,Mercredi,11:00,11:50,Le 33 Foch,MICRO LAGREE,JULIA,0,0,True,disponible,2026-09-03 00:00
2026-09-09|11:00|le 33 foch|pilates mat,2026-09-09,Mercredi,11:00,11:50,Le 33 Foch,PILATES MAT,CAROLINE,0,0,True,disponible,2026-09-03 00:00
2026-09-09|12:00|le 33 foch|micro lagree,2026-09-09,Mercredi,12:00,12:50,Le 33 Foch,MICRO LAGREE,JULIA,0,0,True,disponible,2026-09-03 00:00
2026-09-09|12:00|le 33 foch|pilates reformer,2026-09-09,Mercredi,12:00,12:50,Le 33 Foch,PILATES REFORMER,REBECCA G.,0,0,True,disponible,2026-09-03 00:00
2026-09-09|12:30|le 33 foch|bootcamp & cycle (wod),2026-09-09,Mercredi,12:30,13:15,Le 33 Foch,BOOTCAMP & CYCLE (WOD),MATTEO,0,0,True,disponible,2026-09-03 00:00
2026-09-09|13:00|le 33 foch|cardio-boxing,2026-09-09,Mercredi,13:00,13:45,Le 33 Foch,CARDIO-BOXING,JEREMI,0,0,True,disponible,2026-09-03 00:00
2026-09-09|13:00|le 33 foch|pilates reformer,2026-09-09,Mercredi,13:00,13:50,Le 33 Foch,PILATES REFORMER,REBECCA G.,0,0,True,disponible,2026-09-03 00:00
2026-09-09|15:00|le 33 foch|pilates reformer,2026-09-09,Mercredi,15:00,15:50,Le 33 Foch,PILATES REFORMER,MORGANE (Suppléant),0,0,True,disponible,2026-09-03 00:00
2026-09-09|16:00|le 33 foch|kids boxing (6 à 9 ans),2026-09-09,Mercredi,16:00,16:45,Le 33 Foch,KIDS BOXING (6 à 9 ans),MAX,0,0,True,disponible,2026-09-03 00:00
2026-09-09|16:00|le 33 foch|pilates reformer,2026-09-09,Mercredi,16:00,16:50,Le 33 Foch,PILATES REFORMER,MORGANE (Suppléant),0,0,True,disponible,2026-09-03 00:00
2026-09-09|17:00|le 33 foch|micro lagree,2026-09-09,Mercredi,17:00,17:50,Le 33 Foch,MICRO LAGREE,JULIA,0,0,True,disponible,2026-09-03 00:00
2026-09-09|18:00|le 33 foch|bootcamp & cycle (wod),2026-09-09,Mercredi,18:00,18:45,Le 33 Foch,BOOTCAMP & CYCLE (WOD),MATTEO,0,0,True,disponible,2026-09-03 00:00
2026-09-09|18:00|le 33 foch|cardio-boxing,2026-09-09,Mercredi,18:00,18:45,Le 33 Foch,CARDIO-BOXING,JONATHAN,0,0,True,disponible,2026-09-03 00:00
2026-09-09|18:00|le 33 foch|micro lagree,2026-09-09,Mercredi,18:00,18:50,Le 33 Foch,MICRO LAGREE,JULIA,0,0,True,disponible,2026-09-03 00:00
2026-09-09|18:00|le 33 foch|pilates reformer,2026-09-09,Mercredi,18:00,18:50,Le 33 Foch,PILATES REFORMER,MORGANE (Suppléant),0,0,True,disponible,2026-09-03 00:00
2026-09-09|18:30|le 33 foch — 32 tilsitt|hip hop girly,2026-09-09,Mercredi,18:30,19:30,Le 33 Foch — 32 Tilsitt,HIP HOP GIRLY,LUCILE,0,0,True,disponible,2026-09-03 00:00
2026-09-09|19:00|le 33 foch|cardio-boxing,2026-09-09,Mercredi,19:00,19:45,Le 33 Foch,CARDIO-BOXING,JONATHAN,0,0,True,disponible,2026-09-03 00:00
2026-09-09|19:00|le 33 foch|micro lagree,2026-09-09,Mercredi,19:00,19:50,Le 33 Foch,MICRO LAGREE,EVA,0,0,True,disponible,2026-09-03 00:00
2026-09-09|19:00|le 33 foch|pilates reformer,2026-09-09,Mercredi,19:00,19:50,Le 33 Foch,PILATES REFORMER,MORGANE (Suppléant),0,0,True,disponible,2026-09-03 00:00
2026-09-09|19:00|le 33 foch|trx,2026-09-09,Mercredi,19:00,19:45,Le 33 Foch,TRX,MATTEO,0,0,True,disponible,2026-09-03 00:00
2026-09-09|19:30|le 33 foch — 32 tilsitt|heels girly,2026-09-09,Mercredi,19:30,20:30,Le 33 Foch — 32 Tilsitt,HEELS GIRLY,NAIADE,0,0,True,disponible,2026-09-03 00:00
2026-09-09|20:00|le 33 foch|cardio-boxing,2026-09-09,Mercredi,20:00,20:45,Le 33 Foch,CARDIO-BOXING,JONATHAN,0,0,True,disponible,2026-09-03 00:00
2026-09-09|20:00|le 33 foch|cuisses abdos fessiers,2026-09-09,Mercredi,20:00,20:45,Le 33 Foch,CUISSES ABDOS FESSIERS,MATTEO,0,0,True,disponible,2026-09-03 00:00
2026-09-09|20:00|le 33 foch|micro lagree,2026-09-09,Mercredi,20:00,20:50,Le 33 Foch,MICRO LAGREE,EVA,0,0,True,disponible,2026-09-03 00:00
2026-09-09|20:00|le 33 foch|pilates reformer,2026-09-09,Mercredi,20:00,20:50,Le 33 Foch,PILATES REFORMER,MORGANE (Suppléant),0,0,True,disponible,2026-09-03 00:00
2026-09-09|20:30|le 33 foch — 32 tilsitt|hip hop girly,2026-09-09,Mercredi,20:30,21:30,Le 33 Foch — 32 Tilsitt,HIP HOP GIRLY,MAELLA,0,0,True,disponible,2026-09-03 00:00
2026-09-10|09:00|le 33 foch|cuisses abdos fessiers,2026-09-10,Jeudi,09:00,09:45,Le 33 Foch,CUISSES ABDOS FESSIERS,MATTEO,0,0,True,disponible,2026-09-04 00:36
2026-09-10|09:00|le 33 foch|pilates reformer,2026-09-10,Jeudi,09:00,09:50,Le 33 Foch,PILATES REFORMER,JOY,0,0,True,disponible,2026-09-04 00:36
2026-09-10|10:00|le 33 foch|pilates reformer,2026-09-10,Jeudi,10:00,10:50,Le 33 Foch,PILATES REFORMER,JOY,0,0,True,disponible,2026-09-04 00:36
2026-09-10|11:00|le 33 foch|body sculpt,2026-09-10,Jeudi,11:00,11:45,Le 33 Foch,BODY SCULPT,DOMINIQUE,0,0,True,disponible,2026-09-04 00:36
2026-09-10|12:00|le 33 foch|micro lagree,2026-09-10,Jeudi,12:00,12:50,Le 33 Foch,MICRO LAGREE,REBECCA G. (Suppléant),0,0,True,disponible,2026-09-04 00:36
2026-09-10|12:00|le 33 foch|pilates reformer,2026-09-10,Jeudi,12:00,12:50,Le 33 Foch,PILATES REFORMER,ILANA,0,0,True,disponible,2026-09-04 00:36
2026-09-10|12:30|le 33 foch|my fit barre by valerie,2026-09-10,Jeudi,12:30,13:15,Le 33 Foch,MY FIT BARRE BY VALERIE,VALERIE,0,0,True,disponible,2026-09-04 00:36
2026-09-10|13:00|le 33 foch|cardio-boxing,2026-09-10,Jeudi,13:00,13:45,Le 33 Foch,CARDIO-BOXING,MAX,0,0,True,disponible,2026-09-04 00:36
2026-09-10|13:00|le 33 foch|micro lagree,2026-09-10,Jeudi,13:00,13:50,Le 33 Foch,MICRO LAGREE,REBECCA G. (Suppléant),0,0,True,disponible,2026-09-04 00:36
2026-09-10|13:00|le 33 foch|pilates reformer,2026-09-10,Jeudi,13:00,13:50,Le 33 Foch,PILATES REFORMER,ILANA,0,0,True,disponible,2026-09-04 00:36
2026-09-10|17:00|le 33 foch|pilates reformer,2026-09-10,Jeudi,17:00,17:50,Le 33 Foch,PILATES REFORMER,MORGANE (Suppléant),0,0,True,disponible,2026-09-04 00:36
2026-09-10|18:00|le 33 foch|cardio-boxing,2026-09-10,Jeudi,18:00,18:45,Le 33 Foch,CARDIO-BOXING,JEREMI,0,0,True,disponible,2026-09-04 00:36
2026-09-10|18:00|le 33 foch|micro lagree,2026-09-10,Jeudi,18:00,18:50,Le 33 Foch,MICRO LAGREE,MATTEO,0,0,True,disponible,2026-09-04 00:36
2026-09-10|18:00|le 33 foch|pilates reformer,2026-09-10,Jeudi,18:00,18:50,Le 33 Foch,PILATES REFORMER,MORGANE (Suppléant),0,0,True,disponible,2026-09-04 00:36
2026-09-10|19:00|le 33 foch|bootcamp & cycle,2026-09-10,Jeudi,19:00,19:45,Le 33 Foch,BOOTCAMP & CYCLE,MAX,0,0,True,disponible,2026-09-04 00:36
2026-09-10|19:00|le 33 foch|cardio-boxing,2026-09-10,Jeudi,19:00,19:45,Le 33 Foch,CARDIO-BOXING,JEREMI,0,0,True,disponible,2026-09-04 00:36
2026-09-10|19:00|le 33 foch|micro lagree,2026-09-10,Jeudi,19:00,19:50,Le 33 Foch,MICRO LAGREE,MATTEO,0,0,True,disponible,2026-09-04 00:36
2026-09-10|19:00|le 33 foch|pilates reformer,2026-09-10,Jeudi,19:00,19:50,Le 33 Foch,PILATES REFORMER,DAPHNE,0,0,True,disponible,2026-09-04 00:36
2026-09-10|20:00|le 33 foch|bootcamp,2026-09-10,Jeudi,20:00,20:45,Le 33 Foch,BOOTCAMP,MAX,0,0,True,disponible,2026-09-04 00:36
2026-09-10|20:00|le 33 foch|cardio-boxing,2026-09-10,Jeudi,20:00,20:45,Le 33 Foch,CARDIO-BOXING,JEREMI,0,0,True,disponible,2026-09-04 00:36
2026-09-10|20:00|le 33 foch|pilates reformer,2026-09-10,Jeudi,20:00,20:50,Le 33 Foch,PILATES REFORMER,DAPHNE,0,0,True,disponible,2026-09-04 00:36
2026-09-11|10:00|le 33 foch|pilates reformer (niveau 2),2026-09-11,Vendredi,10:00,10:50,Le 33 Foch,PILATES REFORMER (Niveau 2),LISA (Suppléant),0,0,True,disponible,2026-09-05 10:22
2026-09-11|11:00|le 33 foch|body sculpt,2026-09-11,Vendredi,11:00,11:45,Le 33 Foch,BODY SCULPT,DOMINIQUE,0,0,True,disponible,2026-09-05 10:22
2026-09-11|11:00|le 33 foch|micro lagree,2026-09-11,Vendredi,11:00,11:50,Le 33 Foch,MICRO LAGREE,EVA,0,0,True,disponible,2026-09-05 10:22
2026-09-11|11:00|le 33 foch|pilates reformer (niveau 2),2026-09-11,Vendredi,11:00,11:50,Le 33 Foch,PILATES REFORMER (Niveau 2),LISA (Suppléant),0,0,True,disponible,2026-09-05 10:22
2026-09-11|12:00|le 33 foch|micro lagree,2026-09-11,Vendredi,12:00,12:50,Le 33 Foch,MICRO LAGREE,EVA,0,0,True,disponible,2026-09-05 10:22
2026-09-11|12:00|le 33 foch|pilates reformer (niveau 2),2026-09-11,Vendredi,12:00,12:50,Le 33 Foch,PILATES REFORMER (Niveau 2),LISA (Suppléant),0,0,True,disponible,2026-09-05 10:22
2026-09-11|12:30|le 33 foch|trx,2026-09-11,Vendredi,12:30,13:15,Le 33 Foch,TRX,MAX,0,0,True,disponible,2026-09-05 10:22
2026-09-11|16:00|le 33 foch|pilates reformer,2026-09-11,Vendredi,16:00,16:50,Le 33 Foch,PILATES REFORMER,CANDICE,0,0,True,disponible,2026-09-05 10:22
2026-09-11|17:00|le 33 foch|micro lagree,2026-09-11,Vendredi,17:00,17:50,Le 33 Foch,MICRO LAGREE,ENZO,0,0,True,disponible,2026-09-05 10:22
2026-09-11|18:00|le 33 foch|bootcamp & cycle (wod),2026-09-11,Vendredi,18:00,18:45,Le 33 Foch,BOOTCAMP & CYCLE (WOD),LUKAS,0,0,True,disponible,2026-09-05 10:22
2026-09-11|18:00|le 33 foch|cardio-boxing,2026-09-11,Vendredi,18:00,18:45,Le 33 Foch,CARDIO-BOXING,HISANY,0,0,True,disponible,2026-09-05 10:22
2026-09-11|18:00|le 33 foch|micro lagree,2026-09-11,Vendredi,18:00,18:50,Le 33 Foch,MICRO LAGREE,ENZO,0,0,True,disponible,2026-09-05 10:22
2026-09-11|18:00|le 33 foch|pilates reformer,2026-09-11,Vendredi,18:00,18:50,Le 33 Foch,PILATES REFORMER,TAIR,0,0,True,disponible,2026-09-05 10:22
2026-09-11|19:00|le 33 foch|cardio-boxing,2026-09-11,Vendredi,19:00,19:45,Le 33 Foch,CARDIO-BOXING,HISANY,0,0,True,disponible,2026-09-05 10:22
2026-09-11|19:00|le 33 foch|micro lagree,2026-09-11,Vendredi,19:00,19:50,Le 33 Foch,MICRO LAGREE,ENZO,0,0,True,disponible,2026-09-05 10:22
2026-09-11|19:00|le 33 foch|pilates reformer,2026-09-11,Vendredi,19:00,19:50,Le 33 Foch,PILATES REFORMER,TAIR,0,0,True,disponible,2026-09-05 10:22
2026-09-12|10:00|le 33 foch|micro lagree,2026-09-12,Samedi,10:00,10:50,Le 33 Foch,MICRO LAGREE,MAX,0,0,True,disponible,2026-09-06 01:20
2026-09-12|10:00|le 33 foch|pilates reformer,2026-09-12,Samedi,10:00,10:50,Le 33 Foch,PILATES REFORMER,MORGANE,0,0,True,disponible,2026-09-06 01:20
2026-09-12|10:00|le 33 foch|yoga vinyasa,2026-09-12,Samedi,10:00,10:50,Le 33 Foch,YOGA VINYASA,CAROLINE,0,0,True,disponible,2026-09-06 01:20
2026-09-12|11:00|le 33 foch|micro lagree,2026-09-12,Samedi,11:00,11:50,Le 33 Foch,MICRO LAGREE,MAX,0,0,True,disponible,2026-09-06 01:20
2026-09-12|11:00|le 33 foch|pilates reformer,2026-09-12,Samedi,11:00,11:50,Le 33 Foch,PILATES REFORMER,MORGANE,0,0,True,disponible,2026-09-06 01:20
2026-09-12|11:00|le 33 foch|trx,2026-09-12,Samedi,11:00,11:45,Le 33 Foch,TRX,FABRICE,0,0,True,disponible,2026-09-06 01:20
2026-09-12|12:00|le 33 foch|cardio-boxing,2026-09-12,Samedi,12:00,12:45,Le 33 Foch,CARDIO-BOXING,MAX,0,0,True,disponible,2026-09-06 01:20
2026-09-12|12:00|le 33 foch|core training,2026-09-12,Samedi,12:00,12:45,Le 33 Foch,CORE TRAINING,FABRICE,0,0,True,disponible,2026-09-06 01:20
2026-09-12|12:00|le 33 foch|pilates reformer,2026-09-12,Samedi,12:00,12:50,Le 33 Foch,PILATES REFORMER,MORGANE,0,0,True,disponible,2026-09-06 01:20
2026-09-12|13:00|le 33 foch|cardio-boxing,2026-09-12,Samedi,13:00,13:45,Le 33 Foch,CARDIO-BOXING,MAX,0,0,True,disponible,2026-09-06 01:20
2026-09-12|14:00|le 33 foch|pilates mat,2026-09-12,Samedi,14:00,14:45,Le 33 Foch,PILATES MAT,YOANN,0,0,True,disponible,2026-09-06 01:20
2026-09-12|15:00|le 33 foch|teenagers boxing (10-14 ans),2026-09-12,Samedi,15:00,15:45,Le 33 Foch,TEENAGERS BOXING (10-14 ans),MAX,0,0,True,disponible,2026-09-06 01:20
2026-09-12|16:00|le 33 foch|cardio-boxing,2026-09-12,Samedi,16:00,16:45,Le 33 Foch,CARDIO-BOXING,LUCIE,0,0,True,disponible,2026-09-06 01:20
2026-09-12|17:00|le 33 foch|yoga vinyasa,2026-09-12,Samedi,17:00,17:50,Le 33 Foch,YOGA VINYASA,LUCIE,0,0,True,disponible,2026-09-06 01:20
2026-09-13|10:00|le 33 foch|bootcamp,2026-09-13,Dimanche,10:00,10:45,Le 33 Foch,BOOTCAMP,MATTEO,0,0,True,disponible,2026-09-07 01:11
2026-09-13|10:00|le 33 foch|micro lagree,2026-09-13,Dimanche,10:00,10:50,Le 33 Foch,MICRO LAGREE,JULIA,0,0,True,disponible,2026-09-07 01:11
2026-09-13|10:00|le 33 foch|pilates reformer (niveau 2),2026-09-13,Dimanche,10:00,10:50,Le 33 Foch,PILATES REFORMER (Niveau 2),LISA,0,0,True,disponible,2026-09-07 01:11
2026-09-13|11:00|le 33 foch|cardio-boxing,2026-09-13,Dimanche,11:00,11:45,Le 33 Foch,CARDIO-BOXING,JEREMI,0,0,True,disponible,2026-09-07 01:11
2026-09-13|11:00|le 33 foch|micro lagree,2026-09-13,Dimanche,11:00,11:50,Le 33 Foch,MICRO LAGREE,JULIA,0,0,True,disponible,2026-09-07 01:11
2026-09-13|11:00|le 33 foch|pilates reformer (niveau 2),2026-09-13,Dimanche,11:00,11:50,Le 33 Foch,PILATES REFORMER (Niveau 2),LISA,0,0,True,disponible,2026-09-07 01:11
2026-09-13|11:30|le 33 foch|cuisses abdos fessiers,2026-09-13,Dimanche,11:30,12:15,Le 33 Foch,CUISSES ABDOS FESSIERS,MATTEO,0,0,True,disponible,2026-09-07 01:11
2026-09-13|12:00|le 33 foch|cardio-boxing,2026-09-13,Dimanche,12:00,12:45,Le 33 Foch,CARDIO-BOXING,JEREMI,0,0,True,disponible,2026-09-07 01:11
2026-09-13|12:00|le 33 foch|micro lagree,2026-09-13,Dimanche,12:00,12:50,Le 33 Foch,MICRO LAGREE,JULIA,0,0,True,disponible,2026-09-07 01:11
2026-09-13|12:00|le 33 foch|pilates reformer (niveau 2),2026-09-13,Dimanche,12:00,12:50,Le 33 Foch,PILATES REFORMER (Niveau 2),LISA,0,0,True,disponible,2026-09-07 01:11
2026-09-13|12:30|le 33 foch|bootcamp & cycle,2026-09-13,Dimanche,12:30,13:15,Le 33 Foch,BOOTCAMP & CYCLE,MATTEO,0,0,True,disponible,2026-09-07 01:11
2026-09-13|15:00|le 33 foch|pilates reformer,2026-09-13,Dimanche,15:00,15:50,Le 33 Foch,PILATES REFORMER,MORGANE (Suppléant),0,0,True,disponible,2026-09-07 01:11
2026-09-13|16:00|le 33 foch|pilates reformer,2026-09-13,Dimanche,16:00,16:50,Le 33 Foch,PILATES REFORMER,MORGANE (Suppléant),0,0,True,disponible,2026-09-07 01:11
2026-09-13|17:00|le 33 foch|pilates reformer,2026-09-13,Dimanche,17:00,17:50,Le 33 Foch,PILATES REFORMER,MORGANE (Suppléant),0,0,True,disponible,2026-09-07 01:11
2026-09-14|08:00|le 33 foch|pilates reformer (niveau 2),2026-09-14,Lundi,08:00,08:50,Le 33 Foch,PILATES REFORMER (Niveau 2),LISA,0,0,True,disponible,2026-09-08 00:02
2026-09-14|09:00|le 33 foch|cuisses abdos fessiers,2026-09-14,Lundi,09:00,09:45,Le 33 Foch,CUISSES ABDOS FESSIERS,MATTEO,0,0,True,disponible,2026-09-08 00:02
2026-09-14|09:00|le 33 foch|pilates reformer (niveau 2),2026-09-14,Lundi,09:00,09:50,Le 33 Foch,PILATES REFORMER (Niveau 2),LISA,0,0,True,disponible,2026-09-08 00:02
2026-09-14|10:00|le 33 foch|micro lagree,2026-09-14,Lundi,10:00,10:50,Le 33 Foch,MICRO LAGREE,DAPHNE,0,0,True,disponible,2026-09-08 00:02
2026-09-14|10:00|le 33 foch|pilates reformer (niveau 2),2026-09-14,Lundi,10:00,10:50,Le 33 Foch,PILATES REFORMER (Niveau 2),LISA,0,0,True,disponible,2026-09-08 00:02
2026-09-14|11:00|le 33 foch|body sculpt,2026-09-14,Lundi,11:00,11:45,Le 33 Foch,BODY SCULPT,DOMINIQUE,0,0,True,disponible,2026-09-08 00:02
2026-09-14|11:00|le 33 foch|micro lagree,2026-09-14,Lundi,11:00,11:50,Le 33 Foch,MICRO LAGREE,DAPHNE,0,0,True,disponible,2026-09-08 00:02
2026-09-14|12:00|le 33 foch|micro lagree,2026-09-14,Lundi,12:00,12:50,Le 33 Foch,MICRO LAGREE,JOY,0,0,True,disponible,2026-09-08 00:02
2026-09-14|12:00|le 33 foch|pilates reformer,2026-09-14,Lundi,12:00,12:50,Le 33 Foch,PILATES REFORMER,CANDICE,0,0,True,disponible,2026-09-08 00:02
2026-09-14|12:30|le 33 foch|trx,2026-09-14,Lundi,12:30,13:15,Le 33 Foch,TRX,MAX,0,0,True,disponible,2026-09-08 00:02
2026-09-14|13:00|le 33 foch|micro lagree,2026-09-14,Lundi,13:00,13:50,Le 33 Foch,MICRO LAGREE,JOY,0,0,True,disponible,2026-09-08 00:02
2026-09-14|13:00|le 33 foch|pilates reformer,2026-09-14,Lundi,13:00,13:50,Le 33 Foch,PILATES REFORMER,CANDICE,0,0,True,disponible,2026-09-08 00:02
2026-09-14|16:00|le 33 foch|micro lagree,2026-09-14,Lundi,16:00,16:50,Le 33 Foch,MICRO LAGREE,ENZO,0,0,True,disponible,2026-09-08 00:02
2026-09-14|17:00|le 33 foch|cardio-boxing,2026-09-14,Lundi,17:00,17:45,Le 33 Foch,CARDIO-BOXING,MAX,0,0,True,disponible,2026-09-08 00:02
2026-09-14|17:00|le 33 foch|micro lagree,2026-09-14,Lundi,17:00,17:50,Le 33 Foch,MICRO LAGREE,EVA,0,0,True,disponible,2026-09-08 00:02
2026-09-14|18:00|le 33 foch|body sculpt,2026-09-14,Lundi,18:00,18:45,Le 33 Foch,BODY SCULPT,DOMINIQUE,0,0,True,disponible,2026-09-08 00:02
2026-09-14|18:00|le 33 foch|cardio-boxing,2026-09-14,Lundi,18:00,18:45,Le 33 Foch,CARDIO-BOXING,MAX,0,0,True,disponible,2026-09-08 00:02
2026-09-14|18:00|le 33 foch|micro lagree,2026-09-14,Lundi,18:00,18:50,Le 33 Foch,MICRO LAGREE,EVA,0,0,True,disponible,2026-09-08 00:02
2026-09-14|18:00|le 33 foch|pilates reformer,2026-09-14,Lundi,18:00,18:50,Le 33 Foch,PILATES REFORMER,CANDICE,0,0,True,disponible,2026-09-08 00:02
2026-09-14|18:30|le 33 foch — 32 tilsitt|street jazz girly,2026-09-14,Lundi,18:30,19:30,Le 33 Foch — 32 Tilsitt,STREET JAZZ GIRLY,MAELLA,0,0,True,disponible,2026-09-08 00:02
2026-09-14|19:00|le 33 foch|cardio-boxing,2026-09-14,Lundi,19:00,19:45,Le 33 Foch,CARDIO-BOXING,MAX,0,0,True,disponible,2026-09-08 00:02
2026-09-14|19:00|le 33 foch|micro lagree,2026-09-14,Lundi,19:00,19:50,Le 33 Foch,MICRO LAGREE,EVA,0,0,True,disponible,2026-09-08 00:02
2026-09-14|19:00|le 33 foch|pilates reformer,2026-09-14,Lundi,19:00,19:50,Le 33 Foch,PILATES REFORMER,CANDICE,0,0,True,disponible,2026-09-08 00:02
2026-09-14|19:15|le 33 foch|bootcamp & cycle,2026-09-14,Lundi,19:15,20:00,Le 33 Foch,BOOTCAMP & CYCLE,MATTEO,0,0,True,disponible,2026-09-08 00:02
2026-09-14|19:30|le 33 foch — 32 tilsitt|hip hop girly,2026-09-14,Lundi,19:30,20:30,Le 33 Foch — 32 Tilsitt,HIP HOP GIRLY,MAELLA,0,0,True,disponible,2026-09-08 00:02
2026-09-14|20:00|le 33 foch|cardio-boxing,2026-09-14,Lundi,20:00,20:45,Le 33 Foch,CARDIO-BOXING,MAX,0,0,True,disponible,2026-09-08 00:02
2026-09-14|20:00|le 33 foch|micro lagree,2026-09-14,Lundi,20:00,20:50,Le 33 Foch,MICRO LAGREE,EVA,0,0,True,disponible,2026-09-08 00:02
2026-09-15|09:00|le 33 foch|bootcamp & cycle,2026-09-15,Mardi,09:00,09:45,Le 33 Foch,BOOTCAMP & CYCLE,AARON (Suppléant),0,0,True,disponible,2026-09-09 00:43
2026-09-15|10:00|le 33 foch|pilates reformer,2026-09-15,Mardi,10:00,10:50,Le 33 Foch,PILATES REFORMER,ILANA (Suppléant),0,0,True,disponible,2026-09-09 00:43
2026-09-15|11:00|le 33 foch|micro lagree,2026-09-15,Mardi,11:00,11:50,Le 33 Foch,MICRO LAGREE,REBECCA R.,0,0,True,disponible,2026-09-09 00:43
2026-09-15|11:00|le 33 foch|yoga/pilates,2026-09-15,Mardi,11:00,11:50,Le 33 Foch,YOGA/PILATES,CAROLINE,0,0,True,disponible,2026-09-09 00:43
2026-09-15|12:00|le 33 foch|micro lagree,2026-09-15,Mardi,12:00,12:50,Le 33 Foch,MICRO LAGREE,ENZO,0,0,True,disponible,2026-09-09 00:43
2026-09-15|12:00|le 33 foch|pilates reformer,2026-09-15,Mardi,12:00,12:50,Le 33 Foch,PILATES REFORMER,REBECCA R.,0,0,True,disponible,2026-09-09 00:43
2026-09-15|12:30|le 33 foch|bootcamp & cycle (wod),2026-09-15,Mardi,12:30,13:15,Le 33 Foch,BOOTCAMP & CYCLE (WOD),AARON (Suppléant),0,0,True,disponible,2026-09-09 00:43
2026-09-15|13:00|le 33 foch|cardio-boxing,2026-09-15,Mardi,13:00,13:45,Le 33 Foch,CARDIO-BOXING,MAX,0,0,True,disponible,2026-09-09 00:43
2026-09-15|13:00|le 33 foch|micro lagree,2026-09-15,Mardi,13:00,13:50,Le 33 Foch,MICRO LAGREE,ENZO,0,0,True,disponible,2026-09-09 00:43
2026-09-15|13:00|le 33 foch|pilates reformer,2026-09-15,Mardi,13:00,13:50,Le 33 Foch,PILATES REFORMER,REBECCA R.,0,0,True,disponible,2026-09-09 00:43
2026-09-15|18:00|le 33 foch|body sculpt,2026-09-15,Mardi,18:00,18:45,Le 33 Foch,BODY SCULPT,DOMINIQUE,0,0,True,disponible,2026-09-09 00:43
2026-09-15|18:00|le 33 foch|cardio-boxing,2026-09-15,Mardi,18:00,18:45,Le 33 Foch,CARDIO-BOXING,HISANY,0,0,True,disponible,2026-09-09 00:43
2026-09-15|18:00|le 33 foch|micro lagree,2026-09-15,Mardi,18:00,18:50,Le 33 Foch,MICRO LAGREE,REBECCA G.,0,0,True,disponible,2026-09-09 00:43
2026-09-15|18:00|le 33 foch|pilates reformer,2026-09-15,Mardi,18:00,18:50,Le 33 Foch,PILATES REFORMER,ENZO,0,0,True,disponible,2026-09-09 00:43
2026-09-15|19:00|le 33 foch|cardio-boxing,2026-09-15,Mardi,19:00,19:45,Le 33 Foch,CARDIO-BOXING,MAX,0,0,True,disponible,2026-09-09 00:43
2026-09-15|19:00|le 33 foch|micro lagree,2026-09-15,Mardi,19:00,19:50,Le 33 Foch,MICRO LAGREE,REBECCA G.,0,0,True,disponible,2026-09-09 00:43
2026-09-15|19:00|le 33 foch|pilates reformer,2026-09-15,Mardi,19:00,19:50,Le 33 Foch,PILATES REFORMER,ENZO,0,0,True,disponible,2026-09-09 00:43
2026-09-15|19:15|le 33 foch|bootcamp & cycle (wod),2026-09-15,Mardi,19:15,20:00,Le 33 Foch,BOOTCAMP & CYCLE (WOD),HISANY,0,0,True,disponible,2026-09-09 00:43
2026-09-15|20:00|le 33 foch|cardio-boxing,2026-09-15,Mardi,20:00,20:45,Le 33 Foch,CARDIO-BOXING,MAX,0,0,True,disponible,2026-09-09 00:43
2026-09-15|20:00|le 33 foch|pilates reformer,2026-09-15,Mardi,20:00,20:50,Le 33 Foch,PILATES REFORMER,ENZO,0,0,True,disponible,2026-09-09 00:43
2026-09-15|20:15|le 33 foch|functional strength & mobility,2026-09-15,Mardi,20:15,21:00,Le 33 Foch,FUNCTIONAL STRENGTH & MOBILITY,HISANY,0,0,True,disponible,2026-09-09 00:43
2026-09-16|08:00|le 33 foch|pilates reformer (niveau 2),2026-09-16,Mercredi,08:00,08:50,Le 33 Foch,PILATES REFORMER (Niveau 2),LISA,0,0,True,disponible,2026-09-09 23:59
2026-09-16|09:00|le 33 foch|pilates reformer (niveau 2),2026-09-16,Mercredi,09:00,09:50,Le 33 Foch,PILATES REFORMER (Niveau 2),LISA,0,0,True,disponible,2026-09-09 23:59
2026-09-16|09:00|le 33 foch|trx & cycle,2026-09-16,Mercredi,09:00,09:45,Le 33 Foch,TRX & CYCLE,JEREMI,0,0,True,disponible,2026-09-09 23:59
2026-09-16|10:00|le 33 foch|pilates reformer (niveau 2),2026-09-16,Mercredi,10:00,10:50,Le 33 Foch,PILATES REFORMER (Niveau 2),LISA,0,0,True,disponible,2026-09-09 23:59
2026-09-16|11:00|le 33 foch|micro lagree,2026-09-16,Mercredi,11:00,11:50,Le 33 Foch,MICRO LAGREE,JULIA,0,0,True,disponible,2026-09-09 23:59
2026-09-16|11:00|le 33 foch|pilates mat,2026-09-16,Mercredi,11:00,11:50,Le 33 Foch,PILATES MAT,CAROLINE,0,0,True,disponible,2026-09-09 23:59
2026-09-16|12:00|le 33 foch|micro lagree,2026-09-16,Mercredi,12:00,12:50,Le 33 Foch,MICRO LAGREE,JULIA,0,0,True,disponible,2026-09-09 23:59
2026-09-16|12:00|le 33 foch|pilates reformer,2026-09-16,Mercredi,12:00,12:50,Le 33 Foch,PILATES REFORMER,ILANA (Suppléant),0,0,True,disponible,2026-09-09 23:59
2026-09-16|12:30|le 33 foch|bootcamp & cycle (wod),2026-09-16,Mercredi,12:30,13:15,Le 33 Foch,BOOTCAMP & CYCLE (WOD),MATTEO,0,0,True,disponible,2026-09-09 23:59
2026-09-16|13:00|le 33 foch|cardio-boxing,2026-09-16,Mercredi,13:00,13:45,Le 33 Foch,CARDIO-BOXING,JEREMI,0,0,True,disponible,2026-09-09 23:59
2026-09-16|13:00|le 33 foch|pilates reformer,2026-09-16,Mercredi,13:00,13:50,Le 33 Foch,PILATES REFORMER,ILANA (Suppléant),0,0,True,disponible,2026-09-09 23:59
2026-09-16|15:00|le 33 foch|pilates reformer,2026-09-16,Mercredi,15:00,15:50,Le 33 Foch,PILATES REFORMER,ENZO (Suppléant),0,0,True,disponible,2026-09-09 23:59
2026-09-16|16:00|le 33 foch|kids boxing (6 à 9 ans),2026-09-16,Mercredi,16:00,16:45,Le 33 Foch,KIDS BOXING (6 à 9 ans),MAX,0,0,True,disponible,2026-09-09 23:59
2026-09-16|16:00|le 33 foch|pilates reformer,2026-09-16,Mercredi,16:00,16:50,Le 33 Foch,PILATES REFORMER,ENZO (Suppléant),0,0,True,disponible,2026-09-09 23:59
2026-09-16|17:00|le 33 foch|micro lagree,2026-09-16,Mercredi,17:00,17:50,Le 33 Foch,MICRO LAGREE,JULIA,0,0,True,disponible,2026-09-09 23:59
2026-09-16|18:00|le 33 foch|bootcamp & cycle (wod),2026-09-16,Mercredi,18:00,18:45,Le 33 Foch,BOOTCAMP & CYCLE (WOD),MATTEO,0,0,True,disponible,2026-09-09 23:59
2026-09-16|18:00|le 33 foch|cardio-boxing,2026-09-16,Mercredi,18:00,18:45,Le 33 Foch,CARDIO-BOXING,JONATHAN,0,0,True,disponible,2026-09-09 23:59
2026-09-16|18:00|le 33 foch|micro lagree,2026-09-16,Mercredi,18:00,18:50,Le 33 Foch,MICRO LAGREE,JULIA,0,0,True,disponible,2026-09-09 23:59
2026-09-16|18:00|le 33 foch|pilates reformer,2026-09-16,Mercredi,18:00,18:50,Le 33 Foch,PILATES REFORMER,ILANA (Suppléant),0,0,True,disponible,2026-09-09 23:59
2026-09-16|18:30|le 33 foch — 32 tilsitt|hip hop girly,2026-09-16,Mercredi,18:30,19:30,Le 33 Foch — 32 Tilsitt,HIP HOP GIRLY,LUCILE,0,0,True,inconnu,2026-09-09 23:59
2026-09-16|19:00|le 33 foch|cardio-boxing,2026-09-16,Mercredi,19:00,19:45,Le 33 Foch,CARDIO-BOXING,JONATHAN,0,0,True,disponible,2026-09-09 23:59
2026-09-16|19:00|le 33 foch|micro lagree,2026-09-16,Mercredi,19:00,19:50,Le 33 Foch,MICRO LAGREE,EVA,0,0,True,disponible,2026-09-09 23:59
2026-09-16|19:00|le 33 foch|pilates reformer,2026-09-16,Mercredi,19:00,19:50,Le 33 Foch,PILATES REFORMER,ILANA (Suppléant),0,0,True,disponible,2026-09-09 23:59
2026-09-16|19:00|le 33 foch|trx,2026-09-16,Mercredi,19:00,19:45,Le 33 Foch,TRX,MATTEO,0,0,True,disponible,2026-09-09 23:59
2026-09-16|19:30|le 33 foch — 32 tilsitt|heels girly,2026-09-16,Mercredi,19:30,20:30,Le 33 Foch — 32 Tilsitt,HEELS GIRLY,NAIADE,0,0,True,inconnu,2026-09-09 23:59
2026-09-16|20:00|le 33 foch|cardio-boxing,2026-09-16,Mercredi,20:00,20:45,Le 33 Foch,CARDIO-BOXING,JONATHAN,0,0,True,disponible,2026-09-09 23:59
2026-09-16|20:00|le 33 foch|cuisses abdos fessiers,2026-09-16,Mercredi,20:00,20:45,Le 33 Foch,CUISSES ABDOS FESSIERS,MATTEO,0,0,True,disponible,2026-09-09 23:59
2026-09-16|20:00|le 33 foch|micro lagree,2026-09-16,Mercredi,20:00,20:50,Le 33 Foch,MICRO LAGREE,EVA,0,0,True,disponible,2026-09-09 23:59
2026-09-16|20:00|le 33 foch|pilates reformer,2026-09-16,Mercredi,20:00,20:50,Le 33 Foch,PILATES REFORMER,ILANA (Suppléant),0,0,True,disponible,2026-09-09 23:59
2026-09-16|20:30|le 33 foch — 32 tilsitt|hip hop girly,2026-09-16,Mercredi,20:30,21:30,Le 33 Foch — 32 Tilsitt,HIP HOP GIRLY,MAELLA,0,0,True,inconnu,2026-09-09 23:59
2026-09-17|09:00|le 33 foch|cuisses abdos fessiers,2026-09-17,Jeudi,09:00,09:45,Le 33 Foch,CUISSES ABDOS FESSIERS,MATTEO,0,0,True,disponible,2026-09-11 10:56
2026-09-17|09:00|le 33 foch|pilates reformer,2026-09-17,Jeudi,09:00,09:50,Le 33 Foch,PILATES REFORMER,JOY,0,0,True,disponible,2026-09-11 10:56
2026-09-17|10:00|le 33 foch|micro lagree,2026-09-17,Jeudi,10:00,10:50,Le 33 Foch,MICRO LAGREE,DAPHNE,0,0,True,disponible,2026-09-11 10:56
2026-09-17|10:00|le 33 foch|pilates reformer,2026-09-17,Jeudi,10:00,10:50,Le 33 Foch,PILATES REFORMER,JOY,0,0,True,disponible,2026-09-11 10:56
2026-09-17|11:00|le 33 foch|body sculpt,2026-09-17,Jeudi,11:00,11:45,Le 33 Foch,BODY SCULPT,DOMINIQUE,0,0,True,disponible,2026-09-11 10:56
2026-09-17|11:00|le 33 foch|micro lagree,2026-09-17,Jeudi,11:00,11:50,Le 33 Foch,MICRO LAGREE,DAPHNE,0,0,True,disponible,2026-09-11 10:56
2026-09-17|12:00|le 33 foch|micro lagree,2026-09-17,Jeudi,12:00,12:50,Le 33 Foch,MICRO LAGREE,MARIE,0,0,True,disponible,2026-09-11 10:56
2026-09-17|12:00|le 33 foch|pilates reformer,2026-09-17,Jeudi,12:00,12:50,Le 33 Foch,PILATES REFORMER,ILANA,0,0,True,disponible,2026-09-11 10:56
2026-09-17|12:30|le 33 foch|my fit barre by valerie,2026-09-17,Jeudi,12:30,13:15,Le 33 Foch,MY FIT BARRE BY VALERIE,VALERIE,0,0,True,disponible,2026-09-11 10:56
2026-09-17|13:00|le 33 foch|cardio-boxing,2026-09-17,Jeudi,13:00,13:45,Le 33 Foch,CARDIO-BOXING,MAX,0,0,True,disponible,2026-09-11 10:56
2026-09-17|13:00|le 33 foch|micro lagree,2026-09-17,Jeudi,13:00,13:50,Le 33 Foch,MICRO LAGREE,MARIE,0,0,True,disponible,2026-09-11 10:56
2026-09-17|13:00|le 33 foch|pilates reformer,2026-09-17,Jeudi,13:00,13:50,Le 33 Foch,PILATES REFORMER,ILANA,0,0,True,disponible,2026-09-11 10:56
2026-09-17|17:00|le 33 foch|pilates reformer,2026-09-17,Jeudi,17:00,17:50,Le 33 Foch,PILATES REFORMER,ILANA (Suppléant),0,0,True,disponible,2026-09-11 10:56
2026-09-17|18:00|le 33 foch|cardio-boxing,2026-09-17,Jeudi,18:00,18:45,Le 33 Foch,CARDIO-BOXING,JEREMI,0,0,True,disponible,2026-09-11 10:56
2026-09-17|18:00|le 33 foch|micro lagree,2026-09-17,Jeudi,18:00,18:50,Le 33 Foch,MICRO LAGREE,MATTEO,0,0,True,disponible,2026-09-11 10:56
2026-09-17|18:00|le 33 foch|pilates reformer,2026-09-17,Jeudi,18:00,18:50,Le 33 Foch,PILATES REFORMER,ILANA (Suppléant),0,0,True,disponible,2026-09-11 10:56
2026-09-17|19:00|le 33 foch|bootcamp & cycle,2026-09-17,Jeudi,19:00,19:45,Le 33 Foch,BOOTCAMP & CYCLE,MAX,0,0,True,disponible,2026-09-11 10:56
2026-09-17|19:00|le 33 foch|cardio-boxing,2026-09-17,Jeudi,19:00,19:45,Le 33 Foch,CARDIO-BOXING,JEREMI,0,0,True,disponible,2026-09-11 10:56
2026-09-17|19:00|le 33 foch|micro lagree,2026-09-17,Jeudi,19:00,19:50,Le 33 Foch,MICRO LAGREE,MATTEO,0,0,True,disponible,2026-09-11 10:56
2026-09-17|19:00|le 33 foch|pilates reformer,2026-09-17,Jeudi,19:00,19:50,Le 33 Foch,PILATES REFORMER,DAPHNE,0,0,True,disponible,2026-09-11 10:56
2026-09-17|20:00|le 33 foch|bootcamp,2026-09-17,Jeudi,20:00,20:45,Le 33 Foch,BOOTCAMP,MAX,0,0,True,disponible,2026-09-11 10:56
2026-09-17|20:00|le 33 foch|cardio-boxing,2026-09-17,Jeudi,20:00,20:45,Le 33 Foch,CARDIO-BOXING,JEREMI,0,0,True,disponible,2026-09-11 10:56
2026-09-17|20:00|le 33 foch|pilates reformer,2026-09-17,Jeudi,20:00,20:50,Le 33 Foch,PILATES REFORMER,DAPHNE,0,0,True,disponible,2026-09-11 10:56
2026-09-18|10:00|le 33 foch|pilates reformer (niveau 2),2026-09-18,Vendredi,10:00,10:50,Le 33 Foch,PILATES REFORMER (Niveau 2),SEVILLE,0,0,True,disponible,2026-09-11 23:58
2026-09-18|11:00|le 33 foch|body sculpt,2026-09-18,Vendredi,11:00,11:45,Le 33 Foch,BODY SCULPT,DOMINIQUE,0,0,True,disponible,2026-09-11 23:58
2026-09-18|11:00|le 33 foch|micro lagree,2026-09-18,Vendredi,11:00,11:50,Le 33 Foch,MICRO LAGREE,EVA,0,0,True,disponible,2026-09-11 23:58
2026-09-18|11:00|le 33 foch|pilates reformer (niveau 2),2026-09-18,Vendredi,11:00,11:50,Le 33 Foch,PILATES REFORMER (Niveau 2),SEVILLE,0,0,True,disponible,2026-09-11 23:58
2026-09-18|12:00|le 33 foch|micro lagree,2026-09-18,Vendredi,12:00,12:50,Le 33 Foch,MICRO LAGREE,EVA,0,0,True,disponible,2026-09-11 23:58
2026-09-18|12:00|le 33 foch|pilates reformer (niveau 2),2026-09-18,Vendredi,12:00,12:50,Le 33 Foch,PILATES REFORMER (Niveau 2),SEVILLE,0,0,True,disponible,2026-09-11 23:58
2026-09-18|12:30|le 33 foch|trx,2026-09-18,Vendredi,12:30,13:15,Le 33 Foch,TRX,JEREMI,0,0,True,disponible,2026-09-11 23:58
2026-09-18|16:00|le 33 foch|pilates reformer,2026-09-18,Vendredi,16:00,16:50,Le 33 Foch,PILATES REFORMER,CANDICE,0,0,True,disponible,2026-09-11 23:58
2026-09-18|17:00|le 33 foch|micro lagree,2026-09-18,Vendredi,17:00,17:50,Le 33 Foch,MICRO LAGREE,ENZO,0,0,True,disponible,2026-09-11 23:58
2026-09-18|18:00|le 33 foch|bootcamp & cycle (wod),2026-09-18,Vendredi,18:00,18:45,Le 33 Foch,BOOTCAMP & CYCLE (WOD),LUKAS,0,0,True,disponible,2026-09-11 23:58
2026-09-18|18:00|le 33 foch|cardio-boxing,2026-09-18,Vendredi,18:00,18:45,Le 33 Foch,CARDIO-BOXING,HISANY,0,0,True,disponible,2026-09-11 23:58
2026-09-18|18:00|le 33 foch|micro lagree,2026-09-18,Vendredi,18:00,18:50,Le 33 Foch,MICRO LAGREE,ENZO,0,0,True,disponible,2026-09-11 23:58
2026-09-18|18:00|le 33 foch|pilates reformer,2026-09-18,Vendredi,18:00,18:50,Le 33 Foch,PILATES REFORMER,TAIR,0,0,True,disponible,2026-09-11 23:58
2026-09-18|19:00|le 33 foch|cardio-boxing,2026-09-18,Vendredi,19:00,19:45,Le 33 Foch,CARDIO-BOXING,HISANY,0,0,True,disponible,2026-09-11 23:58
2026-09-18|19:00|le 33 foch|micro lagree,2026-09-18,Vendredi,19:00,19:50,Le 33 Foch,MICRO LAGREE,ENZO,0,0,True,disponible,2026-09-11 23:58
2026-09-18|19:00|le 33 foch|pilates reformer,2026-09-18,Vendredi,19:00,19:50,Le 33 Foch,PILATES REFORMER,TAIR,0,0,True,disponible,2026-09-11 23:58
2026-09-19|10:00|le 33 foch|micro lagree,2026-09-19,Samedi,10:00,10:50,Le 33 Foch,MICRO LAGREE,MAX,0,0,True,disponible,2026-09-13 01:03
2026-09-19|10:00|le 33 foch|pilates reformer,2026-09-19,Samedi,10:00,10:50,Le 33 Foch,PILATES REFORMER,LISA (Suppléant),0,0,True,disponible,2026-09-13 01:03
2026-09-19|10:00|le 33 foch|yoga vinyasa,2026-09-19,Samedi,10:00,10:50,Le 33 Foch,YOGA VINYASA,CAROLINE,0,0,True,disponible,2026-09-13 01:03
2026-09-19|11:00|le 33 foch|micro lagree,2026-09-19,Samedi,11:00,11:50,Le 33 Foch,MICRO LAGREE,MAX,0,0,True,disponible,2026-09-13 01:03
2026-09-19|11:00|le 33 foch|pilates reformer,2026-09-19,Samedi,11:00,11:50,Le 33 Foch,PILATES REFORMER,LISA (Suppléant),0,0,True,disponible,2026-09-13 01:03
2026-09-19|11:00|le 33 foch|trx,2026-09-19,Samedi,11:00,11:45,Le 33 Foch,TRX,FABRICE,0,0,True,disponible,2026-09-13 01:03
2026-09-19|12:00|le 33 foch|cardio-boxing,2026-09-19,Samedi,12:00,12:45,Le 33 Foch,CARDIO-BOXING,MAX,0,0,True,disponible,2026-09-13 01:03
2026-09-19|12:00|le 33 foch|core training,2026-09-19,Samedi,12:00,12:45,Le 33 Foch,CORE TRAINING,FABRICE,0,0,True,disponible,2026-09-13 01:03
2026-09-19|12:00|le 33 foch|pilates reformer,2026-09-19,Samedi,12:00,12:50,Le 33 Foch,PILATES REFORMER,LISA (Suppléant),0,0,True,disponible,2026-09-13 01:03
2026-09-19|13:00|le 33 foch|cardio-boxing,2026-09-19,Samedi,13:00,13:45,Le 33 Foch,CARDIO-BOXING,MAX,0,0,True,disponible,2026-09-13 01:03
2026-09-19|14:00|le 33 foch|pilates mat,2026-09-19,Samedi,14:00,14:45,Le 33 Foch,PILATES MAT,YOANN,0,0,True,inconnu,2026-09-13 01:03
2026-09-19|15:00|le 33 foch|teenagers boxing (10-14 ans),2026-09-19,Samedi,15:00,15:45,Le 33 Foch,TEENAGERS BOXING (10-14 ans),MAX,0,0,True,disponible,2026-09-13 01:03
2026-09-19|16:00|le 33 foch|cardio-boxing,2026-09-19,Samedi,16:00,16:45,Le 33 Foch,CARDIO-BOXING,LUCIE,0,0,True,disponible,2026-09-13 01:03
2026-09-19|17:00|le 33 foch|yoga vinyasa,2026-09-19,Samedi,17:00,17:50,Le 33 Foch,YOGA VINYASA,LUCIE,0,0,True,disponible,2026-09-13 01:03
2026-09-20|10:00|le 33 foch|bootcamp,2026-09-20,Dimanche,10:00,10:45,Le 33 Foch,BOOTCAMP,MATTEO,0,0,True,disponible,2026-09-14 01:35
2026-09-20|10:00|le 33 foch|micro lagree,2026-09-20,Dimanche,10:00,10:50,Le 33 Foch,MICRO LAGREE,JULIA,0,0,True,disponible,2026-09-14 01:35
2026-09-20|10:00|le 33 foch|pilates reformer (niveau 2),2026-09-20,Dimanche,10:00,10:50,Le 33 Foch,PILATES REFORMER (Niveau 2),LISA,0,0,True,disponible,2026-09-14 01:35
2026-09-20|11:00|le 33 foch|cardio-boxing,2026-09-20,Dimanche,11:00,11:45,Le 33 Foch,CARDIO-BOXING,JEREMI,0,0,True,disponible,2026-09-14 01:35
2026-09-20|11:00|le 33 foch|micro lagree,2026-09-20,Dimanche,11:00,11:50,Le 33 Foch,MICRO LAGREE,JULIA,0,0,True,disponible,2026-09-14 01:35
2026-09-20|11:00|le 33 foch|pilates reformer (niveau 2),2026-09-20,Dimanche,11:00,11:50,Le 33 Foch,PILATES REFORMER (Niveau 2),LISA,0,0,True,disponible,2026-09-14 01:35
2026-09-20|11:30|le 33 foch|cuisses abdos fessiers,2026-09-20,Dimanche,11:30,12:15,Le 33 Foch,CUISSES ABDOS FESSIERS,MATTEO,0,0,True,disponible,2026-09-14 01:35
2026-09-20|12:00|le 33 foch|cardio-boxing,2026-09-20,Dimanche,12:00,12:45,Le 33 Foch,CARDIO-BOXING,JEREMI,0,0,True,disponible,2026-09-14 01:35
2026-09-20|12:00|le 33 foch|micro lagree,2026-09-20,Dimanche,12:00,12:50,Le 33 Foch,MICRO LAGREE,JULIA,0,0,True,disponible,2026-09-14 01:35
2026-09-20|12:00|le 33 foch|pilates reformer (niveau 2),2026-09-20,Dimanche,12:00,12:50,Le 33 Foch,PILATES REFORMER (Niveau 2),LISA,0,0,True,disponible,2026-09-14 01:35
2026-09-20|12:30|le 33 foch|bootcamp & cycle,2026-09-20,Dimanche,12:30,13:15,Le 33 Foch,BOOTCAMP & CYCLE,MATTEO,0,0,True,disponible,2026-09-14 01:35
2026-09-20|15:00|le 33 foch|pilates reformer,2026-09-20,Dimanche,15:00,15:50,Le 33 Foch,PILATES REFORMER,SEVILLE,0,0,True,disponible,2026-09-14 01:35
2026-09-20|16:00|le 33 foch|pilates reformer,2026-09-20,Dimanche,16:00,16:50,Le 33 Foch,PILATES REFORMER,SEVILLE,0,0,True,disponible,2026-09-14 01:35
2026-09-20|17:00|le 33 foch|pilates reformer,2026-09-20,Dimanche,17:00,17:50,Le 33 Foch,PILATES REFORMER,SEVILLE,0,0,True,disponible,2026-09-14 01:35
2026-09-21|08:00|le 33 foch|pilates reformer (niveau 2),2026-09-21,Lundi,08:00,08:50,Le 33 Foch,PILATES REFORMER (Niveau 2),MORGANE (Suppléant),0,0,True,disponible,2026-09-15 11:30
2026-09-21|09:00|le 33 foch|cuisses abdos fessiers,2026-09-21,Lundi,09:00,09:45,Le 33 Foch,CUISSES ABDOS FESSIERS,MATTEO,0,0,True,disponible,2026-09-15 11:30
2026-09-21|09:00|le 33 foch|pilates reformer (niveau 2),2026-09-21,Lundi,09:00,09:50,Le 33 Foch,PILATES REFORMER (Niveau 2),MORGANE (Suppléant),0,0,True,disponible,2026-09-15 11:30
2026-09-21|10:00|le 33 foch|micro lagree,2026-09-21,Lundi,10:00,10:50,Le 33 Foch,MICRO LAGREE,DAPHNE,0,0,True,disponible,2026-09-15 11:30
2026-09-21|10:00|le 33 foch|pilates reformer (niveau 2),2026-09-21,Lundi,10:00,10:50,Le 33 Foch,PILATES REFORMER (Niveau 2),MORGANE (Suppléant),0,0,True,disponible,2026-09-15 11:30
2026-09-21|11:00|le 33 foch|body sculpt,2026-09-21,Lundi,11:00,11:45,Le 33 Foch,BODY SCULPT,DOMINIQUE,0,0,True,disponible,2026-09-15 11:30
2026-09-21|11:00|le 33 foch|micro lagree,2026-09-21,Lundi,11:00,11:50,Le 33 Foch,MICRO LAGREE,DAPHNE,0,0,True,disponible,2026-09-15 11:30
2026-09-21|12:00|le 33 foch|micro lagree,2026-09-21,Lundi,12:00,12:50,Le 33 Foch,MICRO LAGREE,JOY,0,0,True,disponible,2026-09-15 11:30
2026-09-21|12:00|le 33 foch|pilates reformer,2026-09-21,Lundi,12:00,12:50,Le 33 Foch,PILATES REFORMER,CANDICE,0,0,True,disponible,2026-09-15 11:30
2026-09-21|12:30|le 33 foch|trx,2026-09-21,Lundi,12:30,13:15,Le 33 Foch,TRX,MAX,0,0,True,disponible,2026-09-15 11:30
2026-09-21|13:00|le 33 foch|micro lagree,2026-09-21,Lundi,13:00,13:50,Le 33 Foch,MICRO LAGREE,JOY,0,0,True,disponible,2026-09-15 11:30
2026-09-21|13:00|le 33 foch|pilates reformer,2026-09-21,Lundi,13:00,13:50,Le 33 Foch,PILATES REFORMER,CANDICE,0,0,True,disponible,2026-09-15 11:30
2026-09-21|16:00|le 33 foch|micro lagree,2026-09-21,Lundi,16:00,16:50,Le 33 Foch,MICRO LAGREE,ENZO,0,0,True,disponible,2026-09-15 11:30
2026-09-21|17:00|le 33 foch|cardio-boxing,2026-09-21,Lundi,17:00,17:45,Le 33 Foch,CARDIO-BOXING,MAX,0,0,True,disponible,2026-09-15 11:30
2026-09-21|17:00|le 33 foch|micro lagree,2026-09-21,Lundi,17:00,17:50,Le 33 Foch,MICRO LAGREE,EVA,0,0,True,disponible,2026-09-15 11:30
2026-09-21|18:00|le 33 foch|body sculpt,2026-09-21,Lundi,18:00,18:45,Le 33 Foch,BODY SCULPT,DOMINIQUE,0,0,True,disponible,2026-09-15 16:29
2026-09-21|18:00|le 33 foch|cardio-boxing,2026-09-21,Lundi,18:00,18:45,Le 33 Foch,CARDIO-BOXING,MAX,0,0,True,disponible,2026-09-15 16:29
2026-09-21|18:00|le 33 foch|micro lagree,2026-09-21,Lundi,18:00,18:50,Le 33 Foch,MICRO LAGREE,EVA,0,0,True,disponible,2026-09-15 16:29
2026-09-21|18:00|le 33 foch|pilates reformer,2026-09-21,Lundi,18:00,18:50,Le 33 Foch,PILATES REFORMER,ENZO (Suppléant),0,0,True,disponible,2026-09-15 16:29
2026-09-21|18:30|le 33 foch — 32 tilsitt|street jazz girly,2026-09-21,Lundi,18:30,19:30,Le 33 Foch — 32 Tilsitt,STREET JAZZ GIRLY,MAELLA,0,0,True,disponible,2026-09-15 16:29
2026-09-21|19:00|le 33 foch|cardio-boxing,2026-09-21,Lundi,19:00,19:45,Le 33 Foch,CARDIO-BOXING,MAX,0,0,True,disponible,2026-09-15 16:29
2026-09-21|19:00|le 33 foch|micro lagree,2026-09-21,Lundi,19:00,19:50,Le 33 Foch,MICRO LAGREE,EVA,0,0,True,disponible,2026-09-15 16:29
2026-09-21|19:00|le 33 foch|pilates reformer,2026-09-21,Lundi,19:00,19:50,Le 33 Foch,PILATES REFORMER,ENZO (Suppléant),0,0,True,disponible,2026-09-15 16:29
2026-09-21|19:15|le 33 foch|bootcamp & cycle,2026-09-21,Lundi,19:15,20:00,Le 33 Foch,BOOTCAMP & CYCLE,MATTEO,0,0,True,disponible,2026-09-15 16:29
2026-09-21|19:30|le 33 foch — 32 tilsitt|hip hop girly,2026-09-21,Lundi,19:30,20:30,Le 33 Foch — 32 Tilsitt,HIP HOP GIRLY,MAELLA,0,0,True,disponible,2026-09-15 16:29
2026-09-21|20:00|le 33 foch|cardio-boxing,2026-09-21,Lundi,20:00,20:45,Le 33 Foch,CARDIO-BOXING,MAX,0,0,True,disponible,2026-09-15 16:29
2026-09-21|20:00|le 33 foch|micro lagree,2026-09-21,Lundi,20:00,20:50,Le 33 Foch,MICRO LAGREE,EVA,0,0,True,disponible,2026-09-15 16:29
2026-09-22|09:00|le 33 foch|bootcamp & cycle,2026-09-22,Mardi,09:00,09:45,Le 33 Foch,BOOTCAMP & CYCLE,YOANN,0,0,True,disponible,2026-09-16 01:44
2026-09-22|10:00|le 33 foch|pilates reformer,2026-09-22,Mardi,10:00,10:50,Le 33 Foch,PILATES REFORMER,YOANN,0,0,True,disponible,2026-09-16 01:44
2026-09-22|11:00|le 33 foch|micro lagree,2026-09-22,Mardi,11:00,11:50,Le 33 Foch,MICRO LAGREE,REBECCA R.,0,0,True,disponible,2026-09-16 01:44
2026-09-22|11:00|le 33 foch|yoga/pilates,2026-09-22,Mardi,11:00,11:50,Le 33 Foch,YOGA/PILATES,CAROLINE,0,0,True,disponible,2026-09-16 01:44
2026-09-22|12:00|le 33 foch|micro lagree,2026-09-22,Mardi,12:00,12:50,Le 33 Foch,MICRO LAGREE,ENZO,0,0,True,disponible,2026-09-16 01:44
2026-09-22|12:00|le 33 foch|pilates reformer,2026-09-22,Mardi,12:00,12:50,Le 33 Foch,PILATES REFORMER,REBECCA R.,0,0,True,disponible,2026-09-16 01:44
2026-09-22|12:30|le 33 foch|bootcamp & cycle (wod),2026-09-22,Mardi,12:30,13:15,Le 33 Foch,BOOTCAMP & CYCLE (WOD),YOANN,0,0,True,disponible,2026-09-16 01:44
2026-09-22|13:00|le 33 foch|cardio-boxing,2026-09-22,Mardi,13:00,13:45,Le 33 Foch,CARDIO-BOXING,MAX,0,0,True,disponible,2026-09-16 01:44
2026-09-22|13:00|le 33 foch|micro lagree,2026-09-22,Mardi,13:00,13:50,Le 33 Foch,MICRO LAGREE,ENZO,0,0,True,disponible,2026-09-16 01:44
2026-09-22|13:00|le 33 foch|pilates reformer,2026-09-22,Mardi,13:00,13:50,Le 33 Foch,PILATES REFORMER,REBECCA R.,0,0,True,disponible,2026-09-16 01:44
2026-09-22|18:00|le 33 foch|body sculpt,2026-09-22,Mardi,18:00,18:45,Le 33 Foch,BODY SCULPT,DOMINIQUE,0,0,True,disponible,2026-09-16 01:44
2026-09-22|18:00|le 33 foch|cardio-boxing,2026-09-22,Mardi,18:00,18:45,Le 33 Foch,CARDIO-BOXING,HISANY,0,0,True,disponible,2026-09-16 01:44
2026-09-22|18:00|le 33 foch|micro lagree,2026-09-22,Mardi,18:00,18:50,Le 33 Foch,MICRO LAGREE,REBECCA G.,0,0,True,disponible,2026-09-16 01:44
2026-09-22|18:00|le 33 foch|pilates reformer,2026-09-22,Mardi,18:00,18:50,Le 33 Foch,PILATES REFORMER,ENZO,0,0,True,disponible,2026-09-16 01:44
2026-09-22|19:00|le 33 foch|cardio-boxing,2026-09-22,Mardi,19:00,19:45,Le 33 Foch,CARDIO-BOXING,MAX,0,0,True,disponible,2026-09-16 01:44
2026-09-22|19:00|le 33 foch|micro lagree,2026-09-22,Mardi,19:00,19:50,Le 33 Foch,MICRO LAGREE,REBECCA G.,0,0,True,disponible,2026-09-16 01:44
2026-09-22|19:00|le 33 foch|pilates reformer,2026-09-22,Mardi,19:00,19:50,Le 33 Foch,PILATES REFORMER,ENZO,0,0,True,disponible,2026-09-16 01:44
2026-09-22|19:15|le 33 foch|bootcamp & cycle (wod),2026-09-22,Mardi,19:15,20:00,Le 33 Foch,BOOTCAMP & CYCLE (WOD),HISANY,0,0,True,disponible,2026-09-16 01:44
2026-09-22|20:00|le 33 foch|cardio-boxing,2026-09-22,Mardi,20:00,20:45,Le 33 Foch,CARDIO-BOXING,MAX,0,0,True,disponible,2026-09-16 01:44
2026-09-22|20:00|le 33 foch|pilates reformer,2026-09-22,Mardi,20:00,20:50,Le 33 Foch,PILATES REFORMER,ENZO,0,0,True,disponible,2026-09-16 01:44
2026-09-22|20:15|le 33 foch|functional strength & mobility,2026-09-22,Mardi,20:15,21:00,Le 33 Foch,FUNCTIONAL STRENGTH & MOBILITY,HISANY,0,0,True,disponible,2026-09-16 01:44
2026-09-22|20:15|le 33 foch|renforcement musculaire - functional strength & mobility,2026-09-22,Mardi,20:15,21:00,Le 33 Foch,RENFORCEMENT MUSCULAIRE - FUNCTIONAL STRENGTH & MOBILITY,HISANY,0,0,True,disponible,2026-09-16 16:14
2026-09-23|08:00|le 33 foch|pilates reformer (niveau 2),2026-09-23,Mercredi,08:00,08:50,Le 33 Foch,PILATES REFORMER (Niveau 2),LISA,0,0,True,disponible,2026-09-17 01:40
2026-09-23|09:00|le 33 foch|pilates reformer (niveau 2),2026-09-23,Mercredi,09:00,09:50,Le 33 Foch,PILATES REFORMER (Niveau 2),LISA,0,0,True,disponible,2026-09-17 01:40
2026-09-23|09:00|le 33 foch|trx & cycle,2026-09-23,Mercredi,09:00,09:45,Le 33 Foch,TRX & CYCLE,JEREMI,0,0,True,disponible,2026-09-17 01:40
2026-09-23|10:00|le 33 foch|pilates reformer (niveau 2),2026-09-23,Mercredi,10:00,10:50,Le 33 Foch,PILATES REFORMER (Niveau 2),LISA,0,0,True,disponible,2026-09-17 01:40
2026-09-23|11:00|le 33 foch|micro lagree,2026-09-23,Mercredi,11:00,11:50,Le 33 Foch,MICRO LAGREE,JULIA,0,0,True,disponible,2026-09-17 01:40
2026-09-23|11:00|le 33 foch|pilates mat,2026-09-23,Mercredi,11:00,11:50,Le 33 Foch,PILATES MAT,CAROLINE,0,0,True,disponible,2026-09-17 01:40
2026-09-23|12:00|le 33 foch|micro lagree,2026-09-23,Mercredi,12:00,12:50,Le 33 Foch,MICRO LAGREE,JULIA,0,0,True,disponible,2026-09-17 01:40
2026-09-23|12:00|le 33 foch|pilates reformer,2026-09-23,Mercredi,12:00,12:50,Le 33 Foch,PILATES REFORMER,REBECCA G.,0,0,True,disponible,2026-09-17 01:40
2026-09-23|12:30|le 33 foch|bootcamp & cycle (wod),2026-09-23,Mercredi,12:30,13:15,Le 33 Foch,BOOTCAMP & CYCLE (WOD),MATTEO,0,0,True,disponible,2026-09-17 01:40
2026-09-23|13:00|le 33 foch|cardio-boxing,2026-09-23,Mercredi,13:00,13:45,Le 33 Foch,CARDIO-BOXING,JEREMI,0,0,True,disponible,2026-09-17 01:40
2026-09-23|13:00|le 33 foch|pilates reformer,2026-09-23,Mercredi,13:00,13:50,Le 33 Foch,PILATES REFORMER,REBECCA G.,0,0,True,disponible,2026-09-17 01:40
2026-09-23|15:00|le 33 foch|pilates reformer,2026-09-23,Mercredi,15:00,15:50,Le 33 Foch,PILATES REFORMER,CANDICE,0,0,True,disponible,2026-09-17 01:40
2026-09-23|16:00|le 33 foch|kids boxing (6 à 9 ans),2026-09-23,Mercredi,16:00,16:45,Le 33 Foch,KIDS BOXING (6 à 9 ans),MAX,0,0,True,disponible,2026-09-17 01:40
2026-09-23|16:00|le 33 foch|pilates reformer,2026-09-23,Mercredi,16:00,16:50,Le 33 Foch,PILATES REFORMER,CANDICE,0,0,True,disponible,2026-09-17 01:40
2026-09-23|17:00|le 33 foch|micro lagree,2026-09-23,Mercredi,17:00,17:50,Le 33 Foch,MICRO LAGREE,JULIA,0,0,True,disponible,2026-09-17 01:40
2026-09-23|18:00|le 33 foch|bootcamp & cycle (wod),2026-09-23,Mercredi,18:00,18:45,Le 33 Foch,BOOTCAMP & CYCLE (WOD),MATTEO,0,0,True,disponible,2026-09-17 01:40
2026-09-23|18:00|le 33 foch|cardio-boxing,2026-09-23,Mercredi,18:00,18:45,Le 33 Foch,CARDIO-BOXING,JONATHAN,0,0,True,disponible,2026-09-17 01:40
2026-09-23|18:00|le 33 foch|micro lagree,2026-09-23,Mercredi,18:00,18:50,Le 33 Foch,MICRO LAGREE,JULIA,0,0,True,disponible,2026-09-17 01:40
2026-09-23|18:00|le 33 foch|pilates reformer,2026-09-23,Mercredi,18:00,18:50,Le 33 Foch,PILATES REFORMER,CANDICE,0,0,True,disponible,2026-09-17 01:40
2026-09-23|18:30|le 33 foch — 32 tilsitt|hip hop girly,2026-09-23,Mercredi,18:30,19:30,Le 33 Foch — 32 Tilsitt,HIP HOP GIRLY,LUCILE,0,0,True,disponible,2026-09-17 01:40
2026-09-23|19:00|le 33 foch|cardio-boxing,2026-09-23,Mercredi,19:00,19:45,Le 33 Foch,CARDIO-BOXING,JONATHAN,0,0,True,disponible,2026-09-17 01:40
2026-09-23|19:00|le 33 foch|micro lagree,2026-09-23,Mercredi,19:00,19:50,Le 33 Foch,MICRO LAGREE,EVA,0,0,True,disponible,2026-09-17 01:40
2026-09-23|19:00|le 33 foch|pilates reformer,2026-09-23,Mercredi,19:00,19:50,Le 33 Foch,PILATES REFORMER,CANDICE,0,0,True,disponible,2026-09-17 01:40
2026-09-23|19:00|le 33 foch|trx,2026-09-23,Mercredi,19:00,19:45,Le 33 Foch,TRX,MATTEO,0,0,True,disponible,2026-09-17 01:40
2026-09-23|19:30|le 33 foch — 32 tilsitt|heels girly,2026-09-23,Mercredi,19:30,20:30,Le 33 Foch — 32 Tilsitt,HEELS GIRLY,NAIADE,0,0,True,disponible,2026-09-17 01:40
2026-09-23|20:00|le 33 foch|cardio-boxing,2026-09-23,Mercredi,20:00,20:45,Le 33 Foch,CARDIO-BOXING,JONATHAN,0,0,True,disponible,2026-09-17 01:40
2026-09-23|20:00|le 33 foch|cuisses abdos fessiers,2026-09-23,Mercredi,20:00,20:45,Le 33 Foch,CUISSES ABDOS FESSIERS,MATTEO,0,0,True,disponible,2026-09-17 01:40
2026-09-23|20:00|le 33 foch|micro lagree,2026-09-23,Mercredi,20:00,20:50,Le 33 Foch,MICRO LAGREE,EVA,0,0,True,disponible,2026-09-17 01:40
2026-09-23|20:00|le 33 foch|pilates reformer,2026-09-23,Mercredi,20:00,20:50,Le 33 Foch,PILATES REFORMER,CANDICE,0,0,True,disponible,2026-09-17 01:40
2026-09-23|20:30|le 33 foch — 32 tilsitt|hip hop girly,2026-09-23,Mercredi,20:30,21:30,Le 33 Foch — 32 Tilsitt,HIP HOP GIRLY,MAELLA,0,0,True,disponible,2026-09-17 01:40
2026-09-24|09:00|le 33 foch|cuisses abdos fessiers,2026-09-24,Jeudi,09:00,09:45,Le 33 Foch,CUISSES ABDOS FESSIERS,MATTEO,0,0,True,disponible,2026-09-18 01:43
2026-09-24|09:00|le 33 foch|pilates reformer,2026-09-24,Jeudi,09:00,09:50,Le 33 Foch,PILATES REFORMER,ILANA (Suppléant),0,0,True,disponible,2026-09-18 01:43
2026-09-24|10:00|le 33 foch|micro lagree,2026-09-24,Jeudi,10:00,10:50,Le 33 Foch,MICRO LAGREE,DAPHNE,0,0,True,disponible,2026-09-18 01:43
2026-09-24|10:00|le 33 foch|pilates reformer,2026-09-24,Jeudi,10:00,10:50,Le 33 Foch,PILATES REFORMER,ILANA (Suppléant),0,0,True,disponible,2026-09-18 01:43
2026-09-24|11:00|le 33 foch|body sculpt,2026-09-24,Jeudi,11:00,11:45,Le 33 Foch,BODY SCULPT,DOMINIQUE,0,0,True,disponible,2026-09-18 01:43
2026-09-24|11:00|le 33 foch|micro lagree,2026-09-24,Jeudi,11:00,11:50,Le 33 Foch,MICRO LAGREE,DAPHNE,0,0,True,disponible,2026-09-18 01:43
2026-09-24|12:00|le 33 foch|micro lagree,2026-09-24,Jeudi,12:00,12:50,Le 33 Foch,MICRO LAGREE,MARIE,0,0,True,disponible,2026-09-18 01:43
2026-09-24|12:00|le 33 foch|pilates reformer,2026-09-24,Jeudi,12:00,12:50,Le 33 Foch,PILATES REFORMER,ILANA,0,0,True,disponible,2026-09-18 01:43
2026-09-24|12:30|le 33 foch|my fit barre by valerie,2026-09-24,Jeudi,12:30,13:15,Le 33 Foch,MY FIT BARRE BY VALERIE,VALERIE,0,0,True,disponible,2026-09-18 01:43
2026-09-24|13:00|le 33 foch|cardio-boxing,2026-09-24,Jeudi,13:00,13:45,Le 33 Foch,CARDIO-BOXING,MAX,0,0,True,disponible,2026-09-18 01:43
2026-09-24|13:00|le 33 foch|micro lagree,2026-09-24,Jeudi,13:00,13:50,Le 33 Foch,MICRO LAGREE,MARIE,0,0,True,disponible,2026-09-18 01:43
2026-09-24|13:00|le 33 foch|pilates reformer,2026-09-24,Jeudi,13:00,13:50,Le 33 Foch,PILATES REFORMER,ILANA,0,0,True,disponible,2026-09-18 01:43
2026-09-24|17:00|le 33 foch|pilates reformer,2026-09-24,Jeudi,17:00,17:50,Le 33 Foch,PILATES REFORMER,CANDICE,0,0,True,disponible,2026-09-18 01:43
2026-09-24|18:00|le 33 foch|cardio-boxing,2026-09-24,Jeudi,18:00,18:45,Le 33 Foch,CARDIO-BOXING,JEREMI,0,0,True,disponible,2026-09-18 01:43
2026-09-24|18:00|le 33 foch|micro lagree,2026-09-24,Jeudi,18:00,18:50,Le 33 Foch,MICRO LAGREE,MATTEO,0,0,True,disponible,2026-09-18 01:43
2026-09-24|18:00|le 33 foch|pilates reformer x spa gemology (event),2026-09-24,Jeudi,18:00,18:50,Le 33 Foch,PILATES REFORMER x SPA GEMOLOGY (EVENT),CANDICE,0,0,True,inconnu,2026-09-18 01:43
2026-09-24|19:00|le 33 foch|bootcamp & cycle,2026-09-24,Jeudi,19:00,19:45,Le 33 Foch,BOOTCAMP & CYCLE,MAX,0,0,True,disponible,2026-09-18 01:43
2026-09-24|19:00|le 33 foch|cardio-boxing,2026-09-24,Jeudi,19:00,19:45,Le 33 Foch,CARDIO-BOXING,JEREMI,0,0,True,disponible,2026-09-18 01:43
2026-09-24|19:00|le 33 foch|micro lagree,2026-09-24,Jeudi,19:00,19:50,Le 33 Foch,MICRO LAGREE,MATTEO,0,0,True,disponible,2026-09-18 01:43
2026-09-24|19:00|le 33 foch|pilates reformer,2026-09-24,Jeudi,19:00,19:50,Le 33 Foch,PILATES REFORMER,DAPHNE,0,0,True,disponible,2026-09-18 01:43
2026-09-24|20:00|le 33 foch|bootcamp,2026-09-24,Jeudi,20:00,20:45,Le 33 Foch,BOOTCAMP,MAX,0,0,True,disponible,2026-09-18 01:43
2026-09-24|20:00|le 33 foch|cardio-boxing,2026-09-24,Jeudi,20:00,20:45,Le 33 Foch,CARDIO-BOXING,JEREMI,0,0,True,disponible,2026-09-18 01:43
2026-09-24|20:00|le 33 foch|pilates reformer,2026-09-24,Jeudi,20:00,20:50,Le 33 Foch,PILATES REFORMER,DAPHNE,0,0,True,disponible,2026-09-18 01:43
2026-09-25|10:00|le 33 foch|pilates reformer (niveau 2),2026-09-25,Vendredi,10:00,10:50,Le 33 Foch,PILATES REFORMER (Niveau 2),SEVILLE,0,0,True,disponible,2026-09-19 10:49
2026-09-25|11:00|le 33 foch|body sculpt,2026-09-25,Vendredi,11:00,11:45,Le 33 Foch,BODY SCULPT,DOMINIQUE,0,0,True,disponible,2026-09-19 10:49
2026-09-25|11:00|le 33 foch|micro lagree,2026-09-25,Vendredi,11:00,11:50,Le 33 Foch,MICRO LAGREE,EVA,0,0,True,disponible,2026-09-19 10:49
2026-09-25|11:00|le 33 foch|pilates reformer (niveau 2),2026-09-25,Vendredi,11:00,11:50,Le 33 Foch,PILATES REFORMER (Niveau 2),SEVILLE,0,0,True,disponible,2026-09-19 10:49
2026-09-25|12:00|le 33 foch|micro lagree,2026-09-25,Vendredi,12:00,12:50,Le 33 Foch,MICRO LAGREE,EVA,0,0,True,disponible,2026-09-19 10:49
2026-09-25|12:00|le 33 foch|pilates reformer (niveau 2),2026-09-25,Vendredi,12:00,12:50,Le 33 Foch,PILATES REFORMER (Niveau 2),SEVILLE,0,0,True,disponible,2026-09-19 10:49
2026-09-25|12:30|le 33 foch|trx,2026-09-25,Vendredi,12:30,13:15,Le 33 Foch,TRX,JEREMI,0,0,True,disponible,2026-09-19 10:49
2026-09-25|16:00|le 33 foch|pilates reformer,2026-09-25,Vendredi,16:00,16:50,Le 33 Foch,PILATES REFORMER,CANDICE,0,0,True,disponible,2026-09-19 10:49
2026-09-25|17:00|le 33 foch|micro lagree,2026-09-25,Vendredi,17:00,17:50,Le 33 Foch,MICRO LAGREE,ENZO,0,0,True,disponible,2026-09-19 10:49
2026-09-25|18:00|le 33 foch|bootcamp & cycle (wod),2026-09-25,Vendredi,18:00,18:45,Le 33 Foch,BOOTCAMP & CYCLE (WOD),LUKAS,0,0,True,disponible,2026-09-19 10:49
2026-09-25|18:00|le 33 foch|cardio-boxing,2026-09-25,Vendredi,18:00,18:45,Le 33 Foch,CARDIO-BOXING,HISANY,0,0,True,disponible,2026-09-19 10:49
2026-09-25|18:00|le 33 foch|micro lagree,2026-09-25,Vendredi,18:00,18:50,Le 33 Foch,MICRO LAGREE,ENZO,0,0,True,disponible,2026-09-19 10:49
2026-09-25|18:00|le 33 foch|pilates reformer,2026-09-25,Vendredi,18:00,18:50,Le 33 Foch,PILATES REFORMER,TAIR,0,0,True,disponible,2026-09-19 10:49
2026-09-25|19:00|le 33 foch|cardio-boxing,2026-09-25,Vendredi,19:00,19:45,Le 33 Foch,CARDIO-BOXING,HISANY,0,0,True,disponible,2026-09-19 10:49
2026-09-25|19:00|le 33 foch|micro lagree,2026-09-25,Vendredi,19:00,19:50,Le 33 Foch,MICRO LAGREE,ENZO,0,0,True,disponible,2026-09-19 10:49
2026-09-25|19:00|le 33 foch|pilates reformer,2026-09-25,Vendredi,19:00,19:50,Le 33 Foch,PILATES REFORMER,TAIR,0,0,True,disponible,2026-09-19 10:49
2026-09-26|10:00|le 33 foch|micro lagree,2026-09-26,Samedi,10:00,10:50,Le 33 Foch,MICRO LAGREE,MAX,0,0,True,disponible,2026-09-20 01:07
2026-09-26|10:00|le 33 foch|pilates reformer,2026-09-26,Samedi,10:00,10:50,Le 33 Foch,PILATES REFORMER,MORGANE,0,0,True,disponible,2026-09-20 01:07
2026-09-26|10:00|le 33 foch|yoga vinyasa,2026-09-26,Samedi,10:00,10:50,Le 33 Foch,YOGA VINYASA,CAROLINE,0,0,True,disponible,2026-09-20 01:07
2026-09-26|11:00|le 33 foch|micro lagree,2026-09-26,Samedi,11:00,11:50,Le 33 Foch,MICRO LAGREE,MAX,0,0,True,disponible,2026-09-20 01:07
2026-09-26|11:00|le 33 foch|pilates reformer,2026-09-26,Samedi,11:00,11:50,Le 33 Foch,PILATES REFORMER,MORGANE,0,0,True,disponible,2026-09-20 01:07
2026-09-26|11:00|le 33 foch|trx,2026-09-26,Samedi,11:00,11:45,Le 33 Foch,TRX,FABRICE,0,0,True,disponible,2026-09-20 01:07
2026-09-26|12:00|le 33 foch|cardio-boxing,2026-09-26,Samedi,12:00,12:45,Le 33 Foch,CARDIO-BOXING,MAX,0,0,True,disponible,2026-09-20 01:07
2026-09-26|12:00|le 33 foch|core training,2026-09-26,Samedi,12:00,12:45,Le 33 Foch,CORE TRAINING,FABRICE,0,0,True,disponible,2026-09-20 01:07
2026-09-26|12:00|le 33 foch|pilates reformer,2026-09-26,Samedi,12:00,12:50,Le 33 Foch,PILATES REFORMER,MORGANE,0,0,True,disponible,2026-09-20 01:07
2026-09-26|13:00|le 33 foch|cardio-boxing,2026-09-26,Samedi,13:00,13:45,Le 33 Foch,CARDIO-BOXING,MAX,0,0,True,disponible,2026-09-20 01:07
2026-09-26|14:00|le 33 foch|pilates mat,2026-09-26,Samedi,14:00,14:45,Le 33 Foch,PILATES MAT,YOANN,0,0,True,disponible,2026-09-20 01:07
2026-09-26|15:00|le 33 foch|teenagers boxing (10-14 ans),2026-09-26,Samedi,15:00,15:45,Le 33 Foch,TEENAGERS BOXING (10-14 ans),MAX,0,0,True,disponible,2026-09-20 01:07
2026-09-26|16:00|le 33 foch|cardio-boxing,2026-09-26,Samedi,16:00,16:45,Le 33 Foch,CARDIO-BOXING,LUCIE,0,0,True,disponible,2026-09-20 01:07
2026-09-26|17:00|le 33 foch|yoga vinyasa,2026-09-26,Samedi,17:00,17:50,Le 33 Foch,YOGA VINYASA,LUCIE,0,0,True,disponible,2026-09-20 01:07
2026-09-27|10:00|le 33 foch|bootcamp,2026-09-27,Dimanche,10:00,10:45,Le 33 Foch,BOOTCAMP,MATTEO,0,0,True,disponible,2026-09-21 11:57
2026-09-27|10:00|le 33 foch|micro lagree,2026-09-27,Dimanche,10:00,10:50,Le 33 Foch,MICRO LAGREE,JULIA,0,0,True,disponible,2026-09-21 11:57
2026-09-27|10:00|le 33 foch|pilates reformer (niveau 2),2026-09-27,Dimanche,10:00,10:50,Le 33 Foch,PILATES REFORMER (Niveau 2),LISA,0,0,True,disponible,2026-09-21 11:57
2026-09-27|11:00|le 33 foch|cardio-boxing,2026-09-27,Dimanche,11:00,11:45,Le 33 Foch,CARDIO-BOXING,JEREMI,0,0,True,disponible,2026-09-21 11:57
2026-09-27|11:00|le 33 foch|micro lagree,2026-09-27,Dimanche,11:00,11:50,Le 33 Foch,MICRO LAGREE,JULIA,0,0,True,disponible,2026-09-21 11:57
2026-09-27|11:00|le 33 foch|pilates reformer (niveau 2),2026-09-27,Dimanche,11:00,11:50,Le 33 Foch,PILATES REFORMER (Niveau 2),LISA,0,0,True,disponible,2026-09-21 11:57
2026-09-27|11:30|le 33 foch|cuisses abdos fessiers,2026-09-27,Dimanche,11:30,12:15,Le 33 Foch,CUISSES ABDOS FESSIERS,MATTEO,0,0,True,disponible,2026-09-21 11:57
2026-09-27|12:00|le 33 foch|cardio-boxing,2026-09-27,Dimanche,12:00,12:45,Le 33 Foch,CARDIO-BOXING,JEREMI,0,0,True,disponible,2026-09-21 11:57
2026-09-27|12:00|le 33 foch|micro lagree,2026-09-27,Dimanche,12:00,12:50,Le 33 Foch,MICRO LAGREE,JULIA,0,0,True,disponible,2026-09-21 11:57
2026-09-27|12:00|le 33 foch|pilates reformer (niveau 2),2026-09-27,Dimanche,12:00,12:50,Le 33 Foch,PILATES REFORMER (Niveau 2),LISA,0,0,True,disponible,2026-09-21 11:57
2026-09-27|12:30|le 33 foch|bootcamp & cycle,2026-09-27,Dimanche,12:30,13:15,Le 33 Foch,BOOTCAMP & CYCLE,MATTEO,0,0,True,disponible,2026-09-21 11:57
2026-09-27|15:00|le 33 foch|pilates reformer,2026-09-27,Dimanche,15:00,15:50,Le 33 Foch,PILATES REFORMER,SEVILLE,0,0,True,disponible,2026-09-21 11:57
2026-09-27|16:00|le 33 foch|pilates reformer,2026-09-27,Dimanche,16:00,16:50,Le 33 Foch,PILATES REFORMER,SEVILLE,0,0,True,disponible,2026-09-21 11:57
2026-09-27|17:00|le 33 foch|pilates reformer,2026-09-27,Dimanche,17:00,17:50,Le 33 Foch,PILATES REFORMER,SEVILLE,0,0,True,disponible,2026-09-21 11:57
2026-09-28|08:00|le 33 foch|pilates reformer (niveau 2),2026-09-28,Lundi,08:00,08:50,Le 33 Foch,PILATES REFORMER (Niveau 2),LISA,0,0,True,disponible,2026-09-22 11:19
2026-09-28|09:00|le 33 foch|cuisses abdos fessiers,2026-09-28,Lundi,09:00,09:45,Le 33 Foch,CUISSES ABDOS FESSIERS,MATTEO,0,0,True,disponible,2026-09-22 11:19
2026-09-28|09:00|le 33 foch|pilates reformer (niveau 2),2026-09-28,Lundi,09:00,09:50,Le 33 Foch,PILATES REFORMER (Niveau 2),LISA,0,0,True,disponible,2026-09-22 11:19
2026-09-28|10:00|le 33 foch|micro lagree,2026-09-28,Lundi,10:00,10:50,Le 33 Foch,MICRO LAGREE,DAPHNE,0,0,True,disponible,2026-09-22 11:19
2026-09-28|10:00|le 33 foch|pilates reformer (niveau 2),2026-09-28,Lundi,10:00,10:50,Le 33 Foch,PILATES REFORMER (Niveau 2),LISA,0,0,True,disponible,2026-09-22 11:19
2026-09-28|11:00|le 33 foch|body sculpt,2026-09-28,Lundi,11:00,11:45,Le 33 Foch,BODY SCULPT,DOMINIQUE,0,0,True,disponible,2026-09-22 11:19
2026-09-28|11:00|le 33 foch|micro lagree,2026-09-28,Lundi,11:00,11:50,Le 33 Foch,MICRO LAGREE,DAPHNE,0,0,True,disponible,2026-09-22 11:19
2026-09-28|12:00|le 33 foch|micro lagree,2026-09-28,Lundi,12:00,12:50,Le 33 Foch,MICRO LAGREE,JOY,0,0,True,disponible,2026-09-22 01:39
2026-09-28|12:00|le 33 foch|pilates reformer,2026-09-28,Lundi,12:00,12:50,Le 33 Foch,PILATES REFORMER,CANDICE,0,0,True,disponible,2026-09-22 01:39
2026-09-28|12:30|le 33 foch|trx,2026-09-28,Lundi,12:30,13:15,Le 33 Foch,TRX,MAX,0,0,True,disponible,2026-09-22 01:39
2026-09-28|13:00|le 33 foch|micro lagree,2026-09-28,Lundi,13:00,13:50,Le 33 Foch,MICRO LAGREE,JOY,0,0,True,disponible,2026-09-22 01:39
2026-09-28|13:00|le 33 foch|pilates reformer,2026-09-28,Lundi,13:00,13:50,Le 33 Foch,PILATES REFORMER,CANDICE,0,0,True,disponible,2026-09-22 01:39
2026-09-28|16:00|le 33 foch|micro lagree,2026-09-28,Lundi,16:00,16:50,Le 33 Foch,MICRO LAGREE,ENZO,0,0,True,disponible,2026-09-22 01:39
2026-09-28|17:00|le 33 foch|cardio-boxing,2026-09-28,Lundi,17:00,17:45,Le 33 Foch,CARDIO-BOXING,MAX,0,0,True,disponible,2026-09-22 01:39
2026-09-28|17:00|le 33 foch|micro lagree,2026-09-28,Lundi,17:00,17:50,Le 33 Foch,MICRO LAGREE,EVA,0,0,True,disponible,2026-09-22 01:39
2026-09-28|18:00|le 33 foch|body sculpt,2026-09-28,Lundi,18:00,18:45,Le 33 Foch,BODY SCULPT,DOMINIQUE,0,0,True,disponible,2026-09-22 01:39
2026-09-28|18:00|le 33 foch|cardio-boxing,2026-09-28,Lundi,18:00,18:45,Le 33 Foch,CARDIO-BOXING,MAX,0,0,True,disponible,2026-09-22 01:39
2026-09-28|18:00|le 33 foch|micro lagree,2026-09-28,Lundi,18:00,18:50,Le 33 Foch,MICRO LAGREE,EVA,0,0,True,disponible,2026-09-22 01:39
2026-09-28|18:00|le 33 foch|pilates reformer,2026-09-28,Lundi,18:00,18:50,Le 33 Foch,PILATES REFORMER,CANDICE,0,0,True,disponible,2026-09-22 01:39
2026-09-28|18:30|le 33 foch — 32 tilsitt|street jazz girly,2026-09-28,Lundi,18:30,19:30,Le 33 Foch — 32 Tilsitt,STREET JAZZ GIRLY,MAELLA,0,0,True,disponible,2026-09-22 01:39
2026-09-28|19:00|le 33 foch|cardio-boxing,2026-09-28,Lundi,19:00,19:45,Le 33 Foch,CARDIO-BOXING,MAX,0,0,True,disponible,2026-09-22 01:39
2026-09-28|19:00|le 33 foch|micro lagree,2026-09-28,Lundi,19:00,19:50,Le 33 Foch,MICRO LAGREE,EVA,0,0,True,disponible,2026-09-22 01:39
2026-09-28|19:00|le 33 foch|pilates reformer,2026-09-28,Lundi,19:00,19:50,Le 33 Foch,PILATES REFORMER,CANDICE,0,0,True,disponible,2026-09-22 01:39
2026-09-28|19:15|le 33 foch|bootcamp & cycle,2026-09-28,Lundi,19:15,20:00,Le 33 Foch,BOOTCAMP & CYCLE,MATTEO,0,0,True,disponible,2026-09-22 01:39
2026-09-28|19:30|le 33 foch — 32 tilsitt|hip hop girly,2026-09-28,Lundi,19:30,20:30,Le 33 Foch — 32 Tilsitt,HIP HOP GIRLY,MAELLA,0,0,True,disponible,2026-09-22 01:39
2026-09-28|20:00|le 33 foch|cardio-boxing,2026-09-28,Lundi,20:00,20:45,Le 33 Foch,CARDIO-BOXING,MAX,0,0,True,disponible,2026-09-22 01:39
2026-09-28|20:00|le 33 foch|micro lagree,2026-09-28,Lundi,20:00,20:50,Le 33 Foch,MICRO LAGREE,EVA,0,0,True,disponible,2026-09-22 01:39
2026-09-29|09:00|le 33 foch|bootcamp & cycle,2026-09-29,Mardi,09:00,09:45,Le 33 Foch,BOOTCAMP & CYCLE,YOANN,0,0,True,disponible,2026-09-23 01:37
2026-09-29|10:00|le 33 foch|pilates reformer,2026-09-29,Mardi,10:00,10:50,Le 33 Foch,PILATES REFORMER,YOANN,0,0,True,disponible,2026-09-23 01:37
2026-09-29|11:00|le 33 foch|micro lagree,2026-09-29,Mardi,11:00,11:50,Le 33 Foch,MICRO LAGREE,REBECCA R.,0,0,True,disponible,2026-09-23 01:37
2026-09-29|11:00|le 33 foch|yoga/pilates,2026-09-29,Mardi,11:00,11:50,Le 33 Foch,YOGA/PILATES,CAROLINE,0,0,True,disponible,2026-09-23 01:37
2026-09-29|12:00|le 33 foch|micro lagree,2026-09-29,Mardi,12:00,12:50,Le 33 Foch,MICRO LAGREE,ENZO,0,0,True,disponible,2026-09-23 01:37
2026-09-29|12:00|le 33 foch|pilates reformer,2026-09-29,Mardi,12:00,12:50,Le 33 Foch,PILATES REFORMER,REBECCA R.,0,0,True,disponible,2026-09-23 01:37
2026-09-29|12:30|le 33 foch|bootcamp & cycle (wod),2026-09-29,Mardi,12:30,13:15,Le 33 Foch,BOOTCAMP & CYCLE (WOD),YOANN,0,0,True,disponible,2026-09-23 01:37
2026-09-29|13:00|le 33 foch|cardio-boxing,2026-09-29,Mardi,13:00,13:45,Le 33 Foch,CARDIO-BOXING,MAX,0,0,True,disponible,2026-09-23 01:37
2026-09-29|13:00|le 33 foch|micro lagree,2026-09-29,Mardi,13:00,13:50,Le 33 Foch,MICRO LAGREE,ENZO,0,0,True,disponible,2026-09-23 01:37
2026-09-29|13:00|le 33 foch|pilates reformer,2026-09-29,Mardi,13:00,13:50,Le 33 Foch,PILATES REFORMER,REBECCA R.,0,0,True,disponible,2026-09-23 01:37
2026-09-29|18:00|le 33 foch|body sculpt,2026-09-29,Mardi,18:00,18:45,Le 33 Foch,BODY SCULPT,DOMINIQUE,0,0,True,disponible,2026-09-23 01:37
2026-09-29|18:00|le 33 foch|cardio-boxing,2026-09-29,Mardi,18:00,18:45,Le 33 Foch,CARDIO-BOXING,HISANY,0,0,True,disponible,2026-09-23 01:37
2026-09-29|18:00|le 33 foch|micro lagree,2026-09-29,Mardi,18:00,18:50,Le 33 Foch,MICRO LAGREE,REBECCA G.,0,0,True,disponible,2026-09-23 01:37
2026-09-29|18:00|le 33 foch|pilates reformer,2026-09-29,Mardi,18:00,18:50,Le 33 Foch,PILATES REFORMER,ENZO,0,0,True,disponible,2026-09-23 01:37
2026-09-29|19:00|le 33 foch|cardio-boxing,2026-09-29,Mardi,19:00,19:45,Le 33 Foch,CARDIO-BOXING,MAX,0,0,True,disponible,2026-09-23 01:37
2026-09-29|19:00|le 33 foch|micro lagree,2026-09-29,Mardi,19:00,19:50,Le 33 Foch,MICRO LAGREE,REBECCA G.,0,0,True,disponible,2026-09-23 01:37
2026-09-29|19:00|le 33 foch|pilates reformer,2026-09-29,Mardi,19:00,19:50,Le 33 Foch,PILATES REFORMER,ENZO,0,0,True,disponible,2026-09-23 01:37
2026-09-29|19:15|le 33 foch|bootcamp & cycle (wod),2026-09-29,Mardi,19:15,20:00,Le 33 Foch,BOOTCAMP & CYCLE (WOD),HISANY,0,0,True,disponible,2026-09-23 01:37
2026-09-29|20:00|le 33 foch|cardio-boxing,2026-09-29,Mardi,20:00,20:45,Le 33 Foch,CARDIO-BOXING,MAX,0,0,True,disponible,2026-09-23 01:37
2026-09-29|20:00|le 33 foch|pilates reformer,2026-09-29,Mardi,20:00,20:50,Le 33 Foch,PILATES REFORMER,ENZO,0,0,True,disponible,2026-09-23 01:37
2026-09-29|20:15|le 33 foch|renforcement musculaire - functional strength & mobility,2026-09-29,Mardi,20:15,21:00,Le 33 Foch,RENFORCEMENT MUSCULAIRE - FUNCTIONAL STRENGTH & MOBILITY,HISANY,0,0,True,disponible,2026-09-23 01:37
2026-09-30|08:00|le 33 foch|pilates reformer (niveau 2),2026-09-30,Mercredi,08:00,08:50,Le 33 Foch,PILATES REFORMER (Niveau 2),LISA,0,0,True,disponible,2026-09-24 02:00
2026-09-30|09:00|le 33 foch|pilates reformer (niveau 2),2026-09-30,Mercredi,09:00,09:50,Le 33 Foch,PILATES REFORMER (Niveau 2),LISA,0,0,True,disponible,2026-09-24 02:00
2026-09-30|09:00|le 33 foch|trx & cycle,2026-09-30,Mercredi,09:00,09:45,Le 33 Foch,TRX & CYCLE,JEREMI,0,0,True,disponible,2026-09-24 02:00
2026-09-30|10:00|le 33 foch|pilates reformer (niveau 2),2026-09-30,Mercredi,10:00,10:50,Le 33 Foch,PILATES REFORMER (Niveau 2),LISA,0,0,True,disponible,2026-09-24 02:00
2026-09-30|11:00|le 33 foch|micro lagree,2026-09-30,Mercredi,11:00,11:50,Le 33 Foch,MICRO LAGREE,JULIA,0,0,True,disponible,2026-09-24 02:00
2026-09-30|11:00|le 33 foch|pilates mat,2026-09-30,Mercredi,11:00,11:50,Le 33 Foch,PILATES MAT,CAROLINE,0,0,True,disponible,2026-09-24 02:00
2026-09-30|12:00|le 33 foch|micro lagree,2026-09-30,Mercredi,12:00,12:50,Le 33 Foch,MICRO LAGREE,JULIA,0,0,True,disponible,2026-09-24 02:00
2026-09-30|12:00|le 33 foch|pilates reformer,2026-09-30,Mercredi,12:00,12:50,Le 33 Foch,PILATES REFORMER,REBECCA G.,0,0,True,disponible,2026-09-24 02:00
2026-09-30|12:30|le 33 foch|bootcamp & cycle (wod),2026-09-30,Mercredi,12:30,13:15,Le 33 Foch,BOOTCAMP & CYCLE (WOD),MATTEO,0,0,True,disponible,2026-09-24 02:00
2026-09-30|13:00|le 33 foch|cardio-boxing,2026-09-30,Mercredi,13:00,13:45,Le 33 Foch,CARDIO-BOXING,JEREMI,0,0,True,disponible,2026-09-24 02:00
2026-09-30|13:00|le 33 foch|pilates reformer,2026-09-30,Mercredi,13:00,13:50,Le 33 Foch,PILATES REFORMER,REBECCA G.,0,0,True,disponible,2026-09-24 02:00
2026-09-30|15:00|le 33 foch|pilates reformer,2026-09-30,Mercredi,15:00,15:50,Le 33 Foch,PILATES REFORMER,CANDICE,0,0,True,disponible,2026-09-24 02:00
2026-09-30|16:00|le 33 foch|kids boxing (6 à 9 ans),2026-09-30,Mercredi,16:00,16:45,Le 33 Foch,KIDS BOXING (6 à 9 ans),MAX,0,0,True,disponible,2026-09-24 02:00
2026-09-30|16:00|le 33 foch|pilates reformer,2026-09-30,Mercredi,16:00,16:50,Le 33 Foch,PILATES REFORMER,CANDICE,0,0,True,disponible,2026-09-24 02:00
2026-09-30|17:00|le 33 foch|micro lagree,2026-09-30,Mercredi,17:00,17:50,Le 33 Foch,MICRO LAGREE,JULIA,0,0,True,disponible,2026-09-24 02:00
2026-09-30|18:00|le 33 foch|bootcamp & cycle (wod),2026-09-30,Mercredi,18:00,18:45,Le 33 Foch,BOOTCAMP & CYCLE (WOD),MATTEO,0,0,True,disponible,2026-09-24 02:00
2026-09-30|18:00|le 33 foch|cardio-boxing,2026-09-30,Mercredi,18:00,18:45,Le 33 Foch,CARDIO-BOXING,JONATHAN,0,0,True,disponible,2026-09-24 02:00
2026-09-30|18:00|le 33 foch|micro lagree,2026-09-30,Mercredi,18:00,18:50,Le 33 Foch,MICRO LAGREE,JULIA,0,0,True,disponible,2026-09-24 02:00
2026-09-30|18:00|le 33 foch|pilates reformer,2026-09-30,Mercredi,18:00,18:50,Le 33 Foch,PILATES REFORMER,CANDICE,0,0,True,disponible,2026-09-24 02:00
2026-09-30|18:30|le 33 foch — 32 tilsitt|hip hop girly,2026-09-30,Mercredi,18:30,19:30,Le 33 Foch — 32 Tilsitt,HIP HOP GIRLY,LUCILE,0,0,True,disponible,2026-09-24 02:00
2026-09-30|19:00|le 33 foch|cardio-boxing,2026-09-30,Mercredi,19:00,19:45,Le 33 Foch,CARDIO-BOXING,JONATHAN,0,0,True,disponible,2026-09-24 02:00
2026-09-30|19:00|le 33 foch|micro lagree,2026-09-30,Mercredi,19:00,19:50,Le 33 Foch,MICRO LAGREE,EVA,0,0,True,disponible,2026-09-24 02:00
2026-09-30|19:00|le 33 foch|pilates reformer,2026-09-30,Mercredi,19:00,19:50,Le 33 Foch,PILATES REFORMER,CANDICE,0,0,True,disponible,2026-09-24 02:00
2026-09-30|19:00|le 33 foch|trx,2026-09-30,Mercredi,19:00,19:45,Le 33 Foch,TRX,MATTEO,0,0,True,disponible,2026-09-24 02:00
2026-09-30|19:30|le 33 foch — 32 tilsitt|heels girly,2026-09-30,Mercredi,19:30,20:30,Le 33 Foch — 32 Tilsitt,HEELS GIRLY,NAIADE,0,0,True,disponible,2026-09-24 02:00
2026-09-30|20:00|le 33 foch|cardio-boxing,2026-09-30,Mercredi,20:00,20:45,Le 33 Foch,CARDIO-BOXING,JONATHAN,0,0,True,disponible,2026-09-24 02:00
2026-09-30|20:00|le 33 foch|cuisses abdos fessiers,2026-09-30,Mercredi,20:00,20:45,Le 33 Foch,CUISSES ABDOS FESSIERS,MATTEO,0,0,True,disponible,2026-09-24 02:00
2026-09-30|20:00|le 33 foch|micro lagree,2026-09-30,Mercredi,20:00,20:50,Le 33 Foch,MICRO LAGREE,EVA,0,0,True,disponible,2026-09-24 02:00
2026-09-30|20:00|le 33 foch|pilates reformer,2026-09-30,Mercredi,20:00,20:50,Le 33 Foch,PILATES REFORMER,CANDICE,0,0,True,disponible,2026-09-24 02:00
2026-09-30|20:30|le 33 foch — 32 tilsitt|hip hop girly,2026-09-30,Mercredi,20:30,21:30,Le 33 Foch — 32 Tilsitt,HIP HOP GIRLY,MAELLA,0,0,True,disponible,2026-09-24 02:00
2026-10-01|09:00|le 33 foch|cuisses abdos fessiers,2026-10-01,Jeudi,09:00,09:45,Le 33 Foch,CUISSES ABDOS FESSIERS,MATTEO,0,0,True,disponible,2026-09-25 02:03
2026-10-01|09:00|le 33 foch|pilates reformer,2026-10-01,Jeudi,09:00,09:50,Le 33 Foch,PILATES REFORMER,MORGANE,0,0,True,disponible,2026-09-25 02:03
2026-10-01|10:00|le 33 foch|micro lagree,2026-10-01,Jeudi,10:00,10:50,Le 33 Foch,MICRO LAGREE,DAPHNE,0,0,True,disponible,2026-09-25 02:03
2026-10-01|10:00|le 33 foch|pilates reformer,2026-10-01,Jeudi,10:00,10:50,Le 33 Foch,PILATES REFORMER,MORGANE,0,0,True,disponible,2026-09-25 02:03
2026-10-01|11:00|le 33 foch|body sculpt,2026-10-01,Jeudi,11:00,11:45,Le 33 Foch,BODY SCULPT,DOMINIQUE,0,0,True,disponible,2026-09-25 02:03
2026-10-01|11:00|le 33 foch|micro lagree,2026-10-01,Jeudi,11:00,11:50,Le 33 Foch,MICRO LAGREE,DAPHNE,0,0,True,disponible,2026-09-25 02:03
2026-10-01|12:00|le 33 foch|micro lagree,2026-10-01,Jeudi,12:00,12:50,Le 33 Foch,MICRO LAGREE,MARIE,0,0,True,disponible,2026-09-25 02:03
2026-10-01|12:00|le 33 foch|pilates reformer,2026-10-01,Jeudi,12:00,12:50,Le 33 Foch,PILATES REFORMER,ILANA,0,0,True,disponible,2026-09-25 02:03
2026-10-01|12:30|le 33 foch|my fit barre by valerie,2026-10-01,Jeudi,12:30,13:15,Le 33 Foch,MY FIT BARRE BY VALERIE,VALERIE,0,0,True,disponible,2026-09-25 02:03
2026-10-01|13:00|le 33 foch|cardio-boxing,2026-10-01,Jeudi,13:00,13:45,Le 33 Foch,CARDIO-BOXING,MAX,0,0,True,disponible,2026-09-25 02:03
2026-10-01|13:00|le 33 foch|micro lagree,2026-10-01,Jeudi,13:00,13:50,Le 33 Foch,MICRO LAGREE,MARIE,0,0,True,disponible,2026-09-25 02:03
2026-10-01|13:00|le 33 foch|pilates reformer,2026-10-01,Jeudi,13:00,13:50,Le 33 Foch,PILATES REFORMER,ILANA,0,0,True,disponible,2026-09-25 02:03
2026-10-01|17:00|le 33 foch|pilates reformer,2026-10-01,Jeudi,17:00,17:50,Le 33 Foch,PILATES REFORMER,CANDICE,0,0,True,disponible,2026-09-25 02:03
2026-10-01|18:00|le 33 foch|cardio-boxing,2026-10-01,Jeudi,18:00,18:45,Le 33 Foch,CARDIO-BOXING,ENZO (Suppléant),0,0,True,disponible,2026-09-25 02:03
2026-10-01|18:00|le 33 foch|micro lagree,2026-10-01,Jeudi,18:00,18:50,Le 33 Foch,MICRO LAGREE,MATTEO,0,0,True,disponible,2026-09-25 02:03
2026-10-01|18:00|le 33 foch|pilates reformer,2026-10-01,Jeudi,18:00,18:50,Le 33 Foch,PILATES REFORMER,CANDICE,0,0,True,disponible,2026-09-25 02:03
2026-10-01|19:00|le 33 foch|bootcamp & cycle,2026-10-01,Jeudi,19:00,19:45,Le 33 Foch,BOOTCAMP & CYCLE,MAX,0,0,True,disponible,2026-09-25 02:03
2026-10-01|19:00|le 33 foch|cardio-boxing,2026-10-01,Jeudi,19:00,19:45,Le 33 Foch,CARDIO-BOXING,ENZO (Suppléant),0,0,True,disponible,2026-09-25 02:03
2026-10-01|19:00|le 33 foch|micro lagree,2026-10-01,Jeudi,19:00,19:50,Le 33 Foch,MICRO LAGREE,MATTEO,0,0,True,disponible,2026-09-25 02:03
2026-10-01|19:00|le 33 foch|pilates reformer,2026-10-01,Jeudi,19:00,19:50,Le 33 Foch,PILATES REFORMER,DAPHNE,0,0,True,disponible,2026-09-25 02:03
2026-10-01|20:00|le 33 foch|bootcamp,2026-10-01,Jeudi,20:00,20:45,Le 33 Foch,BOOTCAMP,MAX,0,0,True,disponible,2026-09-25 02:03
2026-10-01|20:00|le 33 foch|cardio-boxing,2026-10-01,Jeudi,20:00,20:45,Le 33 Foch,CARDIO-BOXING,JEREMI,0,0,True,inconnu,2026-09-25 02:03
2026-10-01|20:00|le 33 foch|pilates reformer,2026-10-01,Jeudi,20:00,20:50,Le 33 Foch,PILATES REFORMER,DAPHNE,0,0,True,disponible,2026-09-25 02:03
2026-10-02|10:00|le 33 foch|pilates reformer (niveau 2),2026-10-02,Vendredi,10:00,10:50,Le 33 Foch,PILATES REFORMER (Niveau 2),SEVILLE,0,0,True,disponible,2026-09-26 00:21
2026-10-02|11:00|le 33 foch|body sculpt,2026-10-02,Vendredi,11:00,11:45,Le 33 Foch,BODY SCULPT,DOMINIQUE,0,0,True,disponible,2026-09-26 00:21
2026-10-02|11:00|le 33 foch|micro lagree,2026-10-02,Vendredi,11:00,11:50,Le 33 Foch,MICRO LAGREE,EVA,0,0,True,disponible,2026-09-26 00:21
2026-10-02|11:00|le 33 foch|pilates reformer (niveau 2),2026-10-02,Vendredi,11:00,11:50,Le 33 Foch,PILATES REFORMER (Niveau 2),SEVILLE,0,0,True,disponible,2026-09-26 00:21
2026-10-02|12:00|le 33 foch|micro lagree,2026-10-02,Vendredi,12:00,12:50,Le 33 Foch,MICRO LAGREE,EVA,0,0,True,disponible,2026-09-26 00:21
2026-10-02|12:00|le 33 foch|pilates reformer (niveau 2),2026-10-02,Vendredi,12:00,12:50,Le 33 Foch,PILATES REFORMER (Niveau 2),SEVILLE,0,0,True,disponible,2026-09-26 00:21
2026-10-02|12:30|le 33 foch|trx,2026-10-02,Vendredi,12:30,13:15,Le 33 Foch,TRX,JEREMI,0,0,True,inconnu,2026-09-26 00:21
2026-10-02|16:00|le 33 foch|pilates reformer,2026-10-02,Vendredi,16:00,16:50,Le 33 Foch,PILATES REFORMER,CANDICE,0,0,True,disponible,2026-09-26 00:21
2026-10-02|17:00|le 33 foch|micro lagree,2026-10-02,Vendredi,17:00,17:50,Le 33 Foch,MICRO LAGREE,ENZO,0,0,True,disponible,2026-09-26 00:21
2026-10-02|18:00|le 33 foch|bootcamp & cycle (wod),2026-10-02,Vendredi,18:00,18:45,Le 33 Foch,BOOTCAMP & CYCLE (WOD),LUKAS,0,0,True,disponible,2026-09-26 00:21
2026-10-02|18:00|le 33 foch|cardio-boxing,2026-10-02,Vendredi,18:00,18:45,Le 33 Foch,CARDIO-BOXING,HISANY,0,0,True,disponible,2026-09-26 00:21
2026-10-02|18:00|le 33 foch|micro lagree,2026-10-02,Vendredi,18:00,18:50,Le 33 Foch,MICRO LAGREE,ENZO,0,0,True,disponible,2026-09-26 00:21
2026-10-02|18:00|le 33 foch|pilates reformer,2026-10-02,Vendredi,18:00,18:50,Le 33 Foch,PILATES REFORMER,TAIR,0,0,True,disponible,2026-09-26 00:21
2026-10-02|19:00|le 33 foch|cardio-boxing,2026-10-02,Vendredi,19:00,19:45,Le 33 Foch,CARDIO-BOXING,HISANY,0,0,True,disponible,2026-09-26 00:21
2026-10-02|19:00|le 33 foch|micro lagree,2026-10-02,Vendredi,19:00,19:50,Le 33 Foch,MICRO LAGREE,ENZO,0,0,True,disponible,2026-09-26 00:21
2026-10-02|19:00|le 33 foch|pilates reformer,2026-10-02,Vendredi,19:00,19:50,Le 33 Foch,PILATES REFORMER,TAIR,0,0,True,disponible,2026-09-26 00:21
2026-10-03|10:00|le 33 foch|micro lagree,2026-10-03,Samedi,10:00,10:50,Le 33 Foch,MICRO LAGREE,MAX,0,0,True,disponible,2026-09-27 00:52
2026-10-03|10:00|le 33 foch|pilates reformer,2026-10-03,Samedi,10:00,10:50,Le 33 Foch,PILATES REFORMER,MORGANE,0,0,True,disponible,2026-09-27 00:52
2026-10-03|10:00|le 33 foch|yoga vinyasa,2026-10-03,Samedi,10:00,10:50,Le 33 Foch,YOGA VINYASA,CAROLINE,0,0,True,disponible,2026-09-27 00:52
2026-10-03|11:00|le 33 foch|micro lagree,2026-10-03,Samedi,11:00,11:50,Le 33 Foch,MICRO LAGREE,MAX,0,0,True,disponible,2026-09-27 00:52
2026-10-03|11:00|le 33 foch|pilates reformer,2026-10-03,Samedi,11:00,11:50,Le 33 Foch,PILATES REFORMER,MORGANE,0,0,True,disponible,2026-09-27 00:52
2026-10-03|11:00|le 33 foch|trx,2026-10-03,Samedi,11:00,11:45,Le 33 Foch,TRX,FABRICE,0,0,True,disponible,2026-09-27 00:52
2026-10-03|12:00|le 33 foch|cardio-boxing,2026-10-03,Samedi,12:00,12:45,Le 33 Foch,CARDIO-BOXING,MAX,0,0,True,disponible,2026-09-27 00:52
2026-10-03|12:00|le 33 foch|core training,2026-10-03,Samedi,12:00,12:45,Le 33 Foch,CORE TRAINING,FABRICE,0,0,True,disponible,2026-09-27 00:52
2026-10-03|12:00|le 33 foch|pilates reformer,2026-10-03,Samedi,12:00,12:50,Le 33 Foch,PILATES REFORMER,MORGANE,0,0,True,disponible,2026-09-27 00:52
2026-10-03|13:00|le 33 foch|cardio-boxing,2026-10-03,Samedi,13:00,13:45,Le 33 Foch,CARDIO-BOXING,MAX,0,0,True,disponible,2026-09-27 00:52
2026-10-03|14:00|le 33 foch|pilates mat,2026-10-03,Samedi,14:00,14:45,Le 33 Foch,PILATES MAT,YOANN,0,0,True,disponible,2026-09-27 00:52
2026-10-03|15:00|le 33 foch|teenagers boxing (10-14 ans),2026-10-03,Samedi,15:00,15:45,Le 33 Foch,TEENAGERS BOXING (10-14 ans),MAX,0,0,True,disponible,2026-09-27 00:52
2026-10-03|16:00|le 33 foch|cardio-boxing,2026-10-03,Samedi,16:00,16:45,Le 33 Foch,CARDIO-BOXING,LUCIE,0,0,True,disponible,2026-09-27 00:52
2026-10-03|17:00|le 33 foch|yoga vinyasa,2026-10-03,Samedi,17:00,17:50,Le 33 Foch,YOGA VINYASA,LUCIE,0,0,True,disponible,2026-09-27 00:52
2026-10-04|10:00|le 33 foch|bootcamp,2026-10-04,Dimanche,10:00,10:45,Le 33 Foch,BOOTCAMP,MATTEO,0,0,True,disponible,2026-09-28 00:13
2026-10-04|10:00|le 33 foch|micro lagree,2026-10-04,Dimanche,10:00,10:50,Le 33 Foch,MICRO LAGREE,DJILA (Suppléant),0,0,True,disponible,2026-09-28 00:13
2026-10-04|10:00|le 33 foch|pilates reformer (niveau 2),2026-10-04,Dimanche,10:00,10:50,Le 33 Foch,PILATES REFORMER (Niveau 2),LISA,0,0,True,disponible,2026-09-28 00:13
2026-10-04|11:00|le 33 foch|cardio-boxing,2026-10-04,Dimanche,11:00,11:45,Le 33 Foch,CARDIO-BOXING,JEREMI,0,0,True,inconnu,2026-09-28 00:13
2026-10-04|11:00|le 33 foch|micro lagree,2026-10-04,Dimanche,11:00,11:50,Le 33 Foch,MICRO LAGREE,DJILA (Suppléant),0,0,True,disponible,2026-09-28 00:13
2026-10-04|11:00|le 33 foch|pilates reformer (niveau 2),2026-10-04,Dimanche,11:00,11:50,Le 33 Foch,PILATES REFORMER (Niveau 2),LISA,0,0,True,disponible,2026-09-28 00:13
2026-10-04|11:30|le 33 foch|cuisses abdos fessiers,2026-10-04,Dimanche,11:30,12:15,Le 33 Foch,CUISSES ABDOS FESSIERS,MATTEO,0,0,True,disponible,2026-09-28 00:13
2026-10-04|12:00|le 33 foch|cardio-boxing,2026-10-04,Dimanche,12:00,12:45,Le 33 Foch,CARDIO-BOXING,JEREMI,0,0,True,inconnu,2026-09-28 00:13
2026-10-04|12:00|le 33 foch|micro lagree,2026-10-04,Dimanche,12:00,12:50,Le 33 Foch,MICRO LAGREE,DJILA (Suppléant),0,0,True,disponible,2026-09-28 00:13
2026-10-04|12:00|le 33 foch|pilates reformer (niveau 2),2026-10-04,Dimanche,12:00,12:50,Le 33 Foch,PILATES REFORMER (Niveau 2),LISA,0,0,True,disponible,2026-09-28 00:13
2026-10-04|12:30|le 33 foch|bootcamp & cycle,2026-10-04,Dimanche,12:30,13:15,Le 33 Foch,BOOTCAMP & CYCLE,MATTEO,0,0,True,disponible,2026-09-28 00:13
2026-10-04|15:00|le 33 foch|pilates reformer,2026-10-04,Dimanche,15:00,15:50,Le 33 Foch,PILATES REFORMER,SEVILLE,0,0,True,disponible,2026-09-28 00:13
2026-10-04|16:00|le 33 foch|pilates reformer,2026-10-04,Dimanche,16:00,16:50,Le 33 Foch,PILATES REFORMER,SEVILLE,0,0,True,disponible,2026-09-28 00:13
2026-10-05|08:00|le 33 foch|pilates reformer (niveau 2),2026-10-05,Lundi,08:00,08:50,Le 33 Foch,PILATES REFORMER (Niveau 2),LISA,0,0,True,disponible,2026-09-29 01:31
2026-10-05|09:00|le 33 foch|cuisses abdos fessiers,2026-10-05,Lundi,09:00,09:45,Le 33 Foch,CUISSES ABDOS FESSIERS,MATTEO,0,0,True,disponible,2026-09-29 01:31
2026-10-05|09:00|le 33 foch|pilates reformer (niveau 2),2026-10-05,Lundi,09:00,09:50,Le 33 Foch,PILATES REFORMER (Niveau 2),LISA,0,0,True,disponible,2026-09-29 01:31
2026-10-05|10:00|le 33 foch|micro lagree,2026-10-05,Lundi,10:00,10:50,Le 33 Foch,MICRO LAGREE,DAPHNE,0,0,True,disponible,2026-09-29 01:31
2026-10-05|10:00|le 33 foch|pilates reformer (niveau 2),2026-10-05,Lundi,10:00,10:50,Le 33 Foch,PILATES REFORMER (Niveau 2),LISA,0,0,True,disponible,2026-09-29 01:31
2026-10-05|11:00|le 33 foch|body sculpt,2026-10-05,Lundi,11:00,11:45,Le 33 Foch,BODY SCULPT,DOMINIQUE,0,0,True,disponible,2026-09-29 01:31
2026-10-05|11:00|le 33 foch|micro lagree,2026-10-05,Lundi,11:00,11:50,Le 33 Foch,MICRO LAGREE,DAPHNE,0,0,True,disponible,2026-09-29 01:31
2026-10-05|12:00|le 33 foch|micro lagree,2026-10-05,Lundi,12:00,12:50,Le 33 Foch,MICRO LAGREE,ENZO (Suppléant),0,0,True,disponible,2026-09-29 01:31
2026-10-05|12:00|le 33 foch|pilates reformer,2026-10-05,Lundi,12:00,12:50,Le 33 Foch,PILATES REFORMER,CANDICE,0,0,True,disponible,2026-09-29 01:31
2026-10-05|12:30|le 33 foch|trx,2026-10-05,Lundi,12:30,13:15,Le 33 Foch,TRX,MAX,0,0,True,disponible,2026-09-29 01:31
2026-10-05|13:00|le 33 foch|micro lagree,2026-10-05,Lundi,13:00,13:50,Le 33 Foch,MICRO LAGREE,ENZO (Suppléant),0,0,True,disponible,2026-09-29 01:31
2026-10-05|13:00|le 33 foch|pilates reformer,2026-10-05,Lundi,13:00,13:50,Le 33 Foch,PILATES REFORMER,CANDICE,0,0,True,disponible,2026-09-29 01:31
2026-10-05|16:00|le 33 foch|micro lagree,2026-10-05,Lundi,16:00,16:50,Le 33 Foch,MICRO LAGREE,ENZO,0,0,True,disponible,2026-09-29 01:31
2026-10-05|17:00|le 33 foch|cardio-boxing,2026-10-05,Lundi,17:00,17:45,Le 33 Foch,CARDIO-BOXING,MAX,0,0,True,disponible,2026-09-29 01:31
2026-10-05|17:00|le 33 foch|micro lagree,2026-10-05,Lundi,17:00,17:50,Le 33 Foch,MICRO LAGREE,EVA,0,0,True,disponible,2026-09-29 01:31
2026-10-05|18:00|le 33 foch|body sculpt,2026-10-05,Lundi,18:00,18:45,Le 33 Foch,BODY SCULPT,DOMINIQUE,0,0,True,disponible,2026-09-29 01:31
2026-10-05|18:00|le 33 foch|cardio-boxing,2026-10-05,Lundi,18:00,18:45,Le 33 Foch,CARDIO-BOXING,MAX,0,0,True,disponible,2026-09-29 01:31
2026-10-05|18:00|le 33 foch|micro lagree,2026-10-05,Lundi,18:00,18:50,Le 33 Foch,MICRO LAGREE,EVA,0,0,True,disponible,2026-09-29 01:31
2026-10-05|18:00|le 33 foch|pilates reformer,2026-10-05,Lundi,18:00,18:50,Le 33 Foch,PILATES REFORMER,CANDICE,0,0,True,disponible,2026-09-29 01:31
2026-10-05|18:30|le 33 foch — 32 tilsitt|street jazz girly,2026-10-05,Lundi,18:30,19:30,Le 33 Foch — 32 Tilsitt,STREET JAZZ GIRLY,MAELLA,0,0,True,inconnu,2026-09-29 01:31
2026-10-05|19:00|le 33 foch|cardio-boxing,2026-10-05,Lundi,19:00,19:45,Le 33 Foch,CARDIO-BOXING,MAX,0,0,True,disponible,2026-09-29 01:31
2026-10-05|19:00|le 33 foch|micro lagree,2026-10-05,Lundi,19:00,19:50,Le 33 Foch,MICRO LAGREE,EVA,0,0,True,disponible,2026-09-29 01:31
2026-10-05|19:00|le 33 foch|pilates reformer,2026-10-05,Lundi,19:00,19:50,Le 33 Foch,PILATES REFORMER,CANDICE,0,0,True,disponible,2026-09-29 01:31
2026-10-05|19:15|le 33 foch|bootcamp & cycle,2026-10-05,Lundi,19:15,20:00,Le 33 Foch,BOOTCAMP & CYCLE,MATTEO,0,0,True,disponible,2026-09-29 01:31
2026-10-05|19:30|le 33 foch — 32 tilsitt|hip hop girly,2026-10-05,Lundi,19:30,20:30,Le 33 Foch — 32 Tilsitt,HIP HOP GIRLY,MAELLA,0,0,True,inconnu,2026-09-29 01:31
2026-10-05|20:00|le 33 foch|cardio-boxing,2026-10-05,Lundi,20:00,20:45,Le 33 Foch,CARDIO-BOXING,MAX,0,0,True,disponible,2026-09-29 01:31
2026-10-05|20:00|le 33 foch|micro lagree,2026-10-05,Lundi,20:00,20:50,Le 33 Foch,MICRO LAGREE,EVA,0,0,True,disponible,2026-09-29 01:31
2026-10-06|09:00|le 33 foch|bootcamp & cycle,2026-10-06,Mardi,09:00,09:45,Le 33 Foch,BOOTCAMP & CYCLE,YOANN,0,0,True,disponible,2026-09-30 02:28
2026-10-06|10:00|le 33 foch|pilates reformer,2026-10-06,Mardi,10:00,10:50,Le 33 Foch,PILATES REFORMER,YOANN,0,0,True,disponible,2026-09-30 02:28
2026-10-06|11:00|le 33 foch|micro lagree,2026-10-06,Mardi,11:00,11:50,Le 33 Foch,MICRO LAGREE,REBECCA R.,0,0,True,disponible,2026-09-30 02:28
2026-10-06|11:00|le 33 foch|yoga/pilates,2026-10-06,Mardi,11:00,11:50,Le 33 Foch,YOGA/PILATES,CAROLINE,0,0,True,disponible,2026-09-30 02:28
2026-10-06|12:00|le 33 foch|micro lagree,2026-10-06,Mardi,12:00,12:50,Le 33 Foch,MICRO LAGREE,ENZO,0,0,True,disponible,2026-09-30 02:28
2026-10-06|12:00|le 33 foch|pilates reformer,2026-10-06,Mardi,12:00,12:50,Le 33 Foch,PILATES REFORMER,REBECCA R.,0,0,True,disponible,2026-09-30 02:28
2026-10-06|12:30|le 33 foch|bootcamp & cycle (wod),2026-10-06,Mardi,12:30,13:15,Le 33 Foch,BOOTCAMP & CYCLE (WOD),YOANN,0,0,True,disponible,2026-09-30 02:28
2026-10-06|13:00|le 33 foch|cardio-boxing,2026-10-06,Mardi,13:00,13:45,Le 33 Foch,CARDIO-BOXING,MAX,0,0,True,disponible,2026-09-30 02:28
2026-10-06|13:00|le 33 foch|micro lagree,2026-10-06,Mardi,13:00,13:50,Le 33 Foch,MICRO LAGREE,ENZO,0,0,True,disponible,2026-09-30 02:28
2026-10-06|13:00|le 33 foch|pilates reformer,2026-10-06,Mardi,13:00,13:50,Le 33 Foch,PILATES REFORMER,REBECCA R.,0,0,True,disponible,2026-09-30 02:28
2026-10-06|18:00|le 33 foch|body sculpt,2026-10-06,Mardi,18:00,18:45,Le 33 Foch,BODY SCULPT,DOMINIQUE,0,0,True,disponible,2026-09-30 02:28
2026-10-06|18:00|le 33 foch|cardio-boxing,2026-10-06,Mardi,18:00,18:45,Le 33 Foch,CARDIO-BOXING,HISANY,0,0,True,disponible,2026-09-30 02:28
2026-10-06|18:00|le 33 foch|micro lagree,2026-10-06,Mardi,18:00,18:50,Le 33 Foch,MICRO LAGREE,REBECCA G.,0,0,True,disponible,2026-09-30 02:28
2026-10-06|18:00|le 33 foch|pilates reformer,2026-10-06,Mardi,18:00,18:50,Le 33 Foch,PILATES REFORMER,ENZO,0,0,True,disponible,2026-09-30 02:28
2026-10-06|19:00|le 33 foch|cardio-boxing,2026-10-06,Mardi,19:00,19:45,Le 33 Foch,CARDIO-BOXING,MAX,0,0,True,disponible,2026-09-30 02:28
2026-10-06|19:00|le 33 foch|micro lagree,2026-10-06,Mardi,19:00,19:50,Le 33 Foch,MICRO LAGREE,REBECCA G.,0,0,True,disponible,2026-09-30 02:28
2026-10-06|19:00|le 33 foch|pilates reformer,2026-10-06,Mardi,19:00,19:50,Le 33 Foch,PILATES REFORMER,ENZO,0,0,True,disponible,2026-09-30 02:28
2026-10-06|19:15|le 33 foch|bootcamp & cycle (wod),2026-10-06,Mardi,19:15,20:00,Le 33 Foch,BOOTCAMP & CYCLE (WOD),HISANY,0,0,True,disponible,2026-09-30 02:28
2026-10-06|20:00|le 33 foch|cardio-boxing,2026-10-06,Mardi,20:00,20:45,Le 33 Foch,CARDIO-BOXING,MAX,0,0,True,disponible,2026-09-30 02:28
2026-10-06|20:00|le 33 foch|pilates reformer,2026-10-06,Mardi,20:00,20:50,Le 33 Foch,PILATES REFORMER,ENZO,0,0,True,disponible,2026-09-30 02:28
2026-10-06|20:15|le 33 foch|renforcement musculaire - functional strength & mobility,2026-10-06,Mardi,20:15,21:00,Le 33 Foch,RENFORCEMENT MUSCULAIRE - FUNCTIONAL STRENGTH & MOBILITY,HISANY,0,0,True,disponible,2026-09-30 02:28
2026-10-07|08:00|le 33 foch|pilates reformer (niveau 2),2026-10-07,Mercredi,08:00,08:50,Le 33 Foch,PILATES REFORMER (Niveau 2),LISA,0,0,True,disponible,2026-10-04 23:59
2026-10-07|09:00|le 33 foch|pilates reformer (niveau 2),2026-10-07,Mercredi,09:00,09:50,Le 33 Foch,PILATES REFORMER (Niveau 2),LISA,0,0,True,disponible,2026-10-04 23:59
2026-10-07|09:00|le 33 foch|trx & cycle,2026-10-07,Mercredi,09:00,09:45,Le 33 Foch,TRX & CYCLE,JEREMI,0,0,True,disponible,2026-10-04 23:59
2026-10-07|10:00|le 33 foch|pilates reformer (niveau 2),2026-10-07,Mercredi,10:00,10:50,Le 33 Foch,PILATES REFORMER (Niveau 2),LISA,0,0,True,disponible,2026-10-04 23:59
2026-10-07|11:00|le 33 foch|micro lagree,2026-10-07,Mercredi,11:00,11:50,Le 33 Foch,MICRO LAGREE,JULIA,0,0,True,disponible,2026-10-04 23:59
2026-10-07|11:00|le 33 foch|pilates mat,2026-10-07,Mercredi,11:00,11:50,Le 33 Foch,PILATES MAT,CAROLINE,0,0,True,disponible,2026-10-04 23:59
2026-10-07|12:00|le 33 foch|micro lagree,2026-10-07,Mercredi,12:00,12:50,Le 33 Foch,MICRO LAGREE,JULIA,0,0,True,disponible,2026-10-04 23:59
2026-10-07|12:00|le 33 foch|pilates reformer,2026-10-07,Mercredi,12:00,12:50,Le 33 Foch,PILATES REFORMER,REBECCA G.,0,0,True,disponible,2026-10-04 23:59
2026-10-07|12:30|le 33 foch|bootcamp & cycle (wod),2026-10-07,Mercredi,12:30,13:15,Le 33 Foch,BOOTCAMP & CYCLE (WOD),MATTEO,0,0,True,disponible,2026-10-04 23:59
2026-10-07|13:00|le 33 foch|cardio-boxing,2026-10-07,Mercredi,13:00,13:45,Le 33 Foch,CARDIO-BOXING,JEREMI,0,0,True,disponible,2026-10-04 23:59
2026-10-07|13:00|le 33 foch|pilates reformer,2026-10-07,Mercredi,13:00,13:50,Le 33 Foch,PILATES REFORMER,REBECCA G.,0,0,True,disponible,2026-10-04 23:59
2026-10-07|15:00|le 33 foch|pilates reformer,2026-10-07,Mercredi,15:00,15:50,Le 33 Foch,PILATES REFORMER,CANDICE,0,0,True,disponible,2026-10-07 13:05
2026-10-07|16:00|le 33 foch|kids boxing (6 à 9 ans),2026-10-07,Mercredi,16:00,16:45,Le 33 Foch,KIDS BOXING (6 à 9 ans),MAX,0,0,True,disponible,2026-10-07 13:05
2026-10-07|16:00|le 33 foch|pilates reformer,2026-10-07,Mercredi,16:00,16:50,Le 33 Foch,PILATES REFORMER,CANDICE,0,0,True,disponible,2026-10-07 13:05
2026-10-07|17:00|le 33 foch|micro lagree,2026-10-07,Mercredi,17:00,17:50,Le 33 Foch,MICRO LAGREE,JULIA,0,0,True,disponible,2026-10-07 13:05
2026-10-07|18:00|le 33 foch|bootcamp & cycle (wod),2026-10-07,Mercredi,18:00,18:45,Le 33 Foch,BOOTCAMP & CYCLE (WOD),MATTEO,0,0,True,disponible,2026-10-07 13:05
2026-10-07|18:00|le 33 foch|cardio-boxing,2026-10-07,Mercredi,18:00,18:45,Le 33 Foch,CARDIO-BOXING,JONATHAN,0,0,True,disponible,2026-10-07 13:05
2026-10-07|18:00|le 33 foch|micro lagree,2026-10-07,Mercredi,18:00,18:50,Le 33 Foch,MICRO LAGREE,JULIA,0,0,True,disponible,2026-10-07 13:05
2026-10-07|18:00|le 33 foch|pilates reformer,2026-10-07,Mercredi,18:00,18:50,Le 33 Foch,PILATES REFORMER,CANDICE,0,0,True,disponible,2026-10-07 13:05
2026-10-07|18:30|le 33 foch — 32 tilsitt|hip hop girly,2026-10-07,Mercredi,18:30,19:30,Le 33 Foch — 32 Tilsitt,HIP HOP GIRLY,LUCILE,0,0,True,inconnu,2026-10-07 13:05
2026-10-07|19:00|le 33 foch|cardio-boxing,2026-10-07,Mercredi,19:00,19:45,Le 33 Foch,CARDIO-BOXING,JONATHAN,0,0,True,disponible,2026-10-07 13:05
2026-10-07|19:00|le 33 foch|micro lagree,2026-10-07,Mercredi,19:00,19:50,Le 33 Foch,MICRO LAGREE,JULIA (Suppléant),0,0,True,disponible,2026-10-07 13:05
2026-10-07|19:00|le 33 foch|pilates reformer,2026-10-07,Mercredi,19:00,19:50,Le 33 Foch,PILATES REFORMER,CANDICE,0,0,True,disponible,2026-10-07 13:05
2026-10-07|19:00|le 33 foch|trx,2026-10-07,Mercredi,19:00,19:45,Le 33 Foch,TRX,MATTEO,0,0,True,disponible,2026-10-07 13:05
2026-10-07|19:30|le 33 foch — 32 tilsitt|heels girly,2026-10-07,Mercredi,19:30,20:30,Le 33 Foch — 32 Tilsitt,HEELS GIRLY,NAIADE,0,0,True,inconnu,2026-10-07 13:05
2026-10-07|20:00|le 33 foch|cardio-boxing,2026-10-07,Mercredi,20:00,20:45,Le 33 Foch,CARDIO-BOXING,JONATHAN,0,0,True,disponible,2026-10-07 19:49
2026-10-07|20:00|le 33 foch|cuisses abdos fessiers,2026-10-07,Mercredi,20:00,20:45,Le 33 Foch,CUISSES ABDOS FESSIERS,MATTEO,0,0,True,disponible,2026-10-07 19:49
2026-10-07|20:00|le 33 foch|micro lagree,2026-10-07,Mercredi,20:00,20:50,Le 33 Foch,MICRO LAGREE,JULIA (Suppléant),0,0,True,disponible,2026-10-07 19:49
2026-10-07|20:00|le 33 foch|pilates reformer,2026-10-07,Mercredi,20:00,20:50,Le 33 Foch,PILATES REFORMER,CANDICE,0,0,True,disponible,2026-10-07 19:49
2026-10-07|20:30|le 33 foch — 32 tilsitt|hip hop girly,2026-10-07,Mercredi,20:30,21:30,Le 33 Foch — 32 Tilsitt,HIP HOP GIRLY,MAELLA,0,0,True,inconnu,2026-10-07 19:49
2026-10-08|09:00|le 33 foch|cuisses abdos fessiers,2026-10-08,Jeudi,09:00,09:45,Le 33 Foch,CUISSES ABDOS FESSIERS,MATTEO,0,0,True,disponible,2026-10-08 00:18
2026-10-08|09:00|le 33 foch|pilates reformer,2026-10-08,Jeudi,09:00,09:50,Le 33 Foch,PILATES REFORMER,MORGANE,0,0,True,disponible,2026-10-08 00:18
2026-10-08|10:00|le 33 foch|micro lagree,2026-10-08,Jeudi,10:00,10:50,Le 33 Foch,MICRO LAGREE,DAPHNE,0,0,True,disponible,2026-10-08 00:18
2026-10-08|10:00|le 33 foch|pilates reformer,2026-10-08,Jeudi,10:00,10:50,Le 33 Foch,PILATES REFORMER,MORGANE,0,0,True,disponible,2026-10-08 00:18
2026-10-08|11:00|le 33 foch|body sculpt,2026-10-08,Jeudi,11:00,11:45,Le 33 Foch,BODY SCULPT,DOMINIQUE,0,0,True,disponible,2026-10-08 00:18
2026-10-08|11:00|le 33 foch|micro lagree,2026-10-08,Jeudi,11:00,11:50,Le 33 Foch,MICRO LAGREE,DAPHNE,0,0,True,disponible,2026-10-08 00:18
2026-10-08|12:00|le 33 foch|micro lagree,2026-10-08,Jeudi,12:00,12:50,Le 33 Foch,MICRO LAGREE,MARIE,0,0,True,disponible,2026-10-08 00:18
2026-10-08|12:00|le 33 foch|pilates reformer,2026-10-08,Jeudi,12:00,12:50,Le 33 Foch,PILATES REFORMER,ILANA,0,0,True,disponible,2026-10-08 00:18
2026-10-08|12:30|le 33 foch|my fit barre by valerie,2026-10-08,Jeudi,12:30,13:15,Le 33 Foch,MY FIT BARRE BY VALERIE,VALERIE,0,0,True,disponible,2026-10-08 00:18
2026-10-08|13:00|le 33 foch|cardio-boxing,2026-10-08,Jeudi,13:00,13:45,Le 33 Foch,CARDIO-BOXING,MAX,0,0,True,disponible,2026-10-08 00:18
2026-10-08|13:00|le 33 foch|micro lagree,2026-10-08,Jeudi,13:00,13:50,Le 33 Foch,MICRO LAGREE,MARIE,0,0,True,disponible,2026-10-08 00:18
2026-10-08|13:00|le 33 foch|pilates reformer,2026-10-08,Jeudi,13:00,13:50,Le 33 Foch,PILATES REFORMER,ILANA,0,0,True,disponible,2026-10-08 00:18
2026-10-08|17:00|le 33 foch|pilates reformer,2026-10-08,Jeudi,17:00,17:50,Le 33 Foch,PILATES REFORMER,CANDICE,0,0,True,disponible,2026-10-04 23:59
2026-10-08|18:00|le 33 foch|cardio-boxing,2026-10-08,Jeudi,18:00,18:45,Le 33 Foch,CARDIO-BOXING,JEREMI,0,0,True,disponible,2026-10-08 13:23
2026-10-08|18:00|le 33 foch|micro lagree,2026-10-08,Jeudi,18:00,18:50,Le 33 Foch,MICRO LAGREE,MATTEO,0,0,True,disponible,2026-10-08 13:23
2026-10-08|18:00|le 33 foch|pilates reformer,2026-10-08,Jeudi,18:00,18:50,Le 33 Foch,PILATES REFORMER,CANDICE,0,0,True,disponible,2026-10-04 23:59
2026-10-08|19:00|le 33 foch|bootcamp & cycle,2026-10-08,Jeudi,19:00,19:45,Le 33 Foch,BOOTCAMP & CYCLE,MAX,0,0,True,disponible,2026-10-08 13:23
2026-10-08|19:00|le 33 foch|cardio-boxing,2026-10-08,Jeudi,19:00,19:45,Le 33 Foch,CARDIO-BOXING,JEREMI,0,0,True,disponible,2026-10-08 13:23
2026-10-08|19:00|le 33 foch|micro lagree,2026-10-08,Jeudi,19:00,19:50,Le 33 Foch,MICRO LAGREE,MATTEO,0,0,True,disponible,2026-10-08 13:23
2026-10-08|19:00|le 33 foch|pilates reformer,2026-10-08,Jeudi,19:00,19:50,Le 33 Foch,PILATES REFORMER,DAPHNE,0,0,True,disponible,2026-10-08 13:23
2026-10-08|20:00|le 33 foch|bootcamp,2026-10-08,Jeudi,20:00,20:45,Le 33 Foch,BOOTCAMP,MAX,0,0,True,disponible,2026-10-08 13:23
2026-10-08|20:00|le 33 foch|cardio-boxing,2026-10-08,Jeudi,20:00,20:45,Le 33 Foch,CARDIO-BOXING,JEREMI,0,0,True,disponible,2026-10-08 13:23
2026-10-08|20:00|le 33 foch|pilates reformer,2026-10-08,Jeudi,20:00,20:50,Le 33 Foch,PILATES REFORMER,DAPHNE,0,0,True,disponible,2026-10-08 13:23
2026-10-09|10:00|le 33 foch|pilates reformer (niveau 2),2026-10-09,Vendredi,10:00,10:50,Le 33 Foch,PILATES REFORMER (Niveau 2),SEVILLE,0,0,False,disponible,2026-10-08 20:00
2026-10-09|11:00|le 33 foch|body sculpt,2026-10-09,Vendredi,11:00,11:45,Le 33 Foch,BODY SCULPT,DOMINIQUE,0,0,False,disponible,2026-10-08 20:00
2026-10-09|11:00|le 33 foch|micro lagree,2026-10-09,Vendredi,11:00,11:50,Le 33 Foch,MICRO LAGREE,EVA,0,0,False,disponible,2026-10-08 20:00
2026-10-09|11:00|le 33 foch|pilates reformer (niveau 2),2026-10-09,Vendredi,11:00,11:50,Le 33 Foch,PILATES REFORMER (Niveau 2),SEVILLE,0,0,False,disponible,2026-10-08 20:00
2026-10-09|12:00|le 33 foch|micro lagree,2026-10-09,Vendredi,12:00,12:50,Le 33 Foch,MICRO LAGREE,EVA,0,0,False,disponible,2026-10-08 20:00
2026-10-09|12:00|le 33 foch|pilates reformer (niveau 2),2026-10-09,Vendredi,12:00,12:50,Le 33 Foch,PILATES REFORMER (Niveau 2),SEVILLE,0,0,False,disponible,2026-10-08 20:00
2026-10-09|12:30|le 33 foch|trx,2026-10-09,Vendredi,12:30,13:15,Le 33 Foch,TRX,JEREMI,0,0,False,disponible,2026-10-08 20:00
2026-10-09|16:00|le 33 foch|pilates reformer,2026-10-09,Vendredi,16:00,16:50,Le 33 Foch,PILATES REFORMER,CANDICE,0,0,False,disponible,2026-10-08 20:00
2026-10-09|17:00|le 33 foch|micro lagree,2026-10-09,Vendredi,17:00,17:50,Le 33 Foch,MICRO LAGREE,ENZO,0,0,False,disponible,2026-10-08 20:00
2026-10-09|18:00|le 33 foch|bootcamp & cycle (wod),2026-10-09,Vendredi,18:00,18:45,Le 33 Foch,BOOTCAMP & CYCLE (WOD),LUKAS,0,0,False,disponible,2026-10-08 20:00
2026-10-09|18:00|le 33 foch|cardio-boxing,2026-10-09,Vendredi,18:00,18:45,Le 33 Foch,CARDIO-BOXING,HISANY,0,0,False,disponible,2026-10-08 20:00
2026-10-09|18:00|le 33 foch|micro lagree,2026-10-09,Vendredi,18:00,18:50,Le 33 Foch,MICRO LAGREE,ENZO,0,0,False,disponible,2026-10-08 20:00
2026-10-09|18:00|le 33 foch|pilates reformer,2026-10-09,Vendredi,18:00,18:50,Le 33 Foch,PILATES REFORMER,TAIR,0,0,False,disponible,2026-10-08 20:00
2026-10-09|19:00|le 33 foch|cardio-boxing,2026-10-09,Vendredi,19:00,19:45,Le 33 Foch,CARDIO-BOXING,HISANY,0,0,False,disponible,2026-10-08 20:00
2026-10-09|19:00|le 33 foch|micro lagree,2026-10-09,Vendredi,19:00,19:50,Le 33 Foch,MICRO LAGREE,ENZO,0,0,False,disponible,2026-10-08 20:00
2026-10-09|19:00|le 33 foch|pilates reformer,2026-10-09,Vendredi,19:00,19:50,Le 33 Foch,PILATES REFORMER,TAIR,0,0,False,disponible,2026-10-08 20:00
2026-10-10|10:00|le 33 foch|micro lagree,2026-10-10,Samedi,10:00,10:50,Le 33 Foch,MICRO LAGREE,MAX,0,0,False,disponible,2026-10-08 20:00
2026-10-10|10:00|le 33 foch|pilates reformer,2026-10-10,Samedi,10:00,10:50,Le 33 Foch,PILATES REFORMER,MORGANE,0,0,False,disponible,2026-10-08 20:00
2026-10-10|10:00|le 33 foch|yoga vinyasa,2026-10-10,Samedi,10:00,10:50,Le 33 Foch,YOGA VINYASA,CAROLINE,0,0,False,disponible,2026-10-08 20:00
2026-10-10|11:00|le 33 foch|micro lagree,2026-10-10,Samedi,11:00,11:50,Le 33 Foch,MICRO LAGREE,MAX,0,0,False,disponible,2026-10-08 20:00
2026-10-10|11:00|le 33 foch|pilates reformer,2026-10-10,Samedi,11:00,11:50,Le 33 Foch,PILATES REFORMER,MORGANE,0,0,False,disponible,2026-10-08 20:00
2026-10-10|11:00|le 33 foch|trx,2026-10-10,Samedi,11:00,11:45,Le 33 Foch,TRX,JANE (Suppléant),0,0,False,disponible,2026-10-08 20:00
2026-10-10|12:00|le 33 foch|cardio-boxing,2026-10-10,Samedi,12:00,12:45,Le 33 Foch,CARDIO-BOXING,MAX,0,0,False,disponible,2026-10-08 20:00
2026-10-10|12:00|le 33 foch|core training,2026-10-10,Samedi,12:00,12:45,Le 33 Foch,CORE TRAINING,JANE (Suppléant),0,0,False,disponible,2026-10-08 20:00
2026-10-10|12:00|le 33 foch|pilates reformer,2026-10-10,Samedi,12:00,12:50,Le 33 Foch,PILATES REFORMER,MORGANE,0,0,False,disponible,2026-10-08 20:00
2026-10-10|13:00|le 33 foch|cardio-boxing,2026-10-10,Samedi,13:00,13:45,Le 33 Foch,CARDIO-BOXING,MAX,0,0,False,disponible,2026-10-08 20:00
2026-10-10|14:00|le 33 foch|pilates mat,2026-10-10,Samedi,14:00,14:45,Le 33 Foch,PILATES MAT,YOANN,0,0,False,disponible,2026-10-08 13:23
2026-10-10|15:00|le 33 foch|teenagers boxing (10-14 ans),2026-10-10,Samedi,15:00,15:45,Le 33 Foch,TEENAGERS BOXING (10-14 ans),MAX,0,0,False,disponible,2026-10-08 20:00
2026-10-10|16:00|le 33 foch|cardio-boxing,2026-10-10,Samedi,16:00,16:45,Le 33 Foch,CARDIO-BOXING,LUCIE,0,0,False,disponible,2026-10-08 20:00
2026-10-10|17:00|le 33 foch|yoga vinyasa,2026-10-10,Samedi,17:00,17:50,Le 33 Foch,YOGA VINYASA,LUCIE,0,0,False,disponible,2026-10-08 00:18
2026-10-11|10:00|le 33 foch|event bootcamp x creme de la creme,2026-10-11,Dimanche,10:00,11:15,Le 33 Foch,EVENT BOOTCAMP x CREME DE LA CREME,MATTEO,0,0,False,inconnu,2026-10-08 20:00
2026-10-11|10:00|le 33 foch|event reformer x creme de la creme,2026-10-11,Dimanche,10:00,10:50,Le 33 Foch,EVENT REFORMER x CREME DE LA CREME,LISA,0,0,False,inconnu,2026-10-08 20:00
2026-10-11|10:00|le 33 foch|micro lagree,2026-10-11,Dimanche,10:00,10:50,Le 33 Foch,MICRO LAGREE,MORGANE (Suppléant),0,0,False,disponible,2026-10-08 20:00
2026-10-11|11:00|le 33 foch|cardio-boxing,2026-10-11,Dimanche,11:00,11:45,Le 33 Foch,CARDIO-BOXING,JEREMI,0,0,False,disponible,2026-10-08 20:00
2026-10-11|11:00|le 33 foch|micro lagree,2026-10-11,Dimanche,11:00,11:50,Le 33 Foch,MICRO LAGREE,MORGANE (Suppléant),0,0,False,disponible,2026-10-08 20:00
2026-10-11|11:00|le 33 foch|pilates reformer (niveau 2),2026-10-11,Dimanche,11:00,11:50,Le 33 Foch,PILATES REFORMER (Niveau 2),LISA,0,0,False,disponible,2026-10-08 20:00
2026-10-11|11:30|le 33 foch|cuisses abdos fessiers,2026-10-11,Dimanche,11:30,12:15,Le 33 Foch,CUISSES ABDOS FESSIERS,MATTEO,0,0,False,disponible,2026-10-08 20:00
2026-10-11|12:00|le 33 foch|cardio-boxing,2026-10-11,Dimanche,12:00,12:45,Le 33 Foch,CARDIO-BOXING,JEREMI,0,0,False,disponible,2026-10-08 20:00
2026-10-11|12:00|le 33 foch|micro lagree,2026-10-11,Dimanche,12:00,12:50,Le 33 Foch,MICRO LAGREE,MORGANE (Suppléant),0,0,False,disponible,2026-10-08 20:00
2026-10-11|12:00|le 33 foch|pilates reformer (niveau 2),2026-10-11,Dimanche,12:00,12:50,Le 33 Foch,PILATES REFORMER (Niveau 2),LISA,0,0,False,disponible,2026-10-08 20:00
2026-10-11|12:30|le 33 foch|bootcamp & cycle,2026-10-11,Dimanche,12:30,13:15,Le 33 Foch,BOOTCAMP & CYCLE,MATTEO,0,0,False,disponible,2026-10-08 20:00
2026-10-11|15:00|le 33 foch|pilates reformer,2026-10-11,Dimanche,15:00,15:50,Le 33 Foch,PILATES REFORMER,SEVILLE,0,0,False,disponible,2026-10-08 20:00
2026-10-11|16:00|le 33 foch|pilates reformer,2026-10-11,Dimanche,16:00,16:50,Le 33 Foch,PILATES REFORMER,SEVILLE,0,0,False,disponible,2026-10-08 00:18
2026-10-12|08:00|le 33 foch|pilates reformer (niveau 2),2026-10-12,Lundi,08:00,08:50,Le 33 Foch,PILATES REFORMER (Niveau 2),LISA,0,0,False,disponible,2026-10-08 20:00
2026-10-12|09:00|le 33 foch|cuisses abdos fessiers,2026-10-12,Lundi,09:00,09:45,Le 33 Foch,CUISSES ABDOS FESSIERS,MATTEO,0,0,False,disponible,2026-10-08 20:00
2026-10-12|09:00|le 33 foch|pilates reformer (niveau 2),2026-10-12,Lundi,09:00,09:50,Le 33 Foch,PILATES REFORMER (Niveau 2),LISA,0,0,False,disponible,2026-10-08 20:00
2026-10-12|10:00|le 33 foch|micro lagree,2026-10-12,Lundi,10:00,10:50,Le 33 Foch,MICRO LAGREE,DAPHNE,0,0,False,disponible,2026-10-08 20:00
2026-10-12|10:00|le 33 foch|pilates reformer (niveau 2),2026-10-12,Lundi,10:00,10:50,Le 33 Foch,PILATES REFORMER (Niveau 2),LISA,0,0,False,disponible,2026-10-08 20:00
2026-10-12|11:00|le 33 foch|body sculpt,2026-10-12,Lundi,11:00,11:45,Le 33 Foch,BODY SCULPT,DOMINIQUE,0,0,False,disponible,2026-10-08 20:00
2026-10-12|11:00|le 33 foch|micro lagree,2026-10-12,Lundi,11:00,11:50,Le 33 Foch,MICRO LAGREE,DAPHNE,0,0,False,disponible,2026-10-08 20:00
2026-10-12|12:00|le 33 foch|micro lagree,2026-10-12,Lundi,12:00,12:50,Le 33 Foch,MICRO LAGREE,JOY,0,0,False,disponible,2026-10-08 20:00
2026-10-12|12:00|le 33 foch|pilates reformer,2026-10-12,Lundi,12:00,12:50,Le 33 Foch,PILATES REFORMER,CANDICE,0,0,False,disponible,2026-10-08 20:00
2026-10-12|12:30|le 33 foch|trx,2026-10-12,Lundi,12:30,13:15,Le 33 Foch,TRX,MAX,0,0,False,disponible,2026-10-08 20:00
2026-10-12|13:00|le 33 foch|micro lagree,2026-10-12,Lundi,13:00,13:50,Le 33 Foch,MICRO LAGREE,JOY,0,0,False,disponible,2026-10-08 20:00
2026-10-12|13:00|le 33 foch|pilates reformer,2026-10-12,Lundi,13:00,13:50,Le 33 Foch,PILATES REFORMER,CANDICE,0,0,False,disponible,2026-10-08 20:00
2026-10-12|16:00|le 33 foch|micro lagree,2026-10-12,Lundi,16:00,16:50,Le 33 Foch,MICRO LAGREE,ENZO,0,0,False,disponible,2026-10-08 13:23
2026-10-12|17:00|le 33 foch|cardio-boxing,2026-10-12,Lundi,17:00,17:45,Le 33 Foch,CARDIO-BOXING,MAX,0,0,False,disponible,2026-10-08 00:18
2026-10-12|17:00|le 33 foch|micro lagree,2026-10-12,Lundi,17:00,17:50,Le 33 Foch,MICRO LAGREE,EVA,0,0,False,disponible,2026-10-08 20:00
2026-10-12|18:00|le 33 foch|body sculpt,2026-10-12,Lundi,18:00,18:45,Le 33 Foch,BODY SCULPT,DOMINIQUE,0,0,False,disponible,2026-10-08 20:00
2026-10-12|18:00|le 33 foch|cardio-boxing,2026-10-12,Lundi,18:00,18:45,Le 33 Foch,CARDIO-BOXING,MAX,0,0,False,disponible,2026-10-08 20:00
2026-10-12|18:00|le 33 foch|micro lagree,2026-10-12,Lundi,18:00,18:50,Le 33 Foch,MICRO LAGREE,EVA,0,0,False,disponible,2026-10-08 20:00
2026-10-12|18:00|le 33 foch|pilates reformer,2026-10-12,Lundi,18:00,18:50,Le 33 Foch,PILATES REFORMER,CANDICE,0,0,False,disponible,2026-10-08 20:00
2026-10-12|18:30|le 33 foch — 32 tilsitt|street jazz girly,2026-10-12,Lundi,18:30,19:30,Le 33 Foch — 32 Tilsitt,STREET JAZZ GIRLY,MAELLA,0,0,False,inconnu,2026-10-08 20:00
2026-10-12|19:00|le 33 foch|cardio-boxing,2026-10-12,Lundi,19:00,19:45,Le 33 Foch,CARDIO-BOXING,MAX,0,0,False,disponible,2026-10-08 20:00
2026-10-12|19:00|le 33 foch|micro lagree,2026-10-12,Lundi,19:00,19:50,Le 33 Foch,MICRO LAGREE,EVA,0,0,False,disponible,2026-10-08 20:00
2026-10-12|19:00|le 33 foch|pilates reformer,2026-10-12,Lundi,19:00,19:50,Le 33 Foch,PILATES REFORMER,CANDICE,0,0,False,disponible,2026-10-08 20:00
2026-10-12|19:15|le 33 foch|bootcamp & cycle,2026-10-12,Lundi,19:15,20:00,Le 33 Foch,BOOTCAMP & CYCLE,MATTEO,0,0,False,disponible,2026-10-08 20:00
2026-10-12|19:30|le 33 foch — 32 tilsitt|hip hop girly,2026-10-12,Lundi,19:30,20:30,Le 33 Foch — 32 Tilsitt,HIP HOP GIRLY,MAELLA,0,0,False,inconnu,2026-10-08 20:00
2026-10-12|20:00|le 33 foch|cardio-boxing,2026-10-12,Lundi,20:00,20:45,Le 33 Foch,CARDIO-BOXING,MAX,0,0,False,disponible,2026-10-08 20:00
2026-10-12|20:00|le 33 foch|micro lagree,2026-10-12,Lundi,20:00,20:50,Le 33 Foch,MICRO LAGREE,EVA,0,0,False,disponible,2026-10-08 20:00
2026-10-13|09:00|le 33 foch|bootcamp & cycle,2026-10-13,Mardi,09:00,09:45,Le 33 Foch,BOOTCAMP & CYCLE,YOANN,0,0,False,disponible,2026-10-08 20:00
2026-10-13|10:00|le 33 foch|pilates reformer,2026-10-13,Mardi,10:00,10:50,Le 33 Foch,PILATES REFORMER,YOANN,0,0,False,disponible,2026-10-08 20:00
2026-10-13|11:00|le 33 foch|micro lagree,2026-10-13,Mardi,11:00,11:50,Le 33 Foch,MICRO LAGREE,DAPHNE (Suppléant),0,0,False,disponible,2026-10-08 20:00
2026-10-13|11:00|le 33 foch|yoga/pilates,2026-10-13,Mardi,11:00,11:50,Le 33 Foch,YOGA/PILATES,CAROLINE,0,0,False,disponible,2026-10-08 20:00
2026-10-13|12:00|le 33 foch|micro lagree,2026-10-13,Mardi,12:00,12:50,Le 33 Foch,MICRO LAGREE,ENZO,0,0,False,disponible,2026-10-08 20:00
2026-10-13|12:00|le 33 foch|pilates reformer,2026-10-13,Mardi,12:00,12:50,Le 33 Foch,PILATES REFORMER,LISA (Suppléant),0,0,False,disponible,2026-10-08 20:00
2026-10-13|12:30|le 33 foch|bootcamp & cycle (wod),2026-10-13,Mardi,12:30,13:15,Le 33 Foch,BOOTCAMP & CYCLE (WOD),YOANN,0,0,False,disponible,2026-10-08 20:00
2026-10-13|13:00|le 33 foch|cardio-boxing,2026-10-13,Mardi,13:00,13:45,Le 33 Foch,CARDIO-BOXING,MAX,0,0,False,disponible,2026-10-08 20:00
2026-10-13|13:00|le 33 foch|micro lagree,2026-10-13,Mardi,13:00,13:50,Le 33 Foch,MICRO LAGREE,ENZO,0,0,False,disponible,2026-10-08 20:00
2026-10-13|13:00|le 33 foch|pilates reformer,2026-10-13,Mardi,13:00,13:50,Le 33 Foch,PILATES REFORMER,LISA (Suppléant),0,0,False,disponible,2026-10-08 20:00
2026-10-13|18:00|le 33 foch|body sculpt,2026-10-13,Mardi,18:00,18:45,Le 33 Foch,BODY SCULPT,DOMINIQUE,0,0,False,disponible,2026-10-08 20:00
2026-10-13|18:00|le 33 foch|cardio-boxing,2026-10-13,Mardi,18:00,18:45,Le 33 Foch,CARDIO-BOXING,HISANY,0,0,False,disponible,2026-10-08 20:00
2026-10-13|18:00|le 33 foch|micro lagree,2026-10-13,Mardi,18:00,18:50,Le 33 Foch,MICRO LAGREE,REBECCA G.,0,0,False,disponible,2026-10-08 20:00
2026-10-13|18:00|le 33 foch|pilates reformer,2026-10-13,Mardi,18:00,18:50,Le 33 Foch,PILATES REFORMER,ENZO,0,0,False,disponible,2026-10-08 20:00
2026-10-13|19:00|le 33 foch|cardio-boxing,2026-10-13,Mardi,19:00,19:45,Le 33 Foch,CARDIO-BOXING,MAX,0,0,False,disponible,2026-10-08 20:00
2026-10-13|19:00|le 33 foch|micro lagree,2026-10-13,Mardi,19:00,19:50,Le 33 Foch,MICRO LAGREE,REBECCA G.,0,0,False,disponible,2026-10-08 20:00
2026-10-13|19:00|le 33 foch|pilates reformer,2026-10-13,Mardi,19:00,19:50,Le 33 Foch,PILATES REFORMER,ENZO,0,0,False,disponible,2026-10-08 20:00
2026-10-13|19:15|le 33 foch|bootcamp & cycle (wod),2026-10-13,Mardi,19:15,20:00,Le 33 Foch,BOOTCAMP & CYCLE (WOD),HISANY,0,0,False,disponible,2026-10-08 20:00
2026-10-13|20:00|le 33 foch|cardio-boxing,2026-10-13,Mardi,20:00,20:45,Le 33 Foch,CARDIO-BOXING,MAX,0,0,False,disponible,2026-10-08 20:00
2026-10-13|20:00|le 33 foch|pilates reformer,2026-10-13,Mardi,20:00,20:50,Le 33 Foch,PILATES REFORMER,ENZO,0,0,False,disponible,2026-10-08 20:00
2026-10-13|20:15|le 33 foch|renforcement musculaire - functional strength & mobility,2026-10-13,Mardi,20:15,21:00,Le 33 Foch,RENFORCEMENT MUSCULAIRE - FUNCTIONAL STRENGTH & MOBILITY,HISANY,0,0,False,disponible,2026-10-08 20:00
2026-10-14|08:00|le 33 foch|pilates reformer (niveau 2),2026-10-14,Mercredi,08:00,08:50,Le 33 Foch,PILATES REFORMER (Niveau 2),LISA,0,0,False,disponible,2026-10-08 20:00
2026-10-14|09:00|le 33 foch|pilates reformer (niveau 2),2026-10-14,Mercredi,09:00,09:50,Le 33 Foch,PILATES REFORMER (Niveau 2),LISA,0,0,False,disponible,2026-10-08 20:00
2026-10-14|09:00|le 33 foch|trx & cycle,2026-10-14,Mercredi,09:00,09:45,Le 33 Foch,TRX & CYCLE,JEREMI,0,0,False,disponible,2026-10-08 20:00
2026-10-14|10:00|le 33 foch|pilates reformer (niveau 2),2026-10-14,Mercredi,10:00,10:50,Le 33 Foch,PILATES REFORMER (Niveau 2),LISA,0,0,False,disponible,2026-10-08 20:00
2026-10-14|11:00|le 33 foch|micro lagree,2026-10-14,Mercredi,11:00,11:50,Le 33 Foch,MICRO LAGREE,JULIA,0,0,False,disponible,2026-10-08 20:00
2026-10-14|11:00|le 33 foch|pilates mat,2026-10-14,Mercredi,11:00,11:50,Le 33 Foch,PILATES MAT,CAROLINE,0,0,False,disponible,2026-10-08 20:00
2026-10-14|12:00|le 33 foch|micro lagree,2026-10-14,Mercredi,12:00,12:50,Le 33 Foch,MICRO LAGREE,JULIA,0,0,False,disponible,2026-10-08 20:00
2026-10-14|12:00|le 33 foch|pilates reformer,2026-10-14,Mercredi,12:00,12:50,Le 33 Foch,PILATES REFORMER,REBECCA G.,0,0,False,disponible,2026-10-08 20:00
2026-10-14|12:30|le 33 foch|bootcamp & cycle (wod),2026-10-14,Mercredi,12:30,13:15,Le 33 Foch,BOOTCAMP & CYCLE (WOD),MATTEO,0,0,False,disponible,2026-10-08 20:00
2026-10-14|13:00|le 33 foch|cardio-boxing,2026-10-14,Mercredi,13:00,13:45,Le 33 Foch,CARDIO-BOXING,JEREMI,0,0,False,disponible,2026-10-08 20:00
2026-10-14|13:00|le 33 foch|pilates reformer,2026-10-14,Mercredi,13:00,13:50,Le 33 Foch,PILATES REFORMER,REBECCA G.,0,0,False,disponible,2026-10-08 20:00
2026-10-14|15:00|le 33 foch|pilates reformer,2026-10-14,Mercredi,15:00,15:50,Le 33 Foch,PILATES REFORMER,CANDICE,0,0,False,disponible,2026-10-08 20:00
2026-10-14|16:00|le 33 foch|kids boxing (6 à 9 ans),2026-10-14,Mercredi,16:00,16:45,Le 33 Foch,KIDS BOXING (6 à 9 ans),MAX,0,0,False,disponible,2026-10-08 20:00
2026-10-14|16:00|le 33 foch|pilates reformer,2026-10-14,Mercredi,16:00,16:50,Le 33 Foch,PILATES REFORMER,CANDICE,0,0,False,disponible,2026-10-08 20:00
2026-10-14|17:00|le 33 foch|micro lagree,2026-10-14,Mercredi,17:00,17:50,Le 33 Foch,MICRO LAGREE,JULIA,0,0,False,disponible,2026-10-08 20:00
2026-10-14|18:00|le 33 foch|bootcamp & cycle (wod),2026-10-14,Mercredi,18:00,18:45,Le 33 Foch,BOOTCAMP & CYCLE (WOD),MATTEO,0,0,False,disponible,2026-10-08 20:00
2026-10-14|18:00|le 33 foch|cardio-boxing,2026-10-14,Mercredi,18:00,18:45,Le 33 Foch,CARDIO-BOXING,JONATHAN,0,0,False,disponible,2026-10-08 20:00
2026-10-14|18:00|le 33 foch|micro lagree,2026-10-14,Mercredi,18:00,18:50,Le 33 Foch,MICRO LAGREE,JULIA,0,0,False,disponible,2026-10-08 20:00
2026-10-14|18:00|le 33 foch|pilates reformer,2026-10-14,Mercredi,18:00,18:50,Le 33 Foch,PILATES REFORMER,CANDICE,0,0,False,disponible,2026-10-08 20:00
2026-10-14|18:30|le 33 foch — 32 tilsitt|hip hop girly,2026-10-14,Mercredi,18:30,19:30,Le 33 Foch — 32 Tilsitt,HIP HOP GIRLY,NAIADE (Suppléant),0,0,False,disponible,2026-10-08 20:00
2026-10-14|19:00|le 33 foch|cardio-boxing,2026-10-14,Mercredi,19:00,19:45,Le 33 Foch,CARDIO-BOXING,JONATHAN,0,0,False,disponible,2026-10-08 20:00
2026-10-14|19:00|le 33 foch|micro lagree,2026-10-14,Mercredi,19:00,19:50,Le 33 Foch,MICRO LAGREE,EVA,0,0,False,disponible,2026-10-08 20:00
2026-10-14|19:00|le 33 foch|pilates reformer,2026-10-14,Mercredi,19:00,19:50,Le 33 Foch,PILATES REFORMER,CANDICE,0,0,False,disponible,2026-10-08 20:00
2026-10-14|19:00|le 33 foch|trx,2026-10-14,Mercredi,19:00,19:45,Le 33 Foch,TRX,MATTEO,0,0,False,disponible,2026-10-08 20:00
2026-10-14|19:30|le 33 foch — 32 tilsitt|heels girly,2026-10-14,Mercredi,19:30,20:30,Le 33 Foch — 32 Tilsitt,HEELS GIRLY,NAIADE,0,0,False,disponible,2026-10-08 20:00
2026-10-14|20:00|le 33 foch|cardio-boxing,2026-10-14,Mercredi,20:00,20:45,Le 33 Foch,CARDIO-BOXING,JONATHAN,0,0,False,disponible,2026-10-08 20:00
2026-10-14|20:00|le 33 foch|cuisses abdos fessiers,2026-10-14,Mercredi,20:00,20:45,Le 33 Foch,CUISSES ABDOS FESSIERS,MATTEO,0,0,False,disponible,2026-10-08 20:00
2026-10-14|20:00|le 33 foch|micro lagree,2026-10-14,Mercredi,20:00,20:50,Le 33 Foch,MICRO LAGREE,EVA,0,0,False,disponible,2026-10-08 20:00
2026-10-14|20:00|le 33 foch|pilates reformer,2026-10-14,Mercredi,20:00,20:50,Le 33 Foch,PILATES REFORMER,CANDICE,0,0,False,disponible,2026-10-08 20:00
2026-10-14|20:30|le 33 foch — 32 tilsitt|hip hop girly,2026-10-14,Mercredi,20:30,21:30,Le 33 Foch — 32 Tilsitt,HIP HOP GIRLY,MAELLA,0,0,False,disponible,2026-10-08 20:00
2026-10-15|09:00|le 33 foch|cuisses abdos fessiers,2026-10-15,Jeudi,09:00,09:45,Le 33 Foch,CUISSES ABDOS FESSIERS,MATTEO,0,0,False,disponible,2026-10-08 20:00
2026-10-15|09:00|le 33 foch|pilates reformer,2026-10-15,Jeudi,09:00,09:50,Le 33 Foch,PILATES REFORMER,MORGANE,0,0,False,disponible,2026-10-08 20:00
2026-10-15|10:00|le 33 foch|micro lagree,2026-10-15,Jeudi,10:00,10:50,Le 33 Foch,MICRO LAGREE,DAPHNE,0,0,False,disponible,2026-10-08 20:00
2026-10-15|10:00|le 33 foch|pilates reformer,2026-10-15,Jeudi,10:00,10:50,Le 33 Foch,PILATES REFORMER,MORGANE,0,0,False,disponible,2026-10-08 20:00
2026-10-15|11:00|le 33 foch|body sculpt,2026-10-15,Jeudi,11:00,11:45,Le 33 Foch,BODY SCULPT,DOMINIQUE,0,0,False,disponible,2026-10-08 20:00
2026-10-15|11:00|le 33 foch|micro lagree,2026-10-15,Jeudi,11:00,11:50,Le 33 Foch,MICRO LAGREE,DAPHNE,0,0,False,disponible,2026-10-08 20:00
2026-10-15|12:00|le 33 foch|micro lagree,2026-10-15,Jeudi,12:00,12:50,Le 33 Foch,MICRO LAGREE,MARIE,0,0,False,disponible,2026-10-08 20:00
2026-10-15|12:00|le 33 foch|pilates reformer,2026-10-15,Jeudi,12:00,12:50,Le 33 Foch,PILATES REFORMER,ILANA,0,0,False,disponible,2026-10-08 20:00
2026-10-15|12:30|le 33 foch|my fit barre by valerie,2026-10-15,Jeudi,12:30,13:15,Le 33 Foch,MY FIT BARRE BY VALERIE,VALERIE,0,0,False,disponible,2026-10-08 20:00
2026-10-15|13:00|le 33 foch|cardio-boxing,2026-10-15,Jeudi,13:00,13:45,Le 33 Foch,CARDIO-BOXING,MAX,0,0,False,disponible,2026-10-08 20:00
2026-10-15|13:00|le 33 foch|micro lagree,2026-10-15,Jeudi,13:00,13:50,Le 33 Foch,MICRO LAGREE,MARIE,0,0,False,disponible,2026-10-08 20:00
2026-10-15|13:00|le 33 foch|pilates reformer,2026-10-15,Jeudi,13:00,13:50,Le 33 Foch,PILATES REFORMER,ILANA,0,0,False,disponible,2026-10-08 20:00
2026-10-15|18:00|le 33 foch|cardio-boxing,2026-10-15,Jeudi,18:00,18:45,Le 33 Foch,CARDIO-BOXING,JEREMI,0,0,False,disponible,2026-10-08 20:00
2026-10-15|18:00|le 33 foch|micro lagree,2026-10-15,Jeudi,18:00,18:50,Le 33 Foch,MICRO LAGREE,MATTEO,0,0,False,disponible,2026-10-08 20:00
2026-10-15|19:00|le 33 foch|bootcamp & cycle,2026-10-15,Jeudi,19:00,19:45,Le 33 Foch,BOOTCAMP & CYCLE,MAX,0,0,False,disponible,2026-10-08 20:00
2026-10-15|19:00|le 33 foch|cardio-boxing,2026-10-15,Jeudi,19:00,19:45,Le 33 Foch,CARDIO-BOXING,JEREMI,0,0,False,disponible,2026-10-08 20:00
2026-10-15|19:00|le 33 foch|micro lagree,2026-10-15,Jeudi,19:00,19:50,Le 33 Foch,MICRO LAGREE,MATTEO,0,0,False,disponible,2026-10-08 20:00
2026-10-15|19:00|le 33 foch|pilates reformer,2026-10-15,Jeudi,19:00,19:50,Le 33 Foch,PILATES REFORMER,DAPHNE,0,0,False,disponible,2026-10-08 20:00
2026-10-15|20:00|le 33 foch|bootcamp,2026-10-15,Jeudi,20:00,20:45,Le 33 Foch,BOOTCAMP,MAX,0,0,False,disponible,2026-10-08 20:00
2026-10-15|20:00|le 33 foch|cardio-boxing,2026-10-15,Jeudi,20:00,20:45,Le 33 Foch,CARDIO-BOXING,JEREMI,0,0,False,disponible,2026-10-08 20:00
2026-10-15|20:00|le 33 foch|pilates reformer,2026-10-15,Jeudi,20:00,20:50,Le 33 Foch,PILATES REFORMER,DAPHNE,0,0,False,disponible,2026-10-08 20:00
2026-10-16|10:00|le 33 foch|pilates reformer (niveau 2),2026-10-16,Vendredi,10:00,10:50,Le 33 Foch,PILATES REFORMER (Niveau 2),SEVILLE,0,0,False,inconnu,2026-10-08 20:00
2026-10-16|11:00|le 33 foch|body sculpt,2026-10-16,Vendredi,11:00,11:45,Le 33 Foch,BODY SCULPT,DOMINIQUE,0,0,False,inconnu,2026-10-08 20:00
2026-10-16|11:00|le 33 foch|micro lagree,2026-10-16,Vendredi,11:00,11:50,Le 33 Foch,MICRO LAGREE,EVA,0,0,False,inconnu,2026-10-08 20:00
2026-10-16|11:00|le 33 foch|pilates reformer (niveau 2),2026-10-16,Vendredi,11:00,11:50,Le 33 Foch,PILATES REFORMER (Niveau 2),SEVILLE,0,0,False,inconnu,2026-10-08 20:00
2026-10-16|12:00|le 33 foch|micro lagree,2026-10-16,Vendredi,12:00,12:50,Le 33 Foch,MICRO LAGREE,EVA,0,0,False,inconnu,2026-10-08 20:00
2026-10-16|12:00|le 33 foch|pilates reformer (niveau 2),2026-10-16,Vendredi,12:00,12:50,Le 33 Foch,PILATES REFORMER (Niveau 2),SEVILLE,0,0,False,inconnu,2026-10-08 20:00
2026-10-16|12:30|le 33 foch|trx,2026-10-16,Vendredi,12:30,13:15,Le 33 Foch,TRX,JEREMI,0,0,False,inconnu,2026-10-08 20:00
2026-10-16|16:00|le 33 foch|pilates reformer,2026-10-16,Vendredi,16:00,16:50,Le 33 Foch,PILATES REFORMER,CANDICE,0,0,False,inconnu,2026-10-08 20:00
2026-10-16|17:00|le 33 foch|micro lagree,2026-10-16,Vendredi,17:00,17:50,Le 33 Foch,MICRO LAGREE,ENZO,0,0,False,inconnu,2026-10-08 20:00
2026-10-16|18:00|le 33 foch|bootcamp & cycle (wod),2026-10-16,Vendredi,18:00,18:45,Le 33 Foch,BOOTCAMP & CYCLE (WOD),LUKAS,0,0,False,inconnu,2026-10-08 20:00
2026-10-16|18:00|le 33 foch|cardio-boxing,2026-10-16,Vendredi,18:00,18:45,Le 33 Foch,CARDIO-BOXING,HISANY,0,0,False,inconnu,2026-10-08 20:00
2026-10-16|18:00|le 33 foch|micro lagree,2026-10-16,Vendredi,18:00,18:50,Le 33 Foch,MICRO LAGREE,ENZO,0,0,False,inconnu,2026-10-08 20:00
2026-10-16|18:00|le 33 foch|pilates reformer,2026-10-16,Vendredi,18:00,18:50,Le 33 Foch,PILATES REFORMER,TAIR,0,0,False,inconnu,2026-10-08 20:00
2026-10-16|19:00|le 33 foch|cardio-boxing,2026-10-16,Vendredi,19:00,19:45,Le 33 Foch,CARDIO-BOXING,HISANY,0,0,False,inconnu,2026-10-08 20:00
2026-10-16|19:00|le 33 foch|micro lagree,2026-10-16,Vendredi,19:00,19:50,Le 33 Foch,MICRO LAGREE,ENZO,0,0,False,inconnu,2026-10-08 20:00
2026-10-16|19:00|le 33 foch|pilates reformer,2026-10-16,Vendredi,19:00,19:50,Le 33 Foch,PILATES REFORMER,TAIR,0,0,False,inconnu,2026-10-08 20:00
2026-10-17|10:00|le 33 foch|micro lagree,2026-10-17,Samedi,10:00,10:50,Le 33 Foch,MICRO LAGREE,MAX,0,0,False,inconnu,2026-10-08 20:00
2026-10-17|10:00|le 33 foch|pilates reformer,2026-10-17,Samedi,10:00,10:50,Le 33 Foch,PILATES REFORMER,MORGANE,0,0,False,inconnu,2026-10-08 20:00
2026-10-17|10:00|le 33 foch|yoga vinyasa,2026-10-17,Samedi,10:00,10:50,Le 33 Foch,YOGA VINYASA,CAROLINE,0,0,False,inconnu,2026-10-08 20:00
2026-10-17|11:00|le 33 foch|micro lagree,2026-10-17,Samedi,11:00,11:50,Le 33 Foch,MICRO LAGREE,MAX,0,0,False,inconnu,2026-10-08 20:00
2026-10-17|11:00|le 33 foch|pilates reformer,2026-10-17,Samedi,11:00,11:50,Le 33 Foch,PILATES REFORMER,MORGANE,0,0,False,inconnu,2026-10-08 20:00
2026-10-17|11:00|le 33 foch|trx,2026-10-17,Samedi,11:00,11:45,Le 33 Foch,TRX,FABRICE,0,0,False,inconnu,2026-10-08 20:00
2026-10-17|12:00|le 33 foch|cardio-boxing,2026-10-17,Samedi,12:00,12:45,Le 33 Foch,CARDIO-BOXING,MAX,0,0,False,inconnu,2026-10-08 20:00
2026-10-17|12:00|le 33 foch|core training,2026-10-17,Samedi,12:00,12:45,Le 33 Foch,CORE TRAINING,FABRICE,0,0,False,inconnu,2026-10-08 20:00
2026-10-17|12:00|le 33 foch|pilates reformer,2026-10-17,Samedi,12:00,12:50,Le 33 Foch,PILATES REFORMER,MORGANE,0,0,False,inconnu,2026-10-08 20:00
2026-10-17|13:00|le 33 foch|cardio-boxing,2026-10-17,Samedi,13:00,13:45,Le 33 Foch,CARDIO-BOXING,MAX,0,0,False,inconnu,2026-10-08 20:00
2026-10-17|14:00|le 33 foch|pilates mat,2026-10-17,Samedi,14:00,14:45,Le 33 Foch,PILATES MAT,YOANN,0,0,False,inconnu,2026-10-08 13:23
2026-10-17|15:00|le 33 foch|teenagers boxing (10-14 ans),2026-10-17,Samedi,15:00,15:45,Le 33 Foch,TEENAGERS BOXING (10-14 ans),MAX,0,0,False,inconnu,2026-10-08 20:00
2026-10-17|16:00|le 33 foch|cardio-boxing,2026-10-17,Samedi,16:00,16:45,Le 33 Foch,CARDIO-BOXING,LUCIE,0,0,False,inconnu,2026-10-08 20:00
2026-10-17|17:00|le 33 foch|yoga vinyasa,2026-10-17,Samedi,17:00,17:50,Le 33 Foch,YOGA VINYASA,LUCIE,0,0,False,inconnu,2026-10-08 00:18
2026-10-18|10:00|le 33 foch|bootcamp,2026-10-18,Dimanche,10:00,10:45,Le 33 Foch,BOOTCAMP,MATTEO,0,0,False,inconnu,2026-10-08 20:00
2026-10-18|10:00|le 33 foch|micro lagree,2026-10-18,Dimanche,10:00,10:50,Le 33 Foch,MICRO LAGREE,JULIA,0,0,False,inconnu,2026-10-08 20:00
2026-10-18|10:00|le 33 foch|pilates reformer (niveau 2),2026-10-18,Dimanche,10:00,10:50,Le 33 Foch,PILATES REFORMER (Niveau 2),LISA,0,0,False,inconnu,2026-10-08 20:00
2026-10-18|11:00|le 33 foch|cardio-boxing,2026-10-18,Dimanche,11:00,11:45,Le 33 Foch,CARDIO-BOXING,JEREMI,0,0,False,inconnu,2026-10-08 20:00
2026-10-18|11:00|le 33 foch|micro lagree,2026-10-18,Dimanche,11:00,11:50,Le 33 Foch,MICRO LAGREE,JULIA,0,0,False,inconnu,2026-10-08 20:00
2026-10-18|11:00|le 33 foch|pilates reformer (niveau 2),2026-10-18,Dimanche,11:00,11:50,Le 33 Foch,PILATES REFORMER (Niveau 2),LISA,0,0,False,inconnu,2026-10-08 20:00
2026-10-18|11:30|le 33 foch|cuisses abdos fessiers,2026-10-18,Dimanche,11:30,12:15,Le 33 Foch,CUISSES ABDOS FESSIERS,MATTEO,0,0,False,inconnu,2026-10-08 20:00
2026-10-18|12:00|le 33 foch|cardio-boxing,2026-10-18,Dimanche,12:00,12:45,Le 33 Foch,CARDIO-BOXING,JEREMI,0,0,False,inconnu,2026-10-08 20:00
2026-10-18|12:00|le 33 foch|micro lagree,2026-10-18,Dimanche,12:00,12:50,Le 33 Foch,MICRO LAGREE,JULIA,0,0,False,inconnu,2026-10-08 20:00
2026-10-18|12:00|le 33 foch|pilates reformer (niveau 2),2026-10-18,Dimanche,12:00,12:50,Le 33 Foch,PILATES REFORMER (Niveau 2),LISA,0,0,False,inconnu,2026-10-08 20:00
2026-10-18|12:30|le 33 foch|bootcamp & cycle,2026-10-18,Dimanche,12:30,13:15,Le 33 Foch,BOOTCAMP & CYCLE,MATTEO,0,0,False,inconnu,2026-10-08 20:00
2026-10-18|15:00|le 33 foch|pilates reformer,2026-10-18,Dimanche,15:00,15:50,Le 33 Foch,PILATES REFORMER,SEVILLE,0,0,False,inconnu,2026-10-08 20:00
2026-10-18|16:00|le 33 foch|pilates reformer,2026-10-18,Dimanche,16:00,16:50,Le 33 Foch,PILATES REFORMER,SEVILLE,0,0,False,inconnu,2026-10-08 00:18
2026-10-19|08:00|le 33 foch|pilates reformer (niveau 2),2026-10-19,Lundi,08:00,08:50,Le 33 Foch,PILATES REFORMER (Niveau 2),LISA,0,0,False,inconnu,2026-10-08 20:00
2026-10-19|09:00|le 33 foch|cuisses abdos fessiers,2026-10-19,Lundi,09:00,09:45,Le 33 Foch,CUISSES ABDOS FESSIERS,MATTEO,0,0,False,inconnu,2026-10-08 20:00
2026-10-19|09:00|le 33 foch|pilates reformer (niveau 2),2026-10-19,Lundi,09:00,09:50,Le 33 Foch,PILATES REFORMER (Niveau 2),LISA,0,0,False,inconnu,2026-10-08 20:00
2026-10-19|10:00|le 33 foch|micro lagree,2026-10-19,Lundi,10:00,10:50,Le 33 Foch,MICRO LAGREE,DAPHNE,0,0,False,inconnu,2026-10-08 20:00
2026-10-19|10:00|le 33 foch|pilates reformer (niveau 2),2026-10-19,Lundi,10:00,10:50,Le 33 Foch,PILATES REFORMER (Niveau 2),LISA,0,0,False,inconnu,2026-10-08 20:00
2026-10-19|11:00|le 33 foch|body sculpt,2026-10-19,Lundi,11:00,11:45,Le 33 Foch,BODY SCULPT,DOMINIQUE,0,0,False,inconnu,2026-10-08 20:00
2026-10-19|11:00|le 33 foch|micro lagree,2026-10-19,Lundi,11:00,11:50,Le 33 Foch,MICRO LAGREE,DAPHNE,0,0,False,inconnu,2026-10-08 20:00
2026-10-19|12:00|le 33 foch|micro lagree,2026-10-19,Lundi,12:00,12:50,Le 33 Foch,MICRO LAGREE,JOY,0,0,False,inconnu,2026-10-08 20:00
2026-10-19|12:00|le 33 foch|pilates reformer,2026-10-19,Lundi,12:00,12:50,Le 33 Foch,PILATES REFORMER,CANDICE,0,0,False,inconnu,2026-10-08 20:00
2026-10-19|12:30|le 33 foch|trx,2026-10-19,Lundi,12:30,13:15,Le 33 Foch,TRX,MAX,0,0,False,inconnu,2026-10-08 20:00
2026-10-19|13:00|le 33 foch|micro lagree,2026-10-19,Lundi,13:00,13:50,Le 33 Foch,MICRO LAGREE,JOY,0,0,False,inconnu,2026-10-08 20:00
2026-10-19|13:00|le 33 foch|pilates reformer,2026-10-19,Lundi,13:00,13:50,Le 33 Foch,PILATES REFORMER,CANDICE,0,0,False,inconnu,2026-10-08 20:00
2026-10-19|16:00|le 33 foch|micro lagree,2026-10-19,Lundi,16:00,16:50,Le 33 Foch,MICRO LAGREE,ENZO,0,0,False,inconnu,2026-10-08 13:23
2026-10-19|17:00|le 33 foch|cardio-boxing,2026-10-19,Lundi,17:00,17:45,Le 33 Foch,CARDIO-BOXING,MAX,0,0,False,inconnu,2026-10-08 00:18
2026-10-19|17:00|le 33 foch|micro lagree,2026-10-19,Lundi,17:00,17:50,Le 33 Foch,MICRO LAGREE,EVA,0,0,False,inconnu,2026-10-08 20:00
2026-10-19|18:00|le 33 foch|body sculpt,2026-10-19,Lundi,18:00,18:45,Le 33 Foch,BODY SCULPT,DOMINIQUE,0,0,False,inconnu,2026-10-08 20:00
2026-10-19|18:00|le 33 foch|cardio-boxing,2026-10-19,Lundi,18:00,18:45,Le 33 Foch,CARDIO-BOXING,MAX,0,0,False,inconnu,2026-10-08 20:00
2026-10-19|18:00|le 33 foch|micro lagree,2026-10-19,Lundi,18:00,18:50,Le 33 Foch,MICRO LAGREE,EVA,0,0,False,inconnu,2026-10-08 20:00
2026-10-19|18:00|le 33 foch|pilates reformer,2026-10-19,Lundi,18:00,18:50,Le 33 Foch,PILATES REFORMER,CANDICE,0,0,False,inconnu,2026-10-08 20:00
2026-10-19|18:30|le 33 foch — 32 tilsitt|street jazz girly,2026-10-19,Lundi,18:30,19:30,Le 33 Foch — 32 Tilsitt,STREET JAZZ GIRLY,MAELLA,0,0,False,disponible,2026-10-08 20:00
2026-10-19|19:00|le 33 foch|cardio-boxing,2026-10-19,Lundi,19:00,19:45,Le 33 Foch,CARDIO-BOXING,MAX,0,0,False,inconnu,2026-10-08 20:00
2026-10-19|19:00|le 33 foch|micro lagree,2026-10-19,Lundi,19:00,19:50,Le 33 Foch,MICRO LAGREE,EVA,0,0,False,inconnu,2026-10-08 20:00
2026-10-19|19:00|le 33 foch|pilates reformer,2026-10-19,Lundi,19:00,19:50,Le 33 Foch,PILATES REFORMER,CANDICE,0,0,False,inconnu,2026-10-08 20:00
2026-10-19|19:15|le 33 foch|bootcamp & cycle,2026-10-19,Lundi,19:15,20:00,Le 33 Foch,BOOTCAMP & CYCLE,MATTEO,0,0,False,inconnu,2026-10-08 20:00
2026-10-19|19:30|le 33 foch — 32 tilsitt|hip hop girly,2026-10-19,Lundi,19:30,20:30,Le 33 Foch — 32 Tilsitt,HIP HOP GIRLY,MAELLA,0,0,False,disponible,2026-10-08 20:00
2026-10-19|20:00|le 33 foch|cardio-boxing,2026-10-19,Lundi,20:00,20:45,Le 33 Foch,CARDIO-BOXING,MAX,0,0,False,inconnu,2026-10-08 20:00
2026-10-19|20:00|le 33 foch|micro lagree,2026-10-19,Lundi,20:00,20:50,Le 33 Foch,MICRO LAGREE,EVA,0,0,False,inconnu,2026-10-08 20:00
2026-10-20|09:00|le 33 foch|bootcamp & cycle,2026-10-20,Mardi,09:00,09:45,Le 33 Foch,BOOTCAMP & CYCLE,YOANN,0,0,False,inconnu,2026-10-08 20:00
2026-10-20|10:00|le 33 foch|pilates reformer,2026-10-20,Mardi,10:00,10:50,Le 33 Foch,PILATES REFORMER,YOANN,0,0,False,inconnu,2026-10-08 20:00
2026-10-20|11:00|le 33 foch|micro lagree,2026-10-20,Mardi,11:00,11:50,Le 33 Foch,MICRO LAGREE,REBECCA R.,0,0,False,inconnu,2026-10-08 20:00
2026-10-20|11:00|le 33 foch|yoga/pilates,2026-10-20,Mardi,11:00,11:50,Le 33 Foch,YOGA/PILATES,CAROLINE,0,0,False,inconnu,2026-10-08 20:00
2026-10-20|12:00|le 33 foch|micro lagree,2026-10-20,Mardi,12:00,12:50,Le 33 Foch,MICRO LAGREE,ENZO,0,0,False,inconnu,2026-10-08 20:00
2026-10-20|12:00|le 33 foch|pilates reformer,2026-10-20,Mardi,12:00,12:50,Le 33 Foch,PILATES REFORMER,REBECCA R.,0,0,False,inconnu,2026-10-08 20:00
2026-10-20|12:30|le 33 foch|bootcamp & cycle (wod),2026-10-20,Mardi,12:30,13:15,Le 33 Foch,BOOTCAMP & CYCLE (WOD),YOANN,0,0,False,inconnu,2026-10-08 20:00
2026-10-20|13:00|le 33 foch|cardio-boxing,2026-10-20,Mardi,13:00,13:45,Le 33 Foch,CARDIO-BOXING,MAX,0,0,False,inconnu,2026-10-08 20:00
2026-10-20|13:00|le 33 foch|micro lagree,2026-10-20,Mardi,13:00,13:50,Le 33 Foch,MICRO LAGREE,ENZO,0,0,False,inconnu,2026-10-08 20:00
2026-10-20|13:00|le 33 foch|pilates reformer,2026-10-20,Mardi,13:00,13:50,Le 33 Foch,PILATES REFORMER,REBECCA R.,0,0,False,inconnu,2026-10-08 20:00
2026-10-20|18:00|le 33 foch|body sculpt,2026-10-20,Mardi,18:00,18:45,Le 33 Foch,BODY SCULPT,DOMINIQUE,0,0,False,inconnu,2026-10-08 20:00
2026-10-20|18:00|le 33 foch|cardio-boxing,2026-10-20,Mardi,18:00,18:45,Le 33 Foch,CARDIO-BOXING,HISANY,0,0,False,inconnu,2026-10-08 20:00
2026-10-20|18:00|le 33 foch|micro lagree,2026-10-20,Mardi,18:00,18:50,Le 33 Foch,MICRO LAGREE,REBECCA G.,0,0,False,inconnu,2026-10-08 20:00
2026-10-20|18:00|le 33 foch|pilates reformer,2026-10-20,Mardi,18:00,18:50,Le 33 Foch,PILATES REFORMER,ENZO,0,0,False,inconnu,2026-10-08 20:00
2026-10-20|19:00|le 33 foch|cardio-boxing,2026-10-20,Mardi,19:00,19:45,Le 33 Foch,CARDIO-BOXING,MAX,0,0,False,inconnu,2026-10-08 20:00
2026-10-20|19:00|le 33 foch|micro lagree,2026-10-20,Mardi,19:00,19:50,Le 33 Foch,MICRO LAGREE,REBECCA G.,0,0,False,inconnu,2026-10-08 20:00
2026-10-20|19:00|le 33 foch|pilates reformer,2026-10-20,Mardi,19:00,19:50,Le 33 Foch,PILATES REFORMER,ENZO,0,0,False,inconnu,2026-10-08 20:00
2026-10-20|19:15|le 33 foch|bootcamp & cycle (wod),2026-10-20,Mardi,19:15,20:00,Le 33 Foch,BOOTCAMP & CYCLE (WOD),HISANY,0,0,False,inconnu,2026-10-08 20:00
2026-10-20|20:00|le 33 foch|cardio-boxing,2026-10-20,Mardi,20:00,20:45,Le 33 Foch,CARDIO-BOXING,MAX,0,0,False,inconnu,2026-10-08 20:00
2026-10-20|20:00|le 33 foch|pilates reformer,2026-10-20,Mardi,20:00,20:50,Le 33 Foch,PILATES REFORMER,ENZO,0,0,False,inconnu,2026-10-08 20:00
2026-10-20|20:15|le 33 foch|renforcement musculaire - functional strength & mobility,2026-10-20,Mardi,20:15,21:00,Le 33 Foch,RENFORCEMENT MUSCULAIRE - FUNCTIONAL STRENGTH & MOBILITY,HISANY,0,0,False,inconnu,2026-10-08 20:00
2026-10-21|08:00|le 33 foch|pilates reformer (niveau 2),2026-10-21,Mercredi,08:00,08:50,Le 33 Foch,PILATES REFORMER (Niveau 2),LISA,0,0,False,inconnu,2026-10-08 20:00
2026-10-21|09:00|le 33 foch|pilates reformer (niveau 2),2026-10-21,Mercredi,09:00,09:50,Le 33 Foch,PILATES REFORMER (Niveau 2),LISA,0,0,False,inconnu,2026-10-08 20:00
2026-10-21|09:00|le 33 foch|trx & cycle,2026-10-21,Mercredi,09:00,09:45,Le 33 Foch,TRX & CYCLE,JEREMI,0,0,False,inconnu,2026-10-08 20:00
2026-10-21|10:00|le 33 foch|pilates reformer (niveau 2),2026-10-21,Mercredi,10:00,10:50,Le 33 Foch,PILATES REFORMER (Niveau 2),LISA,0,0,False,inconnu,2026-10-08 20:00
2026-10-21|11:00|le 33 foch|micro lagree,2026-10-21,Mercredi,11:00,11:50,Le 33 Foch,MICRO LAGREE,JULIA,0,0,False,inconnu,2026-10-08 20:00
2026-10-21|11:00|le 33 foch|pilates mat,2026-10-21,Mercredi,11:00,11:50,Le 33 Foch,PILATES MAT,CAROLINE,0,0,False,inconnu,2026-10-08 20:00
2026-10-21|12:00|le 33 foch|micro lagree,2026-10-21,Mercredi,12:00,12:50,Le 33 Foch,MICRO LAGREE,JULIA,0,0,False,inconnu,2026-10-08 20:00
2026-10-21|12:00|le 33 foch|pilates reformer,2026-10-21,Mercredi,12:00,12:50,Le 33 Foch,PILATES REFORMER,REBECCA G.,0,0,False,inconnu,2026-10-08 20:00
2026-10-21|12:30|le 33 foch|bootcamp & cycle (wod),2026-10-21,Mercredi,12:30,13:15,Le 33 Foch,BOOTCAMP & CYCLE (WOD),MATTEO,0,0,False,inconnu,2026-10-08 20:00
2026-10-21|13:00|le 33 foch|cardio-boxing,2026-10-21,Mercredi,13:00,13:45,Le 33 Foch,CARDIO-BOXING,JEREMI,0,0,False,inconnu,2026-10-08 20:00
2026-10-21|13:00|le 33 foch|pilates reformer,2026-10-21,Mercredi,13:00,13:50,Le 33 Foch,PILATES REFORMER,REBECCA G.,0,0,False,inconnu,2026-10-08 20:00
2026-10-21|15:00|le 33 foch|pilates reformer,2026-10-21,Mercredi,15:00,15:50,Le 33 Foch,PILATES REFORMER,CANDICE,0,0,False,inconnu,2026-10-08 20:00
2026-10-21|16:00|le 33 foch|kids boxing (6 à 9 ans),2026-10-21,Mercredi,16:00,16:45,Le 33 Foch,KIDS BOXING (6 à 9 ans),MAX,0,0,False,inconnu,2026-10-08 20:00
2026-10-21|16:00|le 33 foch|pilates reformer,2026-10-21,Mercredi,16:00,16:50,Le 33 Foch,PILATES REFORMER,CANDICE,0,0,False,inconnu,2026-10-08 20:00
2026-10-21|17:00|le 33 foch|micro lagree,2026-10-21,Mercredi,17:00,17:50,Le 33 Foch,MICRO LAGREE,JULIA,0,0,False,inconnu,2026-10-08 20:00
2026-10-21|18:00|le 33 foch|bootcamp & cycle (wod),2026-10-21,Mercredi,18:00,18:45,Le 33 Foch,BOOTCAMP & CYCLE (WOD),MATTEO,0,0,False,inconnu,2026-10-08 20:00
2026-10-21|18:00|le 33 foch|cardio-boxing,2026-10-21,Mercredi,18:00,18:45,Le 33 Foch,CARDIO-BOXING,JONATHAN,0,0,False,inconnu,2026-10-08 20:00
2026-10-21|18:00|le 33 foch|micro lagree,2026-10-21,Mercredi,18:00,18:50,Le 33 Foch,MICRO LAGREE,JULIA,0,0,False,inconnu,2026-10-08 20:00
2026-10-21|18:00|le 33 foch|pilates reformer,2026-10-21,Mercredi,18:00,18:50,Le 33 Foch,PILATES REFORMER,CANDICE,0,0,False,inconnu,2026-10-08 20:00
2026-10-21|18:30|le 33 foch — 32 tilsitt|hip hop girly,2026-10-21,Mercredi,18:30,19:30,Le 33 Foch — 32 Tilsitt,HIP HOP GIRLY,LUCILE,0,0,False,disponible,2026-10-08 20:00
2026-10-21|19:00|le 33 foch|cardio-boxing,2026-10-21,Mercredi,19:00,19:45,Le 33 Foch,CARDIO-BOXING,JONATHAN,0,0,False,inconnu,2026-10-08 20:00
2026-10-21|19:00|le 33 foch|micro lagree,2026-10-21,Mercredi,19:00,19:50,Le 33 Foch,MICRO LAGREE,EVA,0,0,False,inconnu,2026-10-08 20:00
2026-10-21|19:00|le 33 foch|pilates reformer,2026-10-21,Mercredi,19:00,19:50,Le 33 Foch,PILATES REFORMER,CANDICE,0,0,False,inconnu,2026-10-08 20:00
2026-10-21|19:00|le 33 foch|trx,2026-10-21,Mercredi,19:00,19:45,Le 33 Foch,TRX,MATTEO,0,0,False,inconnu,2026-10-08 20:00
2026-10-21|19:30|le 33 foch — 32 tilsitt|heels girly,2026-10-21,Mercredi,19:30,20:30,Le 33 Foch — 32 Tilsitt,HEELS GIRLY,NAIADE,0,0,False,disponible,2026-10-08 20:00
2026-10-21|20:00|le 33 foch|cardio-boxing,2026-10-21,Mercredi,20:00,20:45,Le 33 Foch,CARDIO-BOXING,JONATHAN,0,0,False,inconnu,2026-10-08 20:00
2026-10-21|20:00|le 33 foch|cuisses abdos fessiers,2026-10-21,Mercredi,20:00,20:45,Le 33 Foch,CUISSES ABDOS FESSIERS,MATTEO,0,0,False,inconnu,2026-10-08 20:00
2026-10-21|20:00|le 33 foch|micro lagree,2026-10-21,Mercredi,20:00,20:50,Le 33 Foch,MICRO LAGREE,EVA,0,0,False,inconnu,2026-10-08 20:00
2026-10-21|20:00|le 33 foch|pilates reformer,2026-10-21,Mercredi,20:00,20:50,Le 33 Foch,PILATES REFORMER,CANDICE,0,0,False,inconnu,2026-10-08 20:00
2026-10-21|20:30|le 33 foch — 32 tilsitt|hip hop girly,2026-10-21,Mercredi,20:30,21:30,Le 33 Foch — 32 Tilsitt,HIP HOP GIRLY,MAELLA,0,0,False,disponible,2026-10-08 20:00
2026-10-22|09:00|le 33 foch|cuisses abdos fessiers,2026-10-22,Jeudi,09:00,09:45,Le 33 Foch,CUISSES ABDOS FESSIERS,MATTEO,0,0,False,inconnu,2026-10-08 20:00
2026-10-22|09:00|le 33 foch|pilates reformer,2026-10-22,Jeudi,09:00,09:50,Le 33 Foch,PILATES REFORMER,MORGANE,0,0,False,inconnu,2026-10-08 20:00
2026-10-22|10:00|le 33 foch|micro lagree,2026-10-22,Jeudi,10:00,10:50,Le 33 Foch,MICRO LAGREE,DAPHNE,0,0,False,inconnu,2026-10-08 20:00
2026-10-22|10:00|le 33 foch|pilates reformer,2026-10-22,Jeudi,10:00,10:50,Le 33 Foch,PILATES REFORMER,MORGANE,0,0,False,inconnu,2026-10-08 20:00
2026-10-22|11:00|le 33 foch|body sculpt,2026-10-22,Jeudi,11:00,11:45,Le 33 Foch,BODY SCULPT,DOMINIQUE,0,0,False,inconnu,2026-10-08 20:00
2026-10-22|11:00|le 33 foch|micro lagree,2026-10-22,Jeudi,11:00,11:50,Le 33 Foch,MICRO LAGREE,DAPHNE,0,0,False,inconnu,2026-10-08 20:00
2026-10-22|12:00|le 33 foch|micro lagree,2026-10-22,Jeudi,12:00,12:50,Le 33 Foch,MICRO LAGREE,MARIE,0,0,False,inconnu,2026-10-08 20:00
2026-10-22|12:00|le 33 foch|pilates reformer,2026-10-22,Jeudi,12:00,12:50,Le 33 Foch,PILATES REFORMER,ILANA,0,0,False,inconnu,2026-10-08 20:00
2026-10-22|12:30|le 33 foch|my fit barre by valerie,2026-10-22,Jeudi,12:30,13:15,Le 33 Foch,MY FIT BARRE BY VALERIE,VALERIE,0,0,False,inconnu,2026-10-08 20:00
2026-10-22|13:00|le 33 foch|cardio-boxing,2026-10-22,Jeudi,13:00,13:45,Le 33 Foch,CARDIO-BOXING,MAX,0,0,False,inconnu,2026-10-08 20:00
2026-10-22|13:00|le 33 foch|micro lagree,2026-10-22,Jeudi,13:00,13:50,Le 33 Foch,MICRO LAGREE,MARIE,0,0,False,inconnu,2026-10-08 20:00
2026-10-22|13:00|le 33 foch|pilates reformer,2026-10-22,Jeudi,13:00,13:50,Le 33 Foch,PILATES REFORMER,ILANA,0,0,False,inconnu,2026-10-08 20:00
2026-10-22|18:00|le 33 foch|cardio-boxing,2026-10-22,Jeudi,18:00,18:45,Le 33 Foch,CARDIO-BOXING,JEREMI,0,0,False,inconnu,2026-10-08 20:00
2026-10-22|18:00|le 33 foch|micro lagree,2026-10-22,Jeudi,18:00,18:50,Le 33 Foch,MICRO LAGREE,MATTEO,0,0,False,inconnu,2026-10-08 20:00
2026-10-22|19:00|le 33 foch|bootcamp & cycle,2026-10-22,Jeudi,19:00,19:45,Le 33 Foch,BOOTCAMP & CYCLE,MAX,0,0,False,inconnu,2026-10-08 20:00
2026-10-22|19:00|le 33 foch|cardio-boxing,2026-10-22,Jeudi,19:00,19:45,Le 33 Foch,CARDIO-BOXING,JEREMI,0,0,False,inconnu,2026-10-08 20:00
2026-10-22|19:00|le 33 foch|micro lagree,2026-10-22,Jeudi,19:00,19:50,Le 33 Foch,MICRO LAGREE,MATTEO,0,0,False,inconnu,2026-10-08 20:00
2026-10-22|19:00|le 33 foch|pilates reformer,2026-10-22,Jeudi,19:00,19:50,Le 33 Foch,PILATES REFORMER,DAPHNE,0,0,False,inconnu,2026-10-08 20:00
2026-10-22|20:00|le 33 foch|bootcamp,2026-10-22,Jeudi,20:00,20:45,Le 33 Foch,BOOTCAMP,MAX,0,0,False,inconnu,2026-10-08 20:00
2026-10-22|20:00|le 33 foch|cardio-boxing,2026-10-22,Jeudi,20:00,20:45,Le 33 Foch,CARDIO-BOXING,JEREMI,0,0,False,inconnu,2026-10-08 20:00
2026-10-22|20:00|le 33 foch|pilates reformer,2026-10-22,Jeudi,20:00,20:50,Le 33 Foch,PILATES REFORMER,DAPHNE,0,0,False,inconnu,2026-10-08 20:00
2026-10-23|10:00|le 33 foch|pilates reformer (niveau 2),2026-10-23,Vendredi,10:00,10:50,Le 33 Foch,PILATES REFORMER (Niveau 2),SEVILLE,0,0,False,inconnu,2026-10-08 20:00
2026-10-23|11:00|le 33 foch|body sculpt,2026-10-23,Vendredi,11:00,11:45,Le 33 Foch,BODY SCULPT,DOMINIQUE,0,0,False,inconnu,2026-10-08 20:00
2026-10-23|11:00|le 33 foch|micro lagree,2026-10-23,Vendredi,11:00,11:50,Le 33 Foch,MICRO LAGREE,EVA,0,0,False,inconnu,2026-10-08 20:00
2026-10-23|11:00|le 33 foch|pilates reformer (niveau 2),2026-10-23,Vendredi,11:00,11:50,Le 33 Foch,PILATES REFORMER (Niveau 2),SEVILLE,0,0,False,inconnu,2026-10-08 20:00
2026-10-23|12:00|le 33 foch|micro lagree,2026-10-23,Vendredi,12:00,12:50,Le 33 Foch,MICRO LAGREE,EVA,0,0,False,inconnu,2026-10-08 20:00
2026-10-23|12:00|le 33 foch|pilates reformer (niveau 2),2026-10-23,Vendredi,12:00,12:50,Le 33 Foch,PILATES REFORMER (Niveau 2),SEVILLE,0,0,False,inconnu,2026-10-08 20:00
2026-10-23|12:30|le 33 foch|trx,2026-10-23,Vendredi,12:30,13:15,Le 33 Foch,TRX,JEREMI,0,0,False,inconnu,2026-10-08 20:00
2026-10-23|16:00|le 33 foch|pilates reformer,2026-10-23,Vendredi,16:00,16:50,Le 33 Foch,PILATES REFORMER,CANDICE,0,0,False,inconnu,2026-10-08 20:00
2026-10-23|17:00|le 33 foch|micro lagree,2026-10-23,Vendredi,17:00,17:50,Le 33 Foch,MICRO LAGREE,ENZO,0,0,False,inconnu,2026-10-08 20:00
2026-10-23|18:00|le 33 foch|bootcamp & cycle (wod),2026-10-23,Vendredi,18:00,18:45,Le 33 Foch,BOOTCAMP & CYCLE (WOD),LUKAS,0,0,False,inconnu,2026-10-08 20:00
2026-10-23|18:00|le 33 foch|cardio-boxing,2026-10-23,Vendredi,18:00,18:45,Le 33 Foch,CARDIO-BOXING,HISANY,0,0,False,inconnu,2026-10-08 20:00
2026-10-23|18:00|le 33 foch|micro lagree,2026-10-23,Vendredi,18:00,18:50,Le 33 Foch,MICRO LAGREE,ENZO,0,0,False,inconnu,2026-10-08 20:00
2026-10-23|18:00|le 33 foch|pilates reformer,2026-10-23,Vendredi,18:00,18:50,Le 33 Foch,PILATES REFORMER,TAIR,0,0,False,inconnu,2026-10-08 20:00
2026-10-23|19:00|le 33 foch|cardio-boxing,2026-10-23,Vendredi,19:00,19:45,Le 33 Foch,CARDIO-BOXING,HISANY,0,0,False,inconnu,2026-10-08 20:00
2026-10-23|19:00|le 33 foch|micro lagree,2026-10-23,Vendredi,19:00,19:50,Le 33 Foch,MICRO LAGREE,ENZO,0,0,False,inconnu,2026-10-08 20:00
2026-10-23|19:00|le 33 foch|pilates reformer,2026-10-23,Vendredi,19:00,19:50,Le 33 Foch,PILATES REFORMER,TAIR,0,0,False,inconnu,2026-10-08 20:00
2026-10-24|10:00|le 33 foch|micro lagree,2026-10-24,Samedi,10:00,10:50,Le 33 Foch,MICRO LAGREE,MAX,0,0,False,inconnu,2026-10-08 20:00
2026-10-24|10:00|le 33 foch|pilates reformer,2026-10-24,Samedi,10:00,10:50,Le 33 Foch,PILATES REFORMER,MORGANE,0,0,False,inconnu,2026-10-08 20:00
2026-10-24|10:00|le 33 foch|yoga vinyasa,2026-10-24,Samedi,10:00,10:50,Le 33 Foch,YOGA VINYASA,CAROLINE,0,0,False,inconnu,2026-10-08 20:00
2026-10-24|11:00|le 33 foch|micro lagree,2026-10-24,Samedi,11:00,11:50,Le 33 Foch,MICRO LAGREE,MAX,0,0,False,inconnu,2026-10-08 20:00
2026-10-24|11:00|le 33 foch|pilates reformer,2026-10-24,Samedi,11:00,11:50,Le 33 Foch,PILATES REFORMER,MORGANE,0,0,False,inconnu,2026-10-08 20:00
2026-10-24|11:00|le 33 foch|trx,2026-10-24,Samedi,11:00,11:45,Le 33 Foch,TRX,FABRICE,0,0,False,inconnu,2026-10-08 20:00
2026-10-24|12:00|le 33 foch|cardio-boxing,2026-10-24,Samedi,12:00,12:45,Le 33 Foch,CARDIO-BOXING,MAX,0,0,False,inconnu,2026-10-08 20:00
2026-10-24|12:00|le 33 foch|core training,2026-10-24,Samedi,12:00,12:45,Le 33 Foch,CORE TRAINING,FABRICE,0,0,False,inconnu,2026-10-08 20:00
2026-10-24|12:00|le 33 foch|pilates reformer,2026-10-24,Samedi,12:00,12:50,Le 33 Foch,PILATES REFORMER,MORGANE,0,0,False,inconnu,2026-10-08 20:00
2026-10-24|13:00|le 33 foch|cardio-boxing,2026-10-24,Samedi,13:00,13:45,Le 33 Foch,CARDIO-BOXING,MAX,0,0,False,inconnu,2026-10-08 20:00
2026-10-24|14:00|le 33 foch|pilates mat,2026-10-24,Samedi,14:00,14:45,Le 33 Foch,PILATES MAT,YOANN,0,0,False,inconnu,2026-10-08 13:23
2026-10-24|15:00|le 33 foch|teenagers boxing (10-14 ans),2026-10-24,Samedi,15:00,15:45,Le 33 Foch,TEENAGERS BOXING (10-14 ans),MAX,0,0,False,inconnu,2026-10-08 20:00
2026-10-24|16:00|le 33 foch|cardio-boxing,2026-10-24,Samedi,16:00,16:45,Le 33 Foch,CARDIO-BOXING,LUCIE,0,0,False,inconnu,2026-10-08 20:00
2026-10-24|17:00|le 33 foch|yoga vinyasa,2026-10-24,Samedi,17:00,17:50,Le 33 Foch,YOGA VINYASA,LUCIE,0,0,False,inconnu,2026-10-08 00:18
2026-10-25|10:00|le 33 foch|bootcamp,2026-10-25,Dimanche,10:00,10:45,Le 33 Foch,BOOTCAMP,MATTEO,0,0,False,inconnu,2026-10-08 20:00
2026-10-25|10:00|le 33 foch|micro lagree,2026-10-25,Dimanche,10:00,10:50,Le 33 Foch,MICRO LAGREE,JULIA,0,0,False,inconnu,2026-10-08 20:00
2026-10-25|10:00|le 33 foch|pilates reformer (niveau 2),2026-10-25,Dimanche,10:00,10:50,Le 33 Foch,PILATES REFORMER (Niveau 2),LISA,0,0,False,inconnu,2026-10-08 20:00
2026-10-25|11:00|le 33 foch|cardio-boxing,2026-10-25,Dimanche,11:00,11:45,Le 33 Foch,CARDIO-BOXING,JEREMI,0,0,False,inconnu,2026-10-08 20:00
2026-10-25|11:00|le 33 foch|micro lagree,2026-10-25,Dimanche,11:00,11:50,Le 33 Foch,MICRO LAGREE,JULIA,0,0,False,inconnu,2026-10-08 20:00
2026-10-25|11:00|le 33 foch|pilates reformer (niveau 2),2026-10-25,Dimanche,11:00,11:50,Le 33 Foch,PILATES REFORMER (Niveau 2),LISA,0,0,False,inconnu,2026-10-08 20:00
2026-10-25|11:30|le 33 foch|cuisses abdos fessiers,2026-10-25,Dimanche,11:30,12:15,Le 33 Foch,CUISSES ABDOS FESSIERS,MATTEO,0,0,False,inconnu,2026-10-08 20:00
2026-10-25|12:00|le 33 foch|cardio-boxing,2026-10-25,Dimanche,12:00,12:45,Le 33 Foch,CARDIO-BOXING,JEREMI,0,0,False,inconnu,2026-10-08 20:00
2026-10-25|12:00|le 33 foch|micro lagree,2026-10-25,Dimanche,12:00,12:50,Le 33 Foch,MICRO LAGREE,JULIA,0,0,False,inconnu,2026-10-08 20:00
2026-10-25|12:00|le 33 foch|pilates reformer (niveau 2),2026-10-25,Dimanche,12:00,12:50,Le 33 Foch,PILATES REFORMER (Niveau 2),LISA,0,0,False,inconnu,2026-10-08 20:00
2026-10-25|12:30|le 33 foch|bootcamp & cycle,2026-10-25,Dimanche,12:30,13:15,Le 33 Foch,BOOTCAMP & CYCLE,MATTEO,0,0,False,inconnu,2026-10-08 20:00
2026-10-25|15:00|le 33 foch|pilates reformer,2026-10-25,Dimanche,15:00,15:50,Le 33 Foch,PILATES REFORMER,SEVILLE,0,0,False,inconnu,2026-10-08 20:00
2026-10-25|16:00|le 33 foch|pilates reformer,2026-10-25,Dimanche,16:00,16:50,Le 33 Foch,PILATES REFORMER,SEVILLE,0,0,False,inconnu,2026-10-08 00:18
2026-10-26|08:00|le 33 foch|pilates reformer (niveau 2),2026-10-26,Lundi,08:00,08:50,Le 33 Foch,PILATES REFORMER (Niveau 2),LISA,0,0,False,inconnu,2026-10-08 20:00
2026-10-26|09:00|le 33 foch|cuisses abdos fessiers,2026-10-26,Lundi,09:00,09:45,Le 33 Foch,CUISSES ABDOS FESSIERS,MATTEO,0,0,False,inconnu,2026-10-08 20:00
2026-10-26|09:00|le 33 foch|pilates reformer (niveau 2),2026-10-26,Lundi,09:00,09:50,Le 33 Foch,PILATES REFORMER (Niveau 2),LISA,0,0,False,inconnu,2026-10-08 20:00
2026-10-26|10:00|le 33 foch|micro lagree,2026-10-26,Lundi,10:00,10:50,Le 33 Foch,MICRO LAGREE,MORGANE (Suppléant),0,0,False,inconnu,2026-10-08 20:00
2026-10-26|10:00|le 33 foch|pilates reformer (niveau 2),2026-10-26,Lundi,10:00,10:50,Le 33 Foch,PILATES REFORMER (Niveau 2),LISA,0,0,False,inconnu,2026-10-08 20:00
2026-10-26|11:00|le 33 foch|body sculpt,2026-10-26,Lundi,11:00,11:45,Le 33 Foch,BODY SCULPT,DOMINIQUE,0,0,False,inconnu,2026-10-08 20:00
2026-10-26|11:00|le 33 foch|micro lagree,2026-10-26,Lundi,11:00,11:50,Le 33 Foch,MICRO LAGREE,MORGANE (Suppléant),0,0,False,inconnu,2026-10-08 20:00
2026-10-26|12:00|le 33 foch|micro lagree,2026-10-26,Lundi,12:00,12:50,Le 33 Foch,MICRO LAGREE,JOY,0,0,False,inconnu,2026-10-08 20:00
2026-10-26|12:00|le 33 foch|pilates reformer,2026-10-26,Lundi,12:00,12:50,Le 33 Foch,PILATES REFORMER,CANDICE,0,0,False,inconnu,2026-10-08 20:00
2026-10-26|12:30|le 33 foch|trx,2026-10-26,Lundi,12:30,13:15,Le 33 Foch,TRX,MAX,0,0,False,inconnu,2026-10-08 20:00
2026-10-26|13:00|le 33 foch|micro lagree,2026-10-26,Lundi,13:00,13:50,Le 33 Foch,MICRO LAGREE,JOY,0,0,False,inconnu,2026-10-08 20:00
2026-10-26|13:00|le 33 foch|pilates reformer,2026-10-26,Lundi,13:00,13:50,Le 33 Foch,PILATES REFORMER,CANDICE,0,0,False,inconnu,2026-10-08 20:00
2026-10-26|16:00|le 33 foch|micro lagree,2026-10-26,Lundi,16:00,16:50,Le 33 Foch,MICRO LAGREE,ENZO,0,0,False,inconnu,2026-10-08 13:23
2026-10-26|16:00|le 33 foch|événement spécial pilates reformer 33 foch x gemology,2026-10-26,Lundi,16:00,18:00,Le 33 Foch,ÉVÉNEMENT SPÉCIAL PILATES REFORMER 33 FOCH x GEMOLOGY,SEVILLE,0,0,False,inconnu,2026-10-08 20:00
2026-10-26|17:00|le 33 foch|cardio-boxing,2026-10-26,Lundi,17:00,17:45,Le 33 Foch,CARDIO-BOXING,MAX,0,0,False,inconnu,2026-10-08 00:18
2026-10-26|17:00|le 33 foch|micro lagree,2026-10-26,Lundi,17:00,17:50,Le 33 Foch,MICRO LAGREE,EVA,0,0,False,inconnu,2026-10-08 20:00
2026-10-26|18:00|le 33 foch|body sculpt,2026-10-26,Lundi,18:00,18:45,Le 33 Foch,BODY SCULPT,DOMINIQUE,0,0,False,inconnu,2026-10-08 20:00
2026-10-26|18:00|le 33 foch|cardio-boxing,2026-10-26,Lundi,18:00,18:45,Le 33 Foch,CARDIO-BOXING,MAX,0,0,False,inconnu,2026-10-08 20:00
2026-10-26|18:00|le 33 foch|micro lagree,2026-10-26,Lundi,18:00,18:50,Le 33 Foch,MICRO LAGREE,EVA,0,0,False,inconnu,2026-10-08 20:00
2026-10-26|18:00|le 33 foch|pilates reformer,2026-10-26,Lundi,18:00,18:50,Le 33 Foch,PILATES REFORMER,CANDICE,0,0,False,inconnu,2026-10-08 20:00
2026-10-26|18:30|le 33 foch — 32 tilsitt|street jazz girly,2026-10-26,Lundi,18:30,19:30,Le 33 Foch — 32 Tilsitt,STREET JAZZ GIRLY,MAELLA,0,0,False,disponible,2026-10-08 20:00
2026-10-26|19:00|le 33 foch|cardio-boxing,2026-10-26,Lundi,19:00,19:45,Le 33 Foch,CARDIO-BOXING,MAX,0,0,False,inconnu,2026-10-08 20:00
2026-10-26|19:00|le 33 foch|micro lagree,2026-10-26,Lundi,19:00,19:50,Le 33 Foch,MICRO LAGREE,EVA,0,0,False,inconnu,2026-10-08 20:00
2026-10-26|19:00|le 33 foch|pilates reformer,2026-10-26,Lundi,19:00,19:50,Le 33 Foch,PILATES REFORMER,CANDICE,0,0,False,inconnu,2026-10-08 20:00
2026-10-26|19:15|le 33 foch|bootcamp & cycle,2026-10-26,Lundi,19:15,20:00,Le 33 Foch,BOOTCAMP & CYCLE,MATTEO,0,0,False,inconnu,2026-10-08 20:00
2026-10-26|19:30|le 33 foch — 32 tilsitt|hip hop girly,2026-10-26,Lundi,19:30,20:30,Le 33 Foch — 32 Tilsitt,HIP HOP GIRLY,MAELLA,0,0,False,disponible,2026-10-08 20:00
2026-10-26|20:00|le 33 foch|cardio-boxing,2026-10-26,Lundi,20:00,20:45,Le 33 Foch,CARDIO-BOXING,MAX,0,0,False,inconnu,2026-10-08 20:00
2026-10-26|20:00|le 33 foch|micro lagree,2026-10-26,Lundi,20:00,20:50,Le 33 Foch,MICRO LAGREE,EVA,0,0,False,inconnu,2026-10-08 20:00
2026-10-27|09:00|le 33 foch|bootcamp & cycle,2026-10-27,Mardi,09:00,09:45,Le 33 Foch,BOOTCAMP & CYCLE,YOANN,0,0,False,inconnu,2026-10-08 20:00
2026-10-27|10:00|le 33 foch|pilates reformer,2026-10-27,Mardi,10:00,10:50,Le 33 Foch,PILATES REFORMER,YOANN,0,0,False,inconnu,2026-10-08 20:00
2026-10-27|11:00|le 33 foch|micro lagree,2026-10-27,Mardi,11:00,11:50,Le 33 Foch,MICRO LAGREE,REBECCA R.,0,0,False,inconnu,2026-10-08 20:00
2026-10-27|11:00|le 33 foch|yoga/pilates,2026-10-27,Mardi,11:00,11:50,Le 33 Foch,YOGA/PILATES,CAROLINE,0,0,False,inconnu,2026-10-08 20:00
2026-10-27|12:00|le 33 foch|micro lagree,2026-10-27,Mardi,12:00,12:50,Le 33 Foch,MICRO LAGREE,ENZO,0,0,False,inconnu,2026-10-08 20:00
2026-10-27|12:00|le 33 foch|pilates reformer,2026-10-27,Mardi,12:00,12:50,Le 33 Foch,PILATES REFORMER,REBECCA R.,0,0,False,inconnu,2026-10-08 20:00
2026-10-27|12:30|le 33 foch|bootcamp & cycle (wod),2026-10-27,Mardi,12:30,13:15,Le 33 Foch,BOOTCAMP & CYCLE (WOD),YOANN,0,0,False,inconnu,2026-10-08 20:00
2026-10-27|13:00|le 33 foch|cardio-boxing,2026-10-27,Mardi,13:00,13:45,Le 33 Foch,CARDIO-BOXING,MAX,0,0,False,inconnu,2026-10-08 20:00
2026-10-27|13:00|le 33 foch|micro lagree,2026-10-27,Mardi,13:00,13:50,Le 33 Foch,MICRO LAGREE,ENZO,0,0,False,inconnu,2026-10-08 20:00
2026-10-27|13:00|le 33 foch|pilates reformer,2026-10-27,Mardi,13:00,13:50,Le 33 Foch,PILATES REFORMER,REBECCA R.,0,0,False,inconnu,2026-10-08 20:00
2026-10-27|18:00|le 33 foch|body sculpt,2026-10-27,Mardi,18:00,18:45,Le 33 Foch,BODY SCULPT,DOMINIQUE,0,0,False,inconnu,2026-10-08 20:00
2026-10-27|18:00|le 33 foch|cardio-boxing,2026-10-27,Mardi,18:00,18:45,Le 33 Foch,CARDIO-BOXING,HISANY,0,0,False,inconnu,2026-10-08 20:00
2026-10-27|18:00|le 33 foch|micro lagree,2026-10-27,Mardi,18:00,18:50,Le 33 Foch,MICRO LAGREE,REBECCA G.,0,0,False,inconnu,2026-10-08 20:00
2026-10-27|18:00|le 33 foch|pilates reformer,2026-10-27,Mardi,18:00,18:50,Le 33 Foch,PILATES REFORMER,ENZO,0,0,False,inconnu,2026-10-08 20:00
2026-10-27|19:00|le 33 foch|cardio-boxing,2026-10-27,Mardi,19:00,19:45,Le 33 Foch,CARDIO-BOXING,MAX,0,0,False,inconnu,2026-10-08 20:00
2026-10-27|19:00|le 33 foch|micro lagree,2026-10-27,Mardi,19:00,19:50,Le 33 Foch,MICRO LAGREE,REBECCA G.,0,0,False,inconnu,2026-10-08 20:00
2026-10-27|19:00|le 33 foch|pilates reformer,2026-10-27,Mardi,19:00,19:50,Le 33 Foch,PILATES REFORMER,ENZO,0,0,False,inconnu,2026-10-08 20:00
2026-10-27|19:15|le 33 foch|bootcamp & cycle (wod),2026-10-27,Mardi,19:15,20:00,Le 33 Foch,BOOTCAMP & CYCLE (WOD),HISANY,0,0,False,inconnu,2026-10-08 20:00
2026-10-27|20:00|le 33 foch|cardio-boxing,2026-10-27,Mardi,20:00,20:45,Le 33 Foch,CARDIO-BOXING,MAX,0,0,False,inconnu,2026-10-08 20:00
2026-10-27|20:00|le 33 foch|pilates reformer,2026-10-27,Mardi,20:00,20:50,Le 33 Foch,PILATES REFORMER,ENZO,0,0,False,inconnu,2026-10-08 20:00
2026-10-27|20:15|le 33 foch|renforcement musculaire - functional strength & mobility,2026-10-27,Mardi,20:15,21:00,Le 33 Foch,RENFORCEMENT MUSCULAIRE - FUNCTIONAL STRENGTH & MOBILITY,HISANY,0,0,False,inconnu,2026-10-08 20:00
2026-10-28|08:00|le 33 foch|pilates reformer (niveau 2),2026-10-28,Mercredi,08:00,08:50,Le 33 Foch,PILATES REFORMER (Niveau 2),LISA,0,0,False,inconnu,2026-10-08 20:00
2026-10-28|09:00|le 33 foch|pilates reformer (niveau 2),2026-10-28,Mercredi,09:00,09:50,Le 33 Foch,PILATES REFORMER (Niveau 2),LISA,0,0,False,inconnu,2026-10-08 20:00
2026-10-28|09:00|le 33 foch|trx & cycle,2026-10-28,Mercredi,09:00,09:45,Le 33 Foch,TRX & CYCLE,JEREMI,0,0,False,inconnu,2026-10-08 20:00
2026-10-28|10:00|le 33 foch|pilates reformer (niveau 2),2026-10-28,Mercredi,10:00,10:50,Le 33 Foch,PILATES REFORMER (Niveau 2),LISA,0,0,False,inconnu,2026-10-08 20:00
2026-10-28|11:00|le 33 foch|micro lagree,2026-10-28,Mercredi,11:00,11:50,Le 33 Foch,MICRO LAGREE,JULIA,0,0,False,inconnu,2026-10-08 20:00
2026-10-28|11:00|le 33 foch|pilates mat,2026-10-28,Mercredi,11:00,11:50,Le 33 Foch,PILATES MAT,CAROLINE,0,0,False,inconnu,2026-10-08 20:00
2026-10-28|12:00|le 33 foch|micro lagree,2026-10-28,Mercredi,12:00,12:50,Le 33 Foch,MICRO LAGREE,JULIA,0,0,False,inconnu,2026-10-08 20:00
2026-10-28|12:00|le 33 foch|pilates reformer,2026-10-28,Mercredi,12:00,12:50,Le 33 Foch,PILATES REFORMER,REBECCA G.,0,0,False,inconnu,2026-10-08 20:00
2026-10-28|12:30|le 33 foch|bootcamp & cycle (wod),2026-10-28,Mercredi,12:30,13:15,Le 33 Foch,BOOTCAMP & CYCLE (WOD),MATTEO,0,0,False,inconnu,2026-10-08 20:00
2026-10-28|13:00|le 33 foch|cardio-boxing,2026-10-28,Mercredi,13:00,13:45,Le 33 Foch,CARDIO-BOXING,JEREMI,0,0,False,inconnu,2026-10-08 20:00
2026-10-28|13:00|le 33 foch|pilates reformer,2026-10-28,Mercredi,13:00,13:50,Le 33 Foch,PILATES REFORMER,REBECCA G.,0,0,False,inconnu,2026-10-08 20:00
2026-10-28|15:00|le 33 foch|pilates reformer,2026-10-28,Mercredi,15:00,15:50,Le 33 Foch,PILATES REFORMER,CANDICE,0,0,False,inconnu,2026-10-08 20:00
2026-10-28|16:00|le 33 foch|kids boxing (6 à 9 ans),2026-10-28,Mercredi,16:00,16:45,Le 33 Foch,KIDS BOXING (6 à 9 ans),MAX,0,0,False,inconnu,2026-10-08 20:00
2026-10-28|16:00|le 33 foch|pilates reformer,2026-10-28,Mercredi,16:00,16:50,Le 33 Foch,PILATES REFORMER,CANDICE,0,0,False,inconnu,2026-10-08 20:00
2026-10-28|17:00|le 33 foch|micro lagree,2026-10-28,Mercredi,17:00,17:50,Le 33 Foch,MICRO LAGREE,JULIA,0,0,False,inconnu,2026-10-08 20:00
2026-10-28|18:00|le 33 foch|bootcamp & cycle (wod),2026-10-28,Mercredi,18:00,18:45,Le 33 Foch,BOOTCAMP & CYCLE (WOD),MATTEO,0,0,False,inconnu,2026-10-08 20:00
2026-10-28|18:00|le 33 foch|cardio-boxing,2026-10-28,Mercredi,18:00,18:45,Le 33 Foch,CARDIO-BOXING,JONATHAN,0,0,False,inconnu,2026-10-08 20:00
2026-10-28|18:00|le 33 foch|micro lagree,2026-10-28,Mercredi,18:00,18:50,Le 33 Foch,MICRO LAGREE,JULIA,0,0,False,inconnu,2026-10-08 20:00
2026-10-28|18:00|le 33 foch|pilates reformer,2026-10-28,Mercredi,18:00,18:50,Le 33 Foch,PILATES REFORMER,CANDICE,0,0,False,inconnu,2026-10-08 20:00
2026-10-28|18:30|le 33 foch — 32 tilsitt|hip hop girly,2026-10-28,Mercredi,18:30,19:30,Le 33 Foch — 32 Tilsitt,HIP HOP GIRLY,LUCILE,0,0,False,disponible,2026-10-08 20:00
2026-10-28|19:00|le 33 foch|cardio-boxing,2026-10-28,Mercredi,19:00,19:45,Le 33 Foch,CARDIO-BOXING,JONATHAN,0,0,False,inconnu,2026-10-08 20:00
2026-10-28|19:00|le 33 foch|micro lagree,2026-10-28,Mercredi,19:00,19:50,Le 33 Foch,MICRO LAGREE,EVA,0,0,False,inconnu,2026-10-08 20:00
2026-10-28|19:00|le 33 foch|pilates reformer,2026-10-28,Mercredi,19:00,19:50,Le 33 Foch,PILATES REFORMER,CANDICE,0,0,False,inconnu,2026-10-08 20:00
2026-10-28|19:00|le 33 foch|trx,2026-10-28,Mercredi,19:00,19:45,Le 33 Foch,TRX,MATTEO,0,0,False,inconnu,2026-10-08 20:00
2026-10-28|19:30|le 33 foch — 32 tilsitt|heels girly,2026-10-28,Mercredi,19:30,20:30,Le 33 Foch — 32 Tilsitt,HEELS GIRLY,NAIADE,0,0,False,disponible,2026-10-08 20:00
2026-10-28|20:00|le 33 foch|cardio-boxing,2026-10-28,Mercredi,20:00,20:45,Le 33 Foch,CARDIO-BOXING,JONATHAN,0,0,False,inconnu,2026-10-08 20:00
2026-10-28|20:00|le 33 foch|cuisses abdos fessiers,2026-10-28,Mercredi,20:00,20:45,Le 33 Foch,CUISSES ABDOS FESSIERS,MATTEO,0,0,False,inconnu,2026-10-08 20:00
2026-10-28|20:00|le 33 foch|micro lagree,2026-10-28,Mercredi,20:00,20:50,Le 33 Foch,MICRO LAGREE,EVA,0,0,False,inconnu,2026-10-08 20:00
2026-10-28|20:00|le 33 foch|pilates reformer,2026-10-28,Mercredi,20:00,20:50,Le 33 Foch,PILATES REFORMER,CANDICE,0,0,False,inconnu,2026-10-08 20:00
2026-10-28|20:30|le 33 foch — 32 tilsitt|hip hop girly,2026-10-28,Mercredi,20:30,21:30,Le 33 Foch — 32 Tilsitt,HIP HOP GIRLY,MAELLA,0,0,False,disponible,2026-10-08 20:00
2026-10-29|09:00|le 33 foch|cuisses abdos fessiers,2026-10-29,Jeudi,09:00,09:45,Le 33 Foch,CUISSES ABDOS FESSIERS,MATTEO,0,0,False,inconnu,2026-10-08 20:00
2026-10-29|09:00|le 33 foch|pilates reformer,2026-10-29,Jeudi,09:00,09:50,Le 33 Foch,PILATES REFORMER,MORGANE,0,0,False,inconnu,2026-10-08 20:00
2026-10-29|10:00|le 33 foch|micro lagree,2026-10-29,Jeudi,10:00,10:50,Le 33 Foch,MICRO LAGREE,DAPHNE,0,0,False,inconnu,2026-10-08 20:00
2026-10-29|10:00|le 33 foch|pilates reformer,2026-10-29,Jeudi,10:00,10:50,Le 33 Foch,PILATES REFORMER,MORGANE,0,0,False,inconnu,2026-10-08 20:00
2026-10-29|11:00|le 33 foch|body sculpt,2026-10-29,Jeudi,11:00,11:45,Le 33 Foch,BODY SCULPT,DOMINIQUE,0,0,False,inconnu,2026-10-08 20:00
2026-10-29|11:00|le 33 foch|micro lagree,2026-10-29,Jeudi,11:00,11:50,Le 33 Foch,MICRO LAGREE,DAPHNE,0,0,False,inconnu,2026-10-08 20:00
2026-10-29|12:00|le 33 foch|micro lagree,2026-10-29,Jeudi,12:00,12:50,Le 33 Foch,MICRO LAGREE,MARIE,0,0,False,inconnu,2026-10-08 20:00
2026-10-29|12:00|le 33 foch|pilates reformer,2026-10-29,Jeudi,12:00,12:50,Le 33 Foch,PILATES REFORMER,ILANA,0,0,False,inconnu,2026-10-08 20:00
2026-10-29|12:30|le 33 foch|my fit barre by valerie,2026-10-29,Jeudi,12:30,13:15,Le 33 Foch,MY FIT BARRE BY VALERIE,VALERIE,0,0,False,inconnu,2026-10-08 20:00
2026-10-29|13:00|le 33 foch|cardio-boxing,2026-10-29,Jeudi,13:00,13:45,Le 33 Foch,CARDIO-BOXING,MAX,0,0,False,inconnu,2026-10-08 20:00
2026-10-29|13:00|le 33 foch|micro lagree,2026-10-29,Jeudi,13:00,13:50,Le 33 Foch,MICRO LAGREE,MARIE,0,0,False,inconnu,2026-10-08 20:00
2026-10-29|13:00|le 33 foch|pilates reformer,2026-10-29,Jeudi,13:00,13:50,Le 33 Foch,PILATES REFORMER,ILANA,0,0,False,inconnu,2026-10-08 20:00
2026-10-29|18:00|le 33 foch|cardio-boxing,2026-10-29,Jeudi,18:00,18:45,Le 33 Foch,CARDIO-BOXING,JEREMI,0,0,False,inconnu,2026-10-08 20:00
2026-10-29|18:00|le 33 foch|micro lagree,2026-10-29,Jeudi,18:00,18:50,Le 33 Foch,MICRO LAGREE,MATTEO,0,0,False,inconnu,2026-10-08 20:00
2026-10-29|19:00|le 33 foch|bootcamp & cycle,2026-10-29,Jeudi,19:00,19:45,Le 33 Foch,BOOTCAMP & CYCLE,MAX,0,0,False,inconnu,2026-10-08 20:00
2026-10-29|19:00|le 33 foch|cardio-boxing,2026-10-29,Jeudi,19:00,19:45,Le 33 Foch,CARDIO-BOXING,JEREMI,0,0,False,inconnu,2026-10-08 20:00
2026-10-29|19:00|le 33 foch|micro lagree,2026-10-29,Jeudi,19:00,19:50,Le 33 Foch,MICRO LAGREE,MATTEO,0,0,False,inconnu,2026-10-08 20:00
2026-10-29|19:00|le 33 foch|pilates reformer,2026-10-29,Jeudi,19:00,19:50,Le 33 Foch,PILATES REFORMER,DAPHNE,0,0,False,inconnu,2026-10-08 20:00
2026-10-29|20:00|le 33 foch|bootcamp,2026-10-29,Jeudi,20:00,20:45,Le 33 Foch,BOOTCAMP,MAX,0,0,False,inconnu,2026-10-08 20:00
2026-10-29|20:00|le 33 foch|cardio-boxing,2026-10-29,Jeudi,20:00,20:45,Le 33 Foch,CARDIO-BOXING,JEREMI,0,0,False,inconnu,2026-10-08 20:00
2026-10-29|20:00|le 33 foch|pilates reformer,2026-10-29,Jeudi,20:00,20:50,Le 33 Foch,PILATES REFORMER,DAPHNE,0,0,False,inconnu,2026-10-08 20:00
2026-10-30|10:00|le 33 foch|pilates reformer (niveau 2),2026-10-30,Vendredi,10:00,10:50,Le 33 Foch,PILATES REFORMER (Niveau 2),SEVILLE,0,0,False,inconnu,2026-10-08 20:00
2026-10-30|11:00|le 33 foch|body sculpt,2026-10-30,Vendredi,11:00,11:45,Le 33 Foch,BODY SCULPT,DOMINIQUE,0,0,False,inconnu,2026-10-08 20:00
2026-10-30|11:00|le 33 foch|micro lagree,2026-10-30,Vendredi,11:00,11:50,Le 33 Foch,MICRO LAGREE,EVA,0,0,False,inconnu,2026-10-08 20:00
2026-10-30|11:00|le 33 foch|pilates reformer (niveau 2),2026-10-30,Vendredi,11:00,11:50,Le 33 Foch,PILATES REFORMER (Niveau 2),SEVILLE,0,0,False,inconnu,2026-10-08 20:00
2026-10-30|12:00|le 33 foch|micro lagree,2026-10-30,Vendredi,12:00,12:50,Le 33 Foch,MICRO LAGREE,EVA,0,0,False,inconnu,2026-10-08 20:00
2026-10-30|12:00|le 33 foch|pilates reformer (niveau 2),2026-10-30,Vendredi,12:00,12:50,Le 33 Foch,PILATES REFORMER (Niveau 2),SEVILLE,0,0,False,inconnu,2026-10-08 20:00
2026-10-30|12:30|le 33 foch|trx,2026-10-30,Vendredi,12:30,13:15,Le 33 Foch,TRX,JEREMI,0,0,False,inconnu,2026-10-08 20:00
2026-10-30|16:00|le 33 foch|pilates reformer,2026-10-30,Vendredi,16:00,16:50,Le 33 Foch,PILATES REFORMER,CANDICE,0,0,False,inconnu,2026-10-08 20:00
2026-10-30|17:00|le 33 foch|micro lagree,2026-10-30,Vendredi,17:00,17:50,Le 33 Foch,MICRO LAGREE,ENZO,0,0,False,inconnu,2026-10-08 20:00
2026-10-30|18:00|le 33 foch|bootcamp & cycle (wod),2026-10-30,Vendredi,18:00,18:45,Le 33 Foch,BOOTCAMP & CYCLE (WOD),LUKAS,0,0,False,inconnu,2026-10-08 20:00
2026-10-30|18:00|le 33 foch|cardio-boxing,2026-10-30,Vendredi,18:00,18:45,Le 33 Foch,CARDIO-BOXING,HISANY,0,0,False,inconnu,2026-10-08 20:00
2026-10-30|18:00|le 33 foch|micro lagree,2026-10-30,Vendredi,18:00,18:50,Le 33 Foch,MICRO LAGREE,ENZO,0,0,False,inconnu,2026-10-08 20:00
2026-10-30|18:00|le 33 foch|pilates reformer,2026-10-30,Vendredi,18:00,18:50,Le 33 Foch,PILATES REFORMER,TAIR,0,0,False,inconnu,2026-10-08 20:00
2026-10-30|19:00|le 33 foch|cardio-boxing,2026-10-30,Vendredi,19:00,19:45,Le 33 Foch,CARDIO-BOXING,HISANY,0,0,False,inconnu,2026-10-08 20:00
2026-10-30|19:00|le 33 foch|micro lagree,2026-10-30,Vendredi,19:00,19:50,Le 33 Foch,MICRO LAGREE,ENZO,0,0,False,inconnu,2026-10-08 20:00
2026-10-30|19:00|le 33 foch|pilates reformer,2026-10-30,Vendredi,19:00,19:50,Le 33 Foch,PILATES REFORMER,TAIR,0,0,False,inconnu,2026-10-08 20:00
2026-10-31|10:00|le 33 foch|micro lagree,2026-10-31,Samedi,10:00,10:50,Le 33 Foch,MICRO LAGREE,MAX,0,0,False,inconnu,2026-10-08 20:00
2026-10-31|10:00|le 33 foch|pilates reformer,2026-10-31,Samedi,10:00,10:50,Le 33 Foch,PILATES REFORMER,MORGANE,0,0,False,inconnu,2026-10-08 20:00
2026-10-31|10:00|le 33 foch|yoga vinyasa,2026-10-31,Samedi,10:00,10:50,Le 33 Foch,YOGA VINYASA,CAROLINE,0,0,False,inconnu,2026-10-08 20:00
2026-10-31|11:00|le 33 foch|micro lagree,2026-10-31,Samedi,11:00,11:50,Le 33 Foch,MICRO LAGREE,MAX,0,0,False,inconnu,2026-10-08 20:00
2026-10-31|11:00|le 33 foch|pilates reformer,2026-10-31,Samedi,11:00,11:50,Le 33 Foch,PILATES REFORMER,MORGANE,0,0,False,inconnu,2026-10-08 20:00
2026-10-31|11:00|le 33 foch|trx,2026-10-31,Samedi,11:00,11:45,Le 33 Foch,TRX,FABRICE,0,0,False,inconnu,2026-10-08 20:00
2026-10-31|12:00|le 33 foch|cardio-boxing,2026-10-31,Samedi,12:00,12:45,Le 33 Foch,CARDIO-BOXING,MAX,0,0,False,inconnu,2026-10-08 20:00
2026-10-31|12:00|le 33 foch|core training,2026-10-31,Samedi,12:00,12:45,Le 33 Foch,CORE TRAINING,FABRICE,0,0,False,inconnu,2026-10-08 20:00
2026-10-31|12:00|le 33 foch|pilates reformer,2026-10-31,Samedi,12:00,12:50,Le 33 Foch,PILATES REFORMER,MORGANE,0,0,False,inconnu,2026-10-08 20:00
2026-10-31|13:00|le 33 foch|cardio-boxing,2026-10-31,Samedi,13:00,13:45,Le 33 Foch,CARDIO-BOXING,MAX,0,0,False,inconnu,2026-10-08 20:00
2026-10-31|14:00|le 33 foch|pilates mat,2026-10-31,Samedi,14:00,14:45,Le 33 Foch,PILATES MAT,YOANN,0,0,False,inconnu,2026-10-08 13:23
2026-10-31|15:00|le 33 foch|teenagers boxing (10-14 ans),2026-10-31,Samedi,15:00,15:45,Le 33 Foch,TEENAGERS BOXING (10-14 ans),MAX,0,0,False,inconnu,2026-10-08 20:00
2026-10-31|16:00|le 33 foch|cardio-boxing,2026-10-31,Samedi,16:00,16:45,Le 33 Foch,CARDIO-BOXING,LUCIE,0,0,False,inconnu,2026-10-08 20:00
2026-10-31|17:00|le 33 foch|yoga vinyasa,2026-10-31,Samedi,17:00,17:50,Le 33 Foch,YOGA VINYASA,LUCIE,0,0,False,inconnu,2026-10-08 00:18
2026-11-01|10:00|le 33 foch|bootcamp,2026-11-01,Dimanche,10:00,10:45,Le 33 Foch,BOOTCAMP,MATTEO,0,0,False,inconnu,2026-10-08 20:00
2026-11-01|10:00|le 33 foch|micro lagree,2026-11-01,Dimanche,10:00,10:50,Le 33 Foch,MICRO LAGREE,JULIA,0,0,False,inconnu,2026-10-08 20:00
2026-11-01|10:00|le 33 foch|pilates reformer (niveau 2),2026-11-01,Dimanche,10:00,10:50,Le 33 Foch,PILATES REFORMER (Niveau 2),LISA,0,0,False,inconnu,2026-10-08 20:00
2026-11-01|11:00|le 33 foch|cardio-boxing,2026-11-01,Dimanche,11:00,11:45,Le 33 Foch,CARDIO-BOXING,JEREMI,0,0,False,inconnu,2026-10-08 20:00
2026-11-01|11:00|le 33 foch|micro lagree,2026-11-01,Dimanche,11:00,11:50,Le 33 Foch,MICRO LAGREE,JULIA,0,0,False,inconnu,2026-10-08 20:00
2026-11-01|11:00|le 33 foch|pilates reformer (niveau 2),2026-11-01,Dimanche,11:00,11:50,Le 33 Foch,PILATES REFORMER (Niveau 2),LISA,0,0,False,inconnu,2026-10-08 20:00
2026-11-01|11:30|le 33 foch|cuisses abdos fessiers,2026-11-01,Dimanche,11:30,12:15,Le 33 Foch,CUISSES ABDOS FESSIERS,MATTEO,0,0,False,inconnu,2026-10-08 20:00
2026-11-01|12:00|le 33 foch|cardio-boxing,2026-11-01,Dimanche,12:00,12:45,Le 33 Foch,CARDIO-BOXING,JEREMI,0,0,False,inconnu,2026-10-08 20:00
2026-11-01|12:00|le 33 foch|micro lagree,2026-11-01,Dimanche,12:00,12:50,Le 33 Foch,MICRO LAGREE,JULIA,0,0,False,inconnu,2026-10-08 20:00
2026-11-01|12:00|le 33 foch|pilates reformer (niveau 2),2026-11-01,Dimanche,12:00,12:50,Le 33 Foch,PILATES REFORMER (Niveau 2),LISA,0,0,False,inconnu,2026-10-08 20:00
2026-11-01|12:30|le 33 foch|bootcamp & cycle,2026-11-01,Dimanche,12:30,13:15,Le 33 Foch,BOOTCAMP & CYCLE,MATTEO,0,0,False,inconnu,2026-10-08 20:00
2026-11-01|15:00|le 33 foch|pilates reformer,2026-11-01,Dimanche,15:00,15:50,Le 33 Foch,PILATES REFORMER,SEVILLE,0,0,False,inconnu,2026-10-08 20:00
2026-11-01|16:00|le 33 foch|pilates reformer,2026-11-01,Dimanche,16:00,16:50,Le 33 Foch,PILATES REFORMER,SEVILLE,0,0,False,inconnu,2026-10-08 00:18
2026-11-02|08:00|le 33 foch|pilates reformer (niveau 2),2026-11-02,Lundi,08:00,08:50,Le 33 Foch,PILATES REFORMER (Niveau 2),LISA,0,0,False,inconnu,2026-10-08 20:00
2026-11-02|09:00|le 33 foch|cuisses abdos fessiers,2026-11-02,Lundi,09:00,09:45,Le 33 Foch,CUISSES ABDOS FESSIERS,MATTEO,0,0,False,inconnu,2026-10-08 20:00
2026-11-02|09:00|le 33 foch|pilates reformer (niveau 2),2026-11-02,Lundi,09:00,09:50,Le 33 Foch,PILATES REFORMER (Niveau 2),LISA,0,0,False,inconnu,2026-10-08 20:00
2026-11-02|10:00|le 33 foch|micro lagree,2026-11-02,Lundi,10:00,10:50,Le 33 Foch,MICRO LAGREE,DAPHNE,0,0,False,inconnu,2026-10-08 20:00
2026-11-02|10:00|le 33 foch|pilates reformer (niveau 2),2026-11-02,Lundi,10:00,10:50,Le 33 Foch,PILATES REFORMER (Niveau 2),LISA,0,0,False,inconnu,2026-10-08 20:00
2026-11-02|11:00|le 33 foch|body sculpt,2026-11-02,Lundi,11:00,11:45,Le 33 Foch,BODY SCULPT,DOMINIQUE,0,0,False,inconnu,2026-10-08 20:00
2026-11-02|11:00|le 33 foch|micro lagree,2026-11-02,Lundi,11:00,11:50,Le 33 Foch,MICRO LAGREE,DAPHNE,0,0,False,inconnu,2026-10-08 20:00
2026-11-02|12:00|le 33 foch|micro lagree,2026-11-02,Lundi,12:00,12:50,Le 33 Foch,MICRO LAGREE,JOY,0,0,False,inconnu,2026-10-08 20:00
2026-11-02|12:00|le 33 foch|pilates reformer,2026-11-02,Lundi,12:00,12:50,Le 33 Foch,PILATES REFORMER,CANDICE,0,0,False,inconnu,2026-10-08 20:00
2026-11-02|12:30|le 33 foch|trx,2026-11-02,Lundi,12:30,13:15,Le 33 Foch,TRX,MAX,0,0,False,inconnu,2026-10-08 20:00
2026-11-02|13:00|le 33 foch|micro lagree,2026-11-02,Lundi,13:00,13:50,Le 33 Foch,MICRO LAGREE,JOY,0,0,False,inconnu,2026-10-08 20:00
2026-11-02|13:00|le 33 foch|pilates reformer,2026-11-02,Lundi,13:00,13:50,Le 33 Foch,PILATES REFORMER,CANDICE,0,0,False,inconnu,2026-10-08 20:00
2026-11-02|16:00|le 33 foch|micro lagree,2026-11-02,Lundi,16:00,16:50,Le 33 Foch,MICRO LAGREE,ENZO,0,0,False,inconnu,2026-10-08 13:23
2026-11-02|17:00|le 33 foch|cardio-boxing,2026-11-02,Lundi,17:00,17:45,Le 33 Foch,CARDIO-BOXING,MAX,0,0,False,inconnu,2026-10-08 00:18
2026-11-02|17:00|le 33 foch|micro lagree,2026-11-02,Lundi,17:00,17:50,Le 33 Foch,MICRO LAGREE,EVA,0,0,False,inconnu,2026-10-08 20:00
2026-11-02|18:00|le 33 foch|body sculpt,2026-11-02,Lundi,18:00,18:45,Le 33 Foch,BODY SCULPT,DOMINIQUE,0,0,False,inconnu,2026-10-08 20:00
2026-11-02|18:00|le 33 foch|cardio-boxing,2026-11-02,Lundi,18:00,18:45,Le 33 Foch,CARDIO-BOXING,MAX,0,0,False,inconnu,2026-10-08 20:00
2026-11-02|18:00|le 33 foch|micro lagree,2026-11-02,Lundi,18:00,18:50,Le 33 Foch,MICRO LAGREE,EVA,0,0,False,inconnu,2026-10-08 20:00
2026-11-02|18:00|le 33 foch|pilates reformer,2026-11-02,Lundi,18:00,18:50,Le 33 Foch,PILATES REFORMER,CANDICE,0,0,False,inconnu,2026-10-08 20:00
2026-11-02|18:30|le 33 foch — 32 tilsitt|street jazz girly,2026-11-02,Lundi,18:30,19:30,Le 33 Foch — 32 Tilsitt,STREET JAZZ GIRLY,MAELLA,0,0,False,disponible,2026-10-08 20:00
2026-11-02|19:00|le 33 foch|cardio-boxing,2026-11-02,Lundi,19:00,19:45,Le 33 Foch,CARDIO-BOXING,MAX,0,0,False,inconnu,2026-10-08 20:00
2026-11-02|19:00|le 33 foch|micro lagree,2026-11-02,Lundi,19:00,19:50,Le 33 Foch,MICRO LAGREE,EVA,0,0,False,inconnu,2026-10-08 20:00
2026-11-02|19:00|le 33 foch|pilates reformer,2026-11-02,Lundi,19:00,19:50,Le 33 Foch,PILATES REFORMER,CANDICE,0,0,False,inconnu,2026-10-08 20:00
2026-11-02|19:15|le 33 foch|bootcamp & cycle,2026-11-02,Lundi,19:15,20:00,Le 33 Foch,BOOTCAMP & CYCLE,MATTEO,0,0,False,inconnu,2026-10-08 20:00
2026-11-02|19:30|le 33 foch — 32 tilsitt|hip hop girly,2026-11-02,Lundi,19:30,20:30,Le 33 Foch — 32 Tilsitt,HIP HOP GIRLY,MAELLA,0,0,False,disponible,2026-10-08 20:00
2026-11-02|20:00|le 33 foch|cardio-boxing,2026-11-02,Lundi,20:00,20:45,Le 33 Foch,CARDIO-BOXING,MAX,0,0,False,inconnu,2026-10-08 20:00
2026-11-02|20:00|le 33 foch|micro lagree,2026-11-02,Lundi,20:00,20:50,Le 33 Foch,MICRO LAGREE,EVA,0,0,False,inconnu,2026-10-08 20:00
2026-11-03|09:00|le 33 foch|bootcamp & cycle,2026-11-03,Mardi,09:00,09:45,Le 33 Foch,BOOTCAMP & CYCLE,YOANN,0,0,False,inconnu,2026-10-08 20:00
2026-11-03|10:00|le 33 foch|pilates reformer,2026-11-03,Mardi,10:00,10:50,Le 33 Foch,PILATES REFORMER,YOANN,0,0,False,inconnu,2026-10-08 20:00
2026-11-03|11:00|le 33 foch|micro lagree,2026-11-03,Mardi,11:00,11:50,Le 33 Foch,MICRO LAGREE,REBECCA R.,0,0,False,inconnu,2026-10-08 20:00
2026-11-03|11:00|le 33 foch|yoga/pilates,2026-11-03,Mardi,11:00,11:50,Le 33 Foch,YOGA/PILATES,CAROLINE,0,0,False,inconnu,2026-10-08 20:00
2026-11-03|12:00|le 33 foch|micro lagree,2026-11-03,Mardi,12:00,12:50,Le 33 Foch,MICRO LAGREE,ENZO,0,0,False,inconnu,2026-10-08 20:00
2026-11-03|12:00|le 33 foch|pilates reformer,2026-11-03,Mardi,12:00,12:50,Le 33 Foch,PILATES REFORMER,REBECCA R.,0,0,False,inconnu,2026-10-08 20:00
2026-11-03|12:30|le 33 foch|bootcamp & cycle (wod),2026-11-03,Mardi,12:30,13:15,Le 33 Foch,BOOTCAMP & CYCLE (WOD),YOANN,0,0,False,inconnu,2026-10-08 20:00
2026-11-03|13:00|le 33 foch|cardio-boxing,2026-11-03,Mardi,13:00,13:45,Le 33 Foch,CARDIO-BOXING,MAX,0,0,False,inconnu,2026-10-08 20:00
2026-11-03|13:00|le 33 foch|micro lagree,2026-11-03,Mardi,13:00,13:50,Le 33 Foch,MICRO LAGREE,ENZO,0,0,False,inconnu,2026-10-08 20:00
2026-11-03|13:00|le 33 foch|pilates reformer,2026-11-03,Mardi,13:00,13:50,Le 33 Foch,PILATES REFORMER,REBECCA R.,0,0,False,inconnu,2026-10-08 20:00
2026-11-03|18:00|le 33 foch|body sculpt,2026-11-03,Mardi,18:00,18:45,Le 33 Foch,BODY SCULPT,DOMINIQUE,0,0,False,inconnu,2026-10-08 20:00
2026-11-03|18:00|le 33 foch|cardio-boxing,2026-11-03,Mardi,18:00,18:45,Le 33 Foch,CARDIO-BOXING,HISANY,0,0,False,inconnu,2026-10-08 20:00
2026-11-03|18:00|le 33 foch|micro lagree,2026-11-03,Mardi,18:00,18:50,Le 33 Foch,MICRO LAGREE,REBECCA G.,0,0,False,inconnu,2026-10-08 20:00
2026-11-03|18:00|le 33 foch|pilates reformer,2026-11-03,Mardi,18:00,18:50,Le 33 Foch,PILATES REFORMER,ENZO,0,0,False,inconnu,2026-10-08 20:00
2026-11-03|19:00|le 33 foch|cardio-boxing,2026-11-03,Mardi,19:00,19:45,Le 33 Foch,CARDIO-BOXING,MAX,0,0,False,inconnu,2026-10-08 20:00
2026-11-03|19:00|le 33 foch|micro lagree,2026-11-03,Mardi,19:00,19:50,Le 33 Foch,MICRO LAGREE,REBECCA G.,0,0,False,inconnu,2026-10-08 20:00
2026-11-03|19:00|le 33 foch|pilates reformer,2026-11-03,Mardi,19:00,19:50,Le 33 Foch,PILATES REFORMER,ENZO,0,0,False,inconnu,2026-10-08 20:00
2026-11-03|19:15|le 33 foch|bootcamp & cycle (wod),2026-11-03,Mardi,19:15,20:00,Le 33 Foch,BOOTCAMP & CYCLE (WOD),HISANY,0,0,False,inconnu,2026-10-08 20:00
2026-11-03|20:00|le 33 foch|cardio-boxing,2026-11-03,Mardi,20:00,20:45,Le 33 Foch,CARDIO-BOXING,MAX,0,0,False,inconnu,2026-10-08 20:00
2026-11-03|20:00|le 33 foch|pilates reformer,2026-11-03,Mardi,20:00,20:50,Le 33 Foch,PILATES REFORMER,ENZO,0,0,False,inconnu,2026-10-08 20:00
2026-11-03|20:15|le 33 foch|renforcement musculaire - functional strength & mobility,2026-11-03,Mardi,20:15,21:00,Le 33 Foch,RENFORCEMENT MUSCULAIRE - FUNCTIONAL STRENGTH & MOBILITY,HISANY,0,0,False,inconnu,2026-10-08 20:00
2026-11-04|08:00|le 33 foch|pilates reformer (niveau 2),2026-11-04,Mercredi,08:00,08:50,Le 33 Foch,PILATES REFORMER (Niveau 2),LISA,0,0,False,inconnu,2026-10-08 20:00
2026-11-04|09:00|le 33 foch|pilates reformer (niveau 2),2026-11-04,Mercredi,09:00,09:50,Le 33 Foch,PILATES REFORMER (Niveau 2),LISA,0,0,False,inconnu,2026-10-08 20:00
2026-11-04|09:00|le 33 foch|trx & cycle,2026-11-04,Mercredi,09:00,09:45,Le 33 Foch,TRX & CYCLE,JEREMI,0,0,False,inconnu,2026-10-08 20:00
2026-11-04|10:00|le 33 foch|pilates reformer (niveau 2),2026-11-04,Mercredi,10:00,10:50,Le 33 Foch,PILATES REFORMER (Niveau 2),LISA,0,0,False,inconnu,2026-10-08 20:00
2026-11-04|11:00|le 33 foch|micro lagree,2026-11-04,Mercredi,11:00,11:50,Le 33 Foch,MICRO LAGREE,JULIA,0,0,False,inconnu,2026-10-08 20:00
2026-11-04|11:00|le 33 foch|pilates mat,2026-11-04,Mercredi,11:00,11:50,Le 33 Foch,PILATES MAT,CAROLINE,0,0,False,inconnu,2026-10-08 20:00
2026-11-04|12:00|le 33 foch|micro lagree,2026-11-04,Mercredi,12:00,12:50,Le 33 Foch,MICRO LAGREE,JULIA,0,0,False,inconnu,2026-10-08 20:00
2026-11-04|12:00|le 33 foch|pilates reformer,2026-11-04,Mercredi,12:00,12:50,Le 33 Foch,PILATES REFORMER,REBECCA G.,0,0,False,inconnu,2026-10-08 20:00
2026-11-04|12:30|le 33 foch|bootcamp & cycle (wod),2026-11-04,Mercredi,12:30,13:15,Le 33 Foch,BOOTCAMP & CYCLE (WOD),MATTEO,0,0,False,inconnu,2026-10-08 20:00
2026-11-04|13:00|le 33 foch|cardio-boxing,2026-11-04,Mercredi,13:00,13:45,Le 33 Foch,CARDIO-BOXING,JEREMI,0,0,False,inconnu,2026-10-08 20:00
2026-11-04|13:00|le 33 foch|pilates reformer,2026-11-04,Mercredi,13:00,13:50,Le 33 Foch,PILATES REFORMER,REBECCA G.,0,0,False,inconnu,2026-10-08 20:00
2026-11-04|15:00|le 33 foch|pilates reformer,2026-11-04,Mercredi,15:00,15:50,Le 33 Foch,PILATES REFORMER,CANDICE,0,0,False,inconnu,2026-10-08 20:00
2026-11-04|16:00|le 33 foch|kids boxing (6 à 9 ans),2026-11-04,Mercredi,16:00,16:45,Le 33 Foch,KIDS BOXING (6 à 9 ans),MAX,0,0,False,inconnu,2026-10-08 20:00
2026-11-04|16:00|le 33 foch|pilates reformer,2026-11-04,Mercredi,16:00,16:50,Le 33 Foch,PILATES REFORMER,CANDICE,0,0,False,inconnu,2026-10-08 20:00
2026-11-04|17:00|le 33 foch|micro lagree,2026-11-04,Mercredi,17:00,17:50,Le 33 Foch,MICRO LAGREE,JULIA,0,0,False,inconnu,2026-10-08 20:00
2026-11-04|18:00|le 33 foch|bootcamp & cycle (wod),2026-11-04,Mercredi,18:00,18:45,Le 33 Foch,BOOTCAMP & CYCLE (WOD),MATTEO,0,0,False,inconnu,2026-10-08 20:00
2026-11-04|18:00|le 33 foch|cardio-boxing,2026-11-04,Mercredi,18:00,18:45,Le 33 Foch,CARDIO-BOXING,JONATHAN,0,0,False,inconnu,2026-10-08 20:00
2026-11-04|18:00|le 33 foch|micro lagree,2026-11-04,Mercredi,18:00,18:50,Le 33 Foch,MICRO LAGREE,JULIA,0,0,False,inconnu,2026-10-08 20:00
2026-11-04|18:00|le 33 foch|pilates reformer,2026-11-04,Mercredi,18:00,18:50,Le 33 Foch,PILATES REFORMER,CANDICE,0,0,False,inconnu,2026-10-08 20:00
2026-11-04|18:30|le 33 foch — 32 tilsitt|hip hop girly,2026-11-04,Mercredi,18:30,19:30,Le 33 Foch — 32 Tilsitt,HIP HOP GIRLY,LUCILE,0,0,False,disponible,2026-10-08 20:00
2026-11-04|19:00|le 33 foch|cardio-boxing,2026-11-04,Mercredi,19:00,19:45,Le 33 Foch,CARDIO-BOXING,JONATHAN,0,0,False,inconnu,2026-10-08 20:00
2026-11-04|19:00|le 33 foch|micro lagree,2026-11-04,Mercredi,19:00,19:50,Le 33 Foch,MICRO LAGREE,EVA,0,0,False,inconnu,2026-10-08 20:00
2026-11-04|19:00|le 33 foch|pilates reformer,2026-11-04,Mercredi,19:00,19:50,Le 33 Foch,PILATES REFORMER,CANDICE,0,0,False,inconnu,2026-10-08 20:00
2026-11-04|19:00|le 33 foch|trx,2026-11-04,Mercredi,19:00,19:45,Le 33 Foch,TRX,MATTEO,0,0,False,inconnu,2026-10-08 20:00
2026-11-04|19:30|le 33 foch — 32 tilsitt|heels girly,2026-11-04,Mercredi,19:30,20:30,Le 33 Foch — 32 Tilsitt,HEELS GIRLY,NAIADE,0,0,False,disponible,2026-10-08 20:00
2026-11-04|20:00|le 33 foch|cardio-boxing,2026-11-04,Mercredi,20:00,20:45,Le 33 Foch,CARDIO-BOXING,JONATHAN,0,0,False,inconnu,2026-10-08 20:00
2026-11-04|20:00|le 33 foch|cuisses abdos fessiers,2026-11-04,Mercredi,20:00,20:45,Le 33 Foch,CUISSES ABDOS FESSIERS,MATTEO,0,0,False,inconnu,2026-10-08 20:00
2026-11-04|20:00|le 33 foch|micro lagree,2026-11-04,Mercredi,20:00,20:50,Le 33 Foch,MICRO LAGREE,EVA,0,0,False,inconnu,2026-10-08 20:00
2026-11-04|20:00|le 33 foch|pilates reformer,2026-11-04,Mercredi,20:00,20:50,Le 33 Foch,PILATES REFORMER,CANDICE,0,0,False,inconnu,2026-10-08 20:00
2026-11-04|20:30|le 33 foch — 32 tilsitt|hip hop girly,2026-11-04,Mercredi,20:30,21:30,Le 33 Foch — 32 Tilsitt,HIP HOP GIRLY,MAELLA,0,0,False,disponible,2026-10-08 20:00
