date,jour,heure,fin,lieu,cours,coach,capacite,presents,finie,releve
2026-08-02,Dimanche,09:00,09:50,BOSQUET REFORMER STUDIO,REFORMER PILATES,Sandra ANTUNES,11,3,True,2026-08-05 22:53
2026-08-02,Dimanche,09:00,09:50,BOULOGNE REFORMER STUDIO,REFORMER PILATES,Justine  LE CORRE @justine.fitandflowreformer,12,0,True,2026-08-05 22:53
2026-08-02,Dimanche,09:00,09:50,MAUBEUGE REFORMER STUDIO,REFORMER PILATES,Polly PRIANIKOVA,11,5,True,2026-08-05 22:53
2026-08-02,Dimanche,09:00,09:50,PASSY NEWFORMER - INTENSE PILATES,NEWFORMER - INTENSE PILATES,Bonita @bonitawellness_,9,4,True,2026-08-05 22:53
2026-08-02,Dimanche,09:00,09:50,SURESNES REFORMER STUDIO,REFORMER PILATES,Dorina YICHU ,10,0,True,2026-08-05 22:53
2026-08-02,Dimanche,09:00,09:50,VAVIN REFORMER STUDIO,REFORMER PILATES,Jacky TEWES ,12,0,True,2026-08-05 22:53
2026-08-02,Dimanche,09:00,09:50,WAGRAM REFORMER STUDIO,REFORMER PILATES,Nick ELISHA Intense / Advanced,11,3,True,2026-08-05 22:53
2026-08-02,Dimanche,10:00,10:50,BATIGNOLLES REFORMER STUDIO,REFORMER PILATES,Inass @pilatesbyinass,12,9,True,2026-08-05 22:53
2026-08-02,Dimanche,10:00,10:50,BOSQUET REFORMER STUDIO,REFORMER PILATES,Sandra ANTUNES,11,2,True,2026-08-05 22:53
2026-08-02,Dimanche,10:00,10:50,BOULOGNE REFORMER STUDIO,REFORMER PILATES,Justine  LE CORRE @justine.fitandflowreformer,12,0,True,2026-08-05 22:53
2026-08-02,Dimanche,10:00,10:50,INVALIDES REFORMER STUDIO,REFORMER PILATES,Lola MOLLIER CARROZ,10,0,True,2026-08-05 22:53
2026-08-02,Dimanche,10:00,10:50,MADELEINE REFORMER STUDIO,REFORMER PILATES,Shana  MAMOU,12,0,True,2026-08-05 22:53
2026-08-02,Dimanche,10:00,10:50,MARAIS REFORMER STUDIO,REFORMER PILATES,Sofia TRUKHACHEVA,10,6,True,2026-08-05 22:53
2026-08-02,Dimanche,10:00,10:50,MAUBEUGE REFORMER STUDIO,REFORMER PILATES,Polly PRIANIKOVA,11,3,True,2026-08-05 22:53
2026-08-02,Dimanche,10:00,10:50,MIROMESNIL REFORMER STUDIO,REFORMER PILATES,Natasha LODHI - Intense / Advanced,11,2,True,2026-08-05 22:53
2026-08-02,Dimanche,10:00,11:00,MOZART GYM STUDIO - MAT,YOGA VINYASA,Stéphanie CUNICO,16,0,True,2026-08-05 22:53
2026-08-02,Dimanche,10:00,11:00,NEUILLY GYM STUDIO - MAT,BARRE WORKOUT,Najwa TAHRI Advanced/Intense,12,0,True,2026-08-05 22:53
2026-08-02,Dimanche,10:00,10:50,NEUILLY NEWFORMER - INTENSE PILATES,NEWFORMER - INTENSE PILATES,Sarah CLEJAN,9,0,True,2026-08-05 22:53
2026-08-02,Dimanche,10:00,10:50,PASSY NEWFORMER - INTENSE PILATES,NEWFORMER - INTENSE PILATES,Bonita @bonitawellness_,9,4,True,2026-08-05 22:53
2026-08-02,Dimanche,10:00,10:50,SAINT MANDÉ REFORMER STUDIO,REFORMER PILATES,Iris BALAZS,12,10,True,2026-08-05 22:53
2026-08-02,Dimanche,10:00,10:50,SENTIER REFORMER STUDIO,REFORMER PILATES,Sonia @sonia_raconte Intermédiaire/Avancé ,14,0,True,2026-08-05 22:53
2026-08-02,Dimanche,10:00,10:50,SURESNES REFORMER STUDIO,REFORMER PILATES,Dorina YICHU ,10,5,True,2026-08-05 22:53
2026-08-02,Dimanche,10:00,10:50,VAUGIRARD RÉFORMER STUDIO,REFORMER PILATES,Polina BODEEVA,11,10,True,2026-08-05 22:53
2026-08-02,Dimanche,10:00,10:50,VAVIN REFORMER STUDIO,REFORMER PILATES,Jacky TEWES ,12,12,True,2026-08-05 22:53
2026-08-02,Dimanche,10:00,10:50,WAGRAM REFORMER STUDIO,REFORMER PILATES,Nick ELISHA Intense / Advanced,11,8,True,2026-08-05 22:53
2026-08-02,Dimanche,11:00,11:50,BATIGNOLLES REFORMER STUDIO,REFORMER PILATES,Inass @pilatesbyinass,12,11,True,2026-08-05 22:53
2026-08-02,Dimanche,11:00,11:50,BOSQUET REFORMER STUDIO,REFORMER PILATES,Sandra ANTUNES,11,5,True,2026-08-05 22:53
2026-08-02,Dimanche,11:00,11:50,BOULOGNE REFORMER STUDIO,REFORMER PILATES,Justine  LE CORRE @justine.fitandflowreformer,12,0,True,2026-08-05 22:53
2026-08-02,Dimanche,11:00,11:50,INVALIDES REFORMER STUDIO,REFORMER PILATES,Lola MOLLIER CARROZ,10,0,True,2026-08-05 22:53
2026-08-02,Dimanche,11:00,11:50,MADELEINE REFORMER STUDIO,REFORMER PILATES,Shana  MAMOU,12,0,True,2026-08-05 22:53
2026-08-02,Dimanche,11:00,11:50,MARAIS REFORMER STUDIO,REFORMER PILATES,Sofia TRUKHACHEVA,10,6,True,2026-08-05 22:53
2026-08-02,Dimanche,11:00,11:50,MAUBEUGE REFORMER STUDIO,REFORMER PILATES,Polly PRIANIKOVA,11,7,True,2026-08-05 22:53
2026-08-02,Dimanche,11:00,11:50,MIROMESNIL REFORMER STUDIO,REFORMER PILATES,Natasha LODHI - Intense / Advanced,11,2,True,2026-08-05 22:53
2026-08-02,Dimanche,11:00,12:00,MOZART GYM STUDIO - MAT,BARRE WORKOUT,Laurie VIVIANI,17,0,True,2026-08-05 22:53
2026-08-02,Dimanche,11:00,12:00,NEUILLY GYM STUDIO - MAT,BARRE PILATES,Najwa TAHRI Advanced/Intense,12,0,True,2026-08-05 22:53
2026-08-02,Dimanche,11:00,11:50,NEUILLY NEWFORMER - INTENSE PILATES,NEWFORMER - INTENSE PILATES,Sarah CLEJAN,9,0,True,2026-08-05 22:53
2026-08-02,Dimanche,11:00,11:50,PASSY NEWFORMER - INTENSE PILATES,NEWFORMER - INTENSE PILATES,Bonita @bonitawellness_,9,8,True,2026-08-05 22:53
2026-08-02,Dimanche,11:00,11:50,SAINT MANDÉ REFORMER STUDIO,REFORMER PILATES,Iris BALAZS,12,7,True,2026-08-05 22:53
2026-08-02,Dimanche,11:00,11:50,SENTIER REFORMER STUDIO,REFORMER PILATES,Sonia @sonia_raconte Intermédiaire/Avancé ,14,0,True,2026-08-05 22:53
2026-08-02,Dimanche,11:00,11:50,SURESNES REFORMER STUDIO,REFORMER PILATES,Dorina YICHU ,10,9,True,2026-08-05 22:53
2026-08-02,Dimanche,11:00,11:50,VAUGIRARD RÉFORMER STUDIO,REFORMER PILATES,Polina BODEEVA,11,11,True,2026-08-05 22:53
2026-08-02,Dimanche,11:00,11:50,VAVIN REFORMER STUDIO,REFORMER PILATES,Jacky TEWES ,12,8,True,2026-08-05 22:53
2026-08-02,Dimanche,11:00,11:50,WAGRAM REFORMER STUDIO,REFORMER PILATES,Nick ELISHA Intense / Advanced,11,10,True,2026-08-05 22:53
2026-08-02,Dimanche,12:00,12:50,BATIGNOLLES REFORMER STUDIO,REFORMER PILATES,Inass @pilatesbyinass,12,11,True,2026-08-05 22:53
2026-08-02,Dimanche,12:00,12:50,BOSQUET REFORMER STUDIO,REFORMER PILATES,Sandra ANTUNES,11,5,True,2026-08-05 22:53
2026-08-02,Dimanche,12:00,12:50,BOULOGNE REFORMER STUDIO,REFORMER PILATES,Justine  LE CORRE @justine.fitandflowreformer,12,0,True,2026-08-05 22:53
2026-08-02,Dimanche,12:00,12:50,INVALIDES REFORMER STUDIO,REFORMER PILATES,Lola MOLLIER CARROZ,10,0,True,2026-08-05 22:53
2026-08-02,Dimanche,12:00,12:50,MADELEINE REFORMER STUDIO,REFORMER PILATES,Shana  MAMOU,12,0,True,2026-08-05 22:53
2026-08-02,Dimanche,12:00,12:50,MARAIS REFORMER STUDIO,REFORMER PILATES,Sofia TRUKHACHEVA,10,8,True,2026-08-05 22:53
2026-08-02,Dimanche,12:00,12:50,MAUBEUGE REFORMER STUDIO,REFORMER PILATES,Polly PRIANIKOVA,11,0,True,2026-08-05 22:53
2026-08-02,Dimanche,12:00,12:50,MIROMESNIL REFORMER STUDIO,REFORMER PILATES,Natasha LODHI - Intense / Advanced,11,6,True,2026-08-05 22:53
2026-08-02,Dimanche,12:00,13:00,MOZART GYM STUDIO - MAT,FULL BODY WORKOUT,Laurie VIVIANI,17,0,True,2026-08-05 22:53
2026-08-02,Dimanche,12:00,13:00,NEUILLY GYM STUDIO - MAT,Cuisses Abdos Fessiers - CAF,Joe BERCKMANS @go_for_it_joe,14,0,True,2026-08-05 22:53
2026-08-02,Dimanche,12:00,12:50,NEUILLY NEWFORMER - INTENSE PILATES,NEWFORMER - INTENSE PILATES,Sarah Bellagamba,9,0,True,2026-08-05 22:53
2026-08-02,Dimanche,12:00,12:50,PASSY NEWFORMER - INTENSE PILATES,NEWFORMER - INTENSE PILATES,Bonita @bonitawellness_,9,9,True,2026-08-05 22:53
2026-08-02,Dimanche,12:00,12:50,SAINT MANDÉ REFORMER STUDIO,REFORMER PILATES,Iris BALAZS,12,5,True,2026-08-05 22:53
2026-08-02,Dimanche,12:00,12:50,SENTIER REFORMER STUDIO,REFORMER PILATES,Sonia @sonia_raconte Intermédiaire/Avancé ,14,0,True,2026-08-05 22:53
2026-08-02,Dimanche,12:00,12:50,SURESNES REFORMER STUDIO,REFORMER PILATES,Dorina YICHU ,10,7,True,2026-08-05 22:53
2026-08-02,Dimanche,12:00,12:50,VAUGIRARD RÉFORMER STUDIO,REFORMER PILATES,Polina BODEEVA,11,6,True,2026-08-05 22:53
2026-08-02,Dimanche,12:00,12:50,VAVIN REFORMER STUDIO,REFORMER PILATES,Jacky TEWES ,12,9,True,2026-08-05 22:53
2026-08-02,Dimanche,12:00,12:50,WAGRAM REFORMER STUDIO,REFORMER PILATES,Nick ELISHA Intense / Advanced,11,0,True,2026-08-05 22:53
2026-08-02,Dimanche,13:00,13:50,BATIGNOLLES REFORMER STUDIO,REFORMER PILATES,Inass @pilatesbyinass,12,0,True,2026-08-05 22:53
2026-08-02,Dimanche,13:00,13:50,INVALIDES REFORMER STUDIO,REFORMER PILATES,Lola MOLLIER CARROZ,10,0,True,2026-08-05 22:53
2026-08-02,Dimanche,13:00,13:50,MARAIS REFORMER STUDIO,REFORMER PILATES,Sofia TRUKHACHEVA,10,2,True,2026-08-05 22:53
2026-08-02,Dimanche,13:00,13:50,MIROMESNIL REFORMER STUDIO,REFORMER PILATES,Natasha LODHI - Intense / Advanced,11,0,True,2026-08-05 22:53
2026-08-02,Dimanche,13:00,14:00,MOZART GYM STUDIO - MAT,DYNAMIC PILATES,Laurie VIVIANI,20,0,True,2026-08-05 22:53
2026-08-02,Dimanche,13:00,14:00,NEUILLY GYM STUDIO - MAT,BODY SCULPT,Joe BERCKMANS @go_for_it_joe,14,0,True,2026-08-05 22:53
2026-08-02,Dimanche,13:00,13:50,NEUILLY NEWFORMER - INTENSE PILATES,NEWFORMER - INTENSE PILATES,Sarah Bellagamba,9,0,True,2026-08-05 22:53
2026-08-02,Dimanche,13:00,13:50,PASSY NEWFORMER - INTENSE PILATES,NEWFORMER - INTENSE PILATES,Bonita @bonitawellness_,9,4,True,2026-08-05 22:53
2026-08-02,Dimanche,13:00,13:50,VAUGIRARD RÉFORMER STUDIO,REFORMER PILATES,Polina BODEEVA,11,7,True,2026-08-05 22:53
2026-08-02,Dimanche,13:00,13:50,VAVIN REFORMER STUDIO,REFORMER PILATES,Jacky TEWES ,12,0,True,2026-08-05 22:53
2026-08-02,Dimanche,13:00,13:50,WAGRAM REFORMER STUDIO,REFORMER PILATES,Nick ELISHA Intense / Advanced,11,0,True,2026-08-05 22:53
2026-08-02,Dimanche,16:00,16:50,BATIGNOLLES REFORMER STUDIO,REFORMER PILATES,Florence COLLIN BECUWE Advanced/Intense ,12,8,True,2026-08-05 22:53
2026-08-02,Dimanche,16:00,16:50,BOULOGNE REFORMER STUDIO,REFORMER PILATES,Justine  LE CORRE @justine.fitandflowreformer,12,0,True,2026-08-05 22:53
2026-08-02,Dimanche,16:00,16:50,NEUILLY NEWFORMER - INTENSE PILATES,NEWFORMER - INTENSE PILATES,Sarah Bellagamba,9,0,True,2026-08-05 22:53
2026-08-02,Dimanche,16:00,16:50,PASSY NEWFORMER - INTENSE PILATES,NEWFORMER - INTENSE PILATES,Sandra ANTUNES,9,0,True,2026-08-05 22:53
2026-08-02,Dimanche,16:00,16:50,SAINT MANDÉ REFORMER STUDIO,REFORMER PILATES,Luana BRENON,12,0,True,2026-08-05 22:53
2026-08-02,Dimanche,16:00,16:50,SURESNES REFORMER STUDIO,REFORMER PILATES,Eileen MURRAY - English class ,10,2,True,2026-08-05 22:53
2026-08-02,Dimanche,16:00,16:50,VAUGIRARD RÉFORMER STUDIO,REFORMER PILATES,Naser SAENDI @coachfitnas,11,4,True,2026-08-05 22:53
2026-08-02,Dimanche,16:00,16:50,VAVIN REFORMER STUDIO,REFORMER PILATES,Jacky TEWES ,12,10,True,2026-08-05 22:53
2026-08-02,Dimanche,16:00,16:50,WAGRAM REFORMER STUDIO,REFORMER PILATES,Nick ELISHA Intense / Advanced,11,0,True,2026-08-05 22:53
2026-08-02,Dimanche,16:45,17:45,NEUILLY GYM STUDIO - MAT,BARRE WORKOUT,Valentine @balletdodu ,12,0,True,2026-08-05 22:53
2026-08-02,Dimanche,17:00,17:50,BATIGNOLLES REFORMER STUDIO,REFORMER PILATES,Florence COLLIN BECUWE Advanced/Intense ,12,10,True,2026-08-05 22:53
2026-08-02,Dimanche,17:00,17:50,BOULOGNE REFORMER STUDIO,REFORMER PILATES,Justine  LE CORRE @justine.fitandflowreformer,12,0,True,2026-08-05 22:53
2026-08-02,Dimanche,17:00,17:50,MARAIS REFORMER STUDIO,REFORMER PILATES,Polly PRIANIKOVA,10,7,True,2026-08-05 22:53
2026-08-02,Dimanche,17:00,18:00,MOZART GYM STUDIO - MAT,DYNAMIC PILATES,Franziska SCHERNER,16,0,True,2026-08-05 22:53
2026-08-02,Dimanche,17:00,17:50,NEUILLY NEWFORMER - INTENSE PILATES,NEWFORMER - INTENSE PILATES,Sarah Bellagamba,9,0,True,2026-08-05 22:53
2026-08-02,Dimanche,17:00,17:50,PASSY NEWFORMER - INTENSE PILATES,NEWFORMER - INTENSE PILATES,Sandra ANTUNES,9,7,True,2026-08-05 22:53
2026-08-02,Dimanche,17:00,17:50,SAINT MANDÉ REFORMER STUDIO,REFORMER PILATES,Luana BRENON,12,0,True,2026-08-05 22:53
2026-08-02,Dimanche,17:00,17:50,SURESNES REFORMER STUDIO,REFORMER PILATES,Eileen MURRAY - English class ,10,2,True,2026-08-05 22:53
2026-08-02,Dimanche,17:00,17:50,VAUGIRARD RÉFORMER STUDIO,REFORMER PILATES,Naser SAENDI @coachfitnas,11,3,True,2026-08-05 22:53
2026-08-02,Dimanche,17:00,17:50,VAVIN REFORMER STUDIO,REFORMER PILATES,Jacky TEWES ,12,6,True,2026-08-05 22:53
2026-08-02,Dimanche,17:00,17:50,WAGRAM REFORMER STUDIO,REFORMER PILATES,Nick ELISHA Intense / Advanced,11,6,True,2026-08-05 22:53
2026-08-02,Dimanche,17:45,18:30,NEUILLY GYM STUDIO - MAT,STRETCHING CLASS,Valentine @balletdodu ,12,0,True,2026-08-05 22:53
2026-08-02,Dimanche,18:00,18:50,BATIGNOLLES REFORMER STUDIO,REFORMER PILATES,Florence COLLIN BECUWE Advanced/Intense ,12,11,True,2026-08-05 22:53
2026-08-02,Dimanche,18:00,18:50,BOSQUET REFORMER STUDIO,REFORMER PILATES,Valérie @valeriefitcoaching / Advanced,11,9,True,2026-08-05 22:53
2026-08-02,Dimanche,18:00,18:50,BOULOGNE REFORMER STUDIO,REFORMER PILATES,Justine  LE CORRE @justine.fitandflowreformer,12,0,True,2026-08-05 22:53
2026-08-02,Dimanche,18:00,18:50,MAUBEUGE REFORMER STUDIO,REFORMER PILATES,Léane AMRAM,11,6,True,2026-08-05 22:53
2026-08-02,Dimanche,18:00,19:00,MOZART GYM STUDIO - MAT,YOGA VINYASA,Franziska SCHERNER,16,0,True,2026-08-05 22:53
2026-08-02,Dimanche,18:00,18:50,NEUILLY NEWFORMER - INTENSE PILATES,NEWFORMER - INTENSE PILATES,Sarah Bellagamba,9,0,True,2026-08-05 22:53
2026-08-02,Dimanche,18:00,18:50,PASSY NEWFORMER - INTENSE PILATES,NEWFORMER - INTENSE PILATES,Sandra ANTUNES,9,6,True,2026-08-05 22:53
2026-08-02,Dimanche,18:00,18:50,SAINT MANDÉ REFORMER STUDIO,REFORMER PILATES,Marie AL @sweatinthecityy,12,0,True,2026-08-05 22:53
2026-08-02,Dimanche,18:00,18:50,SURESNES REFORMER STUDIO,REFORMER PILATES,Eileen MURRAY - English class ,10,4,True,2026-08-05 22:53
2026-08-02,Dimanche,18:00,18:50,VAUGIRARD RÉFORMER STUDIO,REFORMER PILATES,Naser SAENDI @coachfitnas,11,6,True,2026-08-05 22:53
2026-08-02,Dimanche,18:00,18:50,VAVIN REFORMER STUDIO,REFORMER PILATES,Jacky TEWES ,12,4,True,2026-08-05 22:53
2026-08-02,Dimanche,18:00,18:50,WAGRAM REFORMER STUDIO,REFORMER PILATES,Nick ELISHA Intense / Advanced,11,6,True,2026-08-05 22:53
2026-08-02,Dimanche,18:30,19:20,NEUILLY GYM STUDIO - MAT,Cuisses Abdos Fessiers - CAF,Margot BOUDER,12,0,True,2026-08-05 22:53
2026-08-02,Dimanche,19:00,19:50,BATIGNOLLES REFORMER STUDIO,REFORMER PILATES,Florence COLLIN BECUWE Advanced/Intense ,12,8,True,2026-08-05 22:53
2026-08-02,Dimanche,19:00,19:50,BOSQUET REFORMER STUDIO,REFORMER PILATES,Valérie @valeriefitcoaching / Advanced,11,0,True,2026-08-05 22:53
2026-08-02,Dimanche,19:00,19:50,MAUBEUGE REFORMER STUDIO,REFORMER PILATES,Léane AMRAM,11,4,True,2026-08-05 22:53
2026-08-02,Dimanche,19:00,20:00,MOZART GYM STUDIO - MAT,INTENSE CORE,Franziska SCHERNER,16,0,True,2026-08-05 22:53
2026-08-02,Dimanche,19:00,19:50,NEUILLY NEWFORMER - INTENSE PILATES,NEWFORMER - INTENSE PILATES,Sarah Bellagamba,9,0,True,2026-08-05 22:53
2026-08-02,Dimanche,19:00,19:50,PASSY NEWFORMER - INTENSE PILATES,NEWFORMER - INTENSE PILATES,Sandra ANTUNES,9,0,True,2026-08-05 22:53
2026-08-02,Dimanche,19:00,19:50,SAINT MANDÉ REFORMER STUDIO,REFORMER PILATES,Marie AL @sweatinthecityy,12,0,True,2026-08-05 22:53
2026-08-03,Lundi,08:00,08:50,BATIGNOLLES REFORMER STUDIO,REFORMER PILATES,Camille AUZANNEAU,12,1,True,2026-08-06 15:27
2026-08-03,Lundi,08:00,08:50,BOSQUET REFORMER STUDIO,REFORMER PILATES,Florence COLLIN BECUWE Advanced/Intense ,11,1,True,2026-08-06 15:27
2026-08-03,Lundi,08:00,08:50,MARAIS REFORMER STUDIO,REFORMER PILATES,Polly PRIANIKOVA,10,0,True,2026-08-06 15:27
2026-08-03,Lundi,08:00,08:50,MAUBEUGE REFORMER STUDIO,REFORMER PILATES,Julia TAPIRO,11,1,True,2026-08-06 15:27
2026-08-03,Lundi,08:00,08:50,MIROMESNIL REFORMER STUDIO,REFORMER PILATES,Sacha DOURIANT,11,0,True,2026-08-06 15:27
2026-08-03,Lundi,08:00,08:50,NEUILLY NEWFORMER - INTENSE PILATES,NEWFORMER - INTENSE PILATES,Shana  MAMOU,9,0,True,2026-08-06 15:27
2026-08-03,Lundi,08:00,08:50,PASSY NEWFORMER - INTENSE PILATES,NEWFORMER - INTENSE PILATES,Capucine GADRET,9,3,True,2026-08-06 15:27
2026-08-03,Lundi,08:00,08:50,SAINT MANDÉ REFORMER STUDIO,REFORMER PILATES,Golda BENCHETRIT,12,4,True,2026-08-06 15:27
2026-08-03,Lundi,08:00,08:50,VAUGIRARD RÉFORMER STUDIO,REFORMER PILATES,Sonia @sonia_raconte Intermédiaire/Avancé ,11,4,True,2026-08-06 15:27
2026-08-03,Lundi,08:00,08:50,VAVIN REFORMER STUDIO,REFORMER PILATES,Angelina TAVARES,12,2,True,2026-08-06 15:27
2026-08-03,Lundi,08:00,08:50,WAGRAM REFORMER STUDIO,REFORMER PILATES,Jacky TEWES ,11,0,True,2026-08-06 15:27
2026-08-03,Lundi,08:30,09:30,MOZART GYM STUDIO - MAT,DYNAMIC PILATES,Marie-Claire AZAR @mc.ismyname Intense / Advanced,16,0,True,2026-08-06 15:27
2026-08-03,Lundi,09:00,09:50,BATIGNOLLES REFORMER STUDIO,REFORMER PILATES,Camille AUZANNEAU,12,0,True,2026-08-06 15:27
2026-08-03,Lundi,09:00,09:50,BOSQUET REFORMER STUDIO,REFORMER PILATES,Florence COLLIN BECUWE Advanced/Intense ,11,0,True,2026-08-06 15:27
2026-08-03,Lundi,09:00,09:50,BOULOGNE REFORMER STUDIO,REFORMER PILATES,Shana  MAMOU,12,0,True,2026-08-06 15:27
2026-08-03,Lundi,09:00,09:50,INVALIDES REFORMER STUDIO,REFORMER PILATES,Soudi ZARGHAM,10,0,True,2026-08-06 15:27
2026-08-03,Lundi,09:00,09:50,MADELEINE REFORMER STUDIO,REFORMER PILATES,Floriane ANDRIEUX,12,0,True,2026-08-06 15:27
2026-08-03,Lundi,09:00,09:50,MARAIS REFORMER STUDIO,REFORMER PILATES,Polly PRIANIKOVA,10,0,True,2026-08-06 15:27
2026-08-03,Lundi,09:00,09:50,MAUBEUGE REFORMER STUDIO,REFORMER PILATES,Julia TAPIRO,11,1,True,2026-08-06 15:27
2026-08-03,Lundi,09:00,09:50,MIROMESNIL REFORMER STUDIO,REFORMER PILATES,Sacha DOURIANT,11,1,True,2026-08-06 15:27
2026-08-03,Lundi,09:00,10:00,NEUILLY GYM STUDIO - MAT,YOGA VINYASA,Léa SAADA @desayoga,12,0,True,2026-08-06 15:27
2026-08-03,Lundi,09:00,09:50,NEUILLY NEWFORMER - INTENSE PILATES,NEWFORMER - INTENSE PILATES,Shana  MAMOU,9,0,True,2026-08-06 15:27
2026-08-03,Lundi,09:00,09:50,PASSY NEWFORMER - INTENSE PILATES,NEWFORMER - INTENSE PILATES,Capucine GADRET,9,2,True,2026-08-06 15:27
2026-08-03,Lundi,09:00,09:50,SAINT MANDÉ REFORMER STUDIO,REFORMER PILATES,Golda BENCHETRIT,12,0,True,2026-08-06 15:27
2026-08-03,Lundi,09:00,09:50,SURESNES REFORMER STUDIO,REFORMER PILATES,Lucie DUMONT,10,0,True,2026-08-06 15:27
2026-08-03,Lundi,09:00,09:50,VAUGIRARD RÉFORMER STUDIO,REFORMER PILATES,Sonia @sonia_raconte Intermédiaire/Avancé ,11,4,True,2026-08-06 15:27
2026-08-03,Lundi,09:00,09:50,VAVIN REFORMER STUDIO,REFORMER PILATES,Angelina TAVARES,12,0,True,2026-08-06 15:27
2026-08-03,Lundi,09:00,09:50,WAGRAM REFORMER STUDIO,REFORMER PILATES,Jacky TEWES ,11,3,True,2026-08-06 15:27
2026-08-03,Lundi,09:30,10:30,MOZART GYM STUDIO - MAT,FULL BODY WORKOUT,William  GALIN,18,0,True,2026-08-06 15:27
2026-08-03,Lundi,10:00,10:50,BATIGNOLLES REFORMER STUDIO,REFORMER PILATES,Camille AUZANNEAU,12,4,True,2026-08-06 15:27
2026-08-03,Lundi,10:00,10:50,BOSQUET REFORMER STUDIO,REFORMER PILATES,Florence COLLIN BECUWE Advanced/Intense ,11,2,True,2026-08-06 15:27
2026-08-03,Lundi,10:00,10:50,BOULOGNE REFORMER STUDIO,REFORMER PILATES,Aude SCHLACTHER,12,0,True,2026-08-06 15:27
2026-08-03,Lundi,10:00,10:50,INVALIDES REFORMER STUDIO,REFORMER PILATES,Soudi ZARGHAM,10,0,True,2026-08-06 15:27
2026-08-03,Lundi,10:00,10:50,MADELEINE REFORMER STUDIO,REFORMER PILATES,Floriane ANDRIEUX,12,0,True,2026-08-06 15:27
2026-08-03,Lundi,10:00,10:50,MARAIS REFORMER STUDIO,REFORMER PILATES,Polly PRIANIKOVA,10,6,True,2026-08-06 15:27
2026-08-03,Lundi,10:00,10:50,MAUBEUGE REFORMER STUDIO,REFORMER PILATES,Julia TAPIRO,11,4,True,2026-08-06 15:27
2026-08-03,Lundi,10:00,10:50,MIROMESNIL REFORMER STUDIO,REFORMER PILATES,Sacha DOURIANT,11,0,True,2026-08-06 15:27
2026-08-03,Lundi,10:00,11:00,NEUILLY GYM STUDIO - MAT,BARRE PILATES,Maxime BROSSARD,12,0,True,2026-08-06 15:27
2026-08-03,Lundi,10:00,10:50,NEUILLY NEWFORMER - INTENSE PILATES,NEWFORMER - INTENSE PILATES,Shana  MAMOU,9,0,True,2026-08-06 15:27
2026-08-03,Lundi,10:00,10:50,PASSY NEWFORMER - INTENSE PILATES,NEWFORMER - INTENSE PILATES,Capucine GADRET,9,5,True,2026-08-06 15:27
2026-08-03,Lundi,10:00,10:50,SAINT MANDÉ REFORMER STUDIO,REFORMER PILATES,Golda BENCHETRIT,12,8,True,2026-08-06 15:27
2026-08-03,Lundi,10:00,10:50,SURESNES REFORMER STUDIO,REFORMER PILATES,Lucie DUMONT,10,0,True,2026-08-06 15:27
2026-08-03,Lundi,10:00,10:50,VAVIN REFORMER STUDIO,REFORMER PILATES,Angelina TAVARES,12,4,True,2026-08-06 15:27
2026-08-03,Lundi,10:00,10:50,WAGRAM REFORMER STUDIO,REFORMER PILATES,Jacky TEWES ,11,1,True,2026-08-06 15:27
2026-08-03,Lundi,10:30,11:30,MOZART GYM STUDIO - MAT,BARRE WORKOUT,Valérie @valeriefitcoaching / Advanced,16,0,True,2026-08-06 15:27
2026-08-03,Lundi,11:00,11:50,BATIGNOLLES REFORMER STUDIO,REFORMER PILATES,Camille AUZANNEAU,12,6,True,2026-08-06 15:27
2026-08-03,Lundi,11:00,11:50,BOULOGNE REFORMER STUDIO,REFORMER PILATES,Aude SCHLACTHER,12,0,True,2026-08-06 15:27
2026-08-03,Lundi,11:00,11:50,MIROMESNIL REFORMER STUDIO,REFORMER PILATES,Geraldine SELIGMANN,11,0,True,2026-08-06 15:27
2026-08-03,Lundi,11:00,12:00,NEUILLY GYM STUDIO - MAT,BARRE WORKOUT,Cynthia MONTANO,12,0,True,2026-08-06 15:27
2026-08-03,Lundi,11:00,11:50,NEUILLY NEWFORMER - INTENSE PILATES,NEWFORMER - INTENSE PILATES,Nicolas MARTINS Intense / Advanced,9,0,True,2026-08-06 15:27
2026-08-03,Lundi,11:00,11:50,PASSY NEWFORMER - INTENSE PILATES,NEWFORMER - INTENSE PILATES,Carla @training_by_carla,9,8,True,2026-08-06 15:27
2026-08-03,Lundi,11:00,11:50,SAINT MANDÉ REFORMER STUDIO,REFORMER PILATES,Nick ELISHA Intense / Advanced,12,0,True,2026-08-06 15:27
2026-08-03,Lundi,11:00,11:50,SURESNES REFORMER STUDIO,REFORMER PILATES,Lucie DUMONT,10,0,True,2026-08-06 15:27
2026-08-03,Lundi,11:00,11:50,VAUGIRARD RÉFORMER STUDIO,REFORMER PILATES,Naser SAENDI @coachfitnas,11,0,True,2026-08-06 15:27
2026-08-03,Lundi,11:00,11:50,WAGRAM REFORMER STUDIO,REFORMER PILATES,Jacky TEWES ,11,3,True,2026-08-06 15:27
2026-08-03,Lundi,12:00,12:50,BATIGNOLLES REFORMER STUDIO,REFORMER PILATES,Camille AUZANNEAU,12,0,True,2026-08-06 15:27
2026-08-03,Lundi,12:00,12:50,BOSQUET REFORMER STUDIO,REFORMER PILATES,Soudi ZARGHAM,11,0,True,2026-08-06 15:27
2026-08-03,Lundi,12:00,12:50,BOULOGNE REFORMER STUDIO,REFORMER PILATES,Aude SCHLACTHER,12,0,True,2026-08-06 15:27
2026-08-03,Lundi,12:00,12:50,INVALIDES REFORMER STUDIO,REFORMER PILATES,Stephanie BROWN - English Class,10,0,True,2026-08-06 15:27
2026-08-03,Lundi,12:00,12:50,MADELEINE REFORMER STUDIO,REFORMER PILATES,Shana  MAMOU,12,0,True,2026-08-06 15:27
2026-08-03,Lundi,12:00,12:50,MARAIS REFORMER STUDIO,REFORMER PILATES,Cédric ARAMAN,10,4,True,2026-08-06 15:27
2026-08-03,Lundi,12:00,12:50,MAUBEUGE REFORMER STUDIO,REFORMER PILATES,Lisa KURZTAG - Intense/Advanced,11,7,True,2026-08-06 15:27
2026-08-03,Lundi,12:00,12:50,MIROMESNIL REFORMER STUDIO,REFORMER PILATES,Geraldine SELIGMANN,11,8,True,2026-08-06 15:27
2026-08-03,Lundi,12:00,12:50,NEUILLY NEWFORMER - INTENSE PILATES,NEWFORMER - INTENSE PILATES,Nicolas MARTINS Intense / Advanced,9,0,True,2026-08-06 15:27
2026-08-03,Lundi,12:00,12:50,PASSY NEWFORMER - INTENSE PILATES,NEWFORMER - INTENSE PILATES,Carla @training_by_carla,9,5,True,2026-08-06 15:27
2026-08-03,Lundi,12:00,12:50,SAINT MANDÉ REFORMER STUDIO,REFORMER PILATES,Nick ELISHA Intense / Advanced,12,0,True,2026-08-06 15:27
2026-08-03,Lundi,12:00,12:50,SENTIER REFORMER STUDIO,REFORMER PILATES,Sofia TRUKHACHEVA,14,0,True,2026-08-06 15:27
2026-08-03,Lundi,12:00,12:50,SURESNES REFORMER STUDIO,REFORMER PILATES,Justine  LE CORRE @justine.fitandflowreformer,10,4,True,2026-08-06 15:27
2026-08-03,Lundi,12:00,12:50,VAUGIRARD RÉFORMER STUDIO,REFORMER PILATES,Naser SAENDI @coachfitnas,11,7,True,2026-08-06 15:27
2026-08-03,Lundi,12:00,12:50,VAVIN REFORMER STUDIO,REFORMER PILATES,Sacha DOURIANT,12,6,True,2026-08-06 15:27
2026-08-03,Lundi,12:00,12:50,WAGRAM REFORMER STUDIO,REFORMER PILATES,Jacky TEWES ,11,8,True,2026-08-06 15:27
2026-08-03,Lundi,12:30,13:30,MOZART GYM STUDIO - MAT,BARRE WORKOUT,Valérie @valeriefitcoaching / Advanced,16,0,True,2026-08-06 15:27
2026-08-03,Lundi,12:45,13:30,NEUILLY GYM STUDIO - MAT,BODY SCULPT,Bibi 610,15,0,True,2026-08-06 15:27
2026-08-03,Lundi,13:00,13:50,BATIGNOLLES REFORMER STUDIO,REFORMER PILATES,Camille AUZANNEAU,12,5,True,2026-08-06 15:27
2026-08-03,Lundi,13:00,13:50,BOSQUET REFORMER STUDIO,REFORMER PILATES,Soudi ZARGHAM,11,0,True,2026-08-06 15:27
2026-08-03,Lundi,13:00,13:50,BOULOGNE REFORMER STUDIO,REFORMER PILATES,Aude SCHLACTHER,12,0,True,2026-08-06 15:27
2026-08-03,Lundi,13:00,13:50,INVALIDES REFORMER STUDIO,REFORMER PILATES,Stephanie BROWN - English Class,10,0,True,2026-08-06 15:27
2026-08-03,Lundi,13:00,13:50,MADELEINE REFORMER STUDIO,REFORMER PILATES,Shana  MAMOU,12,0,True,2026-08-06 15:27
2026-08-03,Lundi,13:00,13:50,MARAIS REFORMER STUDIO,REFORMER PILATES,Cédric ARAMAN,10,7,True,2026-08-06 15:27
2026-08-03,Lundi,13:00,13:50,MAUBEUGE REFORMER STUDIO,REFORMER PILATES,Lisa KURZTAG - Intense/Advanced,11,0,True,2026-08-06 15:27
2026-08-03,Lundi,13:00,13:50,MIROMESNIL REFORMER STUDIO,REFORMER PILATES,Geraldine SELIGMANN,11,5,True,2026-08-06 15:27
2026-08-03,Lundi,13:00,13:50,NEUILLY NEWFORMER - INTENSE PILATES,NEWFORMER - INTENSE PILATES,Nicolas MARTINS Intense / Advanced,9,0,True,2026-08-06 15:27
2026-08-03,Lundi,13:00,13:50,PASSY NEWFORMER - INTENSE PILATES,NEWFORMER - INTENSE PILATES,Carla @training_by_carla,9,0,True,2026-08-06 15:27
2026-08-03,Lundi,13:00,13:50,SENTIER REFORMER STUDIO,REFORMER PILATES,Sofia TRUKHACHEVA,14,0,True,2026-08-06 15:27
2026-08-03,Lundi,13:00,13:50,SURESNES REFORMER STUDIO,REFORMER PILATES,Justine  LE CORRE @justine.fitandflowreformer,10,3,True,2026-08-06 15:27
2026-08-03,Lundi,13:00,13:50,VAUGIRARD RÉFORMER STUDIO,REFORMER PILATES,Naser SAENDI @coachfitnas,11,3,True,2026-08-06 15:27
2026-08-03,Lundi,13:00,13:50,VAVIN REFORMER STUDIO,REFORMER PILATES,Sacha DOURIANT,12,4,True,2026-08-06 15:27
2026-08-03,Lundi,13:00,13:50,WAGRAM REFORMER STUDIO,REFORMER PILATES,Jacky TEWES ,11,5,True,2026-08-06 15:27
2026-08-03,Lundi,14:00,14:50,MADELEINE REFORMER STUDIO,REFORMER PILATES,Shana  MAMOU,12,0,True,2026-08-06 15:27
2026-08-03,Lundi,17:00,17:50,BATIGNOLLES REFORMER STUDIO,REFORMER PILATES,Shana  MAMOU,12,6,True,2026-08-06 15:27
2026-08-03,Lundi,17:00,17:50,BOSQUET REFORMER STUDIO,REFORMER PILATES,Bonita @bonitawellness_,11,0,True,2026-08-06 15:27
2026-08-03,Lundi,17:00,17:50,MADELEINE REFORMER STUDIO,REFORMER PILATES,Godefroy HISANY,12,0,True,2026-08-06 15:27
2026-08-03,Lundi,17:00,17:50,MARAIS REFORMER STUDIO,REFORMER PILATES,Aude SCHLACTHER,10,0,True,2026-08-06 15:27
2026-08-03,Lundi,17:00,17:50,MAUBEUGE REFORMER STUDIO,REFORMER PILATES,Pauline RAMON @pilatesbypops,11,0,True,2026-08-06 15:27
2026-08-03,Lundi,17:00,17:50,NEUILLY NEWFORMER - INTENSE PILATES,NEWFORMER - INTENSE PILATES,Arthur Intense/Advanced @arthur.gambardella ,9,0,True,2026-08-06 15:27
2026-08-03,Lundi,17:00,17:50,WAGRAM REFORMER STUDIO,REFORMER PILATES,Ava ACHOUCHE @ava_swa,11,8,True,2026-08-06 15:27
2026-08-03,Lundi,18:00,18:50,BATIGNOLLES REFORMER STUDIO,REFORMER PILATES,Shana  MAMOU,12,7,True,2026-08-06 15:27
2026-08-03,Lundi,18:00,18:50,BOSQUET REFORMER STUDIO,REFORMER PILATES,Bonita @bonitawellness_,11,7,True,2026-08-06 15:27
2026-08-03,Lundi,18:00,18:50,BOULOGNE REFORMER STUDIO,REFORMER PILATES,Justine  LE CORRE @justine.fitandflowreformer,12,0,True,2026-08-06 15:27
2026-08-03,Lundi,18:00,18:50,INVALIDES REFORMER STUDIO,REFORMER PILATES,Julia TAPIRO,10,0,True,2026-08-06 15:27
2026-08-03,Lundi,18:00,18:50,MADELEINE REFORMER STUDIO,REFORMER PILATES,Godefroy HISANY,12,0,True,2026-08-06 15:27
2026-08-03,Lundi,18:00,18:50,MARAIS REFORMER STUDIO,REFORMER PILATES,Aude SCHLACTHER,10,5,True,2026-08-06 15:27
2026-08-03,Lundi,18:00,18:50,MAUBEUGE REFORMER STUDIO,REFORMER PILATES,Pauline RAMON @pilatesbypops,11,8,True,2026-08-06 15:27
2026-08-03,Lundi,18:00,18:50,MIROMESNIL REFORMER STUDIO,REFORMER PILATES,Jacky TEWES ,11,9,True,2026-08-06 15:27
2026-08-03,Lundi,18:00,18:55,MOZART GYM STUDIO - MAT,MÉTHODE BOOTY & CORE,Elsa TRAINING ,17,0,True,2026-08-06 15:27
2026-08-03,Lundi,18:00,18:50,NEUILLY GYM STUDIO - MAT,DYNAMIC PILATES,Kim GAMPEL,12,0,True,2026-08-06 15:27
2026-08-03,Lundi,18:00,18:50,NEUILLY NEWFORMER - INTENSE PILATES,NEWFORMER - INTENSE PILATES,Arthur Intense/Advanced @arthur.gambardella ,9,0,True,2026-08-06 15:27
2026-08-03,Lundi,18:00,18:50,PASSY NEWFORMER - INTENSE PILATES,NEWFORMER - INTENSE PILATES,Polina BODEEVA,9,0,True,2026-08-06 15:27
2026-08-03,Lundi,18:00,18:50,SAINT MANDÉ REFORMER STUDIO,REFORMER PILATES,Stephanie BROWN - English Class,12,0,True,2026-08-06 15:27
2026-08-03,Lundi,18:00,18:50,SENTIER REFORMER STUDIO,REFORMER PILATES,Eva MENIGOZ,14,0,True,2026-08-06 15:27
2026-08-03,Lundi,18:00,18:50,SURESNES REFORMER STUDIO,REFORMER PILATES,Cynthia GALIN,10,10,True,2026-08-06 15:27
2026-08-03,Lundi,18:00,18:50,VAUGIRARD RÉFORMER STUDIO,REFORMER PILATES,Stephanie BROWN - English Class,11,5,True,2026-08-06 15:27
2026-08-03,Lundi,18:00,18:50,VAVIN REFORMER STUDIO,REFORMER PILATES,Mazarine FORD,12,8,True,2026-08-06 15:27
2026-08-03,Lundi,18:00,18:50,WAGRAM REFORMER STUDIO,REFORMER PILATES,Ava ACHOUCHE @ava_swa,11,8,True,2026-08-06 15:27
2026-08-03,Lundi,19:00,19:50,BATIGNOLLES REFORMER STUDIO,REFORMER PILATES,Shana  MAMOU,12,12,True,2026-08-06 15:27
2026-08-03,Lundi,19:00,19:50,BOSQUET REFORMER STUDIO,REFORMER PILATES,Bonita @bonitawellness_,11,8,True,2026-08-06 15:27
2026-08-03,Lundi,19:00,19:50,BOULOGNE REFORMER STUDIO,REFORMER PILATES,Justine  LE CORRE @justine.fitandflowreformer,12,0,True,2026-08-06 15:27
2026-08-03,Lundi,19:00,19:50,INVALIDES REFORMER STUDIO,REFORMER PILATES,Julia TAPIRO,10,0,True,2026-08-06 15:27
2026-08-03,Lundi,19:00,19:50,MADELEINE REFORMER STUDIO,REFORMER PILATES,Godefroy HISANY,12,0,True,2026-08-06 15:27
2026-08-03,Lundi,19:00,19:50,MARAIS REFORMER STUDIO,REFORMER PILATES,Aude SCHLACTHER,10,10,True,2026-08-06 15:27
2026-08-03,Lundi,19:00,19:50,MAUBEUGE REFORMER STUDIO,REFORMER PILATES,Pauline RAMON @pilatesbypops,11,10,True,2026-08-06 15:27
2026-08-03,Lundi,19:00,19:50,MIROMESNIL REFORMER STUDIO,REFORMER PILATES,Jacky TEWES ,11,10,True,2026-08-06 15:27
2026-08-03,Lundi,19:00,20:00,MOZART GYM STUDIO - MAT,THE NEW ME,Constance DE SCHOMPRE,22,0,True,2026-08-06 15:27
2026-08-03,Lundi,19:00,20:00,NEUILLY GYM STUDIO - MAT,BARRE WORKOUT,Kim GAMPEL,12,0,True,2026-08-06 15:27
2026-08-03,Lundi,19:00,19:50,NEUILLY NEWFORMER - INTENSE PILATES,NEWFORMER - INTENSE PILATES,Arthur Intense/Advanced @arthur.gambardella ,9,0,True,2026-08-06 15:27
2026-08-03,Lundi,19:00,19:50,PASSY NEWFORMER - INTENSE PILATES,NEWFORMER - INTENSE PILATES,Polina BODEEVA,9,9,True,2026-08-06 15:27
2026-08-03,Lundi,19:00,19:50,SAINT MANDÉ REFORMER STUDIO,REFORMER PILATES,Stephanie BROWN - English Class,12,6,True,2026-08-06 15:27
2026-08-03,Lundi,19:00,19:50,SENTIER REFORMER STUDIO,REFORMER PILATES,Eva MENIGOZ,14,0,True,2026-08-06 15:27
2026-08-03,Lundi,19:00,19:50,SURESNES REFORMER STUDIO,REFORMER PILATES,Cynthia GALIN,10,8,True,2026-08-06 15:27
2026-08-03,Lundi,19:00,19:50,VAUGIRARD RÉFORMER STUDIO,REFORMER PILATES,Stephanie BROWN - English Class,11,10,True,2026-08-06 15:27
2026-08-03,Lundi,19:00,19:50,VAVIN REFORMER STUDIO,REFORMER PILATES,Mazarine FORD,12,12,True,2026-08-06 15:27
2026-08-03,Lundi,19:00,19:50,WAGRAM REFORMER STUDIO,REFORMER PILATES,Ava ACHOUCHE @ava_swa,11,10,True,2026-08-06 15:27
2026-08-03,Lundi,20:00,20:50,BATIGNOLLES REFORMER STUDIO,REFORMER PILATES,Shana  MAMOU,12,7,True,2026-08-06 15:27
2026-08-03,Lundi,20:00,20:50,BOSQUET REFORMER STUDIO,REFORMER PILATES,Bonita @bonitawellness_,11,6,True,2026-08-06 15:27
2026-08-03,Lundi,20:00,20:50,BOULOGNE REFORMER STUDIO,REFORMER PILATES,Justine  LE CORRE @justine.fitandflowreformer,12,0,True,2026-08-06 15:27
2026-08-03,Lundi,20:00,20:50,INVALIDES REFORMER STUDIO,REFORMER PILATES,Julia TAPIRO,10,0,True,2026-08-06 15:27
2026-08-03,Lundi,20:00,20:50,MADELEINE REFORMER STUDIO,REFORMER PILATES,Godefroy HISANY,12,0,True,2026-08-06 15:27
2026-08-03,Lundi,20:00,20:50,MARAIS REFORMER STUDIO,REFORMER PILATES,Aude SCHLACTHER,10,2,True,2026-08-06 15:27
2026-08-03,Lundi,20:00,20:50,MAUBEUGE REFORMER STUDIO,REFORMER PILATES,Pauline RAMON @pilatesbypops,11,7,True,2026-08-06 15:27
2026-08-03,Lundi,20:00,20:50,MIROMESNIL REFORMER STUDIO,REFORMER PILATES,Jacky TEWES ,11,2,True,2026-08-06 15:27
2026-08-03,Lundi,20:00,21:00,MOZART GYM STUDIO - MAT,YOGA VINYASA,Stéphanie CUNICO,16,0,True,2026-08-06 15:27
2026-08-03,Lundi,20:00,20:50,NEUILLY GYM STUDIO - MAT,Cuisses Abdos Fessiers - CAF,Margot BOUDER,12,0,True,2026-08-06 15:27
2026-08-03,Lundi,20:00,20:50,NEUILLY NEWFORMER - INTENSE PILATES,NEWFORMER - INTENSE PILATES,Arthur Intense/Advanced @arthur.gambardella ,9,0,True,2026-08-06 15:27
2026-08-03,Lundi,20:00,20:50,PASSY NEWFORMER - INTENSE PILATES,NEWFORMER - INTENSE PILATES,Polina BODEEVA,9,0,True,2026-08-06 15:27
2026-08-03,Lundi,20:00,20:50,SAINT MANDÉ REFORMER STUDIO,REFORMER PILATES,Stephanie BROWN - English Class,12,0,True,2026-08-06 15:27
2026-08-03,Lundi,20:00,20:50,SENTIER REFORMER STUDIO,REFORMER PILATES,Eva MENIGOZ,14,0,True,2026-08-06 15:27
2026-08-03,Lundi,20:00,20:50,SURESNES REFORMER STUDIO,REFORMER PILATES,Cynthia GALIN,10,10,True,2026-08-06 15:27
2026-08-03,Lundi,20:00,20:50,VAUGIRARD RÉFORMER STUDIO,REFORMER PILATES,Stephanie BROWN - English Class,11,4,True,2026-08-06 15:27
2026-08-03,Lundi,20:00,20:50,VAVIN REFORMER STUDIO,REFORMER PILATES,Mazarine FORD,12,10,True,2026-08-06 15:27
2026-08-03,Lundi,20:00,20:50,WAGRAM REFORMER STUDIO,REFORMER PILATES,Ava ACHOUCHE @ava_swa,11,0,True,2026-08-06 15:27
2026-08-04,Mardi,08:00,08:50,BATIGNOLLES REFORMER STUDIO,REFORMER PILATES,Alexia VITALI,12,10,True,2026-08-07 22:26
2026-08-04,Mardi,08:00,08:50,BOSQUET REFORMER STUDIO,REFORMER PILATES,Jessika CRUZ,11,5,True,2026-08-07 22:26
2026-08-04,Mardi,08:00,08:50,MADELEINE REFORMER STUDIO,REFORMER PILATES,Shana  MAMOU,12,0,True,2026-08-07 22:26
2026-08-04,Mardi,08:00,08:50,MARAIS REFORMER STUDIO,REFORMER PILATES,Léane AMRAM,10,0,True,2026-08-07 22:26
2026-08-04,Mardi,08:00,08:50,MAUBEUGE REFORMER STUDIO,REFORMER PILATES,Cynthia GALIN,11,0,True,2026-08-07 22:26
2026-08-04,Mardi,08:00,08:50,MIROMESNIL REFORMER STUDIO,REFORMER PILATES,Soudi ZARGHAM,11,2,True,2026-08-07 22:26
2026-08-04,Mardi,08:00,08:50,MOZART GYM STUDIO - MAT,INTENSE CORE,Manon VIRMOUX,15,0,True,2026-08-07 22:26
2026-08-04,Mardi,08:00,08:50,NEUILLY NEWFORMER - INTENSE PILATES,NEWFORMER - INTENSE PILATES,Nicolas MARTINS Intense / Advanced,9,0,True,2026-08-07 22:26
2026-08-04,Mardi,08:00,08:50,PASSY NEWFORMER - INTENSE PILATES,NEWFORMER - INTENSE PILATES,Ibrahima BALDE,9,5,True,2026-08-07 22:26
2026-08-04,Mardi,08:00,08:50,SURESNES REFORMER STUDIO,REFORMER PILATES,Marianne Basbous,10,0,True,2026-08-07 22:26
2026-08-04,Mardi,08:00,08:50,VAVIN REFORMER STUDIO,REFORMER PILATES,Louise DROUAULT @louiisedrlt,12,8,True,2026-08-07 22:26
2026-08-04,Mardi,08:00,08:50,WAGRAM REFORMER STUDIO,REFORMER PILATES,Candice TOUBIANA @candice.pilates,11,3,True,2026-08-07 22:26
2026-08-04,Mardi,09:00,09:50,BATIGNOLLES REFORMER STUDIO,REFORMER PILATES,Alexia VITALI,12,4,True,2026-08-07 22:26
2026-08-04,Mardi,09:00,09:50,BOSQUET REFORMER STUDIO,REFORMER PILATES,Jessika CRUZ,11,3,True,2026-08-07 22:26
2026-08-04,Mardi,09:00,09:50,BOULOGNE REFORMER STUDIO,REFORMER PILATES,Eva MENIGOZ,12,0,True,2026-08-07 22:26
2026-08-04,Mardi,09:00,09:50,INVALIDES REFORMER STUDIO,REFORMER PILATES,Tioka TOKEDIRA,10,0,True,2026-08-07 22:26
2026-08-04,Mardi,09:00,09:50,MADELEINE REFORMER STUDIO,REFORMER PILATES,Shana  MAMOU,12,0,True,2026-08-07 22:26
2026-08-04,Mardi,09:00,09:50,MARAIS REFORMER STUDIO,REFORMER PILATES,Léane AMRAM,10,0,True,2026-08-07 22:26
2026-08-04,Mardi,09:00,09:50,MAUBEUGE REFORMER STUDIO,REFORMER PILATES,Cynthia GALIN,11,2,True,2026-08-07 22:26
2026-08-04,Mardi,09:00,09:50,MIROMESNIL REFORMER STUDIO,REFORMER PILATES,Soudi ZARGHAM,11,0,True,2026-08-07 22:26
2026-08-04,Mardi,09:00,10:00,MOZART GYM STUDIO - MAT,KALON BARRE,KALON BARRE @kalon.movement,16,0,True,2026-08-07 22:26
2026-08-04,Mardi,09:00,09:45,NEUILLY GYM STUDIO - MAT,BARRE WORKOUT,Cynthia MONTANO,12,0,True,2026-08-07 22:26
2026-08-04,Mardi,09:00,09:50,NEUILLY NEWFORMER - INTENSE PILATES,NEWFORMER - INTENSE PILATES,Nicolas MARTINS Intense / Advanced,9,0,True,2026-08-07 22:26
2026-08-04,Mardi,09:00,09:50,PASSY NEWFORMER - INTENSE PILATES,NEWFORMER - INTENSE PILATES,Ibrahima BALDE,9,2,True,2026-08-07 22:26
2026-08-04,Mardi,09:00,09:50,SAINT MANDÉ REFORMER STUDIO,REFORMER PILATES,Iris BALAZS,12,3,True,2026-08-07 22:26
2026-08-04,Mardi,09:00,09:50,SENTIER REFORMER STUDIO,REFORMER PILATES,Karla PIMEN,14,0,True,2026-08-07 22:26
2026-08-04,Mardi,09:00,09:50,SURESNES REFORMER STUDIO,REFORMER PILATES,Marianne Basbous,10,0,True,2026-08-07 22:26
2026-08-04,Mardi,09:00,09:50,VAVIN REFORMER STUDIO,REFORMER PILATES,Louise DROUAULT @louiisedrlt,12,2,True,2026-08-07 22:26
2026-08-04,Mardi,09:00,09:50,WAGRAM REFORMER STUDIO,REFORMER PILATES,Candice TOUBIANA @candice.pilates,11,3,True,2026-08-07 22:26
2026-08-04,Mardi,10:00,10:50,BATIGNOLLES REFORMER STUDIO,REFORMER PILATES,Alexia VITALI,12,6,True,2026-08-07 22:26
2026-08-04,Mardi,10:00,10:50,BOSQUET REFORMER STUDIO,REFORMER PILATES,Jessika CRUZ,11,10,True,2026-08-07 22:26
2026-08-04,Mardi,10:00,10:50,BOULOGNE REFORMER STUDIO,REFORMER PILATES,Eva MENIGOZ,12,0,True,2026-08-07 22:26
2026-08-04,Mardi,10:00,10:50,INVALIDES REFORMER STUDIO,REFORMER PILATES,Tioka TOKEDIRA,10,0,True,2026-08-07 22:26
2026-08-04,Mardi,10:00,10:50,MADELEINE REFORMER STUDIO,REFORMER PILATES,Shana  MAMOU,12,0,True,2026-08-07 22:26
2026-08-04,Mardi,10:00,10:50,MARAIS REFORMER STUDIO,REFORMER PILATES,Léane AMRAM,10,0,True,2026-08-07 22:26
2026-08-04,Mardi,10:00,10:50,MAUBEUGE REFORMER STUDIO,REFORMER PILATES,Cynthia GALIN,11,2,True,2026-08-07 22:26
2026-08-04,Mardi,10:00,11:00,MOZART GYM STUDIO - MAT,DYNAMIC PILATES,Jackie AITKEN,16,0,True,2026-08-07 22:26
2026-08-04,Mardi,10:00,11:00,NEUILLY GYM STUDIO - MAT,BARRE WORKOUT,Cynthia MONTANO,12,0,True,2026-08-07 22:26
2026-08-04,Mardi,10:00,10:50,NEUILLY NEWFORMER - INTENSE PILATES,NEWFORMER - INTENSE PILATES,Nicolas MARTINS Intense / Advanced,9,0,True,2026-08-07 22:26
2026-08-04,Mardi,10:00,10:50,PASSY NEWFORMER - INTENSE PILATES,NEWFORMER - INTENSE PILATES,Ibrahima BALDE,9,7,True,2026-08-07 22:26
2026-08-04,Mardi,10:00,10:50,SAINT MANDÉ REFORMER STUDIO,REFORMER PILATES,Iris BALAZS,12,3,True,2026-08-07 22:26
2026-08-04,Mardi,10:00,10:50,SENTIER REFORMER STUDIO,REFORMER PILATES,Karla PIMEN,14,0,True,2026-08-07 22:26
2026-08-04,Mardi,10:00,10:50,SURESNES REFORMER STUDIO,REFORMER PILATES,Marianne Basbous,10,3,True,2026-08-07 22:26
2026-08-04,Mardi,10:00,10:50,VAUGIRARD RÉFORMER STUDIO,REFORMER PILATES,Lea GUIGNEMENT,11,5,True,2026-08-07 22:26
2026-08-04,Mardi,10:00,10:50,VAVIN REFORMER STUDIO,REFORMER PILATES,Louise DROUAULT @louiisedrlt,12,5,True,2026-08-07 22:26
2026-08-04,Mardi,10:00,10:50,WAGRAM REFORMER STUDIO,REFORMER PILATES,Candice TOUBIANA @candice.pilates,11,4,True,2026-08-07 22:26
2026-08-04,Mardi,11:00,11:50,BATIGNOLLES REFORMER STUDIO,REFORMER PILATES,Philippine DESTAING,12,5,True,2026-08-07 22:26
2026-08-04,Mardi,11:00,11:50,BOSQUET REFORMER STUDIO,REFORMER PILATES,Aude SCHLACTHER,11,0,True,2026-08-07 22:26
2026-08-04,Mardi,11:00,11:50,MAUBEUGE REFORMER STUDIO,REFORMER PILATES,Pauline RAMON @pilatesbypops,11,0,True,2026-08-07 22:26
2026-08-04,Mardi,11:00,11:50,NEUILLY NEWFORMER - INTENSE PILATES,NEWFORMER - INTENSE PILATES,Nicolas MARTINS Intense / Advanced,9,0,True,2026-08-07 22:26
2026-08-04,Mardi,11:00,11:50,PASSY NEWFORMER - INTENSE PILATES,NEWFORMER - INTENSE PILATES,Carla @training_by_carla,9,0,True,2026-08-07 22:26
2026-08-04,Mardi,11:00,11:50,SURESNES REFORMER STUDIO,REFORMER PILATES,Dorina YICHU ,10,4,True,2026-08-07 22:26
2026-08-04,Mardi,11:00,11:50,VAVIN REFORMER STUDIO,REFORMER PILATES,Louise DROUAULT @louiisedrlt,12,0,True,2026-08-07 22:26
2026-08-04,Mardi,11:00,11:50,WAGRAM REFORMER STUDIO,REFORMER PILATES,Candice TOUBIANA @candice.pilates,11,0,True,2026-08-07 22:26
2026-08-04,Mardi,11:30,12:30,NEUILLY GYM STUDIO - MAT,DYNAMIC PILATES,Kim GAMPEL,12,0,True,2026-08-07 22:26
2026-08-04,Mardi,12:00,12:50,BATIGNOLLES REFORMER STUDIO,REFORMER PILATES,Philippine DESTAING,12,2,True,2026-08-07 22:26
2026-08-04,Mardi,12:00,12:50,BOSQUET REFORMER STUDIO,REFORMER PILATES,Aude SCHLACTHER,11,3,True,2026-08-07 22:26
2026-08-04,Mardi,12:00,12:50,BOULOGNE REFORMER STUDIO,REFORMER PILATES,Sacha DOURIANT,12,0,True,2026-08-07 22:26
2026-08-04,Mardi,12:00,12:50,INVALIDES REFORMER STUDIO,REFORMER PILATES,Florence COLLIN BECUWE Advanced/Intense ,10,0,True,2026-08-07 22:26
2026-08-04,Mardi,12:00,12:50,MARAIS REFORMER STUDIO,REFORMER PILATES,Roxane GHORBANNEJAD,10,3,True,2026-08-07 22:26
2026-08-04,Mardi,12:00,12:50,MAUBEUGE REFORMER STUDIO,REFORMER PILATES,Pauline RAMON @pilatesbypops,11,2,True,2026-08-07 22:26
2026-08-04,Mardi,12:00,12:50,MIROMESNIL REFORMER STUDIO,REFORMER PILATES,Léane AMRAM,11,9,True,2026-08-07 22:26
2026-08-04,Mardi,12:00,12:50,NEUILLY NEWFORMER - INTENSE PILATES,NEWFORMER - INTENSE PILATES,Nicolas MARTINS Intense / Advanced,9,0,True,2026-08-07 22:26
2026-08-04,Mardi,12:00,12:50,PASSY NEWFORMER - INTENSE PILATES,NEWFORMER - INTENSE PILATES,Carla @training_by_carla,9,6,True,2026-08-07 22:26
2026-08-04,Mardi,12:00,12:50,SAINT MANDÉ REFORMER STUDIO,REFORMER PILATES,Anaïs CHRISTIAENS,12,3,True,2026-08-07 22:26
2026-08-04,Mardi,12:00,12:50,SENTIER REFORMER STUDIO,REFORMER PILATES,Jeremy KRYSTKOWIAK,14,0,True,2026-08-07 22:26
2026-08-04,Mardi,12:00,12:50,SURESNES REFORMER STUDIO,REFORMER PILATES,Dorina YICHU ,10,9,True,2026-08-07 22:26
2026-08-04,Mardi,12:00,12:50,VAUGIRARD RÉFORMER STUDIO,REFORMER PILATES,Joy DUQUESNE,11,3,True,2026-08-07 22:26
2026-08-04,Mardi,12:00,12:50,VAVIN REFORMER STUDIO,REFORMER PILATES,Eva MENIGOZ,12,6,True,2026-08-07 22:26
2026-08-04,Mardi,12:00,12:50,WAGRAM REFORMER STUDIO,REFORMER PILATES,Zoé  @getstronglikezoe Intense / Advanced ,11,4,True,2026-08-07 22:26
2026-08-04,Mardi,12:30,13:20,MADELEINE REFORMER STUDIO,REFORMER PILATES,Shana  MAMOU,12,0,True,2026-08-07 22:26
2026-08-04,Mardi,12:30,13:30,MOZART GYM STUDIO - MAT,FULL BODY WORKOUT,Marcus FITLIFE,18,0,True,2026-08-07 22:26
2026-08-04,Mardi,12:30,13:30,NEUILLY GYM STUDIO - MAT,BARRE WORKOUT,Kim GAMPEL,12,0,True,2026-08-07 22:26
2026-08-04,Mardi,13:00,13:50,BATIGNOLLES REFORMER STUDIO,REFORMER PILATES,Philippine DESTAING,12,0,True,2026-08-07 22:26
2026-08-04,Mardi,13:00,13:50,BOSQUET REFORMER STUDIO,REFORMER PILATES,Aude SCHLACTHER,11,3,True,2026-08-07 22:26
2026-08-04,Mardi,13:00,13:50,BOULOGNE REFORMER STUDIO,REFORMER PILATES,Sacha DOURIANT,12,0,True,2026-08-07 22:26
2026-08-04,Mardi,13:00,13:50,INVALIDES REFORMER STUDIO,REFORMER PILATES,Florence COLLIN BECUWE Advanced/Intense ,10,0,True,2026-08-07 22:26
2026-08-04,Mardi,13:00,13:50,MARAIS REFORMER STUDIO,REFORMER PILATES,Roxane GHORBANNEJAD,10,1,True,2026-08-07 22:26
2026-08-04,Mardi,13:00,13:50,MAUBEUGE REFORMER STUDIO,REFORMER PILATES,Pauline RAMON @pilatesbypops,11,4,True,2026-08-07 22:26
2026-08-04,Mardi,13:00,13:50,MIROMESNIL REFORMER STUDIO,REFORMER PILATES,Léane AMRAM,11,9,True,2026-08-07 22:26
2026-08-04,Mardi,13:00,13:50,PASSY NEWFORMER - INTENSE PILATES,NEWFORMER - INTENSE PILATES,Carla @training_by_carla,9,5,True,2026-08-07 22:26
2026-08-04,Mardi,13:00,13:50,SENTIER REFORMER STUDIO,REFORMER PILATES,Jeremy KRYSTKOWIAK,14,0,True,2026-08-07 22:26
2026-08-04,Mardi,13:00,13:50,SURESNES REFORMER STUDIO,REFORMER PILATES,Dorina YICHU ,10,0,True,2026-08-07 22:26
2026-08-04,Mardi,13:00,13:50,VAUGIRARD RÉFORMER STUDIO,REFORMER PILATES,Joy DUQUESNE,11,7,True,2026-08-07 22:26
2026-08-04,Mardi,13:00,13:50,VAVIN REFORMER STUDIO,REFORMER PILATES,Eva MENIGOZ,12,9,True,2026-08-07 22:26
2026-08-04,Mardi,13:00,13:50,WAGRAM REFORMER STUDIO,REFORMER PILATES,Zoé  @getstronglikezoe Intense / Advanced ,11,1,True,2026-08-07 22:26
2026-08-04,Mardi,13:30,14:20,MADELEINE REFORMER STUDIO,REFORMER PILATES,Shana  MAMOU,12,0,True,2026-08-07 22:26
2026-08-04,Mardi,17:00,17:50,BATIGNOLLES REFORMER STUDIO,REFORMER PILATES,Florence COLLIN BECUWE Advanced/Intense ,12,0,True,2026-08-07 22:26
2026-08-04,Mardi,17:00,17:45,MOZART GYM STUDIO - MAT,HOT - MÉTHODE BOOTY & CORE,Elsa TRAINING ,15,0,True,2026-08-07 22:26
2026-08-04,Mardi,17:00,17:50,WAGRAM REFORMER STUDIO,REFORMER PILATES,Jessika CRUZ,11,0,True,2026-08-07 22:26
2026-08-04,Mardi,18:00,18:50,BATIGNOLLES REFORMER STUDIO,REFORMER PILATES,Florence COLLIN BECUWE Advanced/Intense ,12,10,True,2026-08-07 22:26
2026-08-04,Mardi,18:00,18:50,BOSQUET REFORMER STUDIO,REFORMER PILATES,Jacky TEWES ,11,5,True,2026-08-07 22:26
2026-08-04,Mardi,18:00,18:50,BOULOGNE REFORMER STUDIO,REFORMER PILATES,Soudi ZARGHAM,12,0,True,2026-08-07 22:26
2026-08-04,Mardi,18:00,18:50,INVALIDES REFORMER STUDIO,REFORMER PILATES,Krizia GUETTAF @tous_sportifs ,10,0,True,2026-08-07 22:26
2026-08-04,Mardi,18:00,18:50,MADELEINE REFORMER STUDIO,REFORMER PILATES,Julia TAPIRO,12,0,True,2026-08-07 22:26
2026-08-04,Mardi,18:00,18:50,MARAIS REFORMER STUDIO,REFORMER PILATES,Cédric ARAMAN,10,6,True,2026-08-07 22:26
2026-08-04,Mardi,18:00,18:50,MAUBEUGE REFORMER STUDIO,REFORMER PILATES,Pauline RAMON @pilatesbypops,11,8,True,2026-08-07 22:26
2026-08-04,Mardi,18:00,18:50,MIROMESNIL REFORMER STUDIO,REFORMER PILATES,Shana  MAMOU,11,6,True,2026-08-07 22:26
2026-08-04,Mardi,18:00,19:00,MOZART GYM STUDIO - MAT,FULL BODY WORKOUT,Nicolas DUCHESNE,16,0,True,2026-08-07 22:26
2026-08-04,Mardi,18:00,18:50,NEUILLY GYM STUDIO - MAT,FOCUS ABS & FULL BODY,Amélie BALLAND @amelietahiti,14,0,True,2026-08-07 22:26
2026-08-04,Mardi,18:00,18:50,NEUILLY NEWFORMER - INTENSE PILATES,NEWFORMER - INTENSE PILATES,Carla @training_by_carla,9,0,True,2026-08-07 22:26
2026-08-04,Mardi,18:00,18:50,PASSY NEWFORMER - INTENSE PILATES,NEWFORMER - INTENSE PILATES,Capucine GADRET,9,7,True,2026-08-07 22:26
2026-08-04,Mardi,18:00,18:50,SAINT MANDÉ REFORMER STUDIO,REFORMER PILATES,Golda BENCHETRIT,12,0,True,2026-08-07 22:26
2026-08-04,Mardi,18:00,18:50,SENTIER REFORMER STUDIO,REFORMER PILATES,Sofia TRUKHACHEVA,14,0,True,2026-08-07 22:26
2026-08-04,Mardi,18:00,18:50,SURESNES REFORMER STUDIO,REFORMER PILATES,Audrey HUGON,10,6,True,2026-08-07 22:26
2026-08-04,Mardi,18:00,18:50,VAUGIRARD RÉFORMER STUDIO,REFORMER PILATES,Polina BODEEVA,11,8,True,2026-08-07 22:26
2026-08-04,Mardi,18:00,18:50,VAVIN REFORMER STUDIO,REFORMER PILATES,Camille AUZANNEAU,12,7,True,2026-08-07 22:26
2026-08-04,Mardi,18:00,18:50,WAGRAM REFORMER STUDIO,REFORMER PILATES,Jessika CRUZ,11,3,True,2026-08-07 22:26
2026-08-04,Mardi,19:00,19:50,BATIGNOLLES REFORMER STUDIO,REFORMER PILATES,Florence COLLIN BECUWE Advanced/Intense ,12,12,True,2026-08-07 22:26
2026-08-04,Mardi,19:00,19:50,BOSQUET REFORMER STUDIO,REFORMER PILATES,Jacky TEWES ,11,7,True,2026-08-07 22:26
2026-08-04,Mardi,19:00,19:50,BOULOGNE REFORMER STUDIO,REFORMER PILATES,Soudi ZARGHAM,12,0,True,2026-08-07 22:26
2026-08-04,Mardi,19:00,19:50,INVALIDES REFORMER STUDIO,REFORMER PILATES,Krizia GUETTAF @tous_sportifs ,10,0,True,2026-08-07 22:26
2026-08-04,Mardi,19:00,19:50,MADELEINE REFORMER STUDIO,REFORMER PILATES,Julia TAPIRO,12,0,True,2026-08-07 22:26
2026-08-04,Mardi,19:00,19:50,MARAIS REFORMER STUDIO,REFORMER PILATES,Cédric ARAMAN,10,8,True,2026-08-07 22:26
2026-08-04,Mardi,19:00,19:50,MAUBEUGE REFORMER STUDIO,REFORMER PILATES,Pauline RAMON @pilatesbypops,11,10,True,2026-08-07 22:26
2026-08-04,Mardi,19:00,19:50,MIROMESNIL REFORMER STUDIO,REFORMER PILATES,Shana  MAMOU,11,4,True,2026-08-07 22:26
2026-08-04,Mardi,19:00,19:50,MOZART GYM STUDIO - MAT,FULL BODY PUMP,Nicolas DUCHESNE,15,0,True,2026-08-07 22:26
2026-08-04,Mardi,19:00,20:00,NEUILLY GYM STUDIO - MAT,BARRE WORKOUT,Najwa TAHRI Advanced/Intense,12,0,True,2026-08-07 22:26
2026-08-04,Mardi,19:00,19:50,NEUILLY NEWFORMER - INTENSE PILATES,NEWFORMER - INTENSE PILATES,Carla @training_by_carla,9,0,True,2026-08-07 22:26
2026-08-04,Mardi,19:00,19:50,PASSY NEWFORMER - INTENSE PILATES,NEWFORMER - INTENSE PILATES,Capucine GADRET,9,5,True,2026-08-07 22:26
2026-08-04,Mardi,19:00,19:50,SAINT MANDÉ REFORMER STUDIO,REFORMER PILATES,Golda BENCHETRIT,12,10,True,2026-08-07 22:26
2026-08-04,Mardi,19:00,19:50,SENTIER REFORMER STUDIO,REFORMER PILATES,Sofia TRUKHACHEVA,14,0,True,2026-08-07 22:26
2026-08-04,Mardi,19:00,19:50,SURESNES REFORMER STUDIO,REFORMER PILATES,Audrey HUGON,10,6,True,2026-08-07 22:26
2026-08-04,Mardi,19:00,19:50,VAUGIRARD RÉFORMER STUDIO,REFORMER PILATES,Polina BODEEVA,11,10,True,2026-08-07 22:26
2026-08-04,Mardi,19:00,19:50,VAVIN REFORMER STUDIO,REFORMER PILATES,Camille AUZANNEAU,12,10,True,2026-08-07 22:26
2026-08-04,Mardi,19:00,19:50,WAGRAM REFORMER STUDIO,REFORMER PILATES,Jessika CRUZ,11,7,True,2026-08-07 22:26
2026-08-04,Mardi,20:00,20:50,BATIGNOLLES REFORMER STUDIO,REFORMER PILATES,Florence COLLIN BECUWE Advanced/Intense ,12,11,True,2026-08-07 22:26
2026-08-04,Mardi,20:00,20:50,BOSQUET REFORMER STUDIO,REFORMER PILATES,Jacky TEWES ,11,5,True,2026-08-07 22:26
2026-08-04,Mardi,20:00,20:50,BOULOGNE REFORMER STUDIO,REFORMER PILATES,Soudi ZARGHAM,12,0,True,2026-08-07 22:26
2026-08-04,Mardi,20:00,20:50,INVALIDES REFORMER STUDIO,REFORMER PILATES,Krizia GUETTAF @tous_sportifs ,10,0,True,2026-08-07 22:26
2026-08-04,Mardi,20:00,20:50,MADELEINE REFORMER STUDIO,REFORMER PILATES,Julia TAPIRO,12,0,True,2026-08-07 22:26
2026-08-04,Mardi,20:00,20:50,MAUBEUGE REFORMER STUDIO,REFORMER PILATES,Pauline RAMON @pilatesbypops,11,3,True,2026-08-07 22:26
2026-08-04,Mardi,20:00,20:50,MIROMESNIL REFORMER STUDIO,REFORMER PILATES,Shana  MAMOU,11,8,True,2026-08-07 22:26
2026-08-04,Mardi,20:00,20:50,MOZART GYM STUDIO - MAT,Cuisses Abdos Fessiers - CAF,Nicolas DUCHESNE,17,0,True,2026-08-07 22:26
2026-08-04,Mardi,20:00,20:45,NEUILLY GYM STUDIO - MAT,BODY SCULPT,Najwa TAHRI Advanced/Intense,12,0,True,2026-08-07 22:26
2026-08-04,Mardi,20:00,20:50,NEUILLY NEWFORMER - INTENSE PILATES,NEWFORMER - INTENSE PILATES,Carla @training_by_carla,9,0,True,2026-08-07 22:26
2026-08-04,Mardi,20:00,20:50,PASSY NEWFORMER - INTENSE PILATES,NEWFORMER - INTENSE PILATES,Capucine GADRET,9,6,True,2026-08-07 22:26
2026-08-04,Mardi,20:00,20:50,SAINT MANDÉ REFORMER STUDIO,REFORMER PILATES,Golda BENCHETRIT,12,4,True,2026-08-07 22:26
2026-08-04,Mardi,20:00,20:50,SENTIER REFORMER STUDIO,REFORMER PILATES,Sofia TRUKHACHEVA,14,0,True,2026-08-07 22:26
2026-08-04,Mardi,20:00,20:50,SURESNES REFORMER STUDIO,REFORMER PILATES,Audrey HUGON,10,5,True,2026-08-07 22:26
2026-08-04,Mardi,20:00,20:50,VAUGIRARD RÉFORMER STUDIO,REFORMER PILATES,Polina BODEEVA,11,9,True,2026-08-07 22:26
2026-08-04,Mardi,20:00,20:50,VAVIN REFORMER STUDIO,REFORMER PILATES,Camille AUZANNEAU,12,8,True,2026-08-07 22:26
2026-08-04,Mardi,20:00,20:50,WAGRAM REFORMER STUDIO,REFORMER PILATES,Jessika CRUZ,11,5,True,2026-08-07 22:26
2026-08-05,Mercredi,08:00,08:50,BATIGNOLLES REFORMER STUDIO,REFORMER PILATES,Alexia VITALI,12,7,True,2026-08-08 22:14
2026-08-05,Mercredi,08:00,08:50,BOSQUET REFORMER STUDIO,REFORMER PILATES,Mathilde LAFONT,11,7,True,2026-08-08 22:14
2026-08-05,Mercredi,08:00,08:50,INVALIDES REFORMER STUDIO,REFORMER PILATES,Shana  MAMOU,10,0,True,2026-08-08 22:14
2026-08-05,Mercredi,08:00,08:50,MADELEINE REFORMER STUDIO,REFORMER PILATES,Cynthia GALIN,12,0,True,2026-08-08 22:14
2026-08-05,Mercredi,08:00,08:50,MARAIS REFORMER STUDIO,REFORMER PILATES,Leila OUCHEN,10,6,True,2026-08-08 22:14
2026-08-05,Mercredi,08:00,08:50,MAUBEUGE REFORMER STUDIO,REFORMER PILATES,Pauline RAMON @pilatesbypops,11,4,True,2026-08-08 22:14
2026-08-05,Mercredi,08:00,08:50,MIROMESNIL REFORMER STUDIO,REFORMER PILATES,Luana BRENON,11,3,True,2026-08-08 22:14
2026-08-05,Mercredi,08:00,09:00,MOZART GYM STUDIO - MAT,BARRE WORKOUT,Laurie VIVIANI,16,0,True,2026-08-08 22:14
2026-08-05,Mercredi,08:00,08:50,NEUILLY NEWFORMER - INTENSE PILATES,NEWFORMER - INTENSE PILATES,Ibrahima BALDE,9,0,True,2026-08-08 22:14
2026-08-05,Mercredi,08:00,08:50,PASSY NEWFORMER - INTENSE PILATES,NEWFORMER - INTENSE PILATES,Elsa TRAINING ,9,6,True,2026-08-08 22:14
2026-08-05,Mercredi,08:00,08:50,SENTIER REFORMER STUDIO,REFORMER PILATES,Godefroy HISANY,14,0,True,2026-08-08 22:14
2026-08-05,Mercredi,08:00,08:50,SURESNES REFORMER STUDIO,REFORMER PILATES,Léna BACHELIER,10,2,True,2026-08-08 22:14
2026-08-05,Mercredi,08:00,08:50,VAVIN REFORMER STUDIO,REFORMER PILATES,Louise DROUAULT @louiisedrlt,12,6,True,2026-08-08 22:14
2026-08-05,Mercredi,08:00,08:50,WAGRAM REFORMER STUDIO,REFORMER PILATES,Jessika CRUZ,11,0,True,2026-08-08 22:14
2026-08-05,Mercredi,09:00,09:50,BATIGNOLLES REFORMER STUDIO,REFORMER PILATES,Alexia VITALI,12,0,True,2026-08-08 22:14
2026-08-05,Mercredi,09:00,09:50,BOSQUET REFORMER STUDIO,REFORMER PILATES,Mathilde LAFONT,11,3,True,2026-08-08 22:14
2026-08-05,Mercredi,09:00,09:50,BOULOGNE REFORMER STUDIO,REFORMER PILATES,Lucie DUMONT,12,0,True,2026-08-08 22:14
2026-08-05,Mercredi,09:00,09:50,INVALIDES REFORMER STUDIO,REFORMER PILATES,Shana  MAMOU,10,0,True,2026-08-08 22:14
2026-08-05,Mercredi,09:00,09:50,MADELEINE REFORMER STUDIO,REFORMER PILATES,Cynthia GALIN,12,0,True,2026-08-08 22:14
2026-08-05,Mercredi,09:00,09:50,MARAIS REFORMER STUDIO,REFORMER PILATES,Leila OUCHEN,10,3,True,2026-08-08 22:14
2026-08-05,Mercredi,09:00,09:50,MAUBEUGE REFORMER STUDIO,REFORMER PILATES,Pauline RAMON @pilatesbypops,11,3,True,2026-08-08 22:14
2026-08-05,Mercredi,09:00,09:50,MIROMESNIL REFORMER STUDIO,REFORMER PILATES,Luana BRENON,11,1,True,2026-08-08 22:14
2026-08-05,Mercredi,09:00,10:00,MOZART GYM STUDIO - MAT,THE NEW ME,Constance DE SCHOMPRE,22,0,True,2026-08-08 22:14
2026-08-05,Mercredi,09:00,10:00,NEUILLY GYM STUDIO - MAT,BARRE WORKOUT,Cynthia MONTANO,12,0,True,2026-08-08 22:14
2026-08-05,Mercredi,09:00,09:50,NEUILLY NEWFORMER - INTENSE PILATES,NEWFORMER - INTENSE PILATES,Ibrahima BALDE,9,0,True,2026-08-08 22:14
2026-08-05,Mercredi,09:00,09:50,PASSY NEWFORMER - INTENSE PILATES,NEWFORMER - INTENSE PILATES,Elsa TRAINING ,9,0,True,2026-08-08 22:14
2026-08-05,Mercredi,09:00,09:50,SAINT MANDÉ REFORMER STUDIO,REFORMER PILATES,Golda BENCHETRIT,12,1,True,2026-08-08 22:14
2026-08-05,Mercredi,09:00,09:50,SENTIER REFORMER STUDIO,REFORMER PILATES,Godefroy HISANY,14,0,True,2026-08-08 22:14
2026-08-05,Mercredi,09:00,09:50,SURESNES REFORMER STUDIO,REFORMER PILATES,Léna BACHELIER,10,4,True,2026-08-08 22:14
2026-08-05,Mercredi,09:00,09:50,VAVIN REFORMER STUDIO,REFORMER PILATES,Louise DROUAULT @louiisedrlt,12,2,True,2026-08-08 22:14
2026-08-05,Mercredi,09:00,09:50,WAGRAM REFORMER STUDIO,REFORMER PILATES,Jessika CRUZ,11,4,True,2026-08-08 22:14
2026-08-05,Mercredi,10:00,10:50,BOULOGNE REFORMER STUDIO,REFORMER PILATES,Lucie DUMONT,12,0,True,2026-08-08 22:14
2026-08-05,Mercredi,10:00,10:50,MADELEINE REFORMER STUDIO,REFORMER PILATES,Cynthia GALIN,12,0,True,2026-08-08 22:14
2026-08-05,Mercredi,10:00,11:00,MOZART GYM STUDIO - MAT,KALON BARRE,KALON BARRE @kalon.movement,16,0,True,2026-08-08 22:14
2026-08-05,Mercredi,10:00,11:00,NEUILLY GYM STUDIO - MAT,BARRE PILATES,Kim GAMPEL,12,0,True,2026-08-08 22:14
2026-08-05,Mercredi,10:00,10:50,NEUILLY NEWFORMER - INTENSE PILATES,NEWFORMER - INTENSE PILATES,Ibrahima BALDE,9,0,True,2026-08-08 22:14
2026-08-05,Mercredi,10:00,10:50,PASSY NEWFORMER - INTENSE PILATES,NEWFORMER - INTENSE PILATES,Elsa TRAINING ,9,3,True,2026-08-08 22:14
2026-08-05,Mercredi,10:00,10:50,SAINT MANDÉ REFORMER STUDIO,REFORMER PILATES,Golda BENCHETRIT,12,4,True,2026-08-08 22:14
2026-08-05,Mercredi,10:00,10:50,SURESNES REFORMER STUDIO,REFORMER PILATES,Léna BACHELIER,10,0,True,2026-08-08 22:14
2026-08-05,Mercredi,10:00,10:50,VAUGIRARD RÉFORMER STUDIO,REFORMER PILATES,Sonia @sonia_raconte Intermédiaire/Avancé ,11,3,True,2026-08-08 22:14
2026-08-05,Mercredi,10:00,10:50,VAVIN REFORMER STUDIO,REFORMER PILATES,Louise DROUAULT @louiisedrlt,12,6,True,2026-08-08 22:14
2026-08-05,Mercredi,10:00,10:50,WAGRAM REFORMER STUDIO,REFORMER PILATES,Jessika CRUZ,11,0,True,2026-08-08 22:14
2026-08-05,Mercredi,11:00,11:50,BATIGNOLLES REFORMER STUDIO,REFORMER PILATES,Zoé  @getstronglikezoe Intense / Advanced ,12,6,True,2026-08-08 22:14
2026-08-05,Mercredi,11:00,11:50,BOSQUET REFORMER STUDIO,REFORMER PILATES,Camille AUZANNEAU,11,0,True,2026-08-08 22:14
2026-08-05,Mercredi,11:00,11:50,MARAIS REFORMER STUDIO,REFORMER PILATES,Leila OUCHEN,10,0,True,2026-08-08 22:14
2026-08-05,Mercredi,11:00,12:00,NEUILLY GYM STUDIO - MAT,BODY SCULPT,William  GALIN,14,0,True,2026-08-08 22:14
2026-08-05,Mercredi,11:00,11:50,NEUILLY NEWFORMER - INTENSE PILATES,NEWFORMER - INTENSE PILATES,Carla @training_by_carla,9,0,True,2026-08-08 22:14
2026-08-05,Mercredi,11:00,11:50,PASSY NEWFORMER - INTENSE PILATES,NEWFORMER - INTENSE PILATES,Capucine GADRET,9,3,True,2026-08-08 22:14
2026-08-05,Mercredi,11:00,11:50,VAUGIRARD RÉFORMER STUDIO,REFORMER PILATES,Naser SAENDI @coachfitnas,11,1,True,2026-08-08 22:14
2026-08-05,Mercredi,11:00,11:50,WAGRAM REFORMER STUDIO,REFORMER PILATES,Jessika CRUZ,11,6,True,2026-08-08 22:14
2026-08-05,Mercredi,11:15,12:05,MOZART GYM STUDIO - MAT,BARRE WORKOUT,Naomie CALINSKI,15,0,True,2026-08-08 22:14
2026-08-05,Mercredi,12:00,12:50,BATIGNOLLES REFORMER STUDIO,REFORMER PILATES,Zoé  @getstronglikezoe Intense / Advanced ,12,9,True,2026-08-08 22:14
2026-08-05,Mercredi,12:00,12:50,BOSQUET REFORMER STUDIO,REFORMER PILATES,Camille AUZANNEAU,11,4,True,2026-08-08 22:14
2026-08-05,Mercredi,12:00,12:50,BOULOGNE REFORMER STUDIO,REFORMER PILATES,Lucie DUMONT,12,0,True,2026-08-08 22:14
2026-08-05,Mercredi,12:00,12:50,INVALIDES REFORMER STUDIO,REFORMER PILATES,Luana BRENON,10,0,True,2026-08-08 22:14
2026-08-05,Mercredi,12:00,12:50,MADELEINE REFORMER STUDIO,REFORMER PILATES,Candice TOUBIANA @candice.pilates,12,0,True,2026-08-08 22:14
2026-08-05,Mercredi,12:00,12:50,MARAIS REFORMER STUDIO,REFORMER PILATES,Leila OUCHEN,10,5,True,2026-08-08 22:14
2026-08-05,Mercredi,12:00,12:50,MAUBEUGE REFORMER STUDIO,REFORMER PILATES,Léane AMRAM,11,5,True,2026-08-08 22:14
2026-08-05,Mercredi,12:00,12:50,MIROMESNIL REFORMER STUDIO,REFORMER PILATES,Florence COLLIN BECUWE Advanced/Intense ,11,0,True,2026-08-08 22:14
2026-08-05,Mercredi,12:00,12:50,NEUILLY NEWFORMER - INTENSE PILATES,NEWFORMER - INTENSE PILATES,Carla @training_by_carla,9,0,True,2026-08-08 22:14
2026-08-05,Mercredi,12:00,12:50,PASSY NEWFORMER - INTENSE PILATES,NEWFORMER - INTENSE PILATES,Capucine GADRET,9,0,True,2026-08-08 22:14
2026-08-05,Mercredi,12:00,12:50,SENTIER REFORMER STUDIO,REFORMER PILATES,Polina BODEEVA,14,0,True,2026-08-08 22:14
2026-08-05,Mercredi,12:00,12:50,SURESNES REFORMER STUDIO,REFORMER PILATES,Léna BACHELIER,10,5,True,2026-08-08 22:14
2026-08-05,Mercredi,12:00,12:50,VAUGIRARD RÉFORMER STUDIO,REFORMER PILATES,Naser SAENDI @coachfitnas,11,6,True,2026-08-08 22:14
2026-08-05,Mercredi,12:00,12:50,VAVIN REFORMER STUDIO,REFORMER PILATES,Eva MENIGOZ,12,9,True,2026-08-08 22:14
2026-08-05,Mercredi,12:00,12:50,WAGRAM REFORMER STUDIO,REFORMER PILATES,Joy DUQUESNE,11,4,True,2026-08-08 22:14
2026-08-05,Mercredi,12:30,13:30,MOZART GYM STUDIO - MAT,FULL BODY WORKOUT,William  GALIN,18,0,True,2026-08-08 22:14
2026-08-05,Mercredi,12:30,13:45,NEUILLY GYM STUDIO - MAT,YOGA VINYASA,Flore TURRA (intermédiaire),14,0,True,2026-08-08 22:14
2026-08-05,Mercredi,13:00,13:50,BATIGNOLLES REFORMER STUDIO,REFORMER PILATES,Zoé  @getstronglikezoe Intense / Advanced ,12,8,True,2026-08-08 22:14
2026-08-05,Mercredi,13:00,13:50,BOSQUET REFORMER STUDIO,REFORMER PILATES,Camille AUZANNEAU,11,3,True,2026-08-08 22:14
2026-08-05,Mercredi,13:00,13:50,BOULOGNE REFORMER STUDIO,REFORMER PILATES,Lucie DUMONT,12,0,True,2026-08-08 22:14
2026-08-05,Mercredi,13:00,13:50,INVALIDES REFORMER STUDIO,REFORMER PILATES,Luana BRENON,10,0,True,2026-08-08 22:14
2026-08-05,Mercredi,13:00,13:50,MADELEINE REFORMER STUDIO,REFORMER PILATES,Candice TOUBIANA @candice.pilates,12,0,True,2026-08-08 22:14
2026-08-05,Mercredi,13:00,13:50,MAUBEUGE REFORMER STUDIO,REFORMER PILATES,Léane AMRAM,11,5,True,2026-08-08 22:14
2026-08-05,Mercredi,13:00,13:50,MIROMESNIL REFORMER STUDIO,REFORMER PILATES,Florence COLLIN BECUWE Advanced/Intense ,11,0,True,2026-08-08 22:14
2026-08-05,Mercredi,13:00,13:50,NEUILLY NEWFORMER - INTENSE PILATES,NEWFORMER - INTENSE PILATES,Carla @training_by_carla,9,0,True,2026-08-08 22:14
2026-08-05,Mercredi,13:00,13:50,PASSY NEWFORMER - INTENSE PILATES,NEWFORMER - INTENSE PILATES,Capucine GADRET,9,5,True,2026-08-08 22:14
2026-08-05,Mercredi,13:00,13:50,SENTIER REFORMER STUDIO,REFORMER PILATES,Polina BODEEVA,14,0,True,2026-08-08 22:14
2026-08-05,Mercredi,13:00,13:50,SURESNES REFORMER STUDIO,REFORMER PILATES,Léna BACHELIER,10,6,True,2026-08-08 22:14
2026-08-05,Mercredi,13:00,13:50,VAVIN REFORMER STUDIO,REFORMER PILATES,Eva MENIGOZ,12,5,True,2026-08-08 22:14
2026-08-05,Mercredi,17:00,17:50,BOULOGNE REFORMER STUDIO,REFORMER PILATES,Stephanie BROWN - English Class,12,0,True,2026-08-08 22:14
2026-08-05,Mercredi,17:00,17:50,VAUGIRARD RÉFORMER STUDIO,REFORMER PILATES,Polina BODEEVA,11,0,True,2026-08-08 22:14
2026-08-05,Mercredi,18:00,18:50,BATIGNOLLES REFORMER STUDIO,REFORMER PILATES,Chloé CASPAR,12,7,True,2026-08-08 22:14
2026-08-05,Mercredi,18:00,18:50,BOSQUET REFORMER STUDIO,REFORMER PILATES,Valérie @valeriefitcoaching / Advanced,11,5,True,2026-08-08 22:14
2026-08-05,Mercredi,18:00,18:50,BOULOGNE REFORMER STUDIO,REFORMER PILATES,Stephanie BROWN - English Class,12,0,True,2026-08-08 22:14
2026-08-05,Mercredi,18:00,18:50,INVALIDES REFORMER STUDIO,REFORMER PILATES,Luana BRENON,10,0,True,2026-08-08 22:14
2026-08-05,Mercredi,18:00,18:50,MADELEINE REFORMER STUDIO,REFORMER PILATES,Shana  MAMOU,12,0,True,2026-08-08 22:14
2026-08-05,Mercredi,18:00,18:50,MARAIS REFORMER STUDIO,REFORMER PILATES,Mazarine FORD,10,8,True,2026-08-08 22:14
2026-08-05,Mercredi,18:00,18:50,MIROMESNIL REFORMER STUDIO,REFORMER PILATES,Godefroy HISANY,11,6,True,2026-08-08 22:14
2026-08-05,Mercredi,18:00,18:45,NEUILLY GYM STUDIO - MAT,BODY SCULPT,Marcus FITLIFE,14,0,True,2026-08-08 22:14
2026-08-05,Mercredi,18:00,18:50,NEUILLY NEWFORMER - INTENSE PILATES,NEWFORMER - INTENSE PILATES,Salomé Dadoun,9,0,True,2026-08-08 22:14
2026-08-05,Mercredi,18:00,18:50,PASSY NEWFORMER - INTENSE PILATES,NEWFORMER - INTENSE PILATES,Naomie CALINSKI,9,5,True,2026-08-08 22:14
2026-08-05,Mercredi,18:00,18:50,SENTIER REFORMER STUDIO,REFORMER PILATES,Mathilde DURAND,14,0,True,2026-08-08 22:14
2026-08-05,Mercredi,18:00,18:50,SURESNES REFORMER STUDIO,REFORMER PILATES,Eileen MURRAY - English class ,10,8,True,2026-08-08 22:14
2026-08-05,Mercredi,18:00,18:50,VAUGIRARD RÉFORMER STUDIO,REFORMER PILATES,Polina BODEEVA,11,6,True,2026-08-08 22:14
2026-08-05,Mercredi,18:00,18:50,VAVIN REFORMER STUDIO,REFORMER PILATES,Justine  LE CORRE @justine.fitandflowreformer,12,6,True,2026-08-08 22:14
2026-08-05,Mercredi,18:00,18:50,WAGRAM REFORMER STUDIO,REFORMER PILATES,Bonita @bonitawellness_,11,7,True,2026-08-08 22:14
2026-08-05,Mercredi,18:15,19:15,MOZART GYM STUDIO - MAT,MÉTHODE BOOTY & CORE,Elsa TRAINING ,16,0,True,2026-08-08 22:14
2026-08-05,Mercredi,19:00,19:50,BATIGNOLLES REFORMER STUDIO,REFORMER PILATES,Chloé CASPAR,12,6,True,2026-08-08 22:14
2026-08-05,Mercredi,19:00,19:50,BOSQUET REFORMER STUDIO,REFORMER PILATES,Valérie @valeriefitcoaching / Advanced,11,3,True,2026-08-08 22:14
2026-08-05,Mercredi,19:00,19:50,BOULOGNE REFORMER STUDIO,REFORMER PILATES,Stephanie BROWN - English Class,12,0,True,2026-08-08 22:14
2026-08-05,Mercredi,19:00,19:50,INVALIDES REFORMER STUDIO,REFORMER PILATES,Luana BRENON,10,0,True,2026-08-08 22:14
2026-08-05,Mercredi,19:00,19:50,MADELEINE REFORMER STUDIO,REFORMER PILATES,Shana  MAMOU,12,0,True,2026-08-08 22:14
2026-08-05,Mercredi,19:00,19:50,MARAIS REFORMER STUDIO,REFORMER PILATES,Mazarine FORD,10,9,True,2026-08-08 22:14
2026-08-05,Mercredi,19:00,19:50,MAUBEUGE REFORMER STUDIO,REFORMER PILATES,Philippine DESTAING,11,9,True,2026-08-08 22:14
2026-08-05,Mercredi,19:00,19:50,MIROMESNIL REFORMER STUDIO,REFORMER PILATES,Godefroy HISANY,11,3,True,2026-08-08 22:14
2026-08-05,Mercredi,19:00,19:50,NEUILLY GYM STUDIO - MAT,BARRE WORKOUT,Kim GAMPEL,12,0,True,2026-08-08 22:14
2026-08-05,Mercredi,19:00,19:50,NEUILLY NEWFORMER - INTENSE PILATES,NEWFORMER - INTENSE PILATES,Salomé Dadoun,9,0,True,2026-08-08 22:14
2026-08-05,Mercredi,19:00,19:50,PASSY NEWFORMER - INTENSE PILATES,NEWFORMER - INTENSE PILATES,Naomie CALINSKI,9,9,True,2026-08-08 22:14
2026-08-05,Mercredi,19:00,19:50,SENTIER REFORMER STUDIO,REFORMER PILATES,Mathilde DURAND,14,0,True,2026-08-08 22:14
2026-08-05,Mercredi,19:00,19:50,SURESNES REFORMER STUDIO,REFORMER PILATES,Eileen MURRAY - English class ,10,10,True,2026-08-08 22:14
2026-08-05,Mercredi,19:00,19:50,VAUGIRARD RÉFORMER STUDIO,REFORMER PILATES,Polina BODEEVA,11,7,True,2026-08-08 22:14
2026-08-05,Mercredi,19:00,19:50,VAVIN REFORMER STUDIO,REFORMER PILATES,Justine  LE CORRE @justine.fitandflowreformer,12,7,True,2026-08-08 22:14
2026-08-05,Mercredi,19:00,19:50,WAGRAM REFORMER STUDIO,REFORMER PILATES,Bonita @bonitawellness_,11,7,True,2026-08-08 22:14
2026-08-05,Mercredi,19:15,20:15,MOZART GYM STUDIO - MAT,PILATES FUSION,Amélie BALLAND @amelietahiti,14,0,True,2026-08-08 22:14
2026-08-05,Mercredi,20:00,20:50,BATIGNOLLES REFORMER STUDIO,REFORMER PILATES,Chloé CASPAR,12,2,True,2026-08-08 22:14
2026-08-05,Mercredi,20:00,20:50,INVALIDES REFORMER STUDIO,REFORMER PILATES,Luana BRENON,10,0,True,2026-08-08 22:14
2026-08-05,Mercredi,20:00,20:50,MADELEINE REFORMER STUDIO,REFORMER PILATES,Shana  MAMOU,12,0,True,2026-08-08 22:14
2026-08-05,Mercredi,20:00,20:50,MAUBEUGE REFORMER STUDIO,REFORMER PILATES,Philippine DESTAING,11,0,True,2026-08-08 22:14
2026-08-05,Mercredi,20:00,20:50,NEUILLY GYM STUDIO - MAT,Cuisses Abdos Fessiers - CAF,Margot BOUDER,12,0,True,2026-08-08 22:14
2026-08-05,Mercredi,20:00,20:50,NEUILLY NEWFORMER - INTENSE PILATES,NEWFORMER - INTENSE PILATES,Salomé Dadoun,9,0,True,2026-08-08 22:14
2026-08-05,Mercredi,20:00,20:50,PASSY NEWFORMER - INTENSE PILATES,NEWFORMER - INTENSE PILATES,Naomie CALINSKI,9,0,True,2026-08-08 22:14
2026-08-05,Mercredi,20:00,20:50,SENTIER REFORMER STUDIO,REFORMER PILATES,Mathilde DURAND,14,0,True,2026-08-08 22:14
2026-08-05,Mercredi,20:00,20:50,SURESNES REFORMER STUDIO,REFORMER PILATES,Eileen MURRAY - English class ,10,7,True,2026-08-08 22:14
2026-08-05,Mercredi,20:00,20:50,VAUGIRARD RÉFORMER STUDIO,REFORMER PILATES,Polina BODEEVA,11,6,True,2026-08-08 22:14
2026-08-05,Mercredi,20:00,20:50,WAGRAM REFORMER STUDIO,REFORMER PILATES,Bonita @bonitawellness_,11,10,True,2026-08-08 22:14
2026-08-05,Mercredi,20:15,21:00,MOZART GYM STUDIO - MAT,Cuisses Abdos Fessiers - CAF,Amélie BALLAND @amelietahiti,16,0,True,2026-08-08 22:14
2026-08-06,Jeudi,08:00,08:50,BATIGNOLLES REFORMER STUDIO,REFORMER PILATES,Arthur Intense/Advanced @arthur.gambardella ,12,5,True,2026-08-09 02:45
2026-08-06,Jeudi,08:00,08:50,BOSQUET REFORMER STUDIO,REFORMER PILATES,Jessika CRUZ,11,6,True,2026-08-09 02:45
2026-08-06,Jeudi,08:00,08:50,INVALIDES REFORMER STUDIO,REFORMER PILATES,Sonia @sonia_raconte Intermédiaire/Avancé ,10,0,True,2026-08-09 02:45
2026-08-06,Jeudi,08:00,08:50,MADELEINE REFORMER STUDIO,REFORMER PILATES,Luana BRENON,12,0,True,2026-08-09 02:45
2026-08-06,Jeudi,08:00,08:50,MARAIS REFORMER STUDIO,REFORMER PILATES,Cynthia GALIN,10,0,True,2026-08-09 02:45
2026-08-06,Jeudi,08:00,08:50,MAUBEUGE REFORMER STUDIO,REFORMER PILATES,Shana  MAMOU,11,7,True,2026-08-09 02:45
2026-08-06,Jeudi,08:00,08:50,MIROMESNIL REFORMER STUDIO,REFORMER PILATES,Florence COLLIN BECUWE Advanced/Intense ,11,0,True,2026-08-09 02:45
2026-08-06,Jeudi,08:00,08:50,MOZART GYM STUDIO - MAT,BODY SCULPT,Marie-Claire AZAR @mc.ismyname Intense / Advanced,16,0,True,2026-08-09 02:45
2026-08-06,Jeudi,08:00,08:50,NEUILLY NEWFORMER - INTENSE PILATES,NEWFORMER - INTENSE PILATES,Nicolas MARTINS Intense / Advanced,9,0,True,2026-08-09 02:45
2026-08-06,Jeudi,08:00,08:50,PASSY NEWFORMER - INTENSE PILATES,NEWFORMER - INTENSE PILATES,Kasia @k_shia,9,4,True,2026-08-09 02:45
2026-08-06,Jeudi,08:00,08:50,SAINT MANDÉ REFORMER STUDIO,REFORMER PILATES,Golda BENCHETRIT,12,4,True,2026-08-09 02:45
2026-08-06,Jeudi,08:00,08:50,SURESNES REFORMER STUDIO,REFORMER PILATES,Marianne Basbous,10,4,True,2026-08-09 02:45
2026-08-06,Jeudi,08:00,08:50,VAUGIRARD RÉFORMER STUDIO,REFORMER PILATES,Cecilia PINTO,11,6,True,2026-08-09 02:45
2026-08-06,Jeudi,08:00,08:50,VAVIN REFORMER STUDIO,REFORMER PILATES,Soudi ZARGHAM,12,5,True,2026-08-09 02:45
2026-08-06,Jeudi,08:00,08:50,WAGRAM REFORMER STUDIO,REFORMER PILATES,Jenny JORDAN,11,10,True,2026-08-09 02:45
2026-08-06,Jeudi,08:30,09:20,NEUILLY GYM STUDIO - MAT,DYNAMIC PILATES,Mona COHEN,12,0,True,2026-08-09 02:45
2026-08-06,Jeudi,09:00,09:50,BATIGNOLLES REFORMER STUDIO,REFORMER PILATES,Arthur Intense/Advanced @arthur.gambardella ,12,3,True,2026-08-09 02:45
2026-08-06,Jeudi,09:00,09:50,BOSQUET REFORMER STUDIO,REFORMER PILATES,Jessika CRUZ,11,3,True,2026-08-09 02:45
2026-08-06,Jeudi,09:00,09:50,BOULOGNE REFORMER STUDIO,REFORMER PILATES,Aude SCHLACTHER,12,0,True,2026-08-09 02:45
2026-08-06,Jeudi,09:00,09:50,INVALIDES REFORMER STUDIO,REFORMER PILATES,Sonia @sonia_raconte Intermédiaire/Avancé ,10,0,True,2026-08-09 02:45
2026-08-06,Jeudi,09:00,09:50,MADELEINE REFORMER STUDIO,REFORMER PILATES,Luana BRENON,12,0,True,2026-08-09 02:45
2026-08-06,Jeudi,09:00,09:50,MARAIS REFORMER STUDIO,REFORMER PILATES,Cynthia GALIN,10,0,True,2026-08-09 02:45
2026-08-06,Jeudi,09:00,09:50,MAUBEUGE REFORMER STUDIO,REFORMER PILATES,Shana  MAMOU,11,3,True,2026-08-09 02:45
2026-08-06,Jeudi,09:00,09:50,MIROMESNIL REFORMER STUDIO,REFORMER PILATES,Florence COLLIN BECUWE Advanced/Intense ,11,0,True,2026-08-09 02:45
2026-08-06,Jeudi,09:00,10:00,MOZART GYM STUDIO - MAT,DYNAMIC PILATES,Marie-Claire AZAR @mc.ismyname Intense / Advanced,16,0,True,2026-08-09 02:45
2026-08-06,Jeudi,09:00,09:50,NEUILLY NEWFORMER - INTENSE PILATES,NEWFORMER - INTENSE PILATES,Nicolas MARTINS Intense / Advanced,9,0,True,2026-08-09 02:45
2026-08-06,Jeudi,09:00,09:50,PASSY NEWFORMER - INTENSE PILATES,NEWFORMER - INTENSE PILATES,Kasia @k_shia,9,0,True,2026-08-09 02:45
2026-08-06,Jeudi,09:00,09:50,SAINT MANDÉ REFORMER STUDIO,REFORMER PILATES,Golda BENCHETRIT,12,4,True,2026-08-09 02:45
2026-08-06,Jeudi,09:00,09:50,SURESNES REFORMER STUDIO,REFORMER PILATES,Marianne Basbous,10,0,True,2026-08-09 02:45
2026-08-06,Jeudi,09:00,09:50,VAUGIRARD RÉFORMER STUDIO,REFORMER PILATES,Cecilia PINTO,11,3,True,2026-08-09 02:45
2026-08-06,Jeudi,09:00,09:50,VAVIN REFORMER STUDIO,REFORMER PILATES,Soudi ZARGHAM,12,2,True,2026-08-09 02:45
2026-08-06,Jeudi,09:00,09:50,WAGRAM REFORMER STUDIO,REFORMER PILATES,Jenny JORDAN,11,5,True,2026-08-09 02:45
2026-08-06,Jeudi,09:30,10:30,NEUILLY GYM STUDIO - MAT,BARRE WORKOUT,Kim GAMPEL,12,0,True,2026-08-09 02:45
2026-08-06,Jeudi,10:00,10:50,BATIGNOLLES REFORMER STUDIO,REFORMER PILATES,Arthur Intense/Advanced @arthur.gambardella ,12,3,True,2026-08-09 02:45
2026-08-06,Jeudi,10:00,10:50,BOSQUET REFORMER STUDIO,REFORMER PILATES,Jessika CRUZ,11,1,True,2026-08-09 02:45
2026-08-06,Jeudi,10:00,10:50,BOULOGNE REFORMER STUDIO,REFORMER PILATES,Aude SCHLACTHER,12,0,True,2026-08-09 02:45
2026-08-06,Jeudi,10:00,10:50,MARAIS REFORMER STUDIO,REFORMER PILATES,Cynthia GALIN,10,0,True,2026-08-09 02:45
2026-08-06,Jeudi,10:00,10:50,MAUBEUGE REFORMER STUDIO,REFORMER PILATES,Shana  MAMOU,11,3,True,2026-08-09 02:45
2026-08-06,Jeudi,10:00,10:45,MOZART GYM STUDIO - MAT,DYNAMIC PILATES,Carla BISOLI,16,0,True,2026-08-09 02:45
2026-08-06,Jeudi,10:00,10:50,NEUILLY NEWFORMER - INTENSE PILATES,NEWFORMER - INTENSE PILATES,Nicolas MARTINS Intense / Advanced,9,0,True,2026-08-09 02:45
2026-08-06,Jeudi,10:00,10:50,PASSY NEWFORMER - INTENSE PILATES,NEWFORMER - INTENSE PILATES,Kasia @k_shia,9,4,True,2026-08-09 02:45
2026-08-06,Jeudi,10:00,10:50,SAINT MANDÉ REFORMER STUDIO,REFORMER PILATES,Golda BENCHETRIT,12,2,True,2026-08-09 02:45
2026-08-06,Jeudi,10:00,10:50,SENTIER REFORMER STUDIO,REFORMER PILATES,Mathilde DURAND,14,0,True,2026-08-09 02:45
2026-08-06,Jeudi,10:00,10:50,SURESNES REFORMER STUDIO,REFORMER PILATES,Marianne Basbous,10,0,True,2026-08-09 02:45
2026-08-06,Jeudi,10:00,10:50,VAUGIRARD RÉFORMER STUDIO,REFORMER PILATES,Cecilia PINTO,11,3,True,2026-08-09 02:45
2026-08-06,Jeudi,10:00,10:50,VAVIN REFORMER STUDIO,REFORMER PILATES,Soudi ZARGHAM,12,5,True,2026-08-09 02:45
2026-08-06,Jeudi,10:00,10:50,WAGRAM REFORMER STUDIO,REFORMER PILATES,Jenny JORDAN,11,4,True,2026-08-09 02:45
2026-08-06,Jeudi,10:30,11:30,NEUILLY GYM STUDIO - MAT,DYNAMIC PILATES,Joe BERCKMANS @go_for_it_joe,12,0,True,2026-08-09 02:45
2026-08-06,Jeudi,11:00,11:50,BATIGNOLLES REFORMER STUDIO,REFORMER PILATES,Alexia VITALI,12,4,True,2026-08-09 02:45
2026-08-06,Jeudi,11:00,11:50,BOSQUET REFORMER STUDIO,REFORMER PILATES,Jessika CRUZ,11,8,True,2026-08-09 02:45
2026-08-06,Jeudi,11:00,11:50,BOULOGNE REFORMER STUDIO,REFORMER PILATES,Aude SCHLACTHER,12,0,True,2026-08-09 02:45
2026-08-06,Jeudi,11:00,11:50,MADELEINE REFORMER STUDIO,REFORMER PILATES,Florence COLLIN BECUWE Advanced/Intense ,12,0,True,2026-08-09 02:45
2026-08-06,Jeudi,11:00,11:50,MARAIS REFORMER STUDIO,REFORMER PILATES,Sofia TRUKHACHEVA,10,0,True,2026-08-09 02:45
2026-08-06,Jeudi,11:00,11:50,MAUBEUGE REFORMER STUDIO,REFORMER PILATES,Angelina TAVARES,11,0,True,2026-08-09 02:45
2026-08-06,Jeudi,11:00,11:50,MIROMESNIL REFORMER STUDIO,REFORMER PILATES,Leila OUCHEN,11,5,True,2026-08-09 02:45
2026-08-06,Jeudi,11:00,11:50,NEUILLY NEWFORMER - INTENSE PILATES,NEWFORMER - INTENSE PILATES,Nicolas MARTINS Intense / Advanced,9,0,True,2026-08-09 02:45
2026-08-06,Jeudi,11:00,11:50,PASSY NEWFORMER - INTENSE PILATES,NEWFORMER - INTENSE PILATES,Polina BODEEVA,9,5,True,2026-08-09 02:45
2026-08-06,Jeudi,11:00,11:50,WAGRAM REFORMER STUDIO,REFORMER PILATES,Candice TOUBIANA @candice.pilates,11,2,True,2026-08-09 02:45
2026-08-06,Jeudi,11:30,12:15,MOZART GYM STUDIO - MAT,MÉTHODE BOOTY & CORE,Elsa TRAINING ,16,0,True,2026-08-09 02:45
2026-08-06,Jeudi,12:00,12:50,BATIGNOLLES REFORMER STUDIO,REFORMER PILATES,Alexia VITALI,12,7,True,2026-08-09 02:45
2026-08-06,Jeudi,12:00,12:50,BOSQUET REFORMER STUDIO,REFORMER PILATES,Jessika CRUZ,11,6,True,2026-08-09 02:45
2026-08-06,Jeudi,12:00,12:50,BOULOGNE REFORMER STUDIO,REFORMER PILATES,Aude SCHLACTHER,12,0,True,2026-08-09 02:45
2026-08-06,Jeudi,12:00,12:50,INVALIDES REFORMER STUDIO,REFORMER PILATES,Shana  MAMOU,10,0,True,2026-08-09 02:45
2026-08-06,Jeudi,12:00,12:50,MADELEINE REFORMER STUDIO,REFORMER PILATES,Florence COLLIN BECUWE Advanced/Intense ,12,0,True,2026-08-09 02:45
2026-08-06,Jeudi,12:00,12:50,MARAIS REFORMER STUDIO,REFORMER PILATES,Jean-Noël JUILLARD,10,3,True,2026-08-09 02:45
2026-08-06,Jeudi,12:00,12:50,MAUBEUGE REFORMER STUDIO,REFORMER PILATES,Angelina TAVARES,11,3,True,2026-08-09 02:45
2026-08-06,Jeudi,12:00,12:50,MIROMESNIL REFORMER STUDIO,REFORMER PILATES,Leila OUCHEN,11,4,True,2026-08-09 02:45
2026-08-06,Jeudi,12:00,12:50,NEUILLY NEWFORMER - INTENSE PILATES,NEWFORMER - INTENSE PILATES,Nicolas MARTINS Intense / Advanced,9,0,True,2026-08-09 02:45
2026-08-06,Jeudi,12:00,12:50,PASSY NEWFORMER - INTENSE PILATES,NEWFORMER - INTENSE PILATES,Polina BODEEVA,9,0,True,2026-08-09 02:45
2026-08-06,Jeudi,12:00,12:50,SAINT MANDÉ REFORMER STUDIO,REFORMER PILATES,Anaïs CHRISTIAENS,12,3,True,2026-08-09 02:45
2026-08-06,Jeudi,12:00,12:50,SENTIER REFORMER STUDIO,REFORMER PILATES,Victoria OROZCO @victoriamouvement,14,0,True,2026-08-09 02:45
2026-08-06,Jeudi,12:00,12:50,SURESNES REFORMER STUDIO,REFORMER PILATES,Marianne Basbous,10,7,True,2026-08-09 02:45
2026-08-06,Jeudi,12:00,12:50,VAUGIRARD RÉFORMER STUDIO,REFORMER PILATES,Sacha DOURIANT,11,0,True,2026-08-09 02:45
2026-08-06,Jeudi,12:00,12:50,VAVIN REFORMER STUDIO,REFORMER PILATES,Sonia @sonia_raconte Intermédiaire/Avancé ,12,4,True,2026-08-09 02:45
2026-08-06,Jeudi,12:00,12:50,WAGRAM REFORMER STUDIO,REFORMER PILATES,Candice TOUBIANA @candice.pilates,11,6,True,2026-08-09 02:45
2026-08-06,Jeudi,12:30,13:45,MOZART GYM STUDIO - MAT,YOGA VINYASA,Flore TURRA (intermédiaire),16,0,True,2026-08-09 02:45
2026-08-06,Jeudi,12:30,13:15,NEUILLY GYM STUDIO - MAT,BODY SCULPT,Marcus FITLIFE,12,0,True,2026-08-09 02:45
2026-08-06,Jeudi,13:00,13:50,BATIGNOLLES REFORMER STUDIO,REFORMER PILATES,Alexia VITALI,12,4,True,2026-08-09 02:45
2026-08-06,Jeudi,13:00,13:50,BOULOGNE REFORMER STUDIO,REFORMER PILATES,Aude SCHLACTHER,12,0,True,2026-08-09 02:45
2026-08-06,Jeudi,13:00,13:50,INVALIDES REFORMER STUDIO,REFORMER PILATES,Shana  MAMOU,10,0,True,2026-08-09 02:45
2026-08-06,Jeudi,13:00,13:50,MADELEINE REFORMER STUDIO,REFORMER PILATES,Florence COLLIN BECUWE Advanced/Intense ,12,0,True,2026-08-09 02:45
2026-08-06,Jeudi,13:00,13:50,MARAIS REFORMER STUDIO,REFORMER PILATES,Jean-Noël JUILLARD,10,3,True,2026-08-09 02:45
2026-08-06,Jeudi,13:00,13:50,MAUBEUGE REFORMER STUDIO,REFORMER PILATES,Angelina TAVARES,11,3,True,2026-08-09 02:45
2026-08-06,Jeudi,13:00,13:50,PASSY NEWFORMER - INTENSE PILATES,NEWFORMER - INTENSE PILATES,Polina BODEEVA,9,5,True,2026-08-09 02:45
2026-08-06,Jeudi,13:00,13:50,SAINT MANDÉ REFORMER STUDIO,REFORMER PILATES,Anaïs CHRISTIAENS,12,0,False,2026-08-06 03:13
2026-08-06,Jeudi,13:00,13:50,SENTIER REFORMER STUDIO,REFORMER PILATES,Victoria OROZCO @victoriamouvement,14,0,True,2026-08-09 02:45
2026-08-06,Jeudi,13:00,13:50,SURESNES REFORMER STUDIO,REFORMER PILATES,Marianne Basbous,10,3,True,2026-08-09 02:45
2026-08-06,Jeudi,13:00,13:50,VAUGIRARD RÉFORMER STUDIO,REFORMER PILATES,Sacha DOURIANT,11,6,True,2026-08-09 02:45
2026-08-06,Jeudi,13:00,13:50,VAVIN REFORMER STUDIO,REFORMER PILATES,Sonia @sonia_raconte Intermédiaire/Avancé ,12,4,True,2026-08-09 02:45
2026-08-06,Jeudi,17:00,17:50,BATIGNOLLES REFORMER STUDIO,REFORMER PILATES,Jacky TEWES ,12,2,True,2026-08-09 02:45
2026-08-06,Jeudi,17:00,17:50,BOULOGNE REFORMER STUDIO,REFORMER PILATES,Cecilia PINTO,12,0,True,2026-08-09 02:45
2026-08-06,Jeudi,17:00,17:50,MAUBEUGE REFORMER STUDIO,REFORMER PILATES,Joy DUQUESNE,11,3,True,2026-08-09 02:45
2026-08-06,Jeudi,17:00,17:50,MIROMESNIL REFORMER STUDIO,REFORMER PILATES,Laura LAUGERO @lauralld,11,0,True,2026-08-09 02:45
2026-08-06,Jeudi,17:00,17:50,NEUILLY NEWFORMER - INTENSE PILATES,NEWFORMER - INTENSE PILATES,Vincent PEDRAZA @vincent.pedraza,9,0,True,2026-08-09 02:45
2026-08-06,Jeudi,17:00,17:50,PASSY NEWFORMER - INTENSE PILATES,NEWFORMER - INTENSE PILATES,Carla @training_by_carla,9,5,True,2026-08-09 02:45
2026-08-06,Jeudi,17:00,17:50,SURESNES REFORMER STUDIO,REFORMER PILATES,Andrea JURDI,10,0,True,2026-08-09 02:45
2026-08-06,Jeudi,17:00,17:50,VAVIN REFORMER STUDIO,REFORMER PILATES,Justine  LE CORRE @justine.fitandflowreformer,12,0,True,2026-08-09 02:45
2026-08-06,Jeudi,18:00,18:50,BATIGNOLLES REFORMER STUDIO,REFORMER PILATES,Jacky TEWES ,12,7,True,2026-08-09 02:45
2026-08-06,Jeudi,18:00,18:50,BOSQUET REFORMER STUDIO,REFORMER PILATES,Valérie @valeriefitcoaching / Advanced,11,3,True,2026-08-09 02:45
2026-08-06,Jeudi,18:00,18:50,BOULOGNE REFORMER STUDIO,REFORMER PILATES,Cecilia PINTO,12,0,True,2026-08-09 02:45
2026-08-06,Jeudi,18:00,18:50,INVALIDES REFORMER STUDIO,REFORMER PILATES,Léane AMRAM,10,0,True,2026-08-09 02:45
2026-08-06,Jeudi,18:00,18:50,MADELEINE REFORMER STUDIO,REFORMER PILATES,Shana  MAMOU,12,0,True,2026-08-09 02:45
2026-08-06,Jeudi,18:00,18:50,MARAIS REFORMER STUDIO,REFORMER PILATES,Camille AUZANNEAU,10,2,True,2026-08-09 02:45
2026-08-06,Jeudi,18:00,18:50,MAUBEUGE REFORMER STUDIO,REFORMER PILATES,Joy DUQUESNE,11,2,True,2026-08-09 02:45
2026-08-06,Jeudi,18:00,18:50,MIROMESNIL REFORMER STUDIO,REFORMER PILATES,Laura LAUGERO @lauralld,11,7,True,2026-08-09 02:45
2026-08-06,Jeudi,18:00,18:50,MOZART GYM STUDIO - MAT,Cuisses Abdos Fessiers - CAF,Nicolas DUCHESNE,14,0,True,2026-08-09 02:45
2026-08-06,Jeudi,18:00,18:50,NEUILLY NEWFORMER - INTENSE PILATES,NEWFORMER - INTENSE PILATES,Vincent PEDRAZA @vincent.pedraza,9,0,True,2026-08-09 02:45
2026-08-06,Jeudi,18:00,18:50,PASSY NEWFORMER - INTENSE PILATES,NEWFORMER - INTENSE PILATES,Carla @training_by_carla,9,9,True,2026-08-09 02:45
2026-08-06,Jeudi,18:00,18:50,SENTIER REFORMER STUDIO,REFORMER PILATES,Eva MENIGOZ,14,0,True,2026-08-09 02:45
2026-08-06,Jeudi,18:00,18:50,SURESNES REFORMER STUDIO,REFORMER PILATES,Andrea JURDI,10,3,True,2026-08-09 02:45
2026-08-06,Jeudi,18:00,18:50,VAUGIRARD RÉFORMER STUDIO,REFORMER PILATES,Polina BODEEVA,11,5,True,2026-08-09 02:45
2026-08-06,Jeudi,18:00,18:50,VAVIN REFORMER STUDIO,REFORMER PILATES,Justine  LE CORRE @justine.fitandflowreformer,12,11,True,2026-08-09 02:45
2026-08-06,Jeudi,18:00,18:50,WAGRAM REFORMER STUDIO,REFORMER PILATES,Polly PRIANIKOVA,11,3,True,2026-08-09 02:45
2026-08-06,Jeudi,18:15,19:15,NEUILLY GYM STUDIO - MAT,BARRE WORKOUT,Cynthia MONTANO,12,0,True,2026-08-09 02:45
2026-08-06,Jeudi,19:00,19:50,BATIGNOLLES REFORMER STUDIO,REFORMER PILATES,Jacky TEWES ,12,11,True,2026-08-09 02:45
2026-08-06,Jeudi,19:00,19:50,BOSQUET REFORMER STUDIO,REFORMER PILATES,Valérie @valeriefitcoaching / Advanced,11,3,True,2026-08-09 02:45
2026-08-06,Jeudi,19:00,19:50,BOULOGNE REFORMER STUDIO,REFORMER PILATES,Cecilia PINTO,12,0,True,2026-08-09 02:45
2026-08-06,Jeudi,19:00,19:50,INVALIDES REFORMER STUDIO,REFORMER PILATES,Léane AMRAM,10,0,True,2026-08-09 02:45
2026-08-06,Jeudi,19:00,19:50,MADELEINE REFORMER STUDIO,REFORMER PILATES,Shana  MAMOU,12,0,True,2026-08-09 02:45
2026-08-06,Jeudi,19:00,19:50,MARAIS REFORMER STUDIO,REFORMER PILATES,Camille AUZANNEAU,10,10,True,2026-08-09 02:45
2026-08-06,Jeudi,19:00,19:50,MAUBEUGE REFORMER STUDIO,REFORMER PILATES,Joy DUQUESNE,11,8,True,2026-08-09 02:45
2026-08-06,Jeudi,19:00,19:50,MIROMESNIL REFORMER STUDIO,REFORMER PILATES,Laura LAUGERO @lauralld,11,2,True,2026-08-09 02:45
2026-08-06,Jeudi,19:00,19:50,MOZART GYM STUDIO - MAT,FOCUS ABS & FULL BODY,Nicolas DUCHESNE,16,0,True,2026-08-09 02:45
2026-08-06,Jeudi,19:00,19:50,NEUILLY NEWFORMER - INTENSE PILATES,NEWFORMER - INTENSE PILATES,Vincent PEDRAZA @vincent.pedraza,9,0,True,2026-08-09 02:45
2026-08-06,Jeudi,19:00,19:50,PASSY NEWFORMER - INTENSE PILATES,NEWFORMER - INTENSE PILATES,Carla @training_by_carla,9,8,True,2026-08-09 02:45
2026-08-06,Jeudi,19:00,19:50,SAINT MANDÉ REFORMER STUDIO,REFORMER PILATES,Wendy GUILHEM,12,8,True,2026-08-09 02:45
2026-08-06,Jeudi,19:00,19:50,SENTIER REFORMER STUDIO,REFORMER PILATES,Eva MENIGOZ,14,0,True,2026-08-09 02:45
2026-08-06,Jeudi,19:00,19:50,SURESNES REFORMER STUDIO,REFORMER PILATES,Dorina YICHU ,10,3,True,2026-08-09 02:45
2026-08-06,Jeudi,19:00,19:50,VAUGIRARD RÉFORMER STUDIO,REFORMER PILATES,Polina BODEEVA,11,11,True,2026-08-09 02:45
2026-08-06,Jeudi,19:00,19:50,VAVIN REFORMER STUDIO,REFORMER PILATES,Justine  LE CORRE @justine.fitandflowreformer,12,6,True,2026-08-09 02:45
2026-08-06,Jeudi,19:00,19:50,WAGRAM REFORMER STUDIO,REFORMER PILATES,Polly PRIANIKOVA,11,9,True,2026-08-09 02:45
2026-08-06,Jeudi,19:15,20:00,NEUILLY GYM STUDIO - MAT,BARRE WORKOUT EXPRESS,Cynthia MONTANO,12,0,True,2026-08-09 02:45
2026-08-06,Jeudi,20:00,20:50,BATIGNOLLES REFORMER STUDIO,REFORMER PILATES,Jacky TEWES ,12,0,True,2026-08-09 02:45
2026-08-06,Jeudi,20:00,20:50,BOSQUET REFORMER STUDIO,REFORMER PILATES,Valérie @valeriefitcoaching / Advanced,11,3,True,2026-08-09 02:45
2026-08-06,Jeudi,20:00,20:50,BOULOGNE REFORMER STUDIO,REFORMER PILATES,Cecilia PINTO,12,0,True,2026-08-09 02:45
2026-08-06,Jeudi,20:00,20:50,INVALIDES REFORMER STUDIO,REFORMER PILATES,Léane AMRAM,10,0,True,2026-08-09 02:45
2026-08-06,Jeudi,20:00,20:50,MADELEINE REFORMER STUDIO,REFORMER PILATES,Shana  MAMOU,12,0,True,2026-08-09 02:45
2026-08-06,Jeudi,20:00,20:50,MARAIS REFORMER STUDIO,REFORMER PILATES,Camille AUZANNEAU,10,1,True,2026-08-09 02:45
2026-08-06,Jeudi,20:00,20:50,MOZART GYM STUDIO - MAT,BARRE PILATES,Magali LAURENT,17,0,True,2026-08-09 02:45
2026-08-06,Jeudi,20:00,20:50,NEUILLY GYM STUDIO - MAT,BARRE PILATES,Cynthia MONTANO,12,0,True,2026-08-09 02:45
2026-08-06,Jeudi,20:00,20:50,NEUILLY NEWFORMER - INTENSE PILATES,NEWFORMER - INTENSE PILATES,Vincent PEDRAZA @vincent.pedraza,9,0,True,2026-08-09 02:45
2026-08-06,Jeudi,20:00,20:50,PASSY NEWFORMER - INTENSE PILATES,NEWFORMER - INTENSE PILATES,Carla @training_by_carla,9,5,True,2026-08-09 02:45
2026-08-06,Jeudi,20:00,20:50,SAINT MANDÉ REFORMER STUDIO,REFORMER PILATES,Wendy GUILHEM,12,0,True,2026-08-09 02:45
2026-08-06,Jeudi,20:00,20:50,SENTIER REFORMER STUDIO,REFORMER PILATES,Eva MENIGOZ,14,0,True,2026-08-09 02:45
2026-08-06,Jeudi,20:00,20:50,SURESNES REFORMER STUDIO,REFORMER PILATES,Dorina YICHU ,10,2,True,2026-08-09 02:45
2026-08-06,Jeudi,20:00,20:50,VAUGIRARD RÉFORMER STUDIO,REFORMER PILATES,Polina BODEEVA,11,0,True,2026-08-09 02:45
2026-08-06,Jeudi,20:00,20:50,VAVIN REFORMER STUDIO,REFORMER PILATES,Justine  LE CORRE @justine.fitandflowreformer,12,3,True,2026-08-09 02:45
2026-08-07,Vendredi,08:00,08:50,BATIGNOLLES REFORMER STUDIO,REFORMER PILATES,Florence COLLIN BECUWE Advanced/Intense ,12,4,True,2026-08-10 02:46
2026-08-07,Vendredi,08:00,08:50,MADELEINE REFORMER STUDIO,REFORMER PILATES,Cecilia PINTO,12,0,True,2026-08-10 02:46
2026-08-07,Vendredi,08:00,08:50,MARAIS REFORMER STUDIO,REFORMER PILATES,Léane AMRAM,10,3,True,2026-08-10 02:46
2026-08-07,Vendredi,08:00,08:50,MAUBEUGE REFORMER STUDIO,REFORMER PILATES,Camille AUZANNEAU,11,7,True,2026-08-10 02:46
2026-08-07,Vendredi,08:00,08:50,MIROMESNIL REFORMER STUDIO,REFORMER PILATES,Shana  MAMOU,11,4,True,2026-08-10 02:46
2026-08-07,Vendredi,08:00,08:50,MOZART GYM STUDIO - MAT,DYNAMIC PILATES,Manon VIRMOUX,15,0,True,2026-08-10 02:46
2026-08-07,Vendredi,08:00,08:50,NEUILLY NEWFORMER - INTENSE PILATES,NEWFORMER - INTENSE PILATES,Naomie CALINSKI,9,0,True,2026-08-10 02:46
2026-08-07,Vendredi,08:00,08:50,PASSY NEWFORMER - INTENSE PILATES,NEWFORMER - INTENSE PILATES,Nicolas DUCHESNE,9,3,True,2026-08-10 02:46
2026-08-07,Vendredi,08:00,08:50,SURESNES REFORMER STUDIO,REFORMER PILATES,Cynthia GALIN,10,4,True,2026-08-10 02:46
2026-08-07,Vendredi,08:00,08:50,VAVIN REFORMER STUDIO,REFORMER PILATES,Celia Hachem,12,3,True,2026-08-10 02:46
2026-08-07,Vendredi,09:00,09:50,BATIGNOLLES REFORMER STUDIO,REFORMER PILATES,Florence COLLIN BECUWE Advanced/Intense ,12,1,True,2026-08-10 02:46
2026-08-07,Vendredi,09:00,09:50,BOSQUET REFORMER STUDIO,REFORMER PILATES,Joy DUQUESNE,11,0,False,2026-08-06 12:22
2026-08-07,Vendredi,09:00,09:50,INVALIDES REFORMER STUDIO,REFORMER PILATES,Julia TAPIRO,10,0,True,2026-08-10 02:46
2026-08-07,Vendredi,09:00,09:50,MADELEINE REFORMER STUDIO,REFORMER PILATES,Cecilia PINTO,12,0,True,2026-08-10 02:46
2026-08-07,Vendredi,09:00,09:50,MARAIS REFORMER STUDIO,REFORMER PILATES,Léane AMRAM,10,6,True,2026-08-10 02:46
2026-08-07,Vendredi,09:00,09:50,MAUBEUGE REFORMER STUDIO,REFORMER PILATES,Camille AUZANNEAU,11,0,True,2026-08-10 02:46
2026-08-07,Vendredi,09:00,09:50,MIROMESNIL REFORMER STUDIO,REFORMER PILATES,Shana  MAMOU,11,2,True,2026-08-10 02:46
2026-08-07,Vendredi,09:00,10:00,MOZART GYM STUDIO - MAT,YOGA VINYASA,Tamara KUZNETCOVA,16,0,True,2026-08-10 02:46
2026-08-07,Vendredi,09:00,09:50,NEUILLY GYM STUDIO - MAT,Cuisses Abdos Fessiers - CAF,Ibrahima BALDE,14,0,True,2026-08-10 02:46
2026-08-07,Vendredi,09:00,09:50,NEUILLY NEWFORMER - INTENSE PILATES,NEWFORMER - INTENSE PILATES,Naomie CALINSKI,9,0,True,2026-08-10 02:46
2026-08-07,Vendredi,09:00,09:50,PASSY NEWFORMER - INTENSE PILATES,NEWFORMER - INTENSE PILATES,Nicolas DUCHESNE,9,0,True,2026-08-10 02:46
2026-08-07,Vendredi,09:00,09:50,SENTIER REFORMER STUDIO,REFORMER PILATES,Houssem Boutiti,14,0,True,2026-08-10 02:46
2026-08-07,Vendredi,09:00,09:50,SURESNES REFORMER STUDIO,REFORMER PILATES,Cynthia GALIN,10,2,True,2026-08-10 02:46
2026-08-07,Vendredi,09:00,09:50,VAUGIRARD RÉFORMER STUDIO,REFORMER PILATES,Sonia @sonia_raconte Intermédiaire/Avancé ,11,7,True,2026-08-10 02:46
2026-08-07,Vendredi,09:00,09:50,VAVIN REFORMER STUDIO,REFORMER PILATES,Celia Hachem,12,4,True,2026-08-10 02:46
2026-08-07,Vendredi,09:00,09:50,WAGRAM REFORMER STUDIO,REFORMER PILATES,Philippine DESTAING,11,5,True,2026-08-10 02:46
2026-08-07,Vendredi,10:00,10:50,BATIGNOLLES REFORMER STUDIO,REFORMER PILATES,Florence COLLIN BECUWE Advanced/Intense ,12,0,True,2026-08-10 02:46
2026-08-07,Vendredi,10:00,10:50,BOSQUET REFORMER STUDIO,REFORMER PILATES,Joy DUQUESNE,11,2,True,2026-08-10 02:46
2026-08-07,Vendredi,10:00,10:50,BOULOGNE REFORMER STUDIO,REFORMER PILATES,Kasia @k_shia,12,0,True,2026-08-10 02:46
2026-08-07,Vendredi,10:00,10:50,INVALIDES REFORMER STUDIO,REFORMER PILATES,Julia TAPIRO,10,0,True,2026-08-10 02:46
2026-08-07,Vendredi,10:00,10:50,MADELEINE REFORMER STUDIO,REFORMER PILATES,Cecilia PINTO,12,0,True,2026-08-10 02:46
2026-08-07,Vendredi,10:00,10:50,MAUBEUGE REFORMER STUDIO,REFORMER PILATES,Camille AUZANNEAU,11,0,True,2026-08-10 02:46
2026-08-07,Vendredi,10:00,11:00,MOZART GYM STUDIO - MAT,KALON BARRE,KALON BARRE @kalon.movement,16,0,True,2026-08-10 02:46
2026-08-07,Vendredi,10:00,11:00,NEUILLY GYM STUDIO - MAT,KALON BARRE,KALON BARRE @kalon.movement,14,0,True,2026-08-10 02:46
2026-08-07,Vendredi,10:00,10:50,NEUILLY NEWFORMER - INTENSE PILATES,NEWFORMER - INTENSE PILATES,Naomie CALINSKI,9,0,True,2026-08-10 02:46
2026-08-07,Vendredi,10:00,10:50,PASSY NEWFORMER - INTENSE PILATES,NEWFORMER - INTENSE PILATES,Nicolas DUCHESNE,9,3,True,2026-08-10 02:46
2026-08-07,Vendredi,10:00,10:50,SAINT MANDÉ REFORMER STUDIO,REFORMER PILATES,Iris BALAZS,12,5,True,2026-08-10 02:46
2026-08-07,Vendredi,10:00,10:50,SENTIER REFORMER STUDIO,REFORMER PILATES,Houssem Boutiti,14,0,True,2026-08-10 02:46
2026-08-07,Vendredi,10:00,10:50,SURESNES REFORMER STUDIO,REFORMER PILATES,Cynthia GALIN,10,5,True,2026-08-10 02:46
2026-08-07,Vendredi,10:00,10:50,VAUGIRARD RÉFORMER STUDIO,REFORMER PILATES,Sonia @sonia_raconte Intermédiaire/Avancé ,11,3,True,2026-08-10 02:46
2026-08-07,Vendredi,10:00,10:50,VAVIN REFORMER STUDIO,REFORMER PILATES,Celia Hachem,12,0,False,2026-08-06 12:22
2026-08-07,Vendredi,10:00,10:50,WAGRAM REFORMER STUDIO,REFORMER PILATES,Philippine DESTAING,11,3,True,2026-08-10 02:46
2026-08-07,Vendredi,11:00,11:50,BATIGNOLLES REFORMER STUDIO,REFORMER PILATES,Cynthia MONTANO,12,4,True,2026-08-10 02:46
2026-08-07,Vendredi,11:00,11:50,BOULOGNE REFORMER STUDIO,REFORMER PILATES,Kasia @k_shia,12,0,True,2026-08-10 02:46
2026-08-07,Vendredi,11:00,11:50,MARAIS REFORMER STUDIO,REFORMER PILATES,Sofia TRUKHACHEVA,10,1,False,2026-08-06 12:22
2026-08-07,Vendredi,11:00,11:50,MAUBEUGE REFORMER STUDIO,REFORMER PILATES,Camille AUZANNEAU,11,0,False,2026-08-06 12:22
2026-08-07,Vendredi,11:00,11:50,NEUILLY NEWFORMER - INTENSE PILATES,NEWFORMER - INTENSE PILATES,Arthur Intense/Advanced @arthur.gambardella ,9,0,True,2026-08-10 02:46
2026-08-07,Vendredi,11:00,11:50,PASSY NEWFORMER - INTENSE PILATES,NEWFORMER - INTENSE PILATES,Nicolas DUCHESNE,9,5,True,2026-08-10 02:46
2026-08-07,Vendredi,11:00,11:50,SAINT MANDÉ REFORMER STUDIO,REFORMER PILATES,Iris BALAZS,12,2,True,2026-08-10 02:46
2026-08-07,Vendredi,11:00,11:50,VAVIN REFORMER STUDIO,REFORMER PILATES,Celia Hachem,12,4,True,2026-08-10 02:46
2026-08-07,Vendredi,11:00,11:50,WAGRAM REFORMER STUDIO,REFORMER PILATES,Shana  MAMOU,11,0,False,2026-08-06 12:22
2026-08-07,Vendredi,11:15,12:00,NEUILLY GYM STUDIO - MAT,STRETCHING CLASS,Valentine @balletdodu ,12,0,True,2026-08-10 02:46
2026-08-07,Vendredi,11:30,12:30,MOZART GYM STUDIO - MAT,DYNAMIC PILATES,Franziska SCHERNER,16,0,True,2026-08-10 02:46
2026-08-07,Vendredi,12:00,12:50,BATIGNOLLES REFORMER STUDIO,REFORMER PILATES,Cynthia MONTANO,12,6,True,2026-08-10 02:46
2026-08-07,Vendredi,12:00,12:50,BOSQUET REFORMER STUDIO,REFORMER PILATES,Polly PRIANIKOVA,11,7,True,2026-08-10 02:46
2026-08-07,Vendredi,12:00,12:50,BOULOGNE REFORMER STUDIO,REFORMER PILATES,Kasia @k_shia,12,0,True,2026-08-10 02:46
2026-08-07,Vendredi,12:00,12:50,INVALIDES REFORMER STUDIO,REFORMER PILATES,Sonia @sonia_raconte Intermédiaire/Avancé ,10,0,True,2026-08-10 02:46
2026-08-07,Vendredi,12:00,12:50,MARAIS REFORMER STUDIO,REFORMER PILATES,Sofia TRUKHACHEVA,10,6,True,2026-08-10 02:46
2026-08-07,Vendredi,12:00,12:50,MAUBEUGE REFORMER STUDIO,REFORMER PILATES,Camille AUZANNEAU,11,5,True,2026-08-10 02:46
2026-08-07,Vendredi,12:00,12:50,MIROMESNIL REFORMER STUDIO,REFORMER PILATES,Pauline RAMON @pilatesbypops,11,7,True,2026-08-10 02:46
2026-08-07,Vendredi,12:00,12:50,NEUILLY NEWFORMER - INTENSE PILATES,NEWFORMER - INTENSE PILATES,Arthur Intense/Advanced @arthur.gambardella ,9,0,True,2026-08-10 02:46
2026-08-07,Vendredi,12:00,12:50,PASSY NEWFORMER - INTENSE PILATES,NEWFORMER - INTENSE PILATES,Elsa TRAINING ,9,6,True,2026-08-10 02:46
2026-08-07,Vendredi,12:00,12:50,SAINT MANDÉ REFORMER STUDIO,REFORMER PILATES,Iris BALAZS,12,1,True,2026-08-10 02:46
2026-08-07,Vendredi,12:00,12:50,SENTIER REFORMER STUDIO,REFORMER PILATES,Victoria OROZCO @victoriamouvement,14,0,True,2026-08-10 02:46
2026-08-07,Vendredi,12:00,12:50,SURESNES REFORMER STUDIO,REFORMER PILATES,Lucie DUMONT,10,5,True,2026-08-10 02:46
2026-08-07,Vendredi,12:00,12:50,VAUGIRARD RÉFORMER STUDIO,REFORMER PILATES,Naser SAENDI @coachfitnas,11,11,True,2026-08-10 02:46
2026-08-07,Vendredi,12:00,12:50,VAVIN REFORMER STUDIO,REFORMER PILATES,Joy DUQUESNE,12,7,True,2026-08-10 02:46
2026-08-07,Vendredi,12:00,12:50,WAGRAM REFORMER STUDIO,REFORMER PILATES,Shana  MAMOU,11,1,True,2026-08-10 02:46
2026-08-07,Vendredi,12:10,13:00,MADELEINE REFORMER STUDIO,REFORMER PILATES,Cecilia PINTO,12,0,True,2026-08-10 02:46
2026-08-07,Vendredi,12:15,13:00,NEUILLY GYM STUDIO - MAT,BARRE WORKOUT EXPRESS,Valentine @balletdodu ,12,0,True,2026-08-10 02:46
2026-08-07,Vendredi,12:30,13:30,MOZART GYM STUDIO - MAT,FULL BODY WORKOUT,Bibi 610,18,0,True,2026-08-10 02:46
2026-08-07,Vendredi,13:00,13:50,BATIGNOLLES REFORMER STUDIO,REFORMER PILATES,Cynthia MONTANO,12,8,True,2026-08-10 02:46
2026-08-07,Vendredi,13:00,13:50,BOSQUET REFORMER STUDIO,REFORMER PILATES,Polly PRIANIKOVA,11,0,True,2026-08-10 02:46
2026-08-07,Vendredi,13:00,13:50,BOULOGNE REFORMER STUDIO,REFORMER PILATES,Kasia @k_shia,12,0,True,2026-08-10 02:46
2026-08-07,Vendredi,13:00,13:50,INVALIDES REFORMER STUDIO,REFORMER PILATES,Sonia @sonia_raconte Intermédiaire/Avancé ,10,0,True,2026-08-10 02:46
2026-08-07,Vendredi,13:00,13:50,MARAIS REFORMER STUDIO,REFORMER PILATES,Sofia TRUKHACHEVA,10,5,True,2026-08-10 02:46
2026-08-07,Vendredi,13:00,13:50,MAUBEUGE REFORMER STUDIO,REFORMER PILATES,Camille AUZANNEAU,11,0,False,2026-08-06 12:22
2026-08-07,Vendredi,13:00,13:50,MIROMESNIL REFORMER STUDIO,REFORMER PILATES,Pauline RAMON @pilatesbypops,11,2,True,2026-08-10 02:46
2026-08-07,Vendredi,13:00,13:45,NEUILLY GYM STUDIO - MAT,BARRE WORKOUT EXPRESS,Valentine @balletdodu ,12,0,True,2026-08-10 02:46
2026-08-07,Vendredi,13:00,13:50,NEUILLY NEWFORMER - INTENSE PILATES,NEWFORMER - INTENSE PILATES,Arthur Intense/Advanced @arthur.gambardella ,9,0,True,2026-08-10 02:46
2026-08-07,Vendredi,13:00,13:50,PASSY NEWFORMER - INTENSE PILATES,NEWFORMER - INTENSE PILATES,Elsa TRAINING ,9,0,False,2026-08-06 12:22
2026-08-07,Vendredi,13:00,13:50,SAINT MANDÉ REFORMER STUDIO,REFORMER PILATES,Iris BALAZS,12,3,True,2026-08-10 02:46
2026-08-07,Vendredi,13:00,13:50,SENTIER REFORMER STUDIO,REFORMER PILATES,Victoria OROZCO @victoriamouvement,14,0,True,2026-08-10 02:46
2026-08-07,Vendredi,13:00,13:50,SURESNES REFORMER STUDIO,REFORMER PILATES,Lucie DUMONT,10,2,True,2026-08-10 02:46
2026-08-07,Vendredi,13:00,13:50,VAUGIRARD RÉFORMER STUDIO,REFORMER PILATES,Naser SAENDI @coachfitnas,11,0,True,2026-08-10 02:46
2026-08-07,Vendredi,13:00,13:50,VAVIN REFORMER STUDIO,REFORMER PILATES,Joy DUQUESNE,12,2,True,2026-08-10 02:46
2026-08-07,Vendredi,13:00,13:50,WAGRAM REFORMER STUDIO,REFORMER PILATES,Shana  MAMOU,11,8,True,2026-08-10 02:46
2026-08-07,Vendredi,13:10,14:00,MADELEINE REFORMER STUDIO,REFORMER PILATES,Cecilia PINTO,12,0,True,2026-08-10 02:46
2026-08-07,Vendredi,16:00,16:50,BATIGNOLLES REFORMER STUDIO,REFORMER PILATES,julia Droux,12,0,True,2026-08-10 02:46
2026-08-07,Vendredi,16:00,16:50,BOSQUET REFORMER STUDIO,REFORMER PILATES,Jacky TEWES ,11,3,True,2026-08-10 02:46
2026-08-07,Vendredi,16:00,16:50,BOULOGNE REFORMER STUDIO,REFORMER PILATES,Soudi ZARGHAM,12,0,True,2026-08-10 02:46
2026-08-07,Vendredi,16:00,16:50,INVALIDES REFORMER STUDIO,REFORMER PILATES,Stephanie BROWN - English Class,10,0,True,2026-08-10 02:46
2026-08-07,Vendredi,16:00,16:50,MARAIS REFORMER STUDIO,REFORMER PILATES,Sofia TRUKHACHEVA,10,0,True,2026-08-10 02:46
2026-08-07,Vendredi,16:00,16:50,MIROMESNIL REFORMER STUDIO,REFORMER PILATES,Geraldine SELIGMANN,11,2,True,2026-08-10 02:46
2026-08-07,Vendredi,16:00,16:50,NEUILLY NEWFORMER - INTENSE PILATES,NEWFORMER - INTENSE PILATES,Louise DROUAULT @louiisedrlt,9,0,True,2026-08-10 02:46
2026-08-07,Vendredi,16:00,16:50,PASSY NEWFORMER - INTENSE PILATES,NEWFORMER - INTENSE PILATES,Bonita @bonitawellness_,9,0,False,2026-08-06 12:22
2026-08-07,Vendredi,16:00,16:50,SURESNES REFORMER STUDIO,REFORMER PILATES,Dorina YICHU ,10,0,True,2026-08-10 02:46
2026-08-07,Vendredi,16:00,16:50,VAUGIRARD RÉFORMER STUDIO,REFORMER PILATES,Polina BODEEVA,11,3,True,2026-08-10 02:46
2026-08-07,Vendredi,16:00,16:50,VAVIN REFORMER STUDIO,REFORMER PILATES,Leila OUCHEN,12,3,True,2026-08-10 02:46
2026-08-07,Vendredi,16:00,16:50,WAGRAM REFORMER STUDIO,REFORMER PILATES,Candice TOUBIANA @candice.pilates,11,1,False,2026-08-06 12:22
2026-08-07,Vendredi,17:00,17:50,BATIGNOLLES REFORMER STUDIO,REFORMER PILATES,julia Droux,12,0,True,2026-08-10 02:46
2026-08-07,Vendredi,17:00,17:50,BOSQUET REFORMER STUDIO,REFORMER PILATES,Jacky TEWES ,11,2,True,2026-08-10 02:46
2026-08-07,Vendredi,17:00,17:50,BOULOGNE REFORMER STUDIO,REFORMER PILATES,Soudi ZARGHAM,12,0,True,2026-08-10 02:46
2026-08-07,Vendredi,17:00,17:50,INVALIDES REFORMER STUDIO,REFORMER PILATES,Stephanie BROWN - English Class,10,0,True,2026-08-10 02:46
2026-08-07,Vendredi,17:00,17:50,MADELEINE REFORMER STUDIO,REFORMER PILATES,Mathilde FLAMENT,12,0,True,2026-08-10 02:46
2026-08-07,Vendredi,17:00,17:50,MARAIS REFORMER STUDIO,REFORMER PILATES,Sofia TRUKHACHEVA,10,0,True,2026-08-10 02:46
2026-08-07,Vendredi,17:00,17:50,MAUBEUGE REFORMER STUDIO,REFORMER PILATES,Joy DUQUESNE,11,5,True,2026-08-10 02:46
2026-08-07,Vendredi,17:00,17:50,MIROMESNIL REFORMER STUDIO,REFORMER PILATES,Geraldine SELIGMANN,11,0,True,2026-08-10 02:46
2026-08-07,Vendredi,17:00,17:50,NEUILLY GYM STUDIO - MAT,BODY SCULPT,Lea GUIGNEMENT,14,0,True,2026-08-10 02:46
2026-08-07,Vendredi,17:00,17:50,NEUILLY NEWFORMER - INTENSE PILATES,NEWFORMER - INTENSE PILATES,Louise DROUAULT @louiisedrlt,9,0,True,2026-08-10 02:46
2026-08-07,Vendredi,17:00,17:50,PASSY NEWFORMER - INTENSE PILATES,NEWFORMER - INTENSE PILATES,Bonita @bonitawellness_,9,0,True,2026-08-10 02:46
2026-08-07,Vendredi,17:00,17:50,SENTIER REFORMER STUDIO,REFORMER PILATES,Léane AMRAM,14,0,True,2026-08-10 02:46
2026-08-07,Vendredi,17:00,17:50,SURESNES REFORMER STUDIO,REFORMER PILATES,Dorina YICHU ,10,3,True,2026-08-10 02:46
2026-08-07,Vendredi,17:00,17:50,VAUGIRARD RÉFORMER STUDIO,REFORMER PILATES,Polina BODEEVA,11,1,True,2026-08-10 02:46
2026-08-07,Vendredi,17:00,17:50,VAVIN REFORMER STUDIO,REFORMER PILATES,Leila OUCHEN,12,4,True,2026-08-10 02:46
2026-08-07,Vendredi,17:00,17:50,WAGRAM REFORMER STUDIO,REFORMER PILATES,Candice TOUBIANA @candice.pilates,11,6,True,2026-08-10 02:46
2026-08-07,Vendredi,17:15,18:00,MOZART GYM STUDIO - MAT,FOCUS ABS & FULL BODY,Nicolas DUCHESNE,16,0,True,2026-08-10 02:46
2026-08-07,Vendredi,18:00,18:50,BATIGNOLLES REFORMER STUDIO,REFORMER PILATES,julia Droux,12,0,True,2026-08-10 02:46
2026-08-07,Vendredi,18:00,18:50,BOSQUET REFORMER STUDIO,REFORMER PILATES,Jacky TEWES ,11,2,True,2026-08-10 02:46
2026-08-07,Vendredi,18:00,18:50,BOULOGNE REFORMER STUDIO,REFORMER PILATES,Soudi ZARGHAM,12,0,True,2026-08-10 02:46
2026-08-07,Vendredi,18:00,18:50,INVALIDES REFORMER STUDIO,REFORMER PILATES,Stephanie BROWN - English Class,10,0,True,2026-08-10 02:46
2026-08-07,Vendredi,18:00,18:50,MADELEINE REFORMER STUDIO,REFORMER PILATES,Mathilde FLAMENT,12,0,True,2026-08-10 02:46
2026-08-07,Vendredi,18:00,18:50,MARAIS REFORMER STUDIO,REFORMER PILATES,Sofia TRUKHACHEVA,10,8,True,2026-08-10 02:46
2026-08-07,Vendredi,18:00,18:50,MAUBEUGE REFORMER STUDIO,REFORMER PILATES,Joy DUQUESNE,11,5,True,2026-08-10 02:46
2026-08-07,Vendredi,18:00,18:45,NEUILLY GYM STUDIO - MAT,DYNAMIC PILATES,Lea GUIGNEMENT,14,0,True,2026-08-10 02:46
2026-08-07,Vendredi,18:00,18:50,NEUILLY NEWFORMER - INTENSE PILATES,NEWFORMER - INTENSE PILATES,Louise DROUAULT @louiisedrlt,9,0,True,2026-08-10 02:46
2026-08-07,Vendredi,18:00,18:50,PASSY NEWFORMER - INTENSE PILATES,NEWFORMER - INTENSE PILATES,Bonita @bonitawellness_,9,0,True,2026-08-10 02:46
2026-08-07,Vendredi,18:00,18:50,SENTIER REFORMER STUDIO,REFORMER PILATES,Léane AMRAM,14,0,True,2026-08-10 02:46
2026-08-07,Vendredi,18:00,18:50,SURESNES REFORMER STUDIO,REFORMER PILATES,Dorina YICHU ,10,8,True,2026-08-10 02:46
2026-08-07,Vendredi,18:00,18:50,VAUGIRARD RÉFORMER STUDIO,REFORMER PILATES,Polina BODEEVA,11,9,True,2026-08-10 02:46
2026-08-07,Vendredi,18:00,18:50,VAVIN REFORMER STUDIO,REFORMER PILATES,Leila OUCHEN,12,1,False,2026-08-06 12:22
2026-08-07,Vendredi,18:00,18:50,WAGRAM REFORMER STUDIO,REFORMER PILATES,Candice TOUBIANA @candice.pilates,11,5,True,2026-08-10 02:46
2026-08-07,Vendredi,18:15,19:05,MOZART GYM STUDIO - MAT,FULL BODY PUMP,Nicolas DUCHESNE,14,0,True,2026-08-10 02:46
2026-08-07,Vendredi,19:00,19:50,MOZART GYM STUDIO - MAT,Cuisses Abdos Fessiers - CAF,Nicolas DUCHESNE,16,0,True,2026-08-10 02:46
2026-08-07,Vendredi,19:00,19:45,NEUILLY GYM STUDIO - MAT,Cuisses Abdos Fessiers - CAF,Lea GUIGNEMENT,12,0,True,2026-08-10 02:46
2026-08-07,Vendredi,19:00,19:50,PASSY NEWFORMER - INTENSE PILATES,NEWFORMER - INTENSE PILATES,Bonita @bonitawellness_,9,7,True,2026-08-10 02:46
2026-08-07,Vendredi,19:00,19:50,SENTIER REFORMER STUDIO,REFORMER PILATES,Léane AMRAM,14,0,True,2026-08-10 02:46
2026-08-07,Vendredi,19:00,19:50,SURESNES REFORMER STUDIO,REFORMER PILATES,Dorina YICHU ,10,0,True,2026-08-10 02:46
2026-08-08,Samedi,09:00,09:50,BATIGNOLLES REFORMER STUDIO,REFORMER PILATES,Natasha LODHI - Intense / Advanced,12,8,True,2026-08-11 02:46
2026-08-08,Samedi,09:00,09:50,BOULOGNE REFORMER STUDIO,REFORMER PILATES,Bonita @bonitawellness_,12,0,True,2026-08-11 02:46
2026-08-08,Samedi,09:00,09:50,INVALIDES REFORMER STUDIO,REFORMER PILATES,Camille AUZANNEAU,10,0,True,2026-08-11 02:46
2026-08-08,Samedi,09:00,09:50,MARAIS REFORMER STUDIO,REFORMER PILATES,Nick ELISHA Intense / Advanced,10,3,True,2026-08-11 02:46
2026-08-08,Samedi,09:00,09:50,MAUBEUGE REFORMER STUDIO,REFORMER PILATES,Zoé  @getstronglikezoe Intense / Advanced ,11,6,True,2026-08-11 02:46
2026-08-08,Samedi,09:00,09:50,MOZART GYM STUDIO - MAT,CARDIO BOXING,Benjamin AYLESWORTH,16,0,True,2026-08-11 02:46
2026-08-08,Samedi,09:00,10:00,NEUILLY GYM STUDIO - MAT,Cuisses Abdos Fessiers - CAF,Joe BERCKMANS @go_for_it_joe,15,0,True,2026-08-11 02:46
2026-08-08,Samedi,09:00,09:50,NEUILLY NEWFORMER - INTENSE PILATES,NEWFORMER - INTENSE PILATES,Ibrahima BALDE,9,0,True,2026-08-11 02:46
2026-08-08,Samedi,09:00,09:50,PASSY NEWFORMER - INTENSE PILATES,NEWFORMER - INTENSE PILATES,Nicolas DUCHESNE,9,3,True,2026-08-11 02:46
2026-08-08,Samedi,09:00,09:50,SAINT MANDÉ REFORMER STUDIO,REFORMER PILATES,Nick ELISHA Intense / Advanced,12,0,False,2026-08-07 07:26
2026-08-08,Samedi,09:00,09:50,SENTIER REFORMER STUDIO,REFORMER PILATES,Godefroy HISANY,14,0,True,2026-08-11 02:46
2026-08-08,Samedi,09:00,09:50,SURESNES REFORMER STUDIO,REFORMER PILATES,Cecilia PINTO,10,5,True,2026-08-11 02:46
2026-08-08,Samedi,09:00,09:50,VAUGIRARD RÉFORMER STUDIO,REFORMER PILATES,Naser SAENDI @coachfitnas,11,4,True,2026-08-11 02:46
2026-08-08,Samedi,09:00,09:50,VAVIN REFORMER STUDIO,REFORMER PILATES,Svetlana ZAREBA,12,5,True,2026-08-11 02:46
2026-08-08,Samedi,09:00,09:50,WAGRAM REFORMER STUDIO,REFORMER PILATES,Heloïse GUIBERTEAU,11,0,True,2026-08-11 02:46
2026-08-08,Samedi,10:00,10:50,BATIGNOLLES REFORMER STUDIO,REFORMER PILATES,Natasha LODHI - Intense / Advanced,12,4,True,2026-08-11 02:46
2026-08-08,Samedi,10:00,10:50,BOSQUET REFORMER STUDIO,REFORMER PILATES,Mathilde FLAMENT,11,4,True,2026-08-11 02:46
2026-08-08,Samedi,10:00,10:50,BOULOGNE REFORMER STUDIO,REFORMER PILATES,Bonita @bonitawellness_,12,0,True,2026-08-11 02:46
2026-08-08,Samedi,10:00,10:50,INVALIDES REFORMER STUDIO,REFORMER PILATES,Camille AUZANNEAU,10,0,True,2026-08-11 02:46
2026-08-08,Samedi,10:00,10:50,MADELEINE REFORMER STUDIO,REFORMER PILATES,Léane AMRAM,12,0,True,2026-08-11 02:46
2026-08-08,Samedi,10:00,10:50,MARAIS REFORMER STUDIO,REFORMER PILATES,Nick ELISHA Intense / Advanced,10,1,True,2026-08-11 02:46
2026-08-08,Samedi,10:00,10:50,MAUBEUGE REFORMER STUDIO,REFORMER PILATES,Zoé  @getstronglikezoe Intense / Advanced ,11,2,True,2026-08-11 02:46
2026-08-08,Samedi,10:00,10:50,MIROMESNIL REFORMER STUDIO,REFORMER PILATES,Inass @pilatesbyinass,11,4,True,2026-08-11 02:46
2026-08-08,Samedi,10:00,11:00,MOZART GYM STUDIO - MAT,THE NEW ME,Constance DE SCHOMPRE,22,0,True,2026-08-11 02:46
2026-08-08,Samedi,10:00,11:00,NEUILLY GYM STUDIO - MAT,BODY SCULPT,Joe BERCKMANS @go_for_it_joe,15,0,True,2026-08-11 02:46
2026-08-08,Samedi,10:00,10:50,NEUILLY NEWFORMER - INTENSE PILATES,NEWFORMER - INTENSE PILATES,Ibrahima BALDE,9,0,True,2026-08-11 02:46
2026-08-08,Samedi,10:00,10:50,PASSY NEWFORMER - INTENSE PILATES,NEWFORMER - INTENSE PILATES,Nicolas DUCHESNE,9,5,True,2026-08-11 02:46
2026-08-08,Samedi,10:00,10:50,SAINT MANDÉ REFORMER STUDIO,REFORMER PILATES,Wendy GUILHEM,12,0,True,2026-08-11 02:46
2026-08-08,Samedi,10:00,10:50,SENTIER REFORMER STUDIO,REFORMER PILATES,Godefroy HISANY,14,0,True,2026-08-11 02:46
2026-08-08,Samedi,10:00,10:50,SURESNES REFORMER STUDIO,REFORMER PILATES,Cecilia PINTO,10,6,True,2026-08-11 02:46
2026-08-08,Samedi,10:00,10:50,VAUGIRARD RÉFORMER STUDIO,REFORMER PILATES,Naser SAENDI @coachfitnas,11,5,True,2026-08-11 02:46
2026-08-08,Samedi,10:00,10:50,VAVIN REFORMER STUDIO,REFORMER PILATES,Svetlana ZAREBA,12,5,True,2026-08-11 02:46
2026-08-08,Samedi,10:00,10:50,WAGRAM REFORMER STUDIO,REFORMER PILATES,Heloïse GUIBERTEAU,11,5,True,2026-08-11 02:46
2026-08-08,Samedi,11:00,11:50,BATIGNOLLES REFORMER STUDIO,REFORMER PILATES,Natasha LODHI - Intense / Advanced,12,8,True,2026-08-11 02:46
2026-08-08,Samedi,11:00,11:50,BOSQUET REFORMER STUDIO,REFORMER PILATES,Mathilde FLAMENT,11,5,True,2026-08-11 02:46
2026-08-08,Samedi,11:00,11:50,BOULOGNE REFORMER STUDIO,REFORMER PILATES,Bonita @bonitawellness_,12,0,True,2026-08-11 02:46
2026-08-08,Samedi,11:00,11:50,INVALIDES REFORMER STUDIO,REFORMER PILATES,Camille AUZANNEAU,10,0,True,2026-08-11 02:46
2026-08-08,Samedi,11:00,11:50,MADELEINE REFORMER STUDIO,REFORMER PILATES,Léane AMRAM,12,0,True,2026-08-11 02:46
2026-08-08,Samedi,11:00,11:50,MARAIS REFORMER STUDIO,REFORMER PILATES,Nick ELISHA Intense / Advanced,10,6,True,2026-08-11 02:46
2026-08-08,Samedi,11:00,11:50,MAUBEUGE REFORMER STUDIO,REFORMER PILATES,Zoé  @getstronglikezoe Intense / Advanced ,11,3,True,2026-08-11 02:46
2026-08-08,Samedi,11:00,11:50,MIROMESNIL REFORMER STUDIO,REFORMER PILATES,Inass @pilatesbyinass,11,1,True,2026-08-11 02:46
2026-08-08,Samedi,11:00,12:00,MOZART GYM STUDIO - MAT,KALON BARRE,KALON BARRE @kalon.movement,17,0,True,2026-08-11 02:46
2026-08-08,Samedi,11:00,12:00,NEUILLY GYM STUDIO - MAT,BARRE WORKOUT,Lea GUIGNEMENT,12,0,True,2026-08-11 02:46
2026-08-08,Samedi,11:00,11:50,NEUILLY NEWFORMER - INTENSE PILATES,NEWFORMER - INTENSE PILATES,Ibrahima BALDE,9,0,True,2026-08-11 02:46
2026-08-08,Samedi,11:00,11:50,PASSY NEWFORMER - INTENSE PILATES,NEWFORMER - INTENSE PILATES,Nicolas DUCHESNE,9,9,True,2026-08-11 02:46
2026-08-08,Samedi,11:00,11:50,SAINT MANDÉ REFORMER STUDIO,REFORMER PILATES,Wendy GUILHEM,12,9,True,2026-08-11 02:46
2026-08-08,Samedi,11:00,11:50,SENTIER REFORMER STUDIO,REFORMER PILATES,Godefroy HISANY,14,0,True,2026-08-11 02:46
2026-08-08,Samedi,11:00,11:50,SURESNES REFORMER STUDIO,REFORMER PILATES,Cecilia PINTO,10,6,True,2026-08-11 02:46
2026-08-08,Samedi,11:00,11:50,VAUGIRARD RÉFORMER STUDIO,REFORMER PILATES,Naser SAENDI @coachfitnas,11,7,True,2026-08-11 02:46
2026-08-08,Samedi,11:00,11:50,VAVIN REFORMER STUDIO,REFORMER PILATES,Svetlana ZAREBA,12,7,True,2026-08-11 02:46
2026-08-08,Samedi,11:00,11:50,WAGRAM REFORMER STUDIO,REFORMER PILATES,Heloïse GUIBERTEAU,11,6,True,2026-08-11 02:46
2026-08-08,Samedi,12:00,12:50,BATIGNOLLES REFORMER STUDIO,REFORMER PILATES,Natasha LODHI - Intense / Advanced,12,7,True,2026-08-11 02:46
2026-08-08,Samedi,12:00,12:50,BOSQUET REFORMER STUDIO,REFORMER PILATES,Mathilde FLAMENT,11,4,True,2026-08-11 02:46
2026-08-08,Samedi,12:00,12:50,BOULOGNE REFORMER STUDIO,REFORMER PILATES,Bonita @bonitawellness_,12,0,True,2026-08-11 02:46
2026-08-08,Samedi,12:00,12:50,MADELEINE REFORMER STUDIO,REFORMER PILATES,Léane AMRAM,12,0,True,2026-08-11 02:46
2026-08-08,Samedi,12:00,12:50,MARAIS REFORMER STUDIO,REFORMER PILATES,Nick ELISHA Intense / Advanced,10,1,False,2026-08-06 12:22
2026-08-08,Samedi,12:00,12:50,MAUBEUGE REFORMER STUDIO,REFORMER PILATES,Zoé  @getstronglikezoe Intense / Advanced ,11,1,False,2026-08-06 12:22
2026-08-08,Samedi,12:00,12:50,MIROMESNIL REFORMER STUDIO,REFORMER PILATES,Inass @pilatesbyinass,11,3,True,2026-08-11 02:46
2026-08-08,Samedi,12:00,13:00,MOZART GYM STUDIO - MAT,YOGA VINYASA,Stéphanie CUNICO,16,0,True,2026-08-11 02:46
2026-08-08,Samedi,12:00,12:50,NEUILLY GYM STUDIO - MAT,DYNAMIC PILATES,Lea GUIGNEMENT,12,0,True,2026-08-11 02:46
2026-08-08,Samedi,12:00,12:50,NEUILLY NEWFORMER - INTENSE PILATES,NEWFORMER - INTENSE PILATES,Ibrahima BALDE,9,0,True,2026-08-11 02:46
2026-08-08,Samedi,12:00,12:50,PASSY NEWFORMER - INTENSE PILATES,NEWFORMER - INTENSE PILATES,Capucine GADRET,9,0,True,2026-08-11 02:46
2026-08-08,Samedi,12:00,12:50,SAINT MANDÉ REFORMER STUDIO,REFORMER PILATES,Wendy GUILHEM,12,4,True,2026-08-11 02:46
2026-08-08,Samedi,12:00,12:50,SENTIER REFORMER STUDIO,REFORMER PILATES,Godefroy HISANY,14,0,True,2026-08-11 02:46
2026-08-08,Samedi,12:00,12:50,SURESNES REFORMER STUDIO,REFORMER PILATES,Cecilia PINTO,10,0,True,2026-08-11 02:46
2026-08-08,Samedi,12:00,12:50,VAUGIRARD RÉFORMER STUDIO,REFORMER PILATES,Naser SAENDI @coachfitnas,11,5,True,2026-08-11 02:46
2026-08-08,Samedi,12:00,12:50,VAVIN REFORMER STUDIO,REFORMER PILATES,Svetlana ZAREBA,12,3,True,2026-08-11 02:46
2026-08-08,Samedi,12:00,12:50,WAGRAM REFORMER STUDIO,REFORMER PILATES,Tioka TOKEDIRA,11,10,True,2026-08-11 02:46
2026-08-08,Samedi,13:00,13:50,MARAIS REFORMER STUDIO,REFORMER PILATES,Nick ELISHA Intense / Advanced,10,0,False,2026-08-06 12:22
2026-08-08,Samedi,13:00,13:50,MAUBEUGE REFORMER STUDIO,REFORMER PILATES,Zoé  @getstronglikezoe Intense / Advanced ,11,0,False,2026-08-06 12:22
2026-08-08,Samedi,13:00,13:50,NEUILLY NEWFORMER - INTENSE PILATES,NEWFORMER - INTENSE PILATES,Ibrahima BALDE,9,0,True,2026-08-11 02:46
2026-08-08,Samedi,13:00,13:50,PASSY NEWFORMER - INTENSE PILATES,NEWFORMER - INTENSE PILATES,Capucine GADRET,9,0,False,2026-08-06 12:22
2026-08-08,Samedi,13:00,13:50,SAINT MANDÉ REFORMER STUDIO,REFORMER PILATES,Wendy GUILHEM,12,11,True,2026-08-11 02:46
2026-08-08,Samedi,13:00,13:50,SURESNES REFORMER STUDIO,REFORMER PILATES,Cecilia PINTO,10,0,True,2026-08-11 02:46
2026-08-08,Samedi,13:00,13:50,VAUGIRARD RÉFORMER STUDIO,REFORMER PILATES,Naser SAENDI @coachfitnas,11,1,False,2026-08-06 12:22
2026-08-08,Samedi,13:00,13:50,VAVIN REFORMER STUDIO,REFORMER PILATES,Svetlana ZAREBA,12,5,True,2026-08-11 02:46
2026-08-08,Samedi,13:00,13:50,WAGRAM REFORMER STUDIO,REFORMER PILATES,Tioka TOKEDIRA,11,1,False,2026-08-06 12:22
2026-08-08,Samedi,16:00,16:50,BATIGNOLLES REFORMER STUDIO,REFORMER PILATES,Naser SAENDI @coachfitnas,12,0,True,2026-08-11 02:46
2026-08-08,Samedi,16:00,16:50,BOSQUET REFORMER STUDIO,REFORMER PILATES,Tioka TOKEDIRA,11,0,False,2026-08-06 12:22
2026-08-08,Samedi,16:00,16:50,BOULOGNE REFORMER STUDIO,REFORMER PILATES,Déborah @debopilates,12,0,True,2026-08-11 02:46
2026-08-08,Samedi,16:00,16:50,MARAIS REFORMER STUDIO,REFORMER PILATES,Nick ELISHA Intense / Advanced,10,6,True,2026-08-11 02:46
2026-08-08,Samedi,16:00,16:50,MAUBEUGE REFORMER STUDIO,REFORMER PILATES,Cecilia PINTO,11,1,False,2026-08-06 12:22
2026-08-08,Samedi,16:00,17:00,MOZART GYM STUDIO - MAT,BARRE WORKOUT,Najwa TAHRI Advanced/Intense,15,0,True,2026-08-11 02:46
2026-08-08,Samedi,16:00,16:50,NEUILLY GYM STUDIO - MAT,BARRE WORKOUT,Najwa TAHRI Advanced/Intense,14,0,True,2026-08-11 02:46
2026-08-08,Samedi,16:00,16:50,NEUILLY NEWFORMER - INTENSE PILATES,NEWFORMER - INTENSE PILATES,Arthur Intense/Advanced @arthur.gambardella ,9,0,True,2026-08-11 02:46
2026-08-08,Samedi,16:00,16:50,PASSY NEWFORMER - INTENSE PILATES,NEWFORMER - INTENSE PILATES,Kasia @k_shia,9,0,False,2026-08-06 12:22
2026-08-08,Samedi,16:00,16:50,SAINT MANDÉ REFORMER STUDIO,REFORMER PILATES,Wendy GUILHEM,12,0,True,2026-08-11 02:46
2026-08-08,Samedi,16:00,16:50,SURESNES REFORMER STUDIO,REFORMER PILATES,Marianne Basbous,10,1,True,2026-08-11 02:46
2026-08-08,Samedi,16:00,16:50,VAVIN REFORMER STUDIO,REFORMER PILATES,Jeremy KRYSTKOWIAK,12,5,True,2026-08-11 02:46
2026-08-08,Samedi,17:00,17:50,BATIGNOLLES REFORMER STUDIO,REFORMER PILATES,Naser SAENDI @coachfitnas,12,10,True,2026-08-11 02:46
2026-08-08,Samedi,17:00,17:50,BOSQUET REFORMER STUDIO,REFORMER PILATES,Tioka TOKEDIRA,11,4,True,2026-08-11 02:46
2026-08-08,Samedi,17:00,17:50,BOULOGNE REFORMER STUDIO,REFORMER PILATES,Déborah @debopilates,12,0,True,2026-08-11 02:46
2026-08-08,Samedi,17:00,17:50,MARAIS REFORMER STUDIO,REFORMER PILATES,Nick ELISHA Intense / Advanced,10,1,False,2026-08-08 10:25
2026-08-08,Samedi,17:00,17:50,MAUBEUGE REFORMER STUDIO,REFORMER PILATES,Cecilia PINTO,11,2,True,2026-08-11 02:46
2026-08-08,Samedi,17:00,18:00,MOZART GYM STUDIO - MAT,INTENSE CORE,Najwa TAHRI Advanced/Intense,16,0,True,2026-08-11 02:46
2026-08-08,Samedi,17:00,17:50,NEUILLY GYM STUDIO - MAT,BARRE PILATES,Najwa TAHRI Advanced/Intense,12,0,True,2026-08-11 02:46
2026-08-08,Samedi,17:00,17:50,NEUILLY NEWFORMER - INTENSE PILATES,NEWFORMER - INTENSE PILATES,Arthur Intense/Advanced @arthur.gambardella ,9,0,True,2026-08-11 02:46
2026-08-08,Samedi,17:00,17:50,PASSY NEWFORMER - INTENSE PILATES,NEWFORMER - INTENSE PILATES,Kasia @k_shia,9,5,True,2026-08-11 02:46
2026-08-08,Samedi,17:00,17:50,SAINT MANDÉ REFORMER STUDIO,REFORMER PILATES,Wendy GUILHEM,12,0,True,2026-08-11 02:46
2026-08-08,Samedi,17:00,17:50,SURESNES REFORMER STUDIO,REFORMER PILATES,Marianne Basbous,10,2,True,2026-08-11 02:46
2026-08-08,Samedi,17:00,17:50,VAUGIRARD RÉFORMER STUDIO,REFORMER PILATES,Léane AMRAM,11,0,True,2026-08-11 02:46
2026-08-08,Samedi,17:00,17:50,VAVIN REFORMER STUDIO,REFORMER PILATES,Jeremy KRYSTKOWIAK,12,1,True,2026-08-11 02:46
2026-08-08,Samedi,17:00,17:50,WAGRAM REFORMER STUDIO,REFORMER PILATES,Inass @pilatesbyinass,11,7,True,2026-08-11 02:46
2026-08-08,Samedi,18:00,18:50,BATIGNOLLES REFORMER STUDIO,REFORMER PILATES,Naser SAENDI @coachfitnas,12,0,True,2026-08-11 02:46
2026-08-08,Samedi,18:00,18:50,BOSQUET REFORMER STUDIO,REFORMER PILATES,Tioka TOKEDIRA,11,1,True,2026-08-11 02:46
2026-08-08,Samedi,18:00,18:50,BOULOGNE REFORMER STUDIO,REFORMER PILATES,Déborah @debopilates,12,0,True,2026-08-11 02:46
2026-08-08,Samedi,18:00,18:50,MARAIS REFORMER STUDIO,REFORMER PILATES,Nick ELISHA Intense / Advanced,10,0,False,2026-08-06 12:22
2026-08-08,Samedi,18:00,18:50,MAUBEUGE REFORMER STUDIO,REFORMER PILATES,Cecilia PINTO,11,3,True,2026-08-11 02:46
2026-08-08,Samedi,18:00,18:50,MOZART GYM STUDIO - MAT,BODY SCULPT,Najwa TAHRI Advanced/Intense,16,0,True,2026-08-11 02:46
2026-08-08,Samedi,18:00,18:50,NEUILLY GYM STUDIO - MAT,BODY SCULPT,Najwa TAHRI Advanced/Intense,12,0,True,2026-08-11 02:46
2026-08-08,Samedi,18:00,18:50,NEUILLY NEWFORMER - INTENSE PILATES,NEWFORMER - INTENSE PILATES,Arthur Intense/Advanced @arthur.gambardella ,9,0,True,2026-08-11 02:46
2026-08-08,Samedi,18:00,18:50,PASSY NEWFORMER - INTENSE PILATES,NEWFORMER - INTENSE PILATES,Kasia @k_shia,9,4,True,2026-08-11 02:46
2026-08-08,Samedi,18:00,18:50,SAINT MANDÉ REFORMER STUDIO,REFORMER PILATES,Wendy GUILHEM,12,0,True,2026-08-11 02:46
2026-08-08,Samedi,18:00,18:50,SURESNES REFORMER STUDIO,REFORMER PILATES,Marianne Basbous,10,0,False,2026-08-06 12:22
2026-08-08,Samedi,18:00,18:50,VAUGIRARD RÉFORMER STUDIO,REFORMER PILATES,Léane AMRAM,11,6,True,2026-08-11 02:46
2026-08-08,Samedi,18:00,18:50,VAVIN REFORMER STUDIO,REFORMER PILATES,Jeremy KRYSTKOWIAK,12,6,True,2026-08-11 02:46
2026-08-08,Samedi,18:00,18:50,WAGRAM REFORMER STUDIO,REFORMER PILATES,Inass @pilatesbyinass,11,5,True,2026-08-11 02:46
2026-08-08,Samedi,19:00,19:50,BATIGNOLLES REFORMER STUDIO,REFORMER PILATES,Naser SAENDI @coachfitnas,12,0,True,2026-08-11 02:46
2026-08-08,Samedi,19:00,19:50,PASSY NEWFORMER - INTENSE PILATES,NEWFORMER - INTENSE PILATES,Kasia @k_shia,9,0,True,2026-08-11 02:46
2026-08-09,Dimanche,09:00,09:50,BOSQUET REFORMER STUDIO,REFORMER PILATES,Sandra ANTUNES,11,1,True,2026-08-11 02:46
2026-08-09,Dimanche,09:00,09:50,BOULOGNE REFORMER STUDIO,REFORMER PILATES,Justine  LE CORRE @justine.fitandflowreformer,12,0,True,2026-08-11 02:46
2026-08-09,Dimanche,09:00,09:50,MAUBEUGE REFORMER STUDIO,REFORMER PILATES,Polly PRIANIKOVA,11,0,True,2026-08-11 02:46
2026-08-09,Dimanche,09:00,09:50,PASSY NEWFORMER - INTENSE PILATES,NEWFORMER - INTENSE PILATES,Bonita @bonitawellness_,9,5,True,2026-08-11 02:46
2026-08-09,Dimanche,09:00,09:50,SURESNES REFORMER STUDIO,REFORMER PILATES,Dorina YICHU ,10,5,True,2026-08-11 02:46
2026-08-09,Dimanche,10:00,10:50,BATIGNOLLES REFORMER STUDIO,REFORMER PILATES,Inass @pilatesbyinass,12,7,True,2026-08-11 02:46
2026-08-09,Dimanche,10:00,10:50,BOSQUET REFORMER STUDIO,REFORMER PILATES,Sandra ANTUNES,11,7,True,2026-08-11 02:46
2026-08-09,Dimanche,10:00,10:50,BOULOGNE REFORMER STUDIO,REFORMER PILATES,Justine  LE CORRE @justine.fitandflowreformer,12,0,True,2026-08-11 02:46
2026-08-09,Dimanche,10:00,10:50,INVALIDES REFORMER STUDIO,REFORMER PILATES,Lola MOLLIER CARROZ,10,0,True,2026-08-11 02:46
2026-08-09,Dimanche,10:00,10:50,MADELEINE REFORMER STUDIO,REFORMER PILATES,Shana  MAMOU,12,0,True,2026-08-11 02:46
2026-08-09,Dimanche,10:00,10:50,MARAIS REFORMER STUDIO,REFORMER PILATES,Sofia TRUKHACHEVA,10,2,True,2026-08-11 02:46
2026-08-09,Dimanche,10:00,10:50,MAUBEUGE REFORMER STUDIO,REFORMER PILATES,Polly PRIANIKOVA,11,6,True,2026-08-11 02:46
2026-08-09,Dimanche,10:00,10:50,MIROMESNIL REFORMER STUDIO,REFORMER PILATES,Natasha LODHI - Intense / Advanced,11,2,True,2026-08-11 02:46
2026-08-09,Dimanche,10:00,11:00,MOZART GYM STUDIO - MAT,YOGA VINYASA,Stéphanie CUNICO,16,0,True,2026-08-11 02:46
2026-08-09,Dimanche,10:00,11:00,NEUILLY GYM STUDIO - MAT,BARRE WORKOUT,Najwa TAHRI Advanced/Intense,12,0,True,2026-08-11 02:46
2026-08-09,Dimanche,10:00,10:50,NEUILLY NEWFORMER - INTENSE PILATES,NEWFORMER - INTENSE PILATES,Sarah CLEJAN,9,0,True,2026-08-11 02:46
2026-08-09,Dimanche,10:00,10:50,PASSY NEWFORMER - INTENSE PILATES,NEWFORMER - INTENSE PILATES,Bonita @bonitawellness_,9,9,True,2026-08-11 02:46
2026-08-09,Dimanche,10:00,10:50,SAINT MANDÉ REFORMER STUDIO,REFORMER PILATES,Iris BALAZS,12,8,True,2026-08-11 02:46
2026-08-09,Dimanche,10:00,10:50,SENTIER REFORMER STUDIO,REFORMER PILATES,Sonia @sonia_raconte Intermédiaire/Avancé ,14,0,True,2026-08-11 02:46
2026-08-09,Dimanche,10:00,10:50,SURESNES REFORMER STUDIO,REFORMER PILATES,Dorina YICHU ,10,5,True,2026-08-11 02:46
2026-08-09,Dimanche,10:00,10:50,VAUGIRARD RÉFORMER STUDIO,REFORMER PILATES,Polina BODEEVA,11,8,True,2026-08-11 02:46
2026-08-09,Dimanche,10:00,10:50,VAVIN REFORMER STUDIO,REFORMER PILATES,Jacky TEWES ,12,10,True,2026-08-11 02:46
2026-08-09,Dimanche,10:00,10:50,WAGRAM REFORMER STUDIO,REFORMER PILATES,Nick ELISHA Intense / Advanced,11,1,True,2026-08-11 02:46
2026-08-09,Dimanche,11:00,11:50,BATIGNOLLES REFORMER STUDIO,REFORMER PILATES,Inass @pilatesbyinass,12,9,True,2026-08-11 02:46
2026-08-09,Dimanche,11:00,11:50,BOSQUET REFORMER STUDIO,REFORMER PILATES,Sandra ANTUNES,11,7,True,2026-08-11 02:46
2026-08-09,Dimanche,11:00,11:50,BOULOGNE REFORMER STUDIO,REFORMER PILATES,Justine  LE CORRE @justine.fitandflowreformer,12,0,True,2026-08-11 02:46
2026-08-09,Dimanche,11:00,11:50,INVALIDES REFORMER STUDIO,REFORMER PILATES,Lola MOLLIER CARROZ,10,0,True,2026-08-11 02:46
2026-08-09,Dimanche,11:00,11:50,MADELEINE REFORMER STUDIO,REFORMER PILATES,Shana  MAMOU,12,0,True,2026-08-11 02:46
2026-08-09,Dimanche,11:00,11:50,MARAIS REFORMER STUDIO,REFORMER PILATES,Sofia TRUKHACHEVA,10,9,True,2026-08-11 02:46
2026-08-09,Dimanche,11:00,11:50,MAUBEUGE REFORMER STUDIO,REFORMER PILATES,Polly PRIANIKOVA,11,4,True,2026-08-11 02:46
2026-08-09,Dimanche,11:00,11:50,MIROMESNIL REFORMER STUDIO,REFORMER PILATES,Natasha LODHI - Intense / Advanced,11,2,True,2026-08-11 02:46
2026-08-09,Dimanche,11:00,12:00,MOZART GYM STUDIO - MAT,BARRE WORKOUT,Laurie VIVIANI,17,0,True,2026-08-11 02:46
2026-08-09,Dimanche,11:00,12:00,NEUILLY GYM STUDIO - MAT,BARRE PILATES,Najwa TAHRI Advanced/Intense,12,0,True,2026-08-11 02:46
2026-08-09,Dimanche,11:00,11:50,NEUILLY NEWFORMER - INTENSE PILATES,NEWFORMER - INTENSE PILATES,Sarah CLEJAN,9,0,True,2026-08-11 02:46
2026-08-09,Dimanche,11:00,11:50,PASSY NEWFORMER - INTENSE PILATES,NEWFORMER - INTENSE PILATES,Bonita @bonitawellness_,9,9,True,2026-08-11 02:46
2026-08-09,Dimanche,11:00,11:50,SAINT MANDÉ REFORMER STUDIO,REFORMER PILATES,Iris BALAZS,12,6,True,2026-08-11 02:46
2026-08-09,Dimanche,11:00,11:50,SENTIER REFORMER STUDIO,REFORMER PILATES,Sonia @sonia_raconte Intermédiaire/Avancé ,14,0,True,2026-08-11 02:46
2026-08-09,Dimanche,11:00,11:50,SURESNES REFORMER STUDIO,REFORMER PILATES,Dorina YICHU ,10,4,True,2026-08-11 02:46
2026-08-09,Dimanche,11:00,11:50,VAUGIRARD RÉFORMER STUDIO,REFORMER PILATES,Polina BODEEVA,11,11,True,2026-08-11 02:46
2026-08-09,Dimanche,11:00,11:50,VAVIN REFORMER STUDIO,REFORMER PILATES,Jacky TEWES ,12,6,True,2026-08-11 02:46
2026-08-09,Dimanche,11:00,11:50,WAGRAM REFORMER STUDIO,REFORMER PILATES,Nick ELISHA Intense / Advanced,11,5,True,2026-08-11 02:46
2026-08-09,Dimanche,12:00,12:50,BATIGNOLLES REFORMER STUDIO,REFORMER PILATES,Inass @pilatesbyinass,12,6,True,2026-08-11 02:46
2026-08-09,Dimanche,12:00,12:50,BOSQUET REFORMER STUDIO,REFORMER PILATES,Sandra ANTUNES,11,0,True,2026-08-11 02:46
2026-08-09,Dimanche,12:00,12:50,BOULOGNE REFORMER STUDIO,REFORMER PILATES,Justine  LE CORRE @justine.fitandflowreformer,12,0,True,2026-08-11 02:46
2026-08-09,Dimanche,12:00,12:50,INVALIDES REFORMER STUDIO,REFORMER PILATES,Lola MOLLIER CARROZ,10,0,True,2026-08-11 02:46
2026-08-09,Dimanche,12:00,12:50,MADELEINE REFORMER STUDIO,REFORMER PILATES,Shana  MAMOU,12,0,True,2026-08-11 02:46
2026-08-09,Dimanche,12:00,12:50,MARAIS REFORMER STUDIO,REFORMER PILATES,Sofia TRUKHACHEVA,10,7,True,2026-08-11 02:46
2026-08-09,Dimanche,12:00,12:50,MAUBEUGE REFORMER STUDIO,REFORMER PILATES,Polly PRIANIKOVA,11,0,True,2026-08-11 02:46
2026-08-09,Dimanche,12:00,12:50,MIROMESNIL REFORMER STUDIO,REFORMER PILATES,Natasha LODHI - Intense / Advanced,11,0,True,2026-08-11 02:46
2026-08-09,Dimanche,12:00,13:00,MOZART GYM STUDIO - MAT,FULL BODY WORKOUT,Laurie VIVIANI,17,0,True,2026-08-11 02:46
2026-08-09,Dimanche,12:00,13:00,NEUILLY GYM STUDIO - MAT,Cuisses Abdos Fessiers - CAF,Joe BERCKMANS @go_for_it_joe,14,0,True,2026-08-11 02:46
2026-08-09,Dimanche,12:00,12:50,NEUILLY NEWFORMER - INTENSE PILATES,NEWFORMER - INTENSE PILATES,Sarah Bellagamba,9,0,True,2026-08-11 02:46
2026-08-09,Dimanche,12:00,12:50,PASSY NEWFORMER - INTENSE PILATES,NEWFORMER - INTENSE PILATES,Bonita @bonitawellness_,9,0,True,2026-08-11 02:46
2026-08-09,Dimanche,12:00,12:50,SAINT MANDÉ REFORMER STUDIO,REFORMER PILATES,Iris BALAZS,12,3,True,2026-08-11 02:46
2026-08-09,Dimanche,12:00,12:50,SENTIER REFORMER STUDIO,REFORMER PILATES,Sonia @sonia_raconte Intermédiaire/Avancé ,14,0,True,2026-08-11 02:46
2026-08-09,Dimanche,12:00,12:50,SURESNES REFORMER STUDIO,REFORMER PILATES,Dorina YICHU ,10,10,True,2026-08-11 02:46
2026-08-09,Dimanche,12:00,12:50,VAUGIRARD RÉFORMER STUDIO,REFORMER PILATES,Polina BODEEVA,11,9,True,2026-08-11 02:46
2026-08-09,Dimanche,12:00,12:50,VAVIN REFORMER STUDIO,REFORMER PILATES,Jacky TEWES ,12,10,True,2026-08-11 02:46
2026-08-09,Dimanche,12:00,12:50,WAGRAM REFORMER STUDIO,REFORMER PILATES,Nick ELISHA Intense / Advanced,11,5,True,2026-08-11 02:46
2026-08-09,Dimanche,13:00,13:50,BATIGNOLLES REFORMER STUDIO,REFORMER PILATES,Inass @pilatesbyinass,12,3,True,2026-08-11 02:46
2026-08-09,Dimanche,13:00,13:50,INVALIDES REFORMER STUDIO,REFORMER PILATES,Lola MOLLIER CARROZ,10,0,True,2026-08-11 02:46
2026-08-09,Dimanche,13:00,13:50,MARAIS REFORMER STUDIO,REFORMER PILATES,Sofia TRUKHACHEVA,10,6,True,2026-08-11 02:46
2026-08-09,Dimanche,13:00,14:00,MOZART GYM STUDIO - MAT,DYNAMIC PILATES,Laurie VIVIANI,20,0,True,2026-08-11 02:46
2026-08-09,Dimanche,13:00,14:00,NEUILLY GYM STUDIO - MAT,BODY SCULPT,Joe BERCKMANS @go_for_it_joe,14,0,True,2026-08-11 02:46
2026-08-09,Dimanche,13:00,13:50,NEUILLY NEWFORMER - INTENSE PILATES,NEWFORMER - INTENSE PILATES,Sarah Bellagamba,9,0,True,2026-08-11 02:46
2026-08-09,Dimanche,13:00,13:50,PASSY NEWFORMER - INTENSE PILATES,NEWFORMER - INTENSE PILATES,Bonita @bonitawellness_,9,0,True,2026-08-11 02:46
2026-08-09,Dimanche,13:00,13:50,VAUGIRARD RÉFORMER STUDIO,REFORMER PILATES,Polina BODEEVA,11,5,True,2026-08-11 02:46
2026-08-09,Dimanche,13:00,13:50,WAGRAM REFORMER STUDIO,REFORMER PILATES,Nick ELISHA Intense / Advanced,11,0,True,2026-08-11 02:46
2026-08-09,Dimanche,16:00,16:50,BATIGNOLLES REFORMER STUDIO,REFORMER PILATES,Florence COLLIN BECUWE Advanced/Intense ,12,6,True,2026-08-11 02:46
2026-08-09,Dimanche,16:00,16:50,BOULOGNE REFORMER STUDIO,REFORMER PILATES,Justine  LE CORRE @justine.fitandflowreformer,12,0,True,2026-08-11 02:46
2026-08-09,Dimanche,16:00,16:50,MARAIS REFORMER STUDIO,REFORMER PILATES,Polly PRIANIKOVA,10,3,True,2026-08-11 02:46
2026-08-09,Dimanche,16:00,16:50,NEUILLY NEWFORMER - INTENSE PILATES,NEWFORMER - INTENSE PILATES,Sarah Bellagamba,9,0,True,2026-08-11 02:46
2026-08-09,Dimanche,16:00,16:50,PASSY NEWFORMER - INTENSE PILATES,NEWFORMER - INTENSE PILATES,Sandra ANTUNES,9,5,True,2026-08-11 02:46
2026-08-09,Dimanche,16:00,16:50,VAUGIRARD RÉFORMER STUDIO,REFORMER PILATES,Naser SAENDI @coachfitnas,11,6,True,2026-08-11 02:46
2026-08-09,Dimanche,16:00,16:50,VAVIN REFORMER STUDIO,REFORMER PILATES,Jacky TEWES ,12,5,True,2026-08-11 02:46
2026-08-09,Dimanche,16:45,17:45,NEUILLY GYM STUDIO - MAT,BARRE WORKOUT,Valentine @balletdodu ,12,0,True,2026-08-11 02:46
2026-08-09,Dimanche,17:00,17:50,BATIGNOLLES REFORMER STUDIO,REFORMER PILATES,Florence COLLIN BECUWE Advanced/Intense ,12,6,True,2026-08-11 02:46
2026-08-09,Dimanche,17:00,17:50,BOSQUET REFORMER STUDIO,REFORMER PILATES,Valérie @valeriefitcoaching / Advanced,11,0,True,2026-08-11 02:46
2026-08-09,Dimanche,17:00,17:50,BOULOGNE REFORMER STUDIO,REFORMER PILATES,Justine  LE CORRE @justine.fitandflowreformer,12,0,True,2026-08-11 02:46
2026-08-09,Dimanche,17:00,17:50,MARAIS REFORMER STUDIO,REFORMER PILATES,Polly PRIANIKOVA,10,1,False,2026-08-09 02:45
2026-08-09,Dimanche,17:00,17:50,MAUBEUGE REFORMER STUDIO,REFORMER PILATES,Léane AMRAM,11,3,True,2026-08-11 02:46
2026-08-09,Dimanche,17:00,18:00,MOZART GYM STUDIO - MAT,DYNAMIC PILATES,Franziska SCHERNER,16,0,True,2026-08-11 02:46
2026-08-09,Dimanche,17:00,17:50,NEUILLY NEWFORMER - INTENSE PILATES,NEWFORMER - INTENSE PILATES,Sarah Bellagamba,9,0,True,2026-08-11 02:46
2026-08-09,Dimanche,17:00,17:50,PASSY NEWFORMER - INTENSE PILATES,NEWFORMER - INTENSE PILATES,Sandra ANTUNES,9,0,True,2026-08-11 02:46
2026-08-09,Dimanche,17:00,17:50,SURESNES REFORMER STUDIO,REFORMER PILATES,Eileen MURRAY - English class ,10,3,True,2026-08-11 02:46
2026-08-09,Dimanche,17:00,17:50,VAUGIRARD RÉFORMER STUDIO,REFORMER PILATES,Naser SAENDI @coachfitnas,11,3,True,2026-08-11 02:46
2026-08-09,Dimanche,17:00,17:50,VAVIN REFORMER STUDIO,REFORMER PILATES,Jacky TEWES ,12,3,True,2026-08-11 02:46
2026-08-09,Dimanche,17:00,17:50,WAGRAM REFORMER STUDIO,REFORMER PILATES,Nick ELISHA Intense / Advanced,11,1,True,2026-08-11 02:46
2026-08-09,Dimanche,17:45,18:30,NEUILLY GYM STUDIO - MAT,STRETCHING CLASS,Valentine @balletdodu ,12,0,True,2026-08-11 02:46
2026-08-09,Dimanche,18:00,18:50,BATIGNOLLES REFORMER STUDIO,REFORMER PILATES,Florence COLLIN BECUWE Advanced/Intense ,12,5,True,2026-08-11 02:46
2026-08-09,Dimanche,18:00,18:50,BOSQUET REFORMER STUDIO,REFORMER PILATES,Valérie @valeriefitcoaching / Advanced,11,3,True,2026-08-11 02:46
2026-08-09,Dimanche,18:00,18:50,BOULOGNE REFORMER STUDIO,REFORMER PILATES,Justine  LE CORRE @justine.fitandflowreformer,12,0,True,2026-08-11 02:46
2026-08-09,Dimanche,18:00,18:50,MAUBEUGE REFORMER STUDIO,REFORMER PILATES,Léane AMRAM,11,4,True,2026-08-11 02:46
2026-08-09,Dimanche,18:00,19:00,MOZART GYM STUDIO - MAT,YOGA VINYASA,Franziska SCHERNER,16,0,True,2026-08-11 02:46
2026-08-09,Dimanche,18:00,18:50,NEUILLY NEWFORMER - INTENSE PILATES,NEWFORMER - INTENSE PILATES,Sarah Bellagamba,9,0,True,2026-08-11 02:46
2026-08-09,Dimanche,18:00,18:50,PASSY NEWFORMER - INTENSE PILATES,NEWFORMER - INTENSE PILATES,Sandra ANTUNES,9,5,True,2026-08-11 02:46
2026-08-09,Dimanche,18:00,18:50,SAINT MANDÉ REFORMER STUDIO,REFORMER PILATES,Marie AL @sweatinthecityy,12,3,True,2026-08-11 02:46
2026-08-09,Dimanche,18:00,18:50,SURESNES REFORMER STUDIO,REFORMER PILATES,Eileen MURRAY - English class ,10,1,True,2026-08-11 02:46
2026-08-09,Dimanche,18:00,18:50,VAUGIRARD RÉFORMER STUDIO,REFORMER PILATES,Naser SAENDI @coachfitnas,11,5,True,2026-08-11 02:46
2026-08-09,Dimanche,18:00,18:50,WAGRAM REFORMER STUDIO,REFORMER PILATES,Nick ELISHA Intense / Advanced,11,0,True,2026-08-11 02:46
2026-08-09,Dimanche,18:30,19:20,NEUILLY GYM STUDIO - MAT,Cuisses Abdos Fessiers - CAF,Margot BOUDER,12,0,True,2026-08-11 02:46
2026-08-09,Dimanche,19:00,19:50,BATIGNOLLES REFORMER STUDIO,REFORMER PILATES,Florence COLLIN BECUWE Advanced/Intense ,12,0,True,2026-08-11 02:46
2026-08-09,Dimanche,19:00,19:50,BOSQUET REFORMER STUDIO,REFORMER PILATES,Valérie @valeriefitcoaching / Advanced,11,0,True,2026-08-11 02:46
2026-08-09,Dimanche,19:00,20:00,MOZART GYM STUDIO - MAT,INTENSE CORE,Franziska SCHERNER,16,0,True,2026-08-11 02:46
2026-08-09,Dimanche,19:00,19:50,NEUILLY NEWFORMER - INTENSE PILATES,NEWFORMER - INTENSE PILATES,Sarah Bellagamba,9,0,True,2026-08-11 02:46
2026-08-09,Dimanche,19:00,19:50,PASSY NEWFORMER - INTENSE PILATES,NEWFORMER - INTENSE PILATES,Sandra ANTUNES,9,0,True,2026-08-11 02:46
2026-08-09,Dimanche,19:00,19:50,SAINT MANDÉ REFORMER STUDIO,REFORMER PILATES,Marie AL @sweatinthecityy,12,2,True,2026-08-11 02:46
2026-08-10,Lundi,08:00,08:50,BATIGNOLLES REFORMER STUDIO,REFORMER PILATES,Camille AUZANNEAU,12,2,True,2026-08-13 07:29
2026-08-10,Lundi,08:00,08:50,BOSQUET REFORMER STUDIO,REFORMER PILATES,Florence COLLIN BECUWE Advanced/Intense ,11,2,True,2026-08-13 07:29
2026-08-10,Lundi,08:00,08:50,MARAIS REFORMER STUDIO,REFORMER PILATES,Polly PRIANIKOVA,10,0,True,2026-08-13 07:29
2026-08-10,Lundi,08:00,08:50,MAUBEUGE REFORMER STUDIO,REFORMER PILATES,Julia TAPIRO,11,2,True,2026-08-13 07:29
2026-08-10,Lundi,08:00,08:50,MIROMESNIL REFORMER STUDIO,REFORMER PILATES,Sacha DOURIANT,11,2,True,2026-08-13 07:29
2026-08-10,Lundi,08:00,08:50,NEUILLY NEWFORMER - INTENSE PILATES,NEWFORMER - INTENSE PILATES,Shana  MAMOU,9,0,True,2026-08-13 07:29
2026-08-10,Lundi,08:00,08:50,PASSY NEWFORMER - INTENSE PILATES,NEWFORMER - INTENSE PILATES,Capucine GADRET,9,0,True,2026-08-13 07:29
2026-08-10,Lundi,08:00,08:50,SAINT MANDÉ REFORMER STUDIO,REFORMER PILATES,Golda BENCHETRIT,12,2,True,2026-08-13 07:29
2026-08-10,Lundi,08:00,08:50,VAUGIRARD RÉFORMER STUDIO,REFORMER PILATES,Sonia @sonia_raconte Intermédiaire/Avancé ,11,3,True,2026-08-13 07:29
2026-08-10,Lundi,08:00,08:50,VAVIN REFORMER STUDIO,REFORMER PILATES,Angelina TAVARES,12,3,True,2026-08-13 07:29
2026-08-10,Lundi,08:00,08:50,WAGRAM REFORMER STUDIO,REFORMER PILATES,Jacky TEWES ,11,1,True,2026-08-13 07:29
2026-08-10,Lundi,08:30,09:30,MOZART GYM STUDIO - MAT,DYNAMIC PILATES,Marie-Claire AZAR @mc.ismyname Intense / Advanced,16,0,True,2026-08-13 07:29
2026-08-10,Lundi,09:00,09:50,BATIGNOLLES REFORMER STUDIO,REFORMER PILATES,Camille AUZANNEAU,12,2,True,2026-08-13 07:29
2026-08-10,Lundi,09:00,09:50,BOSQUET REFORMER STUDIO,REFORMER PILATES,Florence COLLIN BECUWE Advanced/Intense ,11,3,True,2026-08-13 07:29
2026-08-10,Lundi,09:00,09:50,BOULOGNE REFORMER STUDIO,REFORMER PILATES,Shana  MAMOU,12,0,True,2026-08-13 07:29
2026-08-10,Lundi,09:00,09:50,INVALIDES REFORMER STUDIO,REFORMER PILATES,Soudi ZARGHAM,10,0,True,2026-08-13 07:29
2026-08-10,Lundi,09:00,09:50,MADELEINE REFORMER STUDIO,REFORMER PILATES,Floriane ANDRIEUX,12,0,True,2026-08-13 07:29
2026-08-10,Lundi,09:00,09:50,MARAIS REFORMER STUDIO,REFORMER PILATES,Polly PRIANIKOVA,10,8,True,2026-08-13 07:29
2026-08-10,Lundi,09:00,09:50,MAUBEUGE REFORMER STUDIO,REFORMER PILATES,Julia TAPIRO,11,2,True,2026-08-13 07:29
2026-08-10,Lundi,09:00,09:50,MIROMESNIL REFORMER STUDIO,REFORMER PILATES,Sacha DOURIANT,11,2,True,2026-08-13 07:29
2026-08-10,Lundi,09:00,10:00,NEUILLY GYM STUDIO - MAT,YOGA VINYASA,Léa SAADA @desayoga,12,0,True,2026-08-13 07:29
2026-08-10,Lundi,09:00,09:50,NEUILLY NEWFORMER - INTENSE PILATES,NEWFORMER - INTENSE PILATES,Shana  MAMOU,9,0,True,2026-08-13 07:29
2026-08-10,Lundi,09:00,09:50,PASSY NEWFORMER - INTENSE PILATES,NEWFORMER - INTENSE PILATES,Capucine GADRET,9,6,True,2026-08-13 07:29
2026-08-10,Lundi,09:00,09:50,SAINT MANDÉ REFORMER STUDIO,REFORMER PILATES,Golda BENCHETRIT,12,6,True,2026-08-13 07:29
2026-08-10,Lundi,09:00,09:50,SURESNES REFORMER STUDIO,REFORMER PILATES,Lucie DUMONT,10,3,True,2026-08-13 07:29
2026-08-10,Lundi,09:00,09:50,VAUGIRARD RÉFORMER STUDIO,REFORMER PILATES,Sonia @sonia_raconte Intermédiaire/Avancé ,11,3,True,2026-08-13 07:29
2026-08-10,Lundi,09:00,09:50,VAVIN REFORMER STUDIO,REFORMER PILATES,Angelina TAVARES,12,3,True,2026-08-13 07:29
2026-08-10,Lundi,09:00,09:50,WAGRAM REFORMER STUDIO,REFORMER PILATES,Jacky TEWES ,11,1,True,2026-08-13 07:29
2026-08-10,Lundi,09:30,10:30,MOZART GYM STUDIO - MAT,FULL BODY WORKOUT,William  GALIN,18,0,True,2026-08-13 07:29
2026-08-10,Lundi,10:00,10:50,BATIGNOLLES REFORMER STUDIO,REFORMER PILATES,Camille AUZANNEAU,12,4,True,2026-08-13 07:29
2026-08-10,Lundi,10:00,10:50,BOULOGNE REFORMER STUDIO,REFORMER PILATES,Aude SCHLACTHER,12,0,True,2026-08-13 07:29
2026-08-10,Lundi,10:00,10:50,INVALIDES REFORMER STUDIO,REFORMER PILATES,Soudi ZARGHAM,10,0,True,2026-08-13 07:29
2026-08-10,Lundi,10:00,10:50,MADELEINE REFORMER STUDIO,REFORMER PILATES,Floriane ANDRIEUX,12,0,True,2026-08-13 07:29
2026-08-10,Lundi,10:00,10:50,MARAIS REFORMER STUDIO,REFORMER PILATES,Polly PRIANIKOVA,10,5,True,2026-08-13 07:29
2026-08-10,Lundi,10:00,10:50,MAUBEUGE REFORMER STUDIO,REFORMER PILATES,Julia TAPIRO,11,3,True,2026-08-13 07:29
2026-08-10,Lundi,10:00,10:50,MIROMESNIL REFORMER STUDIO,REFORMER PILATES,Sacha DOURIANT,11,0,True,2026-08-13 07:29
2026-08-10,Lundi,10:00,11:00,NEUILLY GYM STUDIO - MAT,BARRE PILATES,Maxime BROSSARD,12,0,True,2026-08-13 07:29
2026-08-10,Lundi,10:00,10:50,NEUILLY NEWFORMER - INTENSE PILATES,NEWFORMER - INTENSE PILATES,Shana  MAMOU,9,0,True,2026-08-13 07:29
2026-08-10,Lundi,10:00,10:50,PASSY NEWFORMER - INTENSE PILATES,NEWFORMER - INTENSE PILATES,Capucine GADRET,9,5,True,2026-08-13 07:29
2026-08-10,Lundi,10:00,10:50,SURESNES REFORMER STUDIO,REFORMER PILATES,Lucie DUMONT,10,1,True,2026-08-13 07:29
2026-08-10,Lundi,10:00,10:50,VAVIN REFORMER STUDIO,REFORMER PILATES,Angelina TAVARES,12,2,True,2026-08-13 07:29
2026-08-10,Lundi,10:00,10:50,WAGRAM REFORMER STUDIO,REFORMER PILATES,Jacky TEWES ,11,5,True,2026-08-13 07:29
2026-08-10,Lundi,10:30,11:30,MOZART GYM STUDIO - MAT,BARRE WORKOUT,Valérie @valeriefitcoaching / Advanced,16,0,True,2026-08-13 07:29
2026-08-10,Lundi,11:00,11:50,BATIGNOLLES REFORMER STUDIO,REFORMER PILATES,Camille AUZANNEAU,12,5,True,2026-08-13 07:29
2026-08-10,Lundi,11:00,11:50,BOULOGNE REFORMER STUDIO,REFORMER PILATES,Aude SCHLACTHER,12,0,True,2026-08-13 07:29
2026-08-10,Lundi,11:00,11:50,MIROMESNIL REFORMER STUDIO,REFORMER PILATES,Geraldine SELIGMANN,11,6,True,2026-08-13 07:29
2026-08-10,Lundi,11:00,12:00,NEUILLY GYM STUDIO - MAT,BARRE WORKOUT,Cynthia MONTANO,12,0,True,2026-08-13 07:29
2026-08-10,Lundi,11:00,11:50,NEUILLY NEWFORMER - INTENSE PILATES,NEWFORMER - INTENSE PILATES,Nicolas MARTINS Intense / Advanced,9,0,True,2026-08-13 07:29
2026-08-10,Lundi,11:00,11:50,PASSY NEWFORMER - INTENSE PILATES,NEWFORMER - INTENSE PILATES,Carla @training_by_carla,9,0,True,2026-08-13 07:29
2026-08-10,Lundi,11:00,11:50,SAINT MANDÉ REFORMER STUDIO,REFORMER PILATES,Nick ELISHA Intense / Advanced,12,2,True,2026-08-13 07:29
2026-08-10,Lundi,11:00,11:50,SURESNES REFORMER STUDIO,REFORMER PILATES,Lucie DUMONT,10,0,True,2026-08-13 07:29
2026-08-10,Lundi,11:00,11:50,VAUGIRARD RÉFORMER STUDIO,REFORMER PILATES,Naser SAENDI @coachfitnas,11,6,True,2026-08-13 07:29
2026-08-10,Lundi,11:00,11:50,WAGRAM REFORMER STUDIO,REFORMER PILATES,Jacky TEWES ,11,1,True,2026-08-13 07:29
2026-08-10,Lundi,12:00,12:50,BATIGNOLLES REFORMER STUDIO,REFORMER PILATES,Camille AUZANNEAU,12,6,True,2026-08-13 07:29
2026-08-10,Lundi,12:00,12:50,BOSQUET REFORMER STUDIO,REFORMER PILATES,Soudi ZARGHAM,11,0,True,2026-08-13 07:29
2026-08-10,Lundi,12:00,12:50,BOULOGNE REFORMER STUDIO,REFORMER PILATES,Aude SCHLACTHER,12,0,True,2026-08-13 07:29
2026-08-10,Lundi,12:00,12:50,INVALIDES REFORMER STUDIO,REFORMER PILATES,Stephanie BROWN - English Class,10,0,True,2026-08-13 07:29
2026-08-10,Lundi,12:00,12:50,MADELEINE REFORMER STUDIO,REFORMER PILATES,Shana  MAMOU,12,0,True,2026-08-13 07:29
2026-08-10,Lundi,12:00,12:50,MARAIS REFORMER STUDIO,REFORMER PILATES,Cédric ARAMAN,10,9,True,2026-08-13 07:29
2026-08-10,Lundi,12:00,12:50,MAUBEUGE REFORMER STUDIO,REFORMER PILATES,Lisa KURZTAG - Intense/Advanced,11,4,True,2026-08-13 07:29
2026-08-10,Lundi,12:00,12:50,MIROMESNIL REFORMER STUDIO,REFORMER PILATES,Geraldine SELIGMANN,11,5,True,2026-08-13 07:29
2026-08-10,Lundi,12:00,12:50,NEUILLY NEWFORMER - INTENSE PILATES,NEWFORMER - INTENSE PILATES,Nicolas MARTINS Intense / Advanced,9,0,True,2026-08-13 07:29
2026-08-10,Lundi,12:00,12:50,PASSY NEWFORMER - INTENSE PILATES,NEWFORMER - INTENSE PILATES,Carla @training_by_carla,9,4,True,2026-08-13 07:29
2026-08-10,Lundi,12:00,12:50,SAINT MANDÉ REFORMER STUDIO,REFORMER PILATES,Nick ELISHA Intense / Advanced,12,0,True,2026-08-13 07:29
2026-08-10,Lundi,12:00,12:50,SENTIER REFORMER STUDIO,REFORMER PILATES,Sofia TRUKHACHEVA,14,0,True,2026-08-13 07:29
2026-08-10,Lundi,12:00,12:50,SURESNES REFORMER STUDIO,REFORMER PILATES,Justine  LE CORRE @justine.fitandflowreformer,10,7,True,2026-08-13 07:29
2026-08-10,Lundi,12:00,12:50,VAUGIRARD RÉFORMER STUDIO,REFORMER PILATES,Naser SAENDI @coachfitnas,11,3,True,2026-08-13 07:29
2026-08-10,Lundi,12:00,12:50,VAVIN REFORMER STUDIO,REFORMER PILATES,Sacha DOURIANT,12,9,True,2026-08-13 07:29
2026-08-10,Lundi,12:00,12:50,WAGRAM REFORMER STUDIO,REFORMER PILATES,Jacky TEWES ,11,4,True,2026-08-13 07:29
2026-08-10,Lundi,12:30,13:30,MOZART GYM STUDIO - MAT,BARRE WORKOUT,Valérie @valeriefitcoaching / Advanced,16,0,True,2026-08-13 07:29
2026-08-10,Lundi,12:45,13:30,NEUILLY GYM STUDIO - MAT,BODY SCULPT,Bibi 610,15,0,True,2026-08-13 07:29
2026-08-10,Lundi,13:00,13:50,BATIGNOLLES REFORMER STUDIO,REFORMER PILATES,Camille AUZANNEAU,12,5,True,2026-08-13 07:29
2026-08-10,Lundi,13:00,13:50,BOSQUET REFORMER STUDIO,REFORMER PILATES,Soudi ZARGHAM,11,9,True,2026-08-13 07:29
2026-08-10,Lundi,13:00,13:50,BOULOGNE REFORMER STUDIO,REFORMER PILATES,Aude SCHLACTHER,12,0,True,2026-08-13 07:29
2026-08-10,Lundi,13:00,13:50,INVALIDES REFORMER STUDIO,REFORMER PILATES,Stephanie BROWN - English Class,10,0,True,2026-08-13 07:29
2026-08-10,Lundi,13:00,13:50,MADELEINE REFORMER STUDIO,REFORMER PILATES,Shana  MAMOU,12,0,True,2026-08-13 07:29
2026-08-10,Lundi,13:00,13:50,MARAIS REFORMER STUDIO,REFORMER PILATES,Cédric ARAMAN,10,5,True,2026-08-13 07:29
2026-08-10,Lundi,13:00,13:50,MAUBEUGE REFORMER STUDIO,REFORMER PILATES,Lisa KURZTAG - Intense/Advanced,11,0,True,2026-08-13 07:29
2026-08-10,Lundi,13:00,13:50,MIROMESNIL REFORMER STUDIO,REFORMER PILATES,Geraldine SELIGMANN,11,0,True,2026-08-13 07:29
2026-08-10,Lundi,13:00,13:50,NEUILLY NEWFORMER - INTENSE PILATES,NEWFORMER - INTENSE PILATES,Nicolas MARTINS Intense / Advanced,9,0,True,2026-08-13 07:29
2026-08-10,Lundi,13:00,13:50,PASSY NEWFORMER - INTENSE PILATES,NEWFORMER - INTENSE PILATES,Carla @training_by_carla,9,3,True,2026-08-13 07:29
2026-08-10,Lundi,13:00,13:50,SENTIER REFORMER STUDIO,REFORMER PILATES,Sofia TRUKHACHEVA,14,0,True,2026-08-13 07:29
2026-08-10,Lundi,13:00,13:50,SURESNES REFORMER STUDIO,REFORMER PILATES,Justine  LE CORRE @justine.fitandflowreformer,10,4,True,2026-08-13 07:29
2026-08-10,Lundi,13:00,13:50,VAUGIRARD RÉFORMER STUDIO,REFORMER PILATES,Naser SAENDI @coachfitnas,11,3,True,2026-08-13 07:29
2026-08-10,Lundi,13:00,13:50,VAVIN REFORMER STUDIO,REFORMER PILATES,Sacha DOURIANT,12,4,True,2026-08-13 07:29
2026-08-10,Lundi,13:00,13:50,WAGRAM REFORMER STUDIO,REFORMER PILATES,Jacky TEWES ,11,0,True,2026-08-13 07:29
2026-08-10,Lundi,14:00,14:50,MADELEINE REFORMER STUDIO,REFORMER PILATES,Shana  MAMOU,12,0,True,2026-08-13 07:29
2026-08-10,Lundi,17:00,17:50,BATIGNOLLES REFORMER STUDIO,REFORMER PILATES,Shana  MAMOU,12,2,True,2026-08-13 07:29
2026-08-10,Lundi,17:00,17:50,MADELEINE REFORMER STUDIO,REFORMER PILATES,Godefroy HISANY,12,0,True,2026-08-13 07:29
2026-08-10,Lundi,17:00,17:50,MARAIS REFORMER STUDIO,REFORMER PILATES,Aude SCHLACTHER,10,0,True,2026-08-13 07:29
2026-08-10,Lundi,17:00,17:50,MAUBEUGE REFORMER STUDIO,REFORMER PILATES,Pauline RAMON @pilatesbypops,11,0,True,2026-08-13 07:29
2026-08-10,Lundi,17:00,17:50,NEUILLY NEWFORMER - INTENSE PILATES,NEWFORMER - INTENSE PILATES,Arthur Intense/Advanced @arthur.gambardella ,9,0,True,2026-08-13 07:29
2026-08-10,Lundi,17:00,17:50,WAGRAM REFORMER STUDIO,REFORMER PILATES,Ava ACHOUCHE @ava_swa,11,5,True,2026-08-13 07:29
2026-08-10,Lundi,18:00,18:50,BATIGNOLLES REFORMER STUDIO,REFORMER PILATES,Shana  MAMOU,12,10,True,2026-08-13 07:29
2026-08-10,Lundi,18:00,18:50,BOSQUET REFORMER STUDIO,REFORMER PILATES,Lucrezia Amerio,11,4,True,2026-08-13 07:29
2026-08-10,Lundi,18:00,18:50,BOULOGNE REFORMER STUDIO,REFORMER PILATES,Justine  LE CORRE @justine.fitandflowreformer,12,0,True,2026-08-13 07:29
2026-08-10,Lundi,18:00,18:50,INVALIDES REFORMER STUDIO,REFORMER PILATES,Julia TAPIRO,10,0,True,2026-08-13 07:29
2026-08-10,Lundi,18:00,18:50,MADELEINE REFORMER STUDIO,REFORMER PILATES,Godefroy HISANY,12,0,True,2026-08-13 07:29
2026-08-10,Lundi,18:00,18:50,MARAIS REFORMER STUDIO,REFORMER PILATES,Aude SCHLACTHER,10,8,True,2026-08-13 07:29
2026-08-10,Lundi,18:00,18:50,MAUBEUGE REFORMER STUDIO,REFORMER PILATES,Pauline RAMON @pilatesbypops,11,7,True,2026-08-13 07:29
2026-08-10,Lundi,18:00,18:50,MIROMESNIL REFORMER STUDIO,REFORMER PILATES,Jacky TEWES ,11,7,True,2026-08-13 07:29
2026-08-10,Lundi,18:00,18:55,MOZART GYM STUDIO - MAT,MÉTHODE BOOTY & CORE,Elsa TRAINING ,17,0,True,2026-08-13 07:29
2026-08-10,Lundi,18:00,18:50,NEUILLY GYM STUDIO - MAT,DYNAMIC PILATES,Kim GAMPEL,12,0,True,2026-08-13 07:29
2026-08-10,Lundi,18:00,18:50,NEUILLY NEWFORMER - INTENSE PILATES,NEWFORMER - INTENSE PILATES,Arthur Intense/Advanced @arthur.gambardella ,9,0,True,2026-08-13 07:29
2026-08-10,Lundi,18:00,18:50,PASSY NEWFORMER - INTENSE PILATES,NEWFORMER - INTENSE PILATES,Polina BODEEVA,9,6,True,2026-08-13 07:29
2026-08-10,Lundi,18:00,18:50,SAINT MANDÉ REFORMER STUDIO,REFORMER PILATES,Stephanie BROWN - English Class,12,0,True,2026-08-13 07:29
2026-08-10,Lundi,18:00,18:50,SENTIER REFORMER STUDIO,REFORMER PILATES,Eva MENIGOZ,14,0,True,2026-08-13 07:29
2026-08-10,Lundi,18:00,18:50,SURESNES REFORMER STUDIO,REFORMER PILATES,Cynthia GALIN,10,8,True,2026-08-13 07:29
2026-08-10,Lundi,18:00,18:50,VAUGIRARD RÉFORMER STUDIO,REFORMER PILATES,Stephanie BROWN - English Class,11,8,True,2026-08-13 07:29
2026-08-10,Lundi,18:00,18:50,VAVIN REFORMER STUDIO,REFORMER PILATES,Sofia TRUKHACHEVA,12,5,True,2026-08-13 07:29
2026-08-10,Lundi,18:00,18:50,WAGRAM REFORMER STUDIO,REFORMER PILATES,Ava ACHOUCHE @ava_swa,11,0,True,2026-08-13 07:29
2026-08-10,Lundi,19:00,19:50,BATIGNOLLES REFORMER STUDIO,REFORMER PILATES,Shana  MAMOU,12,12,True,2026-08-13 07:29
2026-08-10,Lundi,19:00,19:50,BOSQUET REFORMER STUDIO,REFORMER PILATES,Lucrezia Amerio,11,6,True,2026-08-13 07:29
2026-08-10,Lundi,19:00,19:50,BOULOGNE REFORMER STUDIO,REFORMER PILATES,Justine  LE CORRE @justine.fitandflowreformer,12,0,True,2026-08-13 07:29
2026-08-10,Lundi,19:00,19:50,INVALIDES REFORMER STUDIO,REFORMER PILATES,Julia TAPIRO,10,0,True,2026-08-13 07:29
2026-08-10,Lundi,19:00,19:50,MADELEINE REFORMER STUDIO,REFORMER PILATES,Godefroy HISANY,12,0,True,2026-08-13 07:29
2026-08-10,Lundi,19:00,19:50,MARAIS REFORMER STUDIO,REFORMER PILATES,Aude SCHLACTHER,10,5,True,2026-08-13 07:29
2026-08-10,Lundi,19:00,19:50,MAUBEUGE REFORMER STUDIO,REFORMER PILATES,Pauline RAMON @pilatesbypops,11,7,True,2026-08-13 07:29
2026-08-10,Lundi,19:00,19:50,MIROMESNIL REFORMER STUDIO,REFORMER PILATES,Jacky TEWES ,11,1,True,2026-08-13 07:29
2026-08-10,Lundi,19:00,20:00,MOZART GYM STUDIO - MAT,THE NEW ME,Constance DE SCHOMPRE,22,0,True,2026-08-13 07:29
2026-08-10,Lundi,19:00,20:00,NEUILLY GYM STUDIO - MAT,BARRE WORKOUT,Kim GAMPEL,12,0,True,2026-08-13 07:29
2026-08-10,Lundi,19:00,19:50,NEUILLY NEWFORMER - INTENSE PILATES,NEWFORMER - INTENSE PILATES,Arthur Intense/Advanced @arthur.gambardella ,9,0,True,2026-08-13 07:29
2026-08-10,Lundi,19:00,19:50,PASSY NEWFORMER - INTENSE PILATES,NEWFORMER - INTENSE PILATES,Polina BODEEVA,9,3,True,2026-08-13 07:29
2026-08-10,Lundi,19:00,19:50,SAINT MANDÉ REFORMER STUDIO,REFORMER PILATES,Stephanie BROWN - English Class,12,3,True,2026-08-13 07:29
2026-08-10,Lundi,19:00,19:50,SENTIER REFORMER STUDIO,REFORMER PILATES,Eva MENIGOZ,14,0,True,2026-08-13 07:29
2026-08-10,Lundi,19:00,19:50,SURESNES REFORMER STUDIO,REFORMER PILATES,Cynthia GALIN,10,9,True,2026-08-13 07:29
2026-08-10,Lundi,19:00,19:50,VAUGIRARD RÉFORMER STUDIO,REFORMER PILATES,Stephanie BROWN - English Class,11,10,True,2026-08-13 07:29
2026-08-10,Lundi,19:00,19:50,VAVIN REFORMER STUDIO,REFORMER PILATES,Sofia TRUKHACHEVA,12,8,True,2026-08-13 07:29
2026-08-10,Lundi,19:00,19:50,WAGRAM REFORMER STUDIO,REFORMER PILATES,Ava ACHOUCHE @ava_swa,11,6,True,2026-08-13 07:29
2026-08-10,Lundi,20:00,20:50,BATIGNOLLES REFORMER STUDIO,REFORMER PILATES,Shana  MAMOU,12,0,True,2026-08-13 07:29
2026-08-10,Lundi,20:00,20:50,BOSQUET REFORMER STUDIO,REFORMER PILATES,Lucrezia Amerio,11,0,True,2026-08-13 07:29
2026-08-10,Lundi,20:00,20:50,BOULOGNE REFORMER STUDIO,REFORMER PILATES,Justine  LE CORRE @justine.fitandflowreformer,12,0,True,2026-08-13 07:29
2026-08-10,Lundi,20:00,20:50,INVALIDES REFORMER STUDIO,REFORMER PILATES,Julia TAPIRO,10,0,True,2026-08-13 07:29
2026-08-10,Lundi,20:00,20:50,MADELEINE REFORMER STUDIO,REFORMER PILATES,Godefroy HISANY,12,0,True,2026-08-13 07:29
2026-08-10,Lundi,20:00,20:50,MARAIS REFORMER STUDIO,REFORMER PILATES,Aude SCHLACTHER,10,5,True,2026-08-13 07:29
2026-08-10,Lundi,20:00,20:50,MAUBEUGE REFORMER STUDIO,REFORMER PILATES,Pauline RAMON @pilatesbypops,11,3,True,2026-08-13 07:29
2026-08-10,Lundi,20:00,20:50,MIROMESNIL REFORMER STUDIO,REFORMER PILATES,Jacky TEWES ,11,3,True,2026-08-13 07:29
2026-08-10,Lundi,20:00,21:00,MOZART GYM STUDIO - MAT,YOGA VINYASA,Stéphanie CUNICO,16,0,True,2026-08-13 07:29
2026-08-10,Lundi,20:00,20:50,NEUILLY GYM STUDIO - MAT,Cuisses Abdos Fessiers - CAF,Margot BOUDER,12,0,True,2026-08-13 07:29
2026-08-10,Lundi,20:00,20:50,NEUILLY NEWFORMER - INTENSE PILATES,NEWFORMER - INTENSE PILATES,Arthur Intense/Advanced @arthur.gambardella ,9,0,True,2026-08-13 07:29
2026-08-10,Lundi,20:00,20:50,PASSY NEWFORMER - INTENSE PILATES,NEWFORMER - INTENSE PILATES,Polina BODEEVA,9,2,True,2026-08-13 07:29
2026-08-10,Lundi,20:00,20:50,SAINT MANDÉ REFORMER STUDIO,REFORMER PILATES,Stephanie BROWN - English Class,12,3,True,2026-08-13 07:29
2026-08-10,Lundi,20:00,20:50,SENTIER REFORMER STUDIO,REFORMER PILATES,Eva MENIGOZ,14,0,True,2026-08-13 07:29
2026-08-10,Lundi,20:00,20:50,SURESNES REFORMER STUDIO,REFORMER PILATES,Cynthia GALIN,10,7,True,2026-08-13 07:29
2026-08-10,Lundi,20:00,20:50,VAUGIRARD RÉFORMER STUDIO,REFORMER PILATES,Stephanie BROWN - English Class,11,0,True,2026-08-13 07:29
2026-08-10,Lundi,20:00,20:50,VAVIN REFORMER STUDIO,REFORMER PILATES,Sofia TRUKHACHEVA,12,5,True,2026-08-13 07:29
2026-08-10,Lundi,20:00,20:50,WAGRAM REFORMER STUDIO,REFORMER PILATES,Ava ACHOUCHE @ava_swa,11,0,True,2026-08-13 07:29
2026-08-11,Mardi,08:00,08:50,BATIGNOLLES REFORMER STUDIO,REFORMER PILATES,Alexia VITALI,12,3,True,2026-08-14 07:25
2026-08-11,Mardi,08:00,08:50,BOSQUET REFORMER STUDIO,REFORMER PILATES,Jessika CRUZ,11,0,True,2026-08-14 07:25
2026-08-11,Mardi,08:00,08:50,MADELEINE REFORMER STUDIO,REFORMER PILATES,Shana  MAMOU,12,0,True,2026-08-14 07:25
2026-08-11,Mardi,08:00,08:50,MARAIS REFORMER STUDIO,REFORMER PILATES,Léane AMRAM,10,4,True,2026-08-14 07:25
2026-08-11,Mardi,08:00,08:50,MAUBEUGE REFORMER STUDIO,REFORMER PILATES,Cynthia GALIN,11,0,True,2026-08-14 07:25
2026-08-11,Mardi,08:00,08:50,MIROMESNIL REFORMER STUDIO,REFORMER PILATES,Soudi ZARGHAM,11,0,True,2026-08-14 07:25
2026-08-11,Mardi,08:00,08:50,MOZART GYM STUDIO - MAT,INTENSE CORE,Manon VIRMOUX,15,0,True,2026-08-14 07:25
2026-08-11,Mardi,08:00,08:50,NEUILLY NEWFORMER - INTENSE PILATES,NEWFORMER - INTENSE PILATES,Nicolas MARTINS Intense / Advanced,9,0,True,2026-08-14 07:25
2026-08-11,Mardi,08:00,08:50,PASSY NEWFORMER - INTENSE PILATES,NEWFORMER - INTENSE PILATES,Ibrahima BALDE,9,6,True,2026-08-14 07:25
2026-08-11,Mardi,08:00,08:50,SURESNES REFORMER STUDIO,REFORMER PILATES,Dorina YICHU ,10,0,True,2026-08-14 07:25
2026-08-11,Mardi,08:00,08:50,VAUGIRARD RÉFORMER STUDIO,REFORMER PILATES,Lea GUIGNEMENT,11,3,True,2026-08-14 07:25
2026-08-11,Mardi,08:00,08:50,WAGRAM REFORMER STUDIO,REFORMER PILATES,Candice TOUBIANA @candice.pilates,11,3,True,2026-08-14 07:25
2026-08-11,Mardi,09:00,09:50,BATIGNOLLES REFORMER STUDIO,REFORMER PILATES,Alexia VITALI,12,6,True,2026-08-14 07:25
2026-08-11,Mardi,09:00,09:50,BOSQUET REFORMER STUDIO,REFORMER PILATES,Jessika CRUZ,11,0,True,2026-08-14 07:25
2026-08-11,Mardi,09:00,09:50,BOULOGNE REFORMER STUDIO,REFORMER PILATES,Eva MENIGOZ,12,0,True,2026-08-14 07:25
2026-08-11,Mardi,09:00,09:50,INVALIDES REFORMER STUDIO,REFORMER PILATES,Tioka TOKEDIRA,10,0,True,2026-08-14 07:25
2026-08-11,Mardi,09:00,09:50,MADELEINE REFORMER STUDIO,REFORMER PILATES,Shana  MAMOU,12,0,True,2026-08-14 07:25
2026-08-11,Mardi,09:00,09:50,MARAIS REFORMER STUDIO,REFORMER PILATES,Léane AMRAM,10,1,True,2026-08-14 07:25
2026-08-11,Mardi,09:00,09:50,MAUBEUGE REFORMER STUDIO,REFORMER PILATES,Cynthia GALIN,11,0,True,2026-08-14 07:25
2026-08-11,Mardi,09:00,09:50,MIROMESNIL REFORMER STUDIO,REFORMER PILATES,Soudi ZARGHAM,11,0,True,2026-08-14 07:25
2026-08-11,Mardi,09:00,10:00,MOZART GYM STUDIO - MAT,KALON BARRE,KALON BARRE @kalon.movement,16,0,True,2026-08-14 07:25
2026-08-11,Mardi,09:00,09:45,NEUILLY GYM STUDIO - MAT,BARRE WORKOUT,Cynthia MONTANO,12,0,True,2026-08-14 07:25
2026-08-11,Mardi,09:00,09:50,NEUILLY NEWFORMER - INTENSE PILATES,NEWFORMER - INTENSE PILATES,Nicolas MARTINS Intense / Advanced,9,0,True,2026-08-14 07:25
2026-08-11,Mardi,09:00,09:50,PASSY NEWFORMER - INTENSE PILATES,NEWFORMER - INTENSE PILATES,Ibrahima BALDE,9,3,True,2026-08-14 07:25
2026-08-11,Mardi,09:00,09:50,SAINT MANDÉ REFORMER STUDIO,REFORMER PILATES,Iris BALAZS,12,0,True,2026-08-14 07:25
2026-08-11,Mardi,09:00,09:50,SENTIER REFORMER STUDIO,REFORMER PILATES,Karla PIMEN,14,0,True,2026-08-14 07:25
2026-08-11,Mardi,09:00,09:50,SURESNES REFORMER STUDIO,REFORMER PILATES,Dorina YICHU ,10,0,True,2026-08-14 07:25
2026-08-11,Mardi,09:00,09:50,VAUGIRARD RÉFORMER STUDIO,REFORMER PILATES,Lea GUIGNEMENT,11,5,True,2026-08-14 07:25
2026-08-11,Mardi,09:00,09:50,VAVIN REFORMER STUDIO,REFORMER PILATES,Louise DROUAULT @louiisedrlt,12,5,True,2026-08-14 07:25
2026-08-11,Mardi,09:00,09:50,WAGRAM REFORMER STUDIO,REFORMER PILATES,Candice TOUBIANA @candice.pilates,11,1,True,2026-08-14 07:25
2026-08-11,Mardi,10:00,10:50,BATIGNOLLES REFORMER STUDIO,REFORMER PILATES,Alexia VITALI,12,6,True,2026-08-14 07:25
2026-08-11,Mardi,10:00,10:50,BOSQUET REFORMER STUDIO,REFORMER PILATES,Jessika CRUZ,11,4,True,2026-08-14 07:25
2026-08-11,Mardi,10:00,10:50,BOULOGNE REFORMER STUDIO,REFORMER PILATES,Eva MENIGOZ,12,0,True,2026-08-14 07:25
2026-08-11,Mardi,10:00,10:50,INVALIDES REFORMER STUDIO,REFORMER PILATES,Tioka TOKEDIRA,10,0,True,2026-08-14 07:25
2026-08-11,Mardi,10:00,10:50,MADELEINE REFORMER STUDIO,REFORMER PILATES,Shana  MAMOU,12,0,True,2026-08-14 07:25
2026-08-11,Mardi,10:00,10:50,MARAIS REFORMER STUDIO,REFORMER PILATES,Léane AMRAM,10,4,True,2026-08-14 07:25
2026-08-11,Mardi,10:00,10:50,MAUBEUGE REFORMER STUDIO,REFORMER PILATES,Cynthia GALIN,11,1,True,2026-08-14 07:25
2026-08-11,Mardi,10:00,11:00,MOZART GYM STUDIO - MAT,DYNAMIC PILATES,Jackie AITKEN,16,0,True,2026-08-14 07:25
2026-08-11,Mardi,10:00,11:00,NEUILLY GYM STUDIO - MAT,BARRE WORKOUT,Cynthia MONTANO,12,0,True,2026-08-14 07:25
2026-08-11,Mardi,10:00,10:50,NEUILLY NEWFORMER - INTENSE PILATES,NEWFORMER - INTENSE PILATES,Nicolas MARTINS Intense / Advanced,9,0,True,2026-08-14 07:25
2026-08-11,Mardi,10:00,10:50,PASSY NEWFORMER - INTENSE PILATES,NEWFORMER - INTENSE PILATES,Ibrahima BALDE,9,6,True,2026-08-14 07:25
2026-08-11,Mardi,10:00,10:50,SAINT MANDÉ REFORMER STUDIO,REFORMER PILATES,Iris BALAZS,12,0,True,2026-08-14 07:25
2026-08-11,Mardi,10:00,10:50,SENTIER REFORMER STUDIO,REFORMER PILATES,Karla PIMEN,14,0,True,2026-08-14 07:25
2026-08-11,Mardi,10:00,10:50,SURESNES REFORMER STUDIO,REFORMER PILATES,Dorina YICHU ,10,2,True,2026-08-14 07:25
2026-08-11,Mardi,10:00,10:50,VAUGIRARD RÉFORMER STUDIO,REFORMER PILATES,Lea GUIGNEMENT,11,0,True,2026-08-14 07:25
2026-08-11,Mardi,10:00,10:50,VAVIN REFORMER STUDIO,REFORMER PILATES,Louise DROUAULT @louiisedrlt,12,7,True,2026-08-14 07:25
2026-08-11,Mardi,10:00,10:50,WAGRAM REFORMER STUDIO,REFORMER PILATES,Candice TOUBIANA @candice.pilates,11,0,True,2026-08-14 07:25
2026-08-11,Mardi,11:00,11:50,BATIGNOLLES REFORMER STUDIO,REFORMER PILATES,Philippine DESTAING,12,6,True,2026-08-14 07:25
2026-08-11,Mardi,11:00,11:50,BOSQUET REFORMER STUDIO,REFORMER PILATES,Aude SCHLACTHER,11,0,True,2026-08-14 07:25
2026-08-11,Mardi,11:00,11:50,MARAIS REFORMER STUDIO,REFORMER PILATES,Roxane GHORBANNEJAD,10,0,True,2026-08-14 07:25
2026-08-11,Mardi,11:00,11:50,MAUBEUGE REFORMER STUDIO,REFORMER PILATES,Pauline RAMON @pilatesbypops,11,0,True,2026-08-14 07:25
2026-08-11,Mardi,11:00,11:50,NEUILLY NEWFORMER - INTENSE PILATES,NEWFORMER - INTENSE PILATES,Nicolas MARTINS Intense / Advanced,9,0,True,2026-08-14 07:25
2026-08-11,Mardi,11:00,11:50,PASSY NEWFORMER - INTENSE PILATES,NEWFORMER - INTENSE PILATES,Carla @training_by_carla,9,0,True,2026-08-14 07:25
2026-08-11,Mardi,11:00,11:50,SURESNES REFORMER STUDIO,REFORMER PILATES,Dorina YICHU ,10,3,True,2026-08-14 07:25
2026-08-11,Mardi,11:00,11:50,VAUGIRARD RÉFORMER STUDIO,REFORMER PILATES,Joy DUQUESNE,11,0,False,2026-08-10 02:46
2026-08-11,Mardi,11:00,11:50,WAGRAM REFORMER STUDIO,REFORMER PILATES,Candice TOUBIANA @candice.pilates,11,0,True,2026-08-14 07:25
2026-08-11,Mardi,11:30,12:30,NEUILLY GYM STUDIO - MAT,DYNAMIC PILATES,Kim GAMPEL,12,0,True,2026-08-14 07:25
2026-08-11,Mardi,12:00,12:50,BATIGNOLLES REFORMER STUDIO,REFORMER PILATES,Philippine DESTAING,12,0,True,2026-08-14 07:25
2026-08-11,Mardi,12:00,12:50,BOSQUET REFORMER STUDIO,REFORMER PILATES,Aude SCHLACTHER,11,0,True,2026-08-14 07:25
2026-08-11,Mardi,12:00,12:50,BOULOGNE REFORMER STUDIO,REFORMER PILATES,Sacha DOURIANT,12,0,True,2026-08-14 07:25
2026-08-11,Mardi,12:00,12:50,INVALIDES REFORMER STUDIO,REFORMER PILATES,Florence COLLIN BECUWE Advanced/Intense ,10,0,True,2026-08-14 07:25
2026-08-11,Mardi,12:00,12:50,MARAIS REFORMER STUDIO,REFORMER PILATES,Roxane GHORBANNEJAD,10,0,True,2026-08-14 07:25
2026-08-11,Mardi,12:00,12:50,MAUBEUGE REFORMER STUDIO,REFORMER PILATES,Pauline RAMON @pilatesbypops,11,6,True,2026-08-14 07:25
2026-08-11,Mardi,12:00,12:50,MIROMESNIL REFORMER STUDIO,REFORMER PILATES,Léane AMRAM,11,5,True,2026-08-14 07:25
2026-08-11,Mardi,12:00,12:50,NEUILLY NEWFORMER - INTENSE PILATES,NEWFORMER - INTENSE PILATES,Nicolas MARTINS Intense / Advanced,9,0,True,2026-08-14 07:25
2026-08-11,Mardi,12:00,12:50,PASSY NEWFORMER - INTENSE PILATES,NEWFORMER - INTENSE PILATES,Carla @training_by_carla,9,3,True,2026-08-14 07:25
2026-08-11,Mardi,12:00,12:50,SAINT MANDÉ REFORMER STUDIO,REFORMER PILATES,Anaïs CHRISTIAENS,12,4,True,2026-08-14 07:25
2026-08-11,Mardi,12:00,12:50,SENTIER REFORMER STUDIO,REFORMER PILATES,Jeremy KRYSTKOWIAK,14,0,True,2026-08-14 07:25
2026-08-11,Mardi,12:00,12:50,SURESNES REFORMER STUDIO,REFORMER PILATES,Dorina YICHU ,10,6,True,2026-08-14 07:25
2026-08-11,Mardi,12:00,12:50,VAUGIRARD RÉFORMER STUDIO,REFORMER PILATES,Joy DUQUESNE,11,0,False,2026-08-10 02:46
2026-08-11,Mardi,12:00,12:50,VAVIN REFORMER STUDIO,REFORMER PILATES,Eva MENIGOZ,12,0,True,2026-08-14 07:25
2026-08-11,Mardi,12:00,12:50,WAGRAM REFORMER STUDIO,REFORMER PILATES,Zoé  @getstronglikezoe Intense / Advanced ,11,6,True,2026-08-14 07:25
2026-08-11,Mardi,12:30,13:20,MADELEINE REFORMER STUDIO,REFORMER PILATES,Shana  MAMOU,12,0,True,2026-08-14 07:25
2026-08-11,Mardi,12:30,13:30,MOZART GYM STUDIO - MAT,FULL BODY WORKOUT,Marcus FITLIFE,18,0,True,2026-08-14 07:25
2026-08-11,Mardi,12:30,13:30,NEUILLY GYM STUDIO - MAT,BARRE WORKOUT,Kim GAMPEL,12,0,True,2026-08-14 07:25
2026-08-11,Mardi,13:00,13:50,BATIGNOLLES REFORMER STUDIO,REFORMER PILATES,Philippine DESTAING,12,7,True,2026-08-14 07:25
2026-08-11,Mardi,13:00,13:50,BOSQUET REFORMER STUDIO,REFORMER PILATES,Aude SCHLACTHER,11,8,True,2026-08-14 07:25
2026-08-11,Mardi,13:00,13:50,BOULOGNE REFORMER STUDIO,REFORMER PILATES,Sacha DOURIANT,12,0,True,2026-08-14 07:25
2026-08-11,Mardi,13:00,13:50,INVALIDES REFORMER STUDIO,REFORMER PILATES,Florence COLLIN BECUWE Advanced/Intense ,10,0,True,2026-08-14 07:25
2026-08-11,Mardi,13:00,13:50,MARAIS REFORMER STUDIO,REFORMER PILATES,Roxane GHORBANNEJAD,10,4,True,2026-08-14 07:25
2026-08-11,Mardi,13:00,13:50,MAUBEUGE REFORMER STUDIO,REFORMER PILATES,Pauline RAMON @pilatesbypops,11,4,True,2026-08-14 07:25
2026-08-11,Mardi,13:00,13:50,MIROMESNIL REFORMER STUDIO,REFORMER PILATES,Léane AMRAM,11,4,True,2026-08-14 07:25
2026-08-11,Mardi,13:00,13:50,PASSY NEWFORMER - INTENSE PILATES,NEWFORMER - INTENSE PILATES,Carla @training_by_carla,9,2,True,2026-08-14 07:25
2026-08-11,Mardi,13:00,13:50,SAINT MANDÉ REFORMER STUDIO,REFORMER PILATES,Anaïs CHRISTIAENS,12,4,True,2026-08-14 07:25
2026-08-11,Mardi,13:00,13:50,SENTIER REFORMER STUDIO,REFORMER PILATES,Jeremy KRYSTKOWIAK,14,0,True,2026-08-14 07:25
2026-08-11,Mardi,13:00,13:50,SURESNES REFORMER STUDIO,REFORMER PILATES,Dorina YICHU ,10,2,True,2026-08-14 07:25
2026-08-11,Mardi,13:00,13:50,VAUGIRARD RÉFORMER STUDIO,REFORMER PILATES,Joy DUQUESNE,11,0,False,2026-08-10 02:46
2026-08-11,Mardi,13:00,13:50,VAVIN REFORMER STUDIO,REFORMER PILATES,Eva MENIGOZ,12,0,True,2026-08-14 07:25
2026-08-11,Mardi,13:00,13:50,WAGRAM REFORMER STUDIO,REFORMER PILATES,Zoé  @getstronglikezoe Intense / Advanced ,11,7,True,2026-08-14 07:25
2026-08-11,Mardi,13:30,14:20,MADELEINE REFORMER STUDIO,REFORMER PILATES,Shana  MAMOU,12,0,True,2026-08-14 07:25
2026-08-11,Mardi,17:00,17:50,BATIGNOLLES REFORMER STUDIO,REFORMER PILATES,Florence COLLIN BECUWE Advanced/Intense ,12,5,True,2026-08-14 07:25
2026-08-11,Mardi,17:00,17:45,MOZART GYM STUDIO - MAT,HOT - MÉTHODE BOOTY & CORE,Elsa TRAINING ,15,0,True,2026-08-14 07:25
2026-08-11,Mardi,17:00,17:50,VAUGIRARD RÉFORMER STUDIO,REFORMER PILATES,Polina BODEEVA,11,0,True,2026-08-14 07:25
2026-08-11,Mardi,17:00,17:50,WAGRAM REFORMER STUDIO,REFORMER PILATES,Jessika CRUZ,11,0,True,2026-08-14 07:25
2026-08-11,Mardi,18:00,18:50,BATIGNOLLES REFORMER STUDIO,REFORMER PILATES,Florence COLLIN BECUWE Advanced/Intense ,12,10,True,2026-08-14 07:25
2026-08-11,Mardi,18:00,18:50,BOSQUET REFORMER STUDIO,REFORMER PILATES,Jacky TEWES ,11,10,True,2026-08-14 07:25
2026-08-11,Mardi,18:00,18:50,BOULOGNE REFORMER STUDIO,REFORMER PILATES,Soudi ZARGHAM,12,0,True,2026-08-14 07:25
2026-08-11,Mardi,18:00,18:50,INVALIDES REFORMER STUDIO,REFORMER PILATES,Krizia GUETTAF @tous_sportifs ,10,0,True,2026-08-14 07:25
2026-08-11,Mardi,18:00,18:50,MADELEINE REFORMER STUDIO,REFORMER PILATES,Julia TAPIRO,12,0,True,2026-08-14 07:25
2026-08-11,Mardi,18:00,18:50,MARAIS REFORMER STUDIO,REFORMER PILATES,Cédric ARAMAN,10,4,True,2026-08-14 07:25
2026-08-11,Mardi,18:00,18:50,MAUBEUGE REFORMER STUDIO,REFORMER PILATES,Pauline RAMON @pilatesbypops,11,4,True,2026-08-14 07:25
2026-08-11,Mardi,18:00,18:50,MIROMESNIL REFORMER STUDIO,REFORMER PILATES,Shana  MAMOU,11,7,True,2026-08-14 07:25
2026-08-11,Mardi,18:00,19:00,MOZART GYM STUDIO - MAT,FULL BODY WORKOUT,Nicolas DUCHESNE,16,0,True,2026-08-14 07:25
2026-08-11,Mardi,18:00,18:50,NEUILLY GYM STUDIO - MAT,FOCUS ABS & FULL BODY,Amélie BALLAND @amelietahiti,14,0,True,2026-08-14 07:25
2026-08-11,Mardi,18:00,18:50,NEUILLY NEWFORMER - INTENSE PILATES,NEWFORMER - INTENSE PILATES,Carla @training_by_carla,9,0,True,2026-08-14 07:25
2026-08-11,Mardi,18:00,18:50,PASSY NEWFORMER - INTENSE PILATES,NEWFORMER - INTENSE PILATES,Capucine GADRET,9,4,True,2026-08-14 07:25
2026-08-11,Mardi,18:00,18:50,SAINT MANDÉ REFORMER STUDIO,REFORMER PILATES,Golda BENCHETRIT,12,7,True,2026-08-14 07:25
2026-08-11,Mardi,18:00,18:50,SENTIER REFORMER STUDIO,REFORMER PILATES,Sofia TRUKHACHEVA,14,0,True,2026-08-14 07:25
2026-08-11,Mardi,18:00,18:50,SURESNES REFORMER STUDIO,REFORMER PILATES,Eileen MURRAY - English class ,10,5,True,2026-08-14 07:25
2026-08-11,Mardi,18:00,18:50,VAUGIRARD RÉFORMER STUDIO,REFORMER PILATES,Polina BODEEVA,11,8,True,2026-08-14 07:25
2026-08-11,Mardi,18:00,18:50,VAVIN REFORMER STUDIO,REFORMER PILATES,Camille AUZANNEAU,12,10,True,2026-08-14 07:25
2026-08-11,Mardi,18:00,18:50,WAGRAM REFORMER STUDIO,REFORMER PILATES,Jessika CRUZ,11,7,True,2026-08-14 07:25
2026-08-11,Mardi,19:00,19:50,BATIGNOLLES REFORMER STUDIO,REFORMER PILATES,Florence COLLIN BECUWE Advanced/Intense ,12,12,True,2026-08-14 07:25
2026-08-11,Mardi,19:00,19:50,BOSQUET REFORMER STUDIO,REFORMER PILATES,Jacky TEWES ,11,11,True,2026-08-14 07:25
2026-08-11,Mardi,19:00,19:50,BOULOGNE REFORMER STUDIO,REFORMER PILATES,Soudi ZARGHAM,12,0,True,2026-08-14 07:25
2026-08-11,Mardi,19:00,19:50,INVALIDES REFORMER STUDIO,REFORMER PILATES,Krizia GUETTAF @tous_sportifs ,10,0,True,2026-08-14 07:25
2026-08-11,Mardi,19:00,19:50,MADELEINE REFORMER STUDIO,REFORMER PILATES,Julia TAPIRO,12,0,True,2026-08-14 07:25
2026-08-11,Mardi,19:00,19:50,MARAIS REFORMER STUDIO,REFORMER PILATES,Cédric ARAMAN,10,7,True,2026-08-14 07:25
2026-08-11,Mardi,19:00,19:50,MAUBEUGE REFORMER STUDIO,REFORMER PILATES,Pauline RAMON @pilatesbypops,11,7,True,2026-08-14 07:25
2026-08-11,Mardi,19:00,19:50,MIROMESNIL REFORMER STUDIO,REFORMER PILATES,Shana  MAMOU,11,9,True,2026-08-14 07:25
2026-08-11,Mardi,19:00,19:50,MOZART GYM STUDIO - MAT,FULL BODY PUMP,Nicolas DUCHESNE,15,0,True,2026-08-14 07:25
2026-08-11,Mardi,19:00,20:00,NEUILLY GYM STUDIO - MAT,BARRE WORKOUT,Najwa TAHRI Advanced/Intense,12,0,True,2026-08-14 07:25
2026-08-11,Mardi,19:00,19:50,NEUILLY NEWFORMER - INTENSE PILATES,NEWFORMER - INTENSE PILATES,Carla @training_by_carla,9,0,True,2026-08-14 07:25
2026-08-11,Mardi,19:00,19:50,PASSY NEWFORMER - INTENSE PILATES,NEWFORMER - INTENSE PILATES,Capucine GADRET,9,9,True,2026-08-14 07:25
2026-08-11,Mardi,19:00,19:50,SAINT MANDÉ REFORMER STUDIO,REFORMER PILATES,Golda BENCHETRIT,12,4,True,2026-08-14 07:25
2026-08-11,Mardi,19:00,19:50,SENTIER REFORMER STUDIO,REFORMER PILATES,Sofia TRUKHACHEVA,14,0,True,2026-08-14 07:25
2026-08-11,Mardi,19:00,19:50,SURESNES REFORMER STUDIO,REFORMER PILATES,Eileen MURRAY - English class ,10,2,True,2026-08-14 07:25
2026-08-11,Mardi,19:00,19:50,VAUGIRARD RÉFORMER STUDIO,REFORMER PILATES,Polina BODEEVA,11,11,True,2026-08-14 07:25
2026-08-11,Mardi,19:00,19:50,VAVIN REFORMER STUDIO,REFORMER PILATES,Camille AUZANNEAU,12,8,True,2026-08-14 07:25
2026-08-11,Mardi,19:00,19:50,WAGRAM REFORMER STUDIO,REFORMER PILATES,Jessika CRUZ,11,8,True,2026-08-14 07:25
2026-08-11,Mardi,20:00,20:50,BATIGNOLLES REFORMER STUDIO,REFORMER PILATES,Florence COLLIN BECUWE Advanced/Intense ,12,12,True,2026-08-14 07:25
2026-08-11,Mardi,20:00,20:50,BOSQUET REFORMER STUDIO,REFORMER PILATES,Jacky TEWES ,11,0,True,2026-08-14 07:25
2026-08-11,Mardi,20:00,20:50,BOULOGNE REFORMER STUDIO,REFORMER PILATES,Soudi ZARGHAM,12,0,True,2026-08-14 07:25
2026-08-11,Mardi,20:00,20:50,INVALIDES REFORMER STUDIO,REFORMER PILATES,Krizia GUETTAF @tous_sportifs ,10,0,True,2026-08-14 07:25
2026-08-11,Mardi,20:00,20:50,MADELEINE REFORMER STUDIO,REFORMER PILATES,Julia TAPIRO,12,0,True,2026-08-14 07:25
2026-08-11,Mardi,20:00,20:50,MARAIS REFORMER STUDIO,REFORMER PILATES,Cédric ARAMAN,10,1,True,2026-08-14 07:25
2026-08-11,Mardi,20:00,20:50,MAUBEUGE REFORMER STUDIO,REFORMER PILATES,Pauline RAMON @pilatesbypops,11,0,True,2026-08-14 07:25
2026-08-11,Mardi,20:00,20:50,MIROMESNIL REFORMER STUDIO,REFORMER PILATES,Shana  MAMOU,11,0,True,2026-08-14 07:25
2026-08-11,Mardi,20:00,20:50,MOZART GYM STUDIO - MAT,Cuisses Abdos Fessiers - CAF,Nicolas DUCHESNE,17,0,True,2026-08-14 07:25
2026-08-11,Mardi,20:00,20:45,NEUILLY GYM STUDIO - MAT,BODY SCULPT,Najwa TAHRI Advanced/Intense,12,0,True,2026-08-14 07:25
2026-08-11,Mardi,20:00,20:50,NEUILLY NEWFORMER - INTENSE PILATES,NEWFORMER - INTENSE PILATES,Carla @training_by_carla,9,0,True,2026-08-14 07:25
2026-08-11,Mardi,20:00,20:50,PASSY NEWFORMER - INTENSE PILATES,NEWFORMER - INTENSE PILATES,Capucine GADRET,9,0,True,2026-08-14 07:25
2026-08-11,Mardi,20:00,20:50,SAINT MANDÉ REFORMER STUDIO,REFORMER PILATES,Golda BENCHETRIT,12,3,True,2026-08-14 07:25
2026-08-11,Mardi,20:00,20:50,SENTIER REFORMER STUDIO,REFORMER PILATES,Sofia TRUKHACHEVA,14,0,True,2026-08-14 07:25
2026-08-11,Mardi,20:00,20:50,SURESNES REFORMER STUDIO,REFORMER PILATES,Eileen MURRAY - English class ,10,3,True,2026-08-14 07:25
2026-08-11,Mardi,20:00,20:50,VAUGIRARD RÉFORMER STUDIO,REFORMER PILATES,Polina BODEEVA,11,10,True,2026-08-14 07:25
2026-08-11,Mardi,20:00,20:50,VAVIN REFORMER STUDIO,REFORMER PILATES,Camille AUZANNEAU,12,2,True,2026-08-14 07:25
2026-08-11,Mardi,20:00,20:50,WAGRAM REFORMER STUDIO,REFORMER PILATES,Jessika CRUZ,11,3,True,2026-08-14 07:25
2026-08-12,Mercredi,08:00,08:50,BATIGNOLLES REFORMER STUDIO,REFORMER PILATES,Alexia VITALI,12,0,True,2026-08-15 02:32
2026-08-12,Mercredi,08:00,08:50,INVALIDES REFORMER STUDIO,REFORMER PILATES,Shana  MAMOU,10,0,True,2026-08-15 02:32
2026-08-12,Mercredi,08:00,08:50,MADELEINE REFORMER STUDIO,REFORMER PILATES,Cynthia GALIN,12,0,True,2026-08-15 02:32
2026-08-12,Mercredi,08:00,08:50,MAUBEUGE REFORMER STUDIO,REFORMER PILATES,Pauline RAMON @pilatesbypops,11,3,True,2026-08-15 02:32
2026-08-12,Mercredi,08:00,08:50,MIROMESNIL REFORMER STUDIO,REFORMER PILATES,Luana BRENON,11,4,True,2026-08-15 02:32
2026-08-12,Mercredi,08:00,09:00,MOZART GYM STUDIO - MAT,BARRE WORKOUT,Laurie VIVIANI,16,0,True,2026-08-15 02:32
2026-08-12,Mercredi,08:00,08:50,NEUILLY NEWFORMER - INTENSE PILATES,NEWFORMER - INTENSE PILATES,Ibrahima BALDE,9,0,True,2026-08-15 02:32
2026-08-12,Mercredi,08:00,08:50,PASSY NEWFORMER - INTENSE PILATES,NEWFORMER - INTENSE PILATES,Elsa TRAINING ,9,4,True,2026-08-15 02:32
2026-08-12,Mercredi,08:00,08:50,SAINT MANDÉ REFORMER STUDIO,REFORMER PILATES,Golda BENCHETRIT,12,0,True,2026-08-15 02:32
2026-08-12,Mercredi,08:00,08:50,SENTIER REFORMER STUDIO,REFORMER PILATES,Godefroy HISANY,14,0,True,2026-08-15 02:32
2026-08-12,Mercredi,08:00,08:50,SURESNES REFORMER STUDIO,REFORMER PILATES,Léna BACHELIER,10,0,True,2026-08-15 02:32
2026-08-12,Mercredi,08:00,08:50,VAVIN REFORMER STUDIO,REFORMER PILATES,Louise DROUAULT @louiisedrlt,12,0,True,2026-08-15 02:32
2026-08-12,Mercredi,08:00,08:50,WAGRAM REFORMER STUDIO,REFORMER PILATES,Jessika CRUZ,11,3,True,2026-08-15 02:32
2026-08-12,Mercredi,09:00,09:50,BATIGNOLLES REFORMER STUDIO,REFORMER PILATES,Alexia VITALI,12,4,True,2026-08-15 02:32
2026-08-12,Mercredi,09:00,09:50,BOULOGNE REFORMER STUDIO,REFORMER PILATES,Lucie DUMONT,12,0,True,2026-08-15 02:32
2026-08-12,Mercredi,09:00,09:50,INVALIDES REFORMER STUDIO,REFORMER PILATES,Shana  MAMOU,10,0,True,2026-08-15 02:32
2026-08-12,Mercredi,09:00,09:50,MADELEINE REFORMER STUDIO,REFORMER PILATES,Cynthia GALIN,12,0,True,2026-08-15 02:32
2026-08-12,Mercredi,09:00,09:50,MARAIS REFORMER STUDIO,REFORMER PILATES,Leila OUCHEN,10,2,True,2026-08-15 02:32
2026-08-12,Mercredi,09:00,09:50,MAUBEUGE REFORMER STUDIO,REFORMER PILATES,Pauline RAMON @pilatesbypops,11,3,True,2026-08-15 02:32
2026-08-12,Mercredi,09:00,09:50,MIROMESNIL REFORMER STUDIO,REFORMER PILATES,Luana BRENON,11,4,True,2026-08-15 02:32
2026-08-12,Mercredi,09:00,10:00,MOZART GYM STUDIO - MAT,THE NEW ME,Constance DE SCHOMPRE,22,0,True,2026-08-15 02:32
2026-08-12,Mercredi,09:00,10:00,NEUILLY GYM STUDIO - MAT,BARRE WORKOUT,Cynthia MONTANO,12,0,True,2026-08-15 02:32
2026-08-12,Mercredi,09:00,09:50,NEUILLY NEWFORMER - INTENSE PILATES,NEWFORMER - INTENSE PILATES,Ibrahima BALDE,9,0,True,2026-08-15 02:32
2026-08-12,Mercredi,09:00,09:50,PASSY NEWFORMER - INTENSE PILATES,NEWFORMER - INTENSE PILATES,Elsa TRAINING ,9,0,True,2026-08-15 02:32
2026-08-12,Mercredi,09:00,09:50,SAINT MANDÉ REFORMER STUDIO,REFORMER PILATES,Golda BENCHETRIT,12,0,True,2026-08-15 02:32
2026-08-12,Mercredi,09:00,09:50,SENTIER REFORMER STUDIO,REFORMER PILATES,Godefroy HISANY,14,0,True,2026-08-15 02:32
2026-08-12,Mercredi,09:00,09:50,SURESNES REFORMER STUDIO,REFORMER PILATES,Léna BACHELIER,10,2,True,2026-08-15 02:32
2026-08-12,Mercredi,09:00,09:50,VAVIN REFORMER STUDIO,REFORMER PILATES,Louise DROUAULT @louiisedrlt,12,0,True,2026-08-15 02:32
2026-08-12,Mercredi,09:00,09:50,WAGRAM REFORMER STUDIO,REFORMER PILATES,Jessika CRUZ,11,0,True,2026-08-15 02:32
2026-08-12,Mercredi,10:00,10:50,BATIGNOLLES REFORMER STUDIO,REFORMER PILATES,Alexia VITALI,12,5,True,2026-08-15 02:32
2026-08-12,Mercredi,10:00,10:50,BOULOGNE REFORMER STUDIO,REFORMER PILATES,Lucie DUMONT,12,0,True,2026-08-15 02:32
2026-08-12,Mercredi,10:00,10:50,MADELEINE REFORMER STUDIO,REFORMER PILATES,Cynthia GALIN,12,0,True,2026-08-15 02:32
2026-08-12,Mercredi,10:00,10:50,MARAIS REFORMER STUDIO,REFORMER PILATES,Leila OUCHEN,10,2,True,2026-08-15 02:32
2026-08-12,Mercredi,10:00,10:50,MAUBEUGE REFORMER STUDIO,REFORMER PILATES,Pauline RAMON @pilatesbypops,11,2,True,2026-08-15 02:32
2026-08-12,Mercredi,10:00,11:00,MOZART GYM STUDIO - MAT,KALON BARRE,KALON BARRE @kalon.movement,16,0,True,2026-08-15 02:32
2026-08-12,Mercredi,10:00,11:00,NEUILLY GYM STUDIO - MAT,BARRE PILATES,Kim GAMPEL,12,0,True,2026-08-15 02:32
2026-08-12,Mercredi,10:00,10:50,NEUILLY NEWFORMER - INTENSE PILATES,NEWFORMER - INTENSE PILATES,Ibrahima BALDE,9,0,True,2026-08-15 02:32
2026-08-12,Mercredi,10:00,10:50,PASSY NEWFORMER - INTENSE PILATES,NEWFORMER - INTENSE PILATES,Elsa TRAINING ,9,3,True,2026-08-15 02:32
2026-08-12,Mercredi,10:00,10:50,SAINT MANDÉ REFORMER STUDIO,REFORMER PILATES,Golda BENCHETRIT,12,4,True,2026-08-15 02:32
2026-08-12,Mercredi,10:00,10:50,SURESNES REFORMER STUDIO,REFORMER PILATES,Léna BACHELIER,10,9,True,2026-08-15 02:32
2026-08-12,Mercredi,10:00,10:50,VAUGIRARD RÉFORMER STUDIO,REFORMER PILATES,Sonia @sonia_raconte Intermédiaire/Avancé ,11,0,True,2026-08-15 02:32
2026-08-12,Mercredi,10:00,10:50,VAVIN REFORMER STUDIO,REFORMER PILATES,Louise DROUAULT @louiisedrlt,12,0,True,2026-08-15 02:32
2026-08-12,Mercredi,10:00,10:50,WAGRAM REFORMER STUDIO,REFORMER PILATES,Jessika CRUZ,11,3,True,2026-08-15 02:32
2026-08-12,Mercredi,11:00,11:50,BATIGNOLLES REFORMER STUDIO,REFORMER PILATES,Zoé  @getstronglikezoe Intense / Advanced ,12,2,True,2026-08-15 02:32
2026-08-12,Mercredi,11:00,11:50,BOSQUET REFORMER STUDIO,REFORMER PILATES,Camille AUZANNEAU,11,5,True,2026-08-15 02:32
2026-08-12,Mercredi,11:00,11:50,MARAIS REFORMER STUDIO,REFORMER PILATES,Leila OUCHEN,10,2,True,2026-08-15 02:32
2026-08-12,Mercredi,11:00,12:00,NEUILLY GYM STUDIO - MAT,BODY SCULPT,William  GALIN,14,0,True,2026-08-15 02:32
2026-08-12,Mercredi,11:00,11:50,NEUILLY NEWFORMER - INTENSE PILATES,NEWFORMER - INTENSE PILATES,Carla @training_by_carla,9,0,True,2026-08-15 02:32
2026-08-12,Mercredi,11:00,11:50,PASSY NEWFORMER - INTENSE PILATES,NEWFORMER - INTENSE PILATES,Capucine GADRET,9,9,True,2026-08-15 02:32
2026-08-12,Mercredi,11:00,11:50,VAUGIRARD RÉFORMER STUDIO,REFORMER PILATES,Naser SAENDI @coachfitnas,11,5,True,2026-08-15 02:32
2026-08-12,Mercredi,11:00,11:50,VAVIN REFORMER STUDIO,REFORMER PILATES,Sofia TRUKHACHEVA,12,6,True,2026-08-15 02:32
2026-08-12,Mercredi,11:00,11:50,WAGRAM REFORMER STUDIO,REFORMER PILATES,Jessika CRUZ,11,5,True,2026-08-15 02:32
2026-08-12,Mercredi,11:15,12:05,MOZART GYM STUDIO - MAT,BARRE WORKOUT,Naomie CALINSKI,15,0,True,2026-08-15 02:32
2026-08-12,Mercredi,12:00,12:50,BATIGNOLLES REFORMER STUDIO,REFORMER PILATES,Zoé  @getstronglikezoe Intense / Advanced ,12,9,True,2026-08-15 02:32
2026-08-12,Mercredi,12:00,12:50,BOSQUET REFORMER STUDIO,REFORMER PILATES,Camille AUZANNEAU,11,2,True,2026-08-15 02:32
2026-08-12,Mercredi,12:00,12:50,BOULOGNE REFORMER STUDIO,REFORMER PILATES,Lucie DUMONT,12,0,True,2026-08-15 02:32
2026-08-12,Mercredi,12:00,12:50,INVALIDES REFORMER STUDIO,REFORMER PILATES,Luana BRENON,10,0,True,2026-08-15 02:32
2026-08-12,Mercredi,12:00,12:50,MADELEINE REFORMER STUDIO,REFORMER PILATES,Candice TOUBIANA @candice.pilates,12,0,True,2026-08-15 02:32
2026-08-12,Mercredi,12:00,12:50,MARAIS REFORMER STUDIO,REFORMER PILATES,Leila OUCHEN,10,4,True,2026-08-15 02:32
2026-08-12,Mercredi,12:00,12:50,MAUBEUGE REFORMER STUDIO,REFORMER PILATES,Léane AMRAM,11,5,True,2026-08-15 02:32
2026-08-12,Mercredi,12:00,12:50,MIROMESNIL REFORMER STUDIO,REFORMER PILATES,Inass @pilatesbyinass,11,9,True,2026-08-15 02:32
2026-08-12,Mercredi,12:00,12:50,NEUILLY NEWFORMER - INTENSE PILATES,NEWFORMER - INTENSE PILATES,Carla @training_by_carla,9,0,True,2026-08-15 02:32
2026-08-12,Mercredi,12:00,12:50,PASSY NEWFORMER - INTENSE PILATES,NEWFORMER - INTENSE PILATES,Capucine GADRET,9,7,True,2026-08-15 02:32
2026-08-12,Mercredi,12:00,12:50,SAINT MANDÉ REFORMER STUDIO,REFORMER PILATES,Anaïs CHRISTIAENS,12,4,True,2026-08-15 02:32
2026-08-12,Mercredi,12:00,12:50,SENTIER REFORMER STUDIO,REFORMER PILATES,Polina BODEEVA,14,0,True,2026-08-15 02:32
2026-08-12,Mercredi,12:00,12:50,SURESNES REFORMER STUDIO,REFORMER PILATES,Léna BACHELIER,10,10,True,2026-08-15 02:32
2026-08-12,Mercredi,12:00,12:50,VAUGIRARD RÉFORMER STUDIO,REFORMER PILATES,Naser SAENDI @coachfitnas,11,9,True,2026-08-15 02:32
2026-08-12,Mercredi,12:00,12:50,VAVIN REFORMER STUDIO,REFORMER PILATES,Sofia TRUKHACHEVA,12,9,True,2026-08-15 02:32
2026-08-12,Mercredi,12:00,12:50,WAGRAM REFORMER STUDIO,REFORMER PILATES,Joy DUQUESNE,11,7,True,2026-08-15 02:32
2026-08-12,Mercredi,12:30,13:30,MOZART GYM STUDIO - MAT,FULL BODY WORKOUT,William  GALIN,18,0,True,2026-08-15 02:32
2026-08-12,Mercredi,12:30,13:45,NEUILLY GYM STUDIO - MAT,YOGA VINYASA,Flore TURRA (intermédiaire),14,0,True,2026-08-15 02:32
2026-08-12,Mercredi,13:00,13:50,BATIGNOLLES REFORMER STUDIO,REFORMER PILATES,Zoé  @getstronglikezoe Intense / Advanced ,12,7,True,2026-08-15 02:32
2026-08-12,Mercredi,13:00,13:50,BOSQUET REFORMER STUDIO,REFORMER PILATES,Camille AUZANNEAU,11,4,True,2026-08-15 02:32
2026-08-12,Mercredi,13:00,13:50,BOULOGNE REFORMER STUDIO,REFORMER PILATES,Lucie DUMONT,12,0,True,2026-08-15 02:32
2026-08-12,Mercredi,13:00,13:50,INVALIDES REFORMER STUDIO,REFORMER PILATES,Luana BRENON,10,0,True,2026-08-15 02:32
2026-08-12,Mercredi,13:00,13:50,MADELEINE REFORMER STUDIO,REFORMER PILATES,Candice TOUBIANA @candice.pilates,12,0,True,2026-08-15 02:32
2026-08-12,Mercredi,13:00,13:50,MAUBEUGE REFORMER STUDIO,REFORMER PILATES,Léane AMRAM,11,1,True,2026-08-15 02:32
2026-08-12,Mercredi,13:00,13:50,MIROMESNIL REFORMER STUDIO,REFORMER PILATES,Inass @pilatesbyinass,11,3,True,2026-08-15 02:32
2026-08-12,Mercredi,13:00,13:50,NEUILLY NEWFORMER - INTENSE PILATES,NEWFORMER - INTENSE PILATES,Carla @training_by_carla,9,0,True,2026-08-15 02:32
2026-08-12,Mercredi,13:00,13:50,PASSY NEWFORMER - INTENSE PILATES,NEWFORMER - INTENSE PILATES,Capucine GADRET,9,4,True,2026-08-15 02:32
2026-08-12,Mercredi,13:00,13:50,SAINT MANDÉ REFORMER STUDIO,REFORMER PILATES,Anaïs CHRISTIAENS,12,4,True,2026-08-15 02:32
2026-08-12,Mercredi,13:00,13:50,SENTIER REFORMER STUDIO,REFORMER PILATES,Polina BODEEVA,14,0,True,2026-08-15 02:32
2026-08-12,Mercredi,13:00,13:50,SURESNES REFORMER STUDIO,REFORMER PILATES,Léna BACHELIER,10,8,True,2026-08-15 02:32
2026-08-12,Mercredi,13:00,13:50,VAVIN REFORMER STUDIO,REFORMER PILATES,Sofia TRUKHACHEVA,12,6,True,2026-08-15 02:32
2026-08-12,Mercredi,13:00,13:50,WAGRAM REFORMER STUDIO,REFORMER PILATES,Joy DUQUESNE,11,0,True,2026-08-15 02:32
2026-08-12,Mercredi,17:00,17:50,BATIGNOLLES REFORMER STUDIO,REFORMER PILATES,Chloé CASPAR,12,5,True,2026-08-15 02:32
2026-08-12,Mercredi,17:00,17:50,BOULOGNE REFORMER STUDIO,REFORMER PILATES,Stephanie BROWN - English Class,12,0,True,2026-08-15 02:32
2026-08-12,Mercredi,17:00,17:50,VAUGIRARD RÉFORMER STUDIO,REFORMER PILATES,Polina BODEEVA,11,4,True,2026-08-15 02:32
2026-08-12,Mercredi,17:00,17:50,VAVIN REFORMER STUDIO,REFORMER PILATES,Justine  LE CORRE @justine.fitandflowreformer,12,8,True,2026-08-15 02:32
2026-08-12,Mercredi,17:00,17:50,WAGRAM REFORMER STUDIO,REFORMER PILATES,Lola MILLEROT,11,0,True,2026-08-15 02:32
2026-08-12,Mercredi,18:00,18:50,BATIGNOLLES REFORMER STUDIO,REFORMER PILATES,Chloé CASPAR,12,8,True,2026-08-15 02:32
2026-08-12,Mercredi,18:00,18:50,BOSQUET REFORMER STUDIO,REFORMER PILATES,Candice TOUBIANA @candice.pilates,11,3,True,2026-08-15 02:32
2026-08-12,Mercredi,18:00,18:50,BOULOGNE REFORMER STUDIO,REFORMER PILATES,Stephanie BROWN - English Class,12,0,True,2026-08-15 02:32
2026-08-12,Mercredi,18:00,18:50,INVALIDES REFORMER STUDIO,REFORMER PILATES,Luana BRENON,10,0,True,2026-08-15 02:32
2026-08-12,Mercredi,18:00,18:50,MADELEINE REFORMER STUDIO,REFORMER PILATES,Shana  MAMOU,12,0,True,2026-08-15 02:32
2026-08-12,Mercredi,18:00,18:50,MARAIS REFORMER STUDIO,REFORMER PILATES,Mazarine FORD,10,6,True,2026-08-15 02:32
2026-08-12,Mercredi,18:00,18:50,MAUBEUGE REFORMER STUDIO,REFORMER PILATES,Philippine DESTAING,11,5,True,2026-08-15 02:32
2026-08-12,Mercredi,18:00,18:50,MIROMESNIL REFORMER STUDIO,REFORMER PILATES,Godefroy HISANY,11,5,True,2026-08-15 02:32
2026-08-12,Mercredi,18:00,18:45,NEUILLY GYM STUDIO - MAT,BODY SCULPT,Marcus FITLIFE,14,0,True,2026-08-15 02:32
2026-08-12,Mercredi,18:00,18:50,NEUILLY NEWFORMER - INTENSE PILATES,NEWFORMER - INTENSE PILATES,Salomé Dadoun,9,0,True,2026-08-15 02:32
2026-08-12,Mercredi,18:00,18:50,PASSY NEWFORMER - INTENSE PILATES,NEWFORMER - INTENSE PILATES,Naomie CALINSKI,9,0,True,2026-08-15 02:32
2026-08-12,Mercredi,18:00,18:50,SAINT MANDÉ REFORMER STUDIO,REFORMER PILATES,Wendy GUILHEM,12,7,True,2026-08-15 02:32
2026-08-12,Mercredi,18:00,18:50,SENTIER REFORMER STUDIO,REFORMER PILATES,Mathilde DURAND,14,0,True,2026-08-15 02:32
2026-08-12,Mercredi,18:00,18:50,SURESNES REFORMER STUDIO,REFORMER PILATES,Eileen MURRAY - English class ,10,3,True,2026-08-15 02:32
2026-08-12,Mercredi,18:00,18:50,VAUGIRARD RÉFORMER STUDIO,REFORMER PILATES,Polina BODEEVA,11,9,True,2026-08-15 02:32
2026-08-12,Mercredi,18:00,18:50,VAVIN REFORMER STUDIO,REFORMER PILATES,Justine  LE CORRE @justine.fitandflowreformer,12,3,True,2026-08-15 02:32
2026-08-12,Mercredi,18:00,18:50,WAGRAM REFORMER STUDIO,REFORMER PILATES,Chloé CASPAR,11,0,True,2026-08-15 02:32
2026-08-12,Mercredi,18:15,19:15,MOZART GYM STUDIO - MAT,MÉTHODE BOOTY & CORE,Elsa TRAINING ,16,0,True,2026-08-15 02:32
2026-08-12,Mercredi,19:00,19:50,BATIGNOLLES REFORMER STUDIO,REFORMER PILATES,Chloé CASPAR,12,4,True,2026-08-15 02:32
2026-08-12,Mercredi,19:00,19:50,BOSQUET REFORMER STUDIO,REFORMER PILATES,Candice TOUBIANA @candice.pilates,11,6,True,2026-08-15 02:32
2026-08-12,Mercredi,19:00,19:50,BOULOGNE REFORMER STUDIO,REFORMER PILATES,Stephanie BROWN - English Class,12,0,True,2026-08-15 02:32
2026-08-12,Mercredi,19:00,19:50,INVALIDES REFORMER STUDIO,REFORMER PILATES,Luana BRENON,10,0,True,2026-08-15 02:32
2026-08-12,Mercredi,19:00,19:50,MADELEINE REFORMER STUDIO,REFORMER PILATES,Shana  MAMOU,12,0,True,2026-08-15 02:32
2026-08-12,Mercredi,19:00,19:50,MARAIS REFORMER STUDIO,REFORMER PILATES,Mazarine FORD,10,2,True,2026-08-15 02:32
2026-08-12,Mercredi,19:00,19:50,MAUBEUGE REFORMER STUDIO,REFORMER PILATES,Philippine DESTAING,11,6,True,2026-08-15 02:32
2026-08-12,Mercredi,19:00,19:50,MIROMESNIL REFORMER STUDIO,REFORMER PILATES,Godefroy HISANY,11,4,True,2026-08-15 02:32
2026-08-12,Mercredi,19:00,19:50,NEUILLY GYM STUDIO - MAT,BARRE WORKOUT,Kim GAMPEL,12,0,True,2026-08-15 02:32
2026-08-12,Mercredi,19:00,19:50,NEUILLY NEWFORMER - INTENSE PILATES,NEWFORMER - INTENSE PILATES,Salomé Dadoun,9,0,True,2026-08-15 02:32
2026-08-12,Mercredi,19:00,19:50,PASSY NEWFORMER - INTENSE PILATES,NEWFORMER - INTENSE PILATES,Naomie CALINSKI,9,3,True,2026-08-15 02:32
2026-08-12,Mercredi,19:00,19:50,SAINT MANDÉ REFORMER STUDIO,REFORMER PILATES,Wendy GUILHEM,12,1,True,2026-08-15 02:32
2026-08-12,Mercredi,19:00,19:50,SENTIER REFORMER STUDIO,REFORMER PILATES,Mathilde DURAND,14,0,True,2026-08-15 02:32
2026-08-12,Mercredi,19:00,19:50,SURESNES REFORMER STUDIO,REFORMER PILATES,Eileen MURRAY - English class ,10,3,True,2026-08-15 02:32
2026-08-12,Mercredi,19:00,19:50,VAUGIRARD RÉFORMER STUDIO,REFORMER PILATES,Polina BODEEVA,11,1,True,2026-08-15 02:32
2026-08-12,Mercredi,19:00,19:50,VAVIN REFORMER STUDIO,REFORMER PILATES,Justine  LE CORRE @justine.fitandflowreformer,12,5,True,2026-08-15 02:32
2026-08-12,Mercredi,19:00,19:50,WAGRAM REFORMER STUDIO,REFORMER PILATES,Chloé CASPAR,11,5,True,2026-08-15 02:32
2026-08-12,Mercredi,19:15,20:15,MOZART GYM STUDIO - MAT,PILATES FUSION,Amélie BALLAND @amelietahiti,14,0,True,2026-08-15 02:32
2026-08-12,Mercredi,20:00,20:50,BATIGNOLLES REFORMER STUDIO,REFORMER PILATES,Chloé CASPAR,12,3,True,2026-08-15 02:32
2026-08-12,Mercredi,20:00,20:50,BOSQUET REFORMER STUDIO,REFORMER PILATES,Candice TOUBIANA @candice.pilates,11,2,True,2026-08-15 02:32
2026-08-12,Mercredi,20:00,20:50,INVALIDES REFORMER STUDIO,REFORMER PILATES,Luana BRENON,10,0,True,2026-08-15 02:32
2026-08-12,Mercredi,20:00,20:50,MADELEINE REFORMER STUDIO,REFORMER PILATES,Shana  MAMOU,12,0,True,2026-08-15 02:32
2026-08-12,Mercredi,20:00,20:50,MARAIS REFORMER STUDIO,REFORMER PILATES,Mazarine FORD,10,4,True,2026-08-15 02:32
2026-08-12,Mercredi,20:00,20:50,MAUBEUGE REFORMER STUDIO,REFORMER PILATES,Philippine DESTAING,11,0,True,2026-08-15 02:32
2026-08-12,Mercredi,20:00,20:50,MIROMESNIL REFORMER STUDIO,REFORMER PILATES,Godefroy HISANY,11,0,True,2026-08-15 02:32
2026-08-12,Mercredi,20:00,20:50,NEUILLY GYM STUDIO - MAT,Cuisses Abdos Fessiers - CAF,Margot BOUDER,12,0,True,2026-08-15 02:32
2026-08-12,Mercredi,20:00,20:50,NEUILLY NEWFORMER - INTENSE PILATES,NEWFORMER - INTENSE PILATES,Salomé Dadoun,9,0,True,2026-08-15 02:32
2026-08-12,Mercredi,20:00,20:50,PASSY NEWFORMER - INTENSE PILATES,NEWFORMER - INTENSE PILATES,Naomie CALINSKI,9,0,True,2026-08-15 02:32
2026-08-12,Mercredi,20:00,20:50,SAINT MANDÉ REFORMER STUDIO,REFORMER PILATES,Wendy GUILHEM,12,2,True,2026-08-15 02:32
2026-08-12,Mercredi,20:00,20:50,SENTIER REFORMER STUDIO,REFORMER PILATES,Mathilde DURAND,14,0,True,2026-08-15 02:32
2026-08-12,Mercredi,20:00,20:50,SURESNES REFORMER STUDIO,REFORMER PILATES,Eileen MURRAY - English class ,10,4,True,2026-08-15 02:32
2026-08-12,Mercredi,20:00,20:50,VAUGIRARD RÉFORMER STUDIO,REFORMER PILATES,Polina BODEEVA,11,2,True,2026-08-15 02:32
2026-08-12,Mercredi,20:15,21:00,MOZART GYM STUDIO - MAT,Cuisses Abdos Fessiers - CAF,Amélie BALLAND @amelietahiti,16,0,True,2026-08-15 02:32
2026-08-13,Jeudi,08:00,08:50,BATIGNOLLES REFORMER STUDIO,REFORMER PILATES,Arthur Intense/Advanced @arthur.gambardella ,12,0,True,2026-08-16 02:32
2026-08-13,Jeudi,08:00,08:50,INVALIDES REFORMER STUDIO,REFORMER PILATES,Sonia @sonia_raconte Intermédiaire/Avancé ,10,0,True,2026-08-16 02:32
2026-08-13,Jeudi,08:00,08:50,MADELEINE REFORMER STUDIO,REFORMER PILATES,Luana BRENON,12,0,True,2026-08-16 02:32
2026-08-13,Jeudi,08:00,08:50,MARAIS REFORMER STUDIO,REFORMER PILATES,Cynthia GALIN,10,3,True,2026-08-16 02:32
2026-08-13,Jeudi,08:00,08:50,MAUBEUGE REFORMER STUDIO,REFORMER PILATES,Shana  MAMOU,11,0,True,2026-08-16 02:32
2026-08-13,Jeudi,08:00,08:50,MIROMESNIL REFORMER STUDIO,REFORMER PILATES,Florence COLLIN BECUWE Advanced/Intense ,11,0,True,2026-08-16 02:32
2026-08-13,Jeudi,08:00,08:50,MOZART GYM STUDIO - MAT,BODY SCULPT,Marie-Claire AZAR @mc.ismyname Intense / Advanced,16,0,True,2026-08-16 02:32
2026-08-13,Jeudi,08:00,08:50,NEUILLY NEWFORMER - INTENSE PILATES,NEWFORMER - INTENSE PILATES,Nicolas MARTINS Intense / Advanced,9,0,True,2026-08-16 02:32
2026-08-13,Jeudi,08:00,08:50,PASSY NEWFORMER - INTENSE PILATES,NEWFORMER - INTENSE PILATES,Kasia @k_shia,9,0,True,2026-08-16 02:32
2026-08-13,Jeudi,08:00,08:50,SAINT MANDÉ REFORMER STUDIO,REFORMER PILATES,Golda BENCHETRIT,12,0,True,2026-08-16 02:32
2026-08-13,Jeudi,08:00,08:50,VAUGIRARD RÉFORMER STUDIO,REFORMER PILATES,Cecilia PINTO,11,6,True,2026-08-16 02:32
2026-08-13,Jeudi,08:00,08:50,VAVIN REFORMER STUDIO,REFORMER PILATES,Soudi ZARGHAM,12,6,True,2026-08-16 02:32
2026-08-13,Jeudi,08:00,08:50,WAGRAM REFORMER STUDIO,REFORMER PILATES,Jenny JORDAN,11,2,True,2026-08-16 02:32
2026-08-13,Jeudi,08:30,09:20,NEUILLY GYM STUDIO - MAT,DYNAMIC PILATES,Mona COHEN,12,0,True,2026-08-16 02:32
2026-08-13,Jeudi,09:00,09:50,BATIGNOLLES REFORMER STUDIO,REFORMER PILATES,Arthur Intense/Advanced @arthur.gambardella ,12,0,True,2026-08-16 02:32
2026-08-13,Jeudi,09:00,09:50,BOULOGNE REFORMER STUDIO,REFORMER PILATES,Aude SCHLACTHER,12,0,True,2026-08-16 02:32
2026-08-13,Jeudi,09:00,09:50,INVALIDES REFORMER STUDIO,REFORMER PILATES,Sonia @sonia_raconte Intermédiaire/Avancé ,10,0,True,2026-08-16 02:32
2026-08-13,Jeudi,09:00,09:50,MADELEINE REFORMER STUDIO,REFORMER PILATES,Luana BRENON,12,0,True,2026-08-16 02:32
2026-08-13,Jeudi,09:00,09:50,MARAIS REFORMER STUDIO,REFORMER PILATES,Cynthia GALIN,10,0,True,2026-08-16 02:32
2026-08-13,Jeudi,09:00,09:50,MAUBEUGE REFORMER STUDIO,REFORMER PILATES,Shana  MAMOU,11,0,True,2026-08-16 02:32
2026-08-13,Jeudi,09:00,09:50,MIROMESNIL REFORMER STUDIO,REFORMER PILATES,Florence COLLIN BECUWE Advanced/Intense ,11,0,True,2026-08-16 02:32
2026-08-13,Jeudi,09:00,10:00,MOZART GYM STUDIO - MAT,DYNAMIC PILATES,Marie-Claire AZAR @mc.ismyname Intense / Advanced,16,0,True,2026-08-16 02:32
2026-08-13,Jeudi,09:00,09:50,NEUILLY NEWFORMER - INTENSE PILATES,NEWFORMER - INTENSE PILATES,Nicolas MARTINS Intense / Advanced,9,0,True,2026-08-16 02:32
2026-08-13,Jeudi,09:00,09:50,PASSY NEWFORMER - INTENSE PILATES,NEWFORMER - INTENSE PILATES,Kasia @k_shia,9,0,True,2026-08-16 02:32
2026-08-13,Jeudi,09:00,09:50,SAINT MANDÉ REFORMER STUDIO,REFORMER PILATES,Golda BENCHETRIT,12,1,True,2026-08-16 02:32
2026-08-13,Jeudi,09:00,09:50,VAUGIRARD RÉFORMER STUDIO,REFORMER PILATES,Cecilia PINTO,11,1,True,2026-08-16 02:32
2026-08-13,Jeudi,09:00,09:50,VAVIN REFORMER STUDIO,REFORMER PILATES,Soudi ZARGHAM,12,2,True,2026-08-16 02:32
2026-08-13,Jeudi,09:00,09:50,WAGRAM REFORMER STUDIO,REFORMER PILATES,Jenny JORDAN,11,1,True,2026-08-16 02:32
2026-08-13,Jeudi,09:30,10:30,NEUILLY GYM STUDIO - MAT,BARRE WORKOUT,Kim GAMPEL,12,0,True,2026-08-16 02:32
2026-08-13,Jeudi,10:00,10:50,BATIGNOLLES REFORMER STUDIO,REFORMER PILATES,Arthur Intense/Advanced @arthur.gambardella ,12,3,True,2026-08-16 02:32
2026-08-13,Jeudi,10:00,10:50,BOULOGNE REFORMER STUDIO,REFORMER PILATES,Aude SCHLACTHER,12,0,True,2026-08-16 02:32
2026-08-13,Jeudi,10:00,10:50,MARAIS REFORMER STUDIO,REFORMER PILATES,Cynthia GALIN,10,3,True,2026-08-16 02:32
2026-08-13,Jeudi,10:00,10:50,MAUBEUGE REFORMER STUDIO,REFORMER PILATES,Shana  MAMOU,11,0,True,2026-08-16 02:32
2026-08-13,Jeudi,10:00,10:45,MOZART GYM STUDIO - MAT,DYNAMIC PILATES,Carla BISOLI,16,0,True,2026-08-16 02:32
2026-08-13,Jeudi,10:00,10:50,NEUILLY NEWFORMER - INTENSE PILATES,NEWFORMER - INTENSE PILATES,Nicolas MARTINS Intense / Advanced,9,0,True,2026-08-16 02:32
2026-08-13,Jeudi,10:00,10:50,PASSY NEWFORMER - INTENSE PILATES,NEWFORMER - INTENSE PILATES,Kasia @k_shia,9,4,True,2026-08-16 02:32
2026-08-13,Jeudi,10:00,10:50,SAINT MANDÉ REFORMER STUDIO,REFORMER PILATES,Golda BENCHETRIT,12,2,True,2026-08-16 02:32
2026-08-13,Jeudi,10:00,10:50,SENTIER REFORMER STUDIO,REFORMER PILATES,Mathilde DURAND,14,0,True,2026-08-16 02:32
2026-08-13,Jeudi,10:00,10:50,VAUGIRARD RÉFORMER STUDIO,REFORMER PILATES,Cecilia PINTO,11,3,True,2026-08-16 02:32
2026-08-13,Jeudi,10:00,10:50,VAVIN REFORMER STUDIO,REFORMER PILATES,Soudi ZARGHAM,12,2,True,2026-08-16 02:32
2026-08-13,Jeudi,10:00,10:50,WAGRAM REFORMER STUDIO,REFORMER PILATES,Jenny JORDAN,11,3,True,2026-08-16 02:32
2026-08-13,Jeudi,10:30,11:30,NEUILLY GYM STUDIO - MAT,DYNAMIC PILATES,Joe BERCKMANS @go_for_it_joe,12,0,True,2026-08-16 02:32
2026-08-13,Jeudi,11:00,11:50,BATIGNOLLES REFORMER STUDIO,REFORMER PILATES,Alexia VITALI,12,3,True,2026-08-16 02:32
2026-08-13,Jeudi,11:00,11:50,BOSQUET REFORMER STUDIO,REFORMER PILATES,Jessika CRUZ,11,0,True,2026-08-16 02:32
2026-08-13,Jeudi,11:00,11:50,BOULOGNE REFORMER STUDIO,REFORMER PILATES,Aude SCHLACTHER,12,0,True,2026-08-16 02:32
2026-08-13,Jeudi,11:00,11:50,MADELEINE REFORMER STUDIO,REFORMER PILATES,Florence COLLIN BECUWE Advanced/Intense ,12,0,True,2026-08-16 02:32
2026-08-13,Jeudi,11:00,11:50,MARAIS REFORMER STUDIO,REFORMER PILATES,Sofia TRUKHACHEVA,10,0,True,2026-08-16 02:32
2026-08-13,Jeudi,11:00,11:50,MAUBEUGE REFORMER STUDIO,REFORMER PILATES,Angelina TAVARES,11,3,True,2026-08-16 02:32
2026-08-13,Jeudi,11:00,11:50,MIROMESNIL REFORMER STUDIO,REFORMER PILATES,Leila OUCHEN,11,0,True,2026-08-16 02:32
2026-08-13,Jeudi,11:00,11:50,NEUILLY NEWFORMER - INTENSE PILATES,NEWFORMER - INTENSE PILATES,Nicolas MARTINS Intense / Advanced,9,0,True,2026-08-16 02:32
2026-08-13,Jeudi,11:00,11:50,PASSY NEWFORMER - INTENSE PILATES,NEWFORMER - INTENSE PILATES,Polina BODEEVA,9,5,True,2026-08-16 02:32
2026-08-13,Jeudi,11:00,11:50,VAUGIRARD RÉFORMER STUDIO,REFORMER PILATES,Sacha DOURIANT,11,0,True,2026-08-16 02:32
2026-08-13,Jeudi,11:00,11:50,WAGRAM REFORMER STUDIO,REFORMER PILATES,Candice TOUBIANA @candice.pilates,11,3,True,2026-08-16 02:32
2026-08-13,Jeudi,11:30,12:15,MOZART GYM STUDIO - MAT,MÉTHODE BOOTY & CORE,Elsa TRAINING ,16,0,True,2026-08-16 02:32
2026-08-13,Jeudi,12:00,12:50,BATIGNOLLES REFORMER STUDIO,REFORMER PILATES,Alexia VITALI,12,4,True,2026-08-16 02:32
2026-08-13,Jeudi,12:00,12:50,BOSQUET REFORMER STUDIO,REFORMER PILATES,Jessika CRUZ,11,0,True,2026-08-16 02:32
2026-08-13,Jeudi,12:00,12:50,BOULOGNE REFORMER STUDIO,REFORMER PILATES,Aude SCHLACTHER,12,0,True,2026-08-16 02:32
2026-08-13,Jeudi,12:00,12:50,INVALIDES REFORMER STUDIO,REFORMER PILATES,Shana  MAMOU,10,0,True,2026-08-16 02:32
2026-08-13,Jeudi,12:00,12:50,MADELEINE REFORMER STUDIO,REFORMER PILATES,Florence COLLIN BECUWE Advanced/Intense ,12,0,True,2026-08-16 02:32
2026-08-13,Jeudi,12:00,12:50,MARAIS REFORMER STUDIO,REFORMER PILATES,Sofia TRUKHACHEVA,10,5,True,2026-08-16 02:32
2026-08-13,Jeudi,12:00,12:50,MAUBEUGE REFORMER STUDIO,REFORMER PILATES,Angelina TAVARES,11,7,True,2026-08-16 02:32
2026-08-13,Jeudi,12:00,12:50,MIROMESNIL REFORMER STUDIO,REFORMER PILATES,Leila OUCHEN,11,4,True,2026-08-16 02:32
2026-08-13,Jeudi,12:00,12:50,NEUILLY NEWFORMER - INTENSE PILATES,NEWFORMER - INTENSE PILATES,Nicolas MARTINS Intense / Advanced,9,0,True,2026-08-16 02:32
2026-08-13,Jeudi,12:00,12:50,PASSY NEWFORMER - INTENSE PILATES,NEWFORMER - INTENSE PILATES,Polina BODEEVA,9,5,True,2026-08-16 02:32
2026-08-13,Jeudi,12:00,12:50,SAINT MANDÉ REFORMER STUDIO,REFORMER PILATES,Anaïs CHRISTIAENS,12,7,True,2026-08-16 02:32
2026-08-13,Jeudi,12:00,12:50,SENTIER REFORMER STUDIO,REFORMER PILATES,Victoria OROZCO @victoriamouvement,14,0,True,2026-08-16 02:32
2026-08-13,Jeudi,12:00,12:50,SURESNES REFORMER STUDIO,REFORMER PILATES,Marianne Basbous,10,0,True,2026-08-16 02:32
2026-08-13,Jeudi,12:00,12:50,VAUGIRARD RÉFORMER STUDIO,REFORMER PILATES,Sacha DOURIANT,11,7,True,2026-08-16 02:32
2026-08-13,Jeudi,12:00,12:50,VAVIN REFORMER STUDIO,REFORMER PILATES,Sonia @sonia_raconte Intermédiaire/Avancé ,12,6,True,2026-08-16 02:32
2026-08-13,Jeudi,12:00,12:50,WAGRAM REFORMER STUDIO,REFORMER PILATES,Candice TOUBIANA @candice.pilates,11,2,True,2026-08-16 02:32
2026-08-13,Jeudi,12:30,13:45,MOZART GYM STUDIO - MAT,YOGA VINYASA,Flore TURRA (intermédiaire),16,0,True,2026-08-16 02:32
2026-08-13,Jeudi,12:30,13:15,NEUILLY GYM STUDIO - MAT,BODY SCULPT,Marcus FITLIFE,12,0,True,2026-08-16 02:32
2026-08-13,Jeudi,13:00,13:50,BATIGNOLLES REFORMER STUDIO,REFORMER PILATES,Alexia VITALI,12,3,True,2026-08-16 02:32
2026-08-13,Jeudi,13:00,13:50,BOULOGNE REFORMER STUDIO,REFORMER PILATES,Aude SCHLACTHER,12,0,True,2026-08-16 02:32
2026-08-13,Jeudi,13:00,13:50,INVALIDES REFORMER STUDIO,REFORMER PILATES,Shana  MAMOU,10,0,True,2026-08-16 02:32
2026-08-13,Jeudi,13:00,13:50,MADELEINE REFORMER STUDIO,REFORMER PILATES,Florence COLLIN BECUWE Advanced/Intense ,12,0,True,2026-08-16 02:32
2026-08-13,Jeudi,13:00,13:50,MARAIS REFORMER STUDIO,REFORMER PILATES,Sofia TRUKHACHEVA,10,6,True,2026-08-16 02:32
2026-08-13,Jeudi,13:00,13:50,MAUBEUGE REFORMER STUDIO,REFORMER PILATES,Angelina TAVARES,11,4,True,2026-08-16 02:32
2026-08-13,Jeudi,13:00,13:50,MIROMESNIL REFORMER STUDIO,REFORMER PILATES,Leila OUCHEN,11,0,True,2026-08-16 02:32
2026-08-13,Jeudi,13:00,13:50,PASSY NEWFORMER - INTENSE PILATES,NEWFORMER - INTENSE PILATES,Polina BODEEVA,9,3,True,2026-08-16 02:32
2026-08-13,Jeudi,13:00,13:50,SAINT MANDÉ REFORMER STUDIO,REFORMER PILATES,Anaïs CHRISTIAENS,12,2,True,2026-08-16 02:32
2026-08-13,Jeudi,13:00,13:50,SENTIER REFORMER STUDIO,REFORMER PILATES,Victoria OROZCO @victoriamouvement,14,0,True,2026-08-16 02:32
2026-08-13,Jeudi,13:00,13:50,SURESNES REFORMER STUDIO,REFORMER PILATES,Marianne Basbous,10,0,True,2026-08-16 02:32
2026-08-13,Jeudi,13:00,13:50,VAUGIRARD RÉFORMER STUDIO,REFORMER PILATES,Sacha DOURIANT,11,7,True,2026-08-16 02:32
2026-08-13,Jeudi,13:00,13:50,VAVIN REFORMER STUDIO,REFORMER PILATES,Sonia @sonia_raconte Intermédiaire/Avancé ,12,4,True,2026-08-16 02:32
2026-08-13,Jeudi,13:00,13:50,WAGRAM REFORMER STUDIO,REFORMER PILATES,Candice TOUBIANA @candice.pilates,11,2,True,2026-08-16 02:32
2026-08-13,Jeudi,17:00,17:50,BATIGNOLLES REFORMER STUDIO,REFORMER PILATES,Jacky TEWES ,12,0,True,2026-08-16 02:32
2026-08-13,Jeudi,17:00,17:50,BOULOGNE REFORMER STUDIO,REFORMER PILATES,Cecilia PINTO,12,0,True,2026-08-16 02:32
2026-08-13,Jeudi,17:00,17:50,MAUBEUGE REFORMER STUDIO,REFORMER PILATES,Joy DUQUESNE,11,0,True,2026-08-16 02:32
2026-08-13,Jeudi,17:00,17:50,MIROMESNIL REFORMER STUDIO,REFORMER PILATES,Laura LAUGERO @lauralld,11,2,True,2026-08-16 02:32
2026-08-13,Jeudi,17:00,17:50,NEUILLY NEWFORMER - INTENSE PILATES,NEWFORMER - INTENSE PILATES,Vincent PEDRAZA @vincent.pedraza,9,0,True,2026-08-16 02:32
2026-08-13,Jeudi,17:00,17:50,PASSY NEWFORMER - INTENSE PILATES,NEWFORMER - INTENSE PILATES,Carla @training_by_carla,9,3,True,2026-08-16 02:32
2026-08-13,Jeudi,17:00,17:50,SURESNES REFORMER STUDIO,REFORMER PILATES,Andrea JURDI,10,0,True,2026-08-16 02:32
2026-08-13,Jeudi,17:00,17:50,VAVIN REFORMER STUDIO,REFORMER PILATES,Justine  LE CORRE @justine.fitandflowreformer,12,0,True,2026-08-16 02:32
2026-08-13,Jeudi,17:00,17:50,WAGRAM REFORMER STUDIO,REFORMER PILATES,Polly PRIANIKOVA,11,1,True,2026-08-16 02:32
2026-08-13,Jeudi,18:00,18:50,BATIGNOLLES REFORMER STUDIO,REFORMER PILATES,Jacky TEWES ,12,10,True,2026-08-16 02:32
2026-08-13,Jeudi,18:00,18:50,BOSQUET REFORMER STUDIO,REFORMER PILATES,Valérie @valeriefitcoaching / Advanced,11,0,True,2026-08-16 02:32
2026-08-13,Jeudi,18:00,18:50,BOULOGNE REFORMER STUDIO,REFORMER PILATES,Cecilia PINTO,12,0,True,2026-08-16 02:32
2026-08-13,Jeudi,18:00,18:50,INVALIDES REFORMER STUDIO,REFORMER PILATES,Léane AMRAM,10,0,True,2026-08-16 02:32
2026-08-13,Jeudi,18:00,18:50,MADELEINE REFORMER STUDIO,REFORMER PILATES,Shana  MAMOU,12,0,True,2026-08-16 02:32
2026-08-13,Jeudi,18:00,18:50,MARAIS REFORMER STUDIO,REFORMER PILATES,Camille AUZANNEAU,10,3,True,2026-08-16 02:32
2026-08-13,Jeudi,18:00,18:50,MAUBEUGE REFORMER STUDIO,REFORMER PILATES,Joy DUQUESNE,11,3,True,2026-08-16 02:32
2026-08-13,Jeudi,18:00,18:50,MIROMESNIL REFORMER STUDIO,REFORMER PILATES,Laura LAUGERO @lauralld,11,6,True,2026-08-16 02:32
2026-08-13,Jeudi,18:00,18:50,MOZART GYM STUDIO - MAT,Cuisses Abdos Fessiers - CAF,Nicolas DUCHESNE,14,0,True,2026-08-16 02:32
2026-08-13,Jeudi,18:00,18:50,NEUILLY NEWFORMER - INTENSE PILATES,NEWFORMER - INTENSE PILATES,Vincent PEDRAZA @vincent.pedraza,9,0,True,2026-08-16 02:32
2026-08-13,Jeudi,18:00,18:50,PASSY NEWFORMER - INTENSE PILATES,NEWFORMER - INTENSE PILATES,Carla @training_by_carla,9,7,True,2026-08-16 02:32
2026-08-13,Jeudi,18:00,18:50,SAINT MANDÉ REFORMER STUDIO,REFORMER PILATES,Wendy GUILHEM,12,3,True,2026-08-16 02:32
2026-08-13,Jeudi,18:00,18:50,SENTIER REFORMER STUDIO,REFORMER PILATES,Eva MENIGOZ,14,0,True,2026-08-16 02:32
2026-08-13,Jeudi,18:00,18:50,SURESNES REFORMER STUDIO,REFORMER PILATES,Andrea JURDI,10,0,True,2026-08-16 02:32
2026-08-13,Jeudi,18:00,18:50,VAUGIRARD RÉFORMER STUDIO,REFORMER PILATES,Polina BODEEVA,11,9,True,2026-08-16 02:32
2026-08-13,Jeudi,18:00,18:50,VAVIN REFORMER STUDIO,REFORMER PILATES,Justine  LE CORRE @justine.fitandflowreformer,12,11,True,2026-08-16 02:32
2026-08-13,Jeudi,18:00,18:50,WAGRAM REFORMER STUDIO,REFORMER PILATES,Polly PRIANIKOVA,11,7,True,2026-08-16 02:32
2026-08-13,Jeudi,18:15,19:15,NEUILLY GYM STUDIO - MAT,BARRE WORKOUT,Cynthia MONTANO,12,0,True,2026-08-16 02:32
2026-08-13,Jeudi,19:00,19:50,BATIGNOLLES REFORMER STUDIO,REFORMER PILATES,Jacky TEWES ,12,12,True,2026-08-16 02:32
2026-08-13,Jeudi,19:00,19:50,BOSQUET REFORMER STUDIO,REFORMER PILATES,Valérie @valeriefitcoaching / Advanced,11,6,True,2026-08-16 02:32
2026-08-13,Jeudi,19:00,19:50,BOULOGNE REFORMER STUDIO,REFORMER PILATES,Cecilia PINTO,12,0,True,2026-08-16 02:32
2026-08-13,Jeudi,19:00,19:50,INVALIDES REFORMER STUDIO,REFORMER PILATES,Léane AMRAM,10,0,True,2026-08-16 02:32
2026-08-13,Jeudi,19:00,19:50,MADELEINE REFORMER STUDIO,REFORMER PILATES,Shana  MAMOU,12,0,True,2026-08-16 02:32
2026-08-13,Jeudi,19:00,19:50,MARAIS REFORMER STUDIO,REFORMER PILATES,Camille AUZANNEAU,10,4,True,2026-08-16 02:32
2026-08-13,Jeudi,19:00,19:50,MAUBEUGE REFORMER STUDIO,REFORMER PILATES,Joy DUQUESNE,11,7,True,2026-08-16 02:32
2026-08-13,Jeudi,19:00,19:50,MIROMESNIL REFORMER STUDIO,REFORMER PILATES,Laura LAUGERO @lauralld,11,2,True,2026-08-16 02:32
2026-08-13,Jeudi,19:00,19:50,MOZART GYM STUDIO - MAT,FOCUS ABS & FULL BODY,Nicolas DUCHESNE,16,0,True,2026-08-16 02:32
2026-08-13,Jeudi,19:00,19:50,NEUILLY NEWFORMER - INTENSE PILATES,NEWFORMER - INTENSE PILATES,Vincent PEDRAZA @vincent.pedraza,9,0,True,2026-08-16 02:32
2026-08-13,Jeudi,19:00,19:50,PASSY NEWFORMER - INTENSE PILATES,NEWFORMER - INTENSE PILATES,Carla @training_by_carla,9,0,True,2026-08-16 02:32
2026-08-13,Jeudi,19:00,19:50,SAINT MANDÉ REFORMER STUDIO,REFORMER PILATES,Wendy GUILHEM,12,6,True,2026-08-16 02:32
2026-08-13,Jeudi,19:00,19:50,SENTIER REFORMER STUDIO,REFORMER PILATES,Eva MENIGOZ,14,0,True,2026-08-16 02:32
2026-08-13,Jeudi,19:00,19:50,SURESNES REFORMER STUDIO,REFORMER PILATES,Dorina YICHU ,10,0,True,2026-08-16 02:32
2026-08-13,Jeudi,19:00,19:50,VAUGIRARD RÉFORMER STUDIO,REFORMER PILATES,Polina BODEEVA,11,8,True,2026-08-16 02:32
2026-08-13,Jeudi,19:00,19:50,VAVIN REFORMER STUDIO,REFORMER PILATES,Justine  LE CORRE @justine.fitandflowreformer,12,7,True,2026-08-16 02:32
2026-08-13,Jeudi,19:00,19:50,WAGRAM REFORMER STUDIO,REFORMER PILATES,Polly PRIANIKOVA,11,4,True,2026-08-16 02:32
2026-08-13,Jeudi,19:15,20:00,NEUILLY GYM STUDIO - MAT,BARRE WORKOUT EXPRESS,Cynthia MONTANO,12,0,True,2026-08-16 02:32
2026-08-13,Jeudi,20:00,20:50,BATIGNOLLES REFORMER STUDIO,REFORMER PILATES,Jacky TEWES ,12,8,True,2026-08-16 02:32
2026-08-13,Jeudi,20:00,20:50,BOSQUET REFORMER STUDIO,REFORMER PILATES,Valérie @valeriefitcoaching / Advanced,11,1,True,2026-08-16 02:32
2026-08-13,Jeudi,20:00,20:50,BOULOGNE REFORMER STUDIO,REFORMER PILATES,Cecilia PINTO,12,0,True,2026-08-16 02:32
2026-08-13,Jeudi,20:00,20:50,INVALIDES REFORMER STUDIO,REFORMER PILATES,Léane AMRAM,10,0,True,2026-08-16 02:32
2026-08-13,Jeudi,20:00,20:50,MADELEINE REFORMER STUDIO,REFORMER PILATES,Shana  MAMOU,12,0,True,2026-08-16 02:32
2026-08-13,Jeudi,20:00,20:50,MARAIS REFORMER STUDIO,REFORMER PILATES,Camille AUZANNEAU,10,4,True,2026-08-16 02:32
2026-08-13,Jeudi,20:00,20:50,MIROMESNIL REFORMER STUDIO,REFORMER PILATES,Laura LAUGERO @lauralld,11,1,True,2026-08-16 02:32
2026-08-13,Jeudi,20:00,20:50,MOZART GYM STUDIO - MAT,BARRE PILATES,Magali LAURENT,17,0,True,2026-08-16 02:32
2026-08-13,Jeudi,20:00,20:50,NEUILLY GYM STUDIO - MAT,BARRE PILATES,Cynthia MONTANO,12,0,True,2026-08-16 02:32
2026-08-13,Jeudi,20:00,20:50,NEUILLY NEWFORMER - INTENSE PILATES,NEWFORMER - INTENSE PILATES,Vincent PEDRAZA @vincent.pedraza,9,0,True,2026-08-16 02:32
2026-08-13,Jeudi,20:00,20:50,PASSY NEWFORMER - INTENSE PILATES,NEWFORMER - INTENSE PILATES,Carla @training_by_carla,9,7,True,2026-08-16 02:32
2026-08-13,Jeudi,20:00,20:50,SAINT MANDÉ REFORMER STUDIO,REFORMER PILATES,Wendy GUILHEM,12,4,True,2026-08-16 02:32
2026-08-13,Jeudi,20:00,20:50,SENTIER REFORMER STUDIO,REFORMER PILATES,Eva MENIGOZ,14,0,True,2026-08-16 02:32
2026-08-13,Jeudi,20:00,20:50,SURESNES REFORMER STUDIO,REFORMER PILATES,Dorina YICHU ,10,0,True,2026-08-16 02:32
2026-08-13,Jeudi,20:00,20:50,VAUGIRARD RÉFORMER STUDIO,REFORMER PILATES,Polina BODEEVA,11,5,True,2026-08-16 02:32
2026-08-13,Jeudi,20:00,20:50,VAVIN REFORMER STUDIO,REFORMER PILATES,Justine  LE CORRE @justine.fitandflowreformer,12,9,True,2026-08-16 02:32
2026-08-13,Jeudi,20:00,20:50,WAGRAM REFORMER STUDIO,REFORMER PILATES,Polly PRIANIKOVA,11,0,True,2026-08-16 02:32
2026-08-14,Vendredi,08:00,08:50,BATIGNOLLES REFORMER STUDIO,REFORMER PILATES,Lola MILLEROT,12,0,True,2026-08-16 02:32
2026-08-14,Vendredi,08:00,08:50,BOSQUET REFORMER STUDIO,REFORMER PILATES,Joy DUQUESNE,11,0,True,2026-08-16 02:32
2026-08-14,Vendredi,08:00,08:50,MADELEINE REFORMER STUDIO,REFORMER PILATES,Cecilia PINTO,12,0,True,2026-08-16 02:32
2026-08-14,Vendredi,08:00,08:50,MARAIS REFORMER STUDIO,REFORMER PILATES,Léane AMRAM,10,0,True,2026-08-16 02:32
2026-08-14,Vendredi,08:00,08:50,MAUBEUGE REFORMER STUDIO,REFORMER PILATES,Camille AUZANNEAU,11,0,True,2026-08-16 02:32
2026-08-14,Vendredi,08:00,08:50,MIROMESNIL REFORMER STUDIO,REFORMER PILATES,Shana  MAMOU,11,0,True,2026-08-16 02:32
2026-08-14,Vendredi,08:00,08:50,MOZART GYM STUDIO - MAT,DYNAMIC PILATES,Manon VIRMOUX,15,0,True,2026-08-16 02:32
2026-08-14,Vendredi,08:00,08:50,NEUILLY NEWFORMER - INTENSE PILATES,NEWFORMER - INTENSE PILATES,Naomie CALINSKI,9,0,True,2026-08-16 02:32
2026-08-14,Vendredi,08:00,08:50,PASSY NEWFORMER - INTENSE PILATES,NEWFORMER - INTENSE PILATES,Nicolas DUCHESNE,9,0,True,2026-08-16 02:32
2026-08-14,Vendredi,08:00,08:50,SAINT MANDÉ REFORMER STUDIO,REFORMER PILATES,Sherel SADOUN,12,0,True,2026-08-16 02:32
2026-08-14,Vendredi,08:00,08:50,SURESNES REFORMER STUDIO,REFORMER PILATES,Cynthia GALIN,10,0,True,2026-08-16 02:32
2026-08-14,Vendredi,08:00,08:50,VAUGIRARD RÉFORMER STUDIO,REFORMER PILATES,Sonia @sonia_raconte Intermédiaire/Avancé ,11,0,True,2026-08-16 02:32
2026-08-14,Vendredi,08:00,08:50,VAVIN REFORMER STUDIO,REFORMER PILATES,Celia Hachem,12,0,True,2026-08-16 02:32
2026-08-14,Vendredi,08:00,08:50,WAGRAM REFORMER STUDIO,REFORMER PILATES,Philippine DESTAING,11,0,True,2026-08-16 02:32
2026-08-14,Vendredi,09:00,09:50,BATIGNOLLES REFORMER STUDIO,REFORMER PILATES,Lola MILLEROT,12,0,True,2026-08-16 02:32
2026-08-14,Vendredi,09:00,09:50,BOSQUET REFORMER STUDIO,REFORMER PILATES,Joy DUQUESNE,11,0,True,2026-08-16 02:32
2026-08-14,Vendredi,09:00,09:50,INVALIDES REFORMER STUDIO,REFORMER PILATES,Julia TAPIRO,10,0,True,2026-08-16 02:32
2026-08-14,Vendredi,09:00,09:50,MADELEINE REFORMER STUDIO,REFORMER PILATES,Cecilia PINTO,12,0,True,2026-08-16 02:32
2026-08-14,Vendredi,09:00,09:50,MARAIS REFORMER STUDIO,REFORMER PILATES,Léane AMRAM,10,0,True,2026-08-16 02:32
2026-08-14,Vendredi,09:00,09:50,MAUBEUGE REFORMER STUDIO,REFORMER PILATES,Camille AUZANNEAU,11,0,True,2026-08-16 02:32
2026-08-14,Vendredi,09:00,09:50,MIROMESNIL REFORMER STUDIO,REFORMER PILATES,Shana  MAMOU,11,0,True,2026-08-16 02:32
2026-08-14,Vendredi,09:00,10:00,MOZART GYM STUDIO - MAT,YOGA VINYASA,Tamara KUZNETCOVA,16,0,True,2026-08-16 02:32
2026-08-14,Vendredi,09:00,09:50,NEUILLY GYM STUDIO - MAT,Cuisses Abdos Fessiers - CAF,Ibrahima BALDE,14,0,True,2026-08-16 02:32
2026-08-14,Vendredi,09:00,09:50,NEUILLY NEWFORMER - INTENSE PILATES,NEWFORMER - INTENSE PILATES,Naomie CALINSKI,9,0,True,2026-08-16 02:32
2026-08-14,Vendredi,09:00,09:50,PASSY NEWFORMER - INTENSE PILATES,NEWFORMER - INTENSE PILATES,Nicolas DUCHESNE,9,0,True,2026-08-16 02:32
2026-08-14,Vendredi,09:00,09:50,SAINT MANDÉ REFORMER STUDIO,REFORMER PILATES,Sherel SADOUN,12,0,True,2026-08-16 02:32
2026-08-14,Vendredi,09:00,09:50,SENTIER REFORMER STUDIO,REFORMER PILATES,Houssem Boutiti,14,0,True,2026-08-16 02:32
2026-08-14,Vendredi,09:00,09:50,SURESNES REFORMER STUDIO,REFORMER PILATES,Cynthia GALIN,10,0,True,2026-08-16 02:32
2026-08-14,Vendredi,09:00,09:50,VAUGIRARD RÉFORMER STUDIO,REFORMER PILATES,Sonia @sonia_raconte Intermédiaire/Avancé ,11,0,True,2026-08-16 02:32
2026-08-14,Vendredi,09:00,09:50,VAVIN REFORMER STUDIO,REFORMER PILATES,Celia Hachem,12,0,True,2026-08-16 02:32
2026-08-14,Vendredi,09:00,09:50,WAGRAM REFORMER STUDIO,REFORMER PILATES,Philippine DESTAING,11,0,True,2026-08-16 02:32
2026-08-14,Vendredi,10:00,10:50,BATIGNOLLES REFORMER STUDIO,REFORMER PILATES,Lola MILLEROT,12,0,True,2026-08-16 02:32
2026-08-14,Vendredi,10:00,10:50,BOSQUET REFORMER STUDIO,REFORMER PILATES,Joy DUQUESNE,11,0,True,2026-08-16 02:32
2026-08-14,Vendredi,10:00,10:50,BOULOGNE REFORMER STUDIO,REFORMER PILATES,Kasia @k_shia,12,0,True,2026-08-16 02:32
2026-08-14,Vendredi,10:00,10:50,INVALIDES REFORMER STUDIO,REFORMER PILATES,Julia TAPIRO,10,0,True,2026-08-16 02:32
2026-08-14,Vendredi,10:00,10:50,MADELEINE REFORMER STUDIO,REFORMER PILATES,Cecilia PINTO,12,0,True,2026-08-16 02:32
2026-08-14,Vendredi,10:00,10:50,MAUBEUGE REFORMER STUDIO,REFORMER PILATES,Camille AUZANNEAU,11,0,True,2026-08-16 02:32
2026-08-14,Vendredi,10:00,11:00,MOZART GYM STUDIO - MAT,KALON BARRE,KALON BARRE @kalon.movement,16,0,True,2026-08-16 02:32
2026-08-14,Vendredi,10:00,11:00,NEUILLY GYM STUDIO - MAT,KALON BARRE,KALON BARRE @kalon.movement,14,0,True,2026-08-16 02:32
2026-08-14,Vendredi,10:00,10:50,NEUILLY NEWFORMER - INTENSE PILATES,NEWFORMER - INTENSE PILATES,Naomie CALINSKI,9,0,True,2026-08-16 02:32
2026-08-14,Vendredi,10:00,10:50,PASSY NEWFORMER - INTENSE PILATES,NEWFORMER - INTENSE PILATES,Nicolas DUCHESNE,9,0,True,2026-08-16 02:32
2026-08-14,Vendredi,10:00,10:50,SAINT MANDÉ REFORMER STUDIO,REFORMER PILATES,Sherel SADOUN,12,0,True,2026-08-16 02:32
2026-08-14,Vendredi,10:00,10:50,SENTIER REFORMER STUDIO,REFORMER PILATES,Houssem Boutiti,14,0,True,2026-08-16 02:32
2026-08-14,Vendredi,10:00,10:50,SURESNES REFORMER STUDIO,REFORMER PILATES,Cynthia GALIN,10,0,True,2026-08-16 02:32
2026-08-14,Vendredi,10:00,10:50,VAUGIRARD RÉFORMER STUDIO,REFORMER PILATES,Sonia @sonia_raconte Intermédiaire/Avancé ,11,0,True,2026-08-16 02:32
2026-08-14,Vendredi,10:00,10:50,VAVIN REFORMER STUDIO,REFORMER PILATES,Celia Hachem,12,0,True,2026-08-16 02:32
2026-08-14,Vendredi,10:00,10:50,WAGRAM REFORMER STUDIO,REFORMER PILATES,Philippine DESTAING,11,0,True,2026-08-16 02:32
2026-08-14,Vendredi,11:00,11:50,BATIGNOLLES REFORMER STUDIO,REFORMER PILATES,Cynthia MONTANO,12,0,True,2026-08-16 02:32
2026-08-14,Vendredi,11:00,11:50,BOULOGNE REFORMER STUDIO,REFORMER PILATES,Kasia @k_shia,12,0,True,2026-08-16 02:32
2026-08-14,Vendredi,11:00,11:50,MARAIS REFORMER STUDIO,REFORMER PILATES,Sofia TRUKHACHEVA,10,0,True,2026-08-16 02:32
2026-08-14,Vendredi,11:00,11:50,MAUBEUGE REFORMER STUDIO,REFORMER PILATES,Camille AUZANNEAU,11,0,True,2026-08-16 02:32
2026-08-14,Vendredi,11:00,11:50,NEUILLY NEWFORMER - INTENSE PILATES,NEWFORMER - INTENSE PILATES,Arthur Intense/Advanced @arthur.gambardella ,9,0,True,2026-08-16 02:32
2026-08-14,Vendredi,11:00,11:50,PASSY NEWFORMER - INTENSE PILATES,NEWFORMER - INTENSE PILATES,Nicolas DUCHESNE,9,0,True,2026-08-16 02:32
2026-08-14,Vendredi,11:00,11:50,SAINT MANDÉ REFORMER STUDIO,REFORMER PILATES,Amelie MOVES @amelie.moves,12,0,True,2026-08-16 02:32
2026-08-14,Vendredi,11:00,11:50,VAVIN REFORMER STUDIO,REFORMER PILATES,Celia Hachem,12,0,True,2026-08-16 02:32
2026-08-14,Vendredi,11:00,11:50,WAGRAM REFORMER STUDIO,REFORMER PILATES,Shana  MAMOU,11,0,True,2026-08-16 02:32
2026-08-14,Vendredi,11:15,12:00,NEUILLY GYM STUDIO - MAT,STRETCHING CLASS,Valentine @balletdodu ,12,0,True,2026-08-16 02:32
2026-08-14,Vendredi,11:30,12:30,MOZART GYM STUDIO - MAT,DYNAMIC PILATES,Franziska SCHERNER,16,0,True,2026-08-16 02:32
2026-08-14,Vendredi,12:00,12:50,BATIGNOLLES REFORMER STUDIO,REFORMER PILATES,Cynthia MONTANO,12,0,True,2026-08-16 02:32
2026-08-14,Vendredi,12:00,12:50,BOSQUET REFORMER STUDIO,REFORMER PILATES,Polly PRIANIKOVA,11,0,True,2026-08-16 02:32
2026-08-14,Vendredi,12:00,12:50,BOULOGNE REFORMER STUDIO,REFORMER PILATES,Kasia @k_shia,12,0,True,2026-08-16 02:32
2026-08-14,Vendredi,12:00,12:50,INVALIDES REFORMER STUDIO,REFORMER PILATES,Sonia @sonia_raconte Intermédiaire/Avancé ,10,0,True,2026-08-16 02:32
2026-08-14,Vendredi,12:00,12:50,MARAIS REFORMER STUDIO,REFORMER PILATES,Sofia TRUKHACHEVA,10,0,True,2026-08-16 02:32
2026-08-14,Vendredi,12:00,12:50,MAUBEUGE REFORMER STUDIO,REFORMER PILATES,Camille AUZANNEAU,11,0,True,2026-08-16 02:32
2026-08-14,Vendredi,12:00,12:50,MIROMESNIL REFORMER STUDIO,REFORMER PILATES,Pauline RAMON @pilatesbypops,11,0,True,2026-08-16 02:32
2026-08-14,Vendredi,12:00,12:50,NEUILLY NEWFORMER - INTENSE PILATES,NEWFORMER - INTENSE PILATES,Arthur Intense/Advanced @arthur.gambardella ,9,0,True,2026-08-16 02:32
2026-08-14,Vendredi,12:00,12:50,PASSY NEWFORMER - INTENSE PILATES,NEWFORMER - INTENSE PILATES,Elsa TRAINING ,9,0,True,2026-08-16 02:32
2026-08-14,Vendredi,12:00,12:50,SAINT MANDÉ REFORMER STUDIO,REFORMER PILATES,Amelie MOVES @amelie.moves,12,0,True,2026-08-16 02:32
2026-08-14,Vendredi,12:00,12:50,SENTIER REFORMER STUDIO,REFORMER PILATES,Victoria OROZCO @victoriamouvement,14,0,True,2026-08-16 02:32
2026-08-14,Vendredi,12:00,12:50,SURESNES REFORMER STUDIO,REFORMER PILATES,Lucie DUMONT,10,0,True,2026-08-16 02:32
2026-08-14,Vendredi,12:00,12:50,VAUGIRARD RÉFORMER STUDIO,REFORMER PILATES,Naser SAENDI @coachfitnas,11,0,True,2026-08-16 02:32
2026-08-14,Vendredi,12:00,12:50,VAVIN REFORMER STUDIO,REFORMER PILATES,Joy DUQUESNE,12,0,True,2026-08-16 02:32
2026-08-14,Vendredi,12:00,12:50,WAGRAM REFORMER STUDIO,REFORMER PILATES,Shana  MAMOU,11,0,True,2026-08-16 02:32
2026-08-14,Vendredi,12:10,13:00,MADELEINE REFORMER STUDIO,REFORMER PILATES,Cecilia PINTO,12,0,True,2026-08-16 02:32
2026-08-14,Vendredi,12:15,13:00,NEUILLY GYM STUDIO - MAT,BARRE WORKOUT EXPRESS,Valentine @balletdodu ,12,0,True,2026-08-16 02:32
2026-08-14,Vendredi,12:30,13:30,MOZART GYM STUDIO - MAT,FULL BODY WORKOUT,Bibi 610,18,0,True,2026-08-16 02:32
2026-08-14,Vendredi,13:00,13:50,BATIGNOLLES REFORMER STUDIO,REFORMER PILATES,Cynthia MONTANO,12,0,True,2026-08-16 02:32
2026-08-14,Vendredi,13:00,13:50,BOSQUET REFORMER STUDIO,REFORMER PILATES,Polly PRIANIKOVA,11,0,True,2026-08-16 02:32
2026-08-14,Vendredi,13:00,13:50,BOULOGNE REFORMER STUDIO,REFORMER PILATES,Kasia @k_shia,12,0,True,2026-08-16 02:32
2026-08-14,Vendredi,13:00,13:50,INVALIDES REFORMER STUDIO,REFORMER PILATES,Sonia @sonia_raconte Intermédiaire/Avancé ,10,0,True,2026-08-16 02:32
2026-08-14,Vendredi,13:00,13:50,MARAIS REFORMER STUDIO,REFORMER PILATES,Sofia TRUKHACHEVA,10,0,True,2026-08-16 02:32
2026-08-14,Vendredi,13:00,13:50,MAUBEUGE REFORMER STUDIO,REFORMER PILATES,Camille AUZANNEAU,11,0,True,2026-08-16 02:32
2026-08-14,Vendredi,13:00,13:50,MIROMESNIL REFORMER STUDIO,REFORMER PILATES,Pauline RAMON @pilatesbypops,11,0,True,2026-08-16 02:32
2026-08-14,Vendredi,13:00,13:45,NEUILLY GYM STUDIO - MAT,BARRE WORKOUT EXPRESS,Valentine @balletdodu ,12,0,True,2026-08-16 02:32
2026-08-14,Vendredi,13:00,13:50,NEUILLY NEWFORMER - INTENSE PILATES,NEWFORMER - INTENSE PILATES,Arthur Intense/Advanced @arthur.gambardella ,9,0,True,2026-08-16 02:32
2026-08-14,Vendredi,13:00,13:50,PASSY NEWFORMER - INTENSE PILATES,NEWFORMER - INTENSE PILATES,Elsa TRAINING ,9,0,True,2026-08-16 02:32
2026-08-14,Vendredi,13:00,13:50,SAINT MANDÉ REFORMER STUDIO,REFORMER PILATES,Amelie MOVES @amelie.moves,12,0,True,2026-08-16 02:32
2026-08-14,Vendredi,13:00,13:50,SENTIER REFORMER STUDIO,REFORMER PILATES,Victoria OROZCO @victoriamouvement,14,0,True,2026-08-16 02:32
2026-08-14,Vendredi,13:00,13:50,SURESNES REFORMER STUDIO,REFORMER PILATES,Lucie DUMONT,10,0,True,2026-08-16 02:32
2026-08-14,Vendredi,13:00,13:50,VAUGIRARD RÉFORMER STUDIO,REFORMER PILATES,Naser SAENDI @coachfitnas,11,0,True,2026-08-16 02:32
2026-08-14,Vendredi,13:00,13:50,VAVIN REFORMER STUDIO,REFORMER PILATES,Joy DUQUESNE,12,0,True,2026-08-16 02:32
2026-08-14,Vendredi,13:00,13:50,WAGRAM REFORMER STUDIO,REFORMER PILATES,Shana  MAMOU,11,0,True,2026-08-16 02:32
2026-08-14,Vendredi,13:10,14:00,MADELEINE REFORMER STUDIO,REFORMER PILATES,Cecilia PINTO,12,0,True,2026-08-16 02:32
2026-08-14,Vendredi,15:00,15:50,SAINT MANDÉ REFORMER STUDIO,REFORMER PILATES,Cecilia PINTO,12,0,True,2026-08-16 02:32
2026-08-14,Vendredi,16:00,16:50,BATIGNOLLES REFORMER STUDIO,REFORMER PILATES,julia Droux,12,0,True,2026-08-16 02:32
2026-08-14,Vendredi,16:00,16:50,BOSQUET REFORMER STUDIO,REFORMER PILATES,Jacky TEWES ,11,0,True,2026-08-16 02:32
2026-08-14,Vendredi,16:00,16:50,BOULOGNE REFORMER STUDIO,REFORMER PILATES,Soudi ZARGHAM,12,0,True,2026-08-16 02:32
2026-08-14,Vendredi,16:00,16:50,INVALIDES REFORMER STUDIO,REFORMER PILATES,Stephanie BROWN - English Class,10,0,True,2026-08-16 02:32
2026-08-14,Vendredi,16:00,16:50,MARAIS REFORMER STUDIO,REFORMER PILATES,Cecilia PINTO,10,0,True,2026-08-16 02:32
2026-08-14,Vendredi,16:00,16:50,MIROMESNIL REFORMER STUDIO,REFORMER PILATES,Geraldine SELIGMANN,11,0,True,2026-08-16 02:32
2026-08-14,Vendredi,16:00,16:50,NEUILLY NEWFORMER - INTENSE PILATES,NEWFORMER - INTENSE PILATES,Louise DROUAULT @louiisedrlt,9,0,True,2026-08-16 02:32
2026-08-14,Vendredi,16:00,16:50,PASSY NEWFORMER - INTENSE PILATES,NEWFORMER - INTENSE PILATES,Bonita @bonitawellness_,9,0,True,2026-08-16 02:32
2026-08-14,Vendredi,16:00,16:50,SAINT MANDÉ REFORMER STUDIO,REFORMER PILATES,Lisa Morillon,12,0,True,2026-08-16 02:32
2026-08-14,Vendredi,16:00,16:50,SURESNES REFORMER STUDIO,REFORMER PILATES,SOON REFORMER,10,0,True,2026-08-16 02:32
2026-08-14,Vendredi,16:00,16:50,VAUGIRARD RÉFORMER STUDIO,REFORMER PILATES,Polina BODEEVA,11,0,True,2026-08-16 02:32
2026-08-14,Vendredi,16:00,16:50,VAVIN REFORMER STUDIO,REFORMER PILATES,Leila OUCHEN,12,0,True,2026-08-16 02:32
2026-08-14,Vendredi,16:00,16:50,WAGRAM REFORMER STUDIO,REFORMER PILATES,Candice TOUBIANA @candice.pilates,11,0,True,2026-08-16 02:32
2026-08-14,Vendredi,17:00,17:50,BATIGNOLLES REFORMER STUDIO,REFORMER PILATES,julia Droux,12,0,True,2026-08-16 02:32
2026-08-14,Vendredi,17:00,17:50,BOSQUET REFORMER STUDIO,REFORMER PILATES,Jacky TEWES ,11,0,True,2026-08-16 02:32
2026-08-14,Vendredi,17:00,17:50,BOULOGNE REFORMER STUDIO,REFORMER PILATES,Soudi ZARGHAM,12,0,True,2026-08-16 02:32
2026-08-14,Vendredi,17:00,17:50,INVALIDES REFORMER STUDIO,REFORMER PILATES,Stephanie BROWN - English Class,10,0,True,2026-08-16 02:32
2026-08-14,Vendredi,17:00,17:50,MADELEINE REFORMER STUDIO,REFORMER PILATES,Mathilde FLAMENT,12,0,True,2026-08-16 02:32
2026-08-14,Vendredi,17:00,17:50,MARAIS REFORMER STUDIO,REFORMER PILATES,Cecilia PINTO,10,0,True,2026-08-16 02:32
2026-08-14,Vendredi,17:00,17:50,MAUBEUGE REFORMER STUDIO,REFORMER PILATES,Joy DUQUESNE,11,0,True,2026-08-16 02:32
2026-08-14,Vendredi,17:00,17:50,MIROMESNIL REFORMER STUDIO,REFORMER PILATES,Geraldine SELIGMANN,11,0,True,2026-08-16 02:32
2026-08-14,Vendredi,17:00,17:50,NEUILLY GYM STUDIO - MAT,BODY SCULPT,Lea GUIGNEMENT,14,0,True,2026-08-16 02:32
2026-08-14,Vendredi,17:00,17:50,NEUILLY NEWFORMER - INTENSE PILATES,NEWFORMER - INTENSE PILATES,Louise DROUAULT @louiisedrlt,9,0,True,2026-08-16 02:32
2026-08-14,Vendredi,17:00,17:50,PASSY NEWFORMER - INTENSE PILATES,NEWFORMER - INTENSE PILATES,Bonita @bonitawellness_,9,0,True,2026-08-16 02:32
2026-08-14,Vendredi,17:00,17:50,SAINT MANDÉ REFORMER STUDIO,REFORMER PILATES,Lisa Morillon,12,0,True,2026-08-16 02:32
2026-08-14,Vendredi,17:00,17:50,SENTIER REFORMER STUDIO,REFORMER PILATES,Léane AMRAM,14,0,True,2026-08-16 02:32
2026-08-14,Vendredi,17:00,17:50,SURESNES REFORMER STUDIO,REFORMER PILATES,SOON REFORMER,10,0,True,2026-08-16 02:32
2026-08-14,Vendredi,17:00,17:50,VAUGIRARD RÉFORMER STUDIO,REFORMER PILATES,Polina BODEEVA,11,0,True,2026-08-16 02:32
2026-08-14,Vendredi,17:00,17:50,VAVIN REFORMER STUDIO,REFORMER PILATES,Leila OUCHEN,12,0,True,2026-08-16 02:32
2026-08-14,Vendredi,17:00,17:50,WAGRAM REFORMER STUDIO,REFORMER PILATES,Candice TOUBIANA @candice.pilates,11,0,True,2026-08-16 02:32
2026-08-14,Vendredi,17:15,18:00,MOZART GYM STUDIO - MAT,FOCUS ABS & FULL BODY,Nicolas DUCHESNE,16,0,True,2026-08-16 02:32
2026-08-14,Vendredi,18:00,18:50,BATIGNOLLES REFORMER STUDIO,REFORMER PILATES,julia Droux,12,0,True,2026-08-16 02:32
2026-08-14,Vendredi,18:00,18:50,BOSQUET REFORMER STUDIO,REFORMER PILATES,Jacky TEWES ,11,0,True,2026-08-16 02:32
2026-08-14,Vendredi,18:00,18:50,BOULOGNE REFORMER STUDIO,REFORMER PILATES,Soudi ZARGHAM,12,0,True,2026-08-16 02:32
2026-08-14,Vendredi,18:00,18:50,INVALIDES REFORMER STUDIO,REFORMER PILATES,Stephanie BROWN - English Class,10,0,True,2026-08-16 02:32
2026-08-14,Vendredi,18:00,18:50,MADELEINE REFORMER STUDIO,REFORMER PILATES,Mathilde FLAMENT,12,0,True,2026-08-16 02:32
2026-08-14,Vendredi,18:00,18:50,MARAIS REFORMER STUDIO,REFORMER PILATES,Cecilia PINTO,10,0,True,2026-08-16 02:32
2026-08-14,Vendredi,18:00,18:50,MAUBEUGE REFORMER STUDIO,REFORMER PILATES,Joy DUQUESNE,11,0,True,2026-08-16 02:32
2026-08-14,Vendredi,18:00,18:50,MIROMESNIL REFORMER STUDIO,REFORMER PILATES,Geraldine SELIGMANN,11,0,True,2026-08-16 02:32
2026-08-14,Vendredi,18:00,18:45,NEUILLY GYM STUDIO - MAT,DYNAMIC PILATES,Lea GUIGNEMENT,14,0,True,2026-08-16 02:32
2026-08-14,Vendredi,18:00,18:50,NEUILLY NEWFORMER - INTENSE PILATES,NEWFORMER - INTENSE PILATES,Louise DROUAULT @louiisedrlt,9,0,True,2026-08-16 02:32
2026-08-14,Vendredi,18:00,18:50,PASSY NEWFORMER - INTENSE PILATES,NEWFORMER - INTENSE PILATES,Bonita @bonitawellness_,9,0,True,2026-08-16 02:32
2026-08-14,Vendredi,18:00,18:50,SENTIER REFORMER STUDIO,REFORMER PILATES,Léane AMRAM,14,0,True,2026-08-16 02:32
2026-08-14,Vendredi,18:00,18:50,SURESNES REFORMER STUDIO,REFORMER PILATES,SOON REFORMER,10,0,True,2026-08-16 02:32
2026-08-14,Vendredi,18:00,18:50,VAUGIRARD RÉFORMER STUDIO,REFORMER PILATES,Polina BODEEVA,11,0,True,2026-08-16 02:32
2026-08-14,Vendredi,18:00,18:50,VAVIN REFORMER STUDIO,REFORMER PILATES,Leila OUCHEN,12,0,True,2026-08-16 02:32
2026-08-14,Vendredi,18:00,18:50,WAGRAM REFORMER STUDIO,REFORMER PILATES,Candice TOUBIANA @candice.pilates,11,0,True,2026-08-16 02:32
2026-08-14,Vendredi,18:15,19:05,MOZART GYM STUDIO - MAT,FULL BODY PUMP,Nicolas DUCHESNE,14,0,True,2026-08-16 02:32
2026-08-14,Vendredi,19:00,19:50,MOZART GYM STUDIO - MAT,Cuisses Abdos Fessiers - CAF,Nicolas DUCHESNE,16,0,True,2026-08-16 02:32
2026-08-14,Vendredi,19:00,19:45,NEUILLY GYM STUDIO - MAT,Cuisses Abdos Fessiers - CAF,Lea GUIGNEMENT,12,0,True,2026-08-16 02:32
2026-08-14,Vendredi,19:00,19:50,PASSY NEWFORMER - INTENSE PILATES,NEWFORMER - INTENSE PILATES,Bonita @bonitawellness_,9,0,True,2026-08-16 02:32
2026-08-14,Vendredi,19:00,19:50,SENTIER REFORMER STUDIO,REFORMER PILATES,Léane AMRAM,14,0,True,2026-08-16 02:32
2026-08-14,Vendredi,19:00,19:50,SURESNES REFORMER STUDIO,REFORMER PILATES,Dorina YICHU ,10,0,True,2026-08-16 02:32
2026-08-15,Samedi,09:00,09:50,BATIGNOLLES REFORMER STUDIO,REFORMER PILATES,Natasha LODHI - Intense / Advanced,12,0,True,2026-08-18 02:31
2026-08-15,Samedi,09:00,09:50,BOSQUET REFORMER STUDIO,REFORMER PILATES,Mathilde FLAMENT,11,0,True,2026-08-18 02:31
2026-08-15,Samedi,09:00,09:50,BOULOGNE REFORMER STUDIO,REFORMER PILATES,Bonita @bonitawellness_,12,0,True,2026-08-18 02:31
2026-08-15,Samedi,09:00,09:50,INVALIDES REFORMER STUDIO,REFORMER PILATES,Camille AUZANNEAU,10,0,True,2026-08-18 02:31
2026-08-15,Samedi,09:00,09:50,MARAIS REFORMER STUDIO,REFORMER PILATES,Jacky TEWES ,10,0,True,2026-08-18 02:31
2026-08-15,Samedi,09:00,09:50,MAUBEUGE REFORMER STUDIO,REFORMER PILATES,Zoé  @getstronglikezoe Intense / Advanced ,11,0,True,2026-08-18 02:31
2026-08-15,Samedi,09:00,09:50,MOZART GYM STUDIO - MAT,CARDIO BOXING,Benjamin AYLESWORTH,16,0,True,2026-08-18 02:31
2026-08-15,Samedi,09:00,10:00,NEUILLY GYM STUDIO - MAT,Cuisses Abdos Fessiers - CAF,Joe BERCKMANS @go_for_it_joe,15,0,True,2026-08-18 02:31
2026-08-15,Samedi,09:00,09:50,NEUILLY NEWFORMER - INTENSE PILATES,NEWFORMER - INTENSE PILATES,Ibrahima BALDE,9,0,True,2026-08-18 02:31
2026-08-15,Samedi,09:00,09:50,PASSY NEWFORMER - INTENSE PILATES,NEWFORMER - INTENSE PILATES,Nicolas DUCHESNE,9,0,True,2026-08-18 02:31
2026-08-15,Samedi,09:00,09:50,SAINT MANDÉ REFORMER STUDIO,REFORMER PILATES,Nick ELISHA Intense / Advanced,12,0,True,2026-08-18 02:31
2026-08-15,Samedi,09:00,09:50,SENTIER REFORMER STUDIO,REFORMER PILATES,Godefroy HISANY,14,0,True,2026-08-18 02:31
2026-08-15,Samedi,09:00,09:50,SURESNES REFORMER STUDIO,REFORMER PILATES,Cecilia PINTO,10,0,True,2026-08-18 02:31
2026-08-15,Samedi,09:00,09:50,VAUGIRARD RÉFORMER STUDIO,REFORMER PILATES,Naser SAENDI @coachfitnas,11,0,True,2026-08-18 02:31
2026-08-15,Samedi,09:00,09:50,VAVIN REFORMER STUDIO,REFORMER PILATES,Svetlana ZAREBA,12,0,True,2026-08-18 02:31
2026-08-15,Samedi,09:00,09:50,WAGRAM REFORMER STUDIO,REFORMER PILATES,Heloïse GUIBERTEAU,11,0,True,2026-08-18 02:31
2026-08-15,Samedi,10:00,10:50,BATIGNOLLES REFORMER STUDIO,REFORMER PILATES,Natasha LODHI - Intense / Advanced,12,0,True,2026-08-18 02:31
2026-08-15,Samedi,10:00,10:50,BOSQUET REFORMER STUDIO,REFORMER PILATES,Mathilde FLAMENT,11,0,True,2026-08-18 02:31
2026-08-15,Samedi,10:00,10:50,BOULOGNE REFORMER STUDIO,REFORMER PILATES,Bonita @bonitawellness_,12,0,True,2026-08-18 02:31
2026-08-15,Samedi,10:00,10:50,INVALIDES REFORMER STUDIO,REFORMER PILATES,Camille AUZANNEAU,10,0,True,2026-08-18 02:31
2026-08-15,Samedi,10:00,10:50,MADELEINE REFORMER STUDIO,REFORMER PILATES,Léane AMRAM,12,0,True,2026-08-18 02:31
2026-08-15,Samedi,10:00,10:50,MARAIS REFORMER STUDIO,REFORMER PILATES,Jacky TEWES ,10,0,True,2026-08-18 02:31
2026-08-15,Samedi,10:00,10:50,MAUBEUGE REFORMER STUDIO,REFORMER PILATES,Zoé  @getstronglikezoe Intense / Advanced ,11,0,True,2026-08-18 02:31
2026-08-15,Samedi,10:00,10:50,MIROMESNIL REFORMER STUDIO,REFORMER PILATES,Inass @pilatesbyinass,11,0,True,2026-08-18 02:31
2026-08-15,Samedi,10:00,11:00,MOZART GYM STUDIO - MAT,THE NEW ME,Constance DE SCHOMPRE,22,0,True,2026-08-18 02:31
2026-08-15,Samedi,10:00,11:00,NEUILLY GYM STUDIO - MAT,BODY SCULPT,Joe BERCKMANS @go_for_it_joe,15,0,True,2026-08-18 02:31
2026-08-15,Samedi,10:00,10:50,NEUILLY NEWFORMER - INTENSE PILATES,NEWFORMER - INTENSE PILATES,Ibrahima BALDE,9,0,True,2026-08-18 02:31
2026-08-15,Samedi,10:00,10:50,PASSY NEWFORMER - INTENSE PILATES,NEWFORMER - INTENSE PILATES,Nicolas DUCHESNE,9,0,True,2026-08-18 02:31
2026-08-15,Samedi,10:00,10:50,SAINT MANDÉ REFORMER STUDIO,REFORMER PILATES,Nick ELISHA Intense / Advanced,12,0,True,2026-08-18 02:31
2026-08-15,Samedi,10:00,10:50,SENTIER REFORMER STUDIO,REFORMER PILATES,Godefroy HISANY,14,0,True,2026-08-18 02:31
2026-08-15,Samedi,10:00,10:50,SURESNES REFORMER STUDIO,REFORMER PILATES,Cecilia PINTO,10,0,True,2026-08-18 02:31
2026-08-15,Samedi,10:00,10:50,VAUGIRARD RÉFORMER STUDIO,REFORMER PILATES,Naser SAENDI @coachfitnas,11,0,True,2026-08-18 02:31
2026-08-15,Samedi,10:00,10:50,VAVIN REFORMER STUDIO,REFORMER PILATES,Svetlana ZAREBA,12,0,True,2026-08-18 02:31
2026-08-15,Samedi,10:00,10:50,WAGRAM REFORMER STUDIO,REFORMER PILATES,Heloïse GUIBERTEAU,11,0,True,2026-08-18 02:31
2026-08-15,Samedi,11:00,11:50,BATIGNOLLES REFORMER STUDIO,REFORMER PILATES,Natasha LODHI - Intense / Advanced,12,0,True,2026-08-18 02:31
2026-08-15,Samedi,11:00,11:50,BOSQUET REFORMER STUDIO,REFORMER PILATES,Mathilde FLAMENT,11,0,True,2026-08-18 02:31
2026-08-15,Samedi,11:00,11:50,BOULOGNE REFORMER STUDIO,REFORMER PILATES,Bonita @bonitawellness_,12,0,True,2026-08-18 02:31
2026-08-15,Samedi,11:00,11:50,INVALIDES REFORMER STUDIO,REFORMER PILATES,Camille AUZANNEAU,10,0,True,2026-08-18 02:31
2026-08-15,Samedi,11:00,11:50,MADELEINE REFORMER STUDIO,REFORMER PILATES,Léane AMRAM,12,0,True,2026-08-18 02:31
2026-08-15,Samedi,11:00,11:50,MARAIS REFORMER STUDIO,REFORMER PILATES,Jacky TEWES ,10,0,True,2026-08-18 02:31
2026-08-15,Samedi,11:00,11:50,MAUBEUGE REFORMER STUDIO,REFORMER PILATES,Zoé  @getstronglikezoe Intense / Advanced ,11,0,True,2026-08-18 02:31
2026-08-15,Samedi,11:00,11:50,MIROMESNIL REFORMER STUDIO,REFORMER PILATES,Inass @pilatesbyinass,11,0,True,2026-08-18 02:31
2026-08-15,Samedi,11:00,12:00,MOZART GYM STUDIO - MAT,KALON BARRE,KALON BARRE @kalon.movement,17,0,True,2026-08-18 02:31
2026-08-15,Samedi,11:00,12:00,NEUILLY GYM STUDIO - MAT,BARRE WORKOUT,Lea GUIGNEMENT,12,0,True,2026-08-18 02:31
2026-08-15,Samedi,11:00,11:50,NEUILLY NEWFORMER - INTENSE PILATES,NEWFORMER - INTENSE PILATES,Ibrahima BALDE,9,0,True,2026-08-18 02:31
2026-08-15,Samedi,11:00,11:50,PASSY NEWFORMER - INTENSE PILATES,NEWFORMER - INTENSE PILATES,Nicolas DUCHESNE,9,0,True,2026-08-18 02:31
2026-08-15,Samedi,11:00,11:50,SAINT MANDÉ REFORMER STUDIO,REFORMER PILATES,Nick ELISHA Intense / Advanced,12,0,True,2026-08-18 02:31
2026-08-15,Samedi,11:00,11:50,SENTIER REFORMER STUDIO,REFORMER PILATES,Godefroy HISANY,14,0,True,2026-08-18 02:31
2026-08-15,Samedi,11:00,11:50,SURESNES REFORMER STUDIO,REFORMER PILATES,Cecilia PINTO,10,0,True,2026-08-18 02:31
2026-08-15,Samedi,11:00,11:50,VAUGIRARD RÉFORMER STUDIO,REFORMER PILATES,Naser SAENDI @coachfitnas,11,0,True,2026-08-18 02:31
2026-08-15,Samedi,11:00,11:50,VAVIN REFORMER STUDIO,REFORMER PILATES,Svetlana ZAREBA,12,0,True,2026-08-18 02:31
2026-08-15,Samedi,11:00,11:50,WAGRAM REFORMER STUDIO,REFORMER PILATES,Heloïse GUIBERTEAU,11,0,True,2026-08-18 02:31
2026-08-15,Samedi,12:00,12:50,BATIGNOLLES REFORMER STUDIO,REFORMER PILATES,Natasha LODHI - Intense / Advanced,12,0,True,2026-08-18 02:31
2026-08-15,Samedi,12:00,12:50,BOSQUET REFORMER STUDIO,REFORMER PILATES,Mathilde FLAMENT,11,0,True,2026-08-18 02:31
2026-08-15,Samedi,12:00,12:50,BOULOGNE REFORMER STUDIO,REFORMER PILATES,Bonita @bonitawellness_,12,0,True,2026-08-18 02:31
2026-08-15,Samedi,12:00,12:50,MADELEINE REFORMER STUDIO,REFORMER PILATES,Léane AMRAM,12,0,True,2026-08-18 02:31
2026-08-15,Samedi,12:00,12:50,MARAIS REFORMER STUDIO,REFORMER PILATES,Jacky TEWES ,10,0,True,2026-08-18 02:31
2026-08-15,Samedi,12:00,12:50,MAUBEUGE REFORMER STUDIO,REFORMER PILATES,Zoé  @getstronglikezoe Intense / Advanced ,11,0,True,2026-08-18 02:31
2026-08-15,Samedi,12:00,12:50,MIROMESNIL REFORMER STUDIO,REFORMER PILATES,Inass @pilatesbyinass,11,0,True,2026-08-18 02:31
2026-08-15,Samedi,12:00,13:00,MOZART GYM STUDIO - MAT,YOGA VINYASA,Stéphanie CUNICO,16,0,True,2026-08-18 02:31
2026-08-15,Samedi,12:00,12:50,NEUILLY GYM STUDIO - MAT,DYNAMIC PILATES,Lea GUIGNEMENT,12,0,True,2026-08-18 02:31
2026-08-15,Samedi,12:00,12:50,NEUILLY NEWFORMER - INTENSE PILATES,NEWFORMER - INTENSE PILATES,Ibrahima BALDE,9,0,True,2026-08-18 02:31
2026-08-15,Samedi,12:00,12:50,PASSY NEWFORMER - INTENSE PILATES,NEWFORMER - INTENSE PILATES,Capucine GADRET,9,0,True,2026-08-18 02:31
2026-08-15,Samedi,12:00,12:50,SAINT MANDÉ REFORMER STUDIO,REFORMER PILATES,Nick ELISHA Intense / Advanced,12,0,True,2026-08-18 02:31
2026-08-15,Samedi,12:00,12:50,SENTIER REFORMER STUDIO,REFORMER PILATES,Godefroy HISANY,14,0,True,2026-08-18 02:31
2026-08-15,Samedi,12:00,12:50,SURESNES REFORMER STUDIO,REFORMER PILATES,Cecilia PINTO,10,0,True,2026-08-18 02:31
2026-08-15,Samedi,12:00,12:50,VAUGIRARD RÉFORMER STUDIO,REFORMER PILATES,Naser SAENDI @coachfitnas,11,0,True,2026-08-18 02:31
2026-08-15,Samedi,12:00,12:50,VAVIN REFORMER STUDIO,REFORMER PILATES,Svetlana ZAREBA,12,0,True,2026-08-18 02:31
2026-08-15,Samedi,12:00,12:50,WAGRAM REFORMER STUDIO,REFORMER PILATES,Tioka TOKEDIRA,11,0,True,2026-08-18 02:31
2026-08-15,Samedi,13:00,13:50,BOSQUET REFORMER STUDIO,REFORMER PILATES,Mathilde FLAMENT,11,0,True,2026-08-18 02:31
2026-08-15,Samedi,13:00,13:50,MARAIS REFORMER STUDIO,REFORMER PILATES,Jacky TEWES ,10,0,True,2026-08-18 02:31
2026-08-15,Samedi,13:00,13:50,MAUBEUGE REFORMER STUDIO,REFORMER PILATES,Zoé  @getstronglikezoe Intense / Advanced ,11,0,True,2026-08-18 02:31
2026-08-15,Samedi,13:00,13:50,MIROMESNIL REFORMER STUDIO,REFORMER PILATES,Inass @pilatesbyinass,11,0,True,2026-08-18 02:31
2026-08-15,Samedi,13:00,13:50,NEUILLY NEWFORMER - INTENSE PILATES,NEWFORMER - INTENSE PILATES,Ibrahima BALDE,9,0,True,2026-08-18 02:31
2026-08-15,Samedi,13:00,13:50,PASSY NEWFORMER - INTENSE PILATES,NEWFORMER - INTENSE PILATES,Capucine GADRET,9,0,True,2026-08-18 02:31
2026-08-15,Samedi,13:00,13:50,SAINT MANDÉ REFORMER STUDIO,REFORMER PILATES,Nick ELISHA Intense / Advanced,12,0,True,2026-08-18 02:31
2026-08-15,Samedi,13:00,13:50,SURESNES REFORMER STUDIO,REFORMER PILATES,Cecilia PINTO,10,0,True,2026-08-18 02:31
2026-08-15,Samedi,13:00,13:50,VAUGIRARD RÉFORMER STUDIO,REFORMER PILATES,Naser SAENDI @coachfitnas,11,0,True,2026-08-18 02:31
2026-08-15,Samedi,13:00,13:50,VAVIN REFORMER STUDIO,REFORMER PILATES,Svetlana ZAREBA,12,0,True,2026-08-18 02:31
2026-08-15,Samedi,13:00,13:50,WAGRAM REFORMER STUDIO,REFORMER PILATES,Tioka TOKEDIRA,11,0,True,2026-08-18 02:31
2026-08-15,Samedi,15:00,15:50,MARAIS REFORMER STUDIO,REFORMER PILATES,Jacky TEWES ,10,0,True,2026-08-18 02:31
2026-08-15,Samedi,16:00,16:50,BATIGNOLLES REFORMER STUDIO,REFORMER PILATES,Naser SAENDI @coachfitnas,12,0,True,2026-08-18 02:31
2026-08-15,Samedi,16:00,16:50,BOSQUET REFORMER STUDIO,REFORMER PILATES,Inass @pilatesbyinass,11,0,True,2026-08-18 02:31
2026-08-15,Samedi,16:00,16:50,BOULOGNE REFORMER STUDIO,REFORMER PILATES,Déborah @debopilates,12,0,True,2026-08-18 02:31
2026-08-15,Samedi,16:00,16:50,MARAIS REFORMER STUDIO,REFORMER PILATES,Jacky TEWES ,10,0,True,2026-08-18 02:31
2026-08-15,Samedi,16:00,16:50,MAUBEUGE REFORMER STUDIO,REFORMER PILATES,Cecilia PINTO,11,0,True,2026-08-18 02:31
2026-08-15,Samedi,16:00,17:00,MOZART GYM STUDIO - MAT,BARRE WORKOUT,Najwa TAHRI Advanced/Intense,15,0,True,2026-08-18 02:31
2026-08-15,Samedi,16:00,16:50,NEUILLY GYM STUDIO - MAT,BARRE WORKOUT,Najwa TAHRI Advanced/Intense,14,0,True,2026-08-18 02:31
2026-08-15,Samedi,16:00,16:50,NEUILLY NEWFORMER - INTENSE PILATES,NEWFORMER - INTENSE PILATES,Arthur Intense/Advanced @arthur.gambardella ,9,0,True,2026-08-18 02:31
2026-08-15,Samedi,16:00,16:50,PASSY NEWFORMER - INTENSE PILATES,NEWFORMER - INTENSE PILATES,Kasia @k_shia,9,0,True,2026-08-18 02:31
2026-08-15,Samedi,16:00,16:50,SAINT MANDÉ REFORMER STUDIO,REFORMER PILATES,Nick ELISHA Intense / Advanced,12,0,True,2026-08-18 02:31
2026-08-15,Samedi,16:00,16:50,SURESNES REFORMER STUDIO,REFORMER PILATES,Marianne Basbous,10,0,True,2026-08-18 02:31
2026-08-15,Samedi,16:00,16:50,VAUGIRARD RÉFORMER STUDIO,REFORMER PILATES,Léane AMRAM,11,0,True,2026-08-18 02:31
2026-08-15,Samedi,16:00,16:50,VAVIN REFORMER STUDIO,REFORMER PILATES,Jeremy KRYSTKOWIAK,12,0,True,2026-08-18 02:31
2026-08-15,Samedi,16:00,16:50,WAGRAM REFORMER STUDIO,REFORMER PILATES,Zoé  @getstronglikezoe Intense / Advanced ,11,0,True,2026-08-18 02:31
2026-08-15,Samedi,17:00,17:50,BATIGNOLLES REFORMER STUDIO,REFORMER PILATES,Naser SAENDI @coachfitnas,12,0,True,2026-08-18 02:31
2026-08-15,Samedi,17:00,17:50,BOSQUET REFORMER STUDIO,REFORMER PILATES,Inass @pilatesbyinass,11,0,True,2026-08-18 02:31
2026-08-15,Samedi,17:00,17:50,BOULOGNE REFORMER STUDIO,REFORMER PILATES,Déborah @debopilates,12,0,True,2026-08-18 02:31
2026-08-15,Samedi,17:00,17:50,MARAIS REFORMER STUDIO,REFORMER PILATES,Jacky TEWES ,10,0,True,2026-08-18 02:31
2026-08-15,Samedi,17:00,17:50,MAUBEUGE REFORMER STUDIO,REFORMER PILATES,Cecilia PINTO,11,0,True,2026-08-18 02:31
2026-08-15,Samedi,17:00,18:00,MOZART GYM STUDIO - MAT,INTENSE CORE,Najwa TAHRI Advanced/Intense,16,0,True,2026-08-18 02:31
2026-08-15,Samedi,17:00,17:50,NEUILLY GYM STUDIO - MAT,BARRE PILATES,Najwa TAHRI Advanced/Intense,12,0,True,2026-08-18 02:31
2026-08-15,Samedi,17:00,17:50,NEUILLY NEWFORMER - INTENSE PILATES,NEWFORMER - INTENSE PILATES,Arthur Intense/Advanced @arthur.gambardella ,9,0,True,2026-08-18 02:31
2026-08-15,Samedi,17:00,17:50,PASSY NEWFORMER - INTENSE PILATES,NEWFORMER - INTENSE PILATES,Kasia @k_shia,9,0,True,2026-08-18 02:31
2026-08-15,Samedi,17:00,17:50,SAINT MANDÉ REFORMER STUDIO,REFORMER PILATES,Nick ELISHA Intense / Advanced,12,0,True,2026-08-18 02:31
2026-08-15,Samedi,17:00,17:50,SURESNES REFORMER STUDIO,REFORMER PILATES,Marianne Basbous,10,0,True,2026-08-18 02:31
2026-08-15,Samedi,17:00,17:50,VAUGIRARD RÉFORMER STUDIO,REFORMER PILATES,Léane AMRAM,11,0,True,2026-08-18 02:31
2026-08-15,Samedi,17:00,17:50,VAVIN REFORMER STUDIO,REFORMER PILATES,Jeremy KRYSTKOWIAK,12,0,True,2026-08-18 02:31
2026-08-15,Samedi,17:00,17:50,WAGRAM REFORMER STUDIO,REFORMER PILATES,Zoé  @getstronglikezoe Intense / Advanced ,11,0,True,2026-08-18 02:31
2026-08-15,Samedi,18:00,18:50,BATIGNOLLES REFORMER STUDIO,REFORMER PILATES,Naser SAENDI @coachfitnas,12,0,True,2026-08-18 02:31
2026-08-15,Samedi,18:00,18:50,BOSQUET REFORMER STUDIO,REFORMER PILATES,Inass @pilatesbyinass,11,0,True,2026-08-18 02:31
2026-08-15,Samedi,18:00,18:50,BOULOGNE REFORMER STUDIO,REFORMER PILATES,Déborah @debopilates,12,0,True,2026-08-18 02:31
2026-08-15,Samedi,18:00,18:50,MARAIS REFORMER STUDIO,REFORMER PILATES,Jacky TEWES ,10,0,True,2026-08-18 02:31
2026-08-15,Samedi,18:00,18:50,MAUBEUGE REFORMER STUDIO,REFORMER PILATES,Cecilia PINTO,11,0,True,2026-08-18 02:31
2026-08-15,Samedi,18:00,18:50,MOZART GYM STUDIO - MAT,BODY SCULPT,Najwa TAHRI Advanced/Intense,16,0,True,2026-08-18 02:31
2026-08-15,Samedi,18:00,18:50,NEUILLY GYM STUDIO - MAT,BODY SCULPT,Najwa TAHRI Advanced/Intense,12,0,True,2026-08-18 02:31
2026-08-15,Samedi,18:00,18:50,NEUILLY NEWFORMER - INTENSE PILATES,NEWFORMER - INTENSE PILATES,Arthur Intense/Advanced @arthur.gambardella ,9,0,True,2026-08-18 02:31
2026-08-15,Samedi,18:00,18:50,PASSY NEWFORMER - INTENSE PILATES,NEWFORMER - INTENSE PILATES,Kasia @k_shia,9,0,True,2026-08-18 02:31
2026-08-15,Samedi,18:00,18:50,SAINT MANDÉ REFORMER STUDIO,REFORMER PILATES,Wendy GUILHEM,12,0,True,2026-08-18 02:31
2026-08-15,Samedi,18:00,18:50,SURESNES REFORMER STUDIO,REFORMER PILATES,Marianne Basbous,10,0,True,2026-08-18 02:31
2026-08-15,Samedi,18:00,18:50,VAUGIRARD RÉFORMER STUDIO,REFORMER PILATES,Léane AMRAM,11,0,True,2026-08-18 02:31
2026-08-15,Samedi,18:00,18:50,VAVIN REFORMER STUDIO,REFORMER PILATES,Jeremy KRYSTKOWIAK,12,0,True,2026-08-18 02:31
2026-08-15,Samedi,18:00,18:50,WAGRAM REFORMER STUDIO,REFORMER PILATES,Zoé  @getstronglikezoe Intense / Advanced ,11,0,True,2026-08-18 02:31
2026-08-15,Samedi,19:00,19:50,BATIGNOLLES REFORMER STUDIO,REFORMER PILATES,Naser SAENDI @coachfitnas,12,0,True,2026-08-18 02:31
2026-08-15,Samedi,19:00,19:50,PASSY NEWFORMER - INTENSE PILATES,NEWFORMER - INTENSE PILATES,Kasia @k_shia,9,0,True,2026-08-18 02:31
2026-08-16,Dimanche,09:00,09:50,BOSQUET REFORMER STUDIO,REFORMER PILATES,Sandra ANTUNES,11,0,True,2026-08-18 02:31
2026-08-16,Dimanche,09:00,09:50,BOULOGNE REFORMER STUDIO,REFORMER PILATES,Justine  LE CORRE @justine.fitandflowreformer,12,0,True,2026-08-18 02:31
2026-08-16,Dimanche,09:00,09:50,MAUBEUGE REFORMER STUDIO,REFORMER PILATES,Polly PRIANIKOVA,11,0,True,2026-08-18 02:31
2026-08-16,Dimanche,09:00,09:50,PASSY NEWFORMER - INTENSE PILATES,NEWFORMER - INTENSE PILATES,Kasia @k_shia,9,0,True,2026-08-18 02:31
2026-08-16,Dimanche,09:00,09:50,SURESNES REFORMER STUDIO,REFORMER PILATES,Dorina YICHU ,10,0,True,2026-08-18 02:31
2026-08-16,Dimanche,09:00,09:50,VAVIN REFORMER STUDIO,REFORMER PILATES,Jacky TEWES ,12,0,True,2026-08-18 02:31
2026-08-16,Dimanche,09:00,09:50,WAGRAM REFORMER STUDIO,REFORMER PILATES,Nick ELISHA Intense / Advanced,11,0,True,2026-08-18 02:31
2026-08-16,Dimanche,10:00,10:50,BATIGNOLLES REFORMER STUDIO,REFORMER PILATES,Franziska SCHERNER,12,0,True,2026-08-18 02:31
2026-08-16,Dimanche,10:00,10:50,BOSQUET REFORMER STUDIO,REFORMER PILATES,Sandra ANTUNES,11,0,True,2026-08-18 02:31
2026-08-16,Dimanche,10:00,10:50,BOULOGNE REFORMER STUDIO,REFORMER PILATES,Justine  LE CORRE @justine.fitandflowreformer,12,0,True,2026-08-18 02:31
2026-08-16,Dimanche,10:00,10:50,INVALIDES REFORMER STUDIO,REFORMER PILATES,Lola MOLLIER CARROZ,10,0,True,2026-08-18 02:31
2026-08-16,Dimanche,10:00,10:50,MADELEINE REFORMER STUDIO,REFORMER PILATES,Shana  MAMOU,12,0,True,2026-08-18 02:31
2026-08-16,Dimanche,10:00,10:50,MARAIS REFORMER STUDIO,REFORMER PILATES,Sofia TRUKHACHEVA,10,0,True,2026-08-18 02:31
2026-08-16,Dimanche,10:00,10:50,MAUBEUGE REFORMER STUDIO,REFORMER PILATES,Polly PRIANIKOVA,11,0,True,2026-08-18 02:31
2026-08-16,Dimanche,10:00,10:50,MIROMESNIL REFORMER STUDIO,REFORMER PILATES,Natasha LODHI - Intense / Advanced,11,0,True,2026-08-18 02:31
2026-08-16,Dimanche,10:00,11:00,MOZART GYM STUDIO - MAT,YOGA VINYASA,Stéphanie CUNICO,16,0,True,2026-08-18 02:31
2026-08-16,Dimanche,10:00,11:00,NEUILLY GYM STUDIO - MAT,BARRE WORKOUT,Najwa TAHRI Advanced/Intense,12,0,True,2026-08-18 02:31
2026-08-16,Dimanche,10:00,10:50,NEUILLY NEWFORMER - INTENSE PILATES,NEWFORMER - INTENSE PILATES,Sarah CLEJAN,9,0,True,2026-08-18 02:31
2026-08-16,Dimanche,10:00,10:50,PASSY NEWFORMER - INTENSE PILATES,NEWFORMER - INTENSE PILATES,Kasia @k_shia,9,0,True,2026-08-18 02:31
2026-08-16,Dimanche,10:00,10:50,SAINT MANDÉ REFORMER STUDIO,REFORMER PILATES,Iris BALAZS,12,0,True,2026-08-18 02:31
2026-08-16,Dimanche,10:00,10:50,SENTIER REFORMER STUDIO,REFORMER PILATES,Sonia @sonia_raconte Intermédiaire/Avancé ,14,0,True,2026-08-18 02:31
2026-08-16,Dimanche,10:00,10:50,SURESNES REFORMER STUDIO,REFORMER PILATES,Dorina YICHU ,10,0,True,2026-08-18 02:31
2026-08-16,Dimanche,10:00,10:50,VAUGIRARD RÉFORMER STUDIO,REFORMER PILATES,Polina BODEEVA,11,0,True,2026-08-18 02:31
2026-08-16,Dimanche,10:00,10:50,VAVIN REFORMER STUDIO,REFORMER PILATES,Jacky TEWES ,12,0,True,2026-08-18 02:31
2026-08-16,Dimanche,10:00,10:50,WAGRAM REFORMER STUDIO,REFORMER PILATES,Nick ELISHA Intense / Advanced,11,0,True,2026-08-18 02:31
2026-08-16,Dimanche,11:00,11:50,BATIGNOLLES REFORMER STUDIO,REFORMER PILATES,Franziska SCHERNER,12,0,True,2026-08-18 02:31
2026-08-16,Dimanche,11:00,11:50,BOSQUET REFORMER STUDIO,REFORMER PILATES,Sandra ANTUNES,11,0,True,2026-08-18 02:31
2026-08-16,Dimanche,11:00,11:50,BOULOGNE REFORMER STUDIO,REFORMER PILATES,Justine  LE CORRE @justine.fitandflowreformer,12,0,True,2026-08-18 02:31
2026-08-16,Dimanche,11:00,11:50,INVALIDES REFORMER STUDIO,REFORMER PILATES,Lola MOLLIER CARROZ,10,0,True,2026-08-18 02:31
2026-08-16,Dimanche,11:00,11:50,MADELEINE REFORMER STUDIO,REFORMER PILATES,Shana  MAMOU,12,0,True,2026-08-18 02:31
2026-08-16,Dimanche,11:00,11:50,MARAIS REFORMER STUDIO,REFORMER PILATES,Sofia TRUKHACHEVA,10,0,True,2026-08-18 02:31
2026-08-16,Dimanche,11:00,11:50,MAUBEUGE REFORMER STUDIO,REFORMER PILATES,Polly PRIANIKOVA,11,0,True,2026-08-18 02:31
2026-08-16,Dimanche,11:00,11:50,MIROMESNIL REFORMER STUDIO,REFORMER PILATES,Natasha LODHI - Intense / Advanced,11,0,True,2026-08-18 02:31
2026-08-16,Dimanche,11:00,12:00,MOZART GYM STUDIO - MAT,BARRE WORKOUT,Laurie VIVIANI,17,0,True,2026-08-18 02:31
2026-08-16,Dimanche,11:00,12:00,NEUILLY GYM STUDIO - MAT,BARRE PILATES,Najwa TAHRI Advanced/Intense,12,0,True,2026-08-18 02:31
2026-08-16,Dimanche,11:00,11:50,NEUILLY NEWFORMER - INTENSE PILATES,NEWFORMER - INTENSE PILATES,Sarah CLEJAN,9,0,True,2026-08-18 02:31
2026-08-16,Dimanche,11:00,11:50,PASSY NEWFORMER - INTENSE PILATES,NEWFORMER - INTENSE PILATES,Kasia @k_shia,9,0,True,2026-08-18 02:31
2026-08-16,Dimanche,11:00,11:50,SAINT MANDÉ REFORMER STUDIO,REFORMER PILATES,Iris BALAZS,12,0,True,2026-08-18 02:31
2026-08-16,Dimanche,11:00,11:50,SENTIER REFORMER STUDIO,REFORMER PILATES,Sonia @sonia_raconte Intermédiaire/Avancé ,14,0,True,2026-08-18 02:31
2026-08-16,Dimanche,11:00,11:50,SURESNES REFORMER STUDIO,REFORMER PILATES,Dorina YICHU ,10,0,True,2026-08-18 02:31
2026-08-16,Dimanche,11:00,11:50,VAUGIRARD RÉFORMER STUDIO,REFORMER PILATES,Polina BODEEVA,11,0,True,2026-08-18 02:31
2026-08-16,Dimanche,11:00,11:50,VAVIN REFORMER STUDIO,REFORMER PILATES,Jacky TEWES ,12,0,True,2026-08-18 02:31
2026-08-16,Dimanche,11:00,11:50,WAGRAM REFORMER STUDIO,REFORMER PILATES,Nick ELISHA Intense / Advanced,11,0,True,2026-08-18 02:31
2026-08-16,Dimanche,12:00,12:50,BATIGNOLLES REFORMER STUDIO,REFORMER PILATES,Franziska SCHERNER,12,0,True,2026-08-18 02:31
2026-08-16,Dimanche,12:00,12:50,BOSQUET REFORMER STUDIO,REFORMER PILATES,Sandra ANTUNES,11,0,True,2026-08-18 02:31
2026-08-16,Dimanche,12:00,12:50,BOULOGNE REFORMER STUDIO,REFORMER PILATES,Justine  LE CORRE @justine.fitandflowreformer,12,0,True,2026-08-18 02:31
2026-08-16,Dimanche,12:00,12:50,INVALIDES REFORMER STUDIO,REFORMER PILATES,Lola MOLLIER CARROZ,10,0,True,2026-08-18 02:31
2026-08-16,Dimanche,12:00,12:50,MADELEINE REFORMER STUDIO,REFORMER PILATES,Shana  MAMOU,12,0,True,2026-08-18 02:31
2026-08-16,Dimanche,12:00,12:50,MARAIS REFORMER STUDIO,REFORMER PILATES,Sofia TRUKHACHEVA,10,0,True,2026-08-18 02:31
2026-08-16,Dimanche,12:00,12:50,MAUBEUGE REFORMER STUDIO,REFORMER PILATES,Polly PRIANIKOVA,11,0,True,2026-08-18 02:31
2026-08-16,Dimanche,12:00,12:50,MIROMESNIL REFORMER STUDIO,REFORMER PILATES,Natasha LODHI - Intense / Advanced,11,0,True,2026-08-18 02:31
2026-08-16,Dimanche,12:00,13:00,MOZART GYM STUDIO - MAT,FULL BODY WORKOUT,Laurie VIVIANI,17,0,True,2026-08-18 02:31
2026-08-16,Dimanche,12:00,13:00,NEUILLY GYM STUDIO - MAT,Cuisses Abdos Fessiers - CAF,Joe BERCKMANS @go_for_it_joe,14,0,True,2026-08-18 02:31
2026-08-16,Dimanche,12:00,12:50,NEUILLY NEWFORMER - INTENSE PILATES,NEWFORMER - INTENSE PILATES,Sarah Bellagamba,9,0,True,2026-08-18 02:31
2026-08-16,Dimanche,12:00,12:50,PASSY NEWFORMER - INTENSE PILATES,NEWFORMER - INTENSE PILATES,Kasia @k_shia,9,0,True,2026-08-18 02:31
2026-08-16,Dimanche,12:00,12:50,SAINT MANDÉ REFORMER STUDIO,REFORMER PILATES,Iris BALAZS,12,0,True,2026-08-18 02:31
2026-08-16,Dimanche,12:00,12:50,SENTIER REFORMER STUDIO,REFORMER PILATES,Sonia @sonia_raconte Intermédiaire/Avancé ,14,0,True,2026-08-18 02:31
2026-08-16,Dimanche,12:00,12:50,SURESNES REFORMER STUDIO,REFORMER PILATES,Dorina YICHU ,10,0,True,2026-08-18 02:31
2026-08-16,Dimanche,12:00,12:50,VAUGIRARD RÉFORMER STUDIO,REFORMER PILATES,Polina BODEEVA,11,0,True,2026-08-18 02:31
2026-08-16,Dimanche,12:00,12:50,VAVIN REFORMER STUDIO,REFORMER PILATES,Jacky TEWES ,12,0,True,2026-08-18 02:31
2026-08-16,Dimanche,12:00,12:50,WAGRAM REFORMER STUDIO,REFORMER PILATES,Nick ELISHA Intense / Advanced,11,0,True,2026-08-18 02:31
2026-08-16,Dimanche,13:00,13:50,BATIGNOLLES REFORMER STUDIO,REFORMER PILATES,Franziska SCHERNER,12,0,True,2026-08-18 02:31
2026-08-16,Dimanche,13:00,13:50,BOSQUET REFORMER STUDIO,REFORMER PILATES,Sandra ANTUNES,11,0,True,2026-08-18 02:31
2026-08-16,Dimanche,13:00,13:50,INVALIDES REFORMER STUDIO,REFORMER PILATES,Lola MOLLIER CARROZ,10,0,True,2026-08-18 02:31
2026-08-16,Dimanche,13:00,13:50,MARAIS REFORMER STUDIO,REFORMER PILATES,Sofia TRUKHACHEVA,10,0,True,2026-08-18 02:31
2026-08-16,Dimanche,13:00,13:50,MAUBEUGE REFORMER STUDIO,REFORMER PILATES,Polly PRIANIKOVA,11,0,True,2026-08-18 02:31
2026-08-16,Dimanche,13:00,13:50,MIROMESNIL REFORMER STUDIO,REFORMER PILATES,Natasha LODHI - Intense / Advanced,11,0,True,2026-08-18 02:31
2026-08-16,Dimanche,13:00,14:00,MOZART GYM STUDIO - MAT,DYNAMIC PILATES,Laurie VIVIANI,20,0,True,2026-08-18 02:31
2026-08-16,Dimanche,13:00,14:00,NEUILLY GYM STUDIO - MAT,BODY SCULPT,Joe BERCKMANS @go_for_it_joe,14,0,True,2026-08-18 02:31
2026-08-16,Dimanche,13:00,13:50,NEUILLY NEWFORMER - INTENSE PILATES,NEWFORMER - INTENSE PILATES,Sarah Bellagamba,9,0,True,2026-08-18 02:31
2026-08-16,Dimanche,13:00,13:50,PASSY NEWFORMER - INTENSE PILATES,NEWFORMER - INTENSE PILATES,Kasia @k_shia,9,0,True,2026-08-18 02:31
2026-08-16,Dimanche,13:00,13:50,VAUGIRARD RÉFORMER STUDIO,REFORMER PILATES,Polina BODEEVA,11,0,True,2026-08-18 02:31
2026-08-16,Dimanche,13:00,13:50,VAVIN REFORMER STUDIO,REFORMER PILATES,Jacky TEWES ,12,0,True,2026-08-18 02:31
2026-08-16,Dimanche,13:00,13:50,WAGRAM REFORMER STUDIO,REFORMER PILATES,Nick ELISHA Intense / Advanced,11,0,True,2026-08-18 02:31
2026-08-16,Dimanche,15:00,15:50,MARAIS REFORMER STUDIO,REFORMER PILATES,Polly PRIANIKOVA,10,0,True,2026-08-18 02:31
2026-08-16,Dimanche,16:00,16:50,BATIGNOLLES REFORMER STUDIO,REFORMER PILATES,Florence COLLIN BECUWE Advanced/Intense ,12,0,True,2026-08-18 02:31
2026-08-16,Dimanche,16:00,16:50,BOULOGNE REFORMER STUDIO,REFORMER PILATES,Justine  LE CORRE @justine.fitandflowreformer,12,0,True,2026-08-18 02:31
2026-08-16,Dimanche,16:00,16:50,NEUILLY NEWFORMER - INTENSE PILATES,NEWFORMER - INTENSE PILATES,Sarah Bellagamba,9,0,True,2026-08-18 02:31
2026-08-16,Dimanche,16:00,16:50,PASSY NEWFORMER - INTENSE PILATES,NEWFORMER - INTENSE PILATES,Sandra ANTUNES,9,0,True,2026-08-18 02:31
2026-08-16,Dimanche,16:00,16:50,SAINT MANDÉ REFORMER STUDIO,REFORMER PILATES,Luana BRENON,12,0,True,2026-08-18 02:31
2026-08-16,Dimanche,16:00,16:50,SURESNES REFORMER STUDIO,REFORMER PILATES,Eileen MURRAY - English class ,10,0,True,2026-08-18 02:31
2026-08-16,Dimanche,16:00,16:50,VAUGIRARD RÉFORMER STUDIO,REFORMER PILATES,Naser SAENDI @coachfitnas,11,0,True,2026-08-18 02:31
2026-08-16,Dimanche,16:00,16:50,VAVIN REFORMER STUDIO,REFORMER PILATES,Jacky TEWES ,12,0,True,2026-08-18 02:31
2026-08-16,Dimanche,16:00,16:50,WAGRAM REFORMER STUDIO,REFORMER PILATES,Nick ELISHA Intense / Advanced,11,0,True,2026-08-18 02:31
2026-08-16,Dimanche,16:45,17:45,NEUILLY GYM STUDIO - MAT,BARRE WORKOUT,Valentine @balletdodu ,12,0,True,2026-08-18 02:31
2026-08-16,Dimanche,17:00,17:50,BATIGNOLLES REFORMER STUDIO,REFORMER PILATES,Florence COLLIN BECUWE Advanced/Intense ,12,0,True,2026-08-18 02:31
2026-08-16,Dimanche,17:00,17:50,BOSQUET REFORMER STUDIO,REFORMER PILATES,Valérie @valeriefitcoaching / Advanced,11,0,True,2026-08-18 02:31
2026-08-16,Dimanche,17:00,17:50,BOULOGNE REFORMER STUDIO,REFORMER PILATES,Justine  LE CORRE @justine.fitandflowreformer,12,0,True,2026-08-18 02:31
2026-08-16,Dimanche,17:00,17:50,MARAIS REFORMER STUDIO,REFORMER PILATES,Polly PRIANIKOVA,10,0,True,2026-08-18 02:31
2026-08-16,Dimanche,17:00,17:50,MAUBEUGE REFORMER STUDIO,REFORMER PILATES,Léane AMRAM,11,0,True,2026-08-18 02:31
2026-08-16,Dimanche,17:00,18:00,MOZART GYM STUDIO - MAT,DYNAMIC PILATES,Franziska SCHERNER,16,0,True,2026-08-18 02:31
2026-08-16,Dimanche,17:00,17:50,NEUILLY NEWFORMER - INTENSE PILATES,NEWFORMER - INTENSE PILATES,Sarah Bellagamba,9,0,True,2026-08-18 02:31
2026-08-16,Dimanche,17:00,17:50,PASSY NEWFORMER - INTENSE PILATES,NEWFORMER - INTENSE PILATES,Sandra ANTUNES,9,0,True,2026-08-18 02:31
2026-08-16,Dimanche,17:00,17:50,SAINT MANDÉ REFORMER STUDIO,REFORMER PILATES,Luana BRENON,12,0,True,2026-08-18 02:31
2026-08-16,Dimanche,17:00,17:50,SURESNES REFORMER STUDIO,REFORMER PILATES,Eileen MURRAY - English class ,10,0,True,2026-08-18 02:31
2026-08-16,Dimanche,17:00,17:50,VAUGIRARD RÉFORMER STUDIO,REFORMER PILATES,Naser SAENDI @coachfitnas,11,0,True,2026-08-18 02:31
2026-08-16,Dimanche,17:00,17:50,VAVIN REFORMER STUDIO,REFORMER PILATES,Jacky TEWES ,12,0,True,2026-08-18 02:31
2026-08-16,Dimanche,17:00,17:50,WAGRAM REFORMER STUDIO,REFORMER PILATES,Nick ELISHA Intense / Advanced,11,0,True,2026-08-18 02:31
2026-08-16,Dimanche,17:45,18:30,NEUILLY GYM STUDIO - MAT,STRETCHING CLASS,Valentine @balletdodu ,12,0,True,2026-08-18 02:31
2026-08-16,Dimanche,18:00,18:50,BATIGNOLLES REFORMER STUDIO,REFORMER PILATES,Florence COLLIN BECUWE Advanced/Intense ,12,0,True,2026-08-18 02:31
2026-08-16,Dimanche,18:00,18:50,BOSQUET REFORMER STUDIO,REFORMER PILATES,Valérie @valeriefitcoaching / Advanced,11,0,True,2026-08-18 02:31
2026-08-16,Dimanche,18:00,18:50,BOULOGNE REFORMER STUDIO,REFORMER PILATES,Justine  LE CORRE @justine.fitandflowreformer,12,0,True,2026-08-18 02:31
2026-08-16,Dimanche,18:00,18:50,MAUBEUGE REFORMER STUDIO,REFORMER PILATES,Léane AMRAM,11,0,True,2026-08-18 02:31
2026-08-16,Dimanche,18:00,19:00,MOZART GYM STUDIO - MAT,YOGA VINYASA,Franziska SCHERNER,16,0,True,2026-08-18 02:31
2026-08-16,Dimanche,18:00,18:50,NEUILLY NEWFORMER - INTENSE PILATES,NEWFORMER - INTENSE PILATES,Sarah Bellagamba,9,0,True,2026-08-18 02:31
2026-08-16,Dimanche,18:00,18:50,PASSY NEWFORMER - INTENSE PILATES,NEWFORMER - INTENSE PILATES,Sandra ANTUNES,9,0,True,2026-08-18 02:31
2026-08-16,Dimanche,18:00,18:50,SAINT MANDÉ REFORMER STUDIO,REFORMER PILATES,Marie AL @sweatinthecityy,12,0,True,2026-08-18 02:31
2026-08-16,Dimanche,18:00,18:50,SURESNES REFORMER STUDIO,REFORMER PILATES,Eileen MURRAY - English class ,10,0,True,2026-08-18 02:31
2026-08-16,Dimanche,18:00,18:50,VAUGIRARD RÉFORMER STUDIO,REFORMER PILATES,Naser SAENDI @coachfitnas,11,0,True,2026-08-18 02:31
2026-08-16,Dimanche,18:00,18:50,VAVIN REFORMER STUDIO,REFORMER PILATES,Jacky TEWES ,12,0,True,2026-08-18 02:31
2026-08-16,Dimanche,18:00,18:50,WAGRAM REFORMER STUDIO,REFORMER PILATES,Nick ELISHA Intense / Advanced,11,0,True,2026-08-18 02:31
2026-08-16,Dimanche,18:30,19:20,NEUILLY GYM STUDIO - MAT,Cuisses Abdos Fessiers - CAF,Margot BOUDER,12,0,True,2026-08-18 02:31
2026-08-16,Dimanche,19:00,19:50,BATIGNOLLES REFORMER STUDIO,REFORMER PILATES,Florence COLLIN BECUWE Advanced/Intense ,12,0,True,2026-08-18 02:31
2026-08-16,Dimanche,19:00,19:50,BOSQUET REFORMER STUDIO,REFORMER PILATES,Valérie @valeriefitcoaching / Advanced,11,0,True,2026-08-18 02:31
2026-08-16,Dimanche,19:00,19:50,MAUBEUGE REFORMER STUDIO,REFORMER PILATES,Léane AMRAM,11,0,True,2026-08-18 02:31
2026-08-16,Dimanche,19:00,20:00,MOZART GYM STUDIO - MAT,INTENSE CORE,Franziska SCHERNER,16,0,True,2026-08-18 02:31
2026-08-16,Dimanche,19:00,19:50,NEUILLY NEWFORMER - INTENSE PILATES,NEWFORMER - INTENSE PILATES,Sarah Bellagamba,9,0,True,2026-08-18 02:31
2026-08-16,Dimanche,19:00,19:50,PASSY NEWFORMER - INTENSE PILATES,NEWFORMER - INTENSE PILATES,Sandra ANTUNES,9,0,True,2026-08-18 02:31
2026-08-16,Dimanche,19:00,19:50,SAINT MANDÉ REFORMER STUDIO,REFORMER PILATES,Marie AL @sweatinthecityy,12,0,True,2026-08-18 02:31
2026-08-17,Lundi,08:00,08:50,BATIGNOLLES REFORMER STUDIO,REFORMER PILATES,Camille AUZANNEAU,12,0,True,2026-08-20 02:31
2026-08-17,Lundi,08:00,08:50,BOSQUET REFORMER STUDIO,REFORMER PILATES,Florence COLLIN BECUWE Advanced/Intense ,11,0,True,2026-08-20 02:31
2026-08-17,Lundi,08:00,08:50,MARAIS REFORMER STUDIO,REFORMER PILATES,Polly PRIANIKOVA,10,0,True,2026-08-20 02:31
2026-08-17,Lundi,08:00,08:50,MAUBEUGE REFORMER STUDIO,REFORMER PILATES,Julia TAPIRO,11,0,True,2026-08-20 02:31
2026-08-17,Lundi,08:00,08:50,MIROMESNIL REFORMER STUDIO,REFORMER PILATES,Sacha DOURIANT,11,0,True,2026-08-20 02:31
2026-08-17,Lundi,08:00,08:50,NEUILLY NEWFORMER - INTENSE PILATES,NEWFORMER - INTENSE PILATES,Shana  MAMOU,9,0,True,2026-08-20 02:31
2026-08-17,Lundi,08:00,08:50,PASSY NEWFORMER - INTENSE PILATES,NEWFORMER - INTENSE PILATES,Zoé  @getstronglikezoe Intense / Advanced ,9,0,True,2026-08-20 02:31
2026-08-17,Lundi,08:00,08:50,SAINT MANDÉ REFORMER STUDIO,REFORMER PILATES,Golda BENCHETRIT,12,0,True,2026-08-20 02:31
2026-08-17,Lundi,08:00,08:50,VAUGIRARD RÉFORMER STUDIO,REFORMER PILATES,Sonia @sonia_raconte Intermédiaire/Avancé ,11,0,True,2026-08-20 02:31
2026-08-17,Lundi,08:00,08:50,VAVIN REFORMER STUDIO,REFORMER PILATES,Angelina TAVARES,12,0,True,2026-08-20 02:31
2026-08-17,Lundi,08:00,08:50,WAGRAM REFORMER STUDIO,REFORMER PILATES,Jacky TEWES ,11,0,True,2026-08-20 02:31
2026-08-17,Lundi,08:30,09:30,MOZART GYM STUDIO - MAT,DYNAMIC PILATES,Marie-Claire AZAR @mc.ismyname Intense / Advanced,16,0,True,2026-08-20 02:31
2026-08-17,Lundi,09:00,09:50,BATIGNOLLES REFORMER STUDIO,REFORMER PILATES,Camille AUZANNEAU,12,0,True,2026-08-20 02:31
2026-08-17,Lundi,09:00,09:50,BOSQUET REFORMER STUDIO,REFORMER PILATES,Florence COLLIN BECUWE Advanced/Intense ,11,0,True,2026-08-20 02:31
2026-08-17,Lundi,09:00,09:50,BOULOGNE REFORMER STUDIO,REFORMER PILATES,Shana  MAMOU,12,0,True,2026-08-20 02:31
2026-08-17,Lundi,09:00,09:50,INVALIDES REFORMER STUDIO,REFORMER PILATES,Soudi ZARGHAM,10,0,True,2026-08-20 02:31
2026-08-17,Lundi,09:00,09:50,MADELEINE REFORMER STUDIO,REFORMER PILATES,Floriane ANDRIEUX,12,0,True,2026-08-20 02:31
2026-08-17,Lundi,09:00,09:50,MARAIS REFORMER STUDIO,REFORMER PILATES,Polly PRIANIKOVA,10,0,True,2026-08-20 02:31
2026-08-17,Lundi,09:00,09:50,MAUBEUGE REFORMER STUDIO,REFORMER PILATES,Julia TAPIRO,11,0,True,2026-08-20 02:31
2026-08-17,Lundi,09:00,09:50,MIROMESNIL REFORMER STUDIO,REFORMER PILATES,Sacha DOURIANT,11,0,True,2026-08-20 02:31
2026-08-17,Lundi,09:00,10:00,NEUILLY GYM STUDIO - MAT,YOGA VINYASA,Léa SAADA @desayoga,12,0,True,2026-08-20 02:31
2026-08-17,Lundi,09:00,09:50,NEUILLY NEWFORMER - INTENSE PILATES,NEWFORMER - INTENSE PILATES,Shana  MAMOU,9,0,True,2026-08-20 02:31
2026-08-17,Lundi,09:00,09:50,PASSY NEWFORMER - INTENSE PILATES,NEWFORMER - INTENSE PILATES,Zoé  @getstronglikezoe Intense / Advanced ,9,0,True,2026-08-20 02:31
2026-08-17,Lundi,09:00,09:50,SAINT MANDÉ REFORMER STUDIO,REFORMER PILATES,Golda BENCHETRIT,12,0,True,2026-08-20 02:31
2026-08-17,Lundi,09:00,09:50,SURESNES REFORMER STUDIO,REFORMER PILATES,Lucie DUMONT,10,0,True,2026-08-20 02:31
2026-08-17,Lundi,09:00,09:50,VAUGIRARD RÉFORMER STUDIO,REFORMER PILATES,Sonia @sonia_raconte Intermédiaire/Avancé ,11,0,True,2026-08-20 02:31
2026-08-17,Lundi,09:00,09:50,VAVIN REFORMER STUDIO,REFORMER PILATES,Angelina TAVARES,12,0,True,2026-08-20 02:31
2026-08-17,Lundi,09:00,09:50,WAGRAM REFORMER STUDIO,REFORMER PILATES,Jacky TEWES ,11,0,True,2026-08-20 02:31
2026-08-17,Lundi,09:30,10:30,MOZART GYM STUDIO - MAT,FULL BODY WORKOUT,William  GALIN,18,0,True,2026-08-20 02:31
2026-08-17,Lundi,10:00,10:50,BATIGNOLLES REFORMER STUDIO,REFORMER PILATES,Camille AUZANNEAU,12,0,True,2026-08-20 02:31
2026-08-17,Lundi,10:00,10:50,BOSQUET REFORMER STUDIO,REFORMER PILATES,Florence COLLIN BECUWE Advanced/Intense ,11,0,True,2026-08-20 02:31
2026-08-17,Lundi,10:00,10:50,BOULOGNE REFORMER STUDIO,REFORMER PILATES,Aude SCHLACTHER,12,0,True,2026-08-20 02:31
2026-08-17,Lundi,10:00,10:50,INVALIDES REFORMER STUDIO,REFORMER PILATES,Soudi ZARGHAM,10,0,True,2026-08-20 02:31
2026-08-17,Lundi,10:00,10:50,MADELEINE REFORMER STUDIO,REFORMER PILATES,Floriane ANDRIEUX,12,0,True,2026-08-20 02:31
2026-08-17,Lundi,10:00,10:50,MARAIS REFORMER STUDIO,REFORMER PILATES,Polly PRIANIKOVA,10,0,True,2026-08-20 02:31
2026-08-17,Lundi,10:00,10:50,MAUBEUGE REFORMER STUDIO,REFORMER PILATES,Julia TAPIRO,11,0,True,2026-08-20 02:31
2026-08-17,Lundi,10:00,10:50,MIROMESNIL REFORMER STUDIO,REFORMER PILATES,Sacha DOURIANT,11,0,True,2026-08-20 02:31
2026-08-17,Lundi,10:00,11:00,NEUILLY GYM STUDIO - MAT,BARRE PILATES,Maxime BROSSARD,12,0,True,2026-08-20 02:31
2026-08-17,Lundi,10:00,10:50,NEUILLY NEWFORMER - INTENSE PILATES,NEWFORMER - INTENSE PILATES,Shana  MAMOU,9,0,True,2026-08-20 02:31
2026-08-17,Lundi,10:00,10:50,PASSY NEWFORMER - INTENSE PILATES,NEWFORMER - INTENSE PILATES,Zoé  @getstronglikezoe Intense / Advanced ,9,0,True,2026-08-20 02:31
2026-08-17,Lundi,10:00,10:50,SAINT MANDÉ REFORMER STUDIO,REFORMER PILATES,Golda BENCHETRIT,12,0,True,2026-08-20 02:31
2026-08-17,Lundi,10:00,10:50,SURESNES REFORMER STUDIO,REFORMER PILATES,Lucie DUMONT,10,0,True,2026-08-20 02:31
2026-08-17,Lundi,10:00,10:50,VAVIN REFORMER STUDIO,REFORMER PILATES,Angelina TAVARES,12,0,True,2026-08-20 02:31
2026-08-17,Lundi,10:00,10:50,WAGRAM REFORMER STUDIO,REFORMER PILATES,Jacky TEWES ,11,0,True,2026-08-20 02:31
2026-08-17,Lundi,10:30,11:30,MOZART GYM STUDIO - MAT,BARRE WORKOUT,Valérie @valeriefitcoaching / Advanced,16,0,True,2026-08-20 02:31
2026-08-17,Lundi,11:00,11:50,BATIGNOLLES REFORMER STUDIO,REFORMER PILATES,Sarah ROGGIANI @Pulsewithsarah,12,0,True,2026-08-20 02:31
2026-08-17,Lundi,11:00,11:50,BOULOGNE REFORMER STUDIO,REFORMER PILATES,Aude SCHLACTHER,12,0,True,2026-08-20 02:31
2026-08-17,Lundi,11:00,11:50,MIROMESNIL REFORMER STUDIO,REFORMER PILATES,Geraldine SELIGMANN,11,0,True,2026-08-20 02:31
2026-08-17,Lundi,11:00,12:00,NEUILLY GYM STUDIO - MAT,BARRE WORKOUT,Cynthia MONTANO,12,0,True,2026-08-20 02:31
2026-08-17,Lundi,11:00,11:50,NEUILLY NEWFORMER - INTENSE PILATES,NEWFORMER - INTENSE PILATES,Nicolas MARTINS Intense / Advanced,9,0,True,2026-08-20 02:31
2026-08-17,Lundi,11:00,11:50,PASSY NEWFORMER - INTENSE PILATES,NEWFORMER - INTENSE PILATES,Carla @training_by_carla,9,0,True,2026-08-20 02:31
2026-08-17,Lundi,11:00,11:50,SAINT MANDÉ REFORMER STUDIO,REFORMER PILATES,Nick ELISHA Intense / Advanced,12,0,True,2026-08-20 02:31
2026-08-17,Lundi,11:00,11:50,SURESNES REFORMER STUDIO,REFORMER PILATES,Lucie DUMONT,10,0,True,2026-08-20 02:31
2026-08-17,Lundi,11:00,11:50,VAUGIRARD RÉFORMER STUDIO,REFORMER PILATES,Naser SAENDI @coachfitnas,11,0,True,2026-08-20 02:31
2026-08-17,Lundi,11:00,11:50,WAGRAM REFORMER STUDIO,REFORMER PILATES,Jacky TEWES ,11,0,True,2026-08-20 02:31
2026-08-17,Lundi,12:00,12:50,BATIGNOLLES REFORMER STUDIO,REFORMER PILATES,Sarah ROGGIANI @Pulsewithsarah,12,0,True,2026-08-20 02:31
2026-08-17,Lundi,12:00,12:50,BOSQUET REFORMER STUDIO,REFORMER PILATES,Bonita @bonitawellness_,11,0,True,2026-08-20 02:31
2026-08-17,Lundi,12:00,12:50,BOULOGNE REFORMER STUDIO,REFORMER PILATES,Aude SCHLACTHER,12,0,True,2026-08-20 02:31
2026-08-17,Lundi,12:00,12:50,INVALIDES REFORMER STUDIO,REFORMER PILATES,Stephanie BROWN - English Class,10,0,True,2026-08-20 02:31
2026-08-17,Lundi,12:00,12:50,MADELEINE REFORMER STUDIO,REFORMER PILATES,Shana  MAMOU,12,0,True,2026-08-20 02:31
2026-08-17,Lundi,12:00,12:50,MARAIS REFORMER STUDIO,REFORMER PILATES,Cédric ARAMAN,10,0,True,2026-08-20 02:31
2026-08-17,Lundi,12:00,12:50,MAUBEUGE REFORMER STUDIO,REFORMER PILATES,Lisa KURZTAG - Intense/Advanced,11,0,True,2026-08-20 02:31
2026-08-17,Lundi,12:00,12:50,MIROMESNIL REFORMER STUDIO,REFORMER PILATES,Geraldine SELIGMANN,11,0,True,2026-08-20 02:31
2026-08-17,Lundi,12:00,12:50,NEUILLY NEWFORMER - INTENSE PILATES,NEWFORMER - INTENSE PILATES,Nicolas MARTINS Intense / Advanced,9,0,True,2026-08-20 02:31
2026-08-17,Lundi,12:00,12:50,PASSY NEWFORMER - INTENSE PILATES,NEWFORMER - INTENSE PILATES,Carla @training_by_carla,9,0,True,2026-08-20 02:31
2026-08-17,Lundi,12:00,12:50,SAINT MANDÉ REFORMER STUDIO,REFORMER PILATES,Nick ELISHA Intense / Advanced,12,0,True,2026-08-20 02:31
2026-08-17,Lundi,12:00,12:50,SENTIER REFORMER STUDIO,REFORMER PILATES,Sofia TRUKHACHEVA,14,0,True,2026-08-20 02:31
2026-08-17,Lundi,12:00,12:50,SURESNES REFORMER STUDIO,REFORMER PILATES,Justine  LE CORRE @justine.fitandflowreformer,10,0,True,2026-08-20 02:31
2026-08-17,Lundi,12:00,12:50,VAUGIRARD RÉFORMER STUDIO,REFORMER PILATES,Sacha DOURIANT,11,0,True,2026-08-20 02:31
2026-08-17,Lundi,12:00,12:50,VAVIN REFORMER STUDIO,REFORMER PILATES,Soudi ZARGHAM,12,0,True,2026-08-20 02:31
2026-08-17,Lundi,12:00,12:50,WAGRAM REFORMER STUDIO,REFORMER PILATES,Jacky TEWES ,11,0,True,2026-08-20 02:31
2026-08-17,Lundi,12:30,13:30,MOZART GYM STUDIO - MAT,BARRE WORKOUT,Valérie @valeriefitcoaching / Advanced,16,0,True,2026-08-20 02:31
2026-08-17,Lundi,12:45,13:30,NEUILLY GYM STUDIO - MAT,BODY SCULPT,Bibi 610,15,0,True,2026-08-20 02:31
2026-08-17,Lundi,13:00,13:50,BATIGNOLLES REFORMER STUDIO,REFORMER PILATES,Sarah ROGGIANI @Pulsewithsarah,12,0,True,2026-08-20 02:31
2026-08-17,Lundi,13:00,13:50,BOSQUET REFORMER STUDIO,REFORMER PILATES,Bonita @bonitawellness_,11,0,True,2026-08-20 02:31
2026-08-17,Lundi,13:00,13:50,BOULOGNE REFORMER STUDIO,REFORMER PILATES,Aude SCHLACTHER,12,0,True,2026-08-20 02:31
2026-08-17,Lundi,13:00,13:50,INVALIDES REFORMER STUDIO,REFORMER PILATES,Stephanie BROWN - English Class,10,0,True,2026-08-20 02:31
2026-08-17,Lundi,13:00,13:50,MADELEINE REFORMER STUDIO,REFORMER PILATES,Shana  MAMOU,12,0,True,2026-08-20 02:31
2026-08-17,Lundi,13:00,13:50,MARAIS REFORMER STUDIO,REFORMER PILATES,Cédric ARAMAN,10,0,True,2026-08-20 02:31
2026-08-17,Lundi,13:00,13:50,MAUBEUGE REFORMER STUDIO,REFORMER PILATES,Lisa KURZTAG - Intense/Advanced,11,0,True,2026-08-20 02:31
2026-08-17,Lundi,13:00,13:50,MIROMESNIL REFORMER STUDIO,REFORMER PILATES,Geraldine SELIGMANN,11,0,True,2026-08-20 02:31
2026-08-17,Lundi,13:00,13:50,NEUILLY NEWFORMER - INTENSE PILATES,NEWFORMER - INTENSE PILATES,Nicolas MARTINS Intense / Advanced,9,0,True,2026-08-20 02:31
2026-08-17,Lundi,13:00,13:50,PASSY NEWFORMER - INTENSE PILATES,NEWFORMER - INTENSE PILATES,Carla @training_by_carla,9,0,True,2026-08-20 02:31
2026-08-17,Lundi,13:00,13:50,SENTIER REFORMER STUDIO,REFORMER PILATES,Sofia TRUKHACHEVA,14,0,True,2026-08-20 02:31
2026-08-17,Lundi,13:00,13:50,SURESNES REFORMER STUDIO,REFORMER PILATES,Justine  LE CORRE @justine.fitandflowreformer,10,0,True,2026-08-20 02:31
2026-08-17,Lundi,13:00,13:50,VAUGIRARD RÉFORMER STUDIO,REFORMER PILATES,Sacha DOURIANT,11,0,True,2026-08-20 02:31
2026-08-17,Lundi,13:00,13:50,VAVIN REFORMER STUDIO,REFORMER PILATES,Soudi ZARGHAM,12,0,True,2026-08-20 02:31
2026-08-17,Lundi,13:00,13:50,WAGRAM REFORMER STUDIO,REFORMER PILATES,Jacky TEWES ,11,0,True,2026-08-20 02:31
2026-08-17,Lundi,14:00,14:50,MADELEINE REFORMER STUDIO,REFORMER PILATES,Shana  MAMOU,12,0,True,2026-08-20 02:31
2026-08-17,Lundi,17:00,17:50,BATIGNOLLES REFORMER STUDIO,REFORMER PILATES,Shana  MAMOU,12,0,True,2026-08-20 02:31
2026-08-17,Lundi,17:00,17:50,BOSQUET REFORMER STUDIO,REFORMER PILATES,Bonita @bonitawellness_,11,0,True,2026-08-20 02:31
2026-08-17,Lundi,17:00,17:50,MADELEINE REFORMER STUDIO,REFORMER PILATES,Godefroy HISANY,12,0,True,2026-08-20 02:31
2026-08-17,Lundi,17:00,17:50,MARAIS REFORMER STUDIO,REFORMER PILATES,Aude SCHLACTHER,10,0,True,2026-08-20 02:31
2026-08-17,Lundi,17:00,17:50,MAUBEUGE REFORMER STUDIO,REFORMER PILATES,Pauline RAMON @pilatesbypops,11,0,True,2026-08-20 02:31
2026-08-17,Lundi,17:00,17:50,NEUILLY NEWFORMER - INTENSE PILATES,NEWFORMER - INTENSE PILATES,Arthur Intense/Advanced @arthur.gambardella ,9,0,True,2026-08-20 02:31
2026-08-17,Lundi,17:00,17:50,WAGRAM REFORMER STUDIO,REFORMER PILATES,Ava ACHOUCHE @ava_swa,11,0,True,2026-08-20 02:31
2026-08-17,Lundi,18:00,18:50,BATIGNOLLES REFORMER STUDIO,REFORMER PILATES,Shana  MAMOU,12,0,True,2026-08-20 02:31
2026-08-17,Lundi,18:00,18:50,BOSQUET REFORMER STUDIO,REFORMER PILATES,Bonita @bonitawellness_,11,0,True,2026-08-20 02:31
2026-08-17,Lundi,18:00,18:50,BOULOGNE REFORMER STUDIO,REFORMER PILATES,Justine  LE CORRE @justine.fitandflowreformer,12,0,True,2026-08-20 02:31
2026-08-17,Lundi,18:00,18:50,INVALIDES REFORMER STUDIO,REFORMER PILATES,Julia TAPIRO,10,0,True,2026-08-20 02:31
2026-08-17,Lundi,18:00,18:50,MADELEINE REFORMER STUDIO,REFORMER PILATES,Godefroy HISANY,12,0,True,2026-08-20 02:31
2026-08-17,Lundi,18:00,18:50,MARAIS REFORMER STUDIO,REFORMER PILATES,Aude SCHLACTHER,10,0,True,2026-08-20 02:31
2026-08-17,Lundi,18:00,18:50,MAUBEUGE REFORMER STUDIO,REFORMER PILATES,Pauline RAMON @pilatesbypops,11,0,True,2026-08-20 02:31
2026-08-17,Lundi,18:00,18:50,MIROMESNIL REFORMER STUDIO,REFORMER PILATES,Jacky TEWES ,11,0,True,2026-08-20 02:31
2026-08-17,Lundi,18:00,18:55,MOZART GYM STUDIO - MAT,MÉTHODE BOOTY & CORE,Elsa TRAINING ,17,0,True,2026-08-20 02:31
2026-08-17,Lundi,18:00,18:50,NEUILLY GYM STUDIO - MAT,DYNAMIC PILATES,Kim GAMPEL,12,0,True,2026-08-20 02:31
2026-08-17,Lundi,18:00,18:50,NEUILLY NEWFORMER - INTENSE PILATES,NEWFORMER - INTENSE PILATES,Arthur Intense/Advanced @arthur.gambardella ,9,0,True,2026-08-20 02:31
2026-08-17,Lundi,18:00,18:50,PASSY NEWFORMER - INTENSE PILATES,NEWFORMER - INTENSE PILATES,Polina BODEEVA,9,0,True,2026-08-20 02:31
2026-08-17,Lundi,18:00,18:50,SAINT MANDÉ REFORMER STUDIO,REFORMER PILATES,Stephanie BROWN - English Class,12,0,True,2026-08-20 02:31
2026-08-17,Lundi,18:00,18:50,SENTIER REFORMER STUDIO,REFORMER PILATES,Eva MENIGOZ,14,0,True,2026-08-20 02:31
2026-08-17,Lundi,18:00,18:50,SURESNES REFORMER STUDIO,REFORMER PILATES,Cynthia GALIN,10,0,True,2026-08-20 02:31
2026-08-17,Lundi,18:00,18:50,VAUGIRARD RÉFORMER STUDIO,REFORMER PILATES,Stephanie BROWN - English Class,11,0,True,2026-08-20 02:31
2026-08-17,Lundi,18:00,18:50,VAVIN REFORMER STUDIO,REFORMER PILATES,Sofia TRUKHACHEVA,12,0,True,2026-08-20 02:31
2026-08-17,Lundi,18:00,18:50,WAGRAM REFORMER STUDIO,REFORMER PILATES,Ava ACHOUCHE @ava_swa,11,0,True,2026-08-20 02:31
2026-08-17,Lundi,19:00,19:50,BATIGNOLLES REFORMER STUDIO,REFORMER PILATES,Shana  MAMOU,12,0,True,2026-08-20 02:31
2026-08-17,Lundi,19:00,19:50,BOSQUET REFORMER STUDIO,REFORMER PILATES,Bonita @bonitawellness_,11,0,True,2026-08-20 02:31
2026-08-17,Lundi,19:00,19:50,BOULOGNE REFORMER STUDIO,REFORMER PILATES,Justine  LE CORRE @justine.fitandflowreformer,12,0,True,2026-08-20 02:31
2026-08-17,Lundi,19:00,19:50,INVALIDES REFORMER STUDIO,REFORMER PILATES,Julia TAPIRO,10,0,True,2026-08-20 02:31
2026-08-17,Lundi,19:00,19:50,MADELEINE REFORMER STUDIO,REFORMER PILATES,Godefroy HISANY,12,0,True,2026-08-20 02:31
2026-08-17,Lundi,19:00,19:50,MARAIS REFORMER STUDIO,REFORMER PILATES,Aude SCHLACTHER,10,0,True,2026-08-20 02:31
2026-08-17,Lundi,19:00,19:50,MAUBEUGE REFORMER STUDIO,REFORMER PILATES,Pauline RAMON @pilatesbypops,11,0,True,2026-08-20 02:31
2026-08-17,Lundi,19:00,19:50,MIROMESNIL REFORMER STUDIO,REFORMER PILATES,Jacky TEWES ,11,0,True,2026-08-20 02:31
2026-08-17,Lundi,19:00,20:00,MOZART GYM STUDIO - MAT,THE NEW ME,Constance DE SCHOMPRE,22,0,True,2026-08-20 02:31
2026-08-17,Lundi,19:00,20:00,NEUILLY GYM STUDIO - MAT,BARRE WORKOUT,Kim GAMPEL,12,0,True,2026-08-20 02:31
2026-08-17,Lundi,19:00,19:50,NEUILLY NEWFORMER - INTENSE PILATES,NEWFORMER - INTENSE PILATES,Arthur Intense/Advanced @arthur.gambardella ,9,0,True,2026-08-20 02:31
2026-08-17,Lundi,19:00,19:50,PASSY NEWFORMER - INTENSE PILATES,NEWFORMER - INTENSE PILATES,Polina BODEEVA,9,0,True,2026-08-20 02:31
2026-08-17,Lundi,19:00,19:50,SAINT MANDÉ REFORMER STUDIO,REFORMER PILATES,Stephanie BROWN - English Class,12,0,True,2026-08-20 02:31
2026-08-17,Lundi,19:00,19:50,SENTIER REFORMER STUDIO,REFORMER PILATES,Eva MENIGOZ,14,0,True,2026-08-20 02:31
2026-08-17,Lundi,19:00,19:50,SURESNES REFORMER STUDIO,REFORMER PILATES,Cynthia GALIN,10,0,True,2026-08-20 02:31
2026-08-17,Lundi,19:00,19:50,VAUGIRARD RÉFORMER STUDIO,REFORMER PILATES,Stephanie BROWN - English Class,11,0,True,2026-08-20 02:31
2026-08-17,Lundi,19:00,19:50,VAVIN REFORMER STUDIO,REFORMER PILATES,Sofia TRUKHACHEVA,12,0,True,2026-08-20 02:31
2026-08-17,Lundi,19:00,19:50,WAGRAM REFORMER STUDIO,REFORMER PILATES,Ava ACHOUCHE @ava_swa,11,0,True,2026-08-20 02:31
2026-08-17,Lundi,20:00,20:50,BATIGNOLLES REFORMER STUDIO,REFORMER PILATES,Shana  MAMOU,12,0,True,2026-08-20 02:31
2026-08-17,Lundi,20:00,20:50,BOSQUET REFORMER STUDIO,REFORMER PILATES,Bonita @bonitawellness_,11,0,True,2026-08-20 02:31
2026-08-17,Lundi,20:00,20:50,BOULOGNE REFORMER STUDIO,REFORMER PILATES,Justine  LE CORRE @justine.fitandflowreformer,12,0,True,2026-08-20 02:31
2026-08-17,Lundi,20:00,20:50,INVALIDES REFORMER STUDIO,REFORMER PILATES,Julia TAPIRO,10,0,True,2026-08-20 02:31
2026-08-17,Lundi,20:00,20:50,MADELEINE REFORMER STUDIO,REFORMER PILATES,Godefroy HISANY,12,0,True,2026-08-20 02:31
2026-08-17,Lundi,20:00,20:50,MARAIS REFORMER STUDIO,REFORMER PILATES,Aude SCHLACTHER,10,0,True,2026-08-20 02:31
2026-08-17,Lundi,20:00,20:50,MAUBEUGE REFORMER STUDIO,REFORMER PILATES,Pauline RAMON @pilatesbypops,11,0,True,2026-08-20 02:31
2026-08-17,Lundi,20:00,20:50,MIROMESNIL REFORMER STUDIO,REFORMER PILATES,Jacky TEWES ,11,0,True,2026-08-20 02:31
2026-08-17,Lundi,20:00,21:00,MOZART GYM STUDIO - MAT,YOGA VINYASA,Stéphanie CUNICO,16,0,True,2026-08-20 02:31
2026-08-17,Lundi,20:00,20:50,NEUILLY GYM STUDIO - MAT,Cuisses Abdos Fessiers - CAF,Margot BOUDER,12,0,True,2026-08-20 02:31
2026-08-17,Lundi,20:00,20:50,NEUILLY NEWFORMER - INTENSE PILATES,NEWFORMER - INTENSE PILATES,Arthur Intense/Advanced @arthur.gambardella ,9,0,True,2026-08-20 02:31
2026-08-17,Lundi,20:00,20:50,PASSY NEWFORMER - INTENSE PILATES,NEWFORMER - INTENSE PILATES,Polina BODEEVA,9,0,True,2026-08-20 02:31
2026-08-17,Lundi,20:00,20:50,SAINT MANDÉ REFORMER STUDIO,REFORMER PILATES,Stephanie BROWN - English Class,12,0,True,2026-08-20 02:31
2026-08-17,Lundi,20:00,20:50,SENTIER REFORMER STUDIO,REFORMER PILATES,Eva MENIGOZ,14,0,True,2026-08-20 02:31
2026-08-17,Lundi,20:00,20:50,SURESNES REFORMER STUDIO,REFORMER PILATES,Cynthia GALIN,10,0,True,2026-08-20 02:31
2026-08-17,Lundi,20:00,20:50,VAUGIRARD RÉFORMER STUDIO,REFORMER PILATES,Stephanie BROWN - English Class,11,0,True,2026-08-20 02:31
2026-08-17,Lundi,20:00,20:50,VAVIN REFORMER STUDIO,REFORMER PILATES,Sofia TRUKHACHEVA,12,0,True,2026-08-20 02:31
2026-08-17,Lundi,20:00,20:50,WAGRAM REFORMER STUDIO,REFORMER PILATES,Ava ACHOUCHE @ava_swa,11,0,True,2026-08-20 02:31
2026-08-18,Mardi,08:00,08:50,BATIGNOLLES REFORMER STUDIO,REFORMER PILATES,Alexia VITALI,12,0,False,2026-08-16 02:32
2026-08-18,Mardi,08:00,08:50,MARAIS REFORMER STUDIO,REFORMER PILATES,Léane AMRAM,10,1,False,2026-08-16 02:32
2026-08-18,Mardi,08:00,08:50,MAUBEUGE REFORMER STUDIO,REFORMER PILATES,Cynthia GALIN,11,4,True,2026-08-21 02:34
2026-08-18,Mardi,08:00,08:50,MIROMESNIL REFORMER STUDIO,REFORMER PILATES,Soudi ZARGHAM,11,3,True,2026-08-21 02:34
2026-08-18,Mardi,08:00,08:50,MOZART GYM STUDIO - MAT,INTENSE CORE,Manon VIRMOUX,15,2,True,2026-08-21 02:34
2026-08-18,Mardi,08:00,08:50,NEUILLY NEWFORMER - INTENSE PILATES,NEWFORMER - INTENSE PILATES,Nicolas MARTINS Intense / Advanced,9,0,False,2026-08-18 02:31
2026-08-18,Mardi,08:00,08:50,PASSY NEWFORMER - INTENSE PILATES,NEWFORMER - INTENSE PILATES,Laurie VIVIANI,9,5,True,2026-08-21 02:34
2026-08-18,Mardi,08:00,08:50,SURESNES REFORMER STUDIO,REFORMER PILATES,Capucine GADRET,10,6,True,2026-08-21 02:34
2026-08-18,Mardi,08:00,08:50,VAUGIRARD RÉFORMER STUDIO,REFORMER PILATES,Lea GUIGNEMENT,11,5,True,2026-08-21 02:34
2026-08-18,Mardi,08:00,08:50,VAVIN REFORMER STUDIO,REFORMER PILATES,Louise DROUAULT @louiisedrlt,12,0,False,2026-08-16 02:32
2026-08-18,Mardi,08:00,08:50,WAGRAM REFORMER STUDIO,REFORMER PILATES,Candice TOUBIANA @candice.pilates,11,2,False,2026-08-16 02:32
2026-08-18,Mardi,09:00,09:50,BATIGNOLLES REFORMER STUDIO,REFORMER PILATES,Alexia VITALI,12,6,True,2026-08-21 02:34
2026-08-18,Mardi,09:00,09:50,BOULOGNE REFORMER STUDIO,REFORMER PILATES,Eva MENIGOZ,12,0,False,2026-08-16 02:32
2026-08-18,Mardi,09:00,09:50,INVALIDES REFORMER STUDIO,REFORMER PILATES,Tioka TOKEDIRA,10,0,True,2026-08-21 02:34
2026-08-18,Mardi,09:00,09:50,MADELEINE REFORMER STUDIO,REFORMER PILATES,Shana  MAMOU,12,0,False,2026-08-16 02:32
2026-08-18,Mardi,09:00,09:50,MARAIS REFORMER STUDIO,REFORMER PILATES,Léane AMRAM,10,5,True,2026-08-21 02:34
2026-08-18,Mardi,09:00,09:50,MAUBEUGE REFORMER STUDIO,REFORMER PILATES,Cynthia GALIN,11,2,True,2026-08-21 02:34
2026-08-18,Mardi,09:00,09:50,MIROMESNIL REFORMER STUDIO,REFORMER PILATES,Soudi ZARGHAM,11,6,True,2026-08-21 02:34
2026-08-18,Mardi,09:00,10:00,MOZART GYM STUDIO - MAT,KALON BARRE,KALON BARRE @kalon.movement,16,9,True,2026-08-21 02:34
2026-08-18,Mardi,09:00,09:45,NEUILLY GYM STUDIO - MAT,DYNAMIC PILATES,Cynthia MONTANO,12,0,True,2026-08-21 02:34
2026-08-18,Mardi,09:00,09:50,NEUILLY NEWFORMER - INTENSE PILATES,NEWFORMER - INTENSE PILATES,Nicolas MARTINS Intense / Advanced,9,0,False,2026-08-18 02:31
2026-08-18,Mardi,09:00,09:50,PASSY NEWFORMER - INTENSE PILATES,NEWFORMER - INTENSE PILATES,Laurie VIVIANI,9,0,True,2026-08-21 02:34
2026-08-18,Mardi,09:00,09:50,SAINT MANDÉ REFORMER STUDIO,REFORMER PILATES,Iris BALAZS,12,0,False,2026-08-16 02:32
2026-08-18,Mardi,09:00,09:50,SENTIER REFORMER STUDIO,REFORMER PILATES,Karla PIMEN,14,2,True,2026-08-21 02:34
2026-08-18,Mardi,09:00,09:50,SURESNES REFORMER STUDIO,REFORMER PILATES,Capucine GADRET,10,1,True,2026-08-21 02:34
2026-08-18,Mardi,09:00,09:50,VAUGIRARD RÉFORMER STUDIO,REFORMER PILATES,Lea GUIGNEMENT,11,4,True,2026-08-21 02:34
2026-08-18,Mardi,09:00,09:50,VAVIN REFORMER STUDIO,REFORMER PILATES,Louise DROUAULT @louiisedrlt,12,4,True,2026-08-21 02:34
2026-08-18,Mardi,09:00,09:50,WAGRAM REFORMER STUDIO,REFORMER PILATES,Candice TOUBIANA @candice.pilates,11,2,True,2026-08-21 02:34
2026-08-18,Mardi,10:00,10:50,BATIGNOLLES REFORMER STUDIO,REFORMER PILATES,Alexia VITALI,12,10,True,2026-08-21 02:34
2026-08-18,Mardi,10:00,10:50,BOULOGNE REFORMER STUDIO,REFORMER PILATES,Eva MENIGOZ,12,8,True,2026-08-21 02:34
2026-08-18,Mardi,10:00,10:50,INVALIDES REFORMER STUDIO,REFORMER PILATES,Tioka TOKEDIRA,10,0,True,2026-08-21 02:34
2026-08-18,Mardi,10:00,10:50,MADELEINE REFORMER STUDIO,REFORMER PILATES,Shana  MAMOU,12,0,False,2026-08-16 02:32
2026-08-18,Mardi,10:00,10:50,MARAIS REFORMER STUDIO,REFORMER PILATES,Léane AMRAM,10,3,True,2026-08-21 02:34
2026-08-18,Mardi,10:00,10:50,MAUBEUGE REFORMER STUDIO,REFORMER PILATES,Cynthia GALIN,11,0,False,2026-08-16 02:32
2026-08-18,Mardi,10:00,11:00,NEUILLY GYM STUDIO - MAT,BODY SCULPT,Cynthia MONTANO,12,0,True,2026-08-21 02:34
2026-08-18,Mardi,10:00,10:50,NEUILLY NEWFORMER - INTENSE PILATES,NEWFORMER - INTENSE PILATES,Nicolas MARTINS Intense / Advanced,9,4,True,2026-08-21 02:34
2026-08-18,Mardi,10:00,10:50,PASSY NEWFORMER - INTENSE PILATES,NEWFORMER - INTENSE PILATES,Laurie VIVIANI,9,0,True,2026-08-21 02:34
2026-08-18,Mardi,10:00,10:50,SAINT MANDÉ REFORMER STUDIO,REFORMER PILATES,Iris BALAZS,12,0,False,2026-08-16 02:32
2026-08-18,Mardi,10:00,10:50,SENTIER REFORMER STUDIO,REFORMER PILATES,Karla PIMEN,14,0,False,2026-08-16 02:32
2026-08-18,Mardi,10:00,10:50,SURESNES REFORMER STUDIO,REFORMER PILATES,Dorina YICHU ,10,0,False,2026-08-16 02:32
2026-08-18,Mardi,10:00,10:50,VAUGIRARD RÉFORMER STUDIO,REFORMER PILATES,Lea GUIGNEMENT,11,3,True,2026-08-21 02:34
2026-08-18,Mardi,10:00,10:50,VAVIN REFORMER STUDIO,REFORMER PILATES,Louise DROUAULT @louiisedrlt,12,4,True,2026-08-21 02:34
2026-08-18,Mardi,10:00,10:50,WAGRAM REFORMER STUDIO,REFORMER PILATES,Candice TOUBIANA @candice.pilates,11,1,True,2026-08-21 02:34
2026-08-18,Mardi,11:00,11:50,BATIGNOLLES REFORMER STUDIO,REFORMER PILATES,Philippine DESTAING,12,9,True,2026-08-21 02:34
2026-08-18,Mardi,11:00,11:50,BOSQUET REFORMER STUDIO,REFORMER PILATES,Aude SCHLACTHER,11,6,True,2026-08-21 02:34
2026-08-18,Mardi,11:00,11:50,MARAIS REFORMER STUDIO,REFORMER PILATES,Roxane GHORBANNEJAD,10,5,True,2026-08-21 02:34
2026-08-18,Mardi,11:00,11:50,MAUBEUGE REFORMER STUDIO,REFORMER PILATES,Pauline RAMON @pilatesbypops,11,2,False,2026-08-16 02:32
2026-08-18,Mardi,11:00,11:50,NEUILLY NEWFORMER - INTENSE PILATES,NEWFORMER - INTENSE PILATES,Nicolas MARTINS Intense / Advanced,9,4,True,2026-08-21 02:34
2026-08-18,Mardi,11:00,11:50,PASSY NEWFORMER - INTENSE PILATES,NEWFORMER - INTENSE PILATES,Carla @training_by_carla,9,7,True,2026-08-21 02:34
2026-08-18,Mardi,11:00,11:50,SURESNES REFORMER STUDIO,REFORMER PILATES,Dorina YICHU ,10,1,False,2026-08-16 02:32
2026-08-18,Mardi,11:00,11:50,VAUGIRARD RÉFORMER STUDIO,REFORMER PILATES,Joy DUQUESNE,11,0,False,2026-08-16 02:32
2026-08-18,Mardi,11:00,11:50,VAVIN REFORMER STUDIO,REFORMER PILATES,Louise DROUAULT @louiisedrlt,12,0,False,2026-08-16 02:32
2026-08-18,Mardi,11:00,11:50,WAGRAM REFORMER STUDIO,REFORMER PILATES,Candice TOUBIANA @candice.pilates,11,5,True,2026-08-21 02:34
2026-08-18,Mardi,11:30,12:30,NEUILLY GYM STUDIO - MAT,DYNAMIC PILATES,Kim GAMPEL,12,1,False,2026-08-16 02:32
2026-08-18,Mardi,12:00,12:50,BATIGNOLLES REFORMER STUDIO,REFORMER PILATES,Philippine DESTAING,12,0,False,2026-08-16 02:32
2026-08-18,Mardi,12:00,12:50,BOSQUET REFORMER STUDIO,REFORMER PILATES,Aude SCHLACTHER,11,2,True,2026-08-21 02:34
2026-08-18,Mardi,12:00,12:50,BOULOGNE REFORMER STUDIO,REFORMER PILATES,Sacha DOURIANT,12,1,True,2026-08-21 02:34
2026-08-18,Mardi,12:00,12:50,INVALIDES REFORMER STUDIO,REFORMER PILATES,Florence COLLIN BECUWE Advanced/Intense ,10,3,True,2026-08-21 02:34
2026-08-18,Mardi,12:00,12:50,MARAIS REFORMER STUDIO,REFORMER PILATES,Roxane GHORBANNEJAD,10,0,False,2026-08-16 02:32
2026-08-18,Mardi,12:00,12:50,MAUBEUGE REFORMER STUDIO,REFORMER PILATES,Pauline RAMON @pilatesbypops,11,7,True,2026-08-21 02:34
2026-08-18,Mardi,12:00,12:50,MIROMESNIL REFORMER STUDIO,REFORMER PILATES,Léane AMRAM,11,8,True,2026-08-21 02:34
2026-08-18,Mardi,12:00,12:50,NEUILLY NEWFORMER - INTENSE PILATES,NEWFORMER - INTENSE PILATES,Nicolas MARTINS Intense / Advanced,9,5,True,2026-08-21 02:34
2026-08-18,Mardi,12:00,12:50,PASSY NEWFORMER - INTENSE PILATES,NEWFORMER - INTENSE PILATES,Carla @training_by_carla,9,5,True,2026-08-21 02:34
2026-08-18,Mardi,12:00,12:50,SAINT MANDÉ REFORMER STUDIO,REFORMER PILATES,Anaïs CHRISTIAENS,12,5,True,2026-08-21 02:34
2026-08-18,Mardi,12:00,12:50,SENTIER REFORMER STUDIO,REFORMER PILATES,Jeremy KRYSTKOWIAK,14,10,True,2026-08-21 02:34
2026-08-18,Mardi,12:00,12:50,SURESNES REFORMER STUDIO,REFORMER PILATES,Dorina YICHU ,10,8,True,2026-08-21 02:34
2026-08-18,Mardi,12:00,12:50,VAUGIRARD RÉFORMER STUDIO,REFORMER PILATES,Joy DUQUESNE,11,0,False,2026-08-16 02:32
2026-08-18,Mardi,12:00,12:50,VAVIN REFORMER STUDIO,REFORMER PILATES,Eva MENIGOZ,12,4,True,2026-08-21 02:34
2026-08-18,Mardi,12:00,12:50,WAGRAM REFORMER STUDIO,REFORMER PILATES,Zoé  @getstronglikezoe Intense / Advanced ,11,3,True,2026-08-21 02:34
2026-08-18,Mardi,12:30,13:20,MADELEINE REFORMER STUDIO,REFORMER PILATES,Shana  MAMOU,12,0,False,2026-08-16 02:32
2026-08-18,Mardi,12:30,13:30,MOZART GYM STUDIO - MAT,FULL BODY WORKOUT,Joe BERCKMANS @go_for_it_joe,18,5,True,2026-08-21 02:34
2026-08-18,Mardi,12:30,13:30,NEUILLY GYM STUDIO - MAT,DYNAMIC PILATES,Kim GAMPEL,12,6,True,2026-08-21 02:34
2026-08-18,Mardi,13:00,13:50,BATIGNOLLES REFORMER STUDIO,REFORMER PILATES,Philippine DESTAING,12,2,False,2026-08-16 02:32
2026-08-18,Mardi,13:00,13:50,BOSQUET REFORMER STUDIO,REFORMER PILATES,Aude SCHLACTHER,11,4,True,2026-08-21 02:34
2026-08-18,Mardi,13:00,13:50,BOULOGNE REFORMER STUDIO,REFORMER PILATES,Sacha DOURIANT,12,2,True,2026-08-21 02:34
2026-08-18,Mardi,13:00,13:50,INVALIDES REFORMER STUDIO,REFORMER PILATES,Florence COLLIN BECUWE Advanced/Intense ,10,4,True,2026-08-21 02:34
2026-08-18,Mardi,13:00,13:50,MARAIS REFORMER STUDIO,REFORMER PILATES,Roxane GHORBANNEJAD,10,0,False,2026-08-16 02:32
2026-08-18,Mardi,13:00,13:50,MAUBEUGE REFORMER STUDIO,REFORMER PILATES,Pauline RAMON @pilatesbypops,11,4,True,2026-08-21 02:34
2026-08-18,Mardi,13:00,13:50,MIROMESNIL REFORMER STUDIO,REFORMER PILATES,Léane AMRAM,11,6,True,2026-08-21 02:34
2026-08-18,Mardi,13:00,13:50,PASSY NEWFORMER - INTENSE PILATES,NEWFORMER - INTENSE PILATES,Carla @training_by_carla,9,1,False,2026-08-16 02:32
2026-08-18,Mardi,13:00,13:50,SAINT MANDÉ REFORMER STUDIO,REFORMER PILATES,Anaïs CHRISTIAENS,12,1,True,2026-08-21 02:34
2026-08-18,Mardi,13:00,13:50,SENTIER REFORMER STUDIO,REFORMER PILATES,Jeremy KRYSTKOWIAK,14,0,True,2026-08-21 02:34
2026-08-18,Mardi,13:00,13:50,SURESNES REFORMER STUDIO,REFORMER PILATES,Dorina YICHU ,10,2,True,2026-08-21 02:34
2026-08-18,Mardi,13:00,13:50,VAUGIRARD RÉFORMER STUDIO,REFORMER PILATES,Joy DUQUESNE,11,0,True,2026-08-21 02:34
2026-08-18,Mardi,13:00,13:50,VAVIN REFORMER STUDIO,REFORMER PILATES,Eva MENIGOZ,12,7,True,2026-08-21 02:34
2026-08-18,Mardi,13:00,13:50,WAGRAM REFORMER STUDIO,REFORMER PILATES,Zoé  @getstronglikezoe Intense / Advanced ,11,0,True,2026-08-21 02:34
2026-08-18,Mardi,13:30,14:20,MADELEINE REFORMER STUDIO,REFORMER PILATES,Shana  MAMOU,12,0,True,2026-08-21 02:34
2026-08-18,Mardi,17:00,17:50,BATIGNOLLES REFORMER STUDIO,REFORMER PILATES,Florence COLLIN BECUWE Advanced/Intense ,12,9,True,2026-08-21 02:34
2026-08-18,Mardi,17:00,17:50,VAUGIRARD RÉFORMER STUDIO,REFORMER PILATES,Polina BODEEVA,11,11,True,2026-08-21 02:34
2026-08-18,Mardi,17:00,17:50,WAGRAM REFORMER STUDIO,REFORMER PILATES,Jessika CRUZ,11,0,False,2026-08-16 02:32
2026-08-18,Mardi,18:00,18:50,BATIGNOLLES REFORMER STUDIO,REFORMER PILATES,Florence COLLIN BECUWE Advanced/Intense ,12,11,True,2026-08-21 02:34
2026-08-18,Mardi,18:00,18:50,BOSQUET REFORMER STUDIO,REFORMER PILATES,Jacky TEWES ,11,10,True,2026-08-21 02:34
2026-08-18,Mardi,18:00,18:50,BOULOGNE REFORMER STUDIO,REFORMER PILATES,Soudi ZARGHAM,12,12,True,2026-08-21 02:34
2026-08-18,Mardi,18:00,18:50,MADELEINE REFORMER STUDIO,REFORMER PILATES,Julia TAPIRO,12,3,True,2026-08-21 02:34
2026-08-18,Mardi,18:00,18:50,MARAIS REFORMER STUDIO,REFORMER PILATES,Cédric ARAMAN,10,10,True,2026-08-21 02:34
2026-08-18,Mardi,18:00,18:50,MAUBEUGE REFORMER STUDIO,REFORMER PILATES,Pauline RAMON @pilatesbypops,11,5,True,2026-08-21 02:34
2026-08-18,Mardi,18:00,18:50,MIROMESNIL REFORMER STUDIO,REFORMER PILATES,Shana  MAMOU,11,7,True,2026-08-21 02:34
2026-08-18,Mardi,18:00,19:00,MOZART GYM STUDIO - MAT,FULL BODY WORKOUT,Nicolas DUCHESNE,16,4,True,2026-08-21 02:34
2026-08-18,Mardi,18:00,18:50,NEUILLY GYM STUDIO - MAT,FOCUS ABS & FULL BODY,Amélie BALLAND @amelietahiti,14,8,True,2026-08-21 02:34
2026-08-18,Mardi,18:00,18:50,NEUILLY NEWFORMER - INTENSE PILATES,NEWFORMER - INTENSE PILATES,Carla @training_by_carla,9,5,True,2026-08-21 02:34
2026-08-18,Mardi,18:00,18:50,PASSY NEWFORMER - INTENSE PILATES,NEWFORMER - INTENSE PILATES,Capucine GADRET,9,8,True,2026-08-21 02:34
2026-08-18,Mardi,18:00,18:50,SAINT MANDÉ REFORMER STUDIO,REFORMER PILATES,Golda BENCHETRIT,12,1,False,2026-08-16 02:32
2026-08-18,Mardi,18:00,18:50,SENTIER REFORMER STUDIO,REFORMER PILATES,Sofia TRUKHACHEVA,14,3,True,2026-08-21 02:34
2026-08-18,Mardi,18:00,18:50,SURESNES REFORMER STUDIO,REFORMER PILATES,Audrey HUGON,10,9,True,2026-08-21 02:34
2026-08-18,Mardi,18:00,18:50,VAUGIRARD RÉFORMER STUDIO,REFORMER PILATES,Polina BODEEVA,11,11,True,2026-08-21 02:34
2026-08-18,Mardi,18:00,18:50,VAVIN REFORMER STUDIO,REFORMER PILATES,Camille AUZANNEAU,12,11,True,2026-08-21 02:34
2026-08-18,Mardi,18:00,18:50,WAGRAM REFORMER STUDIO,REFORMER PILATES,Jessika CRUZ,11,11,True,2026-08-21 02:34
2026-08-18,Mardi,19:00,19:50,BATIGNOLLES REFORMER STUDIO,REFORMER PILATES,Florence COLLIN BECUWE Advanced/Intense ,12,12,True,2026-08-21 02:34
2026-08-18,Mardi,19:00,19:50,BOSQUET REFORMER STUDIO,REFORMER PILATES,Jacky TEWES ,11,7,True,2026-08-21 02:34
2026-08-18,Mardi,19:00,19:50,BOULOGNE REFORMER STUDIO,REFORMER PILATES,Soudi ZARGHAM,12,12,True,2026-08-21 02:34
2026-08-18,Mardi,19:00,19:50,INVALIDES REFORMER STUDIO,REFORMER PILATES,Krizia GUETTAF @tous_sportifs ,10,0,True,2026-08-21 02:34
2026-08-18,Mardi,19:00,19:50,MADELEINE REFORMER STUDIO,REFORMER PILATES,Julia TAPIRO,12,9,True,2026-08-21 02:34
2026-08-18,Mardi,19:00,19:50,MARAIS REFORMER STUDIO,REFORMER PILATES,Cédric ARAMAN,10,5,True,2026-08-21 02:34
2026-08-18,Mardi,19:00,19:50,MAUBEUGE REFORMER STUDIO,REFORMER PILATES,Pauline RAMON @pilatesbypops,11,7,True,2026-08-21 02:34
2026-08-18,Mardi,19:00,19:50,MIROMESNIL REFORMER STUDIO,REFORMER PILATES,Shana  MAMOU,11,8,True,2026-08-21 02:34
2026-08-18,Mardi,19:00,19:50,MOZART GYM STUDIO - MAT,FULL BODY PUMP,Nicolas DUCHESNE,15,6,True,2026-08-21 02:34
2026-08-18,Mardi,19:00,20:00,NEUILLY GYM STUDIO - MAT,BARRE WORKOUT,Sirine Benmeddah,12,0,False,2026-08-16 02:32
2026-08-18,Mardi,19:00,19:50,NEUILLY NEWFORMER - INTENSE PILATES,NEWFORMER - INTENSE PILATES,Carla @training_by_carla,9,0,True,2026-08-21 02:34
2026-08-18,Mardi,19:00,19:50,PASSY NEWFORMER - INTENSE PILATES,NEWFORMER - INTENSE PILATES,Capucine GADRET,9,8,True,2026-08-21 02:34
2026-08-18,Mardi,19:00,19:50,SAINT MANDÉ REFORMER STUDIO,REFORMER PILATES,Golda BENCHETRIT,12,3,False,2026-08-16 02:32
2026-08-18,Mardi,19:00,19:50,SENTIER REFORMER STUDIO,REFORMER PILATES,Sofia TRUKHACHEVA,14,6,True,2026-08-21 02:34
2026-08-18,Mardi,19:00,19:50,SURESNES REFORMER STUDIO,REFORMER PILATES,Audrey HUGON,10,7,True,2026-08-21 02:34
2026-08-18,Mardi,19:00,19:50,VAUGIRARD RÉFORMER STUDIO,REFORMER PILATES,Polina BODEEVA,11,11,True,2026-08-21 02:34
2026-08-18,Mardi,19:00,19:50,VAVIN REFORMER STUDIO,REFORMER PILATES,Camille AUZANNEAU,12,12,True,2026-08-21 02:34
2026-08-18,Mardi,19:00,19:50,WAGRAM REFORMER STUDIO,REFORMER PILATES,Jessika CRUZ,11,8,True,2026-08-21 02:34
2026-08-18,Mardi,20:00,20:50,BATIGNOLLES REFORMER STUDIO,REFORMER PILATES,Florence COLLIN BECUWE Advanced/Intense ,12,6,True,2026-08-21 02:34
2026-08-18,Mardi,20:00,20:50,BOSQUET REFORMER STUDIO,REFORMER PILATES,Jacky TEWES ,11,5,True,2026-08-21 02:34
2026-08-18,Mardi,20:00,20:50,BOULOGNE REFORMER STUDIO,REFORMER PILATES,Soudi ZARGHAM,12,7,True,2026-08-21 02:34
2026-08-18,Mardi,20:00,20:50,INVALIDES REFORMER STUDIO,REFORMER PILATES,Krizia GUETTAF @tous_sportifs ,10,0,True,2026-08-21 02:34
2026-08-18,Mardi,20:00,20:50,MADELEINE REFORMER STUDIO,REFORMER PILATES,Julia TAPIRO,12,0,True,2026-08-21 02:34
2026-08-18,Mardi,20:00,20:50,MARAIS REFORMER STUDIO,REFORMER PILATES,Cédric ARAMAN,10,2,True,2026-08-21 02:34
2026-08-18,Mardi,20:00,20:50,MAUBEUGE REFORMER STUDIO,REFORMER PILATES,Pauline RAMON @pilatesbypops,11,0,False,2026-08-16 02:32
2026-08-18,Mardi,20:00,20:50,MIROMESNIL REFORMER STUDIO,REFORMER PILATES,Shana  MAMOU,11,2,True,2026-08-21 02:34
2026-08-18,Mardi,20:00,20:50,MOZART GYM STUDIO - MAT,Cuisses Abdos Fessiers - CAF,Nicolas DUCHESNE,17,5,True,2026-08-21 02:34
2026-08-18,Mardi,20:00,20:45,NEUILLY GYM STUDIO - MAT,BARRE WORKOUT,Sirine Benmeddah,12,0,False,2026-08-16 02:32
2026-08-18,Mardi,20:00,20:50,NEUILLY NEWFORMER - INTENSE PILATES,NEWFORMER - INTENSE PILATES,Carla @training_by_carla,9,1,False,2026-08-18 02:31
2026-08-18,Mardi,20:00,20:50,PASSY NEWFORMER - INTENSE PILATES,NEWFORMER - INTENSE PILATES,Capucine GADRET,9,0,False,2026-08-16 02:32
2026-08-18,Mardi,20:00,20:50,SAINT MANDÉ REFORMER STUDIO,REFORMER PILATES,Golda BENCHETRIT,12,1,False,2026-08-16 02:32
2026-08-18,Mardi,20:00,20:50,SENTIER REFORMER STUDIO,REFORMER PILATES,Sofia TRUKHACHEVA,14,1,False,2026-08-16 02:32
2026-08-18,Mardi,20:00,20:50,SURESNES REFORMER STUDIO,REFORMER PILATES,Audrey HUGON,10,8,True,2026-08-21 02:34
2026-08-18,Mardi,20:00,20:50,VAUGIRARD RÉFORMER STUDIO,REFORMER PILATES,Polina BODEEVA,11,11,True,2026-08-21 02:34
2026-08-18,Mardi,20:00,20:50,VAVIN REFORMER STUDIO,REFORMER PILATES,Camille AUZANNEAU,12,9,True,2026-08-21 02:34
2026-08-18,Mardi,20:00,20:50,WAGRAM REFORMER STUDIO,REFORMER PILATES,Jessika CRUZ,11,0,False,2026-08-16 02:32
2026-08-19,Mercredi,08:00,08:50,BOSQUET REFORMER STUDIO,REFORMER PILATES,Mathilde LAFONT,11,3,True,2026-08-21 02:34
2026-08-19,Mercredi,08:00,08:50,INVALIDES REFORMER STUDIO,REFORMER PILATES,Shana  MAMOU,10,0,False,2026-08-18 02:31
2026-08-19,Mercredi,08:00,08:50,MADELEINE REFORMER STUDIO,REFORMER PILATES,Cynthia GALIN,12,1,False,2026-08-18 02:31
2026-08-19,Mercredi,08:00,08:50,MAUBEUGE REFORMER STUDIO,REFORMER PILATES,Pauline RAMON @pilatesbypops,11,0,False,2026-08-18 02:31
2026-08-19,Mercredi,08:00,08:50,MIROMESNIL REFORMER STUDIO,REFORMER PILATES,Luana BRENON,11,3,True,2026-08-21 02:34
2026-08-19,Mercredi,08:00,08:50,PASSY NEWFORMER - INTENSE PILATES,NEWFORMER - INTENSE PILATES,Elsa TRAINING ,9,0,True,2026-08-21 02:34
2026-08-19,Mercredi,08:00,08:50,VAVIN REFORMER STUDIO,REFORMER PILATES,Louise DROUAULT @louiisedrlt,12,3,True,2026-08-21 02:34
2026-08-19,Mercredi,09:00,09:50,BOSQUET REFORMER STUDIO,REFORMER PILATES,Mathilde LAFONT,11,3,True,2026-08-21 02:34
2026-08-19,Mercredi,09:00,09:50,INVALIDES REFORMER STUDIO,REFORMER PILATES,Shana  MAMOU,10,0,False,2026-08-18 02:31
2026-08-19,Mercredi,09:00,09:50,MADELEINE REFORMER STUDIO,REFORMER PILATES,Cynthia GALIN,12,0,False,2026-08-18 02:31
2026-08-19,Mercredi,09:00,09:50,MARAIS REFORMER STUDIO,REFORMER PILATES,Leila OUCHEN,10,0,False,2026-08-18 02:31
2026-08-19,Mercredi,09:00,09:50,MAUBEUGE REFORMER STUDIO,REFORMER PILATES,Pauline RAMON @pilatesbypops,11,2,True,2026-08-21 02:34
2026-08-19,Mercredi,09:00,09:50,MIROMESNIL REFORMER STUDIO,REFORMER PILATES,Luana BRENON,11,0,True,2026-08-21 02:34
2026-08-19,Mercredi,09:00,10:00,MOZART GYM STUDIO - MAT,Cuisses Abdos Fessiers - CAF,Capucine GADRET,16,2,True,2026-08-21 02:34
2026-08-19,Mercredi,09:00,10:00,NEUILLY GYM STUDIO - MAT,BARRE WORKOUT,Mona COHEN,12,0,False,2026-08-18 02:31
2026-08-19,Mercredi,09:00,09:50,PASSY NEWFORMER - INTENSE PILATES,NEWFORMER - INTENSE PILATES,Elsa TRAINING ,9,0,True,2026-08-21 02:34
2026-08-19,Mercredi,09:00,09:50,SAINT MANDÉ REFORMER STUDIO,REFORMER PILATES,Golda BENCHETRIT,12,4,True,2026-08-21 02:34
2026-08-19,Mercredi,09:00,09:50,VAUGIRARD RÉFORMER STUDIO,REFORMER PILATES,Sonia @sonia_raconte Intermédiaire/Avancé ,11,0,True,2026-08-21 02:34
2026-08-19,Mercredi,09:00,09:50,VAVIN REFORMER STUDIO,REFORMER PILATES,Louise DROUAULT @louiisedrlt,12,0,True,2026-08-21 02:34
2026-08-19,Mercredi,10:00,10:50,BATIGNOLLES REFORMER STUDIO,REFORMER PILATES,Alexia VITALI,12,0,True,2026-08-21 02:34
2026-08-19,Mercredi,10:00,10:50,MADELEINE REFORMER STUDIO,REFORMER PILATES,Cynthia GALIN,12,0,False,2026-08-18 02:31
2026-08-19,Mercredi,10:00,10:50,MARAIS REFORMER STUDIO,REFORMER PILATES,Leila OUCHEN,10,0,False,2026-08-18 02:31
2026-08-19,Mercredi,10:00,10:50,MAUBEUGE REFORMER STUDIO,REFORMER PILATES,Pauline RAMON @pilatesbypops,11,2,True,2026-08-21 02:34
2026-08-19,Mercredi,10:00,11:00,MOZART GYM STUDIO - MAT,KALON BARRE,KALON BARRE @kalon.movement,16,10,True,2026-08-21 02:34
2026-08-19,Mercredi,10:00,11:00,NEUILLY GYM STUDIO - MAT,BARRE PILATES,Kim GAMPEL,12,5,True,2026-08-21 02:34
2026-08-19,Mercredi,10:00,10:50,NEUILLY NEWFORMER - INTENSE PILATES,NEWFORMER - INTENSE PILATES,Ibrahima BALDE,9,2,False,2026-08-18 02:31
2026-08-19,Mercredi,10:00,10:50,PASSY NEWFORMER - INTENSE PILATES,NEWFORMER - INTENSE PILATES,Elsa TRAINING ,9,0,True,2026-08-21 02:34
2026-08-19,Mercredi,10:00,10:50,SAINT MANDÉ REFORMER STUDIO,REFORMER PILATES,Golda BENCHETRIT,12,3,True,2026-08-21 02:34
2026-08-19,Mercredi,10:00,10:50,SURESNES REFORMER STUDIO,REFORMER PILATES,Léna BACHELIER @body.bylena.,10,6,True,2026-08-21 02:34
2026-08-19,Mercredi,10:00,10:50,VAUGIRARD RÉFORMER STUDIO,REFORMER PILATES,Sonia @sonia_raconte Intermédiaire/Avancé ,11,0,True,2026-08-21 02:34
2026-08-19,Mercredi,10:00,10:50,VAVIN REFORMER STUDIO,REFORMER PILATES,Louise DROUAULT @louiisedrlt,12,6,True,2026-08-21 02:34
2026-08-19,Mercredi,10:00,10:50,WAGRAM REFORMER STUDIO,REFORMER PILATES,Jessika CRUZ,11,2,True,2026-08-21 02:34
2026-08-19,Mercredi,11:00,11:50,BATIGNOLLES REFORMER STUDIO,REFORMER PILATES,Zoé  @getstronglikezoe Intense / Advanced ,12,8,True,2026-08-21 02:34
2026-08-19,Mercredi,11:00,11:50,BOSQUET REFORMER STUDIO,REFORMER PILATES,Camille AUZANNEAU,11,5,True,2026-08-21 02:34
2026-08-19,Mercredi,11:00,11:50,MARAIS REFORMER STUDIO,REFORMER PILATES,Leila OUCHEN,10,2,True,2026-08-21 02:34
2026-08-19,Mercredi,11:00,11:50,NEUILLY NEWFORMER - INTENSE PILATES,NEWFORMER - INTENSE PILATES,Carla @training_by_carla,9,4,True,2026-08-21 02:34
2026-08-19,Mercredi,11:00,11:50,PASSY NEWFORMER - INTENSE PILATES,NEWFORMER - INTENSE PILATES,Capucine GADRET,9,8,True,2026-08-21 02:34
2026-08-19,Mercredi,11:00,11:50,VAUGIRARD RÉFORMER STUDIO,REFORMER PILATES,Marie AL @sweatinthecityy,11,0,True,2026-08-21 02:34
2026-08-19,Mercredi,11:00,11:50,WAGRAM REFORMER STUDIO,REFORMER PILATES,Jessika CRUZ,11,4,True,2026-08-21 02:34
2026-08-19,Mercredi,12:00,12:50,BATIGNOLLES REFORMER STUDIO,REFORMER PILATES,Zoé  @getstronglikezoe Intense / Advanced ,12,7,True,2026-08-21 02:34
2026-08-19,Mercredi,12:00,12:50,BOSQUET REFORMER STUDIO,REFORMER PILATES,Camille AUZANNEAU,11,2,True,2026-08-21 02:34
2026-08-19,Mercredi,12:00,12:50,BOULOGNE REFORMER STUDIO,REFORMER PILATES,Lucie DUMONT,12,9,True,2026-08-21 02:34
2026-08-19,Mercredi,12:00,12:50,INVALIDES REFORMER STUDIO,REFORMER PILATES,Luana BRENON,10,4,True,2026-08-21 02:34
2026-08-19,Mercredi,12:00,12:50,MADELEINE REFORMER STUDIO,REFORMER PILATES,Candice TOUBIANA @candice.pilates,12,5,True,2026-08-21 02:34
2026-08-19,Mercredi,12:00,12:50,MARAIS REFORMER STUDIO,REFORMER PILATES,Leila OUCHEN,10,4,True,2026-08-21 02:34
2026-08-19,Mercredi,12:00,12:50,MAUBEUGE REFORMER STUDIO,REFORMER PILATES,Léane AMRAM,11,6,True,2026-08-21 02:34
2026-08-19,Mercredi,12:00,12:50,MIROMESNIL REFORMER STUDIO,REFORMER PILATES,Florence COLLIN BECUWE Advanced/Intense ,11,6,True,2026-08-21 02:34
2026-08-19,Mercredi,12:00,12:50,NEUILLY NEWFORMER - INTENSE PILATES,NEWFORMER - INTENSE PILATES,Carla @training_by_carla,9,0,True,2026-08-21 02:34
2026-08-19,Mercredi,12:00,12:50,PASSY NEWFORMER - INTENSE PILATES,NEWFORMER - INTENSE PILATES,Capucine GADRET,9,5,True,2026-08-21 02:34
2026-08-19,Mercredi,12:00,12:50,SAINT MANDÉ REFORMER STUDIO,REFORMER PILATES,Anaïs CHRISTIAENS,12,8,True,2026-08-21 02:34
2026-08-19,Mercredi,12:00,12:50,SENTIER REFORMER STUDIO,REFORMER PILATES,Polina BODEEVA,14,4,True,2026-08-21 02:34
2026-08-19,Mercredi,12:00,12:50,SURESNES REFORMER STUDIO,REFORMER PILATES,Léna BACHELIER @body.bylena.,10,5,True,2026-08-21 02:34
2026-08-19,Mercredi,12:00,12:50,VAUGIRARD RÉFORMER STUDIO,REFORMER PILATES,Marie AL @sweatinthecityy,11,8,True,2026-08-21 02:34
2026-08-19,Mercredi,12:00,12:50,VAVIN REFORMER STUDIO,REFORMER PILATES,Sofia TRUKHACHEVA,12,6,True,2026-08-21 02:34
2026-08-19,Mercredi,12:00,12:50,WAGRAM REFORMER STUDIO,REFORMER PILATES,Joy DUQUESNE,11,4,True,2026-08-21 02:34
2026-08-19,Mercredi,12:30,13:30,MOZART GYM STUDIO - MAT,FULL BODY WORKOUT,Laurie VIVIANI,18,8,True,2026-08-21 02:34
2026-08-19,Mercredi,13:00,13:50,BATIGNOLLES REFORMER STUDIO,REFORMER PILATES,Zoé  @getstronglikezoe Intense / Advanced ,12,6,True,2026-08-21 02:34
2026-08-19,Mercredi,13:00,13:50,BOSQUET REFORMER STUDIO,REFORMER PILATES,Camille AUZANNEAU,11,1,False,2026-08-18 02:31
2026-08-19,Mercredi,13:00,13:50,BOULOGNE REFORMER STUDIO,REFORMER PILATES,Lucie DUMONT,12,2,True,2026-08-21 02:34
2026-08-19,Mercredi,13:00,13:50,INVALIDES REFORMER STUDIO,REFORMER PILATES,Luana BRENON,10,6,True,2026-08-21 02:34
2026-08-19,Mercredi,13:00,13:50,MADELEINE REFORMER STUDIO,REFORMER PILATES,Candice TOUBIANA @candice.pilates,12,2,True,2026-08-21 02:34
2026-08-19,Mercredi,13:00,13:50,MAUBEUGE REFORMER STUDIO,REFORMER PILATES,Léane AMRAM,11,0,False,2026-08-18 02:31
2026-08-19,Mercredi,13:00,13:50,MIROMESNIL REFORMER STUDIO,REFORMER PILATES,Florence COLLIN BECUWE Advanced/Intense ,11,1,True,2026-08-21 02:34
2026-08-19,Mercredi,13:00,13:50,NEUILLY NEWFORMER - INTENSE PILATES,NEWFORMER - INTENSE PILATES,Carla @training_by_carla,9,3,True,2026-08-21 02:34
2026-08-19,Mercredi,13:00,13:50,PASSY NEWFORMER - INTENSE PILATES,NEWFORMER - INTENSE PILATES,Capucine GADRET,9,0,False,2026-08-18 02:31
2026-08-19,Mercredi,13:00,13:50,SAINT MANDÉ REFORMER STUDIO,REFORMER PILATES,Anaïs CHRISTIAENS,12,2,True,2026-08-21 02:34
2026-08-19,Mercredi,13:00,13:50,SENTIER REFORMER STUDIO,REFORMER PILATES,Polina BODEEVA,14,1,True,2026-08-21 02:34
2026-08-19,Mercredi,13:00,13:50,SURESNES REFORMER STUDIO,REFORMER PILATES,Léna BACHELIER @body.bylena.,10,0,True,2026-08-21 02:34
2026-08-19,Mercredi,13:00,13:50,VAVIN REFORMER STUDIO,REFORMER PILATES,Sofia TRUKHACHEVA,12,0,False,2026-08-18 02:31
2026-08-19,Mercredi,13:00,13:50,WAGRAM REFORMER STUDIO,REFORMER PILATES,Joy DUQUESNE,11,4,True,2026-08-21 02:34
2026-08-19,Mercredi,17:00,17:50,BATIGNOLLES REFORMER STUDIO,REFORMER PILATES,Chloé CASPAR,12,7,True,2026-08-21 02:34
2026-08-19,Mercredi,17:00,17:50,BOULOGNE REFORMER STUDIO,REFORMER PILATES,Stephanie BROWN - English Class,12,6,True,2026-08-21 02:34
2026-08-19,Mercredi,17:00,17:50,VAUGIRARD RÉFORMER STUDIO,REFORMER PILATES,Polina BODEEVA,11,6,True,2026-08-21 02:34
2026-08-19,Mercredi,17:00,17:50,VAVIN REFORMER STUDIO,REFORMER PILATES,Justine  LE CORRE @justine.fitandflowreformer,12,6,True,2026-08-21 02:34
2026-08-19,Mercredi,17:00,17:50,WAGRAM REFORMER STUDIO,REFORMER PILATES,Lola MILLEROT,11,0,True,2026-08-21 02:34
2026-08-19,Mercredi,18:00,18:50,BATIGNOLLES REFORMER STUDIO,REFORMER PILATES,Chloé CASPAR,12,12,True,2026-08-21 02:34
2026-08-19,Mercredi,18:00,18:50,BOSQUET REFORMER STUDIO,REFORMER PILATES,Cynthia GALIN,11,0,False,2026-08-18 02:31
2026-08-19,Mercredi,18:00,18:50,BOULOGNE REFORMER STUDIO,REFORMER PILATES,Stephanie BROWN - English Class,12,0,True,2026-08-21 02:34
2026-08-19,Mercredi,18:00,18:50,INVALIDES REFORMER STUDIO,REFORMER PILATES,Luana BRENON,10,0,True,2026-08-21 02:34
2026-08-19,Mercredi,18:00,18:50,MADELEINE REFORMER STUDIO,REFORMER PILATES,Nick ELISHA Intense / Advanced,12,8,True,2026-08-21 02:34
2026-08-19,Mercredi,18:00,18:50,MARAIS REFORMER STUDIO,REFORMER PILATES,Mazarine FORD,10,6,True,2026-08-21 02:34
2026-08-19,Mercredi,18:00,18:50,MAUBEUGE REFORMER STUDIO,REFORMER PILATES,Philippine DESTAING,11,9,True,2026-08-21 02:34
2026-08-19,Mercredi,18:00,18:50,MIROMESNIL REFORMER STUDIO,REFORMER PILATES,Godefroy HISANY,11,5,True,2026-08-21 02:34
2026-08-19,Mercredi,18:00,18:45,NEUILLY GYM STUDIO - MAT,BARRE WORKOUT,Kim GAMPEL,14,4,True,2026-08-21 02:34
2026-08-19,Mercredi,18:00,18:50,NEUILLY NEWFORMER - INTENSE PILATES,NEWFORMER - INTENSE PILATES,Salomé Dadoun,9,4,True,2026-08-21 02:34
2026-08-19,Mercredi,18:00,18:50,PASSY NEWFORMER - INTENSE PILATES,NEWFORMER - INTENSE PILATES,Naomie CALINSKI,9,0,True,2026-08-21 02:34
2026-08-19,Mercredi,18:00,18:50,SAINT MANDÉ REFORMER STUDIO,REFORMER PILATES,Wendy GUILHEM,12,0,True,2026-08-21 02:34
2026-08-19,Mercredi,18:00,18:50,SENTIER REFORMER STUDIO,REFORMER PILATES,Eva MENIGOZ,14,1,True,2026-08-21 02:34
2026-08-19,Mercredi,18:00,18:50,SURESNES REFORMER STUDIO,REFORMER PILATES,Eileen MURRAY - English class ,10,10,True,2026-08-21 02:34
2026-08-19,Mercredi,18:00,18:50,VAUGIRARD RÉFORMER STUDIO,REFORMER PILATES,Polina BODEEVA,11,7,True,2026-08-21 02:34
2026-08-19,Mercredi,18:00,18:50,VAVIN REFORMER STUDIO,REFORMER PILATES,Justine  LE CORRE @justine.fitandflowreformer,12,10,True,2026-08-21 02:34
2026-08-19,Mercredi,18:00,18:50,WAGRAM REFORMER STUDIO,REFORMER PILATES,Chloé CASPAR,11,11,True,2026-08-21 02:34
2026-08-19,Mercredi,18:15,19:15,MOZART GYM STUDIO - MAT,DYNAMIC PILATES,Amélie BALLAND @amelietahiti,16,5,True,2026-08-21 02:34
2026-08-19,Mercredi,19:00,19:50,BATIGNOLLES REFORMER STUDIO,REFORMER PILATES,Chloé CASPAR,12,10,True,2026-08-21 02:34
2026-08-19,Mercredi,19:00,19:50,BOSQUET REFORMER STUDIO,REFORMER PILATES,Cynthia GALIN,11,6,True,2026-08-21 02:34
2026-08-19,Mercredi,19:00,19:50,BOULOGNE REFORMER STUDIO,REFORMER PILATES,Stephanie BROWN - English Class,12,0,True,2026-08-21 02:34
2026-08-19,Mercredi,19:00,19:50,INVALIDES REFORMER STUDIO,REFORMER PILATES,Luana BRENON,10,0,True,2026-08-21 02:34
2026-08-19,Mercredi,19:00,19:50,MADELEINE REFORMER STUDIO,REFORMER PILATES,Nick ELISHA Intense / Advanced,12,2,True,2026-08-21 02:34
2026-08-19,Mercredi,19:00,19:50,MARAIS REFORMER STUDIO,REFORMER PILATES,Mazarine FORD,10,7,True,2026-08-21 02:34
2026-08-19,Mercredi,19:00,19:50,MAUBEUGE REFORMER STUDIO,REFORMER PILATES,Philippine DESTAING,11,9,True,2026-08-21 02:34
2026-08-19,Mercredi,19:00,19:50,MIROMESNIL REFORMER STUDIO,REFORMER PILATES,Godefroy HISANY,11,2,True,2026-08-21 02:34
2026-08-19,Mercredi,19:00,19:50,NEUILLY GYM STUDIO - MAT,BARRE WORKOUT,Kim GAMPEL,12,12,True,2026-08-21 02:34
2026-08-19,Mercredi,19:00,19:50,NEUILLY NEWFORMER - INTENSE PILATES,NEWFORMER - INTENSE PILATES,Salomé Dadoun,9,5,True,2026-08-21 02:34
2026-08-19,Mercredi,19:00,19:50,PASSY NEWFORMER - INTENSE PILATES,NEWFORMER - INTENSE PILATES,Naomie CALINSKI,9,7,True,2026-08-21 02:34
2026-08-19,Mercredi,19:00,19:50,SAINT MANDÉ REFORMER STUDIO,REFORMER PILATES,Wendy GUILHEM,12,8,True,2026-08-21 02:34
2026-08-19,Mercredi,19:00,19:50,SENTIER REFORMER STUDIO,REFORMER PILATES,Eva MENIGOZ,14,4,True,2026-08-21 02:34
2026-08-19,Mercredi,19:00,19:50,SURESNES REFORMER STUDIO,REFORMER PILATES,Eileen MURRAY - English class ,10,3,True,2026-08-21 02:34
2026-08-19,Mercredi,19:00,19:50,VAUGIRARD RÉFORMER STUDIO,REFORMER PILATES,Polina BODEEVA,11,10,True,2026-08-21 02:34
2026-08-19,Mercredi,19:00,19:50,VAVIN REFORMER STUDIO,REFORMER PILATES,Justine  LE CORRE @justine.fitandflowreformer,12,6,True,2026-08-21 02:34
2026-08-19,Mercredi,19:00,19:50,WAGRAM REFORMER STUDIO,REFORMER PILATES,Chloé CASPAR,11,10,True,2026-08-21 02:34
2026-08-19,Mercredi,19:15,20:15,MOZART GYM STUDIO - MAT,PILATES FUSION,Amélie BALLAND @amelietahiti,14,8,True,2026-08-21 02:34
2026-08-19,Mercredi,20:00,20:50,BATIGNOLLES REFORMER STUDIO,REFORMER PILATES,Chloé CASPAR,12,9,True,2026-08-21 02:34
2026-08-19,Mercredi,20:00,20:50,BOSQUET REFORMER STUDIO,REFORMER PILATES,Cynthia GALIN,11,1,True,2026-08-21 02:34
2026-08-19,Mercredi,20:00,20:50,INVALIDES REFORMER STUDIO,REFORMER PILATES,Luana BRENON,10,0,False,2026-08-18 02:31
2026-08-19,Mercredi,20:00,20:50,MADELEINE REFORMER STUDIO,REFORMER PILATES,Nick ELISHA Intense / Advanced,12,2,True,2026-08-21 02:34
2026-08-19,Mercredi,20:00,20:50,MARAIS REFORMER STUDIO,REFORMER PILATES,Mazarine FORD,10,1,False,2026-08-18 02:31
2026-08-19,Mercredi,20:00,20:50,MIROMESNIL REFORMER STUDIO,REFORMER PILATES,Godefroy HISANY,11,1,False,2026-08-18 02:31
2026-08-19,Mercredi,20:00,20:50,NEUILLY GYM STUDIO - MAT,Cuisses Abdos Fessiers - CAF,Margot BOUDER,12,3,True,2026-08-21 02:34
2026-08-19,Mercredi,20:00,20:50,NEUILLY NEWFORMER - INTENSE PILATES,NEWFORMER - INTENSE PILATES,Salomé Dadoun,9,0,False,2026-08-18 02:31
2026-08-19,Mercredi,20:00,20:50,PASSY NEWFORMER - INTENSE PILATES,NEWFORMER - INTENSE PILATES,Naomie CALINSKI,9,0,False,2026-08-18 02:31
2026-08-19,Mercredi,20:00,20:50,SAINT MANDÉ REFORMER STUDIO,REFORMER PILATES,Wendy GUILHEM,12,3,True,2026-08-21 02:34
2026-08-19,Mercredi,20:00,20:50,SENTIER REFORMER STUDIO,REFORMER PILATES,Eva MENIGOZ,14,0,True,2026-08-21 02:34
2026-08-19,Mercredi,20:00,20:50,SURESNES REFORMER STUDIO,REFORMER PILATES,Eileen MURRAY - English class ,10,7,True,2026-08-21 02:34
2026-08-19,Mercredi,20:00,20:50,VAUGIRARD RÉFORMER STUDIO,REFORMER PILATES,Polina BODEEVA,11,6,True,2026-08-21 02:34
2026-08-19,Mercredi,20:00,20:50,WAGRAM REFORMER STUDIO,REFORMER PILATES,Chloé CASPAR,11,7,True,2026-08-21 02:34
2026-08-19,Mercredi,20:15,21:00,MOZART GYM STUDIO - MAT,Cuisses Abdos Fessiers - CAF,Amélie BALLAND @amelietahiti,16,0,True,2026-08-21 02:34
2026-08-20,Jeudi,08:00,08:50,BATIGNOLLES REFORMER STUDIO,REFORMER PILATES,Arthur Intense/Advanced @arthur.gambardella ,12,0,False,2026-08-18 02:31
2026-08-20,Jeudi,08:00,08:50,BOSQUET REFORMER STUDIO,REFORMER PILATES,Jessika CRUZ,11,0,False,2026-08-18 02:31
2026-08-20,Jeudi,08:00,08:50,INVALIDES REFORMER STUDIO,REFORMER PILATES,Sonia @sonia_raconte Intermédiaire/Avancé ,10,0,False,2026-08-18 02:31
2026-08-20,Jeudi,08:00,08:50,MARAIS REFORMER STUDIO,REFORMER PILATES,Cynthia GALIN,10,2,True,2026-08-23 02:34
2026-08-20,Jeudi,08:00,08:50,MIROMESNIL REFORMER STUDIO,REFORMER PILATES,Florence COLLIN BECUWE Advanced/Intense ,11,3,True,2026-08-23 02:34
2026-08-20,Jeudi,08:00,08:50,MOZART GYM STUDIO - MAT,Cuisses Abdos Fessiers - CAF,Marie-Claire AZAR @mc.ismyname Intense / Advanced,16,2,False,2026-08-18 02:31
2026-08-20,Jeudi,08:00,08:50,NEUILLY NEWFORMER - INTENSE PILATES,NEWFORMER - INTENSE PILATES,Nicolas MARTINS Intense / Advanced,9,0,False,2026-08-18 02:31
2026-08-20,Jeudi,08:00,08:50,PASSY NEWFORMER - INTENSE PILATES,NEWFORMER - INTENSE PILATES,Kasia @k_shia,9,3,True,2026-08-23 02:34
2026-08-20,Jeudi,08:00,08:50,SURESNES REFORMER STUDIO,REFORMER PILATES,Marianne Basbous,10,1,False,2026-08-18 02:31
2026-08-20,Jeudi,08:00,08:50,VAUGIRARD RÉFORMER STUDIO,REFORMER PILATES,Cecilia PINTO,11,1,False,2026-08-18 02:31
2026-08-20,Jeudi,08:00,08:50,VAVIN REFORMER STUDIO,REFORMER PILATES,Soudi ZARGHAM,12,1,True,2026-08-23 02:34
2026-08-20,Jeudi,08:00,08:50,WAGRAM REFORMER STUDIO,REFORMER PILATES,Jenny JORDAN,11,6,True,2026-08-23 02:34
2026-08-20,Jeudi,09:00,09:50,BATIGNOLLES REFORMER STUDIO,REFORMER PILATES,Arthur Intense/Advanced @arthur.gambardella ,12,2,False,2026-08-18 02:31
2026-08-20,Jeudi,09:00,09:50,BOSQUET REFORMER STUDIO,REFORMER PILATES,Jessika CRUZ,11,0,False,2026-08-18 02:31
2026-08-20,Jeudi,09:00,09:50,INVALIDES REFORMER STUDIO,REFORMER PILATES,Sonia @sonia_raconte Intermédiaire/Avancé ,10,0,True,2026-08-23 02:34
2026-08-20,Jeudi,09:00,09:50,MADELEINE REFORMER STUDIO,REFORMER PILATES,Luana BRENON,12,1,False,2026-08-18 02:31
2026-08-20,Jeudi,09:00,09:50,MARAIS REFORMER STUDIO,REFORMER PILATES,Cynthia GALIN,10,1,True,2026-08-23 02:34
2026-08-20,Jeudi,09:00,09:50,MAUBEUGE REFORMER STUDIO,REFORMER PILATES,Shana  MAMOU,11,4,True,2026-08-23 02:34
2026-08-20,Jeudi,09:00,09:50,MIROMESNIL REFORMER STUDIO,REFORMER PILATES,Florence COLLIN BECUWE Advanced/Intense ,11,3,True,2026-08-23 02:34
2026-08-20,Jeudi,09:00,10:00,MOZART GYM STUDIO - MAT,BARRE WORKOUT,Marie-Claire AZAR @mc.ismyname Intense / Advanced,16,5,True,2026-08-23 02:34
2026-08-20,Jeudi,09:00,09:50,NEUILLY NEWFORMER - INTENSE PILATES,NEWFORMER - INTENSE PILATES,Nicolas MARTINS Intense / Advanced,9,0,True,2026-08-23 02:34
2026-08-20,Jeudi,09:00,09:50,PASSY NEWFORMER - INTENSE PILATES,NEWFORMER - INTENSE PILATES,Kasia @k_shia,9,5,True,2026-08-23 02:34
2026-08-20,Jeudi,09:00,09:50,SURESNES REFORMER STUDIO,REFORMER PILATES,Marianne Basbous,10,2,False,2026-08-18 02:31
2026-08-20,Jeudi,09:00,09:50,VAUGIRARD RÉFORMER STUDIO,REFORMER PILATES,Cecilia PINTO,11,0,False,2026-08-18 02:31
2026-08-20,Jeudi,09:00,09:50,VAVIN REFORMER STUDIO,REFORMER PILATES,Soudi ZARGHAM,12,5,True,2026-08-23 02:34
2026-08-20,Jeudi,09:00,09:50,WAGRAM REFORMER STUDIO,REFORMER PILATES,Jenny JORDAN,11,0,True,2026-08-23 02:34
2026-08-20,Jeudi,09:30,10:30,NEUILLY GYM STUDIO - MAT,BARRE WORKOUT,Kim GAMPEL,12,2,True,2026-08-23 02:34
2026-08-20,Jeudi,10:00,10:50,BATIGNOLLES REFORMER STUDIO,REFORMER PILATES,Arthur Intense/Advanced @arthur.gambardella ,12,4,True,2026-08-23 02:34
2026-08-20,Jeudi,10:00,10:50,BOSQUET REFORMER STUDIO,REFORMER PILATES,Jessika CRUZ,11,0,False,2026-08-18 02:31
2026-08-20,Jeudi,10:00,10:50,BOULOGNE REFORMER STUDIO,REFORMER PILATES,Aude SCHLACTHER,12,3,True,2026-08-23 02:34
2026-08-20,Jeudi,10:00,10:50,MARAIS REFORMER STUDIO,REFORMER PILATES,Cynthia GALIN,10,1,False,2026-08-18 02:31
2026-08-20,Jeudi,10:00,10:50,MAUBEUGE REFORMER STUDIO,REFORMER PILATES,Shana  MAMOU,11,3,True,2026-08-23 02:34
2026-08-20,Jeudi,10:00,10:45,MOZART GYM STUDIO - MAT,DYNAMIC PILATES,Carla BISOLI,16,5,True,2026-08-23 02:34
2026-08-20,Jeudi,10:00,10:50,NEUILLY NEWFORMER - INTENSE PILATES,NEWFORMER - INTENSE PILATES,Nicolas MARTINS Intense / Advanced,9,0,True,2026-08-23 02:34
2026-08-20,Jeudi,10:00,10:50,PASSY NEWFORMER - INTENSE PILATES,NEWFORMER - INTENSE PILATES,Kasia @k_shia,9,7,True,2026-08-23 02:34
2026-08-20,Jeudi,10:00,10:50,SURESNES REFORMER STUDIO,REFORMER PILATES,Marianne Basbous,10,0,True,2026-08-23 02:34
2026-08-20,Jeudi,10:00,10:50,VAUGIRARD RÉFORMER STUDIO,REFORMER PILATES,Cecilia PINTO,11,2,False,2026-08-18 02:31
2026-08-20,Jeudi,10:00,10:50,VAVIN REFORMER STUDIO,REFORMER PILATES,Soudi ZARGHAM,12,2,True,2026-08-23 02:34
2026-08-20,Jeudi,10:00,10:50,WAGRAM REFORMER STUDIO,REFORMER PILATES,Jenny JORDAN,11,3,True,2026-08-23 02:34
2026-08-20,Jeudi,10:30,11:30,NEUILLY GYM STUDIO - MAT,DYNAMIC PILATES,Joe BERCKMANS @go_for_it_joe,12,4,True,2026-08-23 02:34
2026-08-20,Jeudi,11:00,11:50,BATIGNOLLES REFORMER STUDIO,REFORMER PILATES,Alexia VITALI,12,9,True,2026-08-23 02:34
2026-08-20,Jeudi,11:00,11:50,BOSQUET REFORMER STUDIO,REFORMER PILATES,Jessika CRUZ,11,5,True,2026-08-23 02:34
2026-08-20,Jeudi,11:00,11:50,BOULOGNE REFORMER STUDIO,REFORMER PILATES,Aude SCHLACTHER,12,3,True,2026-08-23 02:34
2026-08-20,Jeudi,11:00,11:50,MAUBEUGE REFORMER STUDIO,REFORMER PILATES,Angelina TAVARES,11,0,False,2026-08-18 02:31
2026-08-20,Jeudi,11:00,11:50,MIROMESNIL REFORMER STUDIO,REFORMER PILATES,Leila OUCHEN,11,4,True,2026-08-23 02:34
2026-08-20,Jeudi,11:00,11:50,NEUILLY NEWFORMER - INTENSE PILATES,NEWFORMER - INTENSE PILATES,Nicolas MARTINS Intense / Advanced,9,4,True,2026-08-23 02:34
2026-08-20,Jeudi,11:00,11:50,PASSY NEWFORMER - INTENSE PILATES,NEWFORMER - INTENSE PILATES,Polina BODEEVA,9,4,True,2026-08-23 02:34
2026-08-20,Jeudi,11:00,11:50,WAGRAM REFORMER STUDIO,REFORMER PILATES,Candice TOUBIANA @candice.pilates,11,1,False,2026-08-18 02:31
2026-08-20,Jeudi,11:30,12:15,MOZART GYM STUDIO - MAT,BARRE WORKOUT EXPRESS,Elsa TRAINING ,16,2,False,2026-08-18 02:31
2026-08-20,Jeudi,12:00,12:50,BATIGNOLLES REFORMER STUDIO,REFORMER PILATES,Jacky TEWES ,12,6,True,2026-08-23 02:34
2026-08-20,Jeudi,12:00,12:50,BOSQUET REFORMER STUDIO,REFORMER PILATES,Jessika CRUZ,11,9,True,2026-08-23 02:34
2026-08-20,Jeudi,12:00,12:50,BOULOGNE REFORMER STUDIO,REFORMER PILATES,Aude SCHLACTHER,12,4,True,2026-08-23 02:34
2026-08-20,Jeudi,12:00,12:50,INVALIDES REFORMER STUDIO,REFORMER PILATES,Shana  MAMOU,10,0,True,2026-08-23 02:34
2026-08-20,Jeudi,12:00,12:50,MADELEINE REFORMER STUDIO,REFORMER PILATES,Florence COLLIN BECUWE Advanced/Intense ,12,5,True,2026-08-23 02:34
2026-08-20,Jeudi,12:00,12:50,MARAIS REFORMER STUDIO,REFORMER PILATES,Sofia TRUKHACHEVA,10,7,True,2026-08-23 02:34
2026-08-20,Jeudi,12:00,12:50,MAUBEUGE REFORMER STUDIO,REFORMER PILATES,Angelina TAVARES,11,9,True,2026-08-23 02:34
2026-08-20,Jeudi,12:00,12:50,MIROMESNIL REFORMER STUDIO,REFORMER PILATES,Leila OUCHEN,11,5,True,2026-08-23 02:34
2026-08-20,Jeudi,12:00,12:50,NEUILLY NEWFORMER - INTENSE PILATES,NEWFORMER - INTENSE PILATES,Nicolas MARTINS Intense / Advanced,9,0,False,2026-08-18 02:31
2026-08-20,Jeudi,12:00,12:50,PASSY NEWFORMER - INTENSE PILATES,NEWFORMER - INTENSE PILATES,Polina BODEEVA,9,5,True,2026-08-23 02:34
2026-08-20,Jeudi,12:00,12:50,SAINT MANDÉ REFORMER STUDIO,REFORMER PILATES,Anaïs CHRISTIAENS,12,5,True,2026-08-23 02:34
2026-08-20,Jeudi,12:00,12:50,SENTIER REFORMER STUDIO,REFORMER PILATES,Victoria OROZCO @victoriamouvement,14,6,True,2026-08-23 02:34
2026-08-20,Jeudi,12:00,12:50,SURESNES REFORMER STUDIO,REFORMER PILATES,Marianne Basbous,10,0,True,2026-08-23 02:34
2026-08-20,Jeudi,12:00,12:50,VAUGIRARD RÉFORMER STUDIO,REFORMER PILATES,Sacha DOURIANT,11,8,True,2026-08-23 02:34
2026-08-20,Jeudi,12:00,12:50,VAVIN REFORMER STUDIO,REFORMER PILATES,Sonia @sonia_raconte Intermédiaire/Avancé ,12,2,True,2026-08-23 02:34
2026-08-20,Jeudi,12:00,12:50,WAGRAM REFORMER STUDIO,REFORMER PILATES,Candice TOUBIANA @candice.pilates,11,4,True,2026-08-23 02:34
2026-08-20,Jeudi,12:30,13:30,MOZART GYM STUDIO - MAT,FULL BODY WORKOUT,Laurie VIVIANI,16,5,True,2026-08-23 02:34
2026-08-20,Jeudi,12:30,13:15,NEUILLY GYM STUDIO - MAT,BODY SCULPT,Marcus FITLIFE,12,0,False,2026-08-18 02:31
2026-08-20,Jeudi,13:00,13:50,BATIGNOLLES REFORMER STUDIO,REFORMER PILATES,Jacky TEWES ,12,3,True,2026-08-23 02:34
2026-08-20,Jeudi,13:00,13:50,BOULOGNE REFORMER STUDIO,REFORMER PILATES,Aude SCHLACTHER,12,6,True,2026-08-23 02:34
2026-08-20,Jeudi,13:00,13:50,INVALIDES REFORMER STUDIO,REFORMER PILATES,Shana  MAMOU,10,0,True,2026-08-23 02:34
2026-08-20,Jeudi,13:00,13:50,MADELEINE REFORMER STUDIO,REFORMER PILATES,Florence COLLIN BECUWE Advanced/Intense ,12,5,True,2026-08-23 02:34
2026-08-20,Jeudi,13:00,13:50,MARAIS REFORMER STUDIO,REFORMER PILATES,Sofia TRUKHACHEVA,10,2,True,2026-08-23 02:34
2026-08-20,Jeudi,13:00,13:50,MIROMESNIL REFORMER STUDIO,REFORMER PILATES,Leila OUCHEN,11,5,True,2026-08-23 02:34
2026-08-20,Jeudi,13:00,13:50,PASSY NEWFORMER - INTENSE PILATES,NEWFORMER - INTENSE PILATES,Polina BODEEVA,9,0,False,2026-08-18 02:31
2026-08-20,Jeudi,13:00,13:50,SAINT MANDÉ REFORMER STUDIO,REFORMER PILATES,Anaïs CHRISTIAENS,12,4,True,2026-08-23 02:34
2026-08-20,Jeudi,13:00,13:50,SENTIER REFORMER STUDIO,REFORMER PILATES,Victoria OROZCO @victoriamouvement,14,5,True,2026-08-23 02:34
2026-08-20,Jeudi,13:00,13:50,SURESNES REFORMER STUDIO,REFORMER PILATES,Marianne Basbous,10,0,True,2026-08-23 02:34
2026-08-20,Jeudi,13:00,13:50,VAUGIRARD RÉFORMER STUDIO,REFORMER PILATES,Sacha DOURIANT,11,5,True,2026-08-23 02:34
2026-08-20,Jeudi,13:00,13:50,VAVIN REFORMER STUDIO,REFORMER PILATES,Sonia @sonia_raconte Intermédiaire/Avancé ,12,1,False,2026-08-18 02:31
2026-08-20,Jeudi,13:00,13:50,WAGRAM REFORMER STUDIO,REFORMER PILATES,Candice TOUBIANA @candice.pilates,11,5,True,2026-08-23 02:34
2026-08-20,Jeudi,17:00,17:50,BATIGNOLLES REFORMER STUDIO,REFORMER PILATES,Jacky TEWES ,12,0,False,2026-08-18 02:31
2026-08-20,Jeudi,17:00,17:50,MAUBEUGE REFORMER STUDIO,REFORMER PILATES,Joy DUQUESNE,11,0,False,2026-08-18 02:31
2026-08-20,Jeudi,17:00,17:50,PASSY NEWFORMER - INTENSE PILATES,NEWFORMER - INTENSE PILATES,Carla @training_by_carla,9,0,False,2026-08-18 02:31
2026-08-20,Jeudi,17:00,17:50,SURESNES REFORMER STUDIO,REFORMER PILATES,Andrea JURDI,10,6,True,2026-08-23 02:34
2026-08-20,Jeudi,18:00,18:50,BATIGNOLLES REFORMER STUDIO,REFORMER PILATES,Jacky TEWES ,12,7,True,2026-08-23 02:34
2026-08-20,Jeudi,18:00,18:50,BOSQUET REFORMER STUDIO,REFORMER PILATES,Nick ELISHA Intense / Advanced,11,0,False,2026-08-18 02:31
2026-08-20,Jeudi,18:00,18:50,BOULOGNE REFORMER STUDIO,REFORMER PILATES,Cecilia PINTO,12,7,True,2026-08-23 02:34
2026-08-20,Jeudi,18:00,18:50,INVALIDES REFORMER STUDIO,REFORMER PILATES,Léane AMRAM,10,0,True,2026-08-23 02:34
2026-08-20,Jeudi,18:00,18:50,MADELEINE REFORMER STUDIO,REFORMER PILATES,Lea GUIGNEMENT,12,4,True,2026-08-23 02:34
2026-08-20,Jeudi,18:00,18:50,MARAIS REFORMER STUDIO,REFORMER PILATES,Camille AUZANNEAU,10,7,True,2026-08-23 02:34
2026-08-20,Jeudi,18:00,18:50,MAUBEUGE REFORMER STUDIO,REFORMER PILATES,Joy DUQUESNE,11,5,True,2026-08-23 02:34
2026-08-20,Jeudi,18:00,18:50,MIROMESNIL REFORMER STUDIO,REFORMER PILATES,Laura LAUGERO @lauralld,11,4,True,2026-08-23 02:34
2026-08-20,Jeudi,18:00,18:50,MOZART GYM STUDIO - MAT,Cuisses Abdos Fessiers - CAF,Nicolas DUCHESNE,14,0,True,2026-08-23 02:34
2026-08-20,Jeudi,18:00,18:50,NEUILLY NEWFORMER - INTENSE PILATES,NEWFORMER - INTENSE PILATES,Vincent PEDRAZA @vincent.pedraza,9,4,True,2026-08-23 02:34
2026-08-20,Jeudi,18:00,18:50,PASSY NEWFORMER - INTENSE PILATES,NEWFORMER - INTENSE PILATES,Carla @training_by_carla,9,7,True,2026-08-23 02:34
2026-08-20,Jeudi,18:00,18:50,SAINT MANDÉ REFORMER STUDIO,REFORMER PILATES,Wendy GUILHEM,12,6,True,2026-08-23 02:34
2026-08-20,Jeudi,18:00,18:50,SENTIER REFORMER STUDIO,REFORMER PILATES,Eva MENIGOZ,14,5,True,2026-08-23 02:34
2026-08-20,Jeudi,18:00,18:50,SURESNES REFORMER STUDIO,REFORMER PILATES,Andrea JURDI,10,8,True,2026-08-23 02:34
2026-08-20,Jeudi,18:00,18:50,VAUGIRARD RÉFORMER STUDIO,REFORMER PILATES,Polina BODEEVA,11,7,True,2026-08-23 02:34
2026-08-20,Jeudi,18:00,18:50,VAVIN REFORMER STUDIO,REFORMER PILATES,Justine  LE CORRE @justine.fitandflowreformer,12,8,True,2026-08-23 02:34
2026-08-20,Jeudi,18:00,18:50,WAGRAM REFORMER STUDIO,REFORMER PILATES,Polly PRIANIKOVA,11,6,True,2026-08-23 02:34
2026-08-20,Jeudi,18:15,19:15,NEUILLY GYM STUDIO - MAT,BARRE WORKOUT,Cynthia MONTANO,12,4,True,2026-08-23 02:34
2026-08-20,Jeudi,19:00,19:50,BATIGNOLLES REFORMER STUDIO,REFORMER PILATES,Jacky TEWES ,12,12,True,2026-08-23 02:34
2026-08-20,Jeudi,19:00,19:50,BOSQUET REFORMER STUDIO,REFORMER PILATES,Nick ELISHA Intense / Advanced,11,0,True,2026-08-23 02:34
2026-08-20,Jeudi,19:00,19:50,BOULOGNE REFORMER STUDIO,REFORMER PILATES,Cecilia PINTO,12,12,True,2026-08-23 02:34
2026-08-20,Jeudi,19:00,19:50,INVALIDES REFORMER STUDIO,REFORMER PILATES,Léane AMRAM,10,8,True,2026-08-23 02:34
2026-08-20,Jeudi,19:00,19:50,MADELEINE REFORMER STUDIO,REFORMER PILATES,Lea GUIGNEMENT,12,8,True,2026-08-23 02:34
2026-08-20,Jeudi,19:00,19:50,MARAIS REFORMER STUDIO,REFORMER PILATES,Camille AUZANNEAU,10,3,True,2026-08-23 02:34
2026-08-20,Jeudi,19:00,19:50,MAUBEUGE REFORMER STUDIO,REFORMER PILATES,Joy DUQUESNE,11,8,True,2026-08-23 02:34
2026-08-20,Jeudi,19:00,19:50,MIROMESNIL REFORMER STUDIO,REFORMER PILATES,Laura LAUGERO @lauralld,11,7,True,2026-08-23 02:34
2026-08-20,Jeudi,19:00,19:50,MOZART GYM STUDIO - MAT,FOCUS ABS & FULL BODY,Nicolas DUCHESNE,16,11,True,2026-08-23 02:34
2026-08-20,Jeudi,19:00,19:50,NEUILLY NEWFORMER - INTENSE PILATES,NEWFORMER - INTENSE PILATES,Vincent PEDRAZA @vincent.pedraza,9,0,True,2026-08-23 02:34
2026-08-20,Jeudi,19:00,19:50,PASSY NEWFORMER - INTENSE PILATES,NEWFORMER - INTENSE PILATES,Carla @training_by_carla,9,0,True,2026-08-23 02:34
2026-08-20,Jeudi,19:00,19:50,SAINT MANDÉ REFORMER STUDIO,REFORMER PILATES,Wendy GUILHEM,12,5,True,2026-08-23 02:34
2026-08-20,Jeudi,19:00,19:50,SENTIER REFORMER STUDIO,REFORMER PILATES,Eva MENIGOZ,14,3,True,2026-08-23 02:34
2026-08-20,Jeudi,19:00,19:50,VAUGIRARD RÉFORMER STUDIO,REFORMER PILATES,Polina BODEEVA,11,7,True,2026-08-23 02:34
2026-08-20,Jeudi,19:00,19:50,VAVIN REFORMER STUDIO,REFORMER PILATES,Justine  LE CORRE @justine.fitandflowreformer,12,10,True,2026-08-23 02:34
2026-08-20,Jeudi,19:00,19:50,WAGRAM REFORMER STUDIO,REFORMER PILATES,Polly PRIANIKOVA,11,6,True,2026-08-23 02:34
2026-08-20,Jeudi,19:15,20:00,NEUILLY GYM STUDIO - MAT,BARRE WORKOUT EXPRESS,Cynthia MONTANO,12,5,True,2026-08-23 02:34
2026-08-20,Jeudi,20:00,20:50,BATIGNOLLES REFORMER STUDIO,REFORMER PILATES,Jacky TEWES ,12,11,True,2026-08-23 02:34
2026-08-20,Jeudi,20:00,20:50,BOSQUET REFORMER STUDIO,REFORMER PILATES,Nick ELISHA Intense / Advanced,11,1,True,2026-08-23 02:34
2026-08-20,Jeudi,20:00,20:50,BOULOGNE REFORMER STUDIO,REFORMER PILATES,Cecilia PINTO,12,0,False,2026-08-18 02:31
2026-08-20,Jeudi,20:00,20:50,INVALIDES REFORMER STUDIO,REFORMER PILATES,Léane AMRAM,10,0,True,2026-08-23 02:34
2026-08-20,Jeudi,20:00,20:50,MADELEINE REFORMER STUDIO,REFORMER PILATES,Lea GUIGNEMENT,12,0,False,2026-08-18 02:31
2026-08-20,Jeudi,20:00,20:50,MARAIS REFORMER STUDIO,REFORMER PILATES,Camille AUZANNEAU,10,0,False,2026-08-18 02:31
2026-08-20,Jeudi,20:00,20:50,MIROMESNIL REFORMER STUDIO,REFORMER PILATES,Laura LAUGERO @lauralld,11,5,True,2026-08-23 02:34
2026-08-20,Jeudi,20:00,20:50,NEUILLY GYM STUDIO - MAT,BARRE PILATES,Cynthia MONTANO,12,0,True,2026-08-23 02:34
2026-08-20,Jeudi,20:00,20:50,PASSY NEWFORMER - INTENSE PILATES,NEWFORMER - INTENSE PILATES,Carla @training_by_carla,9,0,True,2026-08-23 02:34
2026-08-20,Jeudi,20:00,20:50,SAINT MANDÉ REFORMER STUDIO,REFORMER PILATES,Wendy GUILHEM,12,3,True,2026-08-23 02:34
2026-08-20,Jeudi,20:00,20:50,SENTIER REFORMER STUDIO,REFORMER PILATES,Eva MENIGOZ,14,0,True,2026-08-23 02:34
2026-08-20,Jeudi,20:00,20:50,VAUGIRARD RÉFORMER STUDIO,REFORMER PILATES,Polina BODEEVA,11,1,True,2026-08-23 02:34
2026-08-20,Jeudi,20:00,20:50,VAVIN REFORMER STUDIO,REFORMER PILATES,Justine  LE CORRE @justine.fitandflowreformer,12,7,True,2026-08-23 02:34
2026-08-21,Vendredi,08:00,08:50,BOSQUET REFORMER STUDIO,REFORMER PILATES,Joy DUQUESNE,11,6,True,2026-08-24 02:33
2026-08-21,Vendredi,08:00,08:50,MARAIS REFORMER STUDIO,REFORMER PILATES,Léane AMRAM,10,3,True,2026-08-24 02:33
2026-08-21,Vendredi,08:00,08:50,MIROMESNIL REFORMER STUDIO,REFORMER PILATES,Shana  MAMOU,11,0,True,2026-08-24 02:33
2026-08-21,Vendredi,08:00,08:50,MOZART GYM STUDIO - MAT,DYNAMIC PILATES,Manon VIRMOUX,15,7,True,2026-08-24 02:33
2026-08-21,Vendredi,08:00,08:50,PASSY NEWFORMER - INTENSE PILATES,NEWFORMER - INTENSE PILATES,Nicolas DUCHESNE,9,5,True,2026-08-24 02:33
2026-08-21,Vendredi,08:00,08:50,SURESNES REFORMER STUDIO,REFORMER PILATES,Cynthia GALIN,10,6,True,2026-08-24 02:33
2026-08-21,Vendredi,08:00,08:50,WAGRAM REFORMER STUDIO,REFORMER PILATES,Philippine DESTAING,11,1,True,2026-08-24 02:33
2026-08-21,Vendredi,09:00,09:50,BATIGNOLLES REFORMER STUDIO,REFORMER PILATES,Florence COLLIN BECUWE Advanced/Intense ,12,2,True,2026-08-24 02:33
2026-08-21,Vendredi,09:00,09:50,BOSQUET REFORMER STUDIO,REFORMER PILATES,Joy DUQUESNE,11,1,True,2026-08-24 02:33
2026-08-21,Vendredi,09:00,09:50,INVALIDES REFORMER STUDIO,REFORMER PILATES,Julia TAPIRO,10,0,True,2026-08-24 02:33
2026-08-21,Vendredi,09:00,09:50,MARAIS REFORMER STUDIO,REFORMER PILATES,Léane AMRAM,10,0,True,2026-08-24 02:33
2026-08-21,Vendredi,09:00,09:50,MAUBEUGE REFORMER STUDIO,REFORMER PILATES,Camille AUZANNEAU,11,0,True,2026-08-24 02:33
2026-08-21,Vendredi,09:00,09:50,MIROMESNIL REFORMER STUDIO,REFORMER PILATES,Shana  MAMOU,11,0,True,2026-08-24 02:33
2026-08-21,Vendredi,09:00,10:00,MOZART GYM STUDIO - MAT,YOGA VINYASA,Tamara KUZNETCOVA,16,4,True,2026-08-24 02:33
2026-08-21,Vendredi,09:00,09:50,NEUILLY GYM STUDIO - MAT,Cuisses Abdos Fessiers - CAF,Ibrahima BALDE,14,0,True,2026-08-24 02:33
2026-08-21,Vendredi,09:00,09:50,PASSY NEWFORMER - INTENSE PILATES,NEWFORMER - INTENSE PILATES,Nicolas DUCHESNE,9,0,True,2026-08-24 02:33
2026-08-21,Vendredi,09:00,09:50,SAINT MANDÉ REFORMER STUDIO,REFORMER PILATES,Iris BALAZS,12,3,True,2026-08-24 02:33
2026-08-21,Vendredi,09:00,09:50,SURESNES REFORMER STUDIO,REFORMER PILATES,Cynthia GALIN,10,3,True,2026-08-24 02:33
2026-08-21,Vendredi,09:00,09:50,VAUGIRARD RÉFORMER STUDIO,REFORMER PILATES,Sonia @sonia_raconte Intermédiaire/Avancé ,11,0,True,2026-08-24 02:33
2026-08-21,Vendredi,09:00,09:50,VAVIN REFORMER STUDIO,REFORMER PILATES,Celia Hachem,12,3,True,2026-08-24 02:33
2026-08-21,Vendredi,09:00,09:50,WAGRAM REFORMER STUDIO,REFORMER PILATES,Philippine DESTAING,11,1,True,2026-08-24 02:33
2026-08-21,Vendredi,10:00,10:50,BATIGNOLLES REFORMER STUDIO,REFORMER PILATES,Florence COLLIN BECUWE Advanced/Intense ,12,4,True,2026-08-24 02:33
2026-08-21,Vendredi,10:00,10:50,BOSQUET REFORMER STUDIO,REFORMER PILATES,Joy DUQUESNE,11,2,True,2026-08-24 02:33
2026-08-21,Vendredi,10:00,10:50,MADELEINE REFORMER STUDIO,REFORMER PILATES,Cecilia PINTO,12,2,True,2026-08-24 02:33
2026-08-21,Vendredi,10:00,10:50,MAUBEUGE REFORMER STUDIO,REFORMER PILATES,Camille AUZANNEAU,11,1,True,2026-08-24 02:33
2026-08-21,Vendredi,10:00,11:00,MOZART GYM STUDIO - MAT,KALON BARRE,KALON BARRE @kalon.movement,16,6,True,2026-08-24 02:33
2026-08-21,Vendredi,10:00,10:50,NEUILLY NEWFORMER - INTENSE PILATES,NEWFORMER - INTENSE PILATES,Naomie CALINSKI,9,0,False,2026-08-20 02:31
2026-08-21,Vendredi,10:00,10:50,PASSY NEWFORMER - INTENSE PILATES,NEWFORMER - INTENSE PILATES,Nicolas DUCHESNE,9,0,True,2026-08-24 02:33
2026-08-21,Vendredi,10:00,10:50,SAINT MANDÉ REFORMER STUDIO,REFORMER PILATES,Iris BALAZS,12,3,True,2026-08-24 02:33
2026-08-21,Vendredi,10:00,10:50,SURESNES REFORMER STUDIO,REFORMER PILATES,Cynthia GALIN,10,5,True,2026-08-24 02:33
2026-08-21,Vendredi,10:00,10:50,VAUGIRARD RÉFORMER STUDIO,REFORMER PILATES,Sonia @sonia_raconte Intermédiaire/Avancé ,11,7,True,2026-08-24 02:33
2026-08-21,Vendredi,10:00,10:50,VAVIN REFORMER STUDIO,REFORMER PILATES,Celia Hachem,12,5,True,2026-08-24 02:33
2026-08-21,Vendredi,11:00,11:50,BATIGNOLLES REFORMER STUDIO,REFORMER PILATES,Cynthia MONTANO,12,2,True,2026-08-24 02:33
2026-08-21,Vendredi,11:00,11:50,BOULOGNE REFORMER STUDIO,REFORMER PILATES,Kasia @k_shia,12,0,True,2026-08-24 02:33
2026-08-21,Vendredi,11:00,11:50,MARAIS REFORMER STUDIO,REFORMER PILATES,Sofia TRUKHACHEVA,10,5,True,2026-08-24 02:33
2026-08-21,Vendredi,11:00,11:50,MAUBEUGE REFORMER STUDIO,REFORMER PILATES,Camille AUZANNEAU,11,1,True,2026-08-24 02:33
2026-08-21,Vendredi,11:00,11:50,NEUILLY NEWFORMER - INTENSE PILATES,NEWFORMER - INTENSE PILATES,Arthur Intense/Advanced @arthur.gambardella ,9,1,False,2026-08-20 02:31
2026-08-21,Vendredi,11:00,11:50,PASSY NEWFORMER - INTENSE PILATES,NEWFORMER - INTENSE PILATES,Nicolas DUCHESNE,9,6,True,2026-08-24 02:33
2026-08-21,Vendredi,11:00,11:50,SAINT MANDÉ REFORMER STUDIO,REFORMER PILATES,Amelie MOVES @amelie.moves,12,0,True,2026-08-24 02:33
2026-08-21,Vendredi,11:00,11:50,VAVIN REFORMER STUDIO,REFORMER PILATES,Celia Hachem,12,6,True,2026-08-24 02:33
2026-08-21,Vendredi,11:00,11:50,WAGRAM REFORMER STUDIO,REFORMER PILATES,Shana  MAMOU,11,8,True,2026-08-24 02:33
2026-08-21,Vendredi,11:30,12:30,MOZART GYM STUDIO - MAT,BARRE WORKOUT,Laurie VIVIANI,16,8,True,2026-08-24 02:33
2026-08-21,Vendredi,12:00,12:50,BATIGNOLLES REFORMER STUDIO,REFORMER PILATES,Cynthia MONTANO,12,5,True,2026-08-24 02:33
2026-08-21,Vendredi,12:00,12:50,BOSQUET REFORMER STUDIO,REFORMER PILATES,Polly PRIANIKOVA,11,7,True,2026-08-24 02:33
2026-08-21,Vendredi,12:00,12:50,BOULOGNE REFORMER STUDIO,REFORMER PILATES,Kasia @k_shia,12,5,True,2026-08-24 02:33
2026-08-21,Vendredi,12:00,12:50,INVALIDES REFORMER STUDIO,REFORMER PILATES,Sonia @sonia_raconte Intermédiaire/Avancé ,10,1,True,2026-08-24 02:33
2026-08-21,Vendredi,12:00,12:50,MARAIS REFORMER STUDIO,REFORMER PILATES,Sofia TRUKHACHEVA,10,4,True,2026-08-24 02:33
2026-08-21,Vendredi,12:00,12:50,MAUBEUGE REFORMER STUDIO,REFORMER PILATES,Camille AUZANNEAU,11,3,True,2026-08-24 02:33
2026-08-21,Vendredi,12:00,12:50,MIROMESNIL REFORMER STUDIO,REFORMER PILATES,Pauline RAMON @pilatesbypops,11,6,True,2026-08-24 02:33
2026-08-21,Vendredi,12:00,12:50,NEUILLY NEWFORMER - INTENSE PILATES,NEWFORMER - INTENSE PILATES,Arthur Intense/Advanced @arthur.gambardella ,9,0,True,2026-08-24 02:33
2026-08-21,Vendredi,12:00,12:50,PASSY NEWFORMER - INTENSE PILATES,NEWFORMER - INTENSE PILATES,Elsa TRAINING ,9,1,True,2026-08-24 02:33
2026-08-21,Vendredi,12:00,12:50,SENTIER REFORMER STUDIO,REFORMER PILATES,Victoria OROZCO @victoriamouvement,14,3,True,2026-08-24 02:33
2026-08-21,Vendredi,12:00,12:50,SURESNES REFORMER STUDIO,REFORMER PILATES,Lucie DUMONT,10,2,True,2026-08-24 02:33
2026-08-21,Vendredi,12:00,12:50,VAUGIRARD RÉFORMER STUDIO,REFORMER PILATES,Naser SAENDI @coachfitnas,11,9,True,2026-08-24 02:33
2026-08-21,Vendredi,12:00,12:50,VAVIN REFORMER STUDIO,REFORMER PILATES,Joy DUQUESNE,12,8,True,2026-08-24 02:33
2026-08-21,Vendredi,12:00,12:50,WAGRAM REFORMER STUDIO,REFORMER PILATES,Shana  MAMOU,11,4,True,2026-08-24 02:33
2026-08-21,Vendredi,12:10,13:00,MADELEINE REFORMER STUDIO,REFORMER PILATES,Cecilia PINTO,12,9,True,2026-08-24 02:33
2026-08-21,Vendredi,12:15,13:00,NEUILLY GYM STUDIO - MAT,BARRE WORKOUT EXPRESS,Valentine @balletdodu ,12,0,False,2026-08-20 02:31
2026-08-21,Vendredi,12:30,13:30,MOZART GYM STUDIO - MAT,FULL BODY PUMP,Bibi 610,16,5,True,2026-08-24 02:33
2026-08-21,Vendredi,13:00,13:50,BATIGNOLLES REFORMER STUDIO,REFORMER PILATES,Cynthia MONTANO,12,8,True,2026-08-24 02:33
2026-08-21,Vendredi,13:00,13:50,BOSQUET REFORMER STUDIO,REFORMER PILATES,Polly PRIANIKOVA,11,0,True,2026-08-24 02:33
2026-08-21,Vendredi,13:00,13:50,BOULOGNE REFORMER STUDIO,REFORMER PILATES,Kasia @k_shia,12,5,True,2026-08-24 02:33
2026-08-21,Vendredi,13:00,13:50,INVALIDES REFORMER STUDIO,REFORMER PILATES,Sonia @sonia_raconte Intermédiaire/Avancé ,10,3,True,2026-08-24 02:33
2026-08-21,Vendredi,13:00,13:50,MARAIS REFORMER STUDIO,REFORMER PILATES,Sofia TRUKHACHEVA,10,1,True,2026-08-24 02:33
2026-08-21,Vendredi,13:00,13:50,MAUBEUGE REFORMER STUDIO,REFORMER PILATES,Camille AUZANNEAU,11,3,True,2026-08-24 02:33
2026-08-21,Vendredi,13:00,13:50,MIROMESNIL REFORMER STUDIO,REFORMER PILATES,Pauline RAMON @pilatesbypops,11,6,True,2026-08-24 02:33
2026-08-21,Vendredi,13:00,13:45,NEUILLY GYM STUDIO - MAT,BARRE WORKOUT EXPRESS,Valentine @balletdodu ,12,0,False,2026-08-20 02:31
2026-08-21,Vendredi,13:00,13:50,NEUILLY NEWFORMER - INTENSE PILATES,NEWFORMER - INTENSE PILATES,Arthur Intense/Advanced @arthur.gambardella ,9,0,True,2026-08-24 02:33
2026-08-21,Vendredi,13:00,13:50,SENTIER REFORMER STUDIO,REFORMER PILATES,Victoria OROZCO @victoriamouvement,14,4,True,2026-08-24 02:33
2026-08-21,Vendredi,13:00,13:50,SURESNES REFORMER STUDIO,REFORMER PILATES,Lucie DUMONT,10,5,True,2026-08-24 02:33
2026-08-21,Vendredi,13:00,13:50,VAUGIRARD RÉFORMER STUDIO,REFORMER PILATES,Naser SAENDI @coachfitnas,11,4,True,2026-08-24 02:33
2026-08-21,Vendredi,13:00,13:50,VAVIN REFORMER STUDIO,REFORMER PILATES,Joy DUQUESNE,12,5,True,2026-08-24 02:33
2026-08-21,Vendredi,13:00,13:50,WAGRAM REFORMER STUDIO,REFORMER PILATES,Shana  MAMOU,11,3,True,2026-08-24 02:33
2026-08-21,Vendredi,13:10,14:00,MADELEINE REFORMER STUDIO,REFORMER PILATES,Cecilia PINTO,12,0,True,2026-08-24 02:33
2026-08-21,Vendredi,15:00,15:50,SAINT MANDÉ REFORMER STUDIO,REFORMER PILATES,Cecilia PINTO,12,2,True,2026-08-24 02:33
2026-08-21,Vendredi,16:00,16:50,BATIGNOLLES REFORMER STUDIO,REFORMER PILATES,julia Droux,12,0,True,2026-08-24 02:33
2026-08-21,Vendredi,16:00,16:50,BOSQUET REFORMER STUDIO,REFORMER PILATES,Jacky TEWES ,11,1,True,2026-08-24 02:33
2026-08-21,Vendredi,16:00,16:50,BOULOGNE REFORMER STUDIO,REFORMER PILATES,Soudi ZARGHAM,12,5,True,2026-08-24 02:33
2026-08-21,Vendredi,16:00,16:50,INVALIDES REFORMER STUDIO,REFORMER PILATES,Stephanie BROWN - English Class,10,0,True,2026-08-24 02:33
2026-08-21,Vendredi,16:00,16:50,MARAIS REFORMER STUDIO,REFORMER PILATES,Sofia TRUKHACHEVA,10,2,True,2026-08-24 02:33
2026-08-21,Vendredi,16:00,16:50,MIROMESNIL REFORMER STUDIO,REFORMER PILATES,Geraldine SELIGMANN,11,2,True,2026-08-24 02:33
2026-08-21,Vendredi,16:00,16:50,NEUILLY NEWFORMER - INTENSE PILATES,NEWFORMER - INTENSE PILATES,Louise DROUAULT @louiisedrlt,9,0,True,2026-08-24 02:33
2026-08-21,Vendredi,16:00,16:50,PASSY NEWFORMER - INTENSE PILATES,NEWFORMER - INTENSE PILATES,Bonita @bonitawellness_,9,3,True,2026-08-24 02:33
2026-08-21,Vendredi,16:00,16:50,SAINT MANDÉ REFORMER STUDIO,REFORMER PILATES,Cecilia PINTO,12,3,True,2026-08-24 02:33
2026-08-21,Vendredi,16:00,16:50,SURESNES REFORMER STUDIO,REFORMER PILATES,Dorina YICHU ,10,0,True,2026-08-24 02:33
2026-08-21,Vendredi,16:00,16:50,VAUGIRARD RÉFORMER STUDIO,REFORMER PILATES,Polina BODEEVA,11,0,True,2026-08-24 02:33
2026-08-21,Vendredi,16:00,16:50,VAVIN REFORMER STUDIO,REFORMER PILATES,Leila OUCHEN,12,1,True,2026-08-24 02:33
2026-08-21,Vendredi,16:00,16:50,WAGRAM REFORMER STUDIO,REFORMER PILATES,Candice TOUBIANA @candice.pilates,11,5,True,2026-08-24 02:33
2026-08-21,Vendredi,17:00,17:50,BATIGNOLLES REFORMER STUDIO,REFORMER PILATES,julia Droux,12,4,True,2026-08-24 02:33
2026-08-21,Vendredi,17:00,17:50,BOSQUET REFORMER STUDIO,REFORMER PILATES,Jacky TEWES ,11,4,True,2026-08-24 02:33
2026-08-21,Vendredi,17:00,17:50,BOULOGNE REFORMER STUDIO,REFORMER PILATES,Soudi ZARGHAM,12,0,True,2026-08-24 02:33
2026-08-21,Vendredi,17:00,17:50,INVALIDES REFORMER STUDIO,REFORMER PILATES,Stephanie BROWN - English Class,10,0,True,2026-08-24 02:33
2026-08-21,Vendredi,17:00,17:50,MADELEINE REFORMER STUDIO,REFORMER PILATES,Mathilde FLAMENT,12,0,True,2026-08-24 02:33
2026-08-21,Vendredi,17:00,17:50,MARAIS REFORMER STUDIO,REFORMER PILATES,Sofia TRUKHACHEVA,10,3,True,2026-08-24 02:33
2026-08-21,Vendredi,17:00,17:50,MAUBEUGE REFORMER STUDIO,REFORMER PILATES,Joy DUQUESNE,11,3,True,2026-08-24 02:33
2026-08-21,Vendredi,17:00,17:50,MIROMESNIL REFORMER STUDIO,REFORMER PILATES,Geraldine SELIGMANN,11,0,True,2026-08-24 02:33
2026-08-21,Vendredi,17:00,17:50,NEUILLY GYM STUDIO - MAT,BODY SCULPT,Lea GUIGNEMENT,14,0,True,2026-08-24 02:33
2026-08-21,Vendredi,17:00,17:50,NEUILLY NEWFORMER - INTENSE PILATES,NEWFORMER - INTENSE PILATES,Louise DROUAULT @louiisedrlt,9,3,True,2026-08-24 02:33
2026-08-21,Vendredi,17:00,17:50,PASSY NEWFORMER - INTENSE PILATES,NEWFORMER - INTENSE PILATES,Bonita @bonitawellness_,9,1,True,2026-08-24 02:33
2026-08-21,Vendredi,17:00,17:50,SAINT MANDÉ REFORMER STUDIO,REFORMER PILATES,Cecilia PINTO,12,7,True,2026-08-24 02:33
2026-08-21,Vendredi,17:00,17:50,SENTIER REFORMER STUDIO,REFORMER PILATES,Léane AMRAM,14,2,True,2026-08-24 02:33
2026-08-21,Vendredi,17:00,17:50,SURESNES REFORMER STUDIO,REFORMER PILATES,Dorina YICHU ,10,7,True,2026-08-24 02:33
2026-08-21,Vendredi,17:00,17:50,VAUGIRARD RÉFORMER STUDIO,REFORMER PILATES,Polina BODEEVA,11,5,True,2026-08-24 02:33
2026-08-21,Vendredi,17:00,17:50,VAVIN REFORMER STUDIO,REFORMER PILATES,Leila OUCHEN,12,0,True,2026-08-24 02:33
2026-08-21,Vendredi,17:00,17:50,WAGRAM REFORMER STUDIO,REFORMER PILATES,Candice TOUBIANA @candice.pilates,11,2,True,2026-08-24 02:33
2026-08-21,Vendredi,17:15,18:00,MOZART GYM STUDIO - MAT,FOCUS ABS & FULL BODY,Nicolas DUCHESNE,16,5,True,2026-08-24 02:33
2026-08-21,Vendredi,18:00,18:50,BATIGNOLLES REFORMER STUDIO,REFORMER PILATES,julia Droux,12,5,True,2026-08-24 02:33
2026-08-21,Vendredi,18:00,18:50,BOSQUET REFORMER STUDIO,REFORMER PILATES,Jacky TEWES ,11,7,True,2026-08-24 02:33
2026-08-21,Vendredi,18:00,18:50,BOULOGNE REFORMER STUDIO,REFORMER PILATES,Soudi ZARGHAM,12,10,True,2026-08-24 02:33
2026-08-21,Vendredi,18:00,18:50,INVALIDES REFORMER STUDIO,REFORMER PILATES,Stephanie BROWN - English Class,10,0,True,2026-08-24 02:33
2026-08-21,Vendredi,18:00,18:50,MADELEINE REFORMER STUDIO,REFORMER PILATES,Mathilde FLAMENT,12,0,True,2026-08-24 02:33
2026-08-21,Vendredi,18:00,18:50,MARAIS REFORMER STUDIO,REFORMER PILATES,Sofia TRUKHACHEVA,10,7,True,2026-08-24 02:33
2026-08-21,Vendredi,18:00,18:50,MAUBEUGE REFORMER STUDIO,REFORMER PILATES,Joy DUQUESNE,11,4,True,2026-08-24 02:33
2026-08-21,Vendredi,18:00,18:50,MIROMESNIL REFORMER STUDIO,REFORMER PILATES,Geraldine SELIGMANN,11,3,True,2026-08-24 02:33
2026-08-21,Vendredi,18:00,18:45,NEUILLY GYM STUDIO - MAT,DYNAMIC PILATES,Lea GUIGNEMENT,14,9,True,2026-08-24 02:33
2026-08-21,Vendredi,18:00,18:50,NEUILLY NEWFORMER - INTENSE PILATES,NEWFORMER - INTENSE PILATES,Louise DROUAULT @louiisedrlt,9,3,True,2026-08-24 02:33
2026-08-21,Vendredi,18:00,18:50,PASSY NEWFORMER - INTENSE PILATES,NEWFORMER - INTENSE PILATES,Bonita @bonitawellness_,9,3,True,2026-08-24 02:33
2026-08-21,Vendredi,18:00,18:50,SENTIER REFORMER STUDIO,REFORMER PILATES,Léane AMRAM,14,2,True,2026-08-24 02:33
2026-08-21,Vendredi,18:00,18:50,SURESNES REFORMER STUDIO,REFORMER PILATES,Dorina YICHU ,10,9,True,2026-08-24 02:33
2026-08-21,Vendredi,18:00,18:50,VAUGIRARD RÉFORMER STUDIO,REFORMER PILATES,Polina BODEEVA,11,9,True,2026-08-24 02:33
2026-08-21,Vendredi,18:00,18:50,VAVIN REFORMER STUDIO,REFORMER PILATES,Leila OUCHEN,12,6,True,2026-08-24 02:33
2026-08-21,Vendredi,18:00,18:50,WAGRAM REFORMER STUDIO,REFORMER PILATES,Candice TOUBIANA @candice.pilates,11,8,True,2026-08-24 02:33
2026-08-21,Vendredi,18:15,19:05,MOZART GYM STUDIO - MAT,Cuisses Abdos Fessiers - CAF,Nicolas DUCHESNE,14,9,True,2026-08-24 02:33
2026-08-21,Vendredi,19:00,19:50,MOZART GYM STUDIO - MAT,Cuisses Abdos Fessiers - CAF,Nicolas DUCHESNE,16,0,True,2026-08-24 02:33
2026-08-21,Vendredi,19:00,19:45,NEUILLY GYM STUDIO - MAT,Cuisses Abdos Fessiers - CAF,Lea GUIGNEMENT,12,0,True,2026-08-24 02:33
2026-08-21,Vendredi,19:00,19:50,SENTIER REFORMER STUDIO,REFORMER PILATES,Léane AMRAM,14,0,True,2026-08-24 02:33
2026-08-22,Samedi,09:00,09:50,BOSQUET REFORMER STUDIO,REFORMER PILATES,Mathilde FLAMENT,11,1,False,2026-08-21 02:34
2026-08-22,Samedi,09:00,09:50,BOULOGNE REFORMER STUDIO,REFORMER PILATES,Bonita @bonitawellness_,12,4,True,2026-08-25 02:33
2026-08-22,Samedi,09:00,09:50,INVALIDES REFORMER STUDIO,REFORMER PILATES,Camille AUZANNEAU,10,0,True,2026-08-25 02:33
2026-08-22,Samedi,09:00,09:50,MARAIS REFORMER STUDIO,REFORMER PILATES,Nick ELISHA Intense / Advanced,10,3,True,2026-08-25 02:33
2026-08-22,Samedi,09:00,09:50,MAUBEUGE REFORMER STUDIO,REFORMER PILATES,Zoé  @getstronglikezoe Intense / Advanced ,11,1,False,2026-08-21 02:34
2026-08-22,Samedi,09:00,10:00,MOZART GYM STUDIO - MAT,Cuisses Abdos Fessiers - CAF,Ibrahima BALDE,16,4,True,2026-08-25 02:33
2026-08-22,Samedi,09:00,10:00,NEUILLY GYM STUDIO - MAT,Cuisses Abdos Fessiers - CAF,Joe BERCKMANS @go_for_it_joe,15,0,False,2026-08-21 02:34
2026-08-22,Samedi,09:00,09:50,NEUILLY NEWFORMER - INTENSE PILATES,NEWFORMER - INTENSE PILATES,Jacky TEWES ,9,3,True,2026-08-25 02:33
2026-08-22,Samedi,09:00,09:50,PASSY NEWFORMER - INTENSE PILATES,NEWFORMER - INTENSE PILATES,Nicolas DUCHESNE,9,2,True,2026-08-25 02:33
2026-08-22,Samedi,09:00,09:50,SAINT MANDÉ REFORMER STUDIO,REFORMER PILATES,Nick ELISHA Intense / Advanced,12,0,True,2026-08-25 02:33
2026-08-22,Samedi,09:00,09:50,SENTIER REFORMER STUDIO,REFORMER PILATES,Godefroy HISANY,14,3,True,2026-08-25 02:33
2026-08-22,Samedi,09:00,09:50,SURESNES REFORMER STUDIO,REFORMER PILATES,Cecilia PINTO,10,5,True,2026-08-25 02:33
2026-08-22,Samedi,09:00,09:50,VAUGIRARD RÉFORMER STUDIO,REFORMER PILATES,Naser SAENDI @coachfitnas,11,2,True,2026-08-25 02:33
2026-08-22,Samedi,09:00,09:50,VAVIN REFORMER STUDIO,REFORMER PILATES,Svetlana ZAREBA,12,1,False,2026-08-21 02:34
2026-08-22,Samedi,09:00,09:50,WAGRAM REFORMER STUDIO,REFORMER PILATES,Heloïse GUIBERTEAU,11,4,True,2026-08-25 02:33
2026-08-22,Samedi,10:00,10:50,BATIGNOLLES REFORMER STUDIO,REFORMER PILATES,Natasha LODHI - Intense / Advanced,12,11,True,2026-08-25 02:33
2026-08-22,Samedi,10:00,10:50,BOSQUET REFORMER STUDIO,REFORMER PILATES,Mathilde FLAMENT,11,7,True,2026-08-25 02:33
2026-08-22,Samedi,10:00,10:50,BOULOGNE REFORMER STUDIO,REFORMER PILATES,Bonita @bonitawellness_,12,4,True,2026-08-25 02:33
2026-08-22,Samedi,10:00,10:50,INVALIDES REFORMER STUDIO,REFORMER PILATES,Camille AUZANNEAU,10,5,True,2026-08-25 02:33
2026-08-22,Samedi,10:00,10:50,MADELEINE REFORMER STUDIO,REFORMER PILATES,Léane AMRAM,12,4,True,2026-08-25 02:33
2026-08-22,Samedi,10:00,10:50,MARAIS REFORMER STUDIO,REFORMER PILATES,Nick ELISHA Intense / Advanced,10,5,True,2026-08-25 02:33
2026-08-22,Samedi,10:00,10:50,MAUBEUGE REFORMER STUDIO,REFORMER PILATES,Zoé  @getstronglikezoe Intense / Advanced ,11,4,True,2026-08-25 02:33
2026-08-22,Samedi,10:00,10:50,MIROMESNIL REFORMER STUDIO,REFORMER PILATES,Inass @pilatesbyinass,11,5,True,2026-08-25 02:33
2026-08-22,Samedi,10:00,11:00,MOZART GYM STUDIO - MAT,FULL BODY WORKOUT,Ibrahima BALDE,16,8,True,2026-08-25 02:33
2026-08-22,Samedi,10:00,11:00,NEUILLY GYM STUDIO - MAT,BODY SCULPT,Joe BERCKMANS @go_for_it_joe,15,6,True,2026-08-25 02:33
2026-08-22,Samedi,10:00,10:50,NEUILLY NEWFORMER - INTENSE PILATES,NEWFORMER - INTENSE PILATES,Jacky TEWES ,9,5,True,2026-08-25 02:33
2026-08-22,Samedi,10:00,10:50,PASSY NEWFORMER - INTENSE PILATES,NEWFORMER - INTENSE PILATES,Nicolas DUCHESNE,9,4,True,2026-08-25 02:33
2026-08-22,Samedi,10:00,10:50,SAINT MANDÉ REFORMER STUDIO,REFORMER PILATES,Wendy GUILHEM,12,4,False,2026-08-21 02:34
2026-08-22,Samedi,10:00,10:50,SENTIER REFORMER STUDIO,REFORMER PILATES,Godefroy HISANY,14,2,True,2026-08-25 02:33
2026-08-22,Samedi,10:00,10:50,SURESNES REFORMER STUDIO,REFORMER PILATES,Cecilia PINTO,10,5,True,2026-08-25 02:33
2026-08-22,Samedi,10:00,10:50,VAUGIRARD RÉFORMER STUDIO,REFORMER PILATES,Naser SAENDI @coachfitnas,11,1,True,2026-08-25 02:33
2026-08-22,Samedi,10:00,10:50,VAVIN REFORMER STUDIO,REFORMER PILATES,Svetlana ZAREBA,12,9,True,2026-08-25 02:33
2026-08-22,Samedi,10:00,10:50,WAGRAM REFORMER STUDIO,REFORMER PILATES,Heloïse GUIBERTEAU,11,4,True,2026-08-25 02:33
2026-08-22,Samedi,11:00,11:50,BATIGNOLLES REFORMER STUDIO,REFORMER PILATES,Natasha LODHI - Intense / Advanced,12,3,True,2026-08-25 02:33
2026-08-22,Samedi,11:00,11:50,BOSQUET REFORMER STUDIO,REFORMER PILATES,Mathilde FLAMENT,11,8,True,2026-08-25 02:33
2026-08-22,Samedi,11:00,11:50,BOULOGNE REFORMER STUDIO,REFORMER PILATES,Bonita @bonitawellness_,12,6,True,2026-08-25 02:33
2026-08-22,Samedi,11:00,11:50,INVALIDES REFORMER STUDIO,REFORMER PILATES,Camille AUZANNEAU,10,0,True,2026-08-25 02:33
2026-08-22,Samedi,11:00,11:50,MADELEINE REFORMER STUDIO,REFORMER PILATES,Léane AMRAM,12,2,True,2026-08-25 02:33
2026-08-22,Samedi,11:00,11:50,MARAIS REFORMER STUDIO,REFORMER PILATES,Nick ELISHA Intense / Advanced,10,0,False,2026-08-21 02:34
2026-08-22,Samedi,11:00,11:50,MAUBEUGE REFORMER STUDIO,REFORMER PILATES,Zoé  @getstronglikezoe Intense / Advanced ,11,8,True,2026-08-25 02:33
2026-08-22,Samedi,11:00,11:50,MIROMESNIL REFORMER STUDIO,REFORMER PILATES,Inass @pilatesbyinass,11,6,True,2026-08-25 02:33
2026-08-22,Samedi,11:00,12:00,MOZART GYM STUDIO - MAT,KALON BARRE,KALON BARRE @kalon.movement,17,13,True,2026-08-25 02:33
2026-08-22,Samedi,11:00,12:00,NEUILLY GYM STUDIO - MAT,BARRE WORKOUT,Lea GUIGNEMENT,12,5,True,2026-08-25 02:33
2026-08-22,Samedi,11:00,11:50,NEUILLY NEWFORMER - INTENSE PILATES,NEWFORMER - INTENSE PILATES,Jacky TEWES ,9,4,True,2026-08-25 02:33
2026-08-22,Samedi,11:00,11:50,PASSY NEWFORMER - INTENSE PILATES,NEWFORMER - INTENSE PILATES,Nicolas DUCHESNE,9,7,True,2026-08-25 02:33
2026-08-22,Samedi,11:00,11:50,SAINT MANDÉ REFORMER STUDIO,REFORMER PILATES,Wendy GUILHEM,12,2,False,2026-08-21 02:34
2026-08-22,Samedi,11:00,11:50,SENTIER REFORMER STUDIO,REFORMER PILATES,Godefroy HISANY,14,2,True,2026-08-25 02:33
2026-08-22,Samedi,11:00,11:50,SURESNES REFORMER STUDIO,REFORMER PILATES,Cecilia PINTO,10,8,True,2026-08-25 02:33
2026-08-22,Samedi,11:00,11:50,VAUGIRARD RÉFORMER STUDIO,REFORMER PILATES,Naser SAENDI @coachfitnas,11,9,True,2026-08-25 02:33
2026-08-22,Samedi,11:00,11:50,VAVIN REFORMER STUDIO,REFORMER PILATES,Svetlana ZAREBA,12,6,True,2026-08-25 02:33
2026-08-22,Samedi,11:00,11:50,WAGRAM REFORMER STUDIO,REFORMER PILATES,Heloïse GUIBERTEAU,11,5,True,2026-08-25 02:33
2026-08-22,Samedi,12:00,12:50,BATIGNOLLES REFORMER STUDIO,REFORMER PILATES,Natasha LODHI - Intense / Advanced,12,11,True,2026-08-25 02:33
2026-08-22,Samedi,12:00,12:50,BOSQUET REFORMER STUDIO,REFORMER PILATES,Mathilde FLAMENT,11,6,True,2026-08-25 02:33
2026-08-22,Samedi,12:00,12:50,BOULOGNE REFORMER STUDIO,REFORMER PILATES,Bonita @bonitawellness_,12,5,True,2026-08-25 02:33
2026-08-22,Samedi,12:00,12:50,MADELEINE REFORMER STUDIO,REFORMER PILATES,Léane AMRAM,12,0,True,2026-08-25 02:33
2026-08-22,Samedi,12:00,12:50,MARAIS REFORMER STUDIO,REFORMER PILATES,Nick ELISHA Intense / Advanced,10,1,True,2026-08-25 02:33
2026-08-22,Samedi,12:00,12:50,MAUBEUGE REFORMER STUDIO,REFORMER PILATES,Zoé  @getstronglikezoe Intense / Advanced ,11,4,True,2026-08-25 02:33
2026-08-22,Samedi,12:00,12:50,MIROMESNIL REFORMER STUDIO,REFORMER PILATES,Inass @pilatesbyinass,11,3,True,2026-08-25 02:33
2026-08-22,Samedi,12:00,13:00,MOZART GYM STUDIO - MAT,YOGA VINYASA,Stéphanie CUNICO,16,9,True,2026-08-25 02:33
2026-08-22,Samedi,12:00,12:50,NEUILLY GYM STUDIO - MAT,DYNAMIC PILATES,Lea GUIGNEMENT,12,5,True,2026-08-25 02:33
2026-08-22,Samedi,12:00,12:50,NEUILLY NEWFORMER - INTENSE PILATES,NEWFORMER - INTENSE PILATES,Jacky TEWES ,9,0,True,2026-08-25 02:33
2026-08-22,Samedi,12:00,12:50,PASSY NEWFORMER - INTENSE PILATES,NEWFORMER - INTENSE PILATES,Capucine GADRET,9,8,True,2026-08-25 02:33
2026-08-22,Samedi,12:00,12:50,SAINT MANDÉ REFORMER STUDIO,REFORMER PILATES,Wendy GUILHEM,12,4,False,2026-08-21 02:34
2026-08-22,Samedi,12:00,12:50,SENTIER REFORMER STUDIO,REFORMER PILATES,Godefroy HISANY,14,4,True,2026-08-25 02:33
2026-08-22,Samedi,12:00,12:50,SURESNES REFORMER STUDIO,REFORMER PILATES,Cecilia PINTO,10,3,True,2026-08-25 02:33
2026-08-22,Samedi,12:00,12:50,VAUGIRARD RÉFORMER STUDIO,REFORMER PILATES,Naser SAENDI @coachfitnas,11,7,True,2026-08-25 02:33
2026-08-22,Samedi,12:00,12:50,VAVIN REFORMER STUDIO,REFORMER PILATES,Svetlana ZAREBA,12,1,True,2026-08-25 02:33
2026-08-22,Samedi,12:00,12:50,WAGRAM REFORMER STUDIO,REFORMER PILATES,Tioka TOKEDIRA,11,4,True,2026-08-25 02:33
2026-08-22,Samedi,13:00,13:50,BOSQUET REFORMER STUDIO,REFORMER PILATES,Mathilde FLAMENT,11,0,False,2026-08-21 02:34
2026-08-22,Samedi,13:00,13:50,MIROMESNIL REFORMER STUDIO,REFORMER PILATES,Inass @pilatesbyinass,11,1,True,2026-08-25 02:33
2026-08-22,Samedi,13:00,13:50,NEUILLY NEWFORMER - INTENSE PILATES,NEWFORMER - INTENSE PILATES,Jacky TEWES ,9,8,True,2026-08-25 02:33
2026-08-22,Samedi,13:00,13:50,PASSY NEWFORMER - INTENSE PILATES,NEWFORMER - INTENSE PILATES,Capucine GADRET,9,6,True,2026-08-25 02:33
2026-08-22,Samedi,13:00,13:50,SAINT MANDÉ REFORMER STUDIO,REFORMER PILATES,Wendy GUILHEM,12,0,True,2026-08-25 02:33
2026-08-22,Samedi,13:00,13:50,SURESNES REFORMER STUDIO,REFORMER PILATES,Cecilia PINTO,10,0,True,2026-08-25 02:33
2026-08-22,Samedi,13:00,13:50,VAUGIRARD RÉFORMER STUDIO,REFORMER PILATES,Naser SAENDI @coachfitnas,11,0,False,2026-08-21 02:34
2026-08-22,Samedi,13:00,13:50,VAVIN REFORMER STUDIO,REFORMER PILATES,Svetlana ZAREBA,12,1,False,2026-08-21 02:34
2026-08-22,Samedi,13:00,13:50,WAGRAM REFORMER STUDIO,REFORMER PILATES,Tioka TOKEDIRA,11,3,True,2026-08-25 02:33
2026-08-22,Samedi,16:00,16:50,BOSQUET REFORMER STUDIO,REFORMER PILATES,Tioka TOKEDIRA,11,5,True,2026-08-25 02:33
2026-08-22,Samedi,16:00,16:50,BOULOGNE REFORMER STUDIO,REFORMER PILATES,Déborah @debopilates,12,0,False,2026-08-21 02:34
2026-08-22,Samedi,16:00,16:50,MARAIS REFORMER STUDIO,REFORMER PILATES,Nick ELISHA Intense / Advanced,10,4,True,2026-08-25 02:33
2026-08-22,Samedi,16:00,16:50,MAUBEUGE REFORMER STUDIO,REFORMER PILATES,Cecilia PINTO,11,1,True,2026-08-25 02:33
2026-08-22,Samedi,16:00,17:00,MOZART GYM STUDIO - MAT,PILATES FUSION,Amélie BALLAND @amelietahiti,15,2,True,2026-08-25 02:33
2026-08-22,Samedi,16:00,16:50,NEUILLY GYM STUDIO - MAT,BARRE WORKOUT,Najwa TAHRI Advanced/Intense,14,0,False,2026-08-21 02:34
2026-08-22,Samedi,16:00,16:50,NEUILLY NEWFORMER - INTENSE PILATES,NEWFORMER - INTENSE PILATES,Jacky TEWES ,9,6,True,2026-08-25 02:33
2026-08-22,Samedi,16:00,16:50,SURESNES REFORMER STUDIO,REFORMER PILATES,Marianne Basbous,10,2,False,2026-08-20 02:31
2026-08-22,Samedi,16:00,16:50,VAUGIRARD RÉFORMER STUDIO,REFORMER PILATES,Léane AMRAM,11,7,True,2026-08-25 02:33
2026-08-22,Samedi,16:00,16:50,VAVIN REFORMER STUDIO,REFORMER PILATES,Jeremy KRYSTKOWIAK,12,3,True,2026-08-25 02:33
2026-08-22,Samedi,16:00,16:50,WAGRAM REFORMER STUDIO,REFORMER PILATES,Inass @pilatesbyinass,11,0,True,2026-08-25 02:33
2026-08-22,Samedi,17:00,17:50,BATIGNOLLES REFORMER STUDIO,REFORMER PILATES,Naser SAENDI @coachfitnas,12,3,True,2026-08-25 02:33
2026-08-22,Samedi,17:00,17:50,BOSQUET REFORMER STUDIO,REFORMER PILATES,Tioka TOKEDIRA,11,0,True,2026-08-25 02:33
2026-08-22,Samedi,17:00,17:50,BOULOGNE REFORMER STUDIO,REFORMER PILATES,Déborah @debopilates,12,0,True,2026-08-25 02:33
2026-08-22,Samedi,17:00,17:50,MARAIS REFORMER STUDIO,REFORMER PILATES,Nick ELISHA Intense / Advanced,10,0,False,2026-08-21 02:34
2026-08-22,Samedi,17:00,17:50,MAUBEUGE REFORMER STUDIO,REFORMER PILATES,Cecilia PINTO,11,3,True,2026-08-25 02:33
2026-08-22,Samedi,17:00,18:00,MOZART GYM STUDIO - MAT,YOGA VINYASA,Amélie BALLAND @amelietahiti,16,3,True,2026-08-25 02:33
2026-08-22,Samedi,17:00,17:50,NEUILLY GYM STUDIO - MAT,BARRE PILATES,Najwa TAHRI Advanced/Intense,12,0,False,2026-08-21 02:34
2026-08-22,Samedi,17:00,17:50,NEUILLY NEWFORMER - INTENSE PILATES,NEWFORMER - INTENSE PILATES,Jacky TEWES ,9,0,True,2026-08-25 02:33
2026-08-22,Samedi,17:00,17:50,PASSY NEWFORMER - INTENSE PILATES,NEWFORMER - INTENSE PILATES,Kasia @k_shia,9,3,True,2026-08-25 02:33
2026-08-22,Samedi,17:00,17:50,SURESNES REFORMER STUDIO,REFORMER PILATES,Marianne Basbous,10,0,False,2026-08-20 02:31
2026-08-22,Samedi,17:00,17:50,VAUGIRARD RÉFORMER STUDIO,REFORMER PILATES,Léane AMRAM,11,0,True,2026-08-25 02:33
2026-08-22,Samedi,17:00,17:50,VAVIN REFORMER STUDIO,REFORMER PILATES,Jeremy KRYSTKOWIAK,12,5,True,2026-08-25 02:33
2026-08-22,Samedi,17:00,17:50,WAGRAM REFORMER STUDIO,REFORMER PILATES,Inass @pilatesbyinass,11,0,True,2026-08-25 02:33
2026-08-22,Samedi,18:00,18:50,BATIGNOLLES REFORMER STUDIO,REFORMER PILATES,Naser SAENDI @coachfitnas,12,3,True,2026-08-25 02:33
2026-08-22,Samedi,18:00,18:50,BOSQUET REFORMER STUDIO,REFORMER PILATES,Tioka TOKEDIRA,11,5,True,2026-08-25 02:33
2026-08-22,Samedi,18:00,18:50,BOULOGNE REFORMER STUDIO,REFORMER PILATES,Déborah @debopilates,12,0,True,2026-08-25 02:33
2026-08-22,Samedi,18:00,18:50,MARAIS REFORMER STUDIO,REFORMER PILATES,Nick ELISHA Intense / Advanced,10,7,True,2026-08-25 02:33
2026-08-22,Samedi,18:00,18:50,MAUBEUGE REFORMER STUDIO,REFORMER PILATES,Cecilia PINTO,11,0,False,2026-08-21 02:34
2026-08-22,Samedi,18:00,18:50,MOZART GYM STUDIO - MAT,BODY SCULPT,Amélie BALLAND @amelietahiti,16,0,True,2026-08-25 02:33
2026-08-22,Samedi,18:00,18:50,NEUILLY GYM STUDIO - MAT,BODY SCULPT,Najwa TAHRI Advanced/Intense,12,0,False,2026-08-21 02:34
2026-08-22,Samedi,18:00,18:50,NEUILLY NEWFORMER - INTENSE PILATES,NEWFORMER - INTENSE PILATES,Jacky TEWES ,9,0,True,2026-08-25 02:33
2026-08-22,Samedi,18:00,18:50,PASSY NEWFORMER - INTENSE PILATES,NEWFORMER - INTENSE PILATES,Kasia @k_shia,9,0,True,2026-08-25 02:33
2026-08-22,Samedi,18:00,18:50,SURESNES REFORMER STUDIO,REFORMER PILATES,Marianne Basbous,10,0,False,2026-08-20 02:31
2026-08-22,Samedi,18:00,18:50,VAUGIRARD RÉFORMER STUDIO,REFORMER PILATES,Léane AMRAM,11,6,True,2026-08-25 02:33
2026-08-22,Samedi,18:00,18:50,VAVIN REFORMER STUDIO,REFORMER PILATES,Jeremy KRYSTKOWIAK,12,6,True,2026-08-25 02:33
2026-08-22,Samedi,18:00,18:50,WAGRAM REFORMER STUDIO,REFORMER PILATES,Inass @pilatesbyinass,11,0,False,2026-08-21 02:34
2026-08-22,Samedi,19:00,19:50,BATIGNOLLES REFORMER STUDIO,REFORMER PILATES,Naser SAENDI @coachfitnas,12,6,True,2026-08-25 02:33
2026-08-22,Samedi,19:00,19:50,PASSY NEWFORMER - INTENSE PILATES,NEWFORMER - INTENSE PILATES,Kasia @k_shia,9,0,False,2026-08-20 02:31
2026-08-23,Dimanche,09:00,09:50,BOSQUET REFORMER STUDIO,REFORMER PILATES,Sandra ANTUNES,11,4,True,2026-08-26 02:34
2026-08-23,Dimanche,09:00,09:50,BOULOGNE REFORMER STUDIO,REFORMER PILATES,Justine  LE CORRE @justine.fitandflowreformer,12,4,True,2026-08-26 02:34
2026-08-23,Dimanche,09:00,09:50,PASSY NEWFORMER - INTENSE PILATES,NEWFORMER - INTENSE PILATES,Bonita @bonitawellness_,9,7,True,2026-08-26 02:34
2026-08-23,Dimanche,09:00,09:50,VAVIN REFORMER STUDIO,REFORMER PILATES,Jacky TEWES ,12,1,True,2026-08-26 02:34
2026-08-23,Dimanche,09:00,09:50,WAGRAM REFORMER STUDIO,REFORMER PILATES,Nick ELISHA Intense / Advanced,11,6,True,2026-08-26 02:34
2026-08-23,Dimanche,10:00,10:50,BATIGNOLLES REFORMER STUDIO,REFORMER PILATES,Inass @pilatesbyinass,12,11,True,2026-08-26 02:34
2026-08-23,Dimanche,10:00,10:50,BOSQUET REFORMER STUDIO,REFORMER PILATES,Sandra ANTUNES,11,9,True,2026-08-26 02:34
2026-08-23,Dimanche,10:00,10:50,BOULOGNE REFORMER STUDIO,REFORMER PILATES,Justine  LE CORRE @justine.fitandflowreformer,12,10,True,2026-08-26 02:34
2026-08-23,Dimanche,10:00,10:50,INVALIDES REFORMER STUDIO,REFORMER PILATES,Geraldine SELIGMANN,10,0,True,2026-08-26 02:34
2026-08-23,Dimanche,10:00,10:50,MADELEINE REFORMER STUDIO,REFORMER PILATES,Shana  MAMOU,12,0,True,2026-08-26 02:34
2026-08-23,Dimanche,10:00,10:50,MARAIS REFORMER STUDIO,REFORMER PILATES,Sofia TRUKHACHEVA,10,8,True,2026-08-26 02:34
2026-08-23,Dimanche,10:00,10:50,MAUBEUGE REFORMER STUDIO,REFORMER PILATES,Polly PRIANIKOVA,11,5,True,2026-08-26 02:34
2026-08-23,Dimanche,10:00,10:50,MIROMESNIL REFORMER STUDIO,REFORMER PILATES,Natasha LODHI - Intense / Advanced,11,0,True,2026-08-26 02:34
2026-08-23,Dimanche,10:00,11:00,MOZART GYM STUDIO - MAT,YOGA VINYASA,Stéphanie CUNICO,16,12,True,2026-08-26 02:34
2026-08-23,Dimanche,10:00,10:50,NEUILLY NEWFORMER - INTENSE PILATES,NEWFORMER - INTENSE PILATES,Sarah CLEJAN,9,0,True,2026-08-26 02:34
2026-08-23,Dimanche,10:00,10:50,PASSY NEWFORMER - INTENSE PILATES,NEWFORMER - INTENSE PILATES,Bonita @bonitawellness_,9,0,True,2026-08-26 02:34
2026-08-23,Dimanche,10:00,10:50,SAINT MANDÉ REFORMER STUDIO,REFORMER PILATES,Iris BALAZS,12,0,True,2026-08-26 02:34
2026-08-23,Dimanche,10:00,10:50,SENTIER REFORMER STUDIO,REFORMER PILATES,Sonia @sonia_raconte Intermédiaire/Avancé ,14,0,True,2026-08-26 02:34
2026-08-23,Dimanche,10:00,10:50,SURESNES REFORMER STUDIO,REFORMER PILATES,Dorina YICHU ,10,10,True,2026-08-26 02:34
2026-08-23,Dimanche,10:00,10:50,VAUGIRARD RÉFORMER STUDIO,REFORMER PILATES,Eva MENIGOZ,11,0,False,2026-08-21 02:34
2026-08-23,Dimanche,10:00,10:50,VAVIN REFORMER STUDIO,REFORMER PILATES,Jacky TEWES ,12,9,True,2026-08-26 02:34
2026-08-23,Dimanche,10:00,10:50,WAGRAM REFORMER STUDIO,REFORMER PILATES,Nick ELISHA Intense / Advanced,11,9,True,2026-08-26 02:34
2026-08-23,Dimanche,11:00,11:50,BATIGNOLLES REFORMER STUDIO,REFORMER PILATES,Inass @pilatesbyinass,12,12,True,2026-08-26 02:34
2026-08-23,Dimanche,11:00,11:50,BOSQUET REFORMER STUDIO,REFORMER PILATES,Sandra ANTUNES,11,11,True,2026-08-26 02:34
2026-08-23,Dimanche,11:00,11:50,BOULOGNE REFORMER STUDIO,REFORMER PILATES,Justine  LE CORRE @justine.fitandflowreformer,12,10,True,2026-08-26 02:34
2026-08-23,Dimanche,11:00,11:50,INVALIDES REFORMER STUDIO,REFORMER PILATES,Geraldine SELIGMANN,10,0,True,2026-08-26 02:34
2026-08-23,Dimanche,11:00,11:50,MADELEINE REFORMER STUDIO,REFORMER PILATES,Shana  MAMOU,12,0,True,2026-08-26 02:34
2026-08-23,Dimanche,11:00,11:50,MARAIS REFORMER STUDIO,REFORMER PILATES,Sofia TRUKHACHEVA,10,8,True,2026-08-26 02:34
2026-08-23,Dimanche,11:00,11:50,MAUBEUGE REFORMER STUDIO,REFORMER PILATES,Polly PRIANIKOVA,11,8,True,2026-08-26 02:34
2026-08-23,Dimanche,11:00,11:50,MIROMESNIL REFORMER STUDIO,REFORMER PILATES,Natasha LODHI - Intense / Advanced,11,2,False,2026-08-21 02:34
2026-08-23,Dimanche,11:00,12:00,MOZART GYM STUDIO - MAT,BARRE WORKOUT,Sirine Benmeddah,17,7,True,2026-08-26 02:34
2026-08-23,Dimanche,11:00,11:50,NEUILLY NEWFORMER - INTENSE PILATES,NEWFORMER - INTENSE PILATES,Sarah CLEJAN,9,9,True,2026-08-26 02:34
2026-08-23,Dimanche,11:00,11:50,PASSY NEWFORMER - INTENSE PILATES,NEWFORMER - INTENSE PILATES,Bonita @bonitawellness_,9,9,True,2026-08-26 02:34
2026-08-23,Dimanche,11:00,11:50,SAINT MANDÉ REFORMER STUDIO,REFORMER PILATES,Iris BALAZS,12,0,True,2026-08-26 02:34
2026-08-23,Dimanche,11:00,11:50,SENTIER REFORMER STUDIO,REFORMER PILATES,Sonia @sonia_raconte Intermédiaire/Avancé ,14,5,True,2026-08-26 02:34
2026-08-23,Dimanche,11:00,11:50,SURESNES REFORMER STUDIO,REFORMER PILATES,Dorina YICHU ,10,6,True,2026-08-26 02:34
2026-08-23,Dimanche,11:00,11:50,VAUGIRARD RÉFORMER STUDIO,REFORMER PILATES,Eva MENIGOZ,11,11,True,2026-08-26 02:34
2026-08-23,Dimanche,11:00,11:50,VAVIN REFORMER STUDIO,REFORMER PILATES,Jacky TEWES ,12,8,True,2026-08-26 02:34
2026-08-23,Dimanche,11:00,11:50,WAGRAM REFORMER STUDIO,REFORMER PILATES,Nick ELISHA Intense / Advanced,11,7,True,2026-08-26 02:34
2026-08-23,Dimanche,12:00,12:50,BATIGNOLLES REFORMER STUDIO,REFORMER PILATES,Inass @pilatesbyinass,12,9,True,2026-08-26 02:34
2026-08-23,Dimanche,12:00,12:50,BOSQUET REFORMER STUDIO,REFORMER PILATES,Sandra ANTUNES,11,8,True,2026-08-26 02:34
2026-08-23,Dimanche,12:00,12:50,BOULOGNE REFORMER STUDIO,REFORMER PILATES,Justine  LE CORRE @justine.fitandflowreformer,12,10,True,2026-08-26 02:34
2026-08-23,Dimanche,12:00,12:50,INVALIDES REFORMER STUDIO,REFORMER PILATES,Geraldine SELIGMANN,10,0,True,2026-08-26 02:34
2026-08-23,Dimanche,12:00,12:50,MADELEINE REFORMER STUDIO,REFORMER PILATES,Shana  MAMOU,12,0,True,2026-08-26 02:34
2026-08-23,Dimanche,12:00,12:50,MARAIS REFORMER STUDIO,REFORMER PILATES,Sofia TRUKHACHEVA,10,8,True,2026-08-26 02:34
2026-08-23,Dimanche,12:00,12:50,MAUBEUGE REFORMER STUDIO,REFORMER PILATES,Polly PRIANIKOVA,11,4,True,2026-08-26 02:34
2026-08-23,Dimanche,12:00,12:50,MIROMESNIL REFORMER STUDIO,REFORMER PILATES,Natasha LODHI - Intense / Advanced,11,0,False,2026-08-21 02:34
2026-08-23,Dimanche,12:00,13:00,MOZART GYM STUDIO - MAT,BARRE WORKOUT,Sirine Benmeddah,17,4,True,2026-08-26 02:34
2026-08-23,Dimanche,12:00,13:00,NEUILLY GYM STUDIO - MAT,Cuisses Abdos Fessiers - CAF,Joe BERCKMANS @go_for_it_joe,14,6,True,2026-08-26 02:34
2026-08-23,Dimanche,12:00,12:50,NEUILLY NEWFORMER - INTENSE PILATES,NEWFORMER - INTENSE PILATES,Sarah Bellagamba,9,8,True,2026-08-26 02:34
2026-08-23,Dimanche,12:00,12:50,PASSY NEWFORMER - INTENSE PILATES,NEWFORMER - INTENSE PILATES,Bonita @bonitawellness_,9,4,True,2026-08-26 02:34
2026-08-23,Dimanche,12:00,12:50,SAINT MANDÉ REFORMER STUDIO,REFORMER PILATES,Iris BALAZS,12,0,True,2026-08-26 02:34
2026-08-23,Dimanche,12:00,12:50,SENTIER REFORMER STUDIO,REFORMER PILATES,Sonia @sonia_raconte Intermédiaire/Avancé ,14,2,True,2026-08-26 02:34
2026-08-23,Dimanche,12:00,12:50,SURESNES REFORMER STUDIO,REFORMER PILATES,Dorina YICHU ,10,7,True,2026-08-26 02:34
2026-08-23,Dimanche,12:00,12:50,VAUGIRARD RÉFORMER STUDIO,REFORMER PILATES,Eva MENIGOZ,11,4,True,2026-08-26 02:34
2026-08-23,Dimanche,12:00,12:50,VAVIN REFORMER STUDIO,REFORMER PILATES,Jacky TEWES ,12,3,True,2026-08-26 02:34
2026-08-23,Dimanche,12:00,12:50,WAGRAM REFORMER STUDIO,REFORMER PILATES,Nick ELISHA Intense / Advanced,11,2,True,2026-08-26 02:34
2026-08-23,Dimanche,13:00,13:50,BATIGNOLLES REFORMER STUDIO,REFORMER PILATES,Inass @pilatesbyinass,12,7,True,2026-08-26 02:34
2026-08-23,Dimanche,13:00,13:50,BOSQUET REFORMER STUDIO,REFORMER PILATES,Sandra ANTUNES,11,0,False,2026-08-21 02:34
2026-08-23,Dimanche,13:00,13:50,INVALIDES REFORMER STUDIO,REFORMER PILATES,Geraldine SELIGMANN,10,0,True,2026-08-26 02:34
2026-08-23,Dimanche,13:00,13:50,MARAIS REFORMER STUDIO,REFORMER PILATES,Sofia TRUKHACHEVA,10,6,True,2026-08-26 02:34
2026-08-23,Dimanche,13:00,13:50,MAUBEUGE REFORMER STUDIO,REFORMER PILATES,Polly PRIANIKOVA,11,5,True,2026-08-26 02:34
2026-08-23,Dimanche,13:00,13:50,MIROMESNIL REFORMER STUDIO,REFORMER PILATES,Natasha LODHI - Intense / Advanced,11,2,False,2026-08-21 02:34
2026-08-23,Dimanche,13:00,14:00,MOZART GYM STUDIO - MAT,DYNAMIC PILATES,Sirine Benmeddah,20,8,True,2026-08-26 02:34
2026-08-23,Dimanche,13:00,14:00,NEUILLY GYM STUDIO - MAT,BODY SCULPT,Joe BERCKMANS @go_for_it_joe,14,0,True,2026-08-26 02:34
2026-08-23,Dimanche,13:00,13:50,NEUILLY NEWFORMER - INTENSE PILATES,NEWFORMER - INTENSE PILATES,Sarah Bellagamba,9,0,True,2026-08-26 02:34
2026-08-23,Dimanche,13:00,13:50,PASSY NEWFORMER - INTENSE PILATES,NEWFORMER - INTENSE PILATES,Bonita @bonitawellness_,9,0,True,2026-08-26 02:34
2026-08-23,Dimanche,13:00,13:50,VAUGIRARD RÉFORMER STUDIO,REFORMER PILATES,Eva MENIGOZ,11,3,True,2026-08-26 02:34
2026-08-23,Dimanche,13:00,13:50,VAVIN REFORMER STUDIO,REFORMER PILATES,Jacky TEWES ,12,7,True,2026-08-26 02:34
2026-08-23,Dimanche,13:00,13:50,WAGRAM REFORMER STUDIO,REFORMER PILATES,Nick ELISHA Intense / Advanced,11,0,False,2026-08-21 02:34
2026-08-23,Dimanche,16:00,16:50,BATIGNOLLES REFORMER STUDIO,REFORMER PILATES,Florence COLLIN BECUWE Advanced/Intense ,12,6,True,2026-08-26 02:34
2026-08-23,Dimanche,16:00,16:50,BOULOGNE REFORMER STUDIO,REFORMER PILATES,Justine  LE CORRE @justine.fitandflowreformer,12,8,True,2026-08-26 02:34
2026-08-23,Dimanche,16:00,16:50,MARAIS REFORMER STUDIO,REFORMER PILATES,Polly PRIANIKOVA,10,0,False,2026-08-23 02:34
2026-08-23,Dimanche,16:00,16:50,NEUILLY NEWFORMER - INTENSE PILATES,NEWFORMER - INTENSE PILATES,Sarah Bellagamba,9,0,True,2026-08-26 02:34
2026-08-23,Dimanche,16:00,16:50,PASSY NEWFORMER - INTENSE PILATES,NEWFORMER - INTENSE PILATES,Sandra ANTUNES,9,4,True,2026-08-26 02:34
2026-08-23,Dimanche,16:00,16:50,VAUGIRARD RÉFORMER STUDIO,REFORMER PILATES,Naser SAENDI @coachfitnas,11,3,True,2026-08-26 02:34
2026-08-23,Dimanche,16:00,16:50,VAVIN REFORMER STUDIO,REFORMER PILATES,Jacky TEWES ,12,8,True,2026-08-26 02:34
2026-08-23,Dimanche,16:00,16:50,WAGRAM REFORMER STUDIO,REFORMER PILATES,Nick ELISHA Intense / Advanced,11,1,False,2026-08-21 02:34
2026-08-23,Dimanche,16:45,17:45,NEUILLY GYM STUDIO - MAT,BARRE WORKOUT,Valentine @balletdodu ,12,10,True,2026-08-26 02:34
2026-08-23,Dimanche,17:00,17:50,BATIGNOLLES REFORMER STUDIO,REFORMER PILATES,Florence COLLIN BECUWE Advanced/Intense ,12,9,True,2026-08-26 02:34
2026-08-23,Dimanche,17:00,17:50,BOSQUET REFORMER STUDIO,REFORMER PILATES,Tioka TOKEDIRA,11,11,True,2026-08-26 02:34
2026-08-23,Dimanche,17:00,17:50,BOULOGNE REFORMER STUDIO,REFORMER PILATES,Justine  LE CORRE @justine.fitandflowreformer,12,6,True,2026-08-26 02:34
2026-08-23,Dimanche,17:00,17:50,MARAIS REFORMER STUDIO,REFORMER PILATES,Polly PRIANIKOVA,10,1,False,2026-08-23 02:34
2026-08-23,Dimanche,17:00,17:50,MAUBEUGE REFORMER STUDIO,REFORMER PILATES,Léane AMRAM,11,3,True,2026-08-26 02:34
2026-08-23,Dimanche,17:00,18:00,MOZART GYM STUDIO - MAT,DYNAMIC PILATES,Franziska SCHERNER,16,4,True,2026-08-26 02:34
2026-08-23,Dimanche,17:00,17:50,NEUILLY NEWFORMER - INTENSE PILATES,NEWFORMER - INTENSE PILATES,Sarah Bellagamba,9,0,True,2026-08-26 02:34
2026-08-23,Dimanche,17:00,17:50,PASSY NEWFORMER - INTENSE PILATES,NEWFORMER - INTENSE PILATES,Sandra ANTUNES,9,0,True,2026-08-26 02:34
2026-08-23,Dimanche,17:00,17:50,VAUGIRARD RÉFORMER STUDIO,REFORMER PILATES,Naser SAENDI @coachfitnas,11,7,True,2026-08-26 02:34
2026-08-23,Dimanche,17:00,17:50,VAVIN REFORMER STUDIO,REFORMER PILATES,Jacky TEWES ,12,0,True,2026-08-26 02:34
2026-08-23,Dimanche,17:00,17:50,WAGRAM REFORMER STUDIO,REFORMER PILATES,Nick ELISHA Intense / Advanced,11,8,True,2026-08-26 02:34
2026-08-23,Dimanche,17:45,18:30,NEUILLY GYM STUDIO - MAT,STRETCHING CLASS,Valentine @balletdodu ,12,4,True,2026-08-26 02:34
2026-08-23,Dimanche,18:00,18:50,BATIGNOLLES REFORMER STUDIO,REFORMER PILATES,Florence COLLIN BECUWE Advanced/Intense ,12,12,True,2026-08-26 02:34
2026-08-23,Dimanche,18:00,18:50,BOSQUET REFORMER STUDIO,REFORMER PILATES,Tioka TOKEDIRA,11,0,True,2026-08-26 02:34
2026-08-23,Dimanche,18:00,18:50,BOULOGNE REFORMER STUDIO,REFORMER PILATES,Justine  LE CORRE @justine.fitandflowreformer,12,6,True,2026-08-26 02:34
2026-08-23,Dimanche,18:00,18:50,MAUBEUGE REFORMER STUDIO,REFORMER PILATES,Léane AMRAM,11,4,True,2026-08-26 02:34
2026-08-23,Dimanche,18:00,19:00,MOZART GYM STUDIO - MAT,YOGA VINYASA,Franziska SCHERNER,16,7,True,2026-08-26 02:34
2026-08-23,Dimanche,18:00,18:50,NEUILLY NEWFORMER - INTENSE PILATES,NEWFORMER - INTENSE PILATES,Sarah Bellagamba,9,9,True,2026-08-26 02:34
2026-08-23,Dimanche,18:00,18:50,PASSY NEWFORMER - INTENSE PILATES,NEWFORMER - INTENSE PILATES,Sandra ANTUNES,9,0,True,2026-08-26 02:34
2026-08-23,Dimanche,18:00,18:50,VAUGIRARD RÉFORMER STUDIO,REFORMER PILATES,Naser SAENDI @coachfitnas,11,3,True,2026-08-26 02:34
2026-08-23,Dimanche,18:00,18:50,VAVIN REFORMER STUDIO,REFORMER PILATES,Jacky TEWES ,12,1,True,2026-08-26 02:34
2026-08-23,Dimanche,18:00,18:50,WAGRAM REFORMER STUDIO,REFORMER PILATES,Nick ELISHA Intense / Advanced,11,5,True,2026-08-26 02:34
2026-08-23,Dimanche,18:30,19:20,NEUILLY GYM STUDIO - MAT,Cuisses Abdos Fessiers - CAF,Margot BOUDER,12,0,False,2026-08-21 02:34
2026-08-23,Dimanche,19:00,19:50,BATIGNOLLES REFORMER STUDIO,REFORMER PILATES,Florence COLLIN BECUWE Advanced/Intense ,12,7,True,2026-08-26 02:34
2026-08-23,Dimanche,19:00,19:50,BOSQUET REFORMER STUDIO,REFORMER PILATES,Tioka TOKEDIRA,11,8,True,2026-08-26 02:34
2026-08-23,Dimanche,19:00,19:50,MAUBEUGE REFORMER STUDIO,REFORMER PILATES,Léane AMRAM,11,3,True,2026-08-26 02:34
2026-08-23,Dimanche,19:00,20:00,MOZART GYM STUDIO - MAT,FOCUS ABS & FULL BODY,Franziska SCHERNER,16,5,True,2026-08-26 02:34
2026-08-24,Lundi,08:00,08:50,BATIGNOLLES REFORMER STUDIO,REFORMER PILATES,Camille AUZANNEAU,12,4,True,2026-08-27 07:20
2026-08-24,Lundi,08:00,08:50,BOSQUET REFORMER STUDIO,REFORMER PILATES,Florence COLLIN BECUWE Advanced/Intense ,11,4,True,2026-08-27 07:20
2026-08-24,Lundi,08:00,08:50,MAUBEUGE REFORMER STUDIO,REFORMER PILATES,Julia TAPIRO,11,0,True,2026-08-27 07:20
2026-08-24,Lundi,08:00,08:50,MIROMESNIL REFORMER STUDIO,REFORMER PILATES,Sacha DOURIANT,11,0,True,2026-08-27 07:20
2026-08-24,Lundi,08:00,08:50,PASSY NEWFORMER - INTENSE PILATES,NEWFORMER - INTENSE PILATES,Capucine GADRET,9,2,True,2026-08-27 07:20
2026-08-24,Lundi,08:00,08:50,VAUGIRARD RÉFORMER STUDIO,REFORMER PILATES,Sonia @sonia_raconte Intermédiaire/Avancé ,11,3,True,2026-08-27 07:20
2026-08-24,Lundi,08:00,08:50,VAVIN REFORMER STUDIO,REFORMER PILATES,Angelina TAVARES,12,0,True,2026-08-27 07:20
2026-08-24,Lundi,08:00,08:50,WAGRAM REFORMER STUDIO,REFORMER PILATES,Jacky TEWES ,11,0,True,2026-08-27 07:20
2026-08-24,Lundi,08:30,09:30,MOZART GYM STUDIO - MAT,DYNAMIC PILATES,Marie-Claire AZAR @mc.ismyname Intense / Advanced,16,3,True,2026-08-27 07:20
2026-08-24,Lundi,09:00,09:50,BATIGNOLLES REFORMER STUDIO,REFORMER PILATES,Camille AUZANNEAU,12,4,True,2026-08-27 07:20
2026-08-24,Lundi,09:00,09:50,BOSQUET REFORMER STUDIO,REFORMER PILATES,Florence COLLIN BECUWE Advanced/Intense ,11,5,True,2026-08-27 07:20
2026-08-24,Lundi,09:00,09:50,BOULOGNE REFORMER STUDIO,REFORMER PILATES,Shana  MAMOU,12,0,True,2026-08-27 07:20
2026-08-24,Lundi,09:00,09:50,INVALIDES REFORMER STUDIO,REFORMER PILATES,Soudi ZARGHAM,10,0,True,2026-08-27 07:20
2026-08-24,Lundi,09:00,09:50,MADELEINE REFORMER STUDIO,REFORMER PILATES,Audrey HUGON,12,2,True,2026-08-27 07:20
2026-08-24,Lundi,09:00,09:50,MARAIS REFORMER STUDIO,REFORMER PILATES,Polly PRIANIKOVA,10,0,True,2026-08-27 07:20
2026-08-24,Lundi,09:00,09:50,MAUBEUGE REFORMER STUDIO,REFORMER PILATES,Julia TAPIRO,11,0,True,2026-08-27 07:20
2026-08-24,Lundi,09:00,09:50,MIROMESNIL REFORMER STUDIO,REFORMER PILATES,Sacha DOURIANT,11,2,True,2026-08-27 07:20
2026-08-24,Lundi,09:00,09:50,NEUILLY NEWFORMER - INTENSE PILATES,NEWFORMER - INTENSE PILATES,Shana  MAMOU,9,0,True,2026-08-27 07:20
2026-08-24,Lundi,09:00,09:50,PASSY NEWFORMER - INTENSE PILATES,NEWFORMER - INTENSE PILATES,Capucine GADRET,9,4,True,2026-08-27 07:20
2026-08-24,Lundi,09:00,09:50,SURESNES REFORMER STUDIO,REFORMER PILATES,Lucie DUMONT,10,3,True,2026-08-27 07:20
2026-08-24,Lundi,09:00,09:50,VAUGIRARD RÉFORMER STUDIO,REFORMER PILATES,Sonia @sonia_raconte Intermédiaire/Avancé ,11,0,True,2026-08-27 07:20
2026-08-24,Lundi,09:00,09:50,VAVIN REFORMER STUDIO,REFORMER PILATES,Angelina TAVARES,12,5,True,2026-08-27 07:20
2026-08-24,Lundi,09:00,09:50,WAGRAM REFORMER STUDIO,REFORMER PILATES,Jacky TEWES ,11,0,True,2026-08-27 07:20
2026-08-24,Lundi,09:30,10:30,MOZART GYM STUDIO - MAT,BARRE WORKOUT,Kim GAMPEL,16,5,True,2026-08-27 07:20
2026-08-24,Lundi,10:00,10:50,BATIGNOLLES REFORMER STUDIO,REFORMER PILATES,Camille AUZANNEAU,12,0,True,2026-08-27 07:20
2026-08-24,Lundi,10:00,10:50,BOSQUET REFORMER STUDIO,REFORMER PILATES,Florence COLLIN BECUWE Advanced/Intense ,11,0,True,2026-08-27 07:20
2026-08-24,Lundi,10:00,10:50,BOULOGNE REFORMER STUDIO,REFORMER PILATES,Aude SCHLACTHER,12,0,True,2026-08-27 07:20
2026-08-24,Lundi,10:00,10:50,INVALIDES REFORMER STUDIO,REFORMER PILATES,Soudi ZARGHAM,10,0,True,2026-08-27 07:20
2026-08-24,Lundi,10:00,10:50,MADELEINE REFORMER STUDIO,REFORMER PILATES,Audrey HUGON,12,0,True,2026-08-27 07:20
2026-08-24,Lundi,10:00,10:50,MARAIS REFORMER STUDIO,REFORMER PILATES,Polly PRIANIKOVA,10,0,True,2026-08-27 07:20
2026-08-24,Lundi,10:00,10:50,MAUBEUGE REFORMER STUDIO,REFORMER PILATES,Julia TAPIRO,11,8,True,2026-08-27 07:20
2026-08-24,Lundi,10:00,10:50,MIROMESNIL REFORMER STUDIO,REFORMER PILATES,Sacha DOURIANT,11,5,True,2026-08-27 07:20
2026-08-24,Lundi,10:00,10:50,NEUILLY NEWFORMER - INTENSE PILATES,NEWFORMER - INTENSE PILATES,Shana  MAMOU,9,0,True,2026-08-27 07:20
2026-08-24,Lundi,10:00,10:50,PASSY NEWFORMER - INTENSE PILATES,NEWFORMER - INTENSE PILATES,Capucine GADRET,9,0,True,2026-08-27 07:20
2026-08-24,Lundi,10:00,10:50,SURESNES REFORMER STUDIO,REFORMER PILATES,Lucie DUMONT,10,2,True,2026-08-27 07:20
2026-08-24,Lundi,10:00,10:50,VAVIN REFORMER STUDIO,REFORMER PILATES,Angelina TAVARES,12,3,True,2026-08-27 07:20
2026-08-24,Lundi,10:00,10:50,WAGRAM REFORMER STUDIO,REFORMER PILATES,Jacky TEWES ,11,8,True,2026-08-27 07:20
2026-08-24,Lundi,10:30,11:30,MOZART GYM STUDIO - MAT,BARRE WORKOUT,Valérie @valeriefitcoaching / Advanced,16,0,False,2026-08-24 02:33
2026-08-24,Lundi,11:00,11:50,BATIGNOLLES REFORMER STUDIO,REFORMER PILATES,Camille AUZANNEAU,12,2,True,2026-08-27 07:20
2026-08-24,Lundi,11:00,11:50,BOULOGNE REFORMER STUDIO,REFORMER PILATES,Aude SCHLACTHER,12,6,True,2026-08-27 07:20
2026-08-24,Lundi,11:00,11:50,MIROMESNIL REFORMER STUDIO,REFORMER PILATES,Geraldine SELIGMANN,11,0,True,2026-08-27 07:20
2026-08-24,Lundi,11:00,11:50,NEUILLY NEWFORMER - INTENSE PILATES,NEWFORMER - INTENSE PILATES,Nicolas MARTINS Intense / Advanced,9,9,True,2026-08-27 07:20
2026-08-24,Lundi,11:00,11:50,PASSY NEWFORMER - INTENSE PILATES,NEWFORMER - INTENSE PILATES,Carla @training_by_carla,9,0,True,2026-08-27 07:20
2026-08-24,Lundi,11:00,11:50,SAINT MANDÉ REFORMER STUDIO,REFORMER PILATES,Nick ELISHA Intense / Advanced,12,3,True,2026-08-27 07:20
2026-08-24,Lundi,11:00,11:50,SURESNES REFORMER STUDIO,REFORMER PILATES,Lucie DUMONT,10,6,True,2026-08-27 07:20
2026-08-24,Lundi,11:00,11:50,VAUGIRARD RÉFORMER STUDIO,REFORMER PILATES,Naser SAENDI @coachfitnas,11,3,True,2026-08-27 07:20
2026-08-24,Lundi,11:00,11:50,WAGRAM REFORMER STUDIO,REFORMER PILATES,Jacky TEWES ,11,2,True,2026-08-27 07:20
2026-08-24,Lundi,12:00,12:50,BATIGNOLLES REFORMER STUDIO,REFORMER PILATES,Camille AUZANNEAU,12,6,True,2026-08-27 07:20
2026-08-24,Lundi,12:00,12:50,BOSQUET REFORMER STUDIO,REFORMER PILATES,Soudi ZARGHAM,11,5,True,2026-08-27 07:20
2026-08-24,Lundi,12:00,12:50,BOULOGNE REFORMER STUDIO,REFORMER PILATES,Aude SCHLACTHER,12,4,True,2026-08-27 07:20
2026-08-24,Lundi,12:00,12:50,INVALIDES REFORMER STUDIO,REFORMER PILATES,Stephanie BROWN - English Class,10,0,True,2026-08-27 07:20
2026-08-24,Lundi,12:00,12:50,MADELEINE REFORMER STUDIO,REFORMER PILATES,Shana  MAMOU,12,4,True,2026-08-27 07:20
2026-08-24,Lundi,12:00,12:50,MARAIS REFORMER STUDIO,REFORMER PILATES,Cédric ARAMAN,10,4,True,2026-08-27 07:20
2026-08-24,Lundi,12:00,12:50,MAUBEUGE REFORMER STUDIO,REFORMER PILATES,Lisa KURZTAG - Intense/Advanced,11,3,True,2026-08-27 07:20
2026-08-24,Lundi,12:00,12:50,MIROMESNIL REFORMER STUDIO,REFORMER PILATES,Geraldine SELIGMANN,11,4,True,2026-08-27 07:20
2026-08-24,Lundi,12:00,12:50,NEUILLY NEWFORMER - INTENSE PILATES,NEWFORMER - INTENSE PILATES,Nicolas MARTINS Intense / Advanced,9,0,True,2026-08-27 07:20
2026-08-24,Lundi,12:00,12:50,PASSY NEWFORMER - INTENSE PILATES,NEWFORMER - INTENSE PILATES,Carla @training_by_carla,9,5,True,2026-08-27 07:20
2026-08-24,Lundi,12:00,12:50,SAINT MANDÉ REFORMER STUDIO,REFORMER PILATES,Nick ELISHA Intense / Advanced,12,1,True,2026-08-27 07:20
2026-08-24,Lundi,12:00,12:50,SENTIER REFORMER STUDIO,REFORMER PILATES,Sofia TRUKHACHEVA,14,5,True,2026-08-27 07:20
2026-08-24,Lundi,12:00,12:50,SURESNES REFORMER STUDIO,REFORMER PILATES,Justine  LE CORRE @justine.fitandflowreformer,10,0,True,2026-08-27 07:20
2026-08-24,Lundi,12:00,12:50,VAUGIRARD RÉFORMER STUDIO,REFORMER PILATES,Naser SAENDI @coachfitnas,11,2,True,2026-08-27 07:20
2026-08-24,Lundi,12:00,12:50,VAVIN REFORMER STUDIO,REFORMER PILATES,Sacha DOURIANT,12,0,True,2026-08-27 07:20
2026-08-24,Lundi,12:00,12:50,WAGRAM REFORMER STUDIO,REFORMER PILATES,Jacky TEWES ,11,3,True,2026-08-27 07:20
2026-08-24,Lundi,12:30,13:30,MOZART GYM STUDIO - MAT,FULL BODY WORKOUT,Nicolas DUCHESNE,16,11,True,2026-08-27 07:20
2026-08-24,Lundi,12:45,13:30,NEUILLY GYM STUDIO - MAT,BODY SCULPT,Bibi 610,15,0,False,2026-08-23 02:34
2026-08-24,Lundi,13:00,13:50,BATIGNOLLES REFORMER STUDIO,REFORMER PILATES,Camille AUZANNEAU,12,0,True,2026-08-27 07:20
2026-08-24,Lundi,13:00,13:50,BOSQUET REFORMER STUDIO,REFORMER PILATES,Soudi ZARGHAM,11,0,True,2026-08-27 07:20
2026-08-24,Lundi,13:00,13:50,BOULOGNE REFORMER STUDIO,REFORMER PILATES,Aude SCHLACTHER,12,0,False,2026-08-24 02:33
2026-08-24,Lundi,13:00,13:50,INVALIDES REFORMER STUDIO,REFORMER PILATES,Stephanie BROWN - English Class,10,1,True,2026-08-27 07:20
2026-08-24,Lundi,13:00,13:50,MADELEINE REFORMER STUDIO,REFORMER PILATES,Shana  MAMOU,12,0,True,2026-08-27 07:20
2026-08-24,Lundi,13:00,13:50,MARAIS REFORMER STUDIO,REFORMER PILATES,Cédric ARAMAN,10,0,True,2026-08-27 07:20
2026-08-24,Lundi,13:00,13:50,MAUBEUGE REFORMER STUDIO,REFORMER PILATES,Lisa KURZTAG - Intense/Advanced,11,0,True,2026-08-27 07:20
2026-08-24,Lundi,13:00,13:50,MIROMESNIL REFORMER STUDIO,REFORMER PILATES,Geraldine SELIGMANN,11,4,True,2026-08-27 07:20
2026-08-24,Lundi,13:00,13:50,NEUILLY NEWFORMER - INTENSE PILATES,NEWFORMER - INTENSE PILATES,Nicolas MARTINS Intense / Advanced,9,0,True,2026-08-27 07:20
2026-08-24,Lundi,13:00,13:50,PASSY NEWFORMER - INTENSE PILATES,NEWFORMER - INTENSE PILATES,Carla @training_by_carla,9,0,True,2026-08-27 07:20
2026-08-24,Lundi,13:00,13:50,SENTIER REFORMER STUDIO,REFORMER PILATES,Sofia TRUKHACHEVA,14,0,True,2026-08-27 07:20
2026-08-24,Lundi,13:00,13:50,SURESNES REFORMER STUDIO,REFORMER PILATES,Justine  LE CORRE @justine.fitandflowreformer,10,0,True,2026-08-27 07:20
2026-08-24,Lundi,13:00,13:50,VAUGIRARD RÉFORMER STUDIO,REFORMER PILATES,Naser SAENDI @coachfitnas,11,0,True,2026-08-27 07:20
2026-08-24,Lundi,13:00,13:50,VAVIN REFORMER STUDIO,REFORMER PILATES,Sacha DOURIANT,12,4,True,2026-08-27 07:20
2026-08-24,Lundi,13:00,13:50,WAGRAM REFORMER STUDIO,REFORMER PILATES,Jacky TEWES ,11,0,True,2026-08-27 07:20
2026-08-24,Lundi,14:00,14:50,MADELEINE REFORMER STUDIO,REFORMER PILATES,Shana  MAMOU,12,0,True,2026-08-27 07:20
2026-08-24,Lundi,17:00,17:50,BATIGNOLLES REFORMER STUDIO,REFORMER PILATES,Shana  MAMOU,12,0,True,2026-08-27 07:20
2026-08-24,Lundi,17:00,17:50,MADELEINE REFORMER STUDIO,REFORMER PILATES,Godefroy HISANY,12,0,True,2026-08-27 07:20
2026-08-24,Lundi,17:00,17:50,MARAIS REFORMER STUDIO,REFORMER PILATES,Aude SCHLACTHER,10,0,True,2026-08-27 07:20
2026-08-24,Lundi,17:00,17:50,MAUBEUGE REFORMER STUDIO,REFORMER PILATES,Pauline RAMON @movewithpops ,11,0,True,2026-08-27 07:20
2026-08-24,Lundi,17:00,17:50,NEUILLY NEWFORMER - INTENSE PILATES,NEWFORMER - INTENSE PILATES,Arthur Intense/Advanced @arthur.gambardella ,9,4,True,2026-08-27 07:20
2026-08-24,Lundi,17:00,17:50,WAGRAM REFORMER STUDIO,REFORMER PILATES,Ava ACHOUCHE @ava_swa,11,7,True,2026-08-27 07:20
2026-08-24,Lundi,18:00,18:50,BATIGNOLLES REFORMER STUDIO,REFORMER PILATES,Shana  MAMOU,12,12,True,2026-08-27 07:20
2026-08-24,Lundi,18:00,18:50,BOSQUET REFORMER STUDIO,REFORMER PILATES,Bonita @bonitawellness_,11,7,True,2026-08-27 07:20
2026-08-24,Lundi,18:00,18:50,BOULOGNE REFORMER STUDIO,REFORMER PILATES,Justine  LE CORRE @justine.fitandflowreformer,12,6,True,2026-08-27 07:20
2026-08-24,Lundi,18:00,18:50,INVALIDES REFORMER STUDIO,REFORMER PILATES,Julia TAPIRO,10,5,True,2026-08-27 07:20
2026-08-24,Lundi,18:00,18:50,MADELEINE REFORMER STUDIO,REFORMER PILATES,Godefroy HISANY,12,6,True,2026-08-27 07:20
2026-08-24,Lundi,18:00,18:50,MARAIS REFORMER STUDIO,REFORMER PILATES,Aude SCHLACTHER,10,5,True,2026-08-27 07:20
2026-08-24,Lundi,18:00,18:50,MAUBEUGE REFORMER STUDIO,REFORMER PILATES,Pauline RAMON @movewithpops ,11,10,True,2026-08-27 07:20
2026-08-24,Lundi,18:00,18:50,MIROMESNIL REFORMER STUDIO,REFORMER PILATES,Jacky TEWES ,11,6,True,2026-08-27 07:20
2026-08-24,Lundi,18:00,18:55,MOZART GYM STUDIO - MAT,Cuisses Abdos Fessiers - CAF,Lea GUIGNEMENT,17,2,True,2026-08-27 07:20
2026-08-24,Lundi,18:00,18:50,NEUILLY GYM STUDIO - MAT,DYNAMIC PILATES,Kim GAMPEL,12,11,True,2026-08-27 07:20
2026-08-24,Lundi,18:00,18:50,NEUILLY NEWFORMER - INTENSE PILATES,NEWFORMER - INTENSE PILATES,Arthur Intense/Advanced @arthur.gambardella ,9,6,True,2026-08-27 07:20
2026-08-24,Lundi,18:00,18:50,PASSY NEWFORMER - INTENSE PILATES,NEWFORMER - INTENSE PILATES,Polina BODEEVA,9,7,True,2026-08-27 07:20
2026-08-24,Lundi,18:00,18:50,SAINT MANDÉ REFORMER STUDIO,REFORMER PILATES,Stephanie BROWN - English Class,12,2,True,2026-08-27 07:20
2026-08-24,Lundi,18:00,18:50,SENTIER REFORMER STUDIO,REFORMER PILATES,Camille AUZANNEAU,14,2,True,2026-08-27 07:20
2026-08-24,Lundi,18:00,18:50,SURESNES REFORMER STUDIO,REFORMER PILATES,Cynthia GALIN,10,8,True,2026-08-27 07:20
2026-08-24,Lundi,18:00,18:50,VAUGIRARD RÉFORMER STUDIO,REFORMER PILATES,Stephanie BROWN - English Class,11,7,True,2026-08-27 07:20
2026-08-24,Lundi,18:00,18:50,VAVIN REFORMER STUDIO,REFORMER PILATES,Sofia TRUKHACHEVA,12,5,True,2026-08-27 07:20
2026-08-24,Lundi,18:00,18:50,WAGRAM REFORMER STUDIO,REFORMER PILATES,Ava ACHOUCHE @ava_swa,11,7,True,2026-08-27 07:20
2026-08-24,Lundi,19:00,19:50,BATIGNOLLES REFORMER STUDIO,REFORMER PILATES,Shana  MAMOU,12,12,True,2026-08-27 07:20
2026-08-24,Lundi,19:00,19:50,BOSQUET REFORMER STUDIO,REFORMER PILATES,Bonita @bonitawellness_,11,5,True,2026-08-27 07:20
2026-08-24,Lundi,19:00,19:50,BOULOGNE REFORMER STUDIO,REFORMER PILATES,Justine  LE CORRE @justine.fitandflowreformer,12,9,True,2026-08-27 07:20
2026-08-24,Lundi,19:00,19:50,INVALIDES REFORMER STUDIO,REFORMER PILATES,Julia TAPIRO,10,1,True,2026-08-27 07:20
2026-08-24,Lundi,19:00,19:50,MADELEINE REFORMER STUDIO,REFORMER PILATES,Godefroy HISANY,12,8,True,2026-08-27 07:20
2026-08-24,Lundi,19:00,19:50,MARAIS REFORMER STUDIO,REFORMER PILATES,Aude SCHLACTHER,10,9,True,2026-08-27 07:20
2026-08-24,Lundi,19:00,19:50,MAUBEUGE REFORMER STUDIO,REFORMER PILATES,Pauline RAMON @movewithpops ,11,11,True,2026-08-27 07:20
2026-08-24,Lundi,19:00,19:50,MIROMESNIL REFORMER STUDIO,REFORMER PILATES,Jacky TEWES ,11,6,True,2026-08-27 07:20
2026-08-24,Lundi,19:00,20:00,MOZART GYM STUDIO - MAT,BARRE WORKOUT,Magali LAURENT @studio.magalilaurent,16,8,True,2026-08-27 07:20
2026-08-24,Lundi,19:00,20:00,NEUILLY GYM STUDIO - MAT,BARRE WORKOUT,Kim GAMPEL,12,12,True,2026-08-27 07:20
2026-08-24,Lundi,19:00,19:50,NEUILLY NEWFORMER - INTENSE PILATES,NEWFORMER - INTENSE PILATES,Arthur Intense/Advanced @arthur.gambardella ,9,6,True,2026-08-27 07:20
2026-08-24,Lundi,19:00,19:50,PASSY NEWFORMER - INTENSE PILATES,NEWFORMER - INTENSE PILATES,Polina BODEEVA,9,7,True,2026-08-27 07:20
2026-08-24,Lundi,19:00,19:50,SAINT MANDÉ REFORMER STUDIO,REFORMER PILATES,Stephanie BROWN - English Class,12,4,True,2026-08-27 07:20
2026-08-24,Lundi,19:00,19:50,SENTIER REFORMER STUDIO,REFORMER PILATES,Camille AUZANNEAU,14,5,True,2026-08-27 07:20
2026-08-24,Lundi,19:00,19:50,SURESNES REFORMER STUDIO,REFORMER PILATES,Cynthia GALIN,10,8,True,2026-08-27 07:20
2026-08-24,Lundi,19:00,19:50,VAUGIRARD RÉFORMER STUDIO,REFORMER PILATES,Stephanie BROWN - English Class,11,8,True,2026-08-27 07:20
2026-08-24,Lundi,19:00,19:50,VAVIN REFORMER STUDIO,REFORMER PILATES,Sofia TRUKHACHEVA,12,9,True,2026-08-27 07:20
2026-08-24,Lundi,19:00,19:50,WAGRAM REFORMER STUDIO,REFORMER PILATES,Ava ACHOUCHE @ava_swa,11,10,True,2026-08-27 07:20
2026-08-24,Lundi,20:00,20:50,BATIGNOLLES REFORMER STUDIO,REFORMER PILATES,Shana  MAMOU,12,9,True,2026-08-27 07:20
2026-08-24,Lundi,20:00,20:50,BOSQUET REFORMER STUDIO,REFORMER PILATES,Bonita @bonitawellness_,11,5,True,2026-08-27 07:20
2026-08-24,Lundi,20:00,20:50,BOULOGNE REFORMER STUDIO,REFORMER PILATES,Justine  LE CORRE @justine.fitandflowreformer,12,1,False,2026-08-24 02:33
2026-08-24,Lundi,20:00,20:50,INVALIDES REFORMER STUDIO,REFORMER PILATES,Julia TAPIRO,10,1,True,2026-08-27 07:20
2026-08-24,Lundi,20:00,20:50,MARAIS REFORMER STUDIO,REFORMER PILATES,Aude SCHLACTHER,10,9,True,2026-08-27 07:20
2026-08-24,Lundi,20:00,20:50,MAUBEUGE REFORMER STUDIO,REFORMER PILATES,Pauline RAMON @movewithpops ,11,4,True,2026-08-27 07:20
2026-08-24,Lundi,20:00,20:50,MIROMESNIL REFORMER STUDIO,REFORMER PILATES,Jacky TEWES ,11,10,True,2026-08-27 07:20
2026-08-24,Lundi,20:00,21:00,MOZART GYM STUDIO - MAT,YOGA VINYASA,Stéphanie CUNICO,16,16,True,2026-08-27 07:20
2026-08-24,Lundi,20:00,20:50,NEUILLY GYM STUDIO - MAT,Cuisses Abdos Fessiers - CAF,Marcus FITLIFE,12,7,True,2026-08-27 07:20
2026-08-24,Lundi,20:00,20:50,NEUILLY NEWFORMER - INTENSE PILATES,NEWFORMER - INTENSE PILATES,Arthur Intense/Advanced @arthur.gambardella ,9,0,True,2026-08-27 07:20
2026-08-24,Lundi,20:00,20:50,PASSY NEWFORMER - INTENSE PILATES,NEWFORMER - INTENSE PILATES,Polina BODEEVA,9,9,True,2026-08-27 07:20
2026-08-24,Lundi,20:00,20:50,SAINT MANDÉ REFORMER STUDIO,REFORMER PILATES,Stephanie BROWN - English Class,12,0,True,2026-08-27 07:20
2026-08-24,Lundi,20:00,20:50,SENTIER REFORMER STUDIO,REFORMER PILATES,Camille AUZANNEAU,14,0,True,2026-08-27 07:20
2026-08-24,Lundi,20:00,20:50,SURESNES REFORMER STUDIO,REFORMER PILATES,Cynthia GALIN,10,7,True,2026-08-27 07:20
2026-08-24,Lundi,20:00,20:50,VAUGIRARD RÉFORMER STUDIO,REFORMER PILATES,Stephanie BROWN - English Class,11,6,True,2026-08-27 07:20
2026-08-24,Lundi,20:00,20:50,VAVIN REFORMER STUDIO,REFORMER PILATES,Sofia TRUKHACHEVA,12,2,True,2026-08-27 07:20
2026-08-24,Lundi,20:00,20:50,WAGRAM REFORMER STUDIO,REFORMER PILATES,Ava ACHOUCHE @ava_swa,11,0,True,2026-08-27 07:20
2026-08-25,Mardi,08:00,08:50,BATIGNOLLES REFORMER STUDIO,REFORMER PILATES,Alexia VITALI,12,11,True,2026-08-27 07:20
2026-08-25,Mardi,08:00,08:50,BOSQUET REFORMER STUDIO,REFORMER PILATES,Jessika CRUZ,11,6,True,2026-08-27 07:20
2026-08-25,Mardi,08:00,08:50,MADELEINE REFORMER STUDIO,REFORMER PILATES,Shana  MAMOU,12,0,True,2026-08-27 07:20
2026-08-25,Mardi,08:00,08:50,MARAIS REFORMER STUDIO,REFORMER PILATES,Léane AMRAM,10,3,True,2026-08-27 07:20
2026-08-25,Mardi,08:00,08:50,MAUBEUGE REFORMER STUDIO,REFORMER PILATES,Cynthia GALIN,11,9,True,2026-08-27 07:20
2026-08-25,Mardi,08:00,08:50,MIROMESNIL REFORMER STUDIO,REFORMER PILATES,Soudi ZARGHAM,11,1,True,2026-08-27 07:20
2026-08-25,Mardi,08:00,08:50,MOZART GYM STUDIO - MAT,INTENSE CORE,Manon VIRMOUX,15,6,True,2026-08-27 07:20
2026-08-25,Mardi,08:00,08:50,NEUILLY NEWFORMER - INTENSE PILATES,NEWFORMER - INTENSE PILATES,Nicolas MARTINS Intense / Advanced,9,7,True,2026-08-27 07:20
2026-08-25,Mardi,08:00,08:50,PASSY NEWFORMER - INTENSE PILATES,NEWFORMER - INTENSE PILATES,Ibrahima BALDE,9,4,True,2026-08-27 07:20
2026-08-25,Mardi,08:00,08:50,SURESNES REFORMER STUDIO,REFORMER PILATES,Capucine GADRET,10,4,True,2026-08-27 07:20
2026-08-25,Mardi,08:00,08:50,VAUGIRARD RÉFORMER STUDIO,REFORMER PILATES,Lea GUIGNEMENT,11,3,True,2026-08-27 07:20
2026-08-25,Mardi,08:00,08:50,VAVIN REFORMER STUDIO,REFORMER PILATES,Louise DROUAULT @louiisedrlt,12,1,False,2026-08-24 02:33
2026-08-25,Mardi,08:00,08:50,WAGRAM REFORMER STUDIO,REFORMER PILATES,Candice TOUBIANA @candice.pilates,11,4,True,2026-08-27 07:20
2026-08-25,Mardi,09:00,09:50,BATIGNOLLES REFORMER STUDIO,REFORMER PILATES,Alexia VITALI,12,5,True,2026-08-27 07:20
2026-08-25,Mardi,09:00,09:50,BOSQUET REFORMER STUDIO,REFORMER PILATES,Jessika CRUZ,11,6,True,2026-08-27 07:20
2026-08-25,Mardi,09:00,09:50,BOULOGNE REFORMER STUDIO,REFORMER PILATES,Eva MENIGOZ,12,0,True,2026-08-27 07:20
2026-08-25,Mardi,09:00,09:50,INVALIDES REFORMER STUDIO,REFORMER PILATES,Tioka TOKEDIRA,10,4,True,2026-08-27 07:20
2026-08-25,Mardi,09:00,09:50,MADELEINE REFORMER STUDIO,REFORMER PILATES,Shana  MAMOU,12,2,True,2026-08-27 07:20
2026-08-25,Mardi,09:00,09:50,MARAIS REFORMER STUDIO,REFORMER PILATES,Léane AMRAM,10,2,True,2026-08-27 07:20
2026-08-25,Mardi,09:00,09:50,MAUBEUGE REFORMER STUDIO,REFORMER PILATES,Cynthia GALIN,11,1,True,2026-08-27 07:20
2026-08-25,Mardi,09:00,09:50,MIROMESNIL REFORMER STUDIO,REFORMER PILATES,Soudi ZARGHAM,11,2,True,2026-08-27 07:20
2026-08-25,Mardi,09:00,10:00,MOZART GYM STUDIO - MAT,KALON BARRE,KALON BARRE @kalon.movement,16,14,True,2026-08-27 07:20
2026-08-25,Mardi,09:00,09:45,NEUILLY GYM STUDIO - MAT,DYNAMIC PILATES,Cynthia MONTANO,12,4,True,2026-08-27 07:20
2026-08-25,Mardi,09:00,09:50,NEUILLY NEWFORMER - INTENSE PILATES,NEWFORMER - INTENSE PILATES,Nicolas MARTINS Intense / Advanced,9,4,True,2026-08-27 07:20
2026-08-25,Mardi,09:00,09:50,PASSY NEWFORMER - INTENSE PILATES,NEWFORMER - INTENSE PILATES,Ibrahima BALDE,9,0,True,2026-08-27 07:20
2026-08-25,Mardi,09:00,09:50,SAINT MANDÉ REFORMER STUDIO,REFORMER PILATES,Iris BALAZS,12,0,False,2026-08-24 02:33
2026-08-25,Mardi,09:00,09:50,SURESNES REFORMER STUDIO,REFORMER PILATES,Capucine GADRET,10,4,True,2026-08-27 07:20
2026-08-25,Mardi,09:00,09:50,VAUGIRARD RÉFORMER STUDIO,REFORMER PILATES,Lea GUIGNEMENT,11,1,True,2026-08-27 07:20
2026-08-25,Mardi,09:00,09:50,VAVIN REFORMER STUDIO,REFORMER PILATES,Louise DROUAULT @louiisedrlt,12,4,True,2026-08-27 07:20
2026-08-25,Mardi,09:00,09:50,WAGRAM REFORMER STUDIO,REFORMER PILATES,Candice TOUBIANA @candice.pilates,11,3,True,2026-08-27 07:20
2026-08-25,Mardi,10:00,10:50,BATIGNOLLES REFORMER STUDIO,REFORMER PILATES,Alexia VITALI,12,0,True,2026-08-27 07:20
2026-08-25,Mardi,10:00,10:50,BOSQUET REFORMER STUDIO,REFORMER PILATES,Jessika CRUZ,11,8,True,2026-08-27 07:20
2026-08-25,Mardi,10:00,10:50,BOULOGNE REFORMER STUDIO,REFORMER PILATES,Eva MENIGOZ,12,0,True,2026-08-27 07:20
2026-08-25,Mardi,10:00,10:50,INVALIDES REFORMER STUDIO,REFORMER PILATES,Tioka TOKEDIRA,10,5,True,2026-08-27 07:20
2026-08-25,Mardi,10:00,10:50,MADELEINE REFORMER STUDIO,REFORMER PILATES,Shana  MAMOU,12,4,True,2026-08-27 07:20
2026-08-25,Mardi,10:00,10:50,MARAIS REFORMER STUDIO,REFORMER PILATES,Léane AMRAM,10,0,False,2026-08-24 02:33
2026-08-25,Mardi,10:00,10:50,MAUBEUGE REFORMER STUDIO,REFORMER PILATES,Cynthia GALIN,11,1,False,2026-08-24 02:33
2026-08-25,Mardi,10:00,11:00,MOZART GYM STUDIO - MAT,DYNAMIC PILATES,Jackie AITKEN,16,0,False,2026-08-24 02:33
2026-08-25,Mardi,10:00,11:00,NEUILLY GYM STUDIO - MAT,DYNAMIC PILATES,Cynthia MONTANO,12,0,False,2026-08-24 02:33
2026-08-25,Mardi,10:00,10:50,NEUILLY NEWFORMER - INTENSE PILATES,NEWFORMER - INTENSE PILATES,Nicolas MARTINS Intense / Advanced,9,6,True,2026-08-27 07:20
2026-08-25,Mardi,10:00,10:50,PASSY NEWFORMER - INTENSE PILATES,NEWFORMER - INTENSE PILATES,Ibrahima BALDE,9,0,True,2026-08-27 07:20
2026-08-25,Mardi,10:00,10:50,SAINT MANDÉ REFORMER STUDIO,REFORMER PILATES,Iris BALAZS,12,0,False,2026-08-24 02:33
2026-08-25,Mardi,10:00,10:50,SURESNES REFORMER STUDIO,REFORMER PILATES,Dorina YICHU ,10,0,False,2026-08-24 02:33
2026-08-25,Mardi,10:00,10:50,VAUGIRARD RÉFORMER STUDIO,REFORMER PILATES,Lea GUIGNEMENT,11,5,True,2026-08-27 07:20
2026-08-25,Mardi,10:00,10:50,VAVIN REFORMER STUDIO,REFORMER PILATES,Louise DROUAULT @louiisedrlt,12,8,True,2026-08-27 07:20
2026-08-25,Mardi,10:00,10:50,WAGRAM REFORMER STUDIO,REFORMER PILATES,Candice TOUBIANA @candice.pilates,11,7,True,2026-08-27 07:20
2026-08-25,Mardi,11:00,11:50,BATIGNOLLES REFORMER STUDIO,REFORMER PILATES,Philippine DESTAING,12,3,True,2026-08-27 07:20
2026-08-25,Mardi,11:00,11:50,BOSQUET REFORMER STUDIO,REFORMER PILATES,Aude SCHLACTHER,11,0,True,2026-08-27 07:20
2026-08-25,Mardi,11:00,11:50,MARAIS REFORMER STUDIO,REFORMER PILATES,Roxane GHORBANNEJAD,10,1,True,2026-08-27 07:20
2026-08-25,Mardi,11:00,11:50,MAUBEUGE REFORMER STUDIO,REFORMER PILATES,Pauline RAMON @movewithpops ,11,3,True,2026-08-27 07:20
2026-08-25,Mardi,11:00,11:50,NEUILLY NEWFORMER - INTENSE PILATES,NEWFORMER - INTENSE PILATES,Nicolas MARTINS Intense / Advanced,9,4,True,2026-08-27 07:20
2026-08-25,Mardi,11:00,11:50,PASSY NEWFORMER - INTENSE PILATES,NEWFORMER - INTENSE PILATES,Carla @training_by_carla,9,9,True,2026-08-27 07:20
2026-08-25,Mardi,11:00,11:50,SURESNES REFORMER STUDIO,REFORMER PILATES,Dorina YICHU ,10,0,True,2026-08-27 07:20
2026-08-25,Mardi,11:00,11:50,VAUGIRARD RÉFORMER STUDIO,REFORMER PILATES,Joy DUQUESNE,11,6,True,2026-08-27 07:20
2026-08-25,Mardi,11:00,11:50,VAVIN REFORMER STUDIO,REFORMER PILATES,Louise DROUAULT @louiisedrlt,12,0,False,2026-08-24 02:33
2026-08-25,Mardi,11:00,11:50,WAGRAM REFORMER STUDIO,REFORMER PILATES,Candice TOUBIANA @candice.pilates,11,11,True,2026-08-27 07:20
2026-08-25,Mardi,11:30,12:30,NEUILLY GYM STUDIO - MAT,DYNAMIC PILATES,Kim GAMPEL,12,4,True,2026-08-27 07:20
2026-08-25,Mardi,12:00,12:50,BATIGNOLLES REFORMER STUDIO,REFORMER PILATES,Philippine DESTAING,12,5,True,2026-08-27 07:20
2026-08-25,Mardi,12:00,12:50,BOSQUET REFORMER STUDIO,REFORMER PILATES,Aude SCHLACTHER,11,4,True,2026-08-27 07:20
2026-08-25,Mardi,12:00,12:50,BOULOGNE REFORMER STUDIO,REFORMER PILATES,Sacha DOURIANT,12,2,True,2026-08-27 07:20
2026-08-25,Mardi,12:00,12:50,INVALIDES REFORMER STUDIO,REFORMER PILATES,Florence COLLIN BECUWE Advanced/Intense ,10,1,True,2026-08-27 07:20
2026-08-25,Mardi,12:00,12:50,MARAIS REFORMER STUDIO,REFORMER PILATES,Roxane GHORBANNEJAD,10,2,True,2026-08-27 07:20
2026-08-25,Mardi,12:00,12:50,MAUBEUGE REFORMER STUDIO,REFORMER PILATES,Pauline RAMON @movewithpops ,11,9,True,2026-08-27 07:20
2026-08-25,Mardi,12:00,12:50,MIROMESNIL REFORMER STUDIO,REFORMER PILATES,Léane AMRAM,11,7,True,2026-08-27 07:20
2026-08-25,Mardi,12:00,12:50,NEUILLY NEWFORMER - INTENSE PILATES,NEWFORMER - INTENSE PILATES,Nicolas MARTINS Intense / Advanced,9,5,True,2026-08-27 07:20
2026-08-25,Mardi,12:00,12:50,PASSY NEWFORMER - INTENSE PILATES,NEWFORMER - INTENSE PILATES,Carla @training_by_carla,9,2,True,2026-08-27 07:20
2026-08-25,Mardi,12:00,12:50,SAINT MANDÉ REFORMER STUDIO,REFORMER PILATES,Anaïs CHRISTIAENS,12,10,True,2026-08-27 07:20
2026-08-25,Mardi,12:00,12:50,SENTIER REFORMER STUDIO,REFORMER PILATES,Jeremy KRYSTKOWIAK,14,5,True,2026-08-27 07:20
2026-08-25,Mardi,12:00,12:50,SURESNES REFORMER STUDIO,REFORMER PILATES,Dorina YICHU ,10,5,True,2026-08-27 07:20
2026-08-25,Mardi,12:00,12:50,VAUGIRARD RÉFORMER STUDIO,REFORMER PILATES,Joy DUQUESNE,11,4,True,2026-08-27 07:20
2026-08-25,Mardi,12:00,12:50,VAVIN REFORMER STUDIO,REFORMER PILATES,Eva MENIGOZ,12,0,False,2026-08-24 02:33
2026-08-25,Mardi,12:00,12:50,WAGRAM REFORMER STUDIO,REFORMER PILATES,Zoé  @getstronglikezoe Intense / Advanced ,11,3,True,2026-08-27 07:20
2026-08-25,Mardi,12:30,13:20,MADELEINE REFORMER STUDIO,REFORMER PILATES,Shana  MAMOU,12,6,True,2026-08-27 07:20
2026-08-25,Mardi,12:30,13:30,MOZART GYM STUDIO - MAT,FULL BODY WORKOUT,Marcus FITLIFE,18,4,True,2026-08-27 07:20
2026-08-25,Mardi,12:30,13:30,NEUILLY GYM STUDIO - MAT,BARRE WORKOUT,Kim GAMPEL,12,8,True,2026-08-27 07:20
2026-08-25,Mardi,13:00,13:50,BATIGNOLLES REFORMER STUDIO,REFORMER PILATES,Philippine DESTAING,12,8,True,2026-08-27 07:20
2026-08-25,Mardi,13:00,13:50,BOSQUET REFORMER STUDIO,REFORMER PILATES,Aude SCHLACTHER,11,2,True,2026-08-27 07:20
2026-08-25,Mardi,13:00,13:50,BOULOGNE REFORMER STUDIO,REFORMER PILATES,Sacha DOURIANT,12,3,True,2026-08-27 07:20
2026-08-25,Mardi,13:00,13:50,INVALIDES REFORMER STUDIO,REFORMER PILATES,Florence COLLIN BECUWE Advanced/Intense ,10,0,True,2026-08-27 07:20
2026-08-25,Mardi,13:00,13:50,MARAIS REFORMER STUDIO,REFORMER PILATES,Roxane GHORBANNEJAD,10,0,False,2026-08-24 02:33
2026-08-25,Mardi,13:00,13:50,MAUBEUGE REFORMER STUDIO,REFORMER PILATES,Pauline RAMON @pilatesbypops,11,0,False,2026-08-24 02:33
2026-08-25,Mardi,13:00,13:50,MIROMESNIL REFORMER STUDIO,REFORMER PILATES,Léane AMRAM,11,9,True,2026-08-27 07:20
2026-08-25,Mardi,13:00,13:50,PASSY NEWFORMER - INTENSE PILATES,NEWFORMER - INTENSE PILATES,Carla @training_by_carla,9,0,True,2026-08-27 07:20
2026-08-25,Mardi,13:00,13:50,SAINT MANDÉ REFORMER STUDIO,REFORMER PILATES,Anaïs CHRISTIAENS,12,6,True,2026-08-27 07:20
2026-08-25,Mardi,13:00,13:50,SENTIER REFORMER STUDIO,REFORMER PILATES,Jeremy KRYSTKOWIAK,14,8,True,2026-08-27 07:20
2026-08-25,Mardi,13:00,13:50,SURESNES REFORMER STUDIO,REFORMER PILATES,Dorina YICHU ,10,0,False,2026-08-24 02:33
2026-08-25,Mardi,13:00,13:50,VAUGIRARD RÉFORMER STUDIO,REFORMER PILATES,Joy DUQUESNE,11,0,True,2026-08-27 07:20
2026-08-25,Mardi,13:00,13:50,VAVIN REFORMER STUDIO,REFORMER PILATES,Eva MENIGOZ,12,0,True,2026-08-27 07:20
2026-08-25,Mardi,13:00,13:50,WAGRAM REFORMER STUDIO,REFORMER PILATES,Zoé  @getstronglikezoe Intense / Advanced ,11,3,True,2026-08-27 07:20
2026-08-25,Mardi,13:30,14:20,MADELEINE REFORMER STUDIO,REFORMER PILATES,Shana  MAMOU,12,0,False,2026-08-24 02:33
2026-08-25,Mardi,17:00,17:50,VAUGIRARD RÉFORMER STUDIO,REFORMER PILATES,Polina BODEEVA,11,0,True,2026-08-27 07:20
2026-08-25,Mardi,17:00,17:50,WAGRAM REFORMER STUDIO,REFORMER PILATES,Jessika CRUZ,11,9,True,2026-08-27 07:20
2026-08-25,Mardi,18:00,18:50,BATIGNOLLES REFORMER STUDIO,REFORMER PILATES,Florence COLLIN BECUWE Advanced/Intense ,12,7,True,2026-08-27 07:20
2026-08-25,Mardi,18:00,18:50,BOSQUET REFORMER STUDIO,REFORMER PILATES,Jacky TEWES ,11,9,True,2026-08-27 07:20
2026-08-25,Mardi,18:00,18:50,BOULOGNE REFORMER STUDIO,REFORMER PILATES,Soudi ZARGHAM,12,9,True,2026-08-27 07:20
2026-08-25,Mardi,18:00,18:50,INVALIDES REFORMER STUDIO,REFORMER PILATES,Krizia GUETTAF @tous_sportifs ,10,2,True,2026-08-27 07:20
2026-08-25,Mardi,18:00,18:50,MADELEINE REFORMER STUDIO,REFORMER PILATES,Julia TAPIRO,12,3,True,2026-08-27 07:20
2026-08-25,Mardi,18:00,18:50,MARAIS REFORMER STUDIO,REFORMER PILATES,Cédric ARAMAN,10,10,True,2026-08-27 07:20
2026-08-25,Mardi,18:00,18:50,MAUBEUGE REFORMER STUDIO,REFORMER PILATES,Pauline RAMON @movewithpops ,11,6,True,2026-08-27 07:20
2026-08-25,Mardi,18:00,18:50,MIROMESNIL REFORMER STUDIO,REFORMER PILATES,Shana  MAMOU,11,2,True,2026-08-27 07:20
2026-08-25,Mardi,18:00,19:00,MOZART GYM STUDIO - MAT,FULL BODY WORKOUT,Nicolas DUCHESNE,16,0,True,2026-08-27 07:20
2026-08-25,Mardi,18:00,18:50,NEUILLY GYM STUDIO - MAT,FOCUS ABS & FULL BODY,Amélie BALLAND @amelietahiti,14,7,True,2026-08-27 07:20
2026-08-25,Mardi,18:00,18:50,NEUILLY NEWFORMER - INTENSE PILATES,NEWFORMER - INTENSE PILATES,Carla @training_by_carla,9,7,True,2026-08-27 07:20
2026-08-25,Mardi,18:00,18:50,PASSY NEWFORMER - INTENSE PILATES,NEWFORMER - INTENSE PILATES,Capucine GADRET,9,9,True,2026-08-27 07:20
2026-08-25,Mardi,18:00,18:50,SAINT MANDÉ REFORMER STUDIO,REFORMER PILATES,Golda BENCHETRIT,12,0,True,2026-08-27 07:20
2026-08-25,Mardi,18:00,18:50,SENTIER REFORMER STUDIO,REFORMER PILATES,Sofia TRUKHACHEVA,14,0,True,2026-08-27 07:20
2026-08-25,Mardi,18:00,18:50,SURESNES REFORMER STUDIO,REFORMER PILATES,Audrey HUGON,10,4,True,2026-08-27 07:20
2026-08-25,Mardi,18:00,18:50,VAUGIRARD RÉFORMER STUDIO,REFORMER PILATES,Polina BODEEVA,11,0,True,2026-08-27 07:20
2026-08-25,Mardi,18:00,18:50,VAVIN REFORMER STUDIO,REFORMER PILATES,Camille AUZANNEAU,12,12,True,2026-08-27 07:20
2026-08-25,Mardi,18:00,18:50,WAGRAM REFORMER STUDIO,REFORMER PILATES,Jessika CRUZ,11,8,True,2026-08-27 07:20
2026-08-25,Mardi,19:00,19:50,BATIGNOLLES REFORMER STUDIO,REFORMER PILATES,Florence COLLIN BECUWE Advanced/Intense ,12,12,True,2026-08-27 07:20
2026-08-25,Mardi,19:00,19:50,BOSQUET REFORMER STUDIO,REFORMER PILATES,Jacky TEWES ,11,10,True,2026-08-27 07:20
2026-08-25,Mardi,19:00,19:50,BOULOGNE REFORMER STUDIO,REFORMER PILATES,Soudi ZARGHAM,12,7,True,2026-08-27 07:20
2026-08-25,Mardi,19:00,19:50,INVALIDES REFORMER STUDIO,REFORMER PILATES,Krizia GUETTAF @tous_sportifs ,10,6,True,2026-08-27 07:20
2026-08-25,Mardi,19:00,19:50,MADELEINE REFORMER STUDIO,REFORMER PILATES,Julia TAPIRO,12,11,True,2026-08-27 07:20
2026-08-25,Mardi,19:00,19:50,MARAIS REFORMER STUDIO,REFORMER PILATES,Cédric ARAMAN,10,7,True,2026-08-27 07:20
2026-08-25,Mardi,19:00,19:50,MAUBEUGE REFORMER STUDIO,REFORMER PILATES,Pauline RAMON @movewithpops ,11,7,True,2026-08-27 07:20
2026-08-25,Mardi,19:00,19:50,MIROMESNIL REFORMER STUDIO,REFORMER PILATES,Shana  MAMOU,11,7,True,2026-08-27 07:20
2026-08-25,Mardi,19:00,19:50,MOZART GYM STUDIO - MAT,FULL BODY PUMP,Nicolas DUCHESNE,15,15,True,2026-08-27 07:20
2026-08-25,Mardi,19:00,20:00,NEUILLY GYM STUDIO - MAT,BARRE WORKOUT,Sirine Benmeddah,12,0,True,2026-08-27 07:20
2026-08-25,Mardi,19:00,19:50,NEUILLY NEWFORMER - INTENSE PILATES,NEWFORMER - INTENSE PILATES,Carla @training_by_carla,9,0,True,2026-08-27 07:20
2026-08-25,Mardi,19:00,19:50,PASSY NEWFORMER - INTENSE PILATES,NEWFORMER - INTENSE PILATES,Capucine GADRET,9,9,True,2026-08-27 07:20
2026-08-25,Mardi,19:00,19:50,SAINT MANDÉ REFORMER STUDIO,REFORMER PILATES,Golda BENCHETRIT,12,9,True,2026-08-27 07:20
2026-08-25,Mardi,19:00,19:50,SENTIER REFORMER STUDIO,REFORMER PILATES,Sofia TRUKHACHEVA,14,7,True,2026-08-27 07:20
2026-08-25,Mardi,19:00,19:50,SURESNES REFORMER STUDIO,REFORMER PILATES,Audrey HUGON,10,5,True,2026-08-27 07:20
2026-08-25,Mardi,19:00,19:50,VAUGIRARD RÉFORMER STUDIO,REFORMER PILATES,Polina BODEEVA,11,9,True,2026-08-27 07:20
2026-08-25,Mardi,19:00,19:50,VAVIN REFORMER STUDIO,REFORMER PILATES,Camille AUZANNEAU,12,9,True,2026-08-27 07:20
2026-08-25,Mardi,19:00,19:50,WAGRAM REFORMER STUDIO,REFORMER PILATES,Jessika CRUZ,11,11,True,2026-08-27 07:20
2026-08-25,Mardi,20:00,20:50,BATIGNOLLES REFORMER STUDIO,REFORMER PILATES,Florence COLLIN BECUWE Advanced/Intense ,12,9,True,2026-08-27 07:20
2026-08-25,Mardi,20:00,20:50,BOSQUET REFORMER STUDIO,REFORMER PILATES,Jacky TEWES ,11,7,True,2026-08-27 07:20
2026-08-25,Mardi,20:00,20:50,BOULOGNE REFORMER STUDIO,REFORMER PILATES,Soudi ZARGHAM,12,5,True,2026-08-27 07:20
2026-08-25,Mardi,20:00,20:50,INVALIDES REFORMER STUDIO,REFORMER PILATES,Krizia GUETTAF @tous_sportifs ,10,0,False,2026-08-24 02:33
2026-08-25,Mardi,20:00,20:50,MADELEINE REFORMER STUDIO,REFORMER PILATES,Julia TAPIRO,12,0,True,2026-08-27 07:20
2026-08-25,Mardi,20:00,20:50,MARAIS REFORMER STUDIO,REFORMER PILATES,Cédric ARAMAN,10,1,False,2026-08-24 02:33
2026-08-25,Mardi,20:00,20:50,MAUBEUGE REFORMER STUDIO,REFORMER PILATES,Pauline RAMON @movewithpops ,11,7,True,2026-08-27 07:20
2026-08-25,Mardi,20:00,20:50,MIROMESNIL REFORMER STUDIO,REFORMER PILATES,Shana  MAMOU,11,0,False,2026-08-24 02:33
2026-08-25,Mardi,20:00,20:50,MOZART GYM STUDIO - MAT,Cuisses Abdos Fessiers - CAF,Nicolas DUCHESNE,17,11,True,2026-08-27 07:20
2026-08-25,Mardi,20:00,20:45,NEUILLY GYM STUDIO - MAT,BARRE WORKOUT,Sirine Benmeddah,12,9,True,2026-08-27 07:20
2026-08-25,Mardi,20:00,20:50,NEUILLY NEWFORMER - INTENSE PILATES,NEWFORMER - INTENSE PILATES,Carla @training_by_carla,9,0,True,2026-08-27 07:20
2026-08-25,Mardi,20:00,20:50,PASSY NEWFORMER - INTENSE PILATES,NEWFORMER - INTENSE PILATES,Capucine GADRET,9,6,True,2026-08-27 07:20
2026-08-25,Mardi,20:00,20:50,SAINT MANDÉ REFORMER STUDIO,REFORMER PILATES,Golda BENCHETRIT,12,4,True,2026-08-27 07:20
2026-08-25,Mardi,20:00,20:50,SENTIER REFORMER STUDIO,REFORMER PILATES,Sofia TRUKHACHEVA,14,3,True,2026-08-27 07:20
2026-08-25,Mardi,20:00,20:50,SURESNES REFORMER STUDIO,REFORMER PILATES,Audrey HUGON,10,8,True,2026-08-27 07:20
2026-08-25,Mardi,20:00,20:50,VAUGIRARD RÉFORMER STUDIO,REFORMER PILATES,Polina BODEEVA,11,4,True,2026-08-27 07:20
2026-08-25,Mardi,20:00,20:50,VAVIN REFORMER STUDIO,REFORMER PILATES,Camille AUZANNEAU,12,12,True,2026-08-27 07:20
2026-08-25,Mardi,20:00,20:50,WAGRAM REFORMER STUDIO,REFORMER PILATES,Jessika CRUZ,11,6,True,2026-08-27 07:20
2026-08-26,Mercredi,08:00,08:50,BATIGNOLLES REFORMER STUDIO,REFORMER PILATES,Alexia VITALI,12,0,True,2026-08-29 17:52
2026-08-26,Mercredi,08:00,08:50,BOSQUET REFORMER STUDIO,REFORMER PILATES,Mathilde LAFONT,11,2,True,2026-08-29 17:52
2026-08-26,Mercredi,08:00,08:50,INVALIDES REFORMER STUDIO,REFORMER PILATES,Shana  MAMOU,10,0,False,2026-08-24 02:33
2026-08-26,Mercredi,08:00,08:50,MADELEINE REFORMER STUDIO,REFORMER PILATES,Cynthia GALIN,12,5,True,2026-08-29 17:52
2026-08-26,Mercredi,08:00,08:50,MARAIS REFORMER STUDIO,REFORMER PILATES,Jean-Noël JUILLARD,10,4,True,2026-08-29 17:52
2026-08-26,Mercredi,08:00,08:50,MAUBEUGE REFORMER STUDIO,REFORMER PILATES,Pauline RAMON @movewithpops ,11,4,True,2026-08-29 17:52
2026-08-26,Mercredi,08:00,08:50,MIROMESNIL REFORMER STUDIO,REFORMER PILATES,Luana BRENON,11,6,True,2026-08-29 17:52
2026-08-26,Mercredi,08:00,09:00,MOZART GYM STUDIO - MAT,YOGA VINYASA,Stéphanie CUNICO,15,6,True,2026-08-29 17:52
2026-08-26,Mercredi,08:00,08:50,NEUILLY NEWFORMER - INTENSE PILATES,NEWFORMER - INTENSE PILATES,Ibrahima BALDE,9,0,True,2026-08-29 17:52
2026-08-26,Mercredi,08:00,08:50,PASSY NEWFORMER - INTENSE PILATES,NEWFORMER - INTENSE PILATES,Elsa TRAINING ,9,9,True,2026-08-29 17:52
2026-08-26,Mercredi,08:00,08:50,SAINT MANDÉ REFORMER STUDIO,REFORMER PILATES,Golda BENCHETRIT,12,0,False,2026-08-24 02:33
2026-08-26,Mercredi,08:00,08:50,SENTIER REFORMER STUDIO,REFORMER PILATES,Godefroy HISANY,14,0,True,2026-08-29 17:52
2026-08-26,Mercredi,08:00,08:50,SURESNES REFORMER STUDIO,REFORMER PILATES,Léna BACHELIER @body.bylena.,10,4,True,2026-08-29 17:52
2026-08-26,Mercredi,08:00,08:50,VAUGIRARD RÉFORMER STUDIO,REFORMER PILATES,Sonia @sonia_raconte Intermédiaire/Avancé ,11,4,True,2026-08-29 17:52
2026-08-26,Mercredi,08:00,08:50,VAVIN REFORMER STUDIO,REFORMER PILATES,Louise DROUAULT @louiisedrlt,12,4,True,2026-08-29 17:52
2026-08-26,Mercredi,08:00,08:50,WAGRAM REFORMER STUDIO,REFORMER PILATES,Jessika CRUZ,11,5,True,2026-08-29 17:52
2026-08-26,Mercredi,09:00,09:50,BATIGNOLLES REFORMER STUDIO,REFORMER PILATES,Alexia VITALI,12,0,True,2026-08-29 17:52
2026-08-26,Mercredi,09:00,09:50,BOSQUET REFORMER STUDIO,REFORMER PILATES,Mathilde LAFONT,11,3,True,2026-08-29 17:52
2026-08-26,Mercredi,09:00,09:50,BOULOGNE REFORMER STUDIO,REFORMER PILATES,Lucie DUMONT,12,1,True,2026-08-29 17:52
2026-08-26,Mercredi,09:00,09:50,INVALIDES REFORMER STUDIO,REFORMER PILATES,Shana  MAMOU,10,0,False,2026-08-24 02:33
2026-08-26,Mercredi,09:00,09:50,MADELEINE REFORMER STUDIO,REFORMER PILATES,Cynthia GALIN,12,3,True,2026-08-29 17:52
2026-08-26,Mercredi,09:00,09:50,MARAIS REFORMER STUDIO,REFORMER PILATES,Jean-Noël JUILLARD,10,0,True,2026-08-29 17:52
2026-08-26,Mercredi,09:00,09:50,MAUBEUGE REFORMER STUDIO,REFORMER PILATES,Pauline RAMON @movewithpops ,11,3,True,2026-08-29 17:52
2026-08-26,Mercredi,09:00,09:50,MIROMESNIL REFORMER STUDIO,REFORMER PILATES,Luana BRENON,11,3,True,2026-08-29 17:52
2026-08-26,Mercredi,09:00,10:00,MOZART GYM STUDIO - MAT,THE NEW ME,Constance DE SCHOMPRE,22,0,True,2026-08-29 17:52
2026-08-26,Mercredi,09:00,10:00,NEUILLY GYM STUDIO - MAT,BARRE WORKOUT,Mona COHEN,12,7,True,2026-08-29 17:52
2026-08-26,Mercredi,09:00,09:50,NEUILLY NEWFORMER - INTENSE PILATES,NEWFORMER - INTENSE PILATES,Vincent PEDRAZA @vincent.pedraza,9,4,True,2026-08-29 17:52
2026-08-26,Mercredi,09:00,09:50,PASSY NEWFORMER - INTENSE PILATES,NEWFORMER - INTENSE PILATES,Elsa TRAINING ,9,1,False,2026-08-25 02:33
2026-08-26,Mercredi,09:00,09:50,SAINT MANDÉ REFORMER STUDIO,REFORMER PILATES,Golda BENCHETRIT,12,0,False,2026-08-25 02:33
2026-08-26,Mercredi,09:00,09:50,SURESNES REFORMER STUDIO,REFORMER PILATES,Léna BACHELIER @body.bylena.,10,4,True,2026-08-29 17:52
2026-08-26,Mercredi,09:00,09:50,VAUGIRARD RÉFORMER STUDIO,REFORMER PILATES,Sonia @sonia_raconte Intermédiaire/Avancé ,11,3,True,2026-08-29 17:52
2026-08-26,Mercredi,09:00,09:50,VAVIN REFORMER STUDIO,REFORMER PILATES,Louise DROUAULT @louiisedrlt,12,3,True,2026-08-29 17:52
2026-08-26,Mercredi,09:00,09:50,WAGRAM REFORMER STUDIO,REFORMER PILATES,Jessika CRUZ,11,2,True,2026-08-29 17:52
2026-08-26,Mercredi,10:00,10:50,BATIGNOLLES REFORMER STUDIO,REFORMER PILATES,Alexia VITALI,12,3,True,2026-08-29 17:52
2026-08-26,Mercredi,10:00,10:50,BOSQUET REFORMER STUDIO,REFORMER PILATES,Mathilde LAFONT,11,6,True,2026-08-29 17:52
2026-08-26,Mercredi,10:00,10:50,BOULOGNE REFORMER STUDIO,REFORMER PILATES,Lucie DUMONT,12,3,True,2026-08-29 17:52
2026-08-26,Mercredi,10:00,10:50,MADELEINE REFORMER STUDIO,REFORMER PILATES,Cynthia GALIN,12,0,False,2026-08-24 02:33
2026-08-26,Mercredi,10:00,10:50,MARAIS REFORMER STUDIO,REFORMER PILATES,Jean-Noël JUILLARD,10,3,True,2026-08-29 17:52
2026-08-26,Mercredi,10:00,10:50,MAUBEUGE REFORMER STUDIO,REFORMER PILATES,Pauline RAMON @movewithpops ,11,4,True,2026-08-29 17:52
2026-08-26,Mercredi,10:00,11:00,MOZART GYM STUDIO - MAT,KALON BARRE,KALON BARRE @kalon.movement,16,14,True,2026-08-29 17:52
2026-08-26,Mercredi,10:00,11:00,NEUILLY GYM STUDIO - MAT,BARRE PILATES,Kim GAMPEL,12,0,False,2026-08-25 02:33
2026-08-26,Mercredi,10:00,10:50,NEUILLY NEWFORMER - INTENSE PILATES,NEWFORMER - INTENSE PILATES,Vincent PEDRAZA @vincent.pedraza,9,0,True,2026-08-29 17:52
2026-08-26,Mercredi,10:00,10:50,PASSY NEWFORMER - INTENSE PILATES,NEWFORMER - INTENSE PILATES,Elsa TRAINING ,9,0,False,2026-08-25 02:33
2026-08-26,Mercredi,10:00,10:50,SAINT MANDÉ REFORMER STUDIO,REFORMER PILATES,Golda BENCHETRIT,12,1,False,2026-08-25 02:33
2026-08-26,Mercredi,10:00,10:50,SURESNES REFORMER STUDIO,REFORMER PILATES,Léna BACHELIER @body.bylena.,10,0,False,2026-08-25 02:33
2026-08-26,Mercredi,10:00,10:50,VAUGIRARD RÉFORMER STUDIO,REFORMER PILATES,Sonia @sonia_raconte Intermédiaire/Avancé ,11,6,True,2026-08-29 17:52
2026-08-26,Mercredi,10:00,10:50,VAVIN REFORMER STUDIO,REFORMER PILATES,Louise DROUAULT @louiisedrlt,12,11,True,2026-08-29 17:52
2026-08-26,Mercredi,10:00,10:50,WAGRAM REFORMER STUDIO,REFORMER PILATES,Jessika CRUZ,11,5,True,2026-08-29 17:52
2026-08-26,Mercredi,11:00,11:50,BATIGNOLLES REFORMER STUDIO,REFORMER PILATES,Zoé  @getstronglikezoe Intense / Advanced ,12,9,True,2026-08-29 17:52
2026-08-26,Mercredi,11:00,11:50,BOSQUET REFORMER STUDIO,REFORMER PILATES,Camille AUZANNEAU,11,3,True,2026-08-29 17:52
2026-08-26,Mercredi,11:00,11:50,MARAIS REFORMER STUDIO,REFORMER PILATES,Leila OUCHEN,10,6,True,2026-08-29 17:52
2026-08-26,Mercredi,11:00,12:00,NEUILLY GYM STUDIO - MAT,BODY SCULPT,William  GALIN,14,1,False,2026-08-25 02:33
2026-08-26,Mercredi,11:00,11:50,NEUILLY NEWFORMER - INTENSE PILATES,NEWFORMER - INTENSE PILATES,Carla @training_by_carla,9,4,True,2026-08-29 17:52
2026-08-26,Mercredi,11:00,11:50,PASSY NEWFORMER - INTENSE PILATES,NEWFORMER - INTENSE PILATES,Capucine GADRET,9,9,True,2026-08-29 17:52
2026-08-26,Mercredi,11:00,11:50,VAUGIRARD RÉFORMER STUDIO,REFORMER PILATES,Naser SAENDI @coachfitnas,11,3,True,2026-08-29 17:52
2026-08-26,Mercredi,11:00,11:50,VAVIN REFORMER STUDIO,REFORMER PILATES,Sofia TRUKHACHEVA,12,2,True,2026-08-29 17:52
2026-08-26,Mercredi,11:00,11:50,WAGRAM REFORMER STUDIO,REFORMER PILATES,Jessika CRUZ,11,3,True,2026-08-29 17:52
2026-08-26,Mercredi,12:00,12:50,BATIGNOLLES REFORMER STUDIO,REFORMER PILATES,Zoé  @getstronglikezoe Intense / Advanced ,12,9,True,2026-08-29 17:52
2026-08-26,Mercredi,12:00,12:50,BOSQUET REFORMER STUDIO,REFORMER PILATES,Camille AUZANNEAU,11,0,True,2026-08-29 17:52
2026-08-26,Mercredi,12:00,12:50,BOULOGNE REFORMER STUDIO,REFORMER PILATES,Lucie DUMONT,12,9,True,2026-08-29 17:52
2026-08-26,Mercredi,12:00,12:50,INVALIDES REFORMER STUDIO,REFORMER PILATES,Luana BRENON,10,3,True,2026-08-29 17:52
2026-08-26,Mercredi,12:00,12:50,MADELEINE REFORMER STUDIO,REFORMER PILATES,Candice TOUBIANA @candice.pilates,12,4,True,2026-08-29 17:52
2026-08-26,Mercredi,12:00,12:50,MARAIS REFORMER STUDIO,REFORMER PILATES,Leila OUCHEN,10,3,True,2026-08-29 17:52
2026-08-26,Mercredi,12:00,12:50,MAUBEUGE REFORMER STUDIO,REFORMER PILATES,Léane AMRAM,11,5,True,2026-08-29 17:52
2026-08-26,Mercredi,12:00,12:50,MIROMESNIL REFORMER STUDIO,REFORMER PILATES,Florence COLLIN BECUWE Advanced/Intense ,11,11,True,2026-08-29 17:52
2026-08-26,Mercredi,12:00,12:50,NEUILLY NEWFORMER - INTENSE PILATES,NEWFORMER - INTENSE PILATES,Carla @training_by_carla,9,4,True,2026-08-29 17:52
2026-08-26,Mercredi,12:00,12:50,PASSY NEWFORMER - INTENSE PILATES,NEWFORMER - INTENSE PILATES,Capucine GADRET,9,9,True,2026-08-29 17:52
2026-08-26,Mercredi,12:00,12:50,SAINT MANDÉ REFORMER STUDIO,REFORMER PILATES,Anaïs CHRISTIAENS,12,7,True,2026-08-29 17:52
2026-08-26,Mercredi,12:00,12:50,SENTIER REFORMER STUDIO,REFORMER PILATES,Polina BODEEVA,14,0,True,2026-08-29 17:52
2026-08-26,Mercredi,12:00,12:50,SURESNES REFORMER STUDIO,REFORMER PILATES,Léna BACHELIER @body.bylena.,10,5,False,2026-08-25 02:33
2026-08-26,Mercredi,12:00,12:50,VAUGIRARD RÉFORMER STUDIO,REFORMER PILATES,Naser SAENDI @coachfitnas,11,5,True,2026-08-29 17:52
2026-08-26,Mercredi,12:00,12:50,VAVIN REFORMER STUDIO,REFORMER PILATES,Sofia TRUKHACHEVA,12,11,True,2026-08-29 17:52
2026-08-26,Mercredi,12:00,12:50,WAGRAM REFORMER STUDIO,REFORMER PILATES,Joy DUQUESNE,11,10,True,2026-08-29 17:52
2026-08-26,Mercredi,12:30,13:30,MOZART GYM STUDIO - MAT,FULL BODY WORKOUT,Nicolas DUCHESNE,18,16,True,2026-08-29 17:52
2026-08-26,Mercredi,12:30,13:45,NEUILLY GYM STUDIO - MAT,YOGA VINYASA,Flore TURRA (intermédiaire),14,9,True,2026-08-29 17:52
2026-08-26,Mercredi,13:00,13:50,BATIGNOLLES REFORMER STUDIO,REFORMER PILATES,Zoé  @getstronglikezoe Intense / Advanced ,12,4,True,2026-08-29 17:52
2026-08-26,Mercredi,13:00,13:50,BOSQUET REFORMER STUDIO,REFORMER PILATES,Camille AUZANNEAU,11,6,True,2026-08-29 17:52
2026-08-26,Mercredi,13:00,13:50,BOULOGNE REFORMER STUDIO,REFORMER PILATES,Lucie DUMONT,12,9,True,2026-08-29 17:52
2026-08-26,Mercredi,13:00,13:50,INVALIDES REFORMER STUDIO,REFORMER PILATES,Luana BRENON,10,4,True,2026-08-29 17:52
2026-08-26,Mercredi,13:00,13:50,MADELEINE REFORMER STUDIO,REFORMER PILATES,Candice TOUBIANA @candice.pilates,12,9,True,2026-08-29 17:52
2026-08-26,Mercredi,13:00,13:50,MARAIS REFORMER STUDIO,REFORMER PILATES,Leila OUCHEN,10,0,True,2026-08-29 17:52
2026-08-26,Mercredi,13:00,13:50,MAUBEUGE REFORMER STUDIO,REFORMER PILATES,Léane AMRAM,11,5,True,2026-08-29 17:52
2026-08-26,Mercredi,13:00,13:50,MIROMESNIL REFORMER STUDIO,REFORMER PILATES,Florence COLLIN BECUWE Advanced/Intense ,11,8,True,2026-08-29 17:52
2026-08-26,Mercredi,13:00,13:50,NEUILLY NEWFORMER - INTENSE PILATES,NEWFORMER - INTENSE PILATES,Carla @training_by_carla,9,7,True,2026-08-29 17:52
2026-08-26,Mercredi,13:00,13:50,PASSY NEWFORMER - INTENSE PILATES,NEWFORMER - INTENSE PILATES,Capucine GADRET,9,3,True,2026-08-29 17:52
2026-08-26,Mercredi,13:00,13:50,SAINT MANDÉ REFORMER STUDIO,REFORMER PILATES,Anaïs CHRISTIAENS,12,0,True,2026-08-29 17:52
2026-08-26,Mercredi,13:00,13:50,SENTIER REFORMER STUDIO,REFORMER PILATES,Polina BODEEVA,14,4,True,2026-08-29 17:52
2026-08-26,Mercredi,13:00,13:50,SURESNES REFORMER STUDIO,REFORMER PILATES,Léna BACHELIER @body.bylena.,10,0,True,2026-08-29 17:52
2026-08-26,Mercredi,13:00,13:50,VAVIN REFORMER STUDIO,REFORMER PILATES,Sofia TRUKHACHEVA,12,4,True,2026-08-29 17:52
2026-08-26,Mercredi,13:00,13:50,WAGRAM REFORMER STUDIO,REFORMER PILATES,Joy DUQUESNE,11,0,True,2026-08-29 17:52
2026-08-26,Mercredi,17:00,17:50,BATIGNOLLES REFORMER STUDIO,REFORMER PILATES,Chloé CASPAR,12,6,True,2026-08-29 17:52
2026-08-26,Mercredi,17:00,17:50,BOULOGNE REFORMER STUDIO,REFORMER PILATES,Stephanie BROWN - English Class,12,3,True,2026-08-29 17:52
2026-08-26,Mercredi,17:00,17:50,SURESNES REFORMER STUDIO,REFORMER PILATES,Andrea JURDI,10,8,True,2026-08-29 17:52
2026-08-26,Mercredi,17:00,17:50,VAUGIRARD RÉFORMER STUDIO,REFORMER PILATES,Polina BODEEVA,11,0,True,2026-08-29 17:52
2026-08-26,Mercredi,17:00,17:50,VAVIN REFORMER STUDIO,REFORMER PILATES,Justine  LE CORRE @justine.fitandflowreformer,12,12,True,2026-08-29 17:52
2026-08-26,Mercredi,17:00,17:50,WAGRAM REFORMER STUDIO,REFORMER PILATES,Jean-Noël JUILLARD,11,1,True,2026-08-29 17:52
2026-08-26,Mercredi,18:00,18:50,BATIGNOLLES REFORMER STUDIO,REFORMER PILATES,Chloé CASPAR,12,9,True,2026-08-29 17:52
2026-08-26,Mercredi,18:00,18:50,BOSQUET REFORMER STUDIO,REFORMER PILATES,Cynthia GALIN,11,10,True,2026-08-29 17:52
2026-08-26,Mercredi,18:00,18:50,BOULOGNE REFORMER STUDIO,REFORMER PILATES,Stephanie BROWN - English Class,12,4,True,2026-08-29 17:52
2026-08-26,Mercredi,18:00,18:50,INVALIDES REFORMER STUDIO,REFORMER PILATES,Luana BRENON,10,0,True,2026-08-29 17:52
2026-08-26,Mercredi,18:00,18:50,MADELEINE REFORMER STUDIO,REFORMER PILATES,Shana  MAMOU,12,7,True,2026-08-29 17:52
2026-08-26,Mercredi,18:00,18:50,MARAIS REFORMER STUDIO,REFORMER PILATES,Mazarine FORD,10,0,True,2026-08-29 17:52
2026-08-26,Mercredi,18:00,18:50,MAUBEUGE REFORMER STUDIO,REFORMER PILATES,Philippine DESTAING,11,11,True,2026-08-29 17:52
2026-08-26,Mercredi,18:00,18:50,MIROMESNIL REFORMER STUDIO,REFORMER PILATES,Godefroy HISANY,11,4,True,2026-08-29 17:52
2026-08-26,Mercredi,18:00,18:45,NEUILLY GYM STUDIO - MAT,BODY SCULPT,Marcus FITLIFE,14,7,True,2026-08-29 17:52
2026-08-26,Mercredi,18:00,18:50,NEUILLY NEWFORMER - INTENSE PILATES,NEWFORMER - INTENSE PILATES,Salomé Dadoun,9,2,True,2026-08-29 17:52
2026-08-26,Mercredi,18:00,18:50,PASSY NEWFORMER - INTENSE PILATES,NEWFORMER - INTENSE PILATES,Naomie CALINSKI,9,7,True,2026-08-29 17:52
2026-08-26,Mercredi,18:00,18:50,SAINT MANDÉ REFORMER STUDIO,REFORMER PILATES,Wendy GUILHEM,12,5,True,2026-08-29 17:52
2026-08-26,Mercredi,18:00,18:50,SENTIER REFORMER STUDIO,REFORMER PILATES,Eva MENIGOZ,14,4,True,2026-08-29 17:52
2026-08-26,Mercredi,18:00,18:50,SURESNES REFORMER STUDIO,REFORMER PILATES,Andrea JURDI,10,5,True,2026-08-29 17:52
2026-08-26,Mercredi,18:00,18:50,VAUGIRARD RÉFORMER STUDIO,REFORMER PILATES,Sonia @sonia_raconte Intermédiaire/Avancé ,11,9,True,2026-08-29 17:52
2026-08-26,Mercredi,18:00,18:50,VAVIN REFORMER STUDIO,REFORMER PILATES,Justine  LE CORRE @justine.fitandflowreformer,12,12,True,2026-08-29 17:52
2026-08-26,Mercredi,18:00,18:50,WAGRAM REFORMER STUDIO,REFORMER PILATES,Jean-Noël JUILLARD,11,5,True,2026-08-29 17:52
2026-08-26,Mercredi,18:15,19:15,MOZART GYM STUDIO - MAT,MÉTHODE BOOTY & CORE +,Elsa TRAINING ,16,15,True,2026-08-29 17:52
2026-08-26,Mercredi,19:00,19:50,BATIGNOLLES REFORMER STUDIO,REFORMER PILATES,Chloé CASPAR,12,12,True,2026-08-29 17:52
2026-08-26,Mercredi,19:00,19:50,BOSQUET REFORMER STUDIO,REFORMER PILATES,Cynthia GALIN,11,9,True,2026-08-29 17:52
2026-08-26,Mercredi,19:00,19:50,BOULOGNE REFORMER STUDIO,REFORMER PILATES,Stephanie BROWN - English Class,12,3,True,2026-08-29 17:52
2026-08-26,Mercredi,19:00,19:50,INVALIDES REFORMER STUDIO,REFORMER PILATES,Luana BRENON,10,7,True,2026-08-29 17:52
2026-08-26,Mercredi,19:00,19:50,MADELEINE REFORMER STUDIO,REFORMER PILATES,Shana  MAMOU,12,8,True,2026-08-29 17:52
2026-08-26,Mercredi,19:00,19:50,MARAIS REFORMER STUDIO,REFORMER PILATES,Mazarine FORD,10,9,True,2026-08-29 17:52
2026-08-26,Mercredi,19:00,19:50,MAUBEUGE REFORMER STUDIO,REFORMER PILATES,Philippine DESTAING,11,9,True,2026-08-29 17:52
2026-08-26,Mercredi,19:00,19:50,MIROMESNIL REFORMER STUDIO,REFORMER PILATES,Godefroy HISANY,11,2,True,2026-08-29 17:52
2026-08-26,Mercredi,19:00,19:50,NEUILLY GYM STUDIO - MAT,BARRE WORKOUT,Kim GAMPEL,12,12,True,2026-08-29 17:52
2026-08-26,Mercredi,19:00,19:50,NEUILLY NEWFORMER - INTENSE PILATES,NEWFORMER - INTENSE PILATES,Salomé Dadoun,9,6,True,2026-08-29 17:52
2026-08-26,Mercredi,19:00,19:50,PASSY NEWFORMER - INTENSE PILATES,NEWFORMER - INTENSE PILATES,Naomie CALINSKI,9,7,True,2026-08-29 17:52
2026-08-26,Mercredi,19:00,19:50,SAINT MANDÉ REFORMER STUDIO,REFORMER PILATES,Wendy GUILHEM,12,12,True,2026-08-29 17:52
2026-08-26,Mercredi,19:00,19:50,SENTIER REFORMER STUDIO,REFORMER PILATES,Eva MENIGOZ,14,8,True,2026-08-29 17:52
2026-08-26,Mercredi,19:00,19:50,SURESNES REFORMER STUDIO,REFORMER PILATES,Andrea JURDI,10,7,True,2026-08-29 17:52
2026-08-26,Mercredi,19:00,19:50,VAUGIRARD RÉFORMER STUDIO,REFORMER PILATES,Sonia @sonia_raconte Intermédiaire/Avancé ,11,6,True,2026-08-29 17:52
2026-08-26,Mercredi,19:00,19:50,VAVIN REFORMER STUDIO,REFORMER PILATES,Justine  LE CORRE @justine.fitandflowreformer,12,12,True,2026-08-29 17:52
2026-08-26,Mercredi,19:00,19:50,WAGRAM REFORMER STUDIO,REFORMER PILATES,Jean-Noël JUILLARD,11,11,True,2026-08-29 17:52
2026-08-26,Mercredi,19:15,20:15,MOZART GYM STUDIO - MAT,PILATES FUSION,Amélie BALLAND @amelietahiti,14,6,True,2026-08-29 17:52
2026-08-26,Mercredi,20:00,20:50,BATIGNOLLES REFORMER STUDIO,REFORMER PILATES,Chloé CASPAR,12,11,True,2026-08-29 17:52
2026-08-26,Mercredi,20:00,20:50,BOSQUET REFORMER STUDIO,REFORMER PILATES,Cynthia GALIN,11,6,True,2026-08-29 17:52
2026-08-26,Mercredi,20:00,20:50,INVALIDES REFORMER STUDIO,REFORMER PILATES,Luana BRENON,10,0,True,2026-08-29 17:52
2026-08-26,Mercredi,20:00,20:50,MADELEINE REFORMER STUDIO,REFORMER PILATES,Shana  MAMOU,12,0,True,2026-08-29 17:52
2026-08-26,Mercredi,20:00,20:50,MARAIS REFORMER STUDIO,REFORMER PILATES,Mazarine FORD,10,6,True,2026-08-29 17:52
2026-08-26,Mercredi,20:00,20:50,MAUBEUGE REFORMER STUDIO,REFORMER PILATES,Philippine DESTAING,11,3,False,2026-08-26 02:34
2026-08-26,Mercredi,20:00,20:50,MIROMESNIL REFORMER STUDIO,REFORMER PILATES,Godefroy HISANY,11,5,True,2026-08-29 17:52
2026-08-26,Mercredi,20:00,20:50,NEUILLY GYM STUDIO - MAT,Cuisses Abdos Fessiers - CAF,Margot BOUDER,12,6,True,2026-08-29 17:52
2026-08-26,Mercredi,20:00,20:50,NEUILLY NEWFORMER - INTENSE PILATES,NEWFORMER - INTENSE PILATES,Salomé Dadoun,9,0,False,2026-08-25 02:33
2026-08-26,Mercredi,20:00,20:50,PASSY NEWFORMER - INTENSE PILATES,NEWFORMER - INTENSE PILATES,Naomie CALINSKI,9,5,True,2026-08-29 17:52
2026-08-26,Mercredi,20:00,20:50,SAINT MANDÉ REFORMER STUDIO,REFORMER PILATES,Wendy GUILHEM,12,0,True,2026-08-29 17:52
2026-08-26,Mercredi,20:00,20:50,SENTIER REFORMER STUDIO,REFORMER PILATES,Eva MENIGOZ,14,3,True,2026-08-29 17:52
2026-08-26,Mercredi,20:00,20:50,SURESNES REFORMER STUDIO,REFORMER PILATES,Andrea JURDI,10,9,True,2026-08-29 17:52
2026-08-26,Mercredi,20:00,20:50,VAUGIRARD RÉFORMER STUDIO,REFORMER PILATES,Sonia @sonia_raconte Intermédiaire/Avancé ,11,6,True,2026-08-29 17:52
2026-08-26,Mercredi,20:00,20:50,WAGRAM REFORMER STUDIO,REFORMER PILATES,Jean-Noël JUILLARD,11,5,True,2026-08-29 17:52
2026-08-26,Mercredi,20:15,21:00,MOZART GYM STUDIO - MAT,Cuisses Abdos Fessiers - CAF,Amélie BALLAND @amelietahiti,16,6,True,2026-08-29 17:52
2026-08-27,Jeudi,08:00,08:50,BATIGNOLLES REFORMER STUDIO,REFORMER PILATES,Arthur Intense/Advanced @arthur.gambardella ,12,5,True,2026-08-30 17:37
2026-08-27,Jeudi,08:00,08:50,BOSQUET REFORMER STUDIO,REFORMER PILATES,Jessika CRUZ,11,8,True,2026-08-30 17:37
2026-08-27,Jeudi,08:00,08:50,INVALIDES REFORMER STUDIO,REFORMER PILATES,Sonia @sonia_raconte Intermédiaire/Avancé ,10,3,True,2026-08-30 17:37
2026-08-27,Jeudi,08:00,08:50,MADELEINE REFORMER STUDIO,REFORMER PILATES,Luana BRENON,12,0,False,2026-08-26 02:34
2026-08-27,Jeudi,08:00,08:50,MARAIS REFORMER STUDIO,REFORMER PILATES,Cynthia GALIN,10,0,True,2026-08-30 17:37
2026-08-27,Jeudi,08:00,08:50,MAUBEUGE REFORMER STUDIO,REFORMER PILATES,Shana  MAMOU,11,6,True,2026-08-30 17:37
2026-08-27,Jeudi,08:00,08:50,MIROMESNIL REFORMER STUDIO,REFORMER PILATES,Florence COLLIN BECUWE Advanced/Intense ,11,4,True,2026-08-30 17:37
2026-08-27,Jeudi,08:00,08:50,MOZART GYM STUDIO - MAT,BODY SCULPT,Marie-Claire AZAR @mc.ismyname Intense / Advanced,16,2,True,2026-08-30 17:37
2026-08-27,Jeudi,08:00,08:50,NEUILLY NEWFORMER - INTENSE PILATES,NEWFORMER - INTENSE PILATES,Nicolas MARTINS Intense / Advanced,9,9,True,2026-08-30 17:37
2026-08-27,Jeudi,08:00,08:50,PASSY NEWFORMER - INTENSE PILATES,NEWFORMER - INTENSE PILATES,Nicolas DUCHESNE,9,3,True,2026-08-30 17:37
2026-08-27,Jeudi,08:00,08:50,SAINT MANDÉ REFORMER STUDIO,REFORMER PILATES,Golda BENCHETRIT,12,0,False,2026-08-26 02:34
2026-08-27,Jeudi,08:00,08:50,SURESNES REFORMER STUDIO,REFORMER PILATES,Marianne Basbous,10,0,False,2026-08-26 02:34
2026-08-27,Jeudi,08:00,08:50,VAUGIRARD RÉFORMER STUDIO,REFORMER PILATES,Olivia FELICIANO,11,0,False,2026-08-26 02:34
2026-08-27,Jeudi,08:00,08:50,VAVIN REFORMER STUDIO,REFORMER PILATES,Soudi ZARGHAM,12,4,True,2026-08-30 17:37
2026-08-27,Jeudi,08:00,08:50,WAGRAM REFORMER STUDIO,REFORMER PILATES,Jenny JORDAN,11,6,True,2026-08-30 17:37
2026-08-27,Jeudi,08:30,09:20,NEUILLY GYM STUDIO - MAT,DYNAMIC PILATES,Mona COHEN,12,1,False,2026-08-25 02:33
2026-08-27,Jeudi,09:00,09:50,BATIGNOLLES REFORMER STUDIO,REFORMER PILATES,Arthur Intense/Advanced @arthur.gambardella ,12,5,True,2026-08-30 17:37
2026-08-27,Jeudi,09:00,09:50,BOSQUET REFORMER STUDIO,REFORMER PILATES,Jessika CRUZ,11,6,True,2026-08-30 17:37
2026-08-27,Jeudi,09:00,09:50,BOULOGNE REFORMER STUDIO,REFORMER PILATES,Aude SCHLACTHER,12,4,True,2026-08-30 17:37
2026-08-27,Jeudi,09:00,09:50,INVALIDES REFORMER STUDIO,REFORMER PILATES,Sonia @sonia_raconte Intermédiaire/Avancé ,10,0,True,2026-08-30 17:37
2026-08-27,Jeudi,09:00,09:50,MADELEINE REFORMER STUDIO,REFORMER PILATES,Luana BRENON,12,0,False,2026-08-26 02:34
2026-08-27,Jeudi,09:00,09:50,MARAIS REFORMER STUDIO,REFORMER PILATES,Cynthia GALIN,10,4,True,2026-08-30 17:37
2026-08-27,Jeudi,09:00,09:50,MAUBEUGE REFORMER STUDIO,REFORMER PILATES,Shana  MAMOU,11,4,True,2026-08-30 17:37
2026-08-27,Jeudi,09:00,09:50,MIROMESNIL REFORMER STUDIO,REFORMER PILATES,Florence COLLIN BECUWE Advanced/Intense ,11,3,True,2026-08-30 17:37
2026-08-27,Jeudi,09:00,10:00,MOZART GYM STUDIO - MAT,DYNAMIC PILATES,Marie-Claire AZAR @mc.ismyname Intense / Advanced,16,4,True,2026-08-30 17:37
2026-08-27,Jeudi,09:00,09:50,NEUILLY NEWFORMER - INTENSE PILATES,NEWFORMER - INTENSE PILATES,Nicolas MARTINS Intense / Advanced,9,9,True,2026-08-30 17:37
2026-08-27,Jeudi,09:00,09:50,PASSY NEWFORMER - INTENSE PILATES,NEWFORMER - INTENSE PILATES,Nicolas DUCHESNE,9,3,True,2026-08-30 17:37
2026-08-27,Jeudi,09:00,09:50,SAINT MANDÉ REFORMER STUDIO,REFORMER PILATES,Golda BENCHETRIT,12,1,True,2026-08-30 17:37
2026-08-27,Jeudi,09:00,09:50,SURESNES REFORMER STUDIO,REFORMER PILATES,Marianne Basbous,10,0,True,2026-08-30 17:37
2026-08-27,Jeudi,09:00,09:50,VAUGIRARD RÉFORMER STUDIO,REFORMER PILATES,Olivia FELICIANO,11,2,True,2026-08-30 17:37
2026-08-27,Jeudi,09:00,09:50,VAVIN REFORMER STUDIO,REFORMER PILATES,Soudi ZARGHAM,12,7,True,2026-08-30 17:37
2026-08-27,Jeudi,09:00,09:50,WAGRAM REFORMER STUDIO,REFORMER PILATES,Jenny JORDAN,11,6,True,2026-08-30 17:37
2026-08-27,Jeudi,09:30,10:30,NEUILLY GYM STUDIO - MAT,BARRE WORKOUT,Kim GAMPEL,12,8,True,2026-08-30 17:37
2026-08-27,Jeudi,10:00,10:50,BATIGNOLLES REFORMER STUDIO,REFORMER PILATES,Arthur Intense/Advanced @arthur.gambardella ,12,6,True,2026-08-30 17:37
2026-08-27,Jeudi,10:00,10:50,BOSQUET REFORMER STUDIO,REFORMER PILATES,Jessika CRUZ,11,6,True,2026-08-30 17:37
2026-08-27,Jeudi,10:00,10:50,BOULOGNE REFORMER STUDIO,REFORMER PILATES,Aude SCHLACTHER,12,0,True,2026-08-30 17:37
2026-08-27,Jeudi,10:00,10:50,MARAIS REFORMER STUDIO,REFORMER PILATES,Cynthia GALIN,10,2,True,2026-08-30 17:37
2026-08-27,Jeudi,10:00,10:50,MAUBEUGE REFORMER STUDIO,REFORMER PILATES,Shana  MAMOU,11,5,True,2026-08-30 17:37
2026-08-27,Jeudi,10:00,10:50,NEUILLY NEWFORMER - INTENSE PILATES,NEWFORMER - INTENSE PILATES,Nicolas MARTINS Intense / Advanced,9,6,True,2026-08-30 17:37
2026-08-27,Jeudi,10:00,10:50,PASSY NEWFORMER - INTENSE PILATES,NEWFORMER - INTENSE PILATES,Nicolas DUCHESNE,9,5,True,2026-08-30 17:37
2026-08-27,Jeudi,10:00,10:50,SAINT MANDÉ REFORMER STUDIO,REFORMER PILATES,Golda BENCHETRIT,12,4,True,2026-08-30 17:37
2026-08-27,Jeudi,10:00,10:50,SENTIER REFORMER STUDIO,REFORMER PILATES,Mathilde DURAND,14,0,True,2026-08-30 17:37
2026-08-27,Jeudi,10:00,10:50,SURESNES REFORMER STUDIO,REFORMER PILATES,Andrea JURDI,10,5,True,2026-08-30 17:37
2026-08-27,Jeudi,10:00,10:50,VAUGIRARD RÉFORMER STUDIO,REFORMER PILATES,Olivia FELICIANO,11,3,True,2026-08-30 17:37
2026-08-27,Jeudi,10:00,10:50,VAVIN REFORMER STUDIO,REFORMER PILATES,Soudi ZARGHAM,12,4,True,2026-08-30 17:37
2026-08-27,Jeudi,10:00,10:50,WAGRAM REFORMER STUDIO,REFORMER PILATES,Jenny JORDAN,11,6,True,2026-08-30 17:37
2026-08-27,Jeudi,10:30,11:30,NEUILLY GYM STUDIO - MAT,DYNAMIC PILATES,Joe BERCKMANS @go_for_it_joe,12,0,True,2026-08-30 17:37
2026-08-27,Jeudi,11:00,11:50,BATIGNOLLES REFORMER STUDIO,REFORMER PILATES,Alexia VITALI,12,0,True,2026-08-30 17:37
2026-08-27,Jeudi,11:00,11:50,BOSQUET REFORMER STUDIO,REFORMER PILATES,Jessika CRUZ,11,7,True,2026-08-30 17:37
2026-08-27,Jeudi,11:00,11:50,BOULOGNE REFORMER STUDIO,REFORMER PILATES,Aude SCHLACTHER,12,0,True,2026-08-30 17:37
2026-08-27,Jeudi,11:00,11:50,MADELEINE REFORMER STUDIO,REFORMER PILATES,Florence COLLIN BECUWE Advanced/Intense ,12,0,True,2026-08-30 17:37
2026-08-27,Jeudi,11:00,11:50,MARAIS REFORMER STUDIO,REFORMER PILATES,Sofia TRUKHACHEVA,10,0,True,2026-08-30 17:37
2026-08-27,Jeudi,11:00,11:50,MAUBEUGE REFORMER STUDIO,REFORMER PILATES,Angelina TAVARES,11,5,True,2026-08-30 17:37
2026-08-27,Jeudi,11:00,11:50,MIROMESNIL REFORMER STUDIO,REFORMER PILATES,Leila OUCHEN,11,2,True,2026-08-30 17:37
2026-08-27,Jeudi,11:00,11:50,NEUILLY NEWFORMER - INTENSE PILATES,NEWFORMER - INTENSE PILATES,Nicolas MARTINS Intense / Advanced,9,0,True,2026-08-30 17:37
2026-08-27,Jeudi,11:00,11:50,PASSY NEWFORMER - INTENSE PILATES,NEWFORMER - INTENSE PILATES,Polina BODEEVA,9,0,True,2026-08-30 17:37
2026-08-27,Jeudi,11:00,11:50,SURESNES REFORMER STUDIO,REFORMER PILATES,Andrea JURDI,10,0,True,2026-08-30 17:37
2026-08-27,Jeudi,11:00,11:50,VAUGIRARD RÉFORMER STUDIO,REFORMER PILATES,Sacha DOURIANT,11,8,True,2026-08-30 17:37
2026-08-27,Jeudi,11:00,11:50,WAGRAM REFORMER STUDIO,REFORMER PILATES,Candice TOUBIANA @candice.pilates,11,3,True,2026-08-30 17:37
2026-08-27,Jeudi,11:30,12:15,MOZART GYM STUDIO - MAT,MÉTHODE BOOTY & CORE,Elsa TRAINING ,16,9,True,2026-08-30 17:37
2026-08-27,Jeudi,12:00,12:50,BATIGNOLLES REFORMER STUDIO,REFORMER PILATES,Alexia VITALI,12,3,True,2026-08-30 17:37
2026-08-27,Jeudi,12:00,12:50,BOSQUET REFORMER STUDIO,REFORMER PILATES,Jessika CRUZ,11,9,True,2026-08-30 17:37
2026-08-27,Jeudi,12:00,12:50,BOULOGNE REFORMER STUDIO,REFORMER PILATES,Aude SCHLACTHER,12,8,True,2026-08-30 17:37
2026-08-27,Jeudi,12:00,12:50,INVALIDES REFORMER STUDIO,REFORMER PILATES,Shana  MAMOU,10,5,True,2026-08-30 17:37
2026-08-27,Jeudi,12:00,12:50,MADELEINE REFORMER STUDIO,REFORMER PILATES,Florence COLLIN BECUWE Advanced/Intense ,12,9,True,2026-08-30 17:37
2026-08-27,Jeudi,12:00,12:50,MARAIS REFORMER STUDIO,REFORMER PILATES,Sofia TRUKHACHEVA,10,4,True,2026-08-30 17:37
2026-08-27,Jeudi,12:00,12:50,MAUBEUGE REFORMER STUDIO,REFORMER PILATES,Angelina TAVARES,11,9,True,2026-08-30 17:37
2026-08-27,Jeudi,12:00,12:50,MIROMESNIL REFORMER STUDIO,REFORMER PILATES,Leila OUCHEN,11,11,True,2026-08-30 17:37
2026-08-27,Jeudi,12:00,12:50,NEUILLY NEWFORMER - INTENSE PILATES,NEWFORMER - INTENSE PILATES,Nicolas MARTINS Intense / Advanced,9,9,True,2026-08-30 17:37
2026-08-27,Jeudi,12:00,12:50,PASSY NEWFORMER - INTENSE PILATES,NEWFORMER - INTENSE PILATES,Polina BODEEVA,9,3,True,2026-08-30 17:37
2026-08-27,Jeudi,12:00,12:50,SAINT MANDÉ REFORMER STUDIO,REFORMER PILATES,Anaïs CHRISTIAENS,12,6,True,2026-08-30 17:37
2026-08-27,Jeudi,12:00,12:50,SENTIER REFORMER STUDIO,REFORMER PILATES,Victoria OROZCO @victoriamouvement,14,4,True,2026-08-30 17:37
2026-08-27,Jeudi,12:00,12:50,SURESNES REFORMER STUDIO,REFORMER PILATES,Andrea JURDI,10,8,True,2026-08-30 17:37
2026-08-27,Jeudi,12:00,12:50,VAUGIRARD RÉFORMER STUDIO,REFORMER PILATES,Sacha DOURIANT,11,8,True,2026-08-30 17:37
2026-08-27,Jeudi,12:00,12:50,VAVIN REFORMER STUDIO,REFORMER PILATES,Sonia @sonia_raconte Intermédiaire/Avancé ,12,6,True,2026-08-30 17:37
2026-08-27,Jeudi,12:00,12:50,WAGRAM REFORMER STUDIO,REFORMER PILATES,Candice TOUBIANA @candice.pilates,11,8,True,2026-08-30 17:37
2026-08-27,Jeudi,12:30,13:45,MOZART GYM STUDIO - MAT,YOGA VINYASA,Flore TURRA (intermédiaire),16,0,False,2026-08-26 02:34
2026-08-27,Jeudi,12:30,13:15,NEUILLY GYM STUDIO - MAT,BODY SCULPT,Marcus FITLIFE,12,7,True,2026-08-30 17:37
2026-08-27,Jeudi,13:00,13:50,BATIGNOLLES REFORMER STUDIO,REFORMER PILATES,Alexia VITALI,12,3,True,2026-08-30 17:37
2026-08-27,Jeudi,13:00,13:50,BOULOGNE REFORMER STUDIO,REFORMER PILATES,Aude SCHLACTHER,12,8,True,2026-08-30 17:37
2026-08-27,Jeudi,13:00,13:50,INVALIDES REFORMER STUDIO,REFORMER PILATES,Shana  MAMOU,10,2,True,2026-08-30 17:37
2026-08-27,Jeudi,13:00,13:50,MADELEINE REFORMER STUDIO,REFORMER PILATES,Florence COLLIN BECUWE Advanced/Intense ,12,2,True,2026-08-30 17:37
2026-08-27,Jeudi,13:00,13:50,MARAIS REFORMER STUDIO,REFORMER PILATES,Sofia TRUKHACHEVA,10,3,True,2026-08-30 17:37
2026-08-27,Jeudi,13:00,13:50,MAUBEUGE REFORMER STUDIO,REFORMER PILATES,Angelina TAVARES,11,4,True,2026-08-30 17:37
2026-08-27,Jeudi,13:00,13:50,MIROMESNIL REFORMER STUDIO,REFORMER PILATES,Leila OUCHEN,11,7,True,2026-08-30 17:37
2026-08-27,Jeudi,13:00,13:50,PASSY NEWFORMER - INTENSE PILATES,NEWFORMER - INTENSE PILATES,Polina BODEEVA,9,3,True,2026-08-30 17:37
2026-08-27,Jeudi,13:00,13:50,SAINT MANDÉ REFORMER STUDIO,REFORMER PILATES,Anaïs CHRISTIAENS,12,1,True,2026-08-30 17:37
2026-08-27,Jeudi,13:00,13:50,SENTIER REFORMER STUDIO,REFORMER PILATES,Victoria OROZCO @victoriamouvement,14,9,True,2026-08-30 17:37
2026-08-27,Jeudi,13:00,13:50,SURESNES REFORMER STUDIO,REFORMER PILATES,Andrea JURDI,10,5,True,2026-08-30 17:37
2026-08-27,Jeudi,13:00,13:50,VAUGIRARD RÉFORMER STUDIO,REFORMER PILATES,Sacha DOURIANT,11,4,True,2026-08-30 17:37
2026-08-27,Jeudi,13:00,13:50,VAVIN REFORMER STUDIO,REFORMER PILATES,Sonia @sonia_raconte Intermédiaire/Avancé ,12,0,True,2026-08-30 17:37
2026-08-27,Jeudi,13:00,13:50,WAGRAM REFORMER STUDIO,REFORMER PILATES,Candice TOUBIANA @candice.pilates,11,8,True,2026-08-30 17:37
2026-08-27,Jeudi,17:00,17:50,BATIGNOLLES REFORMER STUDIO,REFORMER PILATES,Jacky TEWES ,12,9,True,2026-08-30 17:37
2026-08-27,Jeudi,17:00,17:50,BOULOGNE REFORMER STUDIO,REFORMER PILATES,Cecilia PINTO,12,0,True,2026-08-30 17:37
2026-08-27,Jeudi,17:00,17:50,MAUBEUGE REFORMER STUDIO,REFORMER PILATES,Lucrezia Amerio,11,2,True,2026-08-30 17:37
2026-08-27,Jeudi,17:00,17:50,MIROMESNIL REFORMER STUDIO,REFORMER PILATES,Laura LAUGERO @lauralld,11,5,True,2026-08-30 17:37
2026-08-27,Jeudi,17:00,17:50,NEUILLY NEWFORMER - INTENSE PILATES,NEWFORMER - INTENSE PILATES,Vincent PEDRAZA @vincent.pedraza,9,0,True,2026-08-30 17:37
2026-08-27,Jeudi,17:00,17:50,PASSY NEWFORMER - INTENSE PILATES,NEWFORMER - INTENSE PILATES,Carla @training_by_carla,9,0,True,2026-08-30 17:37
2026-08-27,Jeudi,17:00,17:50,SURESNES REFORMER STUDIO,REFORMER PILATES,Audrey HUGON,10,6,True,2026-08-30 17:37
2026-08-27,Jeudi,17:00,17:50,VAVIN REFORMER STUDIO,REFORMER PILATES,Justine  LE CORRE @justine.fitandflowreformer,12,0,True,2026-08-30 17:37
2026-08-27,Jeudi,17:00,17:50,WAGRAM REFORMER STUDIO,REFORMER PILATES,Polly PRIANIKOVA,11,7,True,2026-08-30 17:37
2026-08-27,Jeudi,18:00,18:50,BATIGNOLLES REFORMER STUDIO,REFORMER PILATES,Jacky TEWES ,12,9,True,2026-08-30 17:37
2026-08-27,Jeudi,18:00,18:50,BOSQUET REFORMER STUDIO,REFORMER PILATES,Valérie @valeriefitcoaching / Advanced,11,9,True,2026-08-30 17:37
2026-08-27,Jeudi,18:00,18:50,BOULOGNE REFORMER STUDIO,REFORMER PILATES,Sonia @sonia_raconte Intermédiaire/Avancé ,12,4,True,2026-08-30 17:37
2026-08-27,Jeudi,18:00,18:50,INVALIDES REFORMER STUDIO,REFORMER PILATES,Léane AMRAM,10,3,True,2026-08-30 17:37
2026-08-27,Jeudi,18:00,18:50,MADELEINE REFORMER STUDIO,REFORMER PILATES,Shana  MAMOU,12,7,True,2026-08-30 17:37
2026-08-27,Jeudi,18:00,18:50,MARAIS REFORMER STUDIO,REFORMER PILATES,Camille AUZANNEAU,10,3,True,2026-08-30 17:37
2026-08-27,Jeudi,18:00,18:50,MAUBEUGE REFORMER STUDIO,REFORMER PILATES,Lucrezia Amerio,11,3,True,2026-08-30 17:37
2026-08-27,Jeudi,18:00,18:50,MIROMESNIL REFORMER STUDIO,REFORMER PILATES,Laura LAUGERO @lauralld,11,10,True,2026-08-30 17:37
2026-08-27,Jeudi,18:00,18:50,MOZART GYM STUDIO - MAT,Cuisses Abdos Fessiers - CAF,Nicolas DUCHESNE,14,10,True,2026-08-30 17:37
2026-08-27,Jeudi,18:00,18:50,NEUILLY NEWFORMER - INTENSE PILATES,NEWFORMER - INTENSE PILATES,Vincent PEDRAZA @vincent.pedraza,9,7,True,2026-08-30 17:37
2026-08-27,Jeudi,18:00,18:50,PASSY NEWFORMER - INTENSE PILATES,NEWFORMER - INTENSE PILATES,Carla @training_by_carla,9,0,True,2026-08-30 17:37
2026-08-27,Jeudi,18:00,18:50,SAINT MANDÉ REFORMER STUDIO,REFORMER PILATES,Wendy GUILHEM,12,0,False,2026-08-25 02:33
2026-08-27,Jeudi,18:00,18:50,SENTIER REFORMER STUDIO,REFORMER PILATES,Eva MENIGOZ,14,0,True,2026-08-30 17:37
2026-08-27,Jeudi,18:00,18:50,SURESNES REFORMER STUDIO,REFORMER PILATES,Audrey HUGON,10,5,True,2026-08-30 17:37
2026-08-27,Jeudi,18:00,18:50,VAUGIRARD RÉFORMER STUDIO,REFORMER PILATES,Sonia @sonia_raconte Intermédiaire/Avancé ,11,0,True,2026-08-30 17:37
2026-08-27,Jeudi,18:00,18:50,VAVIN REFORMER STUDIO,REFORMER PILATES,Justine  LE CORRE @justine.fitandflowreformer,12,8,True,2026-08-30 17:37
2026-08-27,Jeudi,18:00,18:50,WAGRAM REFORMER STUDIO,REFORMER PILATES,Polly PRIANIKOVA,11,5,True,2026-08-30 17:37
2026-08-27,Jeudi,18:15,19:15,NEUILLY GYM STUDIO - MAT,BARRE WORKOUT,Cynthia MONTANO,12,0,False,2026-08-25 02:33
2026-08-27,Jeudi,19:00,19:50,BATIGNOLLES REFORMER STUDIO,REFORMER PILATES,Jacky TEWES ,12,12,True,2026-08-30 17:37
2026-08-27,Jeudi,19:00,19:50,BOSQUET REFORMER STUDIO,REFORMER PILATES,Valérie @valeriefitcoaching / Advanced,11,10,True,2026-08-30 17:37
2026-08-27,Jeudi,19:00,19:50,BOULOGNE REFORMER STUDIO,REFORMER PILATES,Sonia @sonia_raconte Intermédiaire/Avancé ,12,5,True,2026-08-30 17:37
2026-08-27,Jeudi,19:00,19:50,INVALIDES REFORMER STUDIO,REFORMER PILATES,Léane AMRAM,10,5,True,2026-08-30 17:37
2026-08-27,Jeudi,19:00,19:50,MADELEINE REFORMER STUDIO,REFORMER PILATES,Shana  MAMOU,12,2,True,2026-08-30 17:37
2026-08-27,Jeudi,19:00,19:50,MARAIS REFORMER STUDIO,REFORMER PILATES,Camille AUZANNEAU,10,5,True,2026-08-30 17:37
2026-08-27,Jeudi,19:00,19:50,MAUBEUGE REFORMER STUDIO,REFORMER PILATES,Lucrezia Amerio,11,5,True,2026-08-30 17:37
2026-08-27,Jeudi,19:00,19:50,MIROMESNIL REFORMER STUDIO,REFORMER PILATES,Laura LAUGERO @lauralld,11,5,True,2026-08-30 17:37
2026-08-27,Jeudi,19:00,19:50,MOZART GYM STUDIO - MAT,FOCUS ABS & FULL BODY,Nicolas DUCHESNE,16,7,True,2026-08-30 17:37
2026-08-27,Jeudi,19:00,19:50,NEUILLY NEWFORMER - INTENSE PILATES,NEWFORMER - INTENSE PILATES,Vincent PEDRAZA @vincent.pedraza,9,0,True,2026-08-30 17:37
2026-08-27,Jeudi,19:00,19:50,PASSY NEWFORMER - INTENSE PILATES,NEWFORMER - INTENSE PILATES,Carla @training_by_carla,9,0,True,2026-08-30 17:37
2026-08-27,Jeudi,19:00,19:50,SAINT MANDÉ REFORMER STUDIO,REFORMER PILATES,Wendy GUILHEM,12,5,True,2026-08-30 17:37
2026-08-27,Jeudi,19:00,19:50,SENTIER REFORMER STUDIO,REFORMER PILATES,Eva MENIGOZ,14,10,True,2026-08-30 17:37
2026-08-27,Jeudi,19:00,19:50,VAUGIRARD RÉFORMER STUDIO,REFORMER PILATES,Sonia @sonia_raconte Intermédiaire/Avancé ,11,0,True,2026-08-30 17:37
2026-08-27,Jeudi,19:00,19:50,VAVIN REFORMER STUDIO,REFORMER PILATES,Justine  LE CORRE @justine.fitandflowreformer,12,12,True,2026-08-30 17:37
2026-08-27,Jeudi,19:00,19:50,WAGRAM REFORMER STUDIO,REFORMER PILATES,Polly PRIANIKOVA,11,7,True,2026-08-30 17:37
2026-08-27,Jeudi,19:15,20:00,NEUILLY GYM STUDIO - MAT,BARRE WORKOUT EXPRESS,Cynthia MONTANO,12,7,True,2026-08-30 17:37
2026-08-27,Jeudi,20:00,20:50,BATIGNOLLES REFORMER STUDIO,REFORMER PILATES,Jacky TEWES ,12,11,True,2026-08-30 17:37
2026-08-27,Jeudi,20:00,20:50,BOSQUET REFORMER STUDIO,REFORMER PILATES,Valérie @valeriefitcoaching / Advanced,11,4,True,2026-08-30 17:37
2026-08-27,Jeudi,20:00,20:50,BOULOGNE REFORMER STUDIO,REFORMER PILATES,Sonia @sonia_raconte Intermédiaire/Avancé ,12,9,True,2026-08-30 17:37
2026-08-27,Jeudi,20:00,20:50,INVALIDES REFORMER STUDIO,REFORMER PILATES,Léane AMRAM,10,0,True,2026-08-30 17:37
2026-08-27,Jeudi,20:00,20:50,MADELEINE REFORMER STUDIO,REFORMER PILATES,Shana  MAMOU,12,0,False,2026-08-26 02:34
2026-08-27,Jeudi,20:00,20:50,MARAIS REFORMER STUDIO,REFORMER PILATES,Camille AUZANNEAU,10,0,True,2026-08-30 17:37
2026-08-27,Jeudi,20:00,20:50,MIROMESNIL REFORMER STUDIO,REFORMER PILATES,Laura LAUGERO @lauralld,11,0,True,2026-08-30 17:37
2026-08-27,Jeudi,20:00,20:50,MOZART GYM STUDIO - MAT,BARRE PILATES,Magali LAURENT @studio.magalilaurent,17,10,True,2026-08-30 17:37
2026-08-27,Jeudi,20:00,20:50,NEUILLY GYM STUDIO - MAT,BARRE PILATES,Cynthia MONTANO,12,5,True,2026-08-30 17:37
2026-08-27,Jeudi,20:00,20:50,NEUILLY NEWFORMER - INTENSE PILATES,NEWFORMER - INTENSE PILATES,Vincent PEDRAZA @vincent.pedraza,9,3,True,2026-08-30 17:37
2026-08-27,Jeudi,20:00,20:50,PASSY NEWFORMER - INTENSE PILATES,NEWFORMER - INTENSE PILATES,Carla @training_by_carla,9,0,True,2026-08-30 17:37
2026-08-27,Jeudi,20:00,20:50,SAINT MANDÉ REFORMER STUDIO,REFORMER PILATES,Wendy GUILHEM,12,5,True,2026-08-30 17:37
2026-08-27,Jeudi,20:00,20:50,SENTIER REFORMER STUDIO,REFORMER PILATES,Eva MENIGOZ,14,0,True,2026-08-30 17:37
2026-08-27,Jeudi,20:00,20:50,VAUGIRARD RÉFORMER STUDIO,REFORMER PILATES,Sonia @sonia_raconte Intermédiaire/Avancé ,11,0,True,2026-08-30 17:37
2026-08-27,Jeudi,20:00,20:50,VAVIN REFORMER STUDIO,REFORMER PILATES,Justine  LE CORRE @justine.fitandflowreformer,12,7,True,2026-08-30 17:37
2026-08-27,Jeudi,20:00,20:50,WAGRAM REFORMER STUDIO,REFORMER PILATES,Polly PRIANIKOVA,11,7,True,2026-08-30 17:37
2026-08-28,Vendredi,08:00,08:50,BATIGNOLLES REFORMER STUDIO,REFORMER PILATES,Florence COLLIN BECUWE Advanced/Intense ,12,6,True,2026-08-31 03:53
2026-08-28,Vendredi,08:00,08:50,BOSQUET REFORMER STUDIO,REFORMER PILATES,Joy DUQUESNE,11,0,False,2026-08-27 07:20
2026-08-28,Vendredi,08:00,08:50,MADELEINE REFORMER STUDIO,REFORMER PILATES,Marie GROSSEY,12,1,True,2026-08-31 03:53
2026-08-28,Vendredi,08:00,08:50,MARAIS REFORMER STUDIO,REFORMER PILATES,Léane AMRAM,10,6,True,2026-08-31 03:53
2026-08-28,Vendredi,08:00,08:50,MAUBEUGE REFORMER STUDIO,REFORMER PILATES,Camille AUZANNEAU,11,3,True,2026-08-31 03:53
2026-08-28,Vendredi,08:00,08:50,MIROMESNIL REFORMER STUDIO,REFORMER PILATES,Shana  MAMOU,11,2,True,2026-08-31 03:53
2026-08-28,Vendredi,08:00,08:50,MOZART GYM STUDIO - MAT,DYNAMIC PILATES,Manon VIRMOUX,15,4,True,2026-08-31 03:53
2026-08-28,Vendredi,08:00,08:50,PASSY NEWFORMER - INTENSE PILATES,NEWFORMER - INTENSE PILATES,Nicolas DUCHESNE,9,2,True,2026-08-31 03:53
2026-08-28,Vendredi,08:00,08:50,SAINT MANDÉ REFORMER STUDIO,REFORMER PILATES,Sherel SADOUN,12,0,False,2026-08-26 02:34
2026-08-28,Vendredi,08:00,08:50,SURESNES REFORMER STUDIO,REFORMER PILATES,Cynthia GALIN,10,10,True,2026-08-31 03:53
2026-08-28,Vendredi,08:00,08:50,VAUGIRARD RÉFORMER STUDIO,REFORMER PILATES,Sonia @sonia_raconte Intermédiaire/Avancé ,11,8,True,2026-08-31 03:53
2026-08-28,Vendredi,08:00,08:50,VAVIN REFORMER STUDIO,REFORMER PILATES,Celia Hachem,12,2,True,2026-08-31 03:53
2026-08-28,Vendredi,08:00,08:50,WAGRAM REFORMER STUDIO,REFORMER PILATES,Philippine DESTAING,11,7,True,2026-08-31 03:53
2026-08-28,Vendredi,09:00,09:50,BATIGNOLLES REFORMER STUDIO,REFORMER PILATES,Florence COLLIN BECUWE Advanced/Intense ,12,4,True,2026-08-31 03:53
2026-08-28,Vendredi,09:00,09:50,BOSQUET REFORMER STUDIO,REFORMER PILATES,Joy DUQUESNE,11,7,True,2026-08-31 03:53
2026-08-28,Vendredi,09:00,09:50,INVALIDES REFORMER STUDIO,REFORMER PILATES,Julia TAPIRO,10,3,True,2026-08-31 03:53
2026-08-28,Vendredi,09:00,09:50,MADELEINE REFORMER STUDIO,REFORMER PILATES,Marie GROSSEY,12,0,True,2026-08-31 03:53
2026-08-28,Vendredi,09:00,09:50,MARAIS REFORMER STUDIO,REFORMER PILATES,Léane AMRAM,10,4,True,2026-08-31 03:53
2026-08-28,Vendredi,09:00,09:50,MAUBEUGE REFORMER STUDIO,REFORMER PILATES,Camille AUZANNEAU,11,4,True,2026-08-31 03:53
2026-08-28,Vendredi,09:00,09:50,MIROMESNIL REFORMER STUDIO,REFORMER PILATES,Shana  MAMOU,11,1,True,2026-08-31 03:53
2026-08-28,Vendredi,09:00,10:00,MOZART GYM STUDIO - MAT,YOGA VINYASA,Tamara KUZNETCOVA,16,5,True,2026-08-31 03:53
2026-08-28,Vendredi,09:00,09:50,NEUILLY GYM STUDIO - MAT,Cuisses Abdos Fessiers - CAF,Ibrahima BALDE,14,8,True,2026-08-31 03:53
2026-08-28,Vendredi,09:00,09:50,NEUILLY NEWFORMER - INTENSE PILATES,NEWFORMER - INTENSE PILATES,Naomie CALINSKI,9,0,True,2026-08-31 03:53
2026-08-28,Vendredi,09:00,09:50,PASSY NEWFORMER - INTENSE PILATES,NEWFORMER - INTENSE PILATES,Nicolas DUCHESNE,9,8,True,2026-08-31 03:53
2026-08-28,Vendredi,09:00,09:50,SAINT MANDÉ REFORMER STUDIO,REFORMER PILATES,Iris BALAZS,12,4,True,2026-08-31 03:53
2026-08-28,Vendredi,09:00,09:50,SENTIER REFORMER STUDIO,REFORMER PILATES,Houssem Boutiti,14,0,True,2026-08-31 03:53
2026-08-28,Vendredi,09:00,09:50,SURESNES REFORMER STUDIO,REFORMER PILATES,Cynthia GALIN,10,6,True,2026-08-31 03:53
2026-08-28,Vendredi,09:00,09:50,VAUGIRARD RÉFORMER STUDIO,REFORMER PILATES,Sonia @sonia_raconte Intermédiaire/Avancé ,11,5,True,2026-08-31 03:53
2026-08-28,Vendredi,09:00,09:50,VAVIN REFORMER STUDIO,REFORMER PILATES,Celia Hachem,12,6,True,2026-08-31 03:53
2026-08-28,Vendredi,09:00,09:50,WAGRAM REFORMER STUDIO,REFORMER PILATES,Philippine DESTAING,11,5,True,2026-08-31 03:53
2026-08-28,Vendredi,10:00,10:50,BATIGNOLLES REFORMER STUDIO,REFORMER PILATES,Florence COLLIN BECUWE Advanced/Intense ,12,7,True,2026-08-31 03:53
2026-08-28,Vendredi,10:00,10:50,BOSQUET REFORMER STUDIO,REFORMER PILATES,Joy DUQUESNE,11,4,True,2026-08-31 03:53
2026-08-28,Vendredi,10:00,10:50,BOULOGNE REFORMER STUDIO,REFORMER PILATES,Kasia @k_shia,12,4,True,2026-08-31 03:53
2026-08-28,Vendredi,10:00,10:50,INVALIDES REFORMER STUDIO,REFORMER PILATES,Julia TAPIRO,10,0,True,2026-08-31 03:53
2026-08-28,Vendredi,10:00,10:50,MAUBEUGE REFORMER STUDIO,REFORMER PILATES,Camille AUZANNEAU,11,3,True,2026-08-31 03:53
2026-08-28,Vendredi,10:00,11:00,MOZART GYM STUDIO - MAT,KALON BARRE,KALON BARRE @kalon.movement,16,16,True,2026-08-31 03:53
2026-08-28,Vendredi,10:00,11:00,NEUILLY GYM STUDIO - MAT,KALON BARRE,KALON BARRE @kalon.movement,14,7,True,2026-08-31 03:53
2026-08-28,Vendredi,10:00,10:50,NEUILLY NEWFORMER - INTENSE PILATES,NEWFORMER - INTENSE PILATES,Naomie CALINSKI,9,2,True,2026-08-31 03:53
2026-08-28,Vendredi,10:00,10:50,PASSY NEWFORMER - INTENSE PILATES,NEWFORMER - INTENSE PILATES,Nicolas DUCHESNE,9,4,True,2026-08-31 03:53
2026-08-28,Vendredi,10:00,10:50,SAINT MANDÉ REFORMER STUDIO,REFORMER PILATES,Iris BALAZS,12,5,True,2026-08-31 03:53
2026-08-28,Vendredi,10:00,10:50,SENTIER REFORMER STUDIO,REFORMER PILATES,Houssem Boutiti,14,0,True,2026-08-31 03:53
2026-08-28,Vendredi,10:00,10:50,SURESNES REFORMER STUDIO,REFORMER PILATES,Cynthia GALIN,10,2,True,2026-08-31 03:53
2026-08-28,Vendredi,10:00,10:50,VAUGIRARD RÉFORMER STUDIO,REFORMER PILATES,Sonia @sonia_raconte Intermédiaire/Avancé ,11,7,True,2026-08-31 03:53
2026-08-28,Vendredi,10:00,10:50,VAVIN REFORMER STUDIO,REFORMER PILATES,Celia Hachem,12,2,True,2026-08-31 03:53
2026-08-28,Vendredi,10:00,10:50,WAGRAM REFORMER STUDIO,REFORMER PILATES,Philippine DESTAING,11,8,True,2026-08-31 03:53
2026-08-28,Vendredi,11:00,11:50,BATIGNOLLES REFORMER STUDIO,REFORMER PILATES,Cynthia MONTANO,12,3,True,2026-08-31 03:53
2026-08-28,Vendredi,11:00,11:50,BOULOGNE REFORMER STUDIO,REFORMER PILATES,Kasia @k_shia,12,3,True,2026-08-31 03:53
2026-08-28,Vendredi,11:00,11:50,MARAIS REFORMER STUDIO,REFORMER PILATES,Sofia TRUKHACHEVA,10,4,True,2026-08-31 03:53
2026-08-28,Vendredi,11:00,11:50,MAUBEUGE REFORMER STUDIO,REFORMER PILATES,Camille AUZANNEAU,11,2,True,2026-08-31 03:53
2026-08-28,Vendredi,11:00,11:50,NEUILLY NEWFORMER - INTENSE PILATES,NEWFORMER - INTENSE PILATES,Arthur Intense/Advanced @arthur.gambardella ,9,0,True,2026-08-31 03:53
2026-08-28,Vendredi,11:00,11:50,PASSY NEWFORMER - INTENSE PILATES,NEWFORMER - INTENSE PILATES,Nicolas DUCHESNE,9,5,True,2026-08-31 03:53
2026-08-28,Vendredi,11:00,11:50,SAINT MANDÉ REFORMER STUDIO,REFORMER PILATES,Amelie MOVES @amelie.moves,12,0,False,2026-08-26 02:34
2026-08-28,Vendredi,11:00,11:50,VAVIN REFORMER STUDIO,REFORMER PILATES,Celia Hachem,12,3,True,2026-08-31 03:53
2026-08-28,Vendredi,11:00,11:50,WAGRAM REFORMER STUDIO,REFORMER PILATES,Shana  MAMOU,11,2,True,2026-08-31 03:53
2026-08-28,Vendredi,11:15,12:00,NEUILLY GYM STUDIO - MAT,STRETCHING CLASS,Valentine @balletdodu ,12,7,True,2026-08-31 03:53
2026-08-28,Vendredi,12:00,12:50,BATIGNOLLES REFORMER STUDIO,REFORMER PILATES,Cynthia MONTANO,12,12,True,2026-08-31 03:53
2026-08-28,Vendredi,12:00,12:50,BOSQUET REFORMER STUDIO,REFORMER PILATES,Polly PRIANIKOVA,11,3,True,2026-08-31 03:53
2026-08-28,Vendredi,12:00,12:50,BOULOGNE REFORMER STUDIO,REFORMER PILATES,Kasia @k_shia,12,11,True,2026-08-31 03:53
2026-08-28,Vendredi,12:00,12:50,INVALIDES REFORMER STUDIO,REFORMER PILATES,Sonia @sonia_raconte Intermédiaire/Avancé ,10,5,True,2026-08-31 03:53
2026-08-28,Vendredi,12:00,12:50,MARAIS REFORMER STUDIO,REFORMER PILATES,Sofia TRUKHACHEVA,10,2,True,2026-08-31 03:53
2026-08-28,Vendredi,12:00,12:50,MAUBEUGE REFORMER STUDIO,REFORMER PILATES,Camille AUZANNEAU,11,8,True,2026-08-31 03:53
2026-08-28,Vendredi,12:00,12:50,MIROMESNIL REFORMER STUDIO,REFORMER PILATES,Pauline RAMON @movewithpops ,11,10,True,2026-08-31 03:53
2026-08-28,Vendredi,12:00,12:50,NEUILLY NEWFORMER - INTENSE PILATES,NEWFORMER - INTENSE PILATES,Arthur Intense/Advanced @arthur.gambardella ,9,0,True,2026-08-31 03:53
2026-08-28,Vendredi,12:00,12:50,PASSY NEWFORMER - INTENSE PILATES,NEWFORMER - INTENSE PILATES,Elsa TRAINING ,9,7,True,2026-08-31 03:53
2026-08-28,Vendredi,12:00,12:50,SAINT MANDÉ REFORMER STUDIO,REFORMER PILATES,Lisa Morillon,12,2,True,2026-08-31 03:53
2026-08-28,Vendredi,12:00,12:50,SENTIER REFORMER STUDIO,REFORMER PILATES,Victoria OROZCO @victoriamouvement,14,2,True,2026-08-31 03:53
2026-08-28,Vendredi,12:00,12:50,SURESNES REFORMER STUDIO,REFORMER PILATES,Lucie DUMONT,10,3,True,2026-08-31 03:53
2026-08-28,Vendredi,12:00,12:50,VAUGIRARD RÉFORMER STUDIO,REFORMER PILATES,Naser SAENDI @coachfitnas,11,9,True,2026-08-31 03:53
2026-08-28,Vendredi,12:00,12:50,VAVIN REFORMER STUDIO,REFORMER PILATES,Joy DUQUESNE,12,0,True,2026-08-31 03:53
2026-08-28,Vendredi,12:00,12:50,WAGRAM REFORMER STUDIO,REFORMER PILATES,Shana  MAMOU,11,5,True,2026-08-31 03:53
2026-08-28,Vendredi,12:10,13:00,MADELEINE REFORMER STUDIO,REFORMER PILATES,Lea GUIGNEMENT,12,9,True,2026-08-31 03:53
2026-08-28,Vendredi,12:15,13:00,NEUILLY GYM STUDIO - MAT,BARRE WORKOUT EXPRESS,Valentine @balletdodu ,12,12,True,2026-08-31 03:53
2026-08-28,Vendredi,12:30,13:30,MOZART GYM STUDIO - MAT,FULL BODY WORKOUT,Bibi 610,18,9,True,2026-08-31 03:53
2026-08-28,Vendredi,13:00,13:50,BATIGNOLLES REFORMER STUDIO,REFORMER PILATES,Cynthia MONTANO,12,12,True,2026-08-31 03:53
2026-08-28,Vendredi,13:00,13:50,BOSQUET REFORMER STUDIO,REFORMER PILATES,Polly PRIANIKOVA,11,5,True,2026-08-31 03:53
2026-08-28,Vendredi,13:00,13:50,BOULOGNE REFORMER STUDIO,REFORMER PILATES,Kasia @k_shia,12,0,True,2026-08-31 03:53
2026-08-28,Vendredi,13:00,13:50,INVALIDES REFORMER STUDIO,REFORMER PILATES,Sonia @sonia_raconte Intermédiaire/Avancé ,10,2,True,2026-08-31 03:53
2026-08-28,Vendredi,13:00,13:50,MARAIS REFORMER STUDIO,REFORMER PILATES,Sofia TRUKHACHEVA,10,0,True,2026-08-31 03:53
2026-08-28,Vendredi,13:00,13:50,MAUBEUGE REFORMER STUDIO,REFORMER PILATES,Camille AUZANNEAU,11,3,True,2026-08-31 03:53
2026-08-28,Vendredi,13:00,13:50,MIROMESNIL REFORMER STUDIO,REFORMER PILATES,Pauline RAMON @movewithpops ,11,10,True,2026-08-31 03:53
2026-08-28,Vendredi,13:00,13:45,NEUILLY GYM STUDIO - MAT,BARRE WORKOUT EXPRESS,Valentine @balletdodu ,12,0,False,2026-08-27 07:20
2026-08-28,Vendredi,13:00,13:50,NEUILLY NEWFORMER - INTENSE PILATES,NEWFORMER - INTENSE PILATES,Arthur Intense/Advanced @arthur.gambardella ,9,6,True,2026-08-31 03:53
2026-08-28,Vendredi,13:00,13:50,PASSY NEWFORMER - INTENSE PILATES,NEWFORMER - INTENSE PILATES,Elsa TRAINING ,9,0,True,2026-08-31 03:53
2026-08-28,Vendredi,13:00,13:50,SAINT MANDÉ REFORMER STUDIO,REFORMER PILATES,Lisa Morillon,12,3,True,2026-08-31 03:53
2026-08-28,Vendredi,13:00,13:50,SENTIER REFORMER STUDIO,REFORMER PILATES,Victoria OROZCO @victoriamouvement,14,6,True,2026-08-31 03:53
2026-08-28,Vendredi,13:00,13:50,SURESNES REFORMER STUDIO,REFORMER PILATES,Lucie DUMONT,10,8,True,2026-08-31 03:53
2026-08-28,Vendredi,13:00,13:50,VAUGIRARD RÉFORMER STUDIO,REFORMER PILATES,Naser SAENDI @coachfitnas,11,3,True,2026-08-31 03:53
2026-08-28,Vendredi,13:00,13:50,VAVIN REFORMER STUDIO,REFORMER PILATES,Joy DUQUESNE,12,0,True,2026-08-31 03:53
2026-08-28,Vendredi,13:00,13:50,WAGRAM REFORMER STUDIO,REFORMER PILATES,Shana  MAMOU,11,8,True,2026-08-31 03:53
2026-08-28,Vendredi,13:10,14:00,MADELEINE REFORMER STUDIO,REFORMER PILATES,Lea GUIGNEMENT,12,2,False,2026-08-27 07:20
2026-08-28,Vendredi,15:00,15:50,SAINT MANDÉ REFORMER STUDIO,REFORMER PILATES,Lucrezia Amerio,12,0,True,2026-08-31 03:53
2026-08-28,Vendredi,16:00,16:50,BATIGNOLLES REFORMER STUDIO,REFORMER PILATES,julia Droux,12,4,True,2026-08-31 03:53
2026-08-28,Vendredi,16:00,16:50,BOSQUET REFORMER STUDIO,REFORMER PILATES,Jacky TEWES ,11,2,True,2026-08-31 03:53
2026-08-28,Vendredi,16:00,16:50,BOULOGNE REFORMER STUDIO,REFORMER PILATES,Shana  MAMOU,12,4,True,2026-08-31 03:53
2026-08-28,Vendredi,16:00,16:50,INVALIDES REFORMER STUDIO,REFORMER PILATES,Stephanie BROWN - English Class,10,0,True,2026-08-31 03:53
2026-08-28,Vendredi,16:00,16:50,MARAIS REFORMER STUDIO,REFORMER PILATES,Sofia TRUKHACHEVA,10,3,True,2026-08-31 03:53
2026-08-28,Vendredi,16:00,16:50,MIROMESNIL REFORMER STUDIO,REFORMER PILATES,Geraldine SELIGMANN,11,0,True,2026-08-31 03:53
2026-08-28,Vendredi,16:00,16:50,NEUILLY NEWFORMER - INTENSE PILATES,NEWFORMER - INTENSE PILATES,Louise DROUAULT @it.s_louu,9,7,True,2026-08-31 03:53
2026-08-28,Vendredi,16:00,16:50,PASSY NEWFORMER - INTENSE PILATES,NEWFORMER - INTENSE PILATES,Bonita @bonitawellness_,9,0,False,2026-08-27 07:20
2026-08-28,Vendredi,16:00,16:50,SAINT MANDÉ REFORMER STUDIO,REFORMER PILATES,Lucrezia Amerio,12,0,True,2026-08-31 03:53
2026-08-28,Vendredi,16:00,16:50,SURESNES REFORMER STUDIO,REFORMER PILATES,Dorina YICHU ,10,0,False,2026-08-26 02:34
2026-08-28,Vendredi,16:00,16:50,VAUGIRARD RÉFORMER STUDIO,REFORMER PILATES,Sonia @sonia_raconte Intermédiaire/Avancé ,11,0,False,2026-08-27 07:20
2026-08-28,Vendredi,16:00,16:50,VAVIN REFORMER STUDIO,REFORMER PILATES,Leila OUCHEN,12,4,True,2026-08-31 03:53
2026-08-28,Vendredi,16:00,16:50,WAGRAM REFORMER STUDIO,REFORMER PILATES,Candice TOUBIANA @candice.pilates,11,3,True,2026-08-31 03:53
2026-08-28,Vendredi,17:00,17:50,BATIGNOLLES REFORMER STUDIO,REFORMER PILATES,julia Droux,12,9,True,2026-08-31 03:53
2026-08-28,Vendredi,17:00,17:50,BOSQUET REFORMER STUDIO,REFORMER PILATES,Jacky TEWES ,11,3,True,2026-08-31 03:53
2026-08-28,Vendredi,17:00,17:50,BOULOGNE REFORMER STUDIO,REFORMER PILATES,Shana  MAMOU,12,5,True,2026-08-31 03:53
2026-08-28,Vendredi,17:00,17:50,INVALIDES REFORMER STUDIO,REFORMER PILATES,Stephanie BROWN - English Class,10,0,True,2026-08-31 03:53
2026-08-28,Vendredi,17:00,17:50,MADELEINE REFORMER STUDIO,REFORMER PILATES,Mathilde FLAMENT,12,0,True,2026-08-31 03:53
2026-08-28,Vendredi,17:00,17:50,MARAIS REFORMER STUDIO,REFORMER PILATES,Sofia TRUKHACHEVA,10,3,True,2026-08-31 03:53
2026-08-28,Vendredi,17:00,17:50,MAUBEUGE REFORMER STUDIO,REFORMER PILATES,Joy DUQUESNE,11,7,True,2026-08-31 03:53
2026-08-28,Vendredi,17:00,17:50,MIROMESNIL REFORMER STUDIO,REFORMER PILATES,Geraldine SELIGMANN,11,0,True,2026-08-31 03:53
2026-08-28,Vendredi,17:00,17:50,NEUILLY GYM STUDIO - MAT,BODY SCULPT,Lea GUIGNEMENT,14,6,True,2026-08-31 03:53
2026-08-28,Vendredi,17:00,17:50,NEUILLY NEWFORMER - INTENSE PILATES,NEWFORMER - INTENSE PILATES,Louise DROUAULT @it.s_louu,9,0,True,2026-08-31 03:53
2026-08-28,Vendredi,17:00,17:50,PASSY NEWFORMER - INTENSE PILATES,NEWFORMER - INTENSE PILATES,Bonita @bonitawellness_,9,3,True,2026-08-31 03:53
2026-08-28,Vendredi,17:00,17:50,SAINT MANDÉ REFORMER STUDIO,REFORMER PILATES,Lucrezia Amerio,12,9,True,2026-08-31 03:53
2026-08-28,Vendredi,17:00,17:50,SENTIER REFORMER STUDIO,REFORMER PILATES,Léane AMRAM,14,1,True,2026-08-31 03:53
2026-08-28,Vendredi,17:00,17:50,SURESNES REFORMER STUDIO,REFORMER PILATES,Dorina YICHU ,10,2,False,2026-08-26 02:34
2026-08-28,Vendredi,17:00,17:50,VAUGIRARD RÉFORMER STUDIO,REFORMER PILATES,Sonia @sonia_raconte Intermédiaire/Avancé ,11,8,True,2026-08-31 03:53
2026-08-28,Vendredi,17:00,17:50,VAVIN REFORMER STUDIO,REFORMER PILATES,Leila OUCHEN,12,6,True,2026-08-31 03:53
2026-08-28,Vendredi,17:00,17:50,WAGRAM REFORMER STUDIO,REFORMER PILATES,Candice TOUBIANA @candice.pilates,11,3,True,2026-08-31 03:53
2026-08-28,Vendredi,17:15,18:00,MOZART GYM STUDIO - MAT,FOCUS ABS & FULL BODY,Nicolas DUCHESNE,16,7,True,2026-08-31 03:53
2026-08-28,Vendredi,18:00,18:50,BATIGNOLLES REFORMER STUDIO,REFORMER PILATES,julia Droux,12,12,True,2026-08-31 03:53
2026-08-28,Vendredi,18:00,18:50,BOSQUET REFORMER STUDIO,REFORMER PILATES,Jacky TEWES ,11,7,True,2026-08-31 03:53
2026-08-28,Vendredi,18:00,18:50,BOULOGNE REFORMER STUDIO,REFORMER PILATES,Shana  MAMOU,12,9,True,2026-08-31 03:53
2026-08-28,Vendredi,18:00,18:50,INVALIDES REFORMER STUDIO,REFORMER PILATES,Stephanie BROWN - English Class,10,5,True,2026-08-31 03:53
2026-08-28,Vendredi,18:00,18:50,MADELEINE REFORMER STUDIO,REFORMER PILATES,Mathilde FLAMENT,12,5,True,2026-08-31 03:53
2026-08-28,Vendredi,18:00,18:50,MARAIS REFORMER STUDIO,REFORMER PILATES,Sofia TRUKHACHEVA,10,3,True,2026-08-31 03:53
2026-08-28,Vendredi,18:00,18:50,MAUBEUGE REFORMER STUDIO,REFORMER PILATES,Joy DUQUESNE,11,6,True,2026-08-31 03:53
2026-08-28,Vendredi,18:00,18:50,MIROMESNIL REFORMER STUDIO,REFORMER PILATES,Geraldine SELIGMANN,11,4,True,2026-08-31 03:53
2026-08-28,Vendredi,18:00,18:45,NEUILLY GYM STUDIO - MAT,DYNAMIC PILATES,Lea GUIGNEMENT,14,10,True,2026-08-31 03:53
2026-08-28,Vendredi,18:00,18:50,NEUILLY NEWFORMER - INTENSE PILATES,NEWFORMER - INTENSE PILATES,Louise DROUAULT @it.s_louu,9,5,True,2026-08-31 03:53
2026-08-28,Vendredi,18:00,18:50,PASSY NEWFORMER - INTENSE PILATES,NEWFORMER - INTENSE PILATES,Bonita @bonitawellness_,9,6,True,2026-08-31 03:53
2026-08-28,Vendredi,18:00,18:50,SENTIER REFORMER STUDIO,REFORMER PILATES,Léane AMRAM,14,0,True,2026-08-31 03:53
2026-08-28,Vendredi,18:00,18:50,SURESNES REFORMER STUDIO,REFORMER PILATES,Dorina YICHU ,10,3,False,2026-08-26 02:34
2026-08-28,Vendredi,18:00,18:50,VAUGIRARD RÉFORMER STUDIO,REFORMER PILATES,Sonia @sonia_raconte Intermédiaire/Avancé ,11,9,True,2026-08-31 03:53
2026-08-28,Vendredi,18:00,18:50,VAVIN REFORMER STUDIO,REFORMER PILATES,Leila OUCHEN,12,8,True,2026-08-31 03:53
2026-08-28,Vendredi,18:00,18:50,WAGRAM REFORMER STUDIO,REFORMER PILATES,Candice TOUBIANA @candice.pilates,11,9,True,2026-08-31 03:53
2026-08-28,Vendredi,18:15,19:05,MOZART GYM STUDIO - MAT,FULL BODY PUMP,Nicolas DUCHESNE,14,8,True,2026-08-31 03:53
2026-08-28,Vendredi,19:00,19:50,MOZART GYM STUDIO - MAT,Cuisses Abdos Fessiers - CAF,Nicolas DUCHESNE,16,9,True,2026-08-31 03:53
2026-08-28,Vendredi,19:00,19:45,NEUILLY GYM STUDIO - MAT,Cuisses Abdos Fessiers - CAF,Lea GUIGNEMENT,12,0,True,2026-08-31 03:53
2026-08-28,Vendredi,19:00,19:50,PASSY NEWFORMER - INTENSE PILATES,NEWFORMER - INTENSE PILATES,Bonita @bonitawellness_,9,0,False,2026-08-27 07:20
2026-08-28,Vendredi,19:00,19:50,SENTIER REFORMER STUDIO,REFORMER PILATES,Léane AMRAM,14,1,True,2026-08-31 03:53
2026-08-28,Vendredi,19:00,19:50,SURESNES REFORMER STUDIO,REFORMER PILATES,Dorina YICHU ,10,3,False,2026-08-26 02:34
2026-08-29,Samedi,09:00,09:50,BATIGNOLLES REFORMER STUDIO,REFORMER PILATES,Natasha LODHI - Intense / Advanced,12,7,True,2026-09-01 17:41
2026-08-29,Samedi,09:00,09:50,BOSQUET REFORMER STUDIO,REFORMER PILATES,Mathilde FLAMENT,11,6,True,2026-09-01 17:41
2026-08-29,Samedi,09:00,09:50,BOULOGNE REFORMER STUDIO,REFORMER PILATES,Bonita @bonitawellness_,12,6,True,2026-09-01 17:41
2026-08-29,Samedi,09:00,09:50,INVALIDES REFORMER STUDIO,REFORMER PILATES,Camille AUZANNEAU,10,6,True,2026-09-01 17:41
2026-08-29,Samedi,09:00,09:50,MARAIS REFORMER STUDIO,REFORMER PILATES,Nick ELISHA Intense / Advanced,10,2,False,2026-08-27 07:20
2026-08-29,Samedi,09:00,09:50,MAUBEUGE REFORMER STUDIO,REFORMER PILATES,Zoé  @getstronglikezoe Intense / Advanced ,11,0,True,2026-09-01 17:41
2026-08-29,Samedi,09:00,09:50,MOZART GYM STUDIO - MAT,CARDIO BOXING,Benjamin AYLESWORTH,16,11,True,2026-09-01 17:41
2026-08-29,Samedi,09:00,10:00,NEUILLY GYM STUDIO - MAT,Cuisses Abdos Fessiers - CAF,Joe BERCKMANS @go_for_it_joe,15,0,True,2026-09-01 17:41
2026-08-29,Samedi,09:00,09:50,NEUILLY NEWFORMER - INTENSE PILATES,NEWFORMER - INTENSE PILATES,Jacky TEWES ,9,5,True,2026-09-01 17:41
2026-08-29,Samedi,09:00,09:50,PASSY NEWFORMER - INTENSE PILATES,NEWFORMER - INTENSE PILATES,Nicolas DUCHESNE,9,2,False,2026-08-27 07:20
2026-08-29,Samedi,09:00,09:50,SAINT MANDÉ REFORMER STUDIO,REFORMER PILATES,Nick ELISHA Intense / Advanced,12,0,True,2026-09-01 17:41
2026-08-29,Samedi,09:00,09:50,SENTIER REFORMER STUDIO,REFORMER PILATES,Godefroy HISANY,14,0,True,2026-09-01 17:41
2026-08-29,Samedi,09:00,09:50,SURESNES REFORMER STUDIO,REFORMER PILATES,Cecilia PINTO,10,0,True,2026-09-01 17:41
2026-08-29,Samedi,09:00,09:50,VAUGIRARD RÉFORMER STUDIO,REFORMER PILATES,Naser SAENDI @coachfitnas,11,8,True,2026-09-01 17:41
2026-08-29,Samedi,09:00,09:50,VAVIN REFORMER STUDIO,REFORMER PILATES,Svetlana ZAREBA,12,7,True,2026-09-01 17:41
2026-08-29,Samedi,09:00,09:50,WAGRAM REFORMER STUDIO,REFORMER PILATES,Heloïse GUIBERTEAU,11,5,True,2026-09-01 17:41
2026-08-29,Samedi,10:00,10:50,BATIGNOLLES REFORMER STUDIO,REFORMER PILATES,Natasha LODHI - Intense / Advanced,12,11,True,2026-09-01 17:41
2026-08-29,Samedi,10:00,10:50,BOSQUET REFORMER STUDIO,REFORMER PILATES,Mathilde FLAMENT,11,10,True,2026-09-01 17:41
2026-08-29,Samedi,10:00,10:50,BOULOGNE REFORMER STUDIO,REFORMER PILATES,Bonita @bonitawellness_,12,10,True,2026-09-01 17:41
2026-08-29,Samedi,10:00,10:50,INVALIDES REFORMER STUDIO,REFORMER PILATES,Camille AUZANNEAU,10,0,True,2026-09-01 17:41
2026-08-29,Samedi,10:00,10:50,MADELEINE REFORMER STUDIO,REFORMER PILATES,Luana BRENON,12,2,True,2026-09-01 17:41
2026-08-29,Samedi,10:00,10:50,MARAIS REFORMER STUDIO,REFORMER PILATES,Nick ELISHA Intense / Advanced,10,5,True,2026-09-01 17:41
2026-08-29,Samedi,10:00,10:50,MAUBEUGE REFORMER STUDIO,REFORMER PILATES,Zoé  @getstronglikezoe Intense / Advanced ,11,11,True,2026-09-01 17:41
2026-08-29,Samedi,10:00,10:50,MIROMESNIL REFORMER STUDIO,REFORMER PILATES,Inass @pilatesbyinass,11,10,True,2026-09-01 17:41
2026-08-29,Samedi,10:00,11:00,MOZART GYM STUDIO - MAT,THE NEW ME,Constance DE SCHOMPRE,22,22,True,2026-09-01 17:41
2026-08-29,Samedi,10:00,11:00,NEUILLY GYM STUDIO - MAT,BODY SCULPT,Joe BERCKMANS @go_for_it_joe,15,14,True,2026-09-01 17:41
2026-08-29,Samedi,10:00,10:50,NEUILLY NEWFORMER - INTENSE PILATES,NEWFORMER - INTENSE PILATES,Jacky TEWES ,9,8,True,2026-09-01 17:41
2026-08-29,Samedi,10:00,10:50,PASSY NEWFORMER - INTENSE PILATES,NEWFORMER - INTENSE PILATES,Nicolas DUCHESNE,9,9,True,2026-09-01 17:41
2026-08-29,Samedi,10:00,10:50,SAINT MANDÉ REFORMER STUDIO,REFORMER PILATES,Sonia @sonia_raconte Intermédiaire/Avancé ,12,11,True,2026-09-01 17:41
2026-08-29,Samedi,10:00,10:50,SENTIER REFORMER STUDIO,REFORMER PILATES,Godefroy HISANY,14,4,True,2026-09-01 17:41
2026-08-29,Samedi,10:00,10:50,SURESNES REFORMER STUDIO,REFORMER PILATES,Cecilia PINTO,10,0,True,2026-09-01 17:41
2026-08-29,Samedi,10:00,10:50,VAUGIRARD RÉFORMER STUDIO,REFORMER PILATES,Naser SAENDI @coachfitnas,11,11,True,2026-09-01 17:41
2026-08-29,Samedi,10:00,10:50,VAVIN REFORMER STUDIO,REFORMER PILATES,Svetlana ZAREBA,12,4,True,2026-09-01 17:41
2026-08-29,Samedi,10:00,10:50,WAGRAM REFORMER STUDIO,REFORMER PILATES,Heloïse GUIBERTEAU,11,7,True,2026-09-01 17:41
2026-08-29,Samedi,11:00,11:50,BATIGNOLLES REFORMER STUDIO,REFORMER PILATES,Natasha LODHI - Intense / Advanced,12,4,True,2026-09-01 17:41
2026-08-29,Samedi,11:00,11:50,BOSQUET REFORMER STUDIO,REFORMER PILATES,Mathilde FLAMENT,11,5,True,2026-09-01 17:41
2026-08-29,Samedi,11:00,11:50,BOULOGNE REFORMER STUDIO,REFORMER PILATES,Bonita @bonitawellness_,12,12,True,2026-09-01 17:41
2026-08-29,Samedi,11:00,11:50,INVALIDES REFORMER STUDIO,REFORMER PILATES,Camille AUZANNEAU,10,5,True,2026-09-01 17:41
2026-08-29,Samedi,11:00,11:50,MADELEINE REFORMER STUDIO,REFORMER PILATES,Luana BRENON,12,1,True,2026-09-01 17:41
2026-08-29,Samedi,11:00,11:50,MARAIS REFORMER STUDIO,REFORMER PILATES,Nick ELISHA Intense / Advanced,10,2,True,2026-09-01 17:41
2026-08-29,Samedi,11:00,11:50,MAUBEUGE REFORMER STUDIO,REFORMER PILATES,Zoé  @getstronglikezoe Intense / Advanced ,11,11,True,2026-09-01 17:41
2026-08-29,Samedi,11:00,11:50,MIROMESNIL REFORMER STUDIO,REFORMER PILATES,Inass @pilatesbyinass,11,4,True,2026-09-01 17:41
2026-08-29,Samedi,11:00,12:00,MOZART GYM STUDIO - MAT,KALON BARRE,KALON BARRE @kalon.movement,17,17,True,2026-09-01 17:41
2026-08-29,Samedi,11:00,12:00,NEUILLY GYM STUDIO - MAT,BARRE WORKOUT,Lea GUIGNEMENT,12,11,True,2026-09-01 17:41
2026-08-29,Samedi,11:00,11:50,NEUILLY NEWFORMER - INTENSE PILATES,NEWFORMER - INTENSE PILATES,Jacky TEWES ,9,7,True,2026-09-01 17:41
2026-08-29,Samedi,11:00,11:50,PASSY NEWFORMER - INTENSE PILATES,NEWFORMER - INTENSE PILATES,Nicolas DUCHESNE,9,9,True,2026-09-01 17:41
2026-08-29,Samedi,11:00,11:50,SAINT MANDÉ REFORMER STUDIO,REFORMER PILATES,Sonia @sonia_raconte Intermédiaire/Avancé ,12,12,True,2026-09-01 17:41
2026-08-29,Samedi,11:00,11:50,SENTIER REFORMER STUDIO,REFORMER PILATES,Godefroy HISANY,14,2,True,2026-09-01 17:41
2026-08-29,Samedi,11:00,11:50,SURESNES REFORMER STUDIO,REFORMER PILATES,Cecilia PINTO,10,0,True,2026-09-01 17:41
2026-08-29,Samedi,11:00,11:50,VAUGIRARD RÉFORMER STUDIO,REFORMER PILATES,Naser SAENDI @coachfitnas,11,11,True,2026-09-01 17:41
2026-08-29,Samedi,11:00,11:50,VAVIN REFORMER STUDIO,REFORMER PILATES,Svetlana ZAREBA,12,12,True,2026-09-01 17:41
2026-08-29,Samedi,11:00,11:50,WAGRAM REFORMER STUDIO,REFORMER PILATES,Heloïse GUIBERTEAU,11,9,True,2026-09-01 17:41
2026-08-29,Samedi,12:00,12:50,BATIGNOLLES REFORMER STUDIO,REFORMER PILATES,Natasha LODHI - Intense / Advanced,12,7,True,2026-09-01 17:41
2026-08-29,Samedi,12:00,12:50,BOSQUET REFORMER STUDIO,REFORMER PILATES,Mathilde FLAMENT,11,2,True,2026-09-01 17:41
2026-08-29,Samedi,12:00,12:50,BOULOGNE REFORMER STUDIO,REFORMER PILATES,Bonita @bonitawellness_,12,10,True,2026-09-01 17:41
2026-08-29,Samedi,12:00,12:50,MADELEINE REFORMER STUDIO,REFORMER PILATES,Luana BRENON,12,6,True,2026-09-01 17:41
2026-08-29,Samedi,12:00,12:50,MARAIS REFORMER STUDIO,REFORMER PILATES,Nick ELISHA Intense / Advanced,10,1,False,2026-08-27 07:20
2026-08-29,Samedi,12:00,12:50,MAUBEUGE REFORMER STUDIO,REFORMER PILATES,Zoé  @getstronglikezoe Intense / Advanced ,11,10,True,2026-09-01 17:41
2026-08-29,Samedi,12:00,12:50,MIROMESNIL REFORMER STUDIO,REFORMER PILATES,Inass @pilatesbyinass,11,3,True,2026-09-01 17:41
2026-08-29,Samedi,12:00,12:50,NEUILLY GYM STUDIO - MAT,DYNAMIC PILATES,Lea GUIGNEMENT,12,10,True,2026-09-01 17:41
2026-08-29,Samedi,12:00,12:50,NEUILLY NEWFORMER - INTENSE PILATES,NEWFORMER - INTENSE PILATES,Jacky TEWES ,9,7,True,2026-09-01 17:41
2026-08-29,Samedi,12:00,12:50,PASSY NEWFORMER - INTENSE PILATES,NEWFORMER - INTENSE PILATES,Capucine GADRET,9,9,True,2026-09-01 17:41
2026-08-29,Samedi,12:00,12:50,SAINT MANDÉ REFORMER STUDIO,REFORMER PILATES,Wendy GUILHEM,12,0,True,2026-09-01 17:41
2026-08-29,Samedi,12:00,12:50,SENTIER REFORMER STUDIO,REFORMER PILATES,Godefroy HISANY,14,4,True,2026-09-01 17:41
2026-08-29,Samedi,12:00,12:50,SURESNES REFORMER STUDIO,REFORMER PILATES,Cecilia PINTO,10,0,True,2026-09-01 17:41
2026-08-29,Samedi,12:00,12:50,VAUGIRARD RÉFORMER STUDIO,REFORMER PILATES,Naser SAENDI @coachfitnas,11,6,True,2026-09-01 17:41
2026-08-29,Samedi,12:00,12:50,VAVIN REFORMER STUDIO,REFORMER PILATES,Svetlana ZAREBA,12,12,True,2026-09-01 17:41
2026-08-29,Samedi,12:00,12:50,WAGRAM REFORMER STUDIO,REFORMER PILATES,Tioka TOKEDIRA,11,9,True,2026-09-01 17:41
2026-08-29,Samedi,12:10,13:10,MOZART GYM STUDIO - MAT,YOGA VINYASA,Orane Khaldi,16,8,True,2026-09-01 17:41
2026-08-29,Samedi,13:00,13:50,BOSQUET REFORMER STUDIO,REFORMER PILATES,Mathilde FLAMENT,11,0,False,2026-08-27 07:20
2026-08-29,Samedi,13:00,13:50,MARAIS REFORMER STUDIO,REFORMER PILATES,Nick ELISHA Intense / Advanced,10,5,True,2026-09-01 17:41
2026-08-29,Samedi,13:00,13:50,MAUBEUGE REFORMER STUDIO,REFORMER PILATES,Zoé  @getstronglikezoe Intense / Advanced ,11,0,False,2026-08-27 07:20
2026-08-29,Samedi,13:00,13:50,MIROMESNIL REFORMER STUDIO,REFORMER PILATES,Inass @pilatesbyinass,11,4,True,2026-09-01 17:41
2026-08-29,Samedi,13:00,13:50,NEUILLY NEWFORMER - INTENSE PILATES,NEWFORMER - INTENSE PILATES,Jacky TEWES ,9,7,True,2026-09-01 17:41
2026-08-29,Samedi,13:00,13:50,PASSY NEWFORMER - INTENSE PILATES,NEWFORMER - INTENSE PILATES,Capucine GADRET,9,9,True,2026-09-01 17:41
2026-08-29,Samedi,13:00,13:50,SURESNES REFORMER STUDIO,REFORMER PILATES,Cecilia PINTO,10,1,False,2026-08-27 07:20
2026-08-29,Samedi,13:00,13:50,VAUGIRARD RÉFORMER STUDIO,REFORMER PILATES,Naser SAENDI @coachfitnas,11,7,True,2026-09-01 17:41
2026-08-29,Samedi,13:00,13:50,VAVIN REFORMER STUDIO,REFORMER PILATES,Svetlana ZAREBA,12,1,False,2026-08-27 07:20
2026-08-29,Samedi,13:00,13:50,WAGRAM REFORMER STUDIO,REFORMER PILATES,Tioka TOKEDIRA,11,0,True,2026-09-01 17:41
2026-08-29,Samedi,16:00,16:50,BATIGNOLLES REFORMER STUDIO,REFORMER PILATES,Naser SAENDI @coachfitnas,12,10,True,2026-09-01 17:41
2026-08-29,Samedi,16:00,16:50,BOSQUET REFORMER STUDIO,REFORMER PILATES,Tioka TOKEDIRA,11,0,True,2026-09-01 17:41
2026-08-29,Samedi,16:00,16:50,BOULOGNE REFORMER STUDIO,REFORMER PILATES,Déborah @debopilates,12,0,True,2026-09-01 17:41
2026-08-29,Samedi,16:00,16:50,MARAIS REFORMER STUDIO,REFORMER PILATES,Jean-Noël JUILLARD,10,1,True,2026-09-01 17:41
2026-08-29,Samedi,16:00,16:50,MAUBEUGE REFORMER STUDIO,REFORMER PILATES,Nick ELISHA Intense / Advanced,11,0,False,2026-08-27 07:20
2026-08-29,Samedi,16:00,17:00,MOZART GYM STUDIO - MAT,PILATES FUSION,Amélie BALLAND @amelietahiti,15,0,True,2026-09-01 17:41
2026-08-29,Samedi,16:00,16:50,NEUILLY GYM STUDIO - MAT,BARRE WORKOUT,Najwa TAHRI Advanced/Intense,14,0,False,2026-08-27 07:20
2026-08-29,Samedi,16:00,16:50,NEUILLY NEWFORMER - INTENSE PILATES,NEWFORMER - INTENSE PILATES,Jacky TEWES ,9,0,True,2026-09-01 17:41
2026-08-29,Samedi,16:00,16:50,PASSY NEWFORMER - INTENSE PILATES,NEWFORMER - INTENSE PILATES,Louise DROUAULT @it.s_louu,9,0,True,2026-09-01 17:41
2026-08-29,Samedi,16:00,16:50,SURESNES REFORMER STUDIO,REFORMER PILATES,Marianne Basbous,10,0,True,2026-09-01 17:41
2026-08-29,Samedi,16:00,16:50,VAUGIRARD RÉFORMER STUDIO,REFORMER PILATES,Léane AMRAM,11,5,True,2026-09-01 17:41
2026-08-29,Samedi,16:00,16:50,VAVIN REFORMER STUDIO,REFORMER PILATES,Jeremy KRYSTKOWIAK,12,6,True,2026-09-01 17:41
2026-08-29,Samedi,16:00,16:50,WAGRAM REFORMER STUDIO,REFORMER PILATES,Inass @pilatesbyinass,11,0,True,2026-09-01 17:41
2026-08-29,Samedi,17:00,17:50,BATIGNOLLES REFORMER STUDIO,REFORMER PILATES,Naser SAENDI @coachfitnas,12,7,True,2026-09-01 17:41
2026-08-29,Samedi,17:00,17:50,BOSQUET REFORMER STUDIO,REFORMER PILATES,Tioka TOKEDIRA,11,3,True,2026-09-01 17:41
2026-08-29,Samedi,17:00,17:50,BOULOGNE REFORMER STUDIO,REFORMER PILATES,Déborah @debopilates,12,6,True,2026-09-01 17:41
2026-08-29,Samedi,17:00,17:50,MARAIS REFORMER STUDIO,REFORMER PILATES,Jean-Noël JUILLARD,10,0,False,2026-08-27 07:20
2026-08-29,Samedi,17:00,17:50,MAUBEUGE REFORMER STUDIO,REFORMER PILATES,Nick ELISHA Intense / Advanced,11,0,True,2026-09-01 17:41
2026-08-29,Samedi,17:00,18:00,MOZART GYM STUDIO - MAT,YOGA VINYASA,Amélie BALLAND @amelietahiti,16,7,True,2026-09-01 17:41
2026-08-29,Samedi,17:00,17:50,NEUILLY GYM STUDIO - MAT,BARRE PILATES,Najwa TAHRI Advanced/Intense,12,0,False,2026-08-27 07:20
2026-08-29,Samedi,17:00,17:50,NEUILLY NEWFORMER - INTENSE PILATES,NEWFORMER - INTENSE PILATES,Jacky TEWES ,9,0,True,2026-09-01 17:41
2026-08-29,Samedi,17:00,17:50,PASSY NEWFORMER - INTENSE PILATES,NEWFORMER - INTENSE PILATES,Louise DROUAULT @it.s_louu,9,0,True,2026-09-01 17:41
2026-08-29,Samedi,17:00,17:50,SURESNES REFORMER STUDIO,REFORMER PILATES,Marianne Basbous,10,0,False,2026-08-27 07:20
2026-08-29,Samedi,17:00,17:50,VAUGIRARD RÉFORMER STUDIO,REFORMER PILATES,Léane AMRAM,11,7,True,2026-09-01 17:41
2026-08-29,Samedi,17:00,17:50,VAVIN REFORMER STUDIO,REFORMER PILATES,Jeremy KRYSTKOWIAK,12,0,True,2026-09-01 17:41
2026-08-29,Samedi,17:00,17:50,WAGRAM REFORMER STUDIO,REFORMER PILATES,Inass @pilatesbyinass,11,7,True,2026-09-01 17:41
2026-08-29,Samedi,18:00,18:50,BATIGNOLLES REFORMER STUDIO,REFORMER PILATES,Naser SAENDI @coachfitnas,12,5,True,2026-09-01 17:41
2026-08-29,Samedi,18:00,18:50,BOSQUET REFORMER STUDIO,REFORMER PILATES,Tioka TOKEDIRA,11,9,True,2026-09-01 17:41
2026-08-29,Samedi,18:00,18:50,BOULOGNE REFORMER STUDIO,REFORMER PILATES,Déborah @debopilates,12,1,False,2026-08-27 07:20
2026-08-29,Samedi,18:00,18:50,MARAIS REFORMER STUDIO,REFORMER PILATES,Jean-Noël JUILLARD,10,0,False,2026-08-27 07:20
2026-08-29,Samedi,18:00,18:50,MAUBEUGE REFORMER STUDIO,REFORMER PILATES,Nick ELISHA Intense / Advanced,11,0,True,2026-09-01 17:41
2026-08-29,Samedi,18:00,18:50,MOZART GYM STUDIO - MAT,BODY SCULPT,Amélie BALLAND @amelietahiti,16,13,True,2026-09-01 17:41
2026-08-29,Samedi,18:00,18:50,NEUILLY GYM STUDIO - MAT,BODY SCULPT,Najwa TAHRI Advanced/Intense,12,0,False,2026-08-27 07:20
2026-08-29,Samedi,18:00,18:50,NEUILLY NEWFORMER - INTENSE PILATES,NEWFORMER - INTENSE PILATES,Jacky TEWES ,9,0,True,2026-09-01 17:41
2026-08-29,Samedi,18:00,18:50,PASSY NEWFORMER - INTENSE PILATES,NEWFORMER - INTENSE PILATES,Louise DROUAULT @it.s_louu,9,0,True,2026-09-01 17:41
2026-08-29,Samedi,18:00,18:50,SURESNES REFORMER STUDIO,REFORMER PILATES,Marianne Basbous,10,0,False,2026-08-27 07:20
2026-08-29,Samedi,18:00,18:50,VAUGIRARD RÉFORMER STUDIO,REFORMER PILATES,Léane AMRAM,11,8,True,2026-09-01 17:41
2026-08-29,Samedi,18:00,18:50,VAVIN REFORMER STUDIO,REFORMER PILATES,Jeremy KRYSTKOWIAK,12,0,False,2026-08-27 07:20
2026-08-29,Samedi,18:00,18:50,WAGRAM REFORMER STUDIO,REFORMER PILATES,Inass @pilatesbyinass,11,2,True,2026-09-01 17:41
2026-08-29,Samedi,19:00,19:50,BATIGNOLLES REFORMER STUDIO,REFORMER PILATES,Naser SAENDI @coachfitnas,12,0,True,2026-09-01 17:41
2026-08-29,Samedi,19:00,19:50,MARAIS REFORMER STUDIO,REFORMER PILATES,Jean-Noël JUILLARD,10,0,False,2026-08-27 07:20
2026-08-29,Samedi,19:00,19:50,MAUBEUGE REFORMER STUDIO,REFORMER PILATES,Nick ELISHA Intense / Advanced,11,0,False,2026-08-27 07:20
2026-08-30,Dimanche,09:00,09:50,BOSQUET REFORMER STUDIO,REFORMER PILATES,Sandra ANTUNES,11,4,True,2026-09-02 21:05
2026-08-30,Dimanche,09:00,09:50,BOULOGNE REFORMER STUDIO,REFORMER PILATES,Justine  LE CORRE,12,4,True,2026-09-02 21:05
2026-08-30,Dimanche,09:00,09:50,MAUBEUGE REFORMER STUDIO,REFORMER PILATES,Polly PRIANIKOVA,11,10,True,2026-09-02 21:05
2026-08-30,Dimanche,09:00,09:50,PASSY NEWFORMER - INTENSE PILATES,NEWFORMER - INTENSE PILATES,Bonita @bonitawellness_,9,8,True,2026-09-02 21:05
2026-08-30,Dimanche,09:00,09:50,VAVIN REFORMER STUDIO,REFORMER PILATES,Jacky TEWES ,12,8,True,2026-09-02 21:05
2026-08-30,Dimanche,09:00,09:50,WAGRAM REFORMER STUDIO,REFORMER PILATES,Nick ELISHA Intense / Advanced,11,11,True,2026-09-02 21:05
2026-08-30,Dimanche,10:00,10:50,BATIGNOLLES REFORMER STUDIO,REFORMER PILATES,Inass @pilatesbyinass,12,12,True,2026-09-02 21:05
2026-08-30,Dimanche,10:00,10:50,BOSQUET REFORMER STUDIO,REFORMER PILATES,Sandra ANTUNES,11,6,True,2026-09-02 21:05
2026-08-30,Dimanche,10:00,10:50,BOULOGNE REFORMER STUDIO,REFORMER PILATES,Justine  LE CORRE,12,12,True,2026-09-02 21:05
2026-08-30,Dimanche,10:00,10:50,INVALIDES REFORMER STUDIO,REFORMER PILATES,Geraldine SELIGMANN,10,3,True,2026-09-02 21:05
2026-08-30,Dimanche,10:00,10:50,MADELEINE REFORMER STUDIO,REFORMER PILATES,Shana  MAMOU,12,5,True,2026-09-02 21:05
2026-08-30,Dimanche,10:00,10:50,MARAIS REFORMER STUDIO,REFORMER PILATES,Sofia TRUKHACHEVA,10,7,True,2026-09-02 21:05
2026-08-30,Dimanche,10:00,10:50,MAUBEUGE REFORMER STUDIO,REFORMER PILATES,Polly PRIANIKOVA,11,9,True,2026-09-02 21:05
2026-08-30,Dimanche,10:00,10:50,MIROMESNIL REFORMER STUDIO,REFORMER PILATES,Natasha LODHI - Intense / Advanced,11,11,True,2026-09-02 21:05
2026-08-30,Dimanche,10:00,11:00,MOZART GYM STUDIO - MAT,YOGA VINYASA,Tamara KUZNETCOVA,16,17,True,2026-09-02 21:05
2026-08-30,Dimanche,10:00,11:00,NEUILLY GYM STUDIO - MAT,BARRE WORKOUT,Najwa TAHRI Advanced/Intense,12,12,True,2026-09-02 21:05
2026-08-30,Dimanche,10:00,10:50,NEUILLY NEWFORMER - INTENSE PILATES,NEWFORMER - INTENSE PILATES,Sarah CLEJAN,9,9,True,2026-09-02 21:05
2026-08-30,Dimanche,10:00,10:50,PASSY NEWFORMER - INTENSE PILATES,NEWFORMER - INTENSE PILATES,Bonita @bonitawellness_,9,9,True,2026-09-02 21:05
2026-08-30,Dimanche,10:00,10:50,SAINT MANDÉ REFORMER STUDIO,REFORMER PILATES,Iris BALAZS,12,11,True,2026-09-02 21:05
2026-08-30,Dimanche,10:00,10:50,SENTIER REFORMER STUDIO,REFORMER PILATES,Sonia @sonia_raconte Intermédiaire/Avancé ,14,0,True,2026-09-02 21:05
2026-08-30,Dimanche,10:00,10:50,SURESNES REFORMER STUDIO,REFORMER PILATES,Dorina YICHU ,10,10,True,2026-09-02 21:05
2026-08-30,Dimanche,10:00,10:50,VAUGIRARD RÉFORMER STUDIO,REFORMER PILATES,Polina BODEEVA,11,11,True,2026-09-02 21:05
2026-08-30,Dimanche,10:00,10:50,VAVIN REFORMER STUDIO,REFORMER PILATES,Jacky TEWES ,12,6,True,2026-09-02 21:05
2026-08-30,Dimanche,10:00,10:50,WAGRAM REFORMER STUDIO,REFORMER PILATES,Nick ELISHA Intense / Advanced,11,10,True,2026-09-02 21:05
2026-08-30,Dimanche,11:00,11:50,BATIGNOLLES REFORMER STUDIO,REFORMER PILATES,Inass @pilatesbyinass,12,12,True,2026-09-02 21:05
2026-08-30,Dimanche,11:00,11:50,BOSQUET REFORMER STUDIO,REFORMER PILATES,Sandra ANTUNES,11,10,True,2026-09-02 21:05
2026-08-30,Dimanche,11:00,11:50,BOULOGNE REFORMER STUDIO,REFORMER PILATES,Justine  LE CORRE,12,12,True,2026-09-02 21:05
2026-08-30,Dimanche,11:00,11:50,INVALIDES REFORMER STUDIO,REFORMER PILATES,Geraldine SELIGMANN,10,5,True,2026-09-02 21:05
2026-08-30,Dimanche,11:00,11:50,MADELEINE REFORMER STUDIO,REFORMER PILATES,Shana  MAMOU,12,12,True,2026-09-02 21:05
2026-08-30,Dimanche,11:00,11:50,MARAIS REFORMER STUDIO,REFORMER PILATES,Sofia TRUKHACHEVA,10,10,True,2026-09-02 21:05
2026-08-30,Dimanche,11:00,11:50,MAUBEUGE REFORMER STUDIO,REFORMER PILATES,Polly PRIANIKOVA,11,7,True,2026-09-02 21:05
2026-08-30,Dimanche,11:00,11:50,MIROMESNIL REFORMER STUDIO,REFORMER PILATES,Natasha LODHI - Intense / Advanced,11,4,True,2026-09-02 21:05
2026-08-30,Dimanche,11:00,12:00,MOZART GYM STUDIO - MAT,BARRE WORKOUT,Sirine Benmeddah,17,16,True,2026-09-02 21:05
2026-08-30,Dimanche,11:00,12:00,NEUILLY GYM STUDIO - MAT,BARRE PILATES,Najwa TAHRI Advanced/Intense,12,8,True,2026-09-02 21:05
2026-08-30,Dimanche,11:00,11:50,NEUILLY NEWFORMER - INTENSE PILATES,NEWFORMER - INTENSE PILATES,Sarah CLEJAN,9,9,True,2026-09-02 21:05
2026-08-30,Dimanche,11:00,11:50,PASSY NEWFORMER - INTENSE PILATES,NEWFORMER - INTENSE PILATES,Bonita @bonitawellness_,9,5,True,2026-09-02 21:05
2026-08-30,Dimanche,11:00,11:50,SAINT MANDÉ REFORMER STUDIO,REFORMER PILATES,Iris BALAZS,12,10,True,2026-09-02 21:05
2026-08-30,Dimanche,11:00,11:50,SENTIER REFORMER STUDIO,REFORMER PILATES,Sonia @sonia_raconte Intermédiaire/Avancé ,14,7,True,2026-09-02 21:05
2026-08-30,Dimanche,11:00,11:50,SURESNES REFORMER STUDIO,REFORMER PILATES,Dorina YICHU ,10,10,True,2026-09-02 21:05
2026-08-30,Dimanche,11:00,11:50,VAUGIRARD RÉFORMER STUDIO,REFORMER PILATES,Polina BODEEVA,11,11,True,2026-09-02 21:05
2026-08-30,Dimanche,11:00,11:50,VAVIN REFORMER STUDIO,REFORMER PILATES,Jacky TEWES ,12,12,True,2026-09-02 21:05
2026-08-30,Dimanche,11:00,11:50,WAGRAM REFORMER STUDIO,REFORMER PILATES,Nick ELISHA Intense / Advanced,11,11,True,2026-09-02 21:05
2026-08-30,Dimanche,12:00,12:50,BATIGNOLLES REFORMER STUDIO,REFORMER PILATES,Inass @pilatesbyinass,12,9,True,2026-09-02 21:05
2026-08-30,Dimanche,12:00,12:50,BOSQUET REFORMER STUDIO,REFORMER PILATES,Sandra ANTUNES,11,9,True,2026-09-02 21:05
2026-08-30,Dimanche,12:00,12:50,BOULOGNE REFORMER STUDIO,REFORMER PILATES,Justine  LE CORRE,12,11,True,2026-09-02 21:05
2026-08-30,Dimanche,12:00,12:50,INVALIDES REFORMER STUDIO,REFORMER PILATES,Geraldine SELIGMANN,10,2,True,2026-09-02 21:05
2026-08-30,Dimanche,12:00,12:50,MADELEINE REFORMER STUDIO,REFORMER PILATES,Shana  MAMOU,12,3,True,2026-09-02 21:05
2026-08-30,Dimanche,12:00,12:50,MARAIS REFORMER STUDIO,REFORMER PILATES,Sofia TRUKHACHEVA,10,2,True,2026-09-02 21:05
2026-08-30,Dimanche,12:00,12:50,MAUBEUGE REFORMER STUDIO,REFORMER PILATES,Polly PRIANIKOVA,11,7,True,2026-09-02 21:05
2026-08-30,Dimanche,12:00,12:50,MIROMESNIL REFORMER STUDIO,REFORMER PILATES,Natasha LODHI - Intense / Advanced,11,5,True,2026-09-02 21:05
2026-08-30,Dimanche,12:00,13:00,MOZART GYM STUDIO - MAT,BARRE WORKOUT,Sirine Benmeddah,17,10,True,2026-09-02 21:05
2026-08-30,Dimanche,12:00,12:50,NEUILLY NEWFORMER - INTENSE PILATES,NEWFORMER - INTENSE PILATES,Sarah CLEJAN,9,9,True,2026-09-02 21:05
2026-08-30,Dimanche,12:00,12:50,PASSY NEWFORMER - INTENSE PILATES,NEWFORMER - INTENSE PILATES,Bonita @bonitawellness_,9,6,True,2026-09-02 21:05
2026-08-30,Dimanche,12:00,12:50,SAINT MANDÉ REFORMER STUDIO,REFORMER PILATES,Iris BALAZS,12,8,True,2026-09-02 21:05
2026-08-30,Dimanche,12:00,12:50,SENTIER REFORMER STUDIO,REFORMER PILATES,Sonia @sonia_raconte Intermédiaire/Avancé ,14,3,True,2026-09-02 21:05
2026-08-30,Dimanche,12:00,12:50,SURESNES REFORMER STUDIO,REFORMER PILATES,Dorina YICHU ,10,9,True,2026-09-02 21:05
2026-08-30,Dimanche,12:00,12:50,VAUGIRARD RÉFORMER STUDIO,REFORMER PILATES,Polina BODEEVA,11,11,True,2026-09-02 21:05
2026-08-30,Dimanche,12:00,12:50,VAVIN REFORMER STUDIO,REFORMER PILATES,Jacky TEWES ,12,11,True,2026-09-02 21:05
2026-08-30,Dimanche,12:00,12:50,WAGRAM REFORMER STUDIO,REFORMER PILATES,Nick ELISHA Intense / Advanced,11,11,True,2026-09-02 21:05
2026-08-30,Dimanche,13:00,13:50,BATIGNOLLES REFORMER STUDIO,REFORMER PILATES,Inass @pilatesbyinass,12,3,True,2026-09-02 21:05
2026-08-30,Dimanche,13:00,13:50,BOSQUET REFORMER STUDIO,REFORMER PILATES,Sandra ANTUNES,11,7,True,2026-09-02 21:05
2026-08-30,Dimanche,13:00,13:50,INVALIDES REFORMER STUDIO,REFORMER PILATES,Geraldine SELIGMANN,10,0,True,2026-09-02 21:05
2026-08-30,Dimanche,13:00,13:50,MARAIS REFORMER STUDIO,REFORMER PILATES,Sofia TRUKHACHEVA,10,6,True,2026-09-02 21:05
2026-08-30,Dimanche,13:00,13:50,MIROMESNIL REFORMER STUDIO,REFORMER PILATES,Natasha LODHI - Intense / Advanced,11,0,True,2026-09-02 21:05
2026-08-30,Dimanche,13:00,14:00,MOZART GYM STUDIO - MAT,DYNAMIC PILATES,Sirine Benmeddah,20,8,True,2026-09-02 21:05
2026-08-30,Dimanche,13:00,13:50,NEUILLY NEWFORMER - INTENSE PILATES,NEWFORMER - INTENSE PILATES,Sarah Bellagamba,9,0,True,2026-09-02 21:05
2026-08-30,Dimanche,13:00,13:50,PASSY NEWFORMER - INTENSE PILATES,NEWFORMER - INTENSE PILATES,Bonita @bonitawellness_,9,6,True,2026-09-02 21:05
2026-08-30,Dimanche,13:00,13:50,VAUGIRARD RÉFORMER STUDIO,REFORMER PILATES,Polina BODEEVA,11,5,True,2026-09-02 21:05
2026-08-30,Dimanche,13:00,13:50,VAVIN REFORMER STUDIO,REFORMER PILATES,Jacky TEWES ,12,8,True,2026-09-02 21:05
2026-08-30,Dimanche,13:00,13:50,WAGRAM REFORMER STUDIO,REFORMER PILATES,Nick ELISHA Intense / Advanced,11,0,True,2026-09-02 21:05
2026-08-30,Dimanche,15:00,15:50,MARAIS REFORMER STUDIO,REFORMER PILATES,Polly PRIANIKOVA,10,6,True,2026-09-02 21:05
2026-08-30,Dimanche,16:00,16:50,BATIGNOLLES REFORMER STUDIO,REFORMER PILATES,Florence COLLIN BECUWE Advanced/Intense ,12,12,True,2026-09-02 21:05
2026-08-30,Dimanche,16:00,16:50,BOULOGNE REFORMER STUDIO,REFORMER PILATES,Justine  LE CORRE,12,10,True,2026-09-02 21:05
2026-08-30,Dimanche,16:00,16:50,MARAIS REFORMER STUDIO,REFORMER PILATES,Polly PRIANIKOVA,10,5,True,2026-09-02 21:05
2026-08-30,Dimanche,16:00,16:50,NEUILLY NEWFORMER - INTENSE PILATES,NEWFORMER - INTENSE PILATES,Sarah Bellagamba,9,0,True,2026-09-02 21:05
2026-08-30,Dimanche,16:00,16:50,PASSY NEWFORMER - INTENSE PILATES,NEWFORMER - INTENSE PILATES,Sandra ANTUNES,9,0,True,2026-09-02 21:05
2026-08-30,Dimanche,16:00,16:50,SURESNES REFORMER STUDIO,REFORMER PILATES,Eileen MURRAY - English class ,10,9,True,2026-09-02 21:05
2026-08-30,Dimanche,16:00,16:50,VAUGIRARD RÉFORMER STUDIO,REFORMER PILATES,Naser SAENDI @coachfitnas,11,9,True,2026-09-02 21:05
2026-08-30,Dimanche,16:00,16:50,VAVIN REFORMER STUDIO,REFORMER PILATES,Jacky TEWES ,12,11,True,2026-09-02 21:05
2026-08-30,Dimanche,16:00,16:50,WAGRAM REFORMER STUDIO,REFORMER PILATES,Nick ELISHA Intense / Advanced,11,9,True,2026-09-02 21:05
2026-08-30,Dimanche,16:45,17:45,NEUILLY GYM STUDIO - MAT,BARRE WORKOUT,Valentine @balletdodu ,12,12,True,2026-09-02 21:05
2026-08-30,Dimanche,17:00,17:50,BATIGNOLLES REFORMER STUDIO,REFORMER PILATES,Florence COLLIN BECUWE Advanced/Intense ,12,12,True,2026-09-02 21:05
2026-08-30,Dimanche,17:00,17:50,BOSQUET REFORMER STUDIO,REFORMER PILATES,Valérie @valeriefitcoaching / Advanced,11,11,True,2026-09-02 21:05
2026-08-30,Dimanche,17:00,17:50,BOULOGNE REFORMER STUDIO,REFORMER PILATES,Justine  LE CORRE,12,2,True,2026-09-02 21:05
2026-08-30,Dimanche,17:00,17:50,MARAIS REFORMER STUDIO,REFORMER PILATES,Polly PRIANIKOVA,10,10,True,2026-09-02 21:05
2026-08-30,Dimanche,17:00,17:50,MAUBEUGE REFORMER STUDIO,REFORMER PILATES,Léane AMRAM,11,10,True,2026-09-02 21:05
2026-08-30,Dimanche,17:00,18:00,MOZART GYM STUDIO - MAT,DYNAMIC PILATES,Franziska SCHERNER,16,10,True,2026-09-02 21:05
2026-08-30,Dimanche,17:00,17:50,NEUILLY NEWFORMER - INTENSE PILATES,NEWFORMER - INTENSE PILATES,Sarah Bellagamba,9,0,True,2026-09-02 21:05
2026-08-30,Dimanche,17:00,17:50,PASSY NEWFORMER - INTENSE PILATES,NEWFORMER - INTENSE PILATES,Sandra ANTUNES,9,7,True,2026-09-02 21:05
2026-08-30,Dimanche,17:00,17:50,SURESNES REFORMER STUDIO,REFORMER PILATES,Eileen MURRAY - English class ,10,9,True,2026-09-02 21:05
2026-08-30,Dimanche,17:00,17:50,VAUGIRARD RÉFORMER STUDIO,REFORMER PILATES,Naser SAENDI @coachfitnas,11,7,True,2026-09-02 21:05
2026-08-30,Dimanche,17:00,17:50,VAVIN REFORMER STUDIO,REFORMER PILATES,Jacky TEWES ,12,0,True,2026-09-02 21:05
2026-08-30,Dimanche,17:00,17:50,WAGRAM REFORMER STUDIO,REFORMER PILATES,Nick ELISHA Intense / Advanced,11,11,True,2026-09-02 21:05
2026-08-30,Dimanche,17:45,18:30,NEUILLY GYM STUDIO - MAT,STRETCHING CLASS,Valentine @balletdodu ,12,5,True,2026-09-02 21:05
2026-08-30,Dimanche,18:00,18:50,BATIGNOLLES REFORMER STUDIO,REFORMER PILATES,Florence COLLIN BECUWE Advanced/Intense ,12,12,True,2026-09-02 21:05
2026-08-30,Dimanche,18:00,18:50,BOSQUET REFORMER STUDIO,REFORMER PILATES,Valérie @valeriefitcoaching / Advanced,11,7,True,2026-09-02 21:05
2026-08-30,Dimanche,18:00,18:50,BOULOGNE REFORMER STUDIO,REFORMER PILATES,Justine  LE CORRE,12,10,True,2026-09-02 21:05
2026-08-30,Dimanche,18:00,18:50,MAUBEUGE REFORMER STUDIO,REFORMER PILATES,Léane AMRAM,11,8,True,2026-09-02 21:05
2026-08-30,Dimanche,18:00,19:00,MOZART GYM STUDIO - MAT,YOGA VINYASA,Franziska SCHERNER,16,15,True,2026-09-02 21:05
2026-08-30,Dimanche,18:00,18:50,NEUILLY NEWFORMER - INTENSE PILATES,NEWFORMER - INTENSE PILATES,Sarah Bellagamba,9,8,True,2026-09-02 21:05
2026-08-30,Dimanche,18:00,18:50,PASSY NEWFORMER - INTENSE PILATES,NEWFORMER - INTENSE PILATES,Sandra ANTUNES,9,0,True,2026-09-02 21:05
2026-08-30,Dimanche,18:00,18:50,SURESNES REFORMER STUDIO,REFORMER PILATES,Eileen MURRAY - English class ,10,10,True,2026-09-02 21:05
2026-08-30,Dimanche,18:00,18:50,VAUGIRARD RÉFORMER STUDIO,REFORMER PILATES,Naser SAENDI @coachfitnas,11,9,True,2026-09-02 21:05
2026-08-30,Dimanche,18:00,18:50,VAVIN REFORMER STUDIO,REFORMER PILATES,Jacky TEWES ,12,7,True,2026-09-02 21:05
2026-08-30,Dimanche,18:00,18:50,WAGRAM REFORMER STUDIO,REFORMER PILATES,Nick ELISHA Intense / Advanced,11,11,True,2026-09-02 21:05
2026-08-30,Dimanche,18:30,19:20,NEUILLY GYM STUDIO - MAT,Cuisses Abdos Fessiers - CAF,Margot BOUDER,12,7,True,2026-09-02 21:05
2026-08-30,Dimanche,19:00,19:50,BATIGNOLLES REFORMER STUDIO,REFORMER PILATES,Florence COLLIN BECUWE Advanced/Intense ,12,10,True,2026-09-02 21:05
2026-08-30,Dimanche,19:00,19:50,BOSQUET REFORMER STUDIO,REFORMER PILATES,Valérie @valeriefitcoaching / Advanced,11,5,True,2026-09-02 21:05
2026-08-30,Dimanche,19:00,19:50,MAUBEUGE REFORMER STUDIO,REFORMER PILATES,Léane AMRAM,11,8,True,2026-09-02 21:05
2026-08-30,Dimanche,19:00,20:00,MOZART GYM STUDIO - MAT,INTENSE CORE,Franziska SCHERNER,16,4,True,2026-09-02 21:05
2026-08-30,Dimanche,19:00,19:50,NEUILLY NEWFORMER - INTENSE PILATES,NEWFORMER - INTENSE PILATES,Sarah Bellagamba,9,9,True,2026-09-02 21:05
2026-08-30,Dimanche,19:00,19:50,PASSY NEWFORMER - INTENSE PILATES,NEWFORMER - INTENSE PILATES,Sandra ANTUNES,9,0,True,2026-09-02 21:05
2026-08-31,Lundi,08:00,08:50,BATIGNOLLES REFORMER STUDIO,REFORMER PILATES,Camille AUZANNEAU,12,6,True,2026-09-03 17:22
2026-08-31,Lundi,08:00,08:50,BOSQUET REFORMER STUDIO,REFORMER PILATES,Florence COLLIN BECUWE Advanced/Intense ,11,3,True,2026-09-03 17:22
2026-08-31,Lundi,08:00,08:50,MARAIS REFORMER STUDIO,REFORMER PILATES,Polly PRIANIKOVA,10,0,True,2026-09-03 17:22
2026-08-31,Lundi,08:00,08:50,MAUBEUGE REFORMER STUDIO,REFORMER PILATES,Julia TAPIRO,11,0,True,2026-09-03 17:22
2026-08-31,Lundi,08:00,08:50,MIROMESNIL REFORMER STUDIO,REFORMER PILATES,Sacha DOURIANT,11,0,True,2026-09-03 17:22
2026-08-31,Lundi,08:00,09:00,MOZART GYM STUDIO - MAT,DYNAMIC PILATES,Marie-Claire AZAR @mc.ismyname Intense / Advanced,16,8,True,2026-09-03 17:22
2026-08-31,Lundi,08:00,08:50,NEUILLY NEWFORMER - INTENSE PILATES,NEWFORMER - INTENSE PILATES,Shana  MAMOU,9,0,True,2026-09-03 17:22
2026-08-31,Lundi,08:00,08:50,PASSY NEWFORMER - INTENSE PILATES,NEWFORMER - INTENSE PILATES,Capucine GADRET,9,0,True,2026-09-03 17:22
2026-08-31,Lundi,08:00,08:50,SAINT MANDÉ REFORMER STUDIO,REFORMER PILATES,Golda BENCHETRIT,12,0,True,2026-09-03 17:22
2026-08-31,Lundi,08:00,08:50,VAUGIRARD RÉFORMER STUDIO,REFORMER PILATES,Sonia @sonia_raconte Intermédiaire/Avancé ,11,0,True,2026-09-03 17:22
2026-08-31,Lundi,08:00,08:50,VAVIN REFORMER STUDIO,REFORMER PILATES,Angelina TAVARES,12,7,True,2026-09-03 17:22
2026-08-31,Lundi,08:00,08:50,WAGRAM REFORMER STUDIO,REFORMER PILATES,Jacky TEWES ,11,3,True,2026-09-03 17:22
2026-08-31,Lundi,09:00,09:50,BATIGNOLLES REFORMER STUDIO,REFORMER PILATES,Camille AUZANNEAU,12,7,True,2026-09-03 17:22
2026-08-31,Lundi,09:00,09:50,BOSQUET REFORMER STUDIO,REFORMER PILATES,Florence COLLIN BECUWE Advanced/Intense ,11,0,True,2026-09-03 17:22
2026-08-31,Lundi,09:00,09:50,BOULOGNE REFORMER STUDIO,REFORMER PILATES,Shana  MAMOU,12,0,True,2026-09-03 17:22
2026-08-31,Lundi,09:00,09:50,INVALIDES REFORMER STUDIO,REFORMER PILATES,Soudi ZARGHAM,10,0,True,2026-09-03 17:22
2026-08-31,Lundi,09:00,09:50,MADELEINE REFORMER STUDIO,REFORMER PILATES,Audrey HUGON,12,0,True,2026-09-03 17:22
2026-08-31,Lundi,09:00,09:50,MARAIS REFORMER STUDIO,REFORMER PILATES,Polly PRIANIKOVA,10,2,True,2026-09-03 17:22
2026-08-31,Lundi,09:00,09:50,MAUBEUGE REFORMER STUDIO,REFORMER PILATES,Julia TAPIRO,11,2,True,2026-09-03 17:22
2026-08-31,Lundi,09:00,09:50,MIROMESNIL REFORMER STUDIO,REFORMER PILATES,Sacha DOURIANT,11,4,True,2026-09-03 17:22
2026-08-31,Lundi,09:00,10:00,NEUILLY GYM STUDIO - MAT,YOGA VINYASA,Léa SAADA @desayoga,12,0,True,2026-09-03 17:22
2026-08-31,Lundi,09:00,09:50,NEUILLY NEWFORMER - INTENSE PILATES,NEWFORMER - INTENSE PILATES,Shana  MAMOU,9,0,True,2026-09-03 17:22
2026-08-31,Lundi,09:00,09:50,PASSY NEWFORMER - INTENSE PILATES,NEWFORMER - INTENSE PILATES,Capucine GADRET,9,7,True,2026-09-03 17:22
2026-08-31,Lundi,09:00,09:50,SAINT MANDÉ REFORMER STUDIO,REFORMER PILATES,Golda BENCHETRIT,12,0,True,2026-09-03 17:22
2026-08-31,Lundi,09:00,09:50,SURESNES REFORMER STUDIO,REFORMER PILATES,Lucie DUMONT,10,5,True,2026-09-03 17:22
2026-08-31,Lundi,09:00,09:50,VAUGIRARD RÉFORMER STUDIO,REFORMER PILATES,Sonia @sonia_raconte Intermédiaire/Avancé ,11,0,True,2026-09-03 17:22
2026-08-31,Lundi,09:00,09:50,VAVIN REFORMER STUDIO,REFORMER PILATES,Angelina TAVARES,12,2,False,2026-08-30 17:37
2026-08-31,Lundi,09:00,09:50,WAGRAM REFORMER STUDIO,REFORMER PILATES,Jacky TEWES ,11,4,True,2026-09-03 17:22
2026-08-31,Lundi,09:30,10:30,MOZART GYM STUDIO - MAT,FULL BODY WORKOUT,Marcus FITLIFE,18,6,True,2026-09-03 17:22
2026-08-31,Lundi,10:00,10:50,BATIGNOLLES REFORMER STUDIO,REFORMER PILATES,Camille AUZANNEAU,12,3,True,2026-09-03 17:22
2026-08-31,Lundi,10:00,10:50,BOSQUET REFORMER STUDIO,REFORMER PILATES,Florence COLLIN BECUWE Advanced/Intense ,11,4,True,2026-09-03 17:22
2026-08-31,Lundi,10:00,10:50,BOULOGNE REFORMER STUDIO,REFORMER PILATES,Aude SCHLACTHER,12,3,True,2026-09-03 17:22
2026-08-31,Lundi,10:00,10:50,INVALIDES REFORMER STUDIO,REFORMER PILATES,Soudi ZARGHAM,10,0,True,2026-09-03 17:22
2026-08-31,Lundi,10:00,10:50,MADELEINE REFORMER STUDIO,REFORMER PILATES,Audrey HUGON,12,0,True,2026-09-03 17:22
2026-08-31,Lundi,10:00,10:50,MARAIS REFORMER STUDIO,REFORMER PILATES,Polly PRIANIKOVA,10,5,True,2026-09-03 17:22
2026-08-31,Lundi,10:00,10:50,MAUBEUGE REFORMER STUDIO,REFORMER PILATES,Julia TAPIRO,11,1,True,2026-09-03 17:22
2026-08-31,Lundi,10:00,10:50,MIROMESNIL REFORMER STUDIO,REFORMER PILATES,Sacha DOURIANT,11,1,True,2026-09-03 17:22
2026-08-31,Lundi,10:00,11:00,NEUILLY GYM STUDIO - MAT,BARRE PILATES,Maxime BROSSARD,12,4,True,2026-09-03 17:22
2026-08-31,Lundi,10:00,10:50,NEUILLY NEWFORMER - INTENSE PILATES,NEWFORMER - INTENSE PILATES,Shana  MAMOU,9,0,True,2026-09-03 17:22
2026-08-31,Lundi,10:00,10:50,PASSY NEWFORMER - INTENSE PILATES,NEWFORMER - INTENSE PILATES,Capucine GADRET,9,6,True,2026-09-03 17:22
2026-08-31,Lundi,10:00,10:50,SAINT MANDÉ REFORMER STUDIO,REFORMER PILATES,Golda BENCHETRIT,12,3,True,2026-09-03 17:22
2026-08-31,Lundi,10:00,10:50,SURESNES REFORMER STUDIO,REFORMER PILATES,Lucie DUMONT,10,1,True,2026-09-03 17:22
2026-08-31,Lundi,10:00,10:50,VAVIN REFORMER STUDIO,REFORMER PILATES,Angelina TAVARES,12,5,True,2026-09-03 17:22
2026-08-31,Lundi,10:00,10:50,WAGRAM REFORMER STUDIO,REFORMER PILATES,Jacky TEWES ,11,3,True,2026-09-03 17:22
2026-08-31,Lundi,10:30,11:30,MOZART GYM STUDIO - MAT,BARRE WORKOUT,Valérie @valeriefitcoaching / Advanced,16,9,True,2026-09-03 17:22
2026-08-31,Lundi,11:00,11:50,BATIGNOLLES REFORMER STUDIO,REFORMER PILATES,Camille AUZANNEAU,12,2,True,2026-09-03 17:22
2026-08-31,Lundi,11:00,11:50,BOULOGNE REFORMER STUDIO,REFORMER PILATES,Aude SCHLACTHER,12,3,True,2026-09-03 17:22
2026-08-31,Lundi,11:00,11:50,MIROMESNIL REFORMER STUDIO,REFORMER PILATES,Geraldine SELIGMANN,11,3,True,2026-09-03 17:22
2026-08-31,Lundi,11:00,12:00,NEUILLY GYM STUDIO - MAT,DYNAMIC PILATES,Cynthia MONTANO,12,6,True,2026-09-03 17:22
2026-08-31,Lundi,11:00,11:50,NEUILLY NEWFORMER - INTENSE PILATES,NEWFORMER - INTENSE PILATES,Nicolas MARTINS Intense / Advanced,9,6,True,2026-09-03 17:22
2026-08-31,Lundi,11:00,11:50,PASSY NEWFORMER - INTENSE PILATES,NEWFORMER - INTENSE PILATES,Carla @training_by_carla,9,3,True,2026-09-03 17:22
2026-08-31,Lundi,11:00,11:50,SAINT MANDÉ REFORMER STUDIO,REFORMER PILATES,Nick ELISHA Intense / Advanced,12,1,True,2026-09-03 17:22
2026-08-31,Lundi,11:00,11:50,SURESNES REFORMER STUDIO,REFORMER PILATES,Lucie DUMONT,10,3,True,2026-09-03 17:22
2026-08-31,Lundi,11:00,11:50,VAUGIRARD RÉFORMER STUDIO,REFORMER PILATES,Naser SAENDI @coachfitnas,11,4,True,2026-09-03 17:22
2026-08-31,Lundi,11:00,11:50,WAGRAM REFORMER STUDIO,REFORMER PILATES,Jacky TEWES ,11,7,True,2026-09-03 17:22
2026-08-31,Lundi,12:00,12:50,BATIGNOLLES REFORMER STUDIO,REFORMER PILATES,Camille AUZANNEAU,12,3,True,2026-09-03 17:22
2026-08-31,Lundi,12:00,12:50,BOSQUET REFORMER STUDIO,REFORMER PILATES,Soudi ZARGHAM,11,4,True,2026-09-03 17:22
2026-08-31,Lundi,12:00,12:50,BOULOGNE REFORMER STUDIO,REFORMER PILATES,Aude SCHLACTHER,12,4,True,2026-09-03 17:22
2026-08-31,Lundi,12:00,12:50,INVALIDES REFORMER STUDIO,REFORMER PILATES,Stephanie BROWN - English Class,10,0,True,2026-09-03 17:22
2026-08-31,Lundi,12:00,12:50,MADELEINE REFORMER STUDIO,REFORMER PILATES,Shana  MAMOU,12,9,True,2026-09-03 17:22
2026-08-31,Lundi,12:00,12:50,MARAIS REFORMER STUDIO,REFORMER PILATES,Cédric ARAMAN,10,4,True,2026-09-03 17:22
2026-08-31,Lundi,12:00,12:50,MAUBEUGE REFORMER STUDIO,REFORMER PILATES,Lisa KURZTAG - Intense/Advanced,11,4,True,2026-09-03 17:22
2026-08-31,Lundi,12:00,12:50,MIROMESNIL REFORMER STUDIO,REFORMER PILATES,Geraldine SELIGMANN,11,11,True,2026-09-03 17:22
2026-08-31,Lundi,12:00,12:50,NEUILLY NEWFORMER - INTENSE PILATES,NEWFORMER - INTENSE PILATES,Nicolas MARTINS Intense / Advanced,9,6,True,2026-09-03 17:22
2026-08-31,Lundi,12:00,12:50,PASSY NEWFORMER - INTENSE PILATES,NEWFORMER - INTENSE PILATES,Carla @training_by_carla,9,6,True,2026-09-03 17:22
2026-08-31,Lundi,12:00,12:50,SAINT MANDÉ REFORMER STUDIO,REFORMER PILATES,Nick ELISHA Intense / Advanced,12,2,True,2026-09-03 17:22
2026-08-31,Lundi,12:00,12:50,SENTIER REFORMER STUDIO,REFORMER PILATES,Sofia TRUKHACHEVA,14,3,True,2026-09-03 17:22
2026-08-31,Lundi,12:00,12:50,SURESNES REFORMER STUDIO,REFORMER PILATES,Justine  LE CORRE,10,7,True,2026-09-03 17:22
2026-08-31,Lundi,12:00,12:50,VAUGIRARD RÉFORMER STUDIO,REFORMER PILATES,Naser SAENDI @coachfitnas,11,3,True,2026-09-03 17:22
2026-08-31,Lundi,12:00,12:50,VAVIN REFORMER STUDIO,REFORMER PILATES,Sacha DOURIANT,12,7,True,2026-09-03 17:22
2026-08-31,Lundi,12:00,12:50,WAGRAM REFORMER STUDIO,REFORMER PILATES,Jacky TEWES ,11,5,True,2026-09-03 17:22
2026-08-31,Lundi,12:30,13:30,MOZART GYM STUDIO - MAT,BARRE WORKOUT,Valérie @valeriefitcoaching / Advanced,16,2,True,2026-09-03 17:22
2026-08-31,Lundi,12:45,13:30,NEUILLY GYM STUDIO - MAT,BODY SCULPT,Bibi 610,15,7,True,2026-09-03 17:22
2026-08-31,Lundi,13:00,13:50,BATIGNOLLES REFORMER STUDIO,REFORMER PILATES,Camille AUZANNEAU,12,5,True,2026-09-03 17:22
2026-08-31,Lundi,13:00,13:50,BOSQUET REFORMER STUDIO,REFORMER PILATES,Soudi ZARGHAM,11,2,True,2026-09-03 17:22
2026-08-31,Lundi,13:00,13:50,BOULOGNE REFORMER STUDIO,REFORMER PILATES,Aude SCHLACTHER,12,9,True,2026-09-03 17:22
2026-08-31,Lundi,13:00,13:50,INVALIDES REFORMER STUDIO,REFORMER PILATES,Stephanie BROWN - English Class,10,0,True,2026-09-03 17:22
2026-08-31,Lundi,13:00,13:50,MADELEINE REFORMER STUDIO,REFORMER PILATES,Shana  MAMOU,12,0,True,2026-09-03 17:22
2026-08-31,Lundi,13:00,13:50,MARAIS REFORMER STUDIO,REFORMER PILATES,Cédric ARAMAN,10,4,True,2026-09-03 17:22
2026-08-31,Lundi,13:00,13:50,MAUBEUGE REFORMER STUDIO,REFORMER PILATES,Lisa KURZTAG - Intense/Advanced,11,4,True,2026-09-03 17:22
2026-08-31,Lundi,13:00,13:50,MIROMESNIL REFORMER STUDIO,REFORMER PILATES,Geraldine SELIGMANN,11,11,True,2026-09-03 17:22
2026-08-31,Lundi,13:00,13:50,NEUILLY NEWFORMER - INTENSE PILATES,NEWFORMER - INTENSE PILATES,Nicolas MARTINS Intense / Advanced,9,5,True,2026-09-03 17:22
2026-08-31,Lundi,13:00,13:50,PASSY NEWFORMER - INTENSE PILATES,NEWFORMER - INTENSE PILATES,Carla @training_by_carla,9,5,True,2026-09-03 17:22
2026-08-31,Lundi,13:00,13:50,SENTIER REFORMER STUDIO,REFORMER PILATES,Sofia TRUKHACHEVA,14,0,True,2026-09-03 17:22
2026-08-31,Lundi,13:00,13:50,SURESNES REFORMER STUDIO,REFORMER PILATES,Justine  LE CORRE,10,0,True,2026-09-03 17:22
2026-08-31,Lundi,13:00,13:50,VAUGIRARD RÉFORMER STUDIO,REFORMER PILATES,Naser SAENDI @coachfitnas,11,0,True,2026-09-03 17:22
2026-08-31,Lundi,13:00,13:50,VAVIN REFORMER STUDIO,REFORMER PILATES,Sacha DOURIANT,12,5,True,2026-09-03 17:22
2026-08-31,Lundi,13:00,13:50,WAGRAM REFORMER STUDIO,REFORMER PILATES,Jacky TEWES ,11,0,True,2026-09-03 17:22
2026-08-31,Lundi,14:00,14:50,MADELEINE REFORMER STUDIO,REFORMER PILATES,Shana  MAMOU,12,0,True,2026-09-03 17:22
2026-08-31,Lundi,17:00,17:50,BATIGNOLLES REFORMER STUDIO,REFORMER PILATES,Shana  MAMOU,12,5,True,2026-09-03 17:22
2026-08-31,Lundi,17:00,17:50,BOSQUET REFORMER STUDIO,REFORMER PILATES,Bonita @bonitawellness_,11,0,True,2026-09-03 17:22
2026-08-31,Lundi,17:00,17:50,MADELEINE REFORMER STUDIO,REFORMER PILATES,Godefroy HISANY,12,0,True,2026-09-03 17:22
2026-08-31,Lundi,17:00,17:50,MARAIS REFORMER STUDIO,REFORMER PILATES,Aude SCHLACTHER,10,0,True,2026-09-03 17:22
2026-08-31,Lundi,17:00,17:50,MAUBEUGE REFORMER STUDIO,REFORMER PILATES,Pauline RAMON @movewithpops ,11,4,True,2026-09-03 17:22
2026-08-31,Lundi,17:00,17:50,NEUILLY NEWFORMER - INTENSE PILATES,NEWFORMER - INTENSE PILATES,Arthur Intense/Advanced @arthur.gambardella ,9,0,True,2026-09-03 17:22
2026-08-31,Lundi,17:00,17:50,WAGRAM REFORMER STUDIO,REFORMER PILATES,Ava ACHOUCHE @ava_swa,11,4,True,2026-09-03 17:22
2026-08-31,Lundi,18:00,18:50,BATIGNOLLES REFORMER STUDIO,REFORMER PILATES,Shana  MAMOU,12,11,True,2026-09-03 17:22
2026-08-31,Lundi,18:00,18:50,BOSQUET REFORMER STUDIO,REFORMER PILATES,Bonita @bonitawellness_,11,4,True,2026-09-03 17:22
2026-08-31,Lundi,18:00,18:50,BOULOGNE REFORMER STUDIO,REFORMER PILATES,Justine  LE CORRE,12,6,True,2026-09-03 17:22
2026-08-31,Lundi,18:00,18:50,INVALIDES REFORMER STUDIO,REFORMER PILATES,Julia TAPIRO,10,4,True,2026-09-03 17:22
2026-08-31,Lundi,18:00,18:50,MADELEINE REFORMER STUDIO,REFORMER PILATES,Godefroy HISANY,12,6,True,2026-09-03 17:22
2026-08-31,Lundi,18:00,18:50,MARAIS REFORMER STUDIO,REFORMER PILATES,Aude SCHLACTHER,10,5,True,2026-09-03 17:22
2026-08-31,Lundi,18:00,18:50,MAUBEUGE REFORMER STUDIO,REFORMER PILATES,Pauline RAMON @movewithpops ,11,8,True,2026-09-03 17:22
2026-08-31,Lundi,18:00,18:50,MIROMESNIL REFORMER STUDIO,REFORMER PILATES,Jacky TEWES ,11,9,True,2026-09-03 17:22
2026-08-31,Lundi,18:00,18:55,MOZART GYM STUDIO - MAT,MÉTHODE BOOTY & CORE,Elsa TRAINING ,17,16,True,2026-09-03 17:22
2026-08-31,Lundi,18:00,18:50,NEUILLY GYM STUDIO - MAT,DYNAMIC PILATES,Kim GAMPEL,12,12,True,2026-09-03 17:22
2026-08-31,Lundi,18:00,18:50,NEUILLY NEWFORMER - INTENSE PILATES,NEWFORMER - INTENSE PILATES,Arthur Intense/Advanced @arthur.gambardella ,9,8,True,2026-09-03 17:22
2026-08-31,Lundi,18:00,18:50,PASSY NEWFORMER - INTENSE PILATES,NEWFORMER - INTENSE PILATES,Polina BODEEVA,9,5,True,2026-09-03 17:22
2026-08-31,Lundi,18:00,18:50,SAINT MANDÉ REFORMER STUDIO,REFORMER PILATES,Stephanie BROWN - English Class,12,0,True,2026-09-03 17:22
2026-08-31,Lundi,18:00,18:50,SENTIER REFORMER STUDIO,REFORMER PILATES,Camille AUZANNEAU,14,4,True,2026-09-03 17:22
2026-08-31,Lundi,18:00,18:50,SURESNES REFORMER STUDIO,REFORMER PILATES,Cynthia GALIN,10,6,True,2026-09-03 17:22
2026-08-31,Lundi,18:00,18:50,VAUGIRARD RÉFORMER STUDIO,REFORMER PILATES,Stephanie BROWN - English Class,11,0,True,2026-09-03 17:22
2026-08-31,Lundi,18:00,18:50,VAVIN REFORMER STUDIO,REFORMER PILATES,Sofia TRUKHACHEVA,12,12,True,2026-09-03 17:22
2026-08-31,Lundi,18:00,18:50,WAGRAM REFORMER STUDIO,REFORMER PILATES,Ava ACHOUCHE @ava_swa,11,5,True,2026-09-03 17:22
2026-08-31,Lundi,19:00,19:50,BATIGNOLLES REFORMER STUDIO,REFORMER PILATES,Shana  MAMOU,12,12,True,2026-09-03 17:22
2026-08-31,Lundi,19:00,19:50,BOSQUET REFORMER STUDIO,REFORMER PILATES,Bonita @bonitawellness_,11,11,True,2026-09-03 17:22
2026-08-31,Lundi,19:00,19:50,BOULOGNE REFORMER STUDIO,REFORMER PILATES,Justine  LE CORRE,12,11,True,2026-09-03 17:22
2026-08-31,Lundi,19:00,19:50,INVALIDES REFORMER STUDIO,REFORMER PILATES,Julia TAPIRO,10,6,True,2026-09-03 17:22
2026-08-31,Lundi,19:00,19:50,MADELEINE REFORMER STUDIO,REFORMER PILATES,Godefroy HISANY,12,7,True,2026-09-03 17:22
2026-08-31,Lundi,19:00,19:50,MARAIS REFORMER STUDIO,REFORMER PILATES,Aude SCHLACTHER,10,7,True,2026-09-03 17:22
2026-08-31,Lundi,19:00,19:50,MAUBEUGE REFORMER STUDIO,REFORMER PILATES,Pauline RAMON @movewithpops ,11,6,True,2026-09-03 17:22
2026-08-31,Lundi,19:00,19:50,MIROMESNIL REFORMER STUDIO,REFORMER PILATES,Jacky TEWES ,11,6,True,2026-09-03 17:22
2026-08-31,Lundi,19:00,20:00,MOZART GYM STUDIO - MAT,THE NEW ME,Constance DE SCHOMPRE,22,21,True,2026-09-03 17:22
2026-08-31,Lundi,19:00,20:00,NEUILLY GYM STUDIO - MAT,BARRE WORKOUT,Valentine @balletdodu ,12,11,True,2026-09-03 17:22
2026-08-31,Lundi,19:00,19:50,NEUILLY NEWFORMER - INTENSE PILATES,NEWFORMER - INTENSE PILATES,Arthur Intense/Advanced @arthur.gambardella ,9,9,True,2026-09-03 17:22
2026-08-31,Lundi,19:00,19:50,PASSY NEWFORMER - INTENSE PILATES,NEWFORMER - INTENSE PILATES,Polina BODEEVA,9,9,True,2026-09-03 17:22
2026-08-31,Lundi,19:00,19:50,SAINT MANDÉ REFORMER STUDIO,REFORMER PILATES,Stephanie BROWN - English Class,12,4,True,2026-09-03 17:22
2026-08-31,Lundi,19:00,19:50,SENTIER REFORMER STUDIO,REFORMER PILATES,Camille AUZANNEAU,14,12,True,2026-09-03 17:22
2026-08-31,Lundi,19:00,19:50,SURESNES REFORMER STUDIO,REFORMER PILATES,Cynthia GALIN,10,10,True,2026-09-03 17:22
2026-08-31,Lundi,19:00,19:50,VAUGIRARD RÉFORMER STUDIO,REFORMER PILATES,Stephanie BROWN - English Class,11,11,True,2026-09-03 17:22
2026-08-31,Lundi,19:00,19:50,VAVIN REFORMER STUDIO,REFORMER PILATES,Sofia TRUKHACHEVA,12,8,True,2026-09-03 17:22
2026-08-31,Lundi,19:00,19:50,WAGRAM REFORMER STUDIO,REFORMER PILATES,Ava ACHOUCHE @ava_swa,11,11,True,2026-09-03 17:22
2026-08-31,Lundi,20:00,20:50,BATIGNOLLES REFORMER STUDIO,REFORMER PILATES,Shana  MAMOU,12,12,True,2026-09-03 17:22
2026-08-31,Lundi,20:00,20:50,BOSQUET REFORMER STUDIO,REFORMER PILATES,Bonita @bonitawellness_,11,11,True,2026-09-03 17:22
2026-08-31,Lundi,20:00,20:50,BOULOGNE REFORMER STUDIO,REFORMER PILATES,Justine  LE CORRE,12,9,True,2026-09-03 17:22
2026-08-31,Lundi,20:00,20:50,INVALIDES REFORMER STUDIO,REFORMER PILATES,Julia TAPIRO,10,7,True,2026-09-03 17:22
2026-08-31,Lundi,20:00,20:50,MADELEINE REFORMER STUDIO,REFORMER PILATES,Godefroy HISANY,12,3,True,2026-09-03 17:22
2026-08-31,Lundi,20:00,20:50,MARAIS REFORMER STUDIO,REFORMER PILATES,Aude SCHLACTHER,10,3,True,2026-09-03 17:22
2026-08-31,Lundi,20:00,20:50,MAUBEUGE REFORMER STUDIO,REFORMER PILATES,Pauline RAMON @movewithpops ,11,10,True,2026-09-03 17:22
2026-08-31,Lundi,20:00,20:50,MIROMESNIL REFORMER STUDIO,REFORMER PILATES,Jacky TEWES ,11,6,True,2026-09-03 17:22
2026-08-31,Lundi,20:00,21:00,MOZART GYM STUDIO - MAT,BARRE WORKOUT,Stéphanie CUNICO,16,16,True,2026-09-03 17:22
2026-08-31,Lundi,20:00,20:50,NEUILLY GYM STUDIO - MAT,Cuisses Abdos Fessiers - CAF,Margot BOUDER,12,7,True,2026-09-03 17:22
2026-08-31,Lundi,20:00,20:50,NEUILLY NEWFORMER - INTENSE PILATES,NEWFORMER - INTENSE PILATES,Arthur Intense/Advanced @arthur.gambardella ,9,0,True,2026-09-03 17:22
2026-08-31,Lundi,20:00,20:50,PASSY NEWFORMER - INTENSE PILATES,NEWFORMER - INTENSE PILATES,Polina BODEEVA,9,7,True,2026-09-03 17:22
2026-08-31,Lundi,20:00,20:50,SAINT MANDÉ REFORMER STUDIO,REFORMER PILATES,Stephanie BROWN - English Class,12,5,True,2026-09-03 17:22
2026-08-31,Lundi,20:00,20:50,SENTIER REFORMER STUDIO,REFORMER PILATES,Camille AUZANNEAU,14,0,True,2026-09-03 17:22
2026-08-31,Lundi,20:00,20:50,SURESNES REFORMER STUDIO,REFORMER PILATES,Cynthia GALIN,10,0,False,2026-08-31 03:53
2026-08-31,Lundi,20:00,20:50,VAUGIRARD RÉFORMER STUDIO,REFORMER PILATES,Shana  MAMOU,11,0,True,2026-09-03 17:22
2026-08-31,Lundi,20:00,20:50,VAVIN REFORMER STUDIO,REFORMER PILATES,Sofia TRUKHACHEVA,12,0,True,2026-09-03 17:22
2026-08-31,Lundi,20:00,20:50,WAGRAM REFORMER STUDIO,REFORMER PILATES,Ava ACHOUCHE @ava_swa,11,0,True,2026-09-03 17:22
2026-09-01,Mardi,08:00,08:50,BATIGNOLLES REFORMER STUDIO,REFORMER PILATES,Alexia VITALI,12,3,True,2026-09-04 23:58
2026-09-01,Mardi,08:00,08:50,BOSQUET REFORMER STUDIO,REFORMER PILATES,Jessika CRUZ,11,3,True,2026-09-04 23:58
2026-09-01,Mardi,08:00,08:50,MADELEINE REFORMER STUDIO,REFORMER PILATES,Shana  MAMOU,12,7,True,2026-09-04 23:58
2026-09-01,Mardi,08:00,08:50,MARAIS REFORMER STUDIO,REFORMER PILATES,Léane AMRAM,10,3,True,2026-09-04 23:58
2026-09-01,Mardi,08:00,08:50,MAUBEUGE REFORMER STUDIO,REFORMER PILATES,Cynthia GALIN,11,7,True,2026-09-04 23:58
2026-09-01,Mardi,08:00,08:50,MIROMESNIL REFORMER STUDIO,REFORMER PILATES,Soudi ZARGHAM,11,4,True,2026-09-04 23:58
2026-09-01,Mardi,08:00,08:50,MOZART GYM STUDIO - MAT,INTENSE CORE,Manon VIRMOUX,15,0,True,2026-09-04 23:58
2026-09-01,Mardi,08:00,08:50,NEUILLY NEWFORMER - INTENSE PILATES,NEWFORMER - INTENSE PILATES,Nicolas MARTINS Intense / Advanced,9,7,True,2026-09-04 23:58
2026-09-01,Mardi,08:00,08:50,PASSY NEWFORMER - INTENSE PILATES,NEWFORMER - INTENSE PILATES,Ibrahima BALDE,9,8,True,2026-09-04 23:58
2026-09-01,Mardi,08:00,08:50,SURESNES REFORMER STUDIO,REFORMER PILATES,Capucine GADRET,10,3,True,2026-09-04 23:58
2026-09-01,Mardi,08:00,08:50,VAUGIRARD RÉFORMER STUDIO,REFORMER PILATES,Lea GUIGNEMENT,11,1,True,2026-09-04 23:58
2026-09-01,Mardi,08:00,08:50,VAVIN REFORMER STUDIO,REFORMER PILATES,Louise DROUAULT @it.s_louu,12,7,True,2026-09-04 23:58
2026-09-01,Mardi,08:00,08:50,WAGRAM REFORMER STUDIO,REFORMER PILATES,Candice TOUBIANA @candice.pilates,11,4,True,2026-09-04 23:58
2026-09-01,Mardi,09:00,09:50,BATIGNOLLES REFORMER STUDIO,REFORMER PILATES,Alexia VITALI,12,6,True,2026-09-04 23:58
2026-09-01,Mardi,09:00,09:50,BOSQUET REFORMER STUDIO,REFORMER PILATES,Jessika CRUZ,11,3,True,2026-09-04 23:58
2026-09-01,Mardi,09:00,09:50,BOULOGNE REFORMER STUDIO,REFORMER PILATES,Eva MENIGOZ,12,4,True,2026-09-04 23:58
2026-09-01,Mardi,09:00,09:50,INVALIDES REFORMER STUDIO,REFORMER PILATES,Tioka TOKEDIRA,10,0,True,2026-09-04 23:58
2026-09-01,Mardi,09:00,09:50,MADELEINE REFORMER STUDIO,REFORMER PILATES,Shana  MAMOU,12,0,False,2026-08-31 03:53
2026-09-01,Mardi,09:00,09:50,MARAIS REFORMER STUDIO,REFORMER PILATES,Léane AMRAM,10,2,True,2026-09-04 23:58
2026-09-01,Mardi,09:00,09:50,MAUBEUGE REFORMER STUDIO,REFORMER PILATES,Cynthia GALIN,11,3,True,2026-09-04 23:58
2026-09-01,Mardi,09:00,09:50,MIROMESNIL REFORMER STUDIO,REFORMER PILATES,Soudi ZARGHAM,11,2,True,2026-09-04 23:58
2026-09-01,Mardi,09:00,10:00,MOZART GYM STUDIO - MAT,KALON BARRE,KALON BARRE @kalon.movement,16,10,True,2026-09-04 23:58
2026-09-01,Mardi,09:00,09:45,NEUILLY GYM STUDIO - MAT,BARRE WORKOUT,Mona COHEN,12,0,True,2026-09-04 23:58
2026-09-01,Mardi,09:00,09:50,NEUILLY NEWFORMER - INTENSE PILATES,NEWFORMER - INTENSE PILATES,Nicolas MARTINS Intense / Advanced,9,9,True,2026-09-04 23:58
2026-09-01,Mardi,09:00,09:50,PASSY NEWFORMER - INTENSE PILATES,NEWFORMER - INTENSE PILATES,Ibrahima BALDE,9,6,True,2026-09-04 23:58
2026-09-01,Mardi,09:00,09:50,SAINT MANDÉ REFORMER STUDIO,REFORMER PILATES,Iris BALAZS,12,0,True,2026-09-04 23:58
2026-09-01,Mardi,09:00,09:50,SENTIER REFORMER STUDIO,REFORMER PILATES,Karla PIMEN,14,0,True,2026-09-04 23:58
2026-09-01,Mardi,09:00,09:50,SURESNES REFORMER STUDIO,REFORMER PILATES,Capucine GADRET,10,1,False,2026-08-31 03:53
2026-09-01,Mardi,09:00,09:50,VAUGIRARD RÉFORMER STUDIO,REFORMER PILATES,Lea GUIGNEMENT,11,2,True,2026-09-04 23:58
2026-09-01,Mardi,09:00,09:50,VAVIN REFORMER STUDIO,REFORMER PILATES,Louise DROUAULT @it.s_louu,12,7,True,2026-09-04 23:58
2026-09-01,Mardi,09:00,09:50,WAGRAM REFORMER STUDIO,REFORMER PILATES,Candice TOUBIANA @candice.pilates,11,5,True,2026-09-04 23:58
2026-09-01,Mardi,10:00,10:50,BATIGNOLLES REFORMER STUDIO,REFORMER PILATES,Alexia VITALI,12,4,True,2026-09-04 23:58
2026-09-01,Mardi,10:00,10:50,BOSQUET REFORMER STUDIO,REFORMER PILATES,Jessika CRUZ,11,3,True,2026-09-04 23:58
2026-09-01,Mardi,10:00,10:50,BOULOGNE REFORMER STUDIO,REFORMER PILATES,Eva MENIGOZ,12,0,True,2026-09-04 23:58
2026-09-01,Mardi,10:00,10:50,INVALIDES REFORMER STUDIO,REFORMER PILATES,Tioka TOKEDIRA,10,2,True,2026-09-04 23:58
2026-09-01,Mardi,10:00,10:50,MADELEINE REFORMER STUDIO,REFORMER PILATES,Shana  MAMOU,12,0,True,2026-09-04 23:58
2026-09-01,Mardi,10:00,10:50,MARAIS REFORMER STUDIO,REFORMER PILATES,Léane AMRAM,10,1,True,2026-09-04 23:58
2026-09-01,Mardi,10:00,10:50,MAUBEUGE REFORMER STUDIO,REFORMER PILATES,Cynthia GALIN,11,3,True,2026-09-04 23:58
2026-09-01,Mardi,10:00,11:00,NEUILLY GYM STUDIO - MAT,DYNAMIC PILATES,Mona COHEN,12,9,True,2026-09-04 23:58
2026-09-01,Mardi,10:00,10:50,NEUILLY NEWFORMER - INTENSE PILATES,NEWFORMER - INTENSE PILATES,Nicolas MARTINS Intense / Advanced,9,6,True,2026-09-04 23:58
2026-09-01,Mardi,10:00,10:50,PASSY NEWFORMER - INTENSE PILATES,NEWFORMER - INTENSE PILATES,Ibrahima BALDE,9,2,True,2026-09-04 23:58
2026-09-01,Mardi,10:00,10:50,SAINT MANDÉ REFORMER STUDIO,REFORMER PILATES,Iris BALAZS,12,2,True,2026-09-04 23:58
2026-09-01,Mardi,10:00,10:50,SENTIER REFORMER STUDIO,REFORMER PILATES,Karla PIMEN,14,0,True,2026-09-04 23:58
2026-09-01,Mardi,10:00,10:50,SURESNES REFORMER STUDIO,REFORMER PILATES,Dorina YICHU ,10,0,False,2026-08-31 03:53
2026-09-01,Mardi,10:00,10:50,VAUGIRARD RÉFORMER STUDIO,REFORMER PILATES,Lea GUIGNEMENT,11,2,True,2026-09-04 23:58
2026-09-01,Mardi,10:00,10:50,VAVIN REFORMER STUDIO,REFORMER PILATES,Louise DROUAULT @it.s_louu,12,8,True,2026-09-04 23:58
2026-09-01,Mardi,10:00,10:50,WAGRAM REFORMER STUDIO,REFORMER PILATES,Candice TOUBIANA @candice.pilates,11,6,True,2026-09-04 23:58
2026-09-01,Mardi,11:00,11:50,BATIGNOLLES REFORMER STUDIO,REFORMER PILATES,Philippine DESTAING,12,4,True,2026-09-04 23:58
2026-09-01,Mardi,11:00,11:50,BOSQUET REFORMER STUDIO,REFORMER PILATES,Aude SCHLACTHER,11,5,True,2026-09-04 23:58
2026-09-01,Mardi,11:00,11:50,MARAIS REFORMER STUDIO,REFORMER PILATES,Roxane GHORBANNEJAD,10,5,True,2026-09-04 23:58
2026-09-01,Mardi,11:00,11:50,MAUBEUGE REFORMER STUDIO,REFORMER PILATES,Pauline RAMON @movewithpops ,11,4,True,2026-09-04 23:58
2026-09-01,Mardi,11:00,11:50,NEUILLY NEWFORMER - INTENSE PILATES,NEWFORMER - INTENSE PILATES,Nicolas MARTINS Intense / Advanced,9,7,True,2026-09-04 23:58
2026-09-01,Mardi,11:00,11:50,PASSY NEWFORMER - INTENSE PILATES,NEWFORMER - INTENSE PILATES,Carla @training_by_carla,9,7,True,2026-09-04 23:58
2026-09-01,Mardi,11:00,11:50,SURESNES REFORMER STUDIO,REFORMER PILATES,Dorina YICHU ,10,6,True,2026-09-04 23:58
2026-09-01,Mardi,11:00,11:50,VAUGIRARD RÉFORMER STUDIO,REFORMER PILATES,Joy DUQUESNE,11,3,True,2026-09-04 23:58
2026-09-01,Mardi,11:00,11:50,VAVIN REFORMER STUDIO,REFORMER PILATES,Eva MENIGOZ,12,4,True,2026-09-04 23:58
2026-09-01,Mardi,11:00,11:50,WAGRAM REFORMER STUDIO,REFORMER PILATES,Candice TOUBIANA @candice.pilates,11,0,True,2026-09-04 23:58
2026-09-01,Mardi,12:00,12:50,BATIGNOLLES REFORMER STUDIO,REFORMER PILATES,Philippine DESTAING,12,5,True,2026-09-04 23:58
2026-09-01,Mardi,12:00,12:50,BOSQUET REFORMER STUDIO,REFORMER PILATES,Aude SCHLACTHER,11,6,True,2026-09-04 23:58
2026-09-01,Mardi,12:00,12:50,BOULOGNE REFORMER STUDIO,REFORMER PILATES,Sacha DOURIANT,12,8,True,2026-09-04 23:58
2026-09-01,Mardi,12:00,12:50,INVALIDES REFORMER STUDIO,REFORMER PILATES,Florence COLLIN BECUWE Advanced/Intense ,10,2,True,2026-09-04 23:58
2026-09-01,Mardi,12:00,12:50,MARAIS REFORMER STUDIO,REFORMER PILATES,Roxane GHORBANNEJAD,10,0,True,2026-09-04 23:58
2026-09-01,Mardi,12:00,12:50,MAUBEUGE REFORMER STUDIO,REFORMER PILATES,Pauline RAMON @movewithpops ,11,8,True,2026-09-04 23:58
2026-09-01,Mardi,12:00,12:50,MIROMESNIL REFORMER STUDIO,REFORMER PILATES,Léane AMRAM,11,10,True,2026-09-04 23:58
2026-09-01,Mardi,12:00,12:50,NEUILLY NEWFORMER - INTENSE PILATES,NEWFORMER - INTENSE PILATES,Nicolas MARTINS Intense / Advanced,9,9,True,2026-09-04 23:58
2026-09-01,Mardi,12:00,12:50,PASSY NEWFORMER - INTENSE PILATES,NEWFORMER - INTENSE PILATES,Carla @training_by_carla,9,0,True,2026-09-04 23:58
2026-09-01,Mardi,12:00,12:50,SAINT MANDÉ REFORMER STUDIO,REFORMER PILATES,Anaïs CHRISTIAENS,12,4,True,2026-09-04 23:58
2026-09-01,Mardi,12:00,12:50,SENTIER REFORMER STUDIO,REFORMER PILATES,Jeremy KRYSTKOWIAK,14,6,True,2026-09-04 23:58
2026-09-01,Mardi,12:00,12:50,SURESNES REFORMER STUDIO,REFORMER PILATES,Dorina YICHU ,10,5,True,2026-09-04 23:58
2026-09-01,Mardi,12:00,12:50,VAUGIRARD RÉFORMER STUDIO,REFORMER PILATES,Joy DUQUESNE,11,9,True,2026-09-04 23:58
2026-09-01,Mardi,12:00,12:50,VAVIN REFORMER STUDIO,REFORMER PILATES,Eva MENIGOZ,12,7,True,2026-09-04 23:58
2026-09-01,Mardi,12:00,12:50,WAGRAM REFORMER STUDIO,REFORMER PILATES,Zoé  @getstronglikezoe Intense / Advanced ,11,6,True,2026-09-04 23:58
2026-09-01,Mardi,12:30,13:20,MADELEINE REFORMER STUDIO,REFORMER PILATES,Shana  MAMOU,12,12,True,2026-09-04 23:58
2026-09-01,Mardi,12:30,13:30,MOZART GYM STUDIO - MAT,FULL BODY WORKOUT,Marcus FITLIFE,18,9,True,2026-09-04 23:58
2026-09-01,Mardi,12:30,13:30,NEUILLY GYM STUDIO - MAT,DYNAMIC PILATES,Mona COHEN,12,4,True,2026-09-04 23:58
2026-09-01,Mardi,13:00,13:50,BATIGNOLLES REFORMER STUDIO,REFORMER PILATES,Philippine DESTAING,12,5,True,2026-09-04 23:58
2026-09-01,Mardi,13:00,13:50,BOSQUET REFORMER STUDIO,REFORMER PILATES,Aude SCHLACTHER,11,9,True,2026-09-04 23:58
2026-09-01,Mardi,13:00,13:50,BOULOGNE REFORMER STUDIO,REFORMER PILATES,Sacha DOURIANT,12,9,True,2026-09-04 23:58
2026-09-01,Mardi,13:00,13:50,INVALIDES REFORMER STUDIO,REFORMER PILATES,Florence COLLIN BECUWE Advanced/Intense ,10,4,True,2026-09-04 23:58
2026-09-01,Mardi,13:00,13:50,MARAIS REFORMER STUDIO,REFORMER PILATES,Roxane GHORBANNEJAD,10,3,True,2026-09-04 23:58
2026-09-01,Mardi,13:00,13:50,MAUBEUGE REFORMER STUDIO,REFORMER PILATES,Pauline RAMON @movewithpops ,11,9,True,2026-09-04 23:58
2026-09-01,Mardi,13:00,13:50,MIROMESNIL REFORMER STUDIO,REFORMER PILATES,Léane AMRAM,11,8,True,2026-09-04 23:58
2026-09-01,Mardi,13:00,13:50,PASSY NEWFORMER - INTENSE PILATES,NEWFORMER - INTENSE PILATES,Carla @training_by_carla,9,8,True,2026-09-04 23:58
2026-09-01,Mardi,13:00,13:50,SAINT MANDÉ REFORMER STUDIO,REFORMER PILATES,Anaïs CHRISTIAENS,12,0,True,2026-09-04 23:58
2026-09-01,Mardi,13:00,13:50,SENTIER REFORMER STUDIO,REFORMER PILATES,Jeremy KRYSTKOWIAK,14,6,True,2026-09-04 23:58
2026-09-01,Mardi,13:00,13:50,SURESNES REFORMER STUDIO,REFORMER PILATES,Dorina YICHU ,10,1,False,2026-08-31 03:53
2026-09-01,Mardi,13:00,13:50,VAUGIRARD RÉFORMER STUDIO,REFORMER PILATES,Joy DUQUESNE,11,2,False,2026-08-31 03:53
2026-09-01,Mardi,13:00,13:50,VAVIN REFORMER STUDIO,REFORMER PILATES,Eva MENIGOZ,12,3,True,2026-09-04 23:58
2026-09-01,Mardi,13:00,13:50,WAGRAM REFORMER STUDIO,REFORMER PILATES,Zoé  @getstronglikezoe Intense / Advanced ,11,0,True,2026-09-04 23:58
2026-09-01,Mardi,13:30,14:20,MADELEINE REFORMER STUDIO,REFORMER PILATES,Shana  MAMOU,12,1,False,2026-08-31 03:53
2026-09-01,Mardi,17:00,17:50,BATIGNOLLES REFORMER STUDIO,REFORMER PILATES,Florence COLLIN BECUWE Advanced/Intense ,12,4,True,2026-09-04 23:58
2026-09-01,Mardi,17:00,17:45,MOZART GYM STUDIO - MAT,HOT - MÉTHODE BOOTY & CORE,Elsa TRAINING ,15,3,False,2026-08-31 03:53
2026-09-01,Mardi,17:00,17:50,VAUGIRARD RÉFORMER STUDIO,REFORMER PILATES,Polina BODEEVA,11,1,True,2026-09-04 23:58
2026-09-01,Mardi,18:00,18:50,BATIGNOLLES REFORMER STUDIO,REFORMER PILATES,Florence COLLIN BECUWE Advanced/Intense ,12,11,True,2026-09-04 23:58
2026-09-01,Mardi,18:00,18:50,BOSQUET REFORMER STUDIO,REFORMER PILATES,Jacky TEWES ,11,11,True,2026-09-04 23:58
2026-09-01,Mardi,18:00,18:50,BOULOGNE REFORMER STUDIO,REFORMER PILATES,Soudi ZARGHAM,12,5,True,2026-09-04 23:58
2026-09-01,Mardi,18:00,18:50,INVALIDES REFORMER STUDIO,REFORMER PILATES,Olivia FELICIANO,10,0,True,2026-09-04 23:58
2026-09-01,Mardi,18:00,18:50,MADELEINE REFORMER STUDIO,REFORMER PILATES,Julia TAPIRO,12,1,False,2026-08-31 03:53
2026-09-01,Mardi,18:00,18:50,MARAIS REFORMER STUDIO,REFORMER PILATES,Cédric ARAMAN,10,5,True,2026-09-04 23:58
2026-09-01,Mardi,18:00,18:50,MAUBEUGE REFORMER STUDIO,REFORMER PILATES,Pauline RAMON @movewithpops ,11,11,True,2026-09-04 23:58
2026-09-01,Mardi,18:00,18:50,MIROMESNIL REFORMER STUDIO,REFORMER PILATES,Shana  MAMOU,11,3,True,2026-09-04 23:58
2026-09-01,Mardi,18:00,19:00,MOZART GYM STUDIO - MAT,FULL BODY WORKOUT,Nicolas DUCHESNE,16,8,True,2026-09-04 23:58
2026-09-01,Mardi,18:00,18:50,NEUILLY GYM STUDIO - MAT,FOCUS ABS & FULL BODY,Amélie BALLAND @amelietahiti,14,6,True,2026-09-04 23:58
2026-09-01,Mardi,18:00,18:50,NEUILLY NEWFORMER - INTENSE PILATES,NEWFORMER - INTENSE PILATES,Carla @training_by_carla,9,7,True,2026-09-04 23:58
2026-09-01,Mardi,18:00,18:50,PASSY NEWFORMER - INTENSE PILATES,NEWFORMER - INTENSE PILATES,Capucine GADRET,9,4,True,2026-09-04 23:58
2026-09-01,Mardi,18:00,18:50,SAINT MANDÉ REFORMER STUDIO,REFORMER PILATES,Golda BENCHETRIT,12,4,True,2026-09-04 23:58
2026-09-01,Mardi,18:00,18:50,SENTIER REFORMER STUDIO,REFORMER PILATES,Sofia TRUKHACHEVA,14,7,True,2026-09-04 23:58
2026-09-01,Mardi,18:00,18:50,SURESNES REFORMER STUDIO,REFORMER PILATES,Audrey HUGON,10,7,True,2026-09-04 23:58
2026-09-01,Mardi,18:00,18:50,VAUGIRARD RÉFORMER STUDIO,REFORMER PILATES,Polina BODEEVA,11,3,True,2026-09-04 23:58
2026-09-01,Mardi,18:00,18:50,VAVIN REFORMER STUDIO,REFORMER PILATES,Camille AUZANNEAU,12,10,True,2026-09-04 23:58
2026-09-01,Mardi,18:00,18:50,WAGRAM REFORMER STUDIO,REFORMER PILATES,Jessika CRUZ,11,9,True,2026-09-04 23:58
2026-09-01,Mardi,19:00,19:50,BATIGNOLLES REFORMER STUDIO,REFORMER PILATES,Florence COLLIN BECUWE Advanced/Intense ,12,11,True,2026-09-04 23:58
2026-09-01,Mardi,19:00,19:50,BOSQUET REFORMER STUDIO,REFORMER PILATES,Jacky TEWES ,11,10,True,2026-09-04 23:58
2026-09-01,Mardi,19:00,19:50,BOULOGNE REFORMER STUDIO,REFORMER PILATES,Soudi ZARGHAM,12,7,True,2026-09-04 23:58
2026-09-01,Mardi,19:00,19:50,INVALIDES REFORMER STUDIO,REFORMER PILATES,Sonia @sonia_raconte Intermédiaire/Avancé ,10,8,True,2026-09-04 23:58
2026-09-01,Mardi,19:00,19:50,MADELEINE REFORMER STUDIO,REFORMER PILATES,Julia TAPIRO,12,11,True,2026-09-04 23:58
2026-09-01,Mardi,19:00,19:50,MARAIS REFORMER STUDIO,REFORMER PILATES,Cédric ARAMAN,10,9,True,2026-09-04 23:58
2026-09-01,Mardi,19:00,19:50,MAUBEUGE REFORMER STUDIO,REFORMER PILATES,Pauline RAMON @movewithpops ,11,10,True,2026-09-04 23:58
2026-09-01,Mardi,19:00,19:50,MIROMESNIL REFORMER STUDIO,REFORMER PILATES,Shana  MAMOU,11,10,True,2026-09-04 23:58
2026-09-01,Mardi,19:00,19:50,MOZART GYM STUDIO - MAT,FULL BODY PUMP,Nicolas DUCHESNE,15,13,True,2026-09-04 23:58
2026-09-01,Mardi,19:00,20:00,NEUILLY GYM STUDIO - MAT,BARRE WORKOUT,Sirine Benmeddah,12,7,True,2026-09-04 23:58
2026-09-01,Mardi,19:00,19:50,NEUILLY NEWFORMER - INTENSE PILATES,NEWFORMER - INTENSE PILATES,Carla @training_by_carla,9,8,True,2026-09-04 23:58
2026-09-01,Mardi,19:00,19:50,PASSY NEWFORMER - INTENSE PILATES,NEWFORMER - INTENSE PILATES,Capucine GADRET,9,9,True,2026-09-04 23:58
2026-09-01,Mardi,19:00,19:50,SAINT MANDÉ REFORMER STUDIO,REFORMER PILATES,Golda BENCHETRIT,12,9,True,2026-09-04 23:58
2026-09-01,Mardi,19:00,19:50,SENTIER REFORMER STUDIO,REFORMER PILATES,Sofia TRUKHACHEVA,14,11,True,2026-09-04 23:58
2026-09-01,Mardi,19:00,19:50,SURESNES REFORMER STUDIO,REFORMER PILATES,Audrey HUGON,10,9,True,2026-09-04 23:58
2026-09-01,Mardi,19:00,19:50,VAUGIRARD RÉFORMER STUDIO,REFORMER PILATES,Polina BODEEVA,11,10,True,2026-09-04 23:58
2026-09-01,Mardi,19:00,19:50,VAVIN REFORMER STUDIO,REFORMER PILATES,Camille AUZANNEAU,12,12,True,2026-09-04 23:58
2026-09-01,Mardi,19:00,19:50,WAGRAM REFORMER STUDIO,REFORMER PILATES,Jessika CRUZ,11,11,True,2026-09-04 23:58
2026-09-01,Mardi,20:00,20:50,BATIGNOLLES REFORMER STUDIO,REFORMER PILATES,Florence COLLIN BECUWE Advanced/Intense ,12,12,True,2026-09-04 23:58
2026-09-01,Mardi,20:00,20:50,BOSQUET REFORMER STUDIO,REFORMER PILATES,Jacky TEWES ,11,9,True,2026-09-04 23:58
2026-09-01,Mardi,20:00,20:50,BOULOGNE REFORMER STUDIO,REFORMER PILATES,Soudi ZARGHAM,12,9,True,2026-09-04 23:58
2026-09-01,Mardi,20:00,20:50,INVALIDES REFORMER STUDIO,REFORMER PILATES,Sonia @sonia_raconte Intermédiaire/Avancé ,10,1,True,2026-09-04 23:58
2026-09-01,Mardi,20:00,20:50,MADELEINE REFORMER STUDIO,REFORMER PILATES,Julia TAPIRO,12,4,True,2026-09-04 23:58
2026-09-01,Mardi,20:00,20:50,MARAIS REFORMER STUDIO,REFORMER PILATES,Cédric ARAMAN,10,7,True,2026-09-04 23:58
2026-09-01,Mardi,20:00,20:50,MAUBEUGE REFORMER STUDIO,REFORMER PILATES,Pauline RAMON @movewithpops ,11,10,True,2026-09-04 23:58
2026-09-01,Mardi,20:00,20:50,MIROMESNIL REFORMER STUDIO,REFORMER PILATES,Shana  MAMOU,11,4,True,2026-09-04 23:58
2026-09-01,Mardi,20:00,20:50,MOZART GYM STUDIO - MAT,Cuisses Abdos Fessiers - CAF,Nicolas DUCHESNE,17,17,True,2026-09-04 23:58
2026-09-01,Mardi,20:00,20:45,NEUILLY GYM STUDIO - MAT,BARRE WORKOUT,Sirine Benmeddah,12,4,True,2026-09-04 23:58
2026-09-01,Mardi,20:00,20:50,NEUILLY NEWFORMER - INTENSE PILATES,NEWFORMER - INTENSE PILATES,Carla @training_by_carla,9,8,True,2026-09-04 23:58
2026-09-01,Mardi,20:00,20:50,PASSY NEWFORMER - INTENSE PILATES,NEWFORMER - INTENSE PILATES,Capucine GADRET,9,9,True,2026-09-04 23:58
2026-09-01,Mardi,20:00,20:50,SAINT MANDÉ REFORMER STUDIO,REFORMER PILATES,Golda BENCHETRIT,12,4,True,2026-09-04 23:58
2026-09-01,Mardi,20:00,20:50,SENTIER REFORMER STUDIO,REFORMER PILATES,Sofia TRUKHACHEVA,14,2,True,2026-09-04 23:58
2026-09-01,Mardi,20:00,20:50,SURESNES REFORMER STUDIO,REFORMER PILATES,Audrey HUGON,10,3,True,2026-09-04 23:58
2026-09-01,Mardi,20:00,20:50,VAUGIRARD RÉFORMER STUDIO,REFORMER PILATES,Polina BODEEVA,11,7,True,2026-09-04 23:58
2026-09-01,Mardi,20:00,20:50,VAVIN REFORMER STUDIO,REFORMER PILATES,Camille AUZANNEAU,12,11,True,2026-09-04 23:58
2026-09-02,Mercredi,08:00,08:50,BATIGNOLLES REFORMER STUDIO,REFORMER PILATES,Alexia VITALI,12,9,True,2026-09-05 03:38
2026-09-02,Mercredi,08:00,08:50,BOSQUET REFORMER STUDIO,REFORMER PILATES,Mathilde LAFONT,11,8,True,2026-09-05 03:38
2026-09-02,Mercredi,08:00,08:50,INVALIDES REFORMER STUDIO,REFORMER PILATES,Shana  MAMOU,10,5,True,2026-09-05 03:38
2026-09-02,Mercredi,08:00,08:50,MADELEINE REFORMER STUDIO,REFORMER PILATES,Cynthia GALIN,12,4,True,2026-09-05 03:38
2026-09-02,Mercredi,08:00,08:50,MARAIS REFORMER STUDIO,REFORMER PILATES,Jean-Noël JUILLARD,10,4,True,2026-09-05 03:38
2026-09-02,Mercredi,08:00,08:50,MAUBEUGE REFORMER STUDIO,REFORMER PILATES,Pauline RAMON @movewithpops ,11,8,True,2026-09-05 03:38
2026-09-02,Mercredi,08:00,08:50,MIROMESNIL REFORMER STUDIO,REFORMER PILATES,Luana BRENON,11,5,True,2026-09-05 03:38
2026-09-02,Mercredi,08:00,09:00,MOZART GYM STUDIO - MAT,YOGA VINYASA,Stéphanie CUNICO,15,9,True,2026-09-05 03:38
2026-09-02,Mercredi,08:00,08:50,NEUILLY NEWFORMER - INTENSE PILATES,NEWFORMER - INTENSE PILATES,Ibrahima BALDE,9,4,True,2026-09-05 03:38
2026-09-02,Mercredi,08:00,08:50,PASSY NEWFORMER - INTENSE PILATES,NEWFORMER - INTENSE PILATES,Elsa TRAINING ,9,5,True,2026-09-05 03:38
2026-09-02,Mercredi,08:00,08:50,SAINT MANDÉ REFORMER STUDIO,REFORMER PILATES,Golda BENCHETRIT,12,6,True,2026-09-05 03:38
2026-09-02,Mercredi,08:00,08:50,SENTIER REFORMER STUDIO,REFORMER PILATES,Godefroy HISANY,14,0,False,2026-08-31 03:53
2026-09-02,Mercredi,08:00,08:50,SURESNES REFORMER STUDIO,REFORMER PILATES,Léna BACHELIER @body.bylena.,10,0,True,2026-09-05 03:38
2026-09-02,Mercredi,08:00,08:50,VAUGIRARD RÉFORMER STUDIO,REFORMER PILATES,Sonia @sonia_raconte Intermédiaire/Avancé ,11,9,True,2026-09-05 03:38
2026-09-02,Mercredi,08:00,08:50,VAVIN REFORMER STUDIO,REFORMER PILATES,Louise DROUAULT @it.s_louu,12,10,True,2026-09-05 03:38
2026-09-02,Mercredi,09:00,09:50,BATIGNOLLES REFORMER STUDIO,REFORMER PILATES,Alexia VITALI,12,11,True,2026-09-05 03:38
2026-09-02,Mercredi,09:00,09:50,BOSQUET REFORMER STUDIO,REFORMER PILATES,Mathilde LAFONT,11,3,True,2026-09-05 03:38
2026-09-02,Mercredi,09:00,09:50,BOULOGNE REFORMER STUDIO,REFORMER PILATES,Lucie DUMONT,12,0,False,2026-08-31 03:53
2026-09-02,Mercredi,09:00,09:50,INVALIDES REFORMER STUDIO,REFORMER PILATES,Shana  MAMOU,10,0,True,2026-09-05 03:38
2026-09-02,Mercredi,09:00,09:50,MADELEINE REFORMER STUDIO,REFORMER PILATES,Cynthia GALIN,12,5,True,2026-09-05 03:38
2026-09-02,Mercredi,09:00,09:50,MARAIS REFORMER STUDIO,REFORMER PILATES,Jean-Noël JUILLARD,10,0,True,2026-09-05 03:38
2026-09-02,Mercredi,09:00,09:50,MAUBEUGE REFORMER STUDIO,REFORMER PILATES,Pauline RAMON @movewithpops ,11,11,True,2026-09-05 03:38
2026-09-02,Mercredi,09:00,09:50,MIROMESNIL REFORMER STUDIO,REFORMER PILATES,Luana BRENON,11,7,True,2026-09-05 03:38
2026-09-02,Mercredi,09:00,10:00,MOZART GYM STUDIO - MAT,THE NEW ME,Constance DE SCHOMPRE,22,12,True,2026-09-05 03:38
2026-09-02,Mercredi,09:00,10:00,NEUILLY GYM STUDIO - MAT,BARRE WORKOUT,Kim GAMPEL,12,7,True,2026-09-05 03:38
2026-09-02,Mercredi,09:00,09:50,NEUILLY NEWFORMER - INTENSE PILATES,NEWFORMER - INTENSE PILATES,Ibrahima BALDE,9,5,True,2026-09-05 03:38
2026-09-02,Mercredi,09:00,09:50,PASSY NEWFORMER - INTENSE PILATES,NEWFORMER - INTENSE PILATES,Elsa TRAINING ,9,0,True,2026-09-05 03:38
2026-09-02,Mercredi,09:00,09:50,SAINT MANDÉ REFORMER STUDIO,REFORMER PILATES,Golda BENCHETRIT,12,2,True,2026-09-05 03:38
2026-09-02,Mercredi,09:00,09:50,SENTIER REFORMER STUDIO,REFORMER PILATES,Godefroy HISANY,14,0,False,2026-08-31 03:53
2026-09-02,Mercredi,09:00,09:50,SURESNES REFORMER STUDIO,REFORMER PILATES,Léna BACHELIER @body.bylena.,10,5,True,2026-09-05 03:38
2026-09-02,Mercredi,09:00,09:50,VAUGIRARD RÉFORMER STUDIO,REFORMER PILATES,Sonia @sonia_raconte Intermédiaire/Avancé ,11,2,True,2026-09-05 03:38
2026-09-02,Mercredi,09:00,09:50,VAVIN REFORMER STUDIO,REFORMER PILATES,Louise DROUAULT @it.s_louu,12,9,True,2026-09-05 03:38
2026-09-02,Mercredi,09:00,09:50,WAGRAM REFORMER STUDIO,REFORMER PILATES,Jessika CRUZ,11,8,True,2026-09-05 03:38
2026-09-02,Mercredi,10:00,10:50,BATIGNOLLES REFORMER STUDIO,REFORMER PILATES,Alexia VITALI,12,8,True,2026-09-05 03:38
2026-09-02,Mercredi,10:00,10:50,BOSQUET REFORMER STUDIO,REFORMER PILATES,Mathilde LAFONT,11,4,True,2026-09-05 03:38
2026-09-02,Mercredi,10:00,10:50,BOULOGNE REFORMER STUDIO,REFORMER PILATES,Lucie DUMONT,12,8,True,2026-09-05 03:38
2026-09-02,Mercredi,10:00,10:50,MADELEINE REFORMER STUDIO,REFORMER PILATES,Cynthia GALIN,12,0,False,2026-08-31 03:53
2026-09-02,Mercredi,10:00,10:50,MARAIS REFORMER STUDIO,REFORMER PILATES,Jean-Noël JUILLARD,10,1,False,2026-08-31 03:53
2026-09-02,Mercredi,10:00,10:50,MAUBEUGE REFORMER STUDIO,REFORMER PILATES,Pauline RAMON @movewithpops ,11,7,True,2026-09-05 03:38
2026-09-02,Mercredi,10:00,11:00,MOZART GYM STUDIO - MAT,KALON BARRE,KALON BARRE @kalon.movement,16,16,True,2026-09-05 03:38
2026-09-02,Mercredi,10:00,11:00,NEUILLY GYM STUDIO - MAT,BARRE PILATES,Kim GAMPEL,12,5,True,2026-09-05 03:38
2026-09-02,Mercredi,10:00,10:50,NEUILLY NEWFORMER - INTENSE PILATES,NEWFORMER - INTENSE PILATES,Ibrahima BALDE,9,8,True,2026-09-05 03:38
2026-09-02,Mercredi,10:00,10:50,PASSY NEWFORMER - INTENSE PILATES,NEWFORMER - INTENSE PILATES,Elsa TRAINING ,9,7,True,2026-09-05 03:38
2026-09-02,Mercredi,10:00,10:50,SAINT MANDÉ REFORMER STUDIO,REFORMER PILATES,Golda BENCHETRIT,12,8,True,2026-09-05 03:38
2026-09-02,Mercredi,10:00,10:50,SURESNES REFORMER STUDIO,REFORMER PILATES,Léna BACHELIER @body.bylena.,10,0,False,2026-08-31 03:53
2026-09-02,Mercredi,10:00,10:50,VAUGIRARD RÉFORMER STUDIO,REFORMER PILATES,Sonia @sonia_raconte Intermédiaire/Avancé ,11,2,True,2026-09-05 03:38
2026-09-02,Mercredi,10:00,10:50,VAVIN REFORMER STUDIO,REFORMER PILATES,Louise DROUAULT @it.s_louu,12,9,True,2026-09-05 03:38
2026-09-02,Mercredi,10:00,10:50,WAGRAM REFORMER STUDIO,REFORMER PILATES,Jessika CRUZ,11,5,True,2026-09-05 03:38
2026-09-02,Mercredi,11:00,11:50,BATIGNOLLES REFORMER STUDIO,REFORMER PILATES,Zoé  @getstronglikezoe Intense / Advanced ,12,2,True,2026-09-05 03:38
2026-09-02,Mercredi,11:00,11:50,BOSQUET REFORMER STUDIO,REFORMER PILATES,Camille AUZANNEAU,11,0,False,2026-08-31 03:53
2026-09-02,Mercredi,11:00,11:50,MARAIS REFORMER STUDIO,REFORMER PILATES,Leila OUCHEN,10,6,True,2026-09-05 03:38
2026-09-02,Mercredi,11:00,12:00,NEUILLY GYM STUDIO - MAT,BODY SCULPT,William  GALIN,14,6,True,2026-09-05 03:38
2026-09-02,Mercredi,11:00,11:50,NEUILLY NEWFORMER - INTENSE PILATES,NEWFORMER - INTENSE PILATES,Carla @training_by_carla,9,0,False,2026-08-31 03:53
2026-09-02,Mercredi,11:00,11:50,PASSY NEWFORMER - INTENSE PILATES,NEWFORMER - INTENSE PILATES,Capucine GADRET,9,2,True,2026-09-05 03:38
2026-09-02,Mercredi,11:00,11:50,VAUGIRARD RÉFORMER STUDIO,REFORMER PILATES,Naser SAENDI @coachfitnas,11,4,True,2026-09-05 03:38
2026-09-02,Mercredi,11:00,11:50,VAVIN REFORMER STUDIO,REFORMER PILATES,Sofia TRUKHACHEVA,12,4,True,2026-09-05 03:38
2026-09-02,Mercredi,11:00,11:50,WAGRAM REFORMER STUDIO,REFORMER PILATES,Jessika CRUZ,11,0,False,2026-08-31 03:53
2026-09-02,Mercredi,12:00,12:50,BATIGNOLLES REFORMER STUDIO,REFORMER PILATES,Zoé  @getstronglikezoe Intense / Advanced ,12,9,True,2026-09-05 03:38
2026-09-02,Mercredi,12:00,12:50,BOSQUET REFORMER STUDIO,REFORMER PILATES,Camille AUZANNEAU,11,11,True,2026-09-05 03:38
2026-09-02,Mercredi,12:00,12:50,BOULOGNE REFORMER STUDIO,REFORMER PILATES,Lucie DUMONT,12,11,True,2026-09-05 03:38
2026-09-02,Mercredi,12:00,12:50,INVALIDES REFORMER STUDIO,REFORMER PILATES,Luana BRENON,10,2,True,2026-09-05 03:38
2026-09-02,Mercredi,12:00,12:50,MADELEINE REFORMER STUDIO,REFORMER PILATES,Candice TOUBIANA @candice.pilates,12,3,True,2026-09-05 03:38
2026-09-02,Mercredi,12:00,12:50,MARAIS REFORMER STUDIO,REFORMER PILATES,Leila OUCHEN,10,5,True,2026-09-05 03:38
2026-09-02,Mercredi,12:00,12:50,MAUBEUGE REFORMER STUDIO,REFORMER PILATES,Léane AMRAM,11,10,True,2026-09-05 03:38
2026-09-02,Mercredi,12:00,12:50,MIROMESNIL REFORMER STUDIO,REFORMER PILATES,Florence COLLIN BECUWE Advanced/Intense ,11,11,True,2026-09-05 03:38
2026-09-02,Mercredi,12:00,12:50,NEUILLY NEWFORMER - INTENSE PILATES,NEWFORMER - INTENSE PILATES,Carla @training_by_carla,9,7,True,2026-09-05 03:38
2026-09-02,Mercredi,12:00,12:50,PASSY NEWFORMER - INTENSE PILATES,NEWFORMER - INTENSE PILATES,Capucine GADRET,9,7,True,2026-09-05 03:38
2026-09-02,Mercredi,12:00,12:50,SAINT MANDÉ REFORMER STUDIO,REFORMER PILATES,Anaïs CHRISTIAENS,12,7,True,2026-09-05 03:38
2026-09-02,Mercredi,12:00,12:50,SENTIER REFORMER STUDIO,REFORMER PILATES,Polina BODEEVA,14,2,True,2026-09-05 03:38
2026-09-02,Mercredi,12:00,12:50,SURESNES REFORMER STUDIO,REFORMER PILATES,Léna BACHELIER @body.bylena.,10,4,False,2026-08-31 03:53
2026-09-02,Mercredi,12:00,12:50,VAUGIRARD RÉFORMER STUDIO,REFORMER PILATES,Naser SAENDI @coachfitnas,11,4,True,2026-09-05 03:38
2026-09-02,Mercredi,12:00,12:50,VAVIN REFORMER STUDIO,REFORMER PILATES,Sofia TRUKHACHEVA,12,6,True,2026-09-05 03:38
2026-09-02,Mercredi,12:00,12:50,WAGRAM REFORMER STUDIO,REFORMER PILATES,Joy DUQUESNE,11,10,True,2026-09-05 03:38
2026-09-02,Mercredi,12:30,13:30,MOZART GYM STUDIO - MAT,FULL BODY WORKOUT,William  GALIN,18,14,True,2026-09-05 03:38
2026-09-02,Mercredi,12:30,13:45,NEUILLY GYM STUDIO - MAT,YOGA VINYASA,Flore TURRA (intermédiaire),14,11,True,2026-09-05 03:38
2026-09-02,Mercredi,13:00,13:50,BATIGNOLLES REFORMER STUDIO,REFORMER PILATES,Zoé  @getstronglikezoe Intense / Advanced ,12,3,True,2026-09-05 03:38
2026-09-02,Mercredi,13:00,13:50,BOSQUET REFORMER STUDIO,REFORMER PILATES,Camille AUZANNEAU,11,4,True,2026-09-05 03:38
2026-09-02,Mercredi,13:00,13:50,BOULOGNE REFORMER STUDIO,REFORMER PILATES,Lucie DUMONT,12,5,True,2026-09-05 03:38
2026-09-02,Mercredi,13:00,13:50,INVALIDES REFORMER STUDIO,REFORMER PILATES,Luana BRENON,10,8,True,2026-09-05 03:38
2026-09-02,Mercredi,13:00,13:50,MADELEINE REFORMER STUDIO,REFORMER PILATES,Candice TOUBIANA @candice.pilates,12,3,True,2026-09-05 03:38
2026-09-02,Mercredi,13:00,13:50,MARAIS REFORMER STUDIO,REFORMER PILATES,Leila OUCHEN,10,1,False,2026-08-31 03:53
2026-09-02,Mercredi,13:00,13:50,MAUBEUGE REFORMER STUDIO,REFORMER PILATES,Léane AMRAM,11,2,True,2026-09-05 03:38
2026-09-02,Mercredi,13:00,13:50,MIROMESNIL REFORMER STUDIO,REFORMER PILATES,Florence COLLIN BECUWE Advanced/Intense ,11,10,True,2026-09-05 03:38
2026-09-02,Mercredi,13:00,13:50,NEUILLY NEWFORMER - INTENSE PILATES,NEWFORMER - INTENSE PILATES,Carla @training_by_carla,9,7,True,2026-09-05 03:38
2026-09-02,Mercredi,13:00,13:50,PASSY NEWFORMER - INTENSE PILATES,NEWFORMER - INTENSE PILATES,Capucine GADRET,9,7,True,2026-09-05 03:38
2026-09-02,Mercredi,13:00,13:50,SAINT MANDÉ REFORMER STUDIO,REFORMER PILATES,Anaïs CHRISTIAENS,12,0,False,2026-08-31 03:53
2026-09-02,Mercredi,13:00,13:50,SENTIER REFORMER STUDIO,REFORMER PILATES,Polina BODEEVA,14,6,True,2026-09-05 03:38
2026-09-02,Mercredi,13:00,13:50,SURESNES REFORMER STUDIO,REFORMER PILATES,Léna BACHELIER @body.bylena.,10,1,False,2026-08-31 03:53
2026-09-02,Mercredi,13:00,13:50,VAVIN REFORMER STUDIO,REFORMER PILATES,Sofia TRUKHACHEVA,12,0,False,2026-08-31 03:53
2026-09-02,Mercredi,13:00,13:50,WAGRAM REFORMER STUDIO,REFORMER PILATES,Joy DUQUESNE,11,5,True,2026-09-05 03:38
2026-09-02,Mercredi,17:00,17:50,BATIGNOLLES REFORMER STUDIO,REFORMER PILATES,Chloé CASPAR,12,7,True,2026-09-05 03:38
2026-09-02,Mercredi,17:00,17:50,BOULOGNE REFORMER STUDIO,REFORMER PILATES,Stephanie BROWN - English Class,12,1,False,2026-08-31 03:53
2026-09-02,Mercredi,17:00,17:50,SURESNES REFORMER STUDIO,REFORMER PILATES,Andrea JURDI,10,0,False,2026-08-31 03:53
2026-09-02,Mercredi,17:00,17:50,VAUGIRARD RÉFORMER STUDIO,REFORMER PILATES,Polina BODEEVA,11,0,False,2026-08-31 03:53
2026-09-02,Mercredi,17:00,17:50,VAVIN REFORMER STUDIO,REFORMER PILATES,Justine  LE CORRE,12,6,True,2026-09-05 03:38
2026-09-02,Mercredi,17:00,17:50,WAGRAM REFORMER STUDIO,REFORMER PILATES,Jean-Noël JUILLARD,11,4,True,2026-09-05 03:38
2026-09-02,Mercredi,18:00,18:50,BATIGNOLLES REFORMER STUDIO,REFORMER PILATES,Chloé CASPAR,12,12,True,2026-09-05 03:38
2026-09-02,Mercredi,18:00,18:50,BOSQUET REFORMER STUDIO,REFORMER PILATES,Valérie @valeriefitcoaching / Advanced,11,8,True,2026-09-05 03:38
2026-09-02,Mercredi,18:00,18:50,BOULOGNE REFORMER STUDIO,REFORMER PILATES,Stephanie BROWN - English Class,12,4,True,2026-09-05 03:38
2026-09-02,Mercredi,18:00,18:50,INVALIDES REFORMER STUDIO,REFORMER PILATES,Luana BRENON,10,0,True,2026-09-05 03:38
2026-09-02,Mercredi,18:00,18:50,MADELEINE REFORMER STUDIO,REFORMER PILATES,Shana  MAMOU,12,5,True,2026-09-05 03:38
2026-09-02,Mercredi,18:00,18:50,MARAIS REFORMER STUDIO,REFORMER PILATES,Mazarine FORD,10,1,False,2026-08-31 03:53
2026-09-02,Mercredi,18:00,18:50,MAUBEUGE REFORMER STUDIO,REFORMER PILATES,Philippine DESTAING,11,5,True,2026-09-05 03:38
2026-09-02,Mercredi,18:00,18:50,MIROMESNIL REFORMER STUDIO,REFORMER PILATES,Godefroy HISANY,11,3,True,2026-09-05 03:38
2026-09-02,Mercredi,18:00,18:45,NEUILLY GYM STUDIO - MAT,BODY SCULPT,Marcus FITLIFE,14,9,True,2026-09-05 03:38
2026-09-02,Mercredi,18:00,18:50,NEUILLY NEWFORMER - INTENSE PILATES,NEWFORMER - INTENSE PILATES,Salomé Dadoun,9,5,True,2026-09-05 03:38
2026-09-02,Mercredi,18:00,18:50,PASSY NEWFORMER - INTENSE PILATES,NEWFORMER - INTENSE PILATES,Naomie CALINSKI,9,9,True,2026-09-05 03:38
2026-09-02,Mercredi,18:00,18:50,SAINT MANDÉ REFORMER STUDIO,REFORMER PILATES,Marie GROSSEY,12,0,False,2026-08-31 03:53
2026-09-02,Mercredi,18:00,18:50,SENTIER REFORMER STUDIO,REFORMER PILATES,Eva MENIGOZ,14,3,True,2026-09-05 03:38
2026-09-02,Mercredi,18:00,18:50,SURESNES REFORMER STUDIO,REFORMER PILATES,Andrea JURDI,10,9,True,2026-09-05 03:38
2026-09-02,Mercredi,18:00,18:50,VAUGIRARD RÉFORMER STUDIO,REFORMER PILATES,Polina BODEEVA,11,8,True,2026-09-05 03:38
2026-09-02,Mercredi,18:00,18:50,VAVIN REFORMER STUDIO,REFORMER PILATES,Justine  LE CORRE,12,3,True,2026-09-05 03:38
2026-09-02,Mercredi,18:00,18:50,WAGRAM REFORMER STUDIO,REFORMER PILATES,Jean-Noël JUILLARD,11,9,True,2026-09-05 03:38
2026-09-02,Mercredi,18:15,19:15,MOZART GYM STUDIO - MAT,MÉTHODE BOOTY & CORE +,Elsa TRAINING ,16,16,True,2026-09-05 03:38
2026-09-02,Mercredi,19:00,19:50,BATIGNOLLES REFORMER STUDIO,REFORMER PILATES,Chloé CASPAR,12,12,True,2026-09-05 03:38
2026-09-02,Mercredi,19:00,19:50,BOSQUET REFORMER STUDIO,REFORMER PILATES,Valérie @valeriefitcoaching / Advanced,11,10,True,2026-09-05 03:38
2026-09-02,Mercredi,19:00,19:50,BOULOGNE REFORMER STUDIO,REFORMER PILATES,Stephanie BROWN - English Class,12,9,True,2026-09-05 03:38
2026-09-02,Mercredi,19:00,19:50,INVALIDES REFORMER STUDIO,REFORMER PILATES,Luana BRENON,10,10,True,2026-09-05 03:38
2026-09-02,Mercredi,19:00,19:50,MADELEINE REFORMER STUDIO,REFORMER PILATES,Shana  MAMOU,12,10,True,2026-09-05 03:38
2026-09-02,Mercredi,19:00,19:50,MARAIS REFORMER STUDIO,REFORMER PILATES,Mazarine FORD,10,9,True,2026-09-05 03:38
2026-09-02,Mercredi,19:00,19:50,MAUBEUGE REFORMER STUDIO,REFORMER PILATES,Philippine DESTAING,11,10,True,2026-09-05 03:38
2026-09-02,Mercredi,19:00,19:50,MIROMESNIL REFORMER STUDIO,REFORMER PILATES,Godefroy HISANY,11,9,True,2026-09-05 03:38
2026-09-02,Mercredi,19:00,19:50,NEUILLY GYM STUDIO - MAT,BARRE WORKOUT,Kim GAMPEL,12,11,True,2026-09-05 03:38
2026-09-02,Mercredi,19:00,19:50,NEUILLY NEWFORMER - INTENSE PILATES,NEWFORMER - INTENSE PILATES,Salomé Dadoun,9,2,True,2026-09-05 03:38
2026-09-02,Mercredi,19:00,19:50,PASSY NEWFORMER - INTENSE PILATES,NEWFORMER - INTENSE PILATES,Naomie CALINSKI,9,7,True,2026-09-05 03:38
2026-09-02,Mercredi,19:00,19:50,SAINT MANDÉ REFORMER STUDIO,REFORMER PILATES,Marie GROSSEY,12,10,True,2026-09-05 03:38
2026-09-02,Mercredi,19:00,19:50,SENTIER REFORMER STUDIO,REFORMER PILATES,Eva MENIGOZ,14,12,True,2026-09-05 03:38
2026-09-02,Mercredi,19:00,19:50,SURESNES REFORMER STUDIO,REFORMER PILATES,Andrea JURDI,10,9,True,2026-09-05 03:38
2026-09-02,Mercredi,19:00,19:50,VAUGIRARD RÉFORMER STUDIO,REFORMER PILATES,Polina BODEEVA,11,11,True,2026-09-05 03:38
2026-09-02,Mercredi,19:00,19:50,VAVIN REFORMER STUDIO,REFORMER PILATES,Justine  LE CORRE,12,12,True,2026-09-05 03:38
2026-09-02,Mercredi,19:00,19:50,WAGRAM REFORMER STUDIO,REFORMER PILATES,Jean-Noël JUILLARD,11,11,True,2026-09-05 03:38
2026-09-02,Mercredi,19:15,20:15,MOZART GYM STUDIO - MAT,BARRE WORKOUT,Magali LAURENT @studio.magalilaurent,14,14,True,2026-09-05 03:38
2026-09-02,Mercredi,20:00,20:50,BATIGNOLLES REFORMER STUDIO,REFORMER PILATES,Chloé CASPAR,12,11,True,2026-09-05 03:38
2026-09-02,Mercredi,20:00,20:50,BOSQUET REFORMER STUDIO,REFORMER PILATES,Valérie @valeriefitcoaching / Advanced,11,8,True,2026-09-05 03:38
2026-09-02,Mercredi,20:00,20:50,INVALIDES REFORMER STUDIO,REFORMER PILATES,Luana BRENON,10,0,True,2026-09-05 03:38
2026-09-02,Mercredi,20:00,20:50,MADELEINE REFORMER STUDIO,REFORMER PILATES,Shana  MAMOU,12,5,True,2026-09-05 03:38
2026-09-02,Mercredi,20:00,20:50,MARAIS REFORMER STUDIO,REFORMER PILATES,Mazarine FORD,10,6,True,2026-09-05 03:38
2026-09-02,Mercredi,20:00,20:50,MAUBEUGE REFORMER STUDIO,REFORMER PILATES,Philippine DESTAING,11,0,True,2026-09-05 03:38
2026-09-02,Mercredi,20:00,20:50,MIROMESNIL REFORMER STUDIO,REFORMER PILATES,Godefroy HISANY,11,5,True,2026-09-05 03:38
2026-09-02,Mercredi,20:00,20:50,NEUILLY GYM STUDIO - MAT,BARRE WORKOUT,Margot BOUDER,12,9,True,2026-09-05 03:38
2026-09-02,Mercredi,20:00,20:50,NEUILLY NEWFORMER - INTENSE PILATES,NEWFORMER - INTENSE PILATES,Salomé Dadoun,9,0,True,2026-09-05 03:38
2026-09-02,Mercredi,20:00,20:50,PASSY NEWFORMER - INTENSE PILATES,NEWFORMER - INTENSE PILATES,Naomie CALINSKI,9,6,True,2026-09-05 03:38
2026-09-02,Mercredi,20:00,20:50,SAINT MANDÉ REFORMER STUDIO,REFORMER PILATES,Marie GROSSEY,12,0,True,2026-09-05 03:38
2026-09-02,Mercredi,20:00,20:50,SENTIER REFORMER STUDIO,REFORMER PILATES,Eva MENIGOZ,14,1,False,2026-08-31 03:53
2026-09-02,Mercredi,20:00,20:50,SURESNES REFORMER STUDIO,REFORMER PILATES,Andrea JURDI,10,7,True,2026-09-05 03:38
2026-09-02,Mercredi,20:00,20:50,VAUGIRARD RÉFORMER STUDIO,REFORMER PILATES,Polina BODEEVA,11,11,True,2026-09-05 03:38
2026-09-02,Mercredi,20:00,20:50,VAVIN REFORMER STUDIO,REFORMER PILATES,Justine  LE CORRE,12,7,True,2026-09-05 03:38
2026-09-02,Mercredi,20:00,20:50,WAGRAM REFORMER STUDIO,REFORMER PILATES,Jean-Noël JUILLARD,11,11,True,2026-09-05 03:38
2026-09-02,Mercredi,20:15,21:00,MOZART GYM STUDIO - MAT,BARRE WORKOUT EXPRESS,Magali LAURENT @studio.magalilaurent,16,11,True,2026-09-05 03:38
2026-09-03,Jeudi,08:00,08:50,BATIGNOLLES REFORMER STUDIO,REFORMER PILATES,Arthur Intense/Advanced @arthur.gambardella ,12,7,True,2026-09-06 19:52
2026-09-03,Jeudi,08:00,08:50,BOSQUET REFORMER STUDIO,REFORMER PILATES,Jean-Noël JUILLARD,11,5,True,2026-09-06 19:52
2026-09-03,Jeudi,08:00,08:50,INVALIDES REFORMER STUDIO,REFORMER PILATES,Sonia @sonia_raconte Intermédiaire/Avancé ,10,5,True,2026-09-06 19:52
2026-09-03,Jeudi,08:00,08:50,MADELEINE REFORMER STUDIO,REFORMER PILATES,Luana BRENON,12,5,True,2026-09-06 19:52
2026-09-03,Jeudi,08:00,08:50,MARAIS REFORMER STUDIO,REFORMER PILATES,Cynthia GALIN,10,0,True,2026-09-06 19:52
2026-09-03,Jeudi,08:00,08:50,MAUBEUGE REFORMER STUDIO,REFORMER PILATES,Shana  MAMOU,11,5,True,2026-09-06 19:52
2026-09-03,Jeudi,08:00,08:50,MIROMESNIL REFORMER STUDIO,REFORMER PILATES,Florence COLLIN BECUWE Advanced/Intense ,11,3,True,2026-09-06 19:52
2026-09-03,Jeudi,08:00,08:50,MOZART GYM STUDIO - MAT,BODY SCULPT,Marie-Claire AZAR @mc.ismyname Intense / Advanced,16,10,True,2026-09-06 19:52
2026-09-03,Jeudi,08:00,08:50,NEUILLY NEWFORMER - INTENSE PILATES,NEWFORMER - INTENSE PILATES,Nicolas MARTINS Intense / Advanced,9,9,True,2026-09-06 19:52
2026-09-03,Jeudi,08:00,08:50,PASSY NEWFORMER - INTENSE PILATES,NEWFORMER - INTENSE PILATES,Nicolas DUCHESNE,9,8,True,2026-09-06 19:52
2026-09-03,Jeudi,08:00,08:50,SAINT MANDÉ REFORMER STUDIO,REFORMER PILATES,Golda BENCHETRIT,12,3,True,2026-09-06 19:52
2026-09-03,Jeudi,08:00,08:50,VAUGIRARD RÉFORMER STUDIO,REFORMER PILATES,Olivia FELICIANO,11,0,False,2026-09-02 03:39
2026-09-03,Jeudi,08:00,08:50,VAVIN REFORMER STUDIO,REFORMER PILATES,Soudi ZARGHAM,12,1,False,2026-09-02 03:39
2026-09-03,Jeudi,08:00,08:50,WAGRAM REFORMER STUDIO,REFORMER PILATES,Jenny JORDAN,11,5,True,2026-09-06 19:52
2026-09-03,Jeudi,09:00,09:50,BATIGNOLLES REFORMER STUDIO,REFORMER PILATES,Arthur Intense/Advanced @arthur.gambardella ,12,12,True,2026-09-06 19:52
2026-09-03,Jeudi,09:00,09:50,BOSQUET REFORMER STUDIO,REFORMER PILATES,Jean-Noël JUILLARD,11,6,True,2026-09-06 19:52
2026-09-03,Jeudi,09:00,09:50,BOULOGNE REFORMER STUDIO,REFORMER PILATES,Aude SCHLACTHER,12,3,True,2026-09-06 19:52
2026-09-03,Jeudi,09:00,09:50,INVALIDES REFORMER STUDIO,REFORMER PILATES,Sonia @sonia_raconte Intermédiaire/Avancé ,10,1,True,2026-09-06 19:52
2026-09-03,Jeudi,09:00,09:50,MADELEINE REFORMER STUDIO,REFORMER PILATES,Luana BRENON,12,3,True,2026-09-06 19:52
2026-09-03,Jeudi,09:00,09:50,MARAIS REFORMER STUDIO,REFORMER PILATES,Cynthia GALIN,10,5,True,2026-09-06 19:52
2026-09-03,Jeudi,09:00,09:50,MAUBEUGE REFORMER STUDIO,REFORMER PILATES,Shana  MAMOU,11,6,True,2026-09-06 19:52
2026-09-03,Jeudi,09:00,09:50,MIROMESNIL REFORMER STUDIO,REFORMER PILATES,Florence COLLIN BECUWE Advanced/Intense ,11,3,True,2026-09-06 19:52
2026-09-03,Jeudi,09:00,10:00,MOZART GYM STUDIO - MAT,DYNAMIC PILATES,Marie-Claire AZAR @mc.ismyname Intense / Advanced,16,6,True,2026-09-06 19:52
2026-09-03,Jeudi,09:00,09:50,NEUILLY NEWFORMER - INTENSE PILATES,NEWFORMER - INTENSE PILATES,Nicolas MARTINS Intense / Advanced,9,9,True,2026-09-06 19:52
2026-09-03,Jeudi,09:00,09:50,PASSY NEWFORMER - INTENSE PILATES,NEWFORMER - INTENSE PILATES,Nicolas DUCHESNE,9,9,True,2026-09-06 19:52
2026-09-03,Jeudi,09:00,09:50,SAINT MANDÉ REFORMER STUDIO,REFORMER PILATES,Golda BENCHETRIT,12,1,True,2026-09-06 19:52
2026-09-03,Jeudi,09:00,09:50,SURESNES REFORMER STUDIO,REFORMER PILATES,Marianne Basbous,10,0,False,2026-09-02 03:39
2026-09-03,Jeudi,09:00,09:50,VAUGIRARD RÉFORMER STUDIO,REFORMER PILATES,Olivia FELICIANO,11,0,False,2026-09-02 03:39
2026-09-03,Jeudi,09:00,09:50,VAVIN REFORMER STUDIO,REFORMER PILATES,Soudi ZARGHAM,12,6,True,2026-09-06 19:52
2026-09-03,Jeudi,09:00,09:50,WAGRAM REFORMER STUDIO,REFORMER PILATES,Jenny JORDAN,11,5,True,2026-09-06 19:52
2026-09-03,Jeudi,09:30,10:30,NEUILLY GYM STUDIO - MAT,BARRE WORKOUT,Kim GAMPEL,12,11,True,2026-09-06 19:52
2026-09-03,Jeudi,10:00,10:50,BATIGNOLLES REFORMER STUDIO,REFORMER PILATES,Arthur Intense/Advanced @arthur.gambardella ,12,4,True,2026-09-06 19:52
2026-09-03,Jeudi,10:00,10:50,BOSQUET REFORMER STUDIO,REFORMER PILATES,Jean-Noël JUILLARD,11,0,True,2026-09-06 19:52
2026-09-03,Jeudi,10:00,10:50,BOULOGNE REFORMER STUDIO,REFORMER PILATES,Aude SCHLACTHER,12,6,True,2026-09-06 19:52
2026-09-03,Jeudi,10:00,10:50,MARAIS REFORMER STUDIO,REFORMER PILATES,Cynthia GALIN,10,6,True,2026-09-06 19:52
2026-09-03,Jeudi,10:00,10:50,MAUBEUGE REFORMER STUDIO,REFORMER PILATES,Shana  MAMOU,11,1,False,2026-09-02 03:39
2026-09-03,Jeudi,10:00,10:45,MOZART GYM STUDIO - MAT,DYNAMIC PILATES,Carla BISOLI,16,0,True,2026-09-06 19:52
2026-09-03,Jeudi,10:00,10:50,NEUILLY NEWFORMER - INTENSE PILATES,NEWFORMER - INTENSE PILATES,Nicolas MARTINS Intense / Advanced,9,8,True,2026-09-06 19:52
2026-09-03,Jeudi,10:00,10:50,PASSY NEWFORMER - INTENSE PILATES,NEWFORMER - INTENSE PILATES,Nicolas DUCHESNE,9,4,True,2026-09-06 19:52
2026-09-03,Jeudi,10:00,10:50,SAINT MANDÉ REFORMER STUDIO,REFORMER PILATES,Golda BENCHETRIT,12,4,True,2026-09-06 19:52
2026-09-03,Jeudi,10:00,10:50,SENTIER REFORMER STUDIO,REFORMER PILATES,Mathilde DURAND,14,0,False,2026-09-02 17:29
2026-09-03,Jeudi,10:00,10:50,SURESNES REFORMER STUDIO,REFORMER PILATES,Andrea JURDI,10,3,True,2026-09-06 19:52
2026-09-03,Jeudi,10:00,10:50,VAUGIRARD RÉFORMER STUDIO,REFORMER PILATES,Olivia FELICIANO,11,5,True,2026-09-06 19:52
2026-09-03,Jeudi,10:00,10:50,VAVIN REFORMER STUDIO,REFORMER PILATES,Soudi ZARGHAM,12,9,True,2026-09-06 19:52
2026-09-03,Jeudi,10:00,10:50,WAGRAM REFORMER STUDIO,REFORMER PILATES,Jenny JORDAN,11,4,True,2026-09-06 19:52
2026-09-03,Jeudi,10:30,11:30,NEUILLY GYM STUDIO - MAT,DYNAMIC PILATES,Joe BERCKMANS @go_for_it_joe,12,4,True,2026-09-06 19:52
2026-09-03,Jeudi,11:00,11:50,BATIGNOLLES REFORMER STUDIO,REFORMER PILATES,Alexia VITALI,12,11,True,2026-09-06 19:52
2026-09-03,Jeudi,11:00,11:50,BOSQUET REFORMER STUDIO,REFORMER PILATES,Jean-Noël JUILLARD,11,3,True,2026-09-06 19:52
2026-09-03,Jeudi,11:00,11:50,BOULOGNE REFORMER STUDIO,REFORMER PILATES,Aude SCHLACTHER,12,2,True,2026-09-06 19:52
2026-09-03,Jeudi,11:00,11:50,MARAIS REFORMER STUDIO,REFORMER PILATES,Sofia TRUKHACHEVA,10,0,False,2026-09-02 03:39
2026-09-03,Jeudi,11:00,11:50,MAUBEUGE REFORMER STUDIO,REFORMER PILATES,Angelina TAVARES,11,1,False,2026-09-02 03:39
2026-09-03,Jeudi,11:00,11:50,MIROMESNIL REFORMER STUDIO,REFORMER PILATES,Leila OUCHEN,11,4,True,2026-09-06 19:52
2026-09-03,Jeudi,11:00,11:50,NEUILLY NEWFORMER - INTENSE PILATES,NEWFORMER - INTENSE PILATES,Nicolas MARTINS Intense / Advanced,9,8,True,2026-09-06 19:52
2026-09-03,Jeudi,11:00,11:50,PASSY NEWFORMER - INTENSE PILATES,NEWFORMER - INTENSE PILATES,Polina BODEEVA,9,3,True,2026-09-06 19:52
2026-09-03,Jeudi,11:00,11:50,SURESNES REFORMER STUDIO,REFORMER PILATES,Andrea JURDI,10,1,True,2026-09-06 19:52
2026-09-03,Jeudi,11:00,11:50,VAUGIRARD RÉFORMER STUDIO,REFORMER PILATES,Sacha DOURIANT,11,3,True,2026-09-06 19:52
2026-09-03,Jeudi,11:00,11:50,WAGRAM REFORMER STUDIO,REFORMER PILATES,Candice TOUBIANA @candice.pilates,11,0,True,2026-09-06 19:52
2026-09-03,Jeudi,11:30,12:15,MOZART GYM STUDIO - MAT,MÉTHODE BOOTY & CORE,Elsa TRAINING ,16,12,True,2026-09-06 19:52
2026-09-03,Jeudi,12:00,12:50,BATIGNOLLES REFORMER STUDIO,REFORMER PILATES,Alexia VITALI,12,10,True,2026-09-06 19:52
2026-09-03,Jeudi,12:00,12:50,BOSQUET REFORMER STUDIO,REFORMER PILATES,Jean-Noël JUILLARD,11,7,True,2026-09-06 19:52
2026-09-03,Jeudi,12:00,12:50,BOULOGNE REFORMER STUDIO,REFORMER PILATES,Aude SCHLACTHER,12,8,True,2026-09-06 19:52
2026-09-03,Jeudi,12:00,12:50,INVALIDES REFORMER STUDIO,REFORMER PILATES,Shana  MAMOU,10,8,True,2026-09-06 19:52
2026-09-03,Jeudi,12:00,12:50,MADELEINE REFORMER STUDIO,REFORMER PILATES,Florence COLLIN BECUWE Advanced/Intense ,12,8,True,2026-09-06 19:52
2026-09-03,Jeudi,12:00,12:50,MARAIS REFORMER STUDIO,REFORMER PILATES,Sofia TRUKHACHEVA,10,6,True,2026-09-06 19:52
2026-09-03,Jeudi,12:00,12:50,MAUBEUGE REFORMER STUDIO,REFORMER PILATES,Angelina TAVARES,11,10,True,2026-09-06 19:52
2026-09-03,Jeudi,12:00,12:50,MIROMESNIL REFORMER STUDIO,REFORMER PILATES,Leila OUCHEN,11,8,True,2026-09-06 19:52
2026-09-03,Jeudi,12:00,12:50,NEUILLY NEWFORMER - INTENSE PILATES,NEWFORMER - INTENSE PILATES,Nicolas MARTINS Intense / Advanced,9,9,True,2026-09-06 19:52
2026-09-03,Jeudi,12:00,12:50,PASSY NEWFORMER - INTENSE PILATES,NEWFORMER - INTENSE PILATES,Polina BODEEVA,9,0,True,2026-09-06 19:52
2026-09-03,Jeudi,12:00,12:50,SAINT MANDÉ REFORMER STUDIO,REFORMER PILATES,Anaïs CHRISTIAENS,12,3,True,2026-09-06 19:52
2026-09-03,Jeudi,12:00,12:50,SENTIER REFORMER STUDIO,REFORMER PILATES,Victoria OROZCO @victoriamouvement,14,10,True,2026-09-06 19:52
2026-09-03,Jeudi,12:00,12:50,SURESNES REFORMER STUDIO,REFORMER PILATES,Andrea JURDI,10,3,True,2026-09-06 19:52
2026-09-03,Jeudi,12:00,12:50,VAUGIRARD RÉFORMER STUDIO,REFORMER PILATES,Sacha DOURIANT,11,6,True,2026-09-06 19:52
2026-09-03,Jeudi,12:00,12:50,VAVIN REFORMER STUDIO,REFORMER PILATES,Sonia @sonia_raconte Intermédiaire/Avancé ,12,8,True,2026-09-06 19:52
2026-09-03,Jeudi,12:00,12:50,WAGRAM REFORMER STUDIO,REFORMER PILATES,Candice TOUBIANA @candice.pilates,11,11,True,2026-09-06 19:52
2026-09-03,Jeudi,12:30,13:20,MOZART GYM STUDIO - MAT,STEP & BARRE ®,Valérie @valeriefitcoaching / Advanced,15,0,True,2026-09-06 19:52
2026-09-03,Jeudi,12:30,13:15,NEUILLY GYM STUDIO - MAT,BODY SCULPT,Marcus FITLIFE,12,4,True,2026-09-06 19:52
2026-09-03,Jeudi,13:00,13:50,BATIGNOLLES REFORMER STUDIO,REFORMER PILATES,Alexia VITALI,12,9,True,2026-09-06 19:52
2026-09-03,Jeudi,13:00,13:50,BOULOGNE REFORMER STUDIO,REFORMER PILATES,Aude SCHLACTHER,12,7,True,2026-09-06 19:52
2026-09-03,Jeudi,13:00,13:50,INVALIDES REFORMER STUDIO,REFORMER PILATES,Shana  MAMOU,10,0,True,2026-09-06 19:52
2026-09-03,Jeudi,13:00,13:50,MADELEINE REFORMER STUDIO,REFORMER PILATES,Florence COLLIN BECUWE Advanced/Intense ,12,8,True,2026-09-06 19:52
2026-09-03,Jeudi,13:00,13:50,MARAIS REFORMER STUDIO,REFORMER PILATES,Sofia TRUKHACHEVA,10,5,True,2026-09-06 19:52
2026-09-03,Jeudi,13:00,13:50,MAUBEUGE REFORMER STUDIO,REFORMER PILATES,Angelina TAVARES,11,8,True,2026-09-06 19:52
2026-09-03,Jeudi,13:00,13:50,MIROMESNIL REFORMER STUDIO,REFORMER PILATES,Leila OUCHEN,11,11,True,2026-09-06 19:52
2026-09-03,Jeudi,13:00,13:50,PASSY NEWFORMER - INTENSE PILATES,NEWFORMER - INTENSE PILATES,Polina BODEEVA,9,0,False,2026-09-02 03:39
2026-09-03,Jeudi,13:00,13:50,SAINT MANDÉ REFORMER STUDIO,REFORMER PILATES,Anaïs CHRISTIAENS,12,3,True,2026-09-06 19:52
2026-09-03,Jeudi,13:00,13:50,SENTIER REFORMER STUDIO,REFORMER PILATES,Victoria OROZCO @victoriamouvement,14,0,True,2026-09-06 19:52
2026-09-03,Jeudi,13:00,13:50,SURESNES REFORMER STUDIO,REFORMER PILATES,Andrea JURDI,10,0,False,2026-09-02 03:39
2026-09-03,Jeudi,13:00,13:50,VAVIN REFORMER STUDIO,REFORMER PILATES,Sonia @sonia_raconte Intermédiaire/Avancé ,12,3,True,2026-09-06 19:52
2026-09-03,Jeudi,13:00,13:50,WAGRAM REFORMER STUDIO,REFORMER PILATES,Candice TOUBIANA @candice.pilates,11,0,False,2026-09-02 03:39
2026-09-03,Jeudi,17:00,17:50,BATIGNOLLES REFORMER STUDIO,REFORMER PILATES,Jacky TEWES ,12,0,True,2026-09-06 19:52
2026-09-03,Jeudi,17:00,17:50,MAUBEUGE REFORMER STUDIO,REFORMER PILATES,Joy DUQUESNE,11,3,True,2026-09-06 19:52
2026-09-03,Jeudi,17:00,17:50,MIROMESNIL REFORMER STUDIO,REFORMER PILATES,Laura LAUGERO @lauralld,11,1,False,2026-09-02 03:39
2026-09-03,Jeudi,17:00,17:50,NEUILLY NEWFORMER - INTENSE PILATES,NEWFORMER - INTENSE PILATES,Vincent PEDRAZA @vincent.pedraza,9,0,True,2026-09-06 19:52
2026-09-03,Jeudi,17:00,17:50,PASSY NEWFORMER - INTENSE PILATES,NEWFORMER - INTENSE PILATES,Carla @training_by_carla,9,7,True,2026-09-06 19:52
2026-09-03,Jeudi,17:00,17:50,SURESNES REFORMER STUDIO,REFORMER PILATES,Audrey HUGON,10,0,True,2026-09-06 19:52
2026-09-03,Jeudi,17:00,17:50,VAVIN REFORMER STUDIO,REFORMER PILATES,Justine  LE CORRE,12,0,False,2026-09-02 03:39
2026-09-03,Jeudi,17:00,17:50,WAGRAM REFORMER STUDIO,REFORMER PILATES,Polly PRIANIKOVA,11,6,True,2026-09-06 19:52
2026-09-03,Jeudi,18:00,18:50,BATIGNOLLES REFORMER STUDIO,REFORMER PILATES,Jacky TEWES ,12,6,True,2026-09-06 19:52
2026-09-03,Jeudi,18:00,18:50,BOSQUET REFORMER STUDIO,REFORMER PILATES,Valérie @valeriefitcoaching / Advanced,11,5,True,2026-09-06 19:52
2026-09-03,Jeudi,18:00,18:50,BOULOGNE REFORMER STUDIO,REFORMER PILATES,Naomie CALINSKI,12,0,True,2026-09-06 19:52
2026-09-03,Jeudi,18:00,18:50,INVALIDES REFORMER STUDIO,REFORMER PILATES,Jean-Noël JUILLARD,10,2,True,2026-09-06 19:52
2026-09-03,Jeudi,18:00,18:50,MADELEINE REFORMER STUDIO,REFORMER PILATES,Shana  MAMOU,12,2,True,2026-09-06 19:52
2026-09-03,Jeudi,18:00,18:50,MARAIS REFORMER STUDIO,REFORMER PILATES,Camille AUZANNEAU,10,5,True,2026-09-06 19:52
2026-09-03,Jeudi,18:00,18:50,MAUBEUGE REFORMER STUDIO,REFORMER PILATES,Joy DUQUESNE,11,7,True,2026-09-06 19:52
2026-09-03,Jeudi,18:00,18:50,MIROMESNIL REFORMER STUDIO,REFORMER PILATES,Laura LAUGERO @lauralld,11,4,True,2026-09-06 19:52
2026-09-03,Jeudi,18:00,18:50,MOZART GYM STUDIO - MAT,Cuisses Abdos Fessiers - CAF,Nicolas DUCHESNE,14,6,True,2026-09-06 19:52
2026-09-03,Jeudi,18:00,18:50,NEUILLY NEWFORMER - INTENSE PILATES,NEWFORMER - INTENSE PILATES,Vincent PEDRAZA @vincent.pedraza,9,6,True,2026-09-06 19:52
2026-09-03,Jeudi,18:00,18:50,PASSY NEWFORMER - INTENSE PILATES,NEWFORMER - INTENSE PILATES,Carla @training_by_carla,9,9,True,2026-09-06 19:52
2026-09-03,Jeudi,18:00,18:50,SAINT MANDÉ REFORMER STUDIO,REFORMER PILATES,Wendy GUILHEM,12,6,True,2026-09-06 19:52
2026-09-03,Jeudi,18:00,18:50,SENTIER REFORMER STUDIO,REFORMER PILATES,Eva MENIGOZ,14,5,True,2026-09-06 19:52
2026-09-03,Jeudi,18:00,18:50,SURESNES REFORMER STUDIO,REFORMER PILATES,Audrey HUGON,10,6,True,2026-09-06 19:52
2026-09-03,Jeudi,18:00,18:50,VAUGIRARD RÉFORMER STUDIO,REFORMER PILATES,Polina BODEEVA,11,5,True,2026-09-06 19:52
2026-09-03,Jeudi,18:00,18:50,VAVIN REFORMER STUDIO,REFORMER PILATES,Justine  LE CORRE,12,9,True,2026-09-06 19:52
2026-09-03,Jeudi,18:00,18:50,WAGRAM REFORMER STUDIO,REFORMER PILATES,Polly PRIANIKOVA,11,6,True,2026-09-06 19:52
2026-09-03,Jeudi,19:00,19:50,BATIGNOLLES REFORMER STUDIO,REFORMER PILATES,Jacky TEWES ,12,12,True,2026-09-06 19:52
2026-09-03,Jeudi,19:00,19:50,BOSQUET REFORMER STUDIO,REFORMER PILATES,Valérie @valeriefitcoaching / Advanced,11,6,True,2026-09-06 19:52
2026-09-03,Jeudi,19:00,19:50,BOULOGNE REFORMER STUDIO,REFORMER PILATES,Naomie CALINSKI,12,7,True,2026-09-06 19:52
2026-09-03,Jeudi,19:00,19:50,INVALIDES REFORMER STUDIO,REFORMER PILATES,Jean-Noël JUILLARD,10,8,True,2026-09-06 19:52
2026-09-03,Jeudi,19:00,19:50,MADELEINE REFORMER STUDIO,REFORMER PILATES,Shana  MAMOU,12,3,True,2026-09-06 19:52
2026-09-03,Jeudi,19:00,19:50,MARAIS REFORMER STUDIO,REFORMER PILATES,Camille AUZANNEAU,10,4,True,2026-09-06 19:52
2026-09-03,Jeudi,19:00,19:50,MAUBEUGE REFORMER STUDIO,REFORMER PILATES,Joy DUQUESNE,11,7,True,2026-09-06 19:52
2026-09-03,Jeudi,19:00,19:50,MIROMESNIL REFORMER STUDIO,REFORMER PILATES,Laura LAUGERO @lauralld,11,9,True,2026-09-06 19:52
2026-09-03,Jeudi,19:00,19:50,MOZART GYM STUDIO - MAT,FOCUS ABS & FULL BODY,Nicolas DUCHESNE,16,15,True,2026-09-06 19:52
2026-09-03,Jeudi,19:00,19:55,NEUILLY GYM STUDIO - MAT,BARRE WORKOUT,Valentine @balletdodu ,12,6,True,2026-09-06 19:52
2026-09-03,Jeudi,19:00,19:50,NEUILLY NEWFORMER - INTENSE PILATES,NEWFORMER - INTENSE PILATES,Vincent PEDRAZA @vincent.pedraza,9,4,True,2026-09-06 19:52
2026-09-03,Jeudi,19:00,19:50,PASSY NEWFORMER - INTENSE PILATES,NEWFORMER - INTENSE PILATES,Carla @training_by_carla,9,4,True,2026-09-06 19:52
2026-09-03,Jeudi,19:00,19:50,SAINT MANDÉ REFORMER STUDIO,REFORMER PILATES,Wendy GUILHEM,12,0,True,2026-09-06 19:52
2026-09-03,Jeudi,19:00,19:50,SENTIER REFORMER STUDIO,REFORMER PILATES,Eva MENIGOZ,14,10,True,2026-09-06 19:52
2026-09-03,Jeudi,19:00,19:50,SURESNES REFORMER STUDIO,REFORMER PILATES,Dorina YICHU ,10,2,True,2026-09-06 19:52
2026-09-03,Jeudi,19:00,19:50,VAUGIRARD RÉFORMER STUDIO,REFORMER PILATES,Polina BODEEVA,11,9,True,2026-09-06 19:52
2026-09-03,Jeudi,19:00,19:50,VAVIN REFORMER STUDIO,REFORMER PILATES,Justine  LE CORRE,12,9,True,2026-09-06 19:52
2026-09-03,Jeudi,19:00,19:50,WAGRAM REFORMER STUDIO,REFORMER PILATES,Polly PRIANIKOVA,11,11,True,2026-09-06 19:52
2026-09-03,Jeudi,20:00,20:50,BATIGNOLLES REFORMER STUDIO,REFORMER PILATES,Jacky TEWES ,12,6,True,2026-09-06 19:52
2026-09-03,Jeudi,20:00,20:50,BOSQUET REFORMER STUDIO,REFORMER PILATES,Valérie @valeriefitcoaching / Advanced,11,5,True,2026-09-06 19:52
2026-09-03,Jeudi,20:00,20:50,BOULOGNE REFORMER STUDIO,REFORMER PILATES,Naomie CALINSKI,12,7,True,2026-09-06 19:52
2026-09-03,Jeudi,20:00,20:50,INVALIDES REFORMER STUDIO,REFORMER PILATES,Jean-Noël JUILLARD,10,0,True,2026-09-06 19:52
2026-09-03,Jeudi,20:00,20:50,MADELEINE REFORMER STUDIO,REFORMER PILATES,Shana  MAMOU,12,2,True,2026-09-06 19:52
2026-09-03,Jeudi,20:00,20:50,MARAIS REFORMER STUDIO,REFORMER PILATES,Camille AUZANNEAU,10,3,True,2026-09-06 19:52
2026-09-03,Jeudi,20:00,20:50,MIROMESNIL REFORMER STUDIO,REFORMER PILATES,Laura LAUGERO @lauralld,11,9,True,2026-09-06 19:52
2026-09-03,Jeudi,20:00,20:50,MOZART GYM STUDIO - MAT,BARRE PILATES,Magali LAURENT @studio.magalilaurent,17,9,True,2026-09-06 19:52
2026-09-03,Jeudi,20:00,20:45,NEUILLY GYM STUDIO - MAT,STRETCHING CLASS,Valentine @balletdodu ,12,6,True,2026-09-06 19:52
2026-09-03,Jeudi,20:00,20:50,NEUILLY NEWFORMER - INTENSE PILATES,NEWFORMER - INTENSE PILATES,Vincent PEDRAZA @vincent.pedraza,9,4,True,2026-09-06 19:52
2026-09-03,Jeudi,20:00,20:50,PASSY NEWFORMER - INTENSE PILATES,NEWFORMER - INTENSE PILATES,Carla @training_by_carla,9,3,True,2026-09-06 19:52
2026-09-03,Jeudi,20:00,20:50,SAINT MANDÉ REFORMER STUDIO,REFORMER PILATES,Wendy GUILHEM,12,0,True,2026-09-06 19:52
2026-09-03,Jeudi,20:00,20:50,SENTIER REFORMER STUDIO,REFORMER PILATES,Eva MENIGOZ,14,0,True,2026-09-06 19:52
2026-09-03,Jeudi,20:00,20:50,SURESNES REFORMER STUDIO,REFORMER PILATES,Dorina YICHU ,10,6,True,2026-09-06 19:52
2026-09-03,Jeudi,20:00,20:50,VAUGIRARD RÉFORMER STUDIO,REFORMER PILATES,Polina BODEEVA,11,4,True,2026-09-06 19:52
2026-09-03,Jeudi,20:00,20:50,VAVIN REFORMER STUDIO,REFORMER PILATES,Justine  LE CORRE,12,9,True,2026-09-06 19:52
2026-09-03,Jeudi,20:00,20:50,WAGRAM REFORMER STUDIO,REFORMER PILATES,Polly PRIANIKOVA,11,10,True,2026-09-06 19:52
2026-09-04,Vendredi,08:00,08:50,BATIGNOLLES REFORMER STUDIO,REFORMER PILATES,Florence COLLIN BECUWE Advanced/Intense ,12,3,True,2026-09-06 19:52
2026-09-04,Vendredi,08:00,08:50,BOSQUET REFORMER STUDIO,REFORMER PILATES,Joy DUQUESNE,11,6,True,2026-09-06 19:52
2026-09-04,Vendredi,08:00,08:50,MADELEINE REFORMER STUDIO,REFORMER PILATES,Marie GROSSEY,12,4,True,2026-09-06 19:52
2026-09-04,Vendredi,08:00,08:50,MARAIS REFORMER STUDIO,REFORMER PILATES,Léane AMRAM,10,5,True,2026-09-06 19:52
2026-09-04,Vendredi,08:00,08:50,MAUBEUGE REFORMER STUDIO,REFORMER PILATES,Camille AUZANNEAU,11,4,True,2026-09-06 19:52
2026-09-04,Vendredi,08:00,08:50,MIROMESNIL REFORMER STUDIO,REFORMER PILATES,Shana  MAMOU,11,5,True,2026-09-06 19:52
2026-09-04,Vendredi,08:00,08:50,MOZART GYM STUDIO - MAT,DYNAMIC PILATES,Manon VIRMOUX,15,7,True,2026-09-06 19:52
2026-09-04,Vendredi,08:00,08:50,NEUILLY NEWFORMER - INTENSE PILATES,NEWFORMER - INTENSE PILATES,Naomie CALINSKI,9,0,True,2026-09-06 19:52
2026-09-04,Vendredi,08:00,08:50,PASSY NEWFORMER - INTENSE PILATES,NEWFORMER - INTENSE PILATES,Nicolas DUCHESNE,9,5,True,2026-09-06 19:52
2026-09-04,Vendredi,08:00,08:50,SAINT MANDÉ REFORMER STUDIO,REFORMER PILATES,Sherel SADOUN,12,0,True,2026-09-06 19:52
2026-09-04,Vendredi,08:00,08:50,SURESNES REFORMER STUDIO,REFORMER PILATES,Cynthia GALIN,10,6,True,2026-09-06 19:52
2026-09-04,Vendredi,08:00,08:50,VAUGIRARD RÉFORMER STUDIO,REFORMER PILATES,Sonia @sonia_raconte Intermédiaire/Avancé ,11,8,True,2026-09-06 19:52
2026-09-04,Vendredi,08:00,08:50,VAVIN REFORMER STUDIO,REFORMER PILATES,Celia Hachem,12,3,True,2026-09-06 19:52
2026-09-04,Vendredi,08:00,08:50,WAGRAM REFORMER STUDIO,REFORMER PILATES,Philippine DESTAING,11,8,True,2026-09-06 19:52
2026-09-04,Vendredi,09:00,09:50,BATIGNOLLES REFORMER STUDIO,REFORMER PILATES,Florence COLLIN BECUWE Advanced/Intense ,12,6,True,2026-09-06 19:52
2026-09-04,Vendredi,09:00,09:50,BOSQUET REFORMER STUDIO,REFORMER PILATES,Joy DUQUESNE,11,2,True,2026-09-06 19:52
2026-09-04,Vendredi,09:00,09:50,INVALIDES REFORMER STUDIO,REFORMER PILATES,Julia TAPIRO,10,2,True,2026-09-06 19:52
2026-09-04,Vendredi,09:00,09:50,MADELEINE REFORMER STUDIO,REFORMER PILATES,Marie GROSSEY,12,3,True,2026-09-06 19:52
2026-09-04,Vendredi,09:00,09:50,MARAIS REFORMER STUDIO,REFORMER PILATES,Léane AMRAM,10,3,True,2026-09-06 19:52
2026-09-04,Vendredi,09:00,09:50,MAUBEUGE REFORMER STUDIO,REFORMER PILATES,Camille AUZANNEAU,11,5,True,2026-09-06 19:52
2026-09-04,Vendredi,09:00,09:50,MIROMESNIL REFORMER STUDIO,REFORMER PILATES,Shana  MAMOU,11,3,True,2026-09-06 19:52
2026-09-04,Vendredi,09:00,10:00,MOZART GYM STUDIO - MAT,YOGA VINYASA,Tamara KUZNETCOVA,16,12,True,2026-09-06 19:52
2026-09-04,Vendredi,09:00,09:50,NEUILLY GYM STUDIO - MAT,Cuisses Abdos Fessiers - CAF,Ibrahima BALDE,14,12,True,2026-09-06 19:52
2026-09-04,Vendredi,09:00,09:50,NEUILLY NEWFORMER - INTENSE PILATES,NEWFORMER - INTENSE PILATES,Naomie CALINSKI,9,0,True,2026-09-06 19:52
2026-09-04,Vendredi,09:00,09:50,PASSY NEWFORMER - INTENSE PILATES,NEWFORMER - INTENSE PILATES,Nicolas DUCHESNE,9,9,True,2026-09-06 19:52
2026-09-04,Vendredi,09:00,09:50,SAINT MANDÉ REFORMER STUDIO,REFORMER PILATES,Iris BALAZS,12,6,True,2026-09-06 19:52
2026-09-04,Vendredi,09:00,09:50,SENTIER REFORMER STUDIO,REFORMER PILATES,Houssem Boutiti,14,0,False,2026-09-03 03:43
2026-09-04,Vendredi,09:00,09:50,SURESNES REFORMER STUDIO,REFORMER PILATES,Cynthia GALIN,10,2,True,2026-09-06 19:52
2026-09-04,Vendredi,09:00,09:50,VAUGIRARD RÉFORMER STUDIO,REFORMER PILATES,Sonia @sonia_raconte Intermédiaire/Avancé ,11,3,True,2026-09-06 19:52
2026-09-04,Vendredi,09:00,09:50,VAVIN REFORMER STUDIO,REFORMER PILATES,Celia Hachem,12,8,True,2026-09-06 19:52
2026-09-04,Vendredi,09:00,09:50,WAGRAM REFORMER STUDIO,REFORMER PILATES,Philippine DESTAING,11,11,True,2026-09-06 19:52
2026-09-04,Vendredi,10:00,10:50,BATIGNOLLES REFORMER STUDIO,REFORMER PILATES,Florence COLLIN BECUWE Advanced/Intense ,12,12,True,2026-09-06 19:52
2026-09-04,Vendredi,10:00,10:50,BOSQUET REFORMER STUDIO,REFORMER PILATES,Joy DUQUESNE,11,6,True,2026-09-06 19:52
2026-09-04,Vendredi,10:00,10:50,BOULOGNE REFORMER STUDIO,REFORMER PILATES,Chloé CASPAR,12,10,True,2026-09-06 19:52
2026-09-04,Vendredi,10:00,10:50,INVALIDES REFORMER STUDIO,REFORMER PILATES,Julia TAPIRO,10,0,True,2026-09-06 19:52
2026-09-04,Vendredi,10:00,10:50,MAUBEUGE REFORMER STUDIO,REFORMER PILATES,Camille AUZANNEAU,11,6,True,2026-09-06 19:52
2026-09-04,Vendredi,10:00,11:00,MOZART GYM STUDIO - MAT,KALON BARRE,KALON BARRE @kalon.movement,16,15,True,2026-09-06 19:52
2026-09-04,Vendredi,10:00,11:00,NEUILLY GYM STUDIO - MAT,KALON BARRE,KALON BARRE @kalon.movement,14,11,True,2026-09-06 19:52
2026-09-04,Vendredi,10:00,10:50,NEUILLY NEWFORMER - INTENSE PILATES,NEWFORMER - INTENSE PILATES,Naomie CALINSKI,9,0,False,2026-09-04 03:36
2026-09-04,Vendredi,10:00,10:50,PASSY NEWFORMER - INTENSE PILATES,NEWFORMER - INTENSE PILATES,Nicolas DUCHESNE,9,7,True,2026-09-06 19:52
2026-09-04,Vendredi,10:00,10:50,SAINT MANDÉ REFORMER STUDIO,REFORMER PILATES,Iris BALAZS,12,8,True,2026-09-06 19:52
2026-09-04,Vendredi,10:00,10:50,SENTIER REFORMER STUDIO,REFORMER PILATES,Houssem Boutiti,14,0,False,2026-09-03 03:43
2026-09-04,Vendredi,10:00,10:50,SURESNES REFORMER STUDIO,REFORMER PILATES,Cynthia GALIN,10,5,True,2026-09-06 19:52
2026-09-04,Vendredi,10:00,10:50,VAUGIRARD RÉFORMER STUDIO,REFORMER PILATES,Sonia @sonia_raconte Intermédiaire/Avancé ,11,5,True,2026-09-06 19:52
2026-09-04,Vendredi,10:00,10:50,VAVIN REFORMER STUDIO,REFORMER PILATES,Celia Hachem,12,6,True,2026-09-06 19:52
2026-09-04,Vendredi,10:00,10:50,WAGRAM REFORMER STUDIO,REFORMER PILATES,Philippine DESTAING,11,7,True,2026-09-06 19:52
2026-09-04,Vendredi,11:00,11:50,BATIGNOLLES REFORMER STUDIO,REFORMER PILATES,Cynthia MONTANO,12,0,True,2026-09-06 19:52
2026-09-04,Vendredi,11:00,11:50,BOULOGNE REFORMER STUDIO,REFORMER PILATES,Chloé CASPAR,12,8,True,2026-09-06 19:52
2026-09-04,Vendredi,11:00,11:50,MARAIS REFORMER STUDIO,REFORMER PILATES,Sofia TRUKHACHEVA,10,4,True,2026-09-06 19:52
2026-09-04,Vendredi,11:00,11:50,MAUBEUGE REFORMER STUDIO,REFORMER PILATES,Camille AUZANNEAU,11,10,True,2026-09-06 19:52
2026-09-04,Vendredi,11:00,11:50,NEUILLY NEWFORMER - INTENSE PILATES,NEWFORMER - INTENSE PILATES,Arthur Intense/Advanced @arthur.gambardella ,9,6,True,2026-09-06 19:52
2026-09-04,Vendredi,11:00,11:50,PASSY NEWFORMER - INTENSE PILATES,NEWFORMER - INTENSE PILATES,Nicolas DUCHESNE,9,7,True,2026-09-06 19:52
2026-09-04,Vendredi,11:00,11:50,SAINT MANDÉ REFORMER STUDIO,REFORMER PILATES,Marie GROSSEY,12,1,True,2026-09-06 19:52
2026-09-04,Vendredi,11:00,11:50,VAVIN REFORMER STUDIO,REFORMER PILATES,Celia Hachem,12,6,True,2026-09-06 19:52
2026-09-04,Vendredi,11:00,11:50,WAGRAM REFORMER STUDIO,REFORMER PILATES,Shana  MAMOU,11,0,True,2026-09-06 19:52
2026-09-04,Vendredi,11:15,12:00,NEUILLY GYM STUDIO - MAT,STRETCHING CLASS,Valentine @balletdodu ,12,7,True,2026-09-06 19:52
2026-09-04,Vendredi,12:00,12:50,BATIGNOLLES REFORMER STUDIO,REFORMER PILATES,Cynthia MONTANO,12,10,True,2026-09-06 19:52
2026-09-04,Vendredi,12:00,12:50,BOSQUET REFORMER STUDIO,REFORMER PILATES,Polly PRIANIKOVA,11,11,True,2026-09-06 19:52
2026-09-04,Vendredi,12:00,12:50,BOULOGNE REFORMER STUDIO,REFORMER PILATES,Chloé CASPAR,12,11,True,2026-09-06 19:52
2026-09-04,Vendredi,12:00,12:50,INVALIDES REFORMER STUDIO,REFORMER PILATES,Sonia @sonia_raconte Intermédiaire/Avancé ,10,9,True,2026-09-06 19:52
2026-09-04,Vendredi,12:00,12:50,MARAIS REFORMER STUDIO,REFORMER PILATES,Sofia TRUKHACHEVA,10,6,True,2026-09-06 19:52
2026-09-04,Vendredi,12:00,12:50,MAUBEUGE REFORMER STUDIO,REFORMER PILATES,Camille AUZANNEAU,11,11,True,2026-09-06 19:52
2026-09-04,Vendredi,12:00,12:50,MIROMESNIL REFORMER STUDIO,REFORMER PILATES,Pauline RAMON @movewithpops ,11,11,True,2026-09-06 19:52
2026-09-04,Vendredi,12:00,12:50,NEUILLY NEWFORMER - INTENSE PILATES,NEWFORMER - INTENSE PILATES,Arthur Intense/Advanced @arthur.gambardella ,9,7,True,2026-09-06 19:52
2026-09-04,Vendredi,12:00,12:50,PASSY NEWFORMER - INTENSE PILATES,NEWFORMER - INTENSE PILATES,Elsa TRAINING ,9,8,True,2026-09-06 19:52
2026-09-04,Vendredi,12:00,12:50,SAINT MANDÉ REFORMER STUDIO,REFORMER PILATES,Marie GROSSEY,12,0,True,2026-09-06 19:52
2026-09-04,Vendredi,12:00,12:50,SENTIER REFORMER STUDIO,REFORMER PILATES,Victoria OROZCO @victoriamouvement,14,6,True,2026-09-06 19:52
2026-09-04,Vendredi,12:00,12:50,SURESNES REFORMER STUDIO,REFORMER PILATES,Capucine GADRET,10,8,True,2026-09-06 19:52
2026-09-04,Vendredi,12:00,12:50,VAUGIRARD RÉFORMER STUDIO,REFORMER PILATES,Naser SAENDI @coachfitnas,11,8,True,2026-09-06 19:52
2026-09-04,Vendredi,12:00,12:50,VAVIN REFORMER STUDIO,REFORMER PILATES,Tioka TOKEDIRA,12,3,True,2026-09-06 19:52
2026-09-04,Vendredi,12:00,12:50,WAGRAM REFORMER STUDIO,REFORMER PILATES,Shana  MAMOU,11,11,True,2026-09-06 19:52
2026-09-04,Vendredi,12:10,13:00,MADELEINE REFORMER STUDIO,REFORMER PILATES,Lea GUIGNEMENT,12,7,True,2026-09-06 19:52
2026-09-04,Vendredi,12:15,13:00,NEUILLY GYM STUDIO - MAT,BARRE WORKOUT EXPRESS,Valentine @balletdodu ,12,12,True,2026-09-06 19:52
2026-09-04,Vendredi,12:30,13:30,MOZART GYM STUDIO - MAT,FULL BODY WORKOUT,Bibi 610,18,8,True,2026-09-06 19:52
2026-09-04,Vendredi,13:00,13:50,BATIGNOLLES REFORMER STUDIO,REFORMER PILATES,Cynthia MONTANO,12,12,True,2026-09-06 19:52
2026-09-04,Vendredi,13:00,13:50,BOSQUET REFORMER STUDIO,REFORMER PILATES,Polly PRIANIKOVA,11,0,True,2026-09-06 19:52
2026-09-04,Vendredi,13:00,13:50,BOULOGNE REFORMER STUDIO,REFORMER PILATES,Chloé CASPAR,12,11,True,2026-09-06 19:52
2026-09-04,Vendredi,13:00,13:50,INVALIDES REFORMER STUDIO,REFORMER PILATES,Sonia @sonia_raconte Intermédiaire/Avancé ,10,7,True,2026-09-06 19:52
2026-09-04,Vendredi,13:00,13:50,MARAIS REFORMER STUDIO,REFORMER PILATES,Sofia TRUKHACHEVA,10,2,True,2026-09-06 19:52
2026-09-04,Vendredi,13:00,13:50,MAUBEUGE REFORMER STUDIO,REFORMER PILATES,Camille AUZANNEAU,11,11,True,2026-09-06 19:52
2026-09-04,Vendredi,13:00,13:50,MIROMESNIL REFORMER STUDIO,REFORMER PILATES,Pauline RAMON @movewithpops ,11,11,True,2026-09-06 19:52
2026-09-04,Vendredi,13:00,13:50,NEUILLY NEWFORMER - INTENSE PILATES,NEWFORMER - INTENSE PILATES,Arthur Intense/Advanced @arthur.gambardella ,9,4,True,2026-09-06 19:52
2026-09-04,Vendredi,13:00,13:50,PASSY NEWFORMER - INTENSE PILATES,NEWFORMER - INTENSE PILATES,Elsa TRAINING ,9,6,True,2026-09-06 19:52
2026-09-04,Vendredi,13:00,13:50,SAINT MANDÉ REFORMER STUDIO,REFORMER PILATES,Marie GROSSEY,12,2,True,2026-09-06 19:52
2026-09-04,Vendredi,13:00,13:50,SENTIER REFORMER STUDIO,REFORMER PILATES,Victoria OROZCO @victoriamouvement,14,9,True,2026-09-06 19:52
2026-09-04,Vendredi,13:00,13:50,SURESNES REFORMER STUDIO,REFORMER PILATES,Capucine GADRET,10,2,True,2026-09-06 19:52
2026-09-04,Vendredi,13:00,13:50,VAUGIRARD RÉFORMER STUDIO,REFORMER PILATES,Naser SAENDI @coachfitnas,11,2,True,2026-09-06 19:52
2026-09-04,Vendredi,13:00,13:50,VAVIN REFORMER STUDIO,REFORMER PILATES,Tioka TOKEDIRA,12,4,True,2026-09-06 19:52
2026-09-04,Vendredi,13:00,13:50,WAGRAM REFORMER STUDIO,REFORMER PILATES,Shana  MAMOU,11,11,True,2026-09-06 19:52
2026-09-04,Vendredi,13:10,14:00,MADELEINE REFORMER STUDIO,REFORMER PILATES,Lea GUIGNEMENT,12,3,True,2026-09-06 19:52
2026-09-04,Vendredi,15:00,15:50,SAINT MANDÉ REFORMER STUDIO,REFORMER PILATES,Lucrezia Amerio,12,0,True,2026-09-06 19:52
2026-09-04,Vendredi,16:00,16:50,BATIGNOLLES REFORMER STUDIO,REFORMER PILATES,julia Droux,12,3,True,2026-09-06 19:52
2026-09-04,Vendredi,16:00,16:50,BOSQUET REFORMER STUDIO,REFORMER PILATES,Jacky TEWES ,11,0,True,2026-09-06 19:52
2026-09-04,Vendredi,16:00,16:50,BOULOGNE REFORMER STUDIO,REFORMER PILATES,Soudi ZARGHAM,12,7,True,2026-09-06 19:52
2026-09-04,Vendredi,16:00,16:50,INVALIDES REFORMER STUDIO,REFORMER PILATES,Stephanie BROWN - English Class,10,0,True,2026-09-06 19:52
2026-09-04,Vendredi,16:00,16:50,MARAIS REFORMER STUDIO,REFORMER PILATES,Sofia TRUKHACHEVA,10,3,True,2026-09-06 19:52
2026-09-04,Vendredi,16:00,16:50,MIROMESNIL REFORMER STUDIO,REFORMER PILATES,Geraldine SELIGMANN,11,3,True,2026-09-06 19:52
2026-09-04,Vendredi,16:00,16:50,NEUILLY NEWFORMER - INTENSE PILATES,NEWFORMER - INTENSE PILATES,Louise DROUAULT @it.s_louu,9,1,False,2026-09-04 03:36
2026-09-04,Vendredi,16:00,16:50,PASSY NEWFORMER - INTENSE PILATES,NEWFORMER - INTENSE PILATES,Bonita @bonitawellness_,9,0,True,2026-09-06 19:52
2026-09-04,Vendredi,16:00,16:50,SAINT MANDÉ REFORMER STUDIO,REFORMER PILATES,Lucrezia Amerio,12,0,True,2026-09-06 19:52
2026-09-04,Vendredi,16:00,16:50,SURESNES REFORMER STUDIO,REFORMER PILATES,Dorina YICHU ,10,0,True,2026-09-06 19:52
2026-09-04,Vendredi,16:00,16:50,VAVIN REFORMER STUDIO,REFORMER PILATES,Sonia @sonia_raconte Intermédiaire/Avancé ,12,4,True,2026-09-06 19:52
2026-09-04,Vendredi,16:00,16:50,WAGRAM REFORMER STUDIO,REFORMER PILATES,Daphné  SULOWSKI ,11,3,True,2026-09-06 19:52
2026-09-04,Vendredi,17:00,17:50,BATIGNOLLES REFORMER STUDIO,REFORMER PILATES,julia Droux,12,5,True,2026-09-06 19:52
2026-09-04,Vendredi,17:00,17:50,BOSQUET REFORMER STUDIO,REFORMER PILATES,Jacky TEWES ,11,0,True,2026-09-06 19:52
2026-09-04,Vendredi,17:00,17:50,BOULOGNE REFORMER STUDIO,REFORMER PILATES,Soudi ZARGHAM,12,3,True,2026-09-06 19:52
2026-09-04,Vendredi,17:00,17:50,INVALIDES REFORMER STUDIO,REFORMER PILATES,Stephanie BROWN - English Class,10,0,True,2026-09-06 19:52
2026-09-04,Vendredi,17:00,17:50,MADELEINE REFORMER STUDIO,REFORMER PILATES,Mathilde FLAMENT,12,2,True,2026-09-06 19:52
2026-09-04,Vendredi,17:00,17:50,MARAIS REFORMER STUDIO,REFORMER PILATES,Sofia TRUKHACHEVA,10,0,True,2026-09-06 19:52
2026-09-04,Vendredi,17:00,17:50,MAUBEUGE REFORMER STUDIO,REFORMER PILATES,Joy DUQUESNE,11,0,True,2026-09-06 19:52
2026-09-04,Vendredi,17:00,17:50,MIROMESNIL REFORMER STUDIO,REFORMER PILATES,Geraldine SELIGMANN,11,2,True,2026-09-06 19:52
2026-09-04,Vendredi,17:00,17:50,NEUILLY GYM STUDIO - MAT,BODY SCULPT,Lea GUIGNEMENT,14,0,True,2026-09-06 19:52
2026-09-04,Vendredi,17:00,17:50,NEUILLY NEWFORMER - INTENSE PILATES,NEWFORMER - INTENSE PILATES,Louise DROUAULT @it.s_louu,9,4,True,2026-09-06 19:52
2026-09-04,Vendredi,17:00,17:50,PASSY NEWFORMER - INTENSE PILATES,NEWFORMER - INTENSE PILATES,Bonita @bonitawellness_,9,0,True,2026-09-06 19:52
2026-09-04,Vendredi,17:00,17:50,SAINT MANDÉ REFORMER STUDIO,REFORMER PILATES,Lucrezia Amerio,12,0,True,2026-09-06 19:52
2026-09-04,Vendredi,17:00,17:50,SENTIER REFORMER STUDIO,REFORMER PILATES,Léane AMRAM,14,3,True,2026-09-06 19:52
2026-09-04,Vendredi,17:00,17:50,SURESNES REFORMER STUDIO,REFORMER PILATES,Dorina YICHU ,10,4,True,2026-09-06 19:52
2026-09-04,Vendredi,17:00,17:50,VAUGIRARD RÉFORMER STUDIO,REFORMER PILATES,Polina BODEEVA,11,6,True,2026-09-06 19:52
2026-09-04,Vendredi,17:00,17:50,VAVIN REFORMER STUDIO,REFORMER PILATES,Sonia @sonia_raconte Intermédiaire/Avancé ,12,6,True,2026-09-06 19:52
2026-09-04,Vendredi,17:00,17:50,WAGRAM REFORMER STUDIO,REFORMER PILATES,Daphné  SULOWSKI ,11,8,True,2026-09-06 19:52
2026-09-04,Vendredi,17:15,18:00,MOZART GYM STUDIO - MAT,FOCUS ABS & FULL BODY,Nicolas DUCHESNE,16,7,True,2026-09-06 19:52
2026-09-04,Vendredi,18:00,18:50,BATIGNOLLES REFORMER STUDIO,REFORMER PILATES,julia Droux,12,12,True,2026-09-06 19:52
2026-09-04,Vendredi,18:00,18:50,BOSQUET REFORMER STUDIO,REFORMER PILATES,Jacky TEWES ,11,8,True,2026-09-06 19:52
2026-09-04,Vendredi,18:00,18:50,BOULOGNE REFORMER STUDIO,REFORMER PILATES,Soudi ZARGHAM,12,10,True,2026-09-06 19:52
2026-09-04,Vendredi,18:00,18:50,INVALIDES REFORMER STUDIO,REFORMER PILATES,Stephanie BROWN - English Class,10,0,True,2026-09-06 19:52
2026-09-04,Vendredi,18:00,18:50,MADELEINE REFORMER STUDIO,REFORMER PILATES,Mathilde FLAMENT,12,5,True,2026-09-06 19:52
2026-09-04,Vendredi,18:00,18:50,MARAIS REFORMER STUDIO,REFORMER PILATES,Sofia TRUKHACHEVA,10,7,True,2026-09-06 19:52
2026-09-04,Vendredi,18:00,18:50,MAUBEUGE REFORMER STUDIO,REFORMER PILATES,Joy DUQUESNE,11,0,True,2026-09-06 19:52
2026-09-04,Vendredi,18:00,18:50,MIROMESNIL REFORMER STUDIO,REFORMER PILATES,Geraldine SELIGMANN,11,0,True,2026-09-06 19:52
2026-09-04,Vendredi,18:00,18:45,NEUILLY GYM STUDIO - MAT,DYNAMIC PILATES,Lea GUIGNEMENT,14,0,True,2026-09-06 19:52
2026-09-04,Vendredi,18:00,18:50,NEUILLY NEWFORMER - INTENSE PILATES,NEWFORMER - INTENSE PILATES,Louise DROUAULT @it.s_louu,9,5,False,2026-09-04 03:36
2026-09-04,Vendredi,18:00,18:50,PASSY NEWFORMER - INTENSE PILATES,NEWFORMER - INTENSE PILATES,Bonita @bonitawellness_,9,6,True,2026-09-06 19:52
2026-09-04,Vendredi,18:00,18:50,SENTIER REFORMER STUDIO,REFORMER PILATES,Léane AMRAM,14,0,True,2026-09-06 19:52
2026-09-04,Vendredi,18:00,18:50,SURESNES REFORMER STUDIO,REFORMER PILATES,Dorina YICHU ,10,6,True,2026-09-06 19:52
2026-09-04,Vendredi,18:00,18:50,VAUGIRARD RÉFORMER STUDIO,REFORMER PILATES,Polina BODEEVA,11,6,True,2026-09-06 19:52
2026-09-04,Vendredi,18:00,18:50,VAVIN REFORMER STUDIO,REFORMER PILATES,Sonia @sonia_raconte Intermédiaire/Avancé ,12,8,True,2026-09-06 19:52
2026-09-04,Vendredi,18:00,18:50,WAGRAM REFORMER STUDIO,REFORMER PILATES,Daphné  SULOWSKI ,11,9,True,2026-09-06 19:52
2026-09-04,Vendredi,18:15,19:05,MOZART GYM STUDIO - MAT,FULL BODY PUMP,Nicolas DUCHESNE,14,6,True,2026-09-06 19:52
2026-09-04,Vendredi,19:00,19:50,MOZART GYM STUDIO - MAT,Cuisses Abdos Fessiers - CAF,Nicolas DUCHESNE,16,6,True,2026-09-06 19:52
2026-09-04,Vendredi,19:00,19:45,NEUILLY GYM STUDIO - MAT,Cuisses Abdos Fessiers - CAF,Lea GUIGNEMENT,12,8,True,2026-09-06 19:52
2026-09-04,Vendredi,19:00,19:50,PASSY NEWFORMER - INTENSE PILATES,NEWFORMER - INTENSE PILATES,Bonita @bonitawellness_,9,3,True,2026-09-06 19:52
2026-09-04,Vendredi,19:00,19:50,SENTIER REFORMER STUDIO,REFORMER PILATES,Léane AMRAM,14,0,True,2026-09-06 19:52
2026-09-04,Vendredi,19:00,19:50,SURESNES REFORMER STUDIO,REFORMER PILATES,Dorina YICHU ,10,7,True,2026-09-06 19:52
2026-09-05,Samedi,09:00,09:50,BATIGNOLLES REFORMER STUDIO,REFORMER PILATES,Natasha LODHI - Intense / Advanced,12,12,True,2026-09-06 19:52
2026-09-05,Samedi,09:00,09:50,BOULOGNE REFORMER STUDIO,REFORMER PILATES,Bonita @bonitawellness_,12,7,True,2026-09-06 19:52
2026-09-05,Samedi,09:00,09:50,INVALIDES REFORMER STUDIO,REFORMER PILATES,Camille AUZANNEAU,10,0,True,2026-09-06 19:52
2026-09-05,Samedi,09:00,09:50,MARAIS REFORMER STUDIO,REFORMER PILATES,Nick ELISHA Intense / Advanced,10,4,True,2026-09-06 19:52
2026-09-05,Samedi,09:00,09:50,MAUBEUGE REFORMER STUDIO,REFORMER PILATES,Zoé  @getstronglikezoe Intense / Advanced ,11,10,True,2026-09-06 19:52
2026-09-05,Samedi,09:00,09:50,MOZART GYM STUDIO - MAT,CARDIO BOXING,Benjamin AYLESWORTH,16,15,True,2026-09-06 19:52
2026-09-05,Samedi,09:00,10:00,NEUILLY GYM STUDIO - MAT,Cuisses Abdos Fessiers - CAF,Lea GUIGNEMENT,15,0,True,2026-09-06 19:52
2026-09-05,Samedi,09:00,09:50,NEUILLY NEWFORMER - INTENSE PILATES,NEWFORMER - INTENSE PILATES,Jacky TEWES ,9,0,True,2026-09-06 19:52
2026-09-05,Samedi,09:00,09:50,PASSY NEWFORMER - INTENSE PILATES,NEWFORMER - INTENSE PILATES,Nicolas DUCHESNE,9,4,False,2026-09-03 03:43
2026-09-05,Samedi,09:00,09:50,SAINT MANDÉ REFORMER STUDIO,REFORMER PILATES,Nick ELISHA Intense / Advanced,12,0,True,2026-09-06 19:52
2026-09-05,Samedi,09:00,09:50,SENTIER REFORMER STUDIO,REFORMER PILATES,Godefroy HISANY,14,0,True,2026-09-06 19:52
2026-09-05,Samedi,09:00,09:50,SURESNES REFORMER STUDIO,REFORMER PILATES,Cecilia PINTO,10,0,False,2026-09-03 03:43
2026-09-05,Samedi,09:00,09:50,VAUGIRARD RÉFORMER STUDIO,REFORMER PILATES,Naser SAENDI @coachfitnas,11,9,True,2026-09-06 19:52
2026-09-05,Samedi,09:00,09:50,VAVIN REFORMER STUDIO,REFORMER PILATES,Svetlana ZAREBA,12,11,True,2026-09-06 19:52
2026-09-05,Samedi,09:00,09:50,WAGRAM REFORMER STUDIO,REFORMER PILATES,Heloïse GUIBERTEAU,11,9,True,2026-09-06 19:52
2026-09-05,Samedi,10:00,10:50,BATIGNOLLES REFORMER STUDIO,REFORMER PILATES,Natasha LODHI - Intense / Advanced,12,11,True,2026-09-06 19:52
2026-09-05,Samedi,10:00,10:50,BOSQUET REFORMER STUDIO,REFORMER PILATES,Mathilde FLAMENT,11,11,True,2026-09-06 19:52
2026-09-05,Samedi,10:00,10:50,BOULOGNE REFORMER STUDIO,REFORMER PILATES,Bonita @bonitawellness_,12,11,True,2026-09-06 19:52
2026-09-05,Samedi,10:00,10:50,INVALIDES REFORMER STUDIO,REFORMER PILATES,Camille AUZANNEAU,10,8,True,2026-09-06 19:52
2026-09-05,Samedi,10:00,10:50,MADELEINE REFORMER STUDIO,REFORMER PILATES,Léane AMRAM,12,3,True,2026-09-06 19:52
2026-09-05,Samedi,10:00,10:50,MARAIS REFORMER STUDIO,REFORMER PILATES,Nick ELISHA Intense / Advanced,10,7,True,2026-09-06 19:52
2026-09-05,Samedi,10:00,10:50,MAUBEUGE REFORMER STUDIO,REFORMER PILATES,Zoé  @getstronglikezoe Intense / Advanced ,11,11,True,2026-09-06 19:52
2026-09-05,Samedi,10:00,10:50,MIROMESNIL REFORMER STUDIO,REFORMER PILATES,Inass @pilatesbyinass,11,0,True,2026-09-06 19:52
2026-09-05,Samedi,10:00,11:00,MOZART GYM STUDIO - MAT,THE NEW ME,Constance DE SCHOMPRE,22,21,True,2026-09-06 19:52
2026-09-05,Samedi,10:00,11:00,NEUILLY GYM STUDIO - MAT,BODY SCULPT,Lea GUIGNEMENT,15,7,True,2026-09-06 19:52
2026-09-05,Samedi,10:00,10:50,NEUILLY NEWFORMER - INTENSE PILATES,NEWFORMER - INTENSE PILATES,Jacky TEWES ,9,9,True,2026-09-06 19:52
2026-09-05,Samedi,10:00,10:50,PASSY NEWFORMER - INTENSE PILATES,NEWFORMER - INTENSE PILATES,Nicolas DUCHESNE,9,9,True,2026-09-06 19:52
2026-09-05,Samedi,10:00,10:50,SAINT MANDÉ REFORMER STUDIO,REFORMER PILATES,Wendy GUILHEM,12,9,True,2026-09-06 19:52
2026-09-05,Samedi,10:00,10:50,SENTIER REFORMER STUDIO,REFORMER PILATES,Godefroy HISANY,14,0,True,2026-09-06 19:52
2026-09-05,Samedi,10:00,10:50,SURESNES REFORMER STUDIO,REFORMER PILATES,Cecilia PINTO,10,4,False,2026-09-03 03:43
2026-09-05,Samedi,10:00,10:50,VAUGIRARD RÉFORMER STUDIO,REFORMER PILATES,Naser SAENDI @coachfitnas,11,6,True,2026-09-06 19:52
2026-09-05,Samedi,10:00,10:50,VAVIN REFORMER STUDIO,REFORMER PILATES,Svetlana ZAREBA,12,12,True,2026-09-06 19:52
2026-09-05,Samedi,10:00,10:50,WAGRAM REFORMER STUDIO,REFORMER PILATES,Heloïse GUIBERTEAU,11,8,True,2026-09-06 19:52
2026-09-05,Samedi,11:00,11:50,BATIGNOLLES REFORMER STUDIO,REFORMER PILATES,Natasha LODHI - Intense / Advanced,12,12,True,2026-09-06 19:52
2026-09-05,Samedi,11:00,11:50,BOSQUET REFORMER STUDIO,REFORMER PILATES,Mathilde FLAMENT,11,11,True,2026-09-06 19:52
2026-09-05,Samedi,11:00,11:50,BOULOGNE REFORMER STUDIO,REFORMER PILATES,Bonita @bonitawellness_,12,12,True,2026-09-06 19:52
2026-09-05,Samedi,11:00,11:50,INVALIDES REFORMER STUDIO,REFORMER PILATES,Camille AUZANNEAU,10,4,True,2026-09-06 19:52
2026-09-05,Samedi,11:00,11:50,MADELEINE REFORMER STUDIO,REFORMER PILATES,Léane AMRAM,12,8,True,2026-09-06 19:52
2026-09-05,Samedi,11:00,11:50,MARAIS REFORMER STUDIO,REFORMER PILATES,Nick ELISHA Intense / Advanced,10,6,True,2026-09-06 19:52
2026-09-05,Samedi,11:00,11:50,MAUBEUGE REFORMER STUDIO,REFORMER PILATES,Zoé  @getstronglikezoe Intense / Advanced ,11,10,True,2026-09-06 19:52
2026-09-05,Samedi,11:00,11:50,MIROMESNIL REFORMER STUDIO,REFORMER PILATES,Inass @pilatesbyinass,11,11,True,2026-09-06 19:52
2026-09-05,Samedi,11:00,12:00,MOZART GYM STUDIO - MAT,KALON BARRE,KALON BARRE @kalon.movement,17,17,True,2026-09-06 19:52
2026-09-05,Samedi,11:00,12:00,NEUILLY GYM STUDIO - MAT,BARRE WORKOUT,Lea GUIGNEMENT,12,11,True,2026-09-06 19:52
2026-09-05,Samedi,11:00,11:50,NEUILLY NEWFORMER - INTENSE PILATES,NEWFORMER - INTENSE PILATES,Jacky TEWES ,9,7,True,2026-09-06 19:52
2026-09-05,Samedi,11:00,11:50,PASSY NEWFORMER - INTENSE PILATES,NEWFORMER - INTENSE PILATES,Nicolas DUCHESNE,9,9,True,2026-09-06 19:52
2026-09-05,Samedi,11:00,11:50,SAINT MANDÉ REFORMER STUDIO,REFORMER PILATES,Wendy GUILHEM,12,12,True,2026-09-06 19:52
2026-09-05,Samedi,11:00,11:50,SENTIER REFORMER STUDIO,REFORMER PILATES,Godefroy HISANY,14,10,True,2026-09-06 19:52
2026-09-05,Samedi,11:00,11:50,SURESNES REFORMER STUDIO,REFORMER PILATES,Cecilia PINTO,10,0,True,2026-09-06 19:52
2026-09-05,Samedi,11:00,11:50,VAUGIRARD RÉFORMER STUDIO,REFORMER PILATES,Naser SAENDI @coachfitnas,11,11,True,2026-09-06 19:52
2026-09-05,Samedi,11:00,11:50,VAVIN REFORMER STUDIO,REFORMER PILATES,Svetlana ZAREBA,12,12,True,2026-09-06 19:52
2026-09-05,Samedi,11:00,11:50,WAGRAM REFORMER STUDIO,REFORMER PILATES,Heloïse GUIBERTEAU,11,10,True,2026-09-06 19:52
2026-09-05,Samedi,12:00,12:50,BATIGNOLLES REFORMER STUDIO,REFORMER PILATES,Natasha LODHI - Intense / Advanced,12,12,True,2026-09-06 19:52
2026-09-05,Samedi,12:00,12:50,BOSQUET REFORMER STUDIO,REFORMER PILATES,Mathilde FLAMENT,11,11,True,2026-09-06 19:52
2026-09-05,Samedi,12:00,12:50,BOULOGNE REFORMER STUDIO,REFORMER PILATES,Bonita @bonitawellness_,12,12,True,2026-09-06 19:52
2026-09-05,Samedi,12:00,12:50,MADELEINE REFORMER STUDIO,REFORMER PILATES,Léane AMRAM,12,5,True,2026-09-06 19:52
2026-09-05,Samedi,12:00,12:50,MARAIS REFORMER STUDIO,REFORMER PILATES,Nick ELISHA Intense / Advanced,10,7,True,2026-09-06 19:52
2026-09-05,Samedi,12:00,12:50,MAUBEUGE REFORMER STUDIO,REFORMER PILATES,Zoé  @getstronglikezoe Intense / Advanced ,11,11,True,2026-09-06 19:52
2026-09-05,Samedi,12:00,12:50,MIROMESNIL REFORMER STUDIO,REFORMER PILATES,Inass @pilatesbyinass,11,3,True,2026-09-06 19:52
2026-09-05,Samedi,12:00,13:00,MOZART GYM STUDIO - MAT,YOGA VINYASA,Stéphanie CUNICO,16,12,True,2026-09-06 19:52
2026-09-05,Samedi,12:00,12:50,NEUILLY GYM STUDIO - MAT,DYNAMIC PILATES,Lea GUIGNEMENT,12,7,True,2026-09-06 19:52
2026-09-05,Samedi,12:00,12:50,NEUILLY NEWFORMER - INTENSE PILATES,NEWFORMER - INTENSE PILATES,Jacky TEWES ,9,4,True,2026-09-06 19:52
2026-09-05,Samedi,12:00,12:50,PASSY NEWFORMER - INTENSE PILATES,NEWFORMER - INTENSE PILATES,Capucine GADRET,9,9,True,2026-09-06 19:52
2026-09-05,Samedi,12:00,12:50,SAINT MANDÉ REFORMER STUDIO,REFORMER PILATES,Wendy GUILHEM,12,0,True,2026-09-06 19:52
2026-09-05,Samedi,12:00,12:50,SENTIER REFORMER STUDIO,REFORMER PILATES,Godefroy HISANY,14,4,True,2026-09-06 19:52
2026-09-05,Samedi,12:00,12:50,SURESNES REFORMER STUDIO,REFORMER PILATES,Cecilia PINTO,10,0,True,2026-09-06 19:52
2026-09-05,Samedi,12:00,12:50,VAUGIRARD RÉFORMER STUDIO,REFORMER PILATES,Naser SAENDI @coachfitnas,11,11,True,2026-09-06 19:52
2026-09-05,Samedi,12:00,12:50,VAVIN REFORMER STUDIO,REFORMER PILATES,Svetlana ZAREBA,12,11,True,2026-09-06 19:52
2026-09-05,Samedi,12:00,12:50,WAGRAM REFORMER STUDIO,REFORMER PILATES,Tioka TOKEDIRA,11,11,True,2026-09-06 19:52
2026-09-05,Samedi,13:00,13:50,MARAIS REFORMER STUDIO,REFORMER PILATES,Nick ELISHA Intense / Advanced,10,5,True,2026-09-06 19:52
2026-09-05,Samedi,13:00,13:50,MAUBEUGE REFORMER STUDIO,REFORMER PILATES,Zoé  @getstronglikezoe Intense / Advanced ,11,9,True,2026-09-06 19:52
2026-09-05,Samedi,13:00,13:50,MIROMESNIL REFORMER STUDIO,REFORMER PILATES,Inass @pilatesbyinass,11,4,True,2026-09-06 19:52
2026-09-05,Samedi,13:00,13:50,NEUILLY NEWFORMER - INTENSE PILATES,NEWFORMER - INTENSE PILATES,Jacky TEWES ,9,0,True,2026-09-06 19:52
2026-09-05,Samedi,13:00,13:50,PASSY NEWFORMER - INTENSE PILATES,NEWFORMER - INTENSE PILATES,Capucine GADRET,9,8,True,2026-09-06 19:52
2026-09-05,Samedi,13:00,13:50,SAINT MANDÉ REFORMER STUDIO,REFORMER PILATES,Wendy GUILHEM,12,0,True,2026-09-06 19:52
2026-09-05,Samedi,13:00,13:50,VAUGIRARD RÉFORMER STUDIO,REFORMER PILATES,Naser SAENDI @coachfitnas,11,8,True,2026-09-06 19:52
2026-09-05,Samedi,13:00,13:50,VAVIN REFORMER STUDIO,REFORMER PILATES,Svetlana ZAREBA,12,10,True,2026-09-06 19:52
2026-09-05,Samedi,13:00,13:50,WAGRAM REFORMER STUDIO,REFORMER PILATES,Tioka TOKEDIRA,11,3,True,2026-09-06 19:52
2026-09-05,Samedi,16:00,16:50,BATIGNOLLES REFORMER STUDIO,REFORMER PILATES,Naser SAENDI @coachfitnas,12,12,True,2026-09-06 19:52
2026-09-05,Samedi,16:00,16:50,BOSQUET REFORMER STUDIO,REFORMER PILATES,Tioka TOKEDIRA,11,7,True,2026-09-06 19:52
2026-09-05,Samedi,16:00,16:50,BOULOGNE REFORMER STUDIO,REFORMER PILATES,Shana  MAMOU,12,6,True,2026-09-06 19:52
2026-09-05,Samedi,16:00,16:50,MARAIS REFORMER STUDIO,REFORMER PILATES,Jean-Noël JUILLARD,10,5,True,2026-09-06 19:52
2026-09-05,Samedi,16:00,16:50,NEUILLY NEWFORMER - INTENSE PILATES,NEWFORMER - INTENSE PILATES,Jacky TEWES ,9,0,False,2026-09-03 03:43
2026-09-05,Samedi,16:00,16:50,SAINT MANDÉ REFORMER STUDIO,REFORMER PILATES,Wendy GUILHEM,12,0,False,2026-09-04 03:36
2026-09-05,Samedi,16:00,16:50,VAUGIRARD RÉFORMER STUDIO,REFORMER PILATES,Léane AMRAM,11,6,True,2026-09-06 19:52
2026-09-05,Samedi,16:00,16:50,VAVIN REFORMER STUDIO,REFORMER PILATES,Jeremy KRYSTKOWIAK,12,8,True,2026-09-06 19:52
2026-09-05,Samedi,16:00,16:50,WAGRAM REFORMER STUDIO,REFORMER PILATES,Inass @pilatesbyinass,11,0,True,2026-09-06 19:52
2026-09-05,Samedi,17:00,17:50,BATIGNOLLES REFORMER STUDIO,REFORMER PILATES,Naser SAENDI @coachfitnas,12,4,True,2026-09-06 19:52
2026-09-05,Samedi,17:00,17:50,BOSQUET REFORMER STUDIO,REFORMER PILATES,Tioka TOKEDIRA,11,3,True,2026-09-06 19:52
2026-09-05,Samedi,17:00,17:50,BOULOGNE REFORMER STUDIO,REFORMER PILATES,Shana  MAMOU,12,7,True,2026-09-06 19:52
2026-09-05,Samedi,17:00,17:50,MARAIS REFORMER STUDIO,REFORMER PILATES,Jean-Noël JUILLARD,10,5,True,2026-09-06 19:52
2026-09-05,Samedi,17:00,17:50,MOZART GYM STUDIO - MAT,Cuisses Abdos Fessiers - CAF,Marie-Claire AZAR @mc.ismyname Intense / Advanced,16,3,True,2026-09-06 19:52
2026-09-05,Samedi,17:00,17:50,NEUILLY NEWFORMER - INTENSE PILATES,NEWFORMER - INTENSE PILATES,Jacky TEWES ,9,2,False,2026-09-03 03:43
2026-09-05,Samedi,17:00,17:50,PASSY NEWFORMER - INTENSE PILATES,NEWFORMER - INTENSE PILATES,Kasia @k_shia,9,0,True,2026-09-06 19:52
2026-09-05,Samedi,17:00,17:50,SAINT MANDÉ REFORMER STUDIO,REFORMER PILATES,Wendy GUILHEM,12,0,False,2026-09-04 03:36
2026-09-05,Samedi,17:00,17:50,SURESNES REFORMER STUDIO,REFORMER PILATES,Eileen MURRAY - English class ,10,9,True,2026-09-06 19:52
2026-09-05,Samedi,17:00,17:50,VAUGIRARD RÉFORMER STUDIO,REFORMER PILATES,Léane AMRAM,11,5,True,2026-09-06 19:52
2026-09-05,Samedi,17:00,17:50,VAVIN REFORMER STUDIO,REFORMER PILATES,Jeremy KRYSTKOWIAK,12,6,True,2026-09-06 19:52
2026-09-05,Samedi,17:00,17:50,WAGRAM REFORMER STUDIO,REFORMER PILATES,Inass @pilatesbyinass,11,5,True,2026-09-06 19:52
2026-09-05,Samedi,18:00,18:50,BATIGNOLLES REFORMER STUDIO,REFORMER PILATES,Naser SAENDI @coachfitnas,12,7,True,2026-09-06 19:52
2026-09-05,Samedi,18:00,18:50,BOSQUET REFORMER STUDIO,REFORMER PILATES,Tioka TOKEDIRA,11,8,True,2026-09-06 19:52
2026-09-05,Samedi,18:00,18:50,BOULOGNE REFORMER STUDIO,REFORMER PILATES,Shana  MAMOU,12,0,True,2026-09-06 19:52
2026-09-05,Samedi,18:00,18:50,MARAIS REFORMER STUDIO,REFORMER PILATES,Jean-Noël JUILLARD,10,0,False,2026-09-05 03:38
2026-09-05,Samedi,18:00,18:50,MOZART GYM STUDIO - MAT,BODY SCULPT,Marie-Claire AZAR @mc.ismyname Intense / Advanced,16,4,True,2026-09-06 19:52
2026-09-05,Samedi,18:00,18:50,NEUILLY NEWFORMER - INTENSE PILATES,NEWFORMER - INTENSE PILATES,Jacky TEWES ,9,1,False,2026-09-03 03:43
2026-09-05,Samedi,18:00,18:50,PASSY NEWFORMER - INTENSE PILATES,NEWFORMER - INTENSE PILATES,Kasia @k_shia,9,0,True,2026-09-06 19:52
2026-09-05,Samedi,18:00,18:50,SAINT MANDÉ REFORMER STUDIO,REFORMER PILATES,Wendy GUILHEM,12,2,False,2026-09-04 03:36
2026-09-05,Samedi,18:00,18:50,SURESNES REFORMER STUDIO,REFORMER PILATES,Eileen MURRAY - English class ,10,9,True,2026-09-06 19:52
2026-09-05,Samedi,18:00,18:50,VAUGIRARD RÉFORMER STUDIO,REFORMER PILATES,Léane AMRAM,11,8,True,2026-09-06 19:52
2026-09-05,Samedi,18:00,18:50,VAVIN REFORMER STUDIO,REFORMER PILATES,Jeremy KRYSTKOWIAK,12,6,True,2026-09-06 19:52
2026-09-05,Samedi,18:00,18:50,WAGRAM REFORMER STUDIO,REFORMER PILATES,Inass @pilatesbyinass,11,0,True,2026-09-06 19:52
2026-09-05,Samedi,19:00,19:50,BATIGNOLLES REFORMER STUDIO,REFORMER PILATES,Naser SAENDI @coachfitnas,12,5,True,2026-09-06 19:52
2026-09-05,Samedi,19:00,19:50,MARAIS REFORMER STUDIO,REFORMER PILATES,Jean-Noël JUILLARD,10,0,False,2026-09-05 03:38
2026-09-05,Samedi,19:00,19:50,PASSY NEWFORMER - INTENSE PILATES,NEWFORMER - INTENSE PILATES,Kasia @k_shia,9,0,True,2026-09-06 19:52
2026-09-06,Dimanche,09:00,09:50,BOSQUET REFORMER STUDIO,REFORMER PILATES,Sandra ANTUNES,11,11,True,2026-09-06 19:52
2026-09-06,Dimanche,09:00,09:50,BOULOGNE REFORMER STUDIO,REFORMER PILATES,Justine  LE CORRE,12,1,False,2026-09-04 03:36
2026-09-06,Dimanche,09:00,09:50,MAUBEUGE REFORMER STUDIO,REFORMER PILATES,Polly PRIANIKOVA,11,6,True,2026-09-06 19:52
2026-09-06,Dimanche,09:00,09:50,PASSY NEWFORMER - INTENSE PILATES,NEWFORMER - INTENSE PILATES,Bonita @bonitawellness_,9,9,True,2026-09-06 19:52
2026-09-06,Dimanche,09:00,09:50,SURESNES REFORMER STUDIO,REFORMER PILATES,Dorina YICHU ,10,3,True,2026-09-06 19:52
2026-09-06,Dimanche,09:00,09:50,VAVIN REFORMER STUDIO,REFORMER PILATES,Jacky TEWES ,12,9,True,2026-09-06 19:52
2026-09-06,Dimanche,10:00,10:50,BATIGNOLLES REFORMER STUDIO,REFORMER PILATES,Inass @pilatesbyinass,12,12,True,2026-09-06 19:52
2026-09-06,Dimanche,10:00,10:50,BOSQUET REFORMER STUDIO,REFORMER PILATES,Sandra ANTUNES,11,11,True,2026-09-06 19:52
2026-09-06,Dimanche,10:00,10:50,BOULOGNE REFORMER STUDIO,REFORMER PILATES,Justine  LE CORRE,12,0,True,2026-09-06 19:52
2026-09-06,Dimanche,10:00,10:50,INVALIDES REFORMER STUDIO,REFORMER PILATES,Geraldine SELIGMANN,10,6,True,2026-09-06 19:52
2026-09-06,Dimanche,10:00,10:50,MADELEINE REFORMER STUDIO,REFORMER PILATES,Shana  MAMOU,12,3,True,2026-09-06 19:52
2026-09-06,Dimanche,10:00,10:50,MARAIS REFORMER STUDIO,REFORMER PILATES,Sofia TRUKHACHEVA,10,7,True,2026-09-06 19:52
2026-09-06,Dimanche,10:00,10:50,MAUBEUGE REFORMER STUDIO,REFORMER PILATES,Polly PRIANIKOVA,11,11,True,2026-09-06 19:52
2026-09-06,Dimanche,10:00,10:50,MIROMESNIL REFORMER STUDIO,REFORMER PILATES,Natasha LODHI - Intense / Advanced,11,10,True,2026-09-06 19:52
2026-09-06,Dimanche,10:00,11:00,MOZART GYM STUDIO - MAT,YOGA VINYASA,Stéphanie CUNICO,16,12,True,2026-09-06 19:52
2026-09-06,Dimanche,10:00,10:55,NEUILLY GYM STUDIO - MAT,Cuisses Abdos Fessiers - CAF,Nathanaël HOURI,12,2,True,2026-09-06 19:52
2026-09-06,Dimanche,10:00,10:50,NEUILLY NEWFORMER - INTENSE PILATES,NEWFORMER - INTENSE PILATES,Sarah CLEJAN,9,9,True,2026-09-06 19:52
2026-09-06,Dimanche,10:00,10:50,PASSY NEWFORMER - INTENSE PILATES,NEWFORMER - INTENSE PILATES,Bonita @bonitawellness_,9,9,True,2026-09-06 19:52
2026-09-06,Dimanche,10:00,10:50,SAINT MANDÉ REFORMER STUDIO,REFORMER PILATES,Iris BALAZS,12,9,True,2026-09-06 19:52
2026-09-06,Dimanche,10:00,10:50,SENTIER REFORMER STUDIO,REFORMER PILATES,Sonia @sonia_raconte Intermédiaire/Avancé ,14,5,True,2026-09-06 19:52
2026-09-06,Dimanche,10:00,10:50,SURESNES REFORMER STUDIO,REFORMER PILATES,Dorina YICHU ,10,7,True,2026-09-06 19:52
2026-09-06,Dimanche,10:00,10:50,VAUGIRARD RÉFORMER STUDIO,REFORMER PILATES,Polina BODEEVA,11,11,True,2026-09-06 19:52
2026-09-06,Dimanche,10:00,10:50,VAVIN REFORMER STUDIO,REFORMER PILATES,Jacky TEWES ,12,12,True,2026-09-06 19:52
2026-09-06,Dimanche,10:00,10:50,WAGRAM REFORMER STUDIO,REFORMER PILATES,Nick ELISHA Intense / Advanced,11,0,True,2026-09-06 19:52
2026-09-06,Dimanche,11:00,11:50,BATIGNOLLES REFORMER STUDIO,REFORMER PILATES,Inass @pilatesbyinass,12,12,True,2026-09-06 19:52
2026-09-06,Dimanche,11:00,11:50,BOSQUET REFORMER STUDIO,REFORMER PILATES,Sandra ANTUNES,11,0,True,2026-09-06 19:52
2026-09-06,Dimanche,11:00,11:50,BOULOGNE REFORMER STUDIO,REFORMER PILATES,Justine  LE CORRE,12,0,True,2026-09-06 19:52
2026-09-06,Dimanche,11:00,11:50,INVALIDES REFORMER STUDIO,REFORMER PILATES,Geraldine SELIGMANN,10,10,True,2026-09-06 19:52
2026-09-06,Dimanche,11:00,11:50,MADELEINE REFORMER STUDIO,REFORMER PILATES,Shana  MAMOU,12,7,True,2026-09-06 19:52
2026-09-06,Dimanche,11:00,11:50,MARAIS REFORMER STUDIO,REFORMER PILATES,Sofia TRUKHACHEVA,10,9,True,2026-09-06 19:52
2026-09-06,Dimanche,11:00,11:50,MAUBEUGE REFORMER STUDIO,REFORMER PILATES,Polly PRIANIKOVA,11,10,True,2026-09-06 19:52
2026-09-06,Dimanche,11:00,11:50,MIROMESNIL REFORMER STUDIO,REFORMER PILATES,Natasha LODHI - Intense / Advanced,11,11,True,2026-09-06 19:52
2026-09-06,Dimanche,11:00,12:00,MOZART GYM STUDIO - MAT,BARRE WORKOUT,Sirine Benmeddah,17,15,True,2026-09-06 19:52
2026-09-06,Dimanche,11:00,11:55,NEUILLY GYM STUDIO - MAT,BODY SCULPT,Nathanaël HOURI,12,7,True,2026-09-06 19:52
2026-09-06,Dimanche,11:00,11:50,NEUILLY NEWFORMER - INTENSE PILATES,NEWFORMER - INTENSE PILATES,Sarah CLEJAN,9,8,True,2026-09-06 19:52
2026-09-06,Dimanche,11:00,11:50,PASSY NEWFORMER - INTENSE PILATES,NEWFORMER - INTENSE PILATES,Bonita @bonitawellness_,9,9,True,2026-09-06 19:52
2026-09-06,Dimanche,11:00,11:50,SAINT MANDÉ REFORMER STUDIO,REFORMER PILATES,Iris BALAZS,12,12,True,2026-09-06 19:52
2026-09-06,Dimanche,11:00,11:50,SENTIER REFORMER STUDIO,REFORMER PILATES,Sonia @sonia_raconte Intermédiaire/Avancé ,14,10,True,2026-09-06 19:52
2026-09-06,Dimanche,11:00,11:50,VAUGIRARD RÉFORMER STUDIO,REFORMER PILATES,Polina BODEEVA,11,9,True,2026-09-06 19:52
2026-09-06,Dimanche,11:00,11:50,VAVIN REFORMER STUDIO,REFORMER PILATES,Jacky TEWES ,12,12,True,2026-09-06 19:52
2026-09-06,Dimanche,11:00,11:50,WAGRAM REFORMER STUDIO,REFORMER PILATES,Nick ELISHA Intense / Advanced,11,0,True,2026-09-06 19:52
2026-09-06,Dimanche,12:00,12:50,BATIGNOLLES REFORMER STUDIO,REFORMER PILATES,Inass @pilatesbyinass,12,12,True,2026-09-06 19:52
2026-09-06,Dimanche,12:00,12:50,BOSQUET REFORMER STUDIO,REFORMER PILATES,Sandra ANTUNES,11,0,True,2026-09-06 19:52
2026-09-06,Dimanche,12:00,12:50,BOULOGNE REFORMER STUDIO,REFORMER PILATES,Justine  LE CORRE,12,0,True,2026-09-06 19:52
2026-09-06,Dimanche,12:00,12:50,INVALIDES REFORMER STUDIO,REFORMER PILATES,Geraldine SELIGMANN,10,0,True,2026-09-06 19:52
2026-09-06,Dimanche,12:00,12:50,MADELEINE REFORMER STUDIO,REFORMER PILATES,Shana  MAMOU,12,9,True,2026-09-06 19:52
2026-09-06,Dimanche,12:00,12:50,MARAIS REFORMER STUDIO,REFORMER PILATES,Sofia TRUKHACHEVA,10,6,True,2026-09-06 19:52
2026-09-06,Dimanche,12:00,12:50,MAUBEUGE REFORMER STUDIO,REFORMER PILATES,Polly PRIANIKOVA,11,9,True,2026-09-06 19:52
2026-09-06,Dimanche,12:00,12:50,MIROMESNIL REFORMER STUDIO,REFORMER PILATES,Natasha LODHI - Intense / Advanced,11,5,True,2026-09-06 19:52
2026-09-06,Dimanche,12:00,13:00,MOZART GYM STUDIO - MAT,BARRE WORKOUT,Sirine Benmeddah,17,9,True,2026-09-06 19:52
2026-09-06,Dimanche,12:00,13:00,NEUILLY GYM STUDIO - MAT,Cuisses Abdos Fessiers - CAF,Mona COHEN,14,3,True,2026-09-06 19:52
2026-09-06,Dimanche,12:00,12:50,NEUILLY NEWFORMER - INTENSE PILATES,NEWFORMER - INTENSE PILATES,Sarah Bellagamba,9,2,True,2026-09-06 19:52
2026-09-06,Dimanche,12:00,12:50,PASSY NEWFORMER - INTENSE PILATES,NEWFORMER - INTENSE PILATES,Bonita @bonitawellness_,9,6,True,2026-09-06 19:52
2026-09-06,Dimanche,12:00,12:50,SAINT MANDÉ REFORMER STUDIO,REFORMER PILATES,Iris BALAZS,12,9,True,2026-09-06 19:52
2026-09-06,Dimanche,12:00,12:50,SENTIER REFORMER STUDIO,REFORMER PILATES,Sonia @sonia_raconte Intermédiaire/Avancé ,14,2,True,2026-09-06 19:52
2026-09-06,Dimanche,12:00,12:50,VAUGIRARD RÉFORMER STUDIO,REFORMER PILATES,Polina BODEEVA,11,11,True,2026-09-06 19:52
2026-09-06,Dimanche,12:00,12:50,VAVIN REFORMER STUDIO,REFORMER PILATES,Jacky TEWES ,12,12,True,2026-09-06 19:52
2026-09-06,Dimanche,12:00,12:50,WAGRAM REFORMER STUDIO,REFORMER PILATES,Nick ELISHA Intense / Advanced,11,0,True,2026-09-06 19:52
2026-09-06,Dimanche,13:00,13:50,BATIGNOLLES REFORMER STUDIO,REFORMER PILATES,Inass @pilatesbyinass,12,4,True,2026-09-06 19:52
2026-09-06,Dimanche,13:00,13:50,MARAIS REFORMER STUDIO,REFORMER PILATES,Sofia TRUKHACHEVA,10,9,True,2026-09-06 19:52
2026-09-06,Dimanche,13:00,13:50,MAUBEUGE REFORMER STUDIO,REFORMER PILATES,Polly PRIANIKOVA,11,1,False,2026-09-04 03:36
2026-09-06,Dimanche,13:00,13:50,MIROMESNIL REFORMER STUDIO,REFORMER PILATES,Natasha LODHI - Intense / Advanced,11,4,True,2026-09-06 19:52
2026-09-06,Dimanche,13:00,14:00,MOZART GYM STUDIO - MAT,DYNAMIC PILATES,Sirine Benmeddah,20,19,True,2026-09-06 19:52
2026-09-06,Dimanche,13:00,14:00,NEUILLY GYM STUDIO - MAT,DYNAMIC PILATES,Mona COHEN,14,0,True,2026-09-06 19:52
2026-09-06,Dimanche,13:00,13:50,PASSY NEWFORMER - INTENSE PILATES,NEWFORMER - INTENSE PILATES,Bonita @bonitawellness_,9,0,True,2026-09-06 19:52
2026-09-06,Dimanche,13:00,13:50,VAUGIRARD RÉFORMER STUDIO,REFORMER PILATES,Polina BODEEVA,11,9,True,2026-09-06 19:52
2026-09-06,Dimanche,13:00,13:50,VAVIN REFORMER STUDIO,REFORMER PILATES,Jacky TEWES ,12,4,True,2026-09-06 19:52
2026-09-06,Dimanche,15:00,15:50,MARAIS REFORMER STUDIO,REFORMER PILATES,Polly PRIANIKOVA,10,10,True,2026-09-06 19:52
2026-09-06,Dimanche,16:00,16:50,BATIGNOLLES REFORMER STUDIO,REFORMER PILATES,Florence COLLIN BECUWE Advanced/Intense ,12,12,True,2026-09-06 19:52
2026-09-06,Dimanche,16:00,16:50,BOULOGNE REFORMER STUDIO,REFORMER PILATES,Shana  MAMOU,12,10,True,2026-09-06 19:52
2026-09-06,Dimanche,16:00,16:50,MARAIS REFORMER STUDIO,REFORMER PILATES,Polly PRIANIKOVA,10,10,True,2026-09-06 19:52
2026-09-06,Dimanche,16:00,16:50,NEUILLY NEWFORMER - INTENSE PILATES,NEWFORMER - INTENSE PILATES,Sarah Bellagamba,9,3,True,2026-09-06 19:52
2026-09-06,Dimanche,16:00,16:50,PASSY NEWFORMER - INTENSE PILATES,NEWFORMER - INTENSE PILATES,Sandra ANTUNES,9,9,True,2026-09-06 19:52
2026-09-06,Dimanche,16:00,16:50,SAINT MANDÉ REFORMER STUDIO,REFORMER PILATES,Luana BRENON,12,0,True,2026-09-06 19:52
2026-09-06,Dimanche,16:00,16:50,SURESNES REFORMER STUDIO,REFORMER PILATES,Eileen MURRAY - English class ,10,6,True,2026-09-06 19:52
2026-09-06,Dimanche,16:00,16:50,VAUGIRARD RÉFORMER STUDIO,REFORMER PILATES,Naser SAENDI @coachfitnas,11,8,True,2026-09-06 19:52
2026-09-06,Dimanche,16:00,16:50,VAVIN REFORMER STUDIO,REFORMER PILATES,Jacky TEWES ,12,8,True,2026-09-06 19:52
2026-09-06,Dimanche,16:45,17:45,NEUILLY GYM STUDIO - MAT,BARRE WORKOUT,Valentine @balletdodu ,12,12,True,2026-09-06 19:52
2026-09-06,Dimanche,17:00,17:50,BATIGNOLLES REFORMER STUDIO,REFORMER PILATES,Florence COLLIN BECUWE Advanced/Intense ,12,12,True,2026-09-06 19:52
2026-09-06,Dimanche,17:00,17:50,BOSQUET REFORMER STUDIO,REFORMER PILATES,Valérie @valeriefitcoaching / Advanced,11,11,True,2026-09-06 19:52
2026-09-06,Dimanche,17:00,17:50,BOULOGNE REFORMER STUDIO,REFORMER PILATES,Shana  MAMOU,12,7,True,2026-09-06 19:52
2026-09-06,Dimanche,17:00,17:50,MARAIS REFORMER STUDIO,REFORMER PILATES,Polly PRIANIKOVA,10,10,True,2026-09-06 19:52
2026-09-06,Dimanche,17:00,17:50,MAUBEUGE REFORMER STUDIO,REFORMER PILATES,Léane AMRAM,11,10,True,2026-09-06 19:52
2026-09-06,Dimanche,17:00,18:00,MOZART GYM STUDIO - MAT,DYNAMIC PILATES,Franziska SCHERNER,16,9,True,2026-09-06 19:52
2026-09-06,Dimanche,17:00,17:50,NEUILLY NEWFORMER - INTENSE PILATES,NEWFORMER - INTENSE PILATES,Sarah Bellagamba,9,6,True,2026-09-06 19:52
2026-09-06,Dimanche,17:00,17:50,PASSY NEWFORMER - INTENSE PILATES,NEWFORMER - INTENSE PILATES,Sandra ANTUNES,9,8,True,2026-09-06 19:52
2026-09-06,Dimanche,17:00,17:50,SAINT MANDÉ REFORMER STUDIO,REFORMER PILATES,Luana BRENON,12,0,True,2026-09-06 19:52
2026-09-06,Dimanche,17:00,17:50,SURESNES REFORMER STUDIO,REFORMER PILATES,Eileen MURRAY - English class ,10,6,True,2026-09-06 19:52
2026-09-06,Dimanche,17:00,17:50,VAUGIRARD RÉFORMER STUDIO,REFORMER PILATES,Naser SAENDI @coachfitnas,11,6,True,2026-09-06 19:52
2026-09-06,Dimanche,17:00,17:50,VAVIN REFORMER STUDIO,REFORMER PILATES,Jacky TEWES ,12,6,True,2026-09-06 19:52
2026-09-06,Dimanche,17:00,17:50,WAGRAM REFORMER STUDIO,REFORMER PILATES,Nick ELISHA Intense / Advanced,11,10,True,2026-09-06 19:52
2026-09-06,Dimanche,17:45,18:30,NEUILLY GYM STUDIO - MAT,STRETCHING CLASS,Valentine @balletdodu ,12,6,True,2026-09-06 19:52
2026-09-06,Dimanche,18:00,18:50,BATIGNOLLES REFORMER STUDIO,REFORMER PILATES,Florence COLLIN BECUWE Advanced/Intense ,12,12,True,2026-09-06 19:52
2026-09-06,Dimanche,18:00,18:50,BOSQUET REFORMER STUDIO,REFORMER PILATES,Valérie @valeriefitcoaching / Advanced,11,5,True,2026-09-06 19:52
2026-09-06,Dimanche,18:00,18:50,BOULOGNE REFORMER STUDIO,REFORMER PILATES,Shana  MAMOU,12,9,True,2026-09-06 19:52
2026-09-06,Dimanche,18:00,18:50,MAUBEUGE REFORMER STUDIO,REFORMER PILATES,Léane AMRAM,11,5,True,2026-09-06 19:52
2026-09-06,Dimanche,18:00,19:00,MOZART GYM STUDIO - MAT,YOGA VINYASA,Franziska SCHERNER,16,10,True,2026-09-06 19:52
2026-09-06,Dimanche,18:00,18:50,NEUILLY NEWFORMER - INTENSE PILATES,NEWFORMER - INTENSE PILATES,Sarah Bellagamba,9,3,True,2026-09-06 19:52
2026-09-06,Dimanche,18:00,18:50,PASSY NEWFORMER - INTENSE PILATES,NEWFORMER - INTENSE PILATES,Sandra ANTUNES,9,8,True,2026-09-06 19:52
2026-09-06,Dimanche,18:00,18:50,SAINT MANDÉ REFORMER STUDIO,REFORMER PILATES,Marie AL @sweatinthecityy,12,0,True,2026-09-06 19:52
2026-09-06,Dimanche,18:00,18:50,SURESNES REFORMER STUDIO,REFORMER PILATES,Eileen MURRAY - English class ,10,10,True,2026-09-06 19:52
2026-09-06,Dimanche,18:00,18:50,VAUGIRARD RÉFORMER STUDIO,REFORMER PILATES,Naser SAENDI @coachfitnas,11,11,True,2026-09-06 19:52
2026-09-06,Dimanche,18:00,18:50,VAVIN REFORMER STUDIO,REFORMER PILATES,Jacky TEWES ,12,9,True,2026-09-06 19:52
2026-09-06,Dimanche,18:00,18:50,WAGRAM REFORMER STUDIO,REFORMER PILATES,Nick ELISHA Intense / Advanced,11,10,True,2026-09-06 19:52
2026-09-06,Dimanche,18:30,19:20,NEUILLY GYM STUDIO - MAT,Cuisses Abdos Fessiers - CAF,Margot BOUDER,12,12,True,2026-09-06 19:52
2026-09-06,Dimanche,19:00,19:50,BATIGNOLLES REFORMER STUDIO,REFORMER PILATES,Florence COLLIN BECUWE Advanced/Intense ,12,12,True,2026-09-06 19:52
2026-09-06,Dimanche,19:00,19:50,BOSQUET REFORMER STUDIO,REFORMER PILATES,Valérie @valeriefitcoaching / Advanced,11,10,True,2026-09-06 19:52
2026-09-06,Dimanche,19:00,19:50,MAUBEUGE REFORMER STUDIO,REFORMER PILATES,Léane AMRAM,11,9,True,2026-09-06 19:52
2026-09-06,Dimanche,19:00,19:50,NEUILLY NEWFORMER - INTENSE PILATES,NEWFORMER - INTENSE PILATES,Sarah Bellagamba,9,8,True,2026-09-06 19:52
2026-09-06,Dimanche,19:00,19:50,SAINT MANDÉ REFORMER STUDIO,REFORMER PILATES,Marie AL @sweatinthecityy,12,0,True,2026-09-06 19:52
2026-09-07,Lundi,08:00,08:50,BATIGNOLLES REFORMER STUDIO,REFORMER PILATES,Camille AUZANNEAU,12,4,False,2026-09-06 19:52
2026-09-07,Lundi,08:00,08:50,BOSQUET REFORMER STUDIO,REFORMER PILATES,Florence COLLIN BECUWE Advanced/Intense ,11,1,False,2026-09-06 19:52
2026-09-07,Lundi,08:00,08:50,MARAIS REFORMER STUDIO,REFORMER PILATES,Polly PRIANIKOVA,10,0,False,2026-09-06 19:52
2026-09-07,Lundi,08:00,08:50,MAUBEUGE REFORMER STUDIO,REFORMER PILATES,Julia TAPIRO,11,3,False,2026-09-06 19:52
2026-09-07,Lundi,08:00,08:50,MIROMESNIL REFORMER STUDIO,REFORMER PILATES,Sacha DOURIANT,11,4,False,2026-09-06 19:52
2026-09-07,Lundi,08:00,09:00,MOZART GYM STUDIO - MAT,DYNAMIC PILATES,Marie-Claire AZAR @mc.ismyname Intense / Advanced,16,3,False,2026-09-06 19:52
2026-09-07,Lundi,08:00,08:50,NEUILLY NEWFORMER - INTENSE PILATES,NEWFORMER - INTENSE PILATES,Shana  MAMOU,9,1,False,2026-09-06 19:52
2026-09-07,Lundi,08:00,08:50,PASSY NEWFORMER - INTENSE PILATES,NEWFORMER - INTENSE PILATES,Capucine GADRET,9,2,False,2026-09-06 19:52
2026-09-07,Lundi,08:00,08:50,SAINT MANDÉ REFORMER STUDIO,REFORMER PILATES,Golda BENCHETRIT,12,2,False,2026-09-06 19:52
2026-09-07,Lundi,08:00,08:50,VAUGIRARD RÉFORMER STUDIO,REFORMER PILATES,Sonia @sonia_raconte Intermédiaire/Avancé ,11,0,False,2026-09-06 19:52
2026-09-07,Lundi,08:00,08:50,VAVIN REFORMER STUDIO,REFORMER PILATES,Angelina TAVARES,12,1,False,2026-09-06 19:52
2026-09-07,Lundi,08:00,08:50,WAGRAM REFORMER STUDIO,REFORMER PILATES,Jacky TEWES ,11,3,False,2026-09-06 19:52
2026-09-07,Lundi,09:00,09:50,BATIGNOLLES REFORMER STUDIO,REFORMER PILATES,Camille AUZANNEAU,12,6,False,2026-09-06 19:52
2026-09-07,Lundi,09:00,09:50,BOSQUET REFORMER STUDIO,REFORMER PILATES,Florence COLLIN BECUWE Advanced/Intense ,11,1,False,2026-09-06 19:52
2026-09-07,Lundi,09:00,09:50,BOULOGNE REFORMER STUDIO,REFORMER PILATES,Shana  MAMOU,12,0,False,2026-09-06 19:52
2026-09-07,Lundi,09:00,09:50,INVALIDES REFORMER STUDIO,REFORMER PILATES,Soudi ZARGHAM,10,0,False,2026-09-06 19:52
2026-09-07,Lundi,09:00,09:50,MADELEINE REFORMER STUDIO,REFORMER PILATES,Audrey HUGON,12,1,False,2026-09-06 19:52
2026-09-07,Lundi,09:00,09:50,MARAIS REFORMER STUDIO,REFORMER PILATES,Polly PRIANIKOVA,10,5,False,2026-09-06 19:52
2026-09-07,Lundi,09:00,09:50,MAUBEUGE REFORMER STUDIO,REFORMER PILATES,Julia TAPIRO,11,1,False,2026-09-06 19:52
2026-09-07,Lundi,09:00,09:50,MIROMESNIL REFORMER STUDIO,REFORMER PILATES,Sacha DOURIANT,11,1,False,2026-09-06 19:52
2026-09-07,Lundi,09:00,10:00,NEUILLY GYM STUDIO - MAT,YOGA VINYASA,Léa SAADA @desayoga,12,4,False,2026-09-06 19:52
2026-09-07,Lundi,09:00,09:50,NEUILLY NEWFORMER - INTENSE PILATES,NEWFORMER - INTENSE PILATES,Shana  MAMOU,9,2,False,2026-09-06 19:52
2026-09-07,Lundi,09:00,09:50,PASSY NEWFORMER - INTENSE PILATES,NEWFORMER - INTENSE PILATES,Capucine GADRET,9,6,False,2026-09-06 19:52
2026-09-07,Lundi,09:00,09:50,SAINT MANDÉ REFORMER STUDIO,REFORMER PILATES,Golda BENCHETRIT,12,1,False,2026-09-06 19:52
2026-09-07,Lundi,09:00,09:50,SURESNES REFORMER STUDIO,REFORMER PILATES,Kim GAMPEL,10,2,False,2026-09-06 19:52
2026-09-07,Lundi,09:00,09:50,VAUGIRARD RÉFORMER STUDIO,REFORMER PILATES,Sonia @sonia_raconte Intermédiaire/Avancé ,11,2,False,2026-09-06 19:52
2026-09-07,Lundi,09:00,09:50,VAVIN REFORMER STUDIO,REFORMER PILATES,Angelina TAVARES,12,2,False,2026-09-06 19:52
2026-09-07,Lundi,09:00,09:50,WAGRAM REFORMER STUDIO,REFORMER PILATES,Jacky TEWES ,11,2,False,2026-09-06 19:52
2026-09-07,Lundi,09:30,10:30,MOZART GYM STUDIO - MAT,FULL BODY WORKOUT,William  GALIN,18,11,False,2026-09-06 19:52
2026-09-07,Lundi,10:00,10:50,BATIGNOLLES REFORMER STUDIO,REFORMER PILATES,Camille AUZANNEAU,12,3,False,2026-09-06 19:52
2026-09-07,Lundi,10:00,10:50,BOSQUET REFORMER STUDIO,REFORMER PILATES,Florence COLLIN BECUWE Advanced/Intense ,11,4,False,2026-09-06 19:52
2026-09-07,Lundi,10:00,10:50,BOULOGNE REFORMER STUDIO,REFORMER PILATES,Aude SCHLACTHER,12,5,False,2026-09-06 19:52
2026-09-07,Lundi,10:00,10:50,INVALIDES REFORMER STUDIO,REFORMER PILATES,Soudi ZARGHAM,10,0,False,2026-09-06 19:52
2026-09-07,Lundi,10:00,10:50,MADELEINE REFORMER STUDIO,REFORMER PILATES,Audrey HUGON,12,0,False,2026-09-06 19:52
2026-09-07,Lundi,10:00,10:50,MARAIS REFORMER STUDIO,REFORMER PILATES,Polly PRIANIKOVA,10,3,False,2026-09-06 19:52
2026-09-07,Lundi,10:00,10:50,MAUBEUGE REFORMER STUDIO,REFORMER PILATES,Julia TAPIRO,11,2,False,2026-09-06 19:52
2026-09-07,Lundi,10:00,10:50,MIROMESNIL REFORMER STUDIO,REFORMER PILATES,Sacha DOURIANT,11,4,False,2026-09-06 19:52
2026-09-07,Lundi,10:00,11:00,NEUILLY GYM STUDIO - MAT,BARRE PILATES,Maxime BROSSARD,12,2,False,2026-09-06 19:52
2026-09-07,Lundi,10:00,10:50,NEUILLY NEWFORMER - INTENSE PILATES,NEWFORMER - INTENSE PILATES,Shana  MAMOU,9,2,False,2026-09-06 19:52
2026-09-07,Lundi,10:00,10:50,PASSY NEWFORMER - INTENSE PILATES,NEWFORMER - INTENSE PILATES,Capucine GADRET,9,2,False,2026-09-06 19:52
2026-09-07,Lundi,10:00,10:50,SAINT MANDÉ REFORMER STUDIO,REFORMER PILATES,Golda BENCHETRIT,12,2,False,2026-09-06 19:52
2026-09-07,Lundi,10:00,10:50,SURESNES REFORMER STUDIO,REFORMER PILATES,Kim GAMPEL,10,3,False,2026-09-06 19:52
2026-09-07,Lundi,10:00,10:50,VAVIN REFORMER STUDIO,REFORMER PILATES,Angelina TAVARES,12,3,False,2026-09-06 19:52
2026-09-07,Lundi,10:00,10:50,WAGRAM REFORMER STUDIO,REFORMER PILATES,Jacky TEWES ,11,0,False,2026-09-06 19:52
2026-09-07,Lundi,10:30,11:30,MOZART GYM STUDIO - MAT,BARRE WORKOUT,Valérie @valeriefitcoaching / Advanced,16,1,False,2026-09-06 19:52
2026-09-07,Lundi,11:00,11:50,BATIGNOLLES REFORMER STUDIO,REFORMER PILATES,Camille AUZANNEAU,12,3,False,2026-09-06 19:52
2026-09-07,Lundi,11:00,11:50,BOULOGNE REFORMER STUDIO,REFORMER PILATES,Aude SCHLACTHER,12,6,False,2026-09-06 19:52
2026-09-07,Lundi,11:00,11:50,MIROMESNIL REFORMER STUDIO,REFORMER PILATES,Geraldine SELIGMANN,11,0,False,2026-09-06 19:52
2026-09-07,Lundi,11:00,11:50,NEUILLY NEWFORMER - INTENSE PILATES,NEWFORMER - INTENSE PILATES,Nicolas MARTINS Intense / Advanced,9,7,False,2026-09-06 19:52
2026-09-07,Lundi,11:00,11:50,PASSY NEWFORMER - INTENSE PILATES,NEWFORMER - INTENSE PILATES,Carla @training_by_carla,9,8,False,2026-09-06 19:52
2026-09-07,Lundi,11:00,11:50,SAINT MANDÉ REFORMER STUDIO,REFORMER PILATES,Nick ELISHA Intense / Advanced,12,2,False,2026-09-06 19:52
2026-09-07,Lundi,11:00,11:50,SURESNES REFORMER STUDIO,REFORMER PILATES,Kim GAMPEL,10,1,False,2026-09-06 19:52
2026-09-07,Lundi,11:00,11:50,VAUGIRARD RÉFORMER STUDIO,REFORMER PILATES,Naser SAENDI @coachfitnas,11,9,False,2026-09-06 19:52
2026-09-07,Lundi,11:00,11:50,WAGRAM REFORMER STUDIO,REFORMER PILATES,Jacky TEWES ,11,3,False,2026-09-06 19:52
2026-09-07,Lundi,11:30,12:20,MOZART GYM STUDIO - MAT,STEP & BARRE ®,Valérie @valeriefitcoaching / Advanced,15,0,False,2026-09-06 19:52
2026-09-07,Lundi,12:00,12:50,BATIGNOLLES REFORMER STUDIO,REFORMER PILATES,Camille AUZANNEAU,12,2,False,2026-09-06 19:52
2026-09-07,Lundi,12:00,12:50,BOSQUET REFORMER STUDIO,REFORMER PILATES,Soudi ZARGHAM,11,4,False,2026-09-06 19:52
2026-09-07,Lundi,12:00,12:50,BOULOGNE REFORMER STUDIO,REFORMER PILATES,Aude SCHLACTHER,12,3,False,2026-09-06 19:52
2026-09-07,Lundi,12:00,12:50,INVALIDES REFORMER STUDIO,REFORMER PILATES,Stephanie BROWN - English Class,10,0,False,2026-09-06 19:52
2026-09-07,Lundi,12:00,12:50,MADELEINE REFORMER STUDIO,REFORMER PILATES,Shana  MAMOU,12,4,False,2026-09-06 19:52
2026-09-07,Lundi,12:00,12:50,MARAIS REFORMER STUDIO,REFORMER PILATES,Cédric ARAMAN,10,1,False,2026-09-06 19:52
2026-09-07,Lundi,12:00,12:50,MAUBEUGE REFORMER STUDIO,REFORMER PILATES,Lisa KURZTAG - Intense/Advanced,11,6,False,2026-09-06 19:52
2026-09-07,Lundi,12:00,12:50,MIROMESNIL REFORMER STUDIO,REFORMER PILATES,Geraldine SELIGMANN,11,9,False,2026-09-06 19:52
2026-09-07,Lundi,12:00,12:50,NEUILLY NEWFORMER - INTENSE PILATES,NEWFORMER - INTENSE PILATES,Nicolas MARTINS Intense / Advanced,9,6,False,2026-09-06 19:52
2026-09-07,Lundi,12:00,12:50,PASSY NEWFORMER - INTENSE PILATES,NEWFORMER - INTENSE PILATES,Carla @training_by_carla,9,4,False,2026-09-06 19:52
2026-09-07,Lundi,12:00,12:50,SAINT MANDÉ REFORMER STUDIO,REFORMER PILATES,Nick ELISHA Intense / Advanced,12,1,False,2026-09-06 19:52
2026-09-07,Lundi,12:00,12:50,SENTIER REFORMER STUDIO,REFORMER PILATES,Sofia TRUKHACHEVA,14,5,False,2026-09-06 19:52
2026-09-07,Lundi,12:00,12:50,SURESNES REFORMER STUDIO,REFORMER PILATES,Justine  LE CORRE,10,4,False,2026-09-06 19:52
2026-09-07,Lundi,12:00,12:50,VAUGIRARD RÉFORMER STUDIO,REFORMER PILATES,Naser SAENDI @coachfitnas,11,4,False,2026-09-06 19:52
2026-09-07,Lundi,12:00,12:50,VAVIN REFORMER STUDIO,REFORMER PILATES,Sacha DOURIANT,12,5,False,2026-09-06 19:52
2026-09-07,Lundi,12:00,12:50,WAGRAM REFORMER STUDIO,REFORMER PILATES,Jacky TEWES ,11,0,False,2026-09-06 19:52
2026-09-07,Lundi,12:30,13:30,MOZART GYM STUDIO - MAT,BARRE WORKOUT,Valérie @valeriefitcoaching / Advanced,16,1,False,2026-09-06 19:52
2026-09-07,Lundi,12:45,13:30,NEUILLY GYM STUDIO - MAT,BODY SCULPT,Bibi 610,15,4,False,2026-09-06 19:52
2026-09-07,Lundi,13:00,13:50,BATIGNOLLES REFORMER STUDIO,REFORMER PILATES,Camille AUZANNEAU,12,2,False,2026-09-06 19:52
2026-09-07,Lundi,13:00,13:50,BOSQUET REFORMER STUDIO,REFORMER PILATES,Soudi ZARGHAM,11,4,False,2026-09-06 19:52
2026-09-07,Lundi,13:00,13:50,BOULOGNE REFORMER STUDIO,REFORMER PILATES,Aude SCHLACTHER,12,2,False,2026-09-06 19:52
2026-09-07,Lundi,13:00,13:50,INVALIDES REFORMER STUDIO,REFORMER PILATES,Stephanie BROWN - English Class,10,0,False,2026-09-06 19:52
2026-09-07,Lundi,13:00,13:50,MADELEINE REFORMER STUDIO,REFORMER PILATES,Shana  MAMOU,12,0,False,2026-09-06 19:52
2026-09-07,Lundi,13:00,13:50,MARAIS REFORMER STUDIO,REFORMER PILATES,Cédric ARAMAN,10,2,False,2026-09-06 19:52
2026-09-07,Lundi,13:00,13:50,MAUBEUGE REFORMER STUDIO,REFORMER PILATES,Lisa KURZTAG - Intense/Advanced,11,6,False,2026-09-06 19:52
2026-09-07,Lundi,13:00,13:50,MIROMESNIL REFORMER STUDIO,REFORMER PILATES,Geraldine SELIGMANN,11,11,False,2026-09-06 19:52
2026-09-07,Lundi,13:00,13:50,NEUILLY NEWFORMER - INTENSE PILATES,NEWFORMER - INTENSE PILATES,Nicolas MARTINS Intense / Advanced,9,9,False,2026-09-06 19:52
2026-09-07,Lundi,13:00,13:50,PASSY NEWFORMER - INTENSE PILATES,NEWFORMER - INTENSE PILATES,Carla @training_by_carla,9,2,False,2026-09-06 19:52
2026-09-07,Lundi,13:00,13:50,SENTIER REFORMER STUDIO,REFORMER PILATES,Sofia TRUKHACHEVA,14,0,False,2026-09-06 19:52
2026-09-07,Lundi,13:00,13:50,SURESNES REFORMER STUDIO,REFORMER PILATES,Justine  LE CORRE,10,3,False,2026-09-06 19:52
2026-09-07,Lundi,13:00,13:50,VAUGIRARD RÉFORMER STUDIO,REFORMER PILATES,Naser SAENDI @coachfitnas,11,2,False,2026-09-06 19:52
2026-09-07,Lundi,13:00,13:50,VAVIN REFORMER STUDIO,REFORMER PILATES,Sacha DOURIANT,12,3,False,2026-09-06 19:52
2026-09-07,Lundi,13:00,13:50,WAGRAM REFORMER STUDIO,REFORMER PILATES,Jacky TEWES ,11,3,False,2026-09-06 19:52
2026-09-07,Lundi,14:00,14:50,MADELEINE REFORMER STUDIO,REFORMER PILATES,Shana  MAMOU,12,1,False,2026-09-06 19:52
2026-09-07,Lundi,17:00,17:50,BATIGNOLLES REFORMER STUDIO,REFORMER PILATES,Shana  MAMOU,12,1,False,2026-09-06 19:52
2026-09-07,Lundi,17:00,17:50,BOSQUET REFORMER STUDIO,REFORMER PILATES,Bonita @bonitawellness_,11,2,False,2026-09-06 19:52
2026-09-07,Lundi,17:00,17:50,BOULOGNE REFORMER STUDIO,REFORMER PILATES,Justine  LE CORRE,12,1,False,2026-09-06 19:52
2026-09-07,Lundi,17:00,17:50,MADELEINE REFORMER STUDIO,REFORMER PILATES,Godefroy HISANY,12,2,False,2026-09-06 19:52
2026-09-07,Lundi,17:00,17:50,MARAIS REFORMER STUDIO,REFORMER PILATES,Aude SCHLACTHER,10,0,False,2026-09-06 19:52
2026-09-07,Lundi,17:00,17:50,MAUBEUGE REFORMER STUDIO,REFORMER PILATES,Pauline RAMON @movewithpops ,11,0,False,2026-09-06 19:52
2026-09-07,Lundi,17:00,17:50,NEUILLY NEWFORMER - INTENSE PILATES,NEWFORMER - INTENSE PILATES,Amelie MOVES @amelie.moves,9,0,False,2026-09-06 19:52
2026-09-07,Lundi,17:00,17:50,WAGRAM REFORMER STUDIO,REFORMER PILATES,Ava ACHOUCHE @ava_swa,11,5,False,2026-09-06 19:52
2026-09-07,Lundi,18:00,18:50,BATIGNOLLES REFORMER STUDIO,REFORMER PILATES,Shana  MAMOU,12,5,False,2026-09-06 19:52
2026-09-07,Lundi,18:00,18:50,BOSQUET REFORMER STUDIO,REFORMER PILATES,Bonita @bonitawellness_,11,3,False,2026-09-06 19:52
2026-09-07,Lundi,18:00,18:50,BOULOGNE REFORMER STUDIO,REFORMER PILATES,Justine  LE CORRE,12,0,False,2026-09-06 19:52
2026-09-07,Lundi,18:00,18:50,INVALIDES REFORMER STUDIO,REFORMER PILATES,Julia TAPIRO,10,4,False,2026-09-06 19:52
2026-09-07,Lundi,18:00,18:50,MADELEINE REFORMER STUDIO,REFORMER PILATES,Godefroy HISANY,12,2,False,2026-09-06 19:52
2026-09-07,Lundi,18:00,18:50,MARAIS REFORMER STUDIO,REFORMER PILATES,Aude SCHLACTHER,10,5,False,2026-09-06 19:52
2026-09-07,Lundi,18:00,18:50,MAUBEUGE REFORMER STUDIO,REFORMER PILATES,Pauline RAMON @movewithpops ,11,2,False,2026-09-06 19:52
2026-09-07,Lundi,18:00,18:50,MIROMESNIL REFORMER STUDIO,REFORMER PILATES,Jacky TEWES ,11,5,False,2026-09-06 19:52
2026-09-07,Lundi,18:00,18:55,MOZART GYM STUDIO - MAT,MÉTHODE BOOTY & CORE,Elsa TRAINING ,17,12,False,2026-09-06 19:52
2026-09-07,Lundi,18:00,18:50,NEUILLY GYM STUDIO - MAT,BODY SCULPT,Marcus FITLIFE,12,5,False,2026-09-06 19:52
2026-09-07,Lundi,18:00,18:50,NEUILLY NEWFORMER - INTENSE PILATES,NEWFORMER - INTENSE PILATES,Amelie MOVES @amelie.moves,9,2,False,2026-09-06 19:52
2026-09-07,Lundi,18:00,18:50,PASSY NEWFORMER - INTENSE PILATES,NEWFORMER - INTENSE PILATES,Polina BODEEVA,9,2,False,2026-09-06 19:52
2026-09-07,Lundi,18:00,18:50,SAINT MANDÉ REFORMER STUDIO,REFORMER PILATES,Stephanie BROWN - English Class,12,0,False,2026-09-06 19:52
2026-09-07,Lundi,18:00,18:50,SENTIER REFORMER STUDIO,REFORMER PILATES,Camille AUZANNEAU,14,2,False,2026-09-06 19:52
2026-09-07,Lundi,18:00,18:50,SURESNES REFORMER STUDIO,REFORMER PILATES,Cynthia GALIN,10,5,False,2026-09-06 19:52
2026-09-07,Lundi,18:00,18:50,VAUGIRARD RÉFORMER STUDIO,REFORMER PILATES,Stephanie BROWN - English Class,11,6,False,2026-09-06 19:52
2026-09-07,Lundi,18:00,18:50,VAVIN REFORMER STUDIO,REFORMER PILATES,Sofia TRUKHACHEVA,12,8,False,2026-09-06 19:52
2026-09-07,Lundi,18:00,18:50,WAGRAM REFORMER STUDIO,REFORMER PILATES,Ava ACHOUCHE @ava_swa,11,3,False,2026-09-06 19:52
2026-09-07,Lundi,19:00,19:50,BATIGNOLLES REFORMER STUDIO,REFORMER PILATES,Shana  MAMOU,12,12,False,2026-09-06 19:52
2026-09-07,Lundi,19:00,19:50,BOSQUET REFORMER STUDIO,REFORMER PILATES,Bonita @bonitawellness_,11,8,False,2026-09-06 19:52
2026-09-07,Lundi,19:00,19:50,BOULOGNE REFORMER STUDIO,REFORMER PILATES,Justine  LE CORRE,12,6,False,2026-09-06 19:52
2026-09-07,Lundi,19:00,19:50,INVALIDES REFORMER STUDIO,REFORMER PILATES,Julia TAPIRO,10,2,False,2026-09-06 19:52
2026-09-07,Lundi,19:00,19:50,MADELEINE REFORMER STUDIO,REFORMER PILATES,Godefroy HISANY,12,6,False,2026-09-06 19:52
2026-09-07,Lundi,19:00,19:50,MARAIS REFORMER STUDIO,REFORMER PILATES,Aude SCHLACTHER,10,4,False,2026-09-06 19:52
2026-09-07,Lundi,19:00,19:50,MAUBEUGE REFORMER STUDIO,REFORMER PILATES,Pauline RAMON @movewithpops ,11,7,False,2026-09-06 19:52
2026-09-07,Lundi,19:00,19:50,MIROMESNIL REFORMER STUDIO,REFORMER PILATES,Jacky TEWES ,11,11,False,2026-09-06 19:52
2026-09-07,Lundi,19:00,20:00,MOZART GYM STUDIO - MAT,THE NEW ME,Constance DE SCHOMPRE,22,20,False,2026-09-06 19:52
2026-09-07,Lundi,19:00,20:00,NEUILLY GYM STUDIO - MAT,BARRE WORKOUT,Valentine @balletdodu ,12,12,False,2026-09-06 19:52
2026-09-07,Lundi,19:00,19:50,NEUILLY NEWFORMER - INTENSE PILATES,NEWFORMER - INTENSE PILATES,Amelie MOVES @amelie.moves,9,4,False,2026-09-06 19:52
2026-09-07,Lundi,19:00,19:50,PASSY NEWFORMER - INTENSE PILATES,NEWFORMER - INTENSE PILATES,Polina BODEEVA,9,7,False,2026-09-06 19:52
2026-09-07,Lundi,19:00,19:50,SAINT MANDÉ REFORMER STUDIO,REFORMER PILATES,Stephanie BROWN - English Class,12,7,False,2026-09-06 19:52
2026-09-07,Lundi,19:00,19:50,SENTIER REFORMER STUDIO,REFORMER PILATES,Camille AUZANNEAU,14,5,False,2026-09-06 19:52
2026-09-07,Lundi,19:00,19:50,SURESNES REFORMER STUDIO,REFORMER PILATES,Cynthia GALIN,10,6,False,2026-09-06 19:52
2026-09-07,Lundi,19:00,19:50,VAUGIRARD RÉFORMER STUDIO,REFORMER PILATES,Stephanie BROWN - English Class,11,6,False,2026-09-06 19:52
2026-09-07,Lundi,19:00,19:50,VAVIN REFORMER STUDIO,REFORMER PILATES,Sofia TRUKHACHEVA,12,9,False,2026-09-06 19:52
2026-09-07,Lundi,19:00,19:50,WAGRAM REFORMER STUDIO,REFORMER PILATES,Ava ACHOUCHE @ava_swa,11,11,False,2026-09-06 19:52
2026-09-07,Lundi,20:00,20:50,BATIGNOLLES REFORMER STUDIO,REFORMER PILATES,Shana  MAMOU,12,7,False,2026-09-06 19:52
2026-09-07,Lundi,20:00,20:50,BOSQUET REFORMER STUDIO,REFORMER PILATES,Bonita @bonitawellness_,11,5,False,2026-09-06 19:52
2026-09-07,Lundi,20:00,20:50,BOULOGNE REFORMER STUDIO,REFORMER PILATES,Justine  LE CORRE,12,4,False,2026-09-06 19:52
2026-09-07,Lundi,20:00,20:50,INVALIDES REFORMER STUDIO,REFORMER PILATES,Julia TAPIRO,10,2,False,2026-09-06 19:52
2026-09-07,Lundi,20:00,20:50,MADELEINE REFORMER STUDIO,REFORMER PILATES,Godefroy HISANY,12,0,False,2026-09-06 19:52
2026-09-07,Lundi,20:00,20:50,MARAIS REFORMER STUDIO,REFORMER PILATES,Aude SCHLACTHER,10,3,False,2026-09-06 19:52
2026-09-07,Lundi,20:00,20:50,MAUBEUGE REFORMER STUDIO,REFORMER PILATES,Pauline RAMON @movewithpops ,11,6,False,2026-09-06 19:52
2026-09-07,Lundi,20:00,20:50,MIROMESNIL REFORMER STUDIO,REFORMER PILATES,Jacky TEWES ,11,1,False,2026-09-06 19:52
2026-09-07,Lundi,20:00,21:00,MOZART GYM STUDIO - MAT,YOGA VINYASA,Stéphanie CUNICO,16,12,False,2026-09-06 19:52
2026-09-07,Lundi,20:00,20:50,NEUILLY GYM STUDIO - MAT,Cuisses Abdos Fessiers - CAF,Margot BOUDER,12,11,False,2026-09-06 19:52
2026-09-07,Lundi,20:00,20:50,NEUILLY NEWFORMER - INTENSE PILATES,NEWFORMER - INTENSE PILATES,Amelie MOVES @amelie.moves,9,3,False,2026-09-06 19:52
2026-09-07,Lundi,20:00,20:50,PASSY NEWFORMER - INTENSE PILATES,NEWFORMER - INTENSE PILATES,Polina BODEEVA,9,4,False,2026-09-06 19:52
2026-09-07,Lundi,20:00,20:50,SAINT MANDÉ REFORMER STUDIO,REFORMER PILATES,Stephanie BROWN - English Class,12,1,False,2026-09-06 19:52
2026-09-07,Lundi,20:00,20:50,SENTIER REFORMER STUDIO,REFORMER PILATES,Camille AUZANNEAU,14,1,False,2026-09-06 19:52
2026-09-07,Lundi,20:00,20:50,SURESNES REFORMER STUDIO,REFORMER PILATES,Cynthia GALIN,10,1,False,2026-09-06 19:52
2026-09-07,Lundi,20:00,20:50,VAUGIRARD RÉFORMER STUDIO,REFORMER PILATES,Stephanie BROWN - English Class,11,3,False,2026-09-06 19:52
2026-09-07,Lundi,20:00,20:50,VAVIN REFORMER STUDIO,REFORMER PILATES,Sofia TRUKHACHEVA,12,3,False,2026-09-06 19:52
2026-09-07,Lundi,20:00,20:50,WAGRAM REFORMER STUDIO,REFORMER PILATES,Ava ACHOUCHE @ava_swa,11,8,False,2026-09-06 19:52
2026-09-08,Mardi,08:00,08:50,BATIGNOLLES REFORMER STUDIO,REFORMER PILATES,Alexia VITALI,12,10,False,2026-09-06 19:52
2026-09-08,Mardi,08:00,08:50,BOSQUET REFORMER STUDIO,REFORMER PILATES,Jessika CRUZ,11,8,False,2026-09-06 19:52
2026-09-08,Mardi,08:00,08:50,MADELEINE REFORMER STUDIO,REFORMER PILATES,Shana  MAMOU,12,4,False,2026-09-06 19:52
2026-09-08,Mardi,08:00,08:50,MARAIS REFORMER STUDIO,REFORMER PILATES,Léane AMRAM,10,3,False,2026-09-06 19:52
2026-09-08,Mardi,08:00,08:50,MAUBEUGE REFORMER STUDIO,REFORMER PILATES,Cynthia GALIN,11,1,False,2026-09-06 19:52
2026-09-08,Mardi,08:00,08:50,MIROMESNIL REFORMER STUDIO,REFORMER PILATES,Soudi ZARGHAM,11,3,False,2026-09-06 19:52
2026-09-08,Mardi,08:00,08:50,MOZART GYM STUDIO - MAT,INTENSE CORE,Manon VIRMOUX,15,3,False,2026-09-06 19:52
2026-09-08,Mardi,08:00,08:50,NEUILLY NEWFORMER - INTENSE PILATES,NEWFORMER - INTENSE PILATES,Nicolas MARTINS Intense / Advanced,9,9,False,2026-09-06 19:52
2026-09-08,Mardi,08:00,08:50,PASSY NEWFORMER - INTENSE PILATES,NEWFORMER - INTENSE PILATES,Ibrahima BALDE,9,5,False,2026-09-06 19:52
2026-09-08,Mardi,08:00,08:50,SURESNES REFORMER STUDIO,REFORMER PILATES,Capucine GADRET,10,3,False,2026-09-06 19:52
2026-09-08,Mardi,08:00,08:50,VAUGIRARD RÉFORMER STUDIO,REFORMER PILATES,Lea GUIGNEMENT,11,1,False,2026-09-06 19:52
2026-09-08,Mardi,08:00,08:50,VAVIN REFORMER STUDIO,REFORMER PILATES,Louise DROUAULT @it.s_louu,12,8,False,2026-09-06 19:52
2026-09-08,Mardi,09:00,09:50,BATIGNOLLES REFORMER STUDIO,REFORMER PILATES,Alexia VITALI,12,4,False,2026-09-06 19:52
2026-09-08,Mardi,09:00,09:50,BOSQUET REFORMER STUDIO,REFORMER PILATES,Jessika CRUZ,11,8,False,2026-09-06 19:52
2026-09-08,Mardi,09:00,09:50,BOULOGNE REFORMER STUDIO,REFORMER PILATES,Eva MENIGOZ,12,1,False,2026-09-06 19:52
2026-09-08,Mardi,09:00,09:50,INVALIDES REFORMER STUDIO,REFORMER PILATES,Tioka TOKEDIRA,10,0,False,2026-09-06 19:52
2026-09-08,Mardi,09:00,09:50,MADELEINE REFORMER STUDIO,REFORMER PILATES,Shana  MAMOU,12,1,False,2026-09-06 19:52
2026-09-08,Mardi,09:00,09:50,MARAIS REFORMER STUDIO,REFORMER PILATES,Léane AMRAM,10,2,False,2026-09-06 19:52
2026-09-08,Mardi,09:00,09:50,MAUBEUGE REFORMER STUDIO,REFORMER PILATES,Cynthia GALIN,11,2,False,2026-09-06 19:52
2026-09-08,Mardi,09:00,09:50,MIROMESNIL REFORMER STUDIO,REFORMER PILATES,Soudi ZARGHAM,11,1,False,2026-09-06 19:52
2026-09-08,Mardi,09:00,10:00,MOZART GYM STUDIO - MAT,KALON BARRE,KALON BARRE @kalon.movement,16,12,False,2026-09-06 19:52
2026-09-08,Mardi,09:00,09:45,NEUILLY GYM STUDIO - MAT,BARRE WORKOUT,Cynthia MONTANO,12,2,False,2026-09-06 19:52
2026-09-08,Mardi,09:00,09:50,NEUILLY NEWFORMER - INTENSE PILATES,NEWFORMER - INTENSE PILATES,Nicolas MARTINS Intense / Advanced,9,9,False,2026-09-06 19:52
2026-09-08,Mardi,09:00,09:50,PASSY NEWFORMER - INTENSE PILATES,NEWFORMER - INTENSE PILATES,Ibrahima BALDE,9,2,False,2026-09-06 19:52
2026-09-08,Mardi,09:00,09:50,SAINT MANDÉ REFORMER STUDIO,REFORMER PILATES,Iris BALAZS,12,1,False,2026-09-06 19:52
2026-09-08,Mardi,09:00,09:50,SENTIER REFORMER STUDIO,REFORMER PILATES,Karla PIMEN,14,0,False,2026-09-06 19:52
2026-09-08,Mardi,09:00,09:50,SURESNES REFORMER STUDIO,REFORMER PILATES,Capucine GADRET,10,2,False,2026-09-06 19:52
2026-09-08,Mardi,09:00,09:50,VAUGIRARD RÉFORMER STUDIO,REFORMER PILATES,Lea GUIGNEMENT,11,1,False,2026-09-06 19:52
2026-09-08,Mardi,09:00,09:50,VAVIN REFORMER STUDIO,REFORMER PILATES,Louise DROUAULT @it.s_louu,12,9,False,2026-09-06 19:52
2026-09-08,Mardi,09:00,09:50,WAGRAM REFORMER STUDIO,REFORMER PILATES,Candice TOUBIANA @candice.pilates,11,1,False,2026-09-06 19:52
2026-09-08,Mardi,10:00,10:50,BATIGNOLLES REFORMER STUDIO,REFORMER PILATES,Alexia VITALI,12,3,False,2026-09-06 19:52
2026-09-08,Mardi,10:00,10:50,BOSQUET REFORMER STUDIO,REFORMER PILATES,Jessika CRUZ,11,7,False,2026-09-06 19:52
2026-09-08,Mardi,10:00,10:50,BOULOGNE REFORMER STUDIO,REFORMER PILATES,Eva MENIGOZ,12,4,False,2026-09-06 19:52
2026-09-08,Mardi,10:00,10:50,INVALIDES REFORMER STUDIO,REFORMER PILATES,Tioka TOKEDIRA,10,1,False,2026-09-06 19:52
2026-09-08,Mardi,10:00,10:50,MADELEINE REFORMER STUDIO,REFORMER PILATES,Shana  MAMOU,12,0,False,2026-09-06 19:52
2026-09-08,Mardi,10:00,10:50,MARAIS REFORMER STUDIO,REFORMER PILATES,Léane AMRAM,10,0,False,2026-09-06 19:52
2026-09-08,Mardi,10:00,10:50,MAUBEUGE REFORMER STUDIO,REFORMER PILATES,Cynthia GALIN,11,1,False,2026-09-06 19:52
2026-09-08,Mardi,10:00,11:00,MOZART GYM STUDIO - MAT,DYNAMIC PILATES,Jackie AITKEN,16,4,False,2026-09-06 19:52
2026-09-08,Mardi,10:00,11:00,NEUILLY GYM STUDIO - MAT,BARRE WORKOUT,Cynthia MONTANO,12,2,False,2026-09-06 19:52
2026-09-08,Mardi,10:00,10:50,NEUILLY NEWFORMER - INTENSE PILATES,NEWFORMER - INTENSE PILATES,Nicolas MARTINS Intense / Advanced,9,4,False,2026-09-06 19:52
2026-09-08,Mardi,10:00,10:50,PASSY NEWFORMER - INTENSE PILATES,NEWFORMER - INTENSE PILATES,Ibrahima BALDE,9,1,False,2026-09-06 19:52
2026-09-08,Mardi,10:00,10:50,SAINT MANDÉ REFORMER STUDIO,REFORMER PILATES,Iris BALAZS,12,7,False,2026-09-06 19:52
2026-09-08,Mardi,10:00,10:50,SENTIER REFORMER STUDIO,REFORMER PILATES,Karla PIMEN,14,0,False,2026-09-06 19:52
2026-09-08,Mardi,10:00,10:50,SURESNES REFORMER STUDIO,REFORMER PILATES,Dorina YICHU ,10,1,False,2026-09-06 19:52
2026-09-08,Mardi,10:00,10:50,VAUGIRARD RÉFORMER STUDIO,REFORMER PILATES,Lea GUIGNEMENT,11,1,False,2026-09-06 19:52
2026-09-08,Mardi,10:00,10:50,VAVIN REFORMER STUDIO,REFORMER PILATES,Louise DROUAULT @it.s_louu,12,6,False,2026-09-06 19:52
2026-09-08,Mardi,10:00,10:50,WAGRAM REFORMER STUDIO,REFORMER PILATES,Candice TOUBIANA @candice.pilates,11,2,False,2026-09-06 19:52
2026-09-08,Mardi,11:00,11:50,BATIGNOLLES REFORMER STUDIO,REFORMER PILATES,Philippine DESTAING,12,4,False,2026-09-06 19:52
2026-09-08,Mardi,11:00,11:50,BOSQUET REFORMER STUDIO,REFORMER PILATES,Aude SCHLACTHER,11,1,False,2026-09-06 19:52
2026-09-08,Mardi,11:00,11:50,MARAIS REFORMER STUDIO,REFORMER PILATES,Roxane GHORBANNEJAD,10,3,False,2026-09-06 19:52
2026-09-08,Mardi,11:00,11:50,MAUBEUGE REFORMER STUDIO,REFORMER PILATES,Pauline RAMON @movewithpops ,11,2,False,2026-09-06 19:52
2026-09-08,Mardi,11:00,11:50,NEUILLY NEWFORMER - INTENSE PILATES,NEWFORMER - INTENSE PILATES,Nicolas MARTINS Intense / Advanced,9,4,False,2026-09-06 19:52
2026-09-08,Mardi,11:00,11:50,PASSY NEWFORMER - INTENSE PILATES,NEWFORMER - INTENSE PILATES,Carla @training_by_carla,9,3,False,2026-09-06 19:52
2026-09-08,Mardi,11:00,11:50,SURESNES REFORMER STUDIO,REFORMER PILATES,Dorina YICHU ,10,1,False,2026-09-06 19:52
2026-09-08,Mardi,11:00,11:50,VAUGIRARD RÉFORMER STUDIO,REFORMER PILATES,Joy DUQUESNE,11,1,False,2026-09-06 19:52
2026-09-08,Mardi,11:00,11:50,VAVIN REFORMER STUDIO,REFORMER PILATES,Louise DROUAULT @it.s_louu,12,0,False,2026-09-06 19:52
2026-09-08,Mardi,11:00,11:50,WAGRAM REFORMER STUDIO,REFORMER PILATES,Candice TOUBIANA @candice.pilates,11,2,False,2026-09-06 19:52
2026-09-08,Mardi,12:00,12:50,BATIGNOLLES REFORMER STUDIO,REFORMER PILATES,Philippine DESTAING,12,4,False,2026-09-06 19:52
2026-09-08,Mardi,12:00,12:50,BOSQUET REFORMER STUDIO,REFORMER PILATES,Aude SCHLACTHER,11,4,False,2026-09-06 19:52
2026-09-08,Mardi,12:00,12:50,BOULOGNE REFORMER STUDIO,REFORMER PILATES,Sacha DOURIANT,12,0,False,2026-09-06 19:52
2026-09-08,Mardi,12:00,12:50,INVALIDES REFORMER STUDIO,REFORMER PILATES,Florence COLLIN BECUWE Advanced/Intense ,10,1,False,2026-09-06 19:52
2026-09-08,Mardi,12:00,12:50,MARAIS REFORMER STUDIO,REFORMER PILATES,Roxane GHORBANNEJAD,10,3,False,2026-09-06 19:52
2026-09-08,Mardi,12:00,12:50,MAUBEUGE REFORMER STUDIO,REFORMER PILATES,Pauline RAMON @movewithpops ,11,2,False,2026-09-06 19:52
2026-09-08,Mardi,12:00,12:50,MIROMESNIL REFORMER STUDIO,REFORMER PILATES,Léane AMRAM,11,4,False,2026-09-06 19:52
2026-09-08,Mardi,12:00,12:50,NEUILLY NEWFORMER - INTENSE PILATES,NEWFORMER - INTENSE PILATES,Nicolas MARTINS Intense / Advanced,9,6,False,2026-09-06 19:52
2026-09-08,Mardi,12:00,12:50,PASSY NEWFORMER - INTENSE PILATES,NEWFORMER - INTENSE PILATES,Carla @training_by_carla,9,3,False,2026-09-06 19:52
2026-09-08,Mardi,12:00,12:50,SAINT MANDÉ REFORMER STUDIO,REFORMER PILATES,Anaïs CHRISTIAENS,12,4,False,2026-09-06 19:52
2026-09-08,Mardi,12:00,12:50,SENTIER REFORMER STUDIO,REFORMER PILATES,Jeremy KRYSTKOWIAK,14,2,False,2026-09-06 19:52
2026-09-08,Mardi,12:00,12:50,SURESNES REFORMER STUDIO,REFORMER PILATES,Dorina YICHU ,10,0,False,2026-09-06 19:52
2026-09-08,Mardi,12:00,12:50,VAUGIRARD RÉFORMER STUDIO,REFORMER PILATES,Joy DUQUESNE,11,4,False,2026-09-06 19:52
2026-09-08,Mardi,12:00,12:50,VAVIN REFORMER STUDIO,REFORMER PILATES,Eva MENIGOZ,12,0,False,2026-09-06 19:52
2026-09-08,Mardi,12:00,12:50,WAGRAM REFORMER STUDIO,REFORMER PILATES,Zoé  @getstronglikezoe Intense / Advanced ,11,2,False,2026-09-06 19:52
2026-09-08,Mardi,12:30,13:20,MADELEINE REFORMER STUDIO,REFORMER PILATES,Shana  MAMOU,12,9,False,2026-09-06 19:52
2026-09-08,Mardi,12:30,13:30,MOZART GYM STUDIO - MAT,FULL BODY WORKOUT,Marcus FITLIFE,18,3,False,2026-09-06 19:52
2026-09-08,Mardi,12:30,13:30,NEUILLY GYM STUDIO - MAT,DYNAMIC PILATES,Mona COHEN,12,3,False,2026-09-06 19:52
2026-09-08,Mardi,13:00,13:50,BATIGNOLLES REFORMER STUDIO,REFORMER PILATES,Philippine DESTAING,12,1,False,2026-09-06 19:52
2026-09-08,Mardi,13:00,13:50,BOSQUET REFORMER STUDIO,REFORMER PILATES,Aude SCHLACTHER,11,2,False,2026-09-06 19:52
2026-09-08,Mardi,13:00,13:50,BOULOGNE REFORMER STUDIO,REFORMER PILATES,Sacha DOURIANT,12,3,False,2026-09-06 19:52
2026-09-08,Mardi,13:00,13:50,INVALIDES REFORMER STUDIO,REFORMER PILATES,Florence COLLIN BECUWE Advanced/Intense ,10,1,False,2026-09-06 19:52
2026-09-08,Mardi,13:00,13:50,MARAIS REFORMER STUDIO,REFORMER PILATES,Roxane GHORBANNEJAD,10,2,False,2026-09-06 19:52
2026-09-08,Mardi,13:00,13:50,MAUBEUGE REFORMER STUDIO,REFORMER PILATES,Pauline RAMON @movewithpops ,11,2,False,2026-09-06 19:52
2026-09-08,Mardi,13:00,13:50,MIROMESNIL REFORMER STUDIO,REFORMER PILATES,Léane AMRAM,11,9,False,2026-09-06 19:52
2026-09-08,Mardi,13:00,13:50,PASSY NEWFORMER - INTENSE PILATES,NEWFORMER - INTENSE PILATES,Carla @training_by_carla,9,2,False,2026-09-06 19:52
2026-09-08,Mardi,13:00,13:50,SAINT MANDÉ REFORMER STUDIO,REFORMER PILATES,Anaïs CHRISTIAENS,12,2,False,2026-09-06 19:52
2026-09-08,Mardi,13:00,13:50,SENTIER REFORMER STUDIO,REFORMER PILATES,Jeremy KRYSTKOWIAK,14,4,False,2026-09-06 19:52
2026-09-08,Mardi,13:00,13:50,SURESNES REFORMER STUDIO,REFORMER PILATES,Dorina YICHU ,10,2,False,2026-09-06 19:52
2026-09-08,Mardi,13:00,13:50,VAUGIRARD RÉFORMER STUDIO,REFORMER PILATES,Joy DUQUESNE,11,3,False,2026-09-06 19:52
2026-09-08,Mardi,13:00,13:50,VAVIN REFORMER STUDIO,REFORMER PILATES,Eva MENIGOZ,12,1,False,2026-09-06 19:52
2026-09-08,Mardi,13:00,13:50,WAGRAM REFORMER STUDIO,REFORMER PILATES,Zoé  @getstronglikezoe Intense / Advanced ,11,2,False,2026-09-06 19:52
2026-09-08,Mardi,13:30,14:20,MADELEINE REFORMER STUDIO,REFORMER PILATES,Shana  MAMOU,12,2,False,2026-09-06 19:52
2026-09-08,Mardi,17:00,17:50,BATIGNOLLES REFORMER STUDIO,REFORMER PILATES,Florence COLLIN BECUWE Advanced/Intense ,12,2,False,2026-09-06 19:52
2026-09-08,Mardi,17:00,17:45,MOZART GYM STUDIO - MAT,HOT - MÉTHODE BOOTY & CORE,Elsa TRAINING ,15,0,False,2026-09-06 19:52
2026-09-08,Mardi,17:00,17:50,VAUGIRARD RÉFORMER STUDIO,REFORMER PILATES,Polina BODEEVA,11,2,False,2026-09-06 19:52
2026-09-08,Mardi,17:00,17:50,WAGRAM REFORMER STUDIO,REFORMER PILATES,Jessika CRUZ,11,4,False,2026-09-06 19:52
2026-09-08,Mardi,18:00,18:50,BATIGNOLLES REFORMER STUDIO,REFORMER PILATES,Florence COLLIN BECUWE Advanced/Intense ,12,7,False,2026-09-06 19:52
2026-09-08,Mardi,18:00,18:50,BOSQUET REFORMER STUDIO,REFORMER PILATES,Jacky TEWES ,11,1,False,2026-09-06 19:52
2026-09-08,Mardi,18:00,18:50,BOULOGNE REFORMER STUDIO,REFORMER PILATES,Soudi ZARGHAM,12,3,False,2026-09-06 19:52
2026-09-08,Mardi,18:00,18:50,INVALIDES REFORMER STUDIO,REFORMER PILATES,Olivia FELICIANO,10,0,False,2026-09-06 19:52
2026-09-08,Mardi,18:00,18:50,MADELEINE REFORMER STUDIO,REFORMER PILATES,Julia TAPIRO,12,2,False,2026-09-06 19:52
2026-09-08,Mardi,18:00,18:50,MARAIS REFORMER STUDIO,REFORMER PILATES,Cédric ARAMAN,10,2,False,2026-09-06 19:52
2026-09-08,Mardi,18:00,18:50,MAUBEUGE REFORMER STUDIO,REFORMER PILATES,Pauline RAMON @movewithpops ,11,3,False,2026-09-06 19:52
2026-09-08,Mardi,18:00,18:50,MIROMESNIL REFORMER STUDIO,REFORMER PILATES,Shana  MAMOU,11,2,False,2026-09-06 19:52
2026-09-08,Mardi,18:00,19:00,MOZART GYM STUDIO - MAT,FULL BODY WORKOUT,Nicolas DUCHESNE,16,0,False,2026-09-06 19:52
2026-09-08,Mardi,18:00,18:50,NEUILLY GYM STUDIO - MAT,FOCUS ABS & FULL BODY,Amélie BALLAND @amelietahiti,14,2,False,2026-09-06 19:52
2026-09-08,Mardi,18:00,18:50,NEUILLY NEWFORMER - INTENSE PILATES,NEWFORMER - INTENSE PILATES,Carla @training_by_carla,9,3,False,2026-09-06 19:52
2026-09-08,Mardi,18:00,18:50,PASSY NEWFORMER - INTENSE PILATES,NEWFORMER - INTENSE PILATES,Capucine GADRET,9,4,False,2026-09-06 19:52
2026-09-08,Mardi,18:00,18:50,SAINT MANDÉ REFORMER STUDIO,REFORMER PILATES,Golda BENCHETRIT,12,4,False,2026-09-06 19:52
2026-09-08,Mardi,18:00,18:50,SENTIER REFORMER STUDIO,REFORMER PILATES,Sofia TRUKHACHEVA,14,0,False,2026-09-06 19:52
2026-09-08,Mardi,18:00,18:50,SURESNES REFORMER STUDIO,REFORMER PILATES,Audrey HUGON,10,4,False,2026-09-06 19:52
2026-09-08,Mardi,18:00,18:50,VAUGIRARD RÉFORMER STUDIO,REFORMER PILATES,Polina BODEEVA,11,2,False,2026-09-06 19:52
2026-09-08,Mardi,18:00,18:50,VAVIN REFORMER STUDIO,REFORMER PILATES,Camille AUZANNEAU,12,5,False,2026-09-06 19:52
2026-09-08,Mardi,18:00,18:50,WAGRAM REFORMER STUDIO,REFORMER PILATES,Jessika CRUZ,11,4,False,2026-09-06 19:52
2026-09-08,Mardi,19:00,19:50,BATIGNOLLES REFORMER STUDIO,REFORMER PILATES,Florence COLLIN BECUWE Advanced/Intense ,12,12,False,2026-09-06 19:52
2026-09-08,Mardi,19:00,19:50,BOSQUET REFORMER STUDIO,REFORMER PILATES,Jacky TEWES ,11,2,False,2026-09-06 19:52
2026-09-08,Mardi,19:00,19:50,BOULOGNE REFORMER STUDIO,REFORMER PILATES,Soudi ZARGHAM,12,2,False,2026-09-06 19:52
2026-09-08,Mardi,19:00,19:50,INVALIDES REFORMER STUDIO,REFORMER PILATES,Olivia FELICIANO,10,3,False,2026-09-06 19:52
2026-09-08,Mardi,19:00,19:50,MADELEINE REFORMER STUDIO,REFORMER PILATES,Julia TAPIRO,12,7,False,2026-09-06 19:52
2026-09-08,Mardi,19:00,19:50,MARAIS REFORMER STUDIO,REFORMER PILATES,Cédric ARAMAN,10,2,False,2026-09-06 19:52
2026-09-08,Mardi,19:00,19:50,MAUBEUGE REFORMER STUDIO,REFORMER PILATES,Pauline RAMON @movewithpops ,11,11,False,2026-09-06 19:52
2026-09-08,Mardi,19:00,19:50,MIROMESNIL REFORMER STUDIO,REFORMER PILATES,Shana  MAMOU,11,5,False,2026-09-06 19:52
2026-09-08,Mardi,19:00,19:50,MOZART GYM STUDIO - MAT,FULL BODY PUMP,Nicolas DUCHESNE,15,9,False,2026-09-06 19:52
2026-09-08,Mardi,19:00,20:00,NEUILLY GYM STUDIO - MAT,BARRE WORKOUT,Sirine Benmeddah,12,5,False,2026-09-06 19:52
2026-09-08,Mardi,19:00,19:50,NEUILLY NEWFORMER - INTENSE PILATES,NEWFORMER - INTENSE PILATES,Carla @training_by_carla,9,4,False,2026-09-06 19:52
2026-09-08,Mardi,19:00,19:50,PASSY NEWFORMER - INTENSE PILATES,NEWFORMER - INTENSE PILATES,Capucine GADRET,9,9,False,2026-09-06 19:52
2026-09-08,Mardi,19:00,19:50,SAINT MANDÉ REFORMER STUDIO,REFORMER PILATES,Golda BENCHETRIT,12,0,False,2026-09-06 19:52
2026-09-08,Mardi,19:00,19:50,SENTIER REFORMER STUDIO,REFORMER PILATES,Sofia TRUKHACHEVA,14,4,False,2026-09-06 19:52
2026-09-08,Mardi,19:00,19:50,SURESNES REFORMER STUDIO,REFORMER PILATES,Audrey HUGON,10,3,False,2026-09-06 19:52
2026-09-08,Mardi,19:00,19:50,VAUGIRARD RÉFORMER STUDIO,REFORMER PILATES,Polina BODEEVA,11,9,False,2026-09-06 19:52
2026-09-08,Mardi,19:00,19:50,VAVIN REFORMER STUDIO,REFORMER PILATES,Camille AUZANNEAU,12,12,False,2026-09-06 19:52
2026-09-08,Mardi,19:00,19:50,WAGRAM REFORMER STUDIO,REFORMER PILATES,Jessika CRUZ,11,11,False,2026-09-06 19:52
2026-09-08,Mardi,20:00,20:50,BATIGNOLLES REFORMER STUDIO,REFORMER PILATES,Florence COLLIN BECUWE Advanced/Intense ,12,9,False,2026-09-06 19:52
2026-09-08,Mardi,20:00,20:50,BOSQUET REFORMER STUDIO,REFORMER PILATES,Jacky TEWES ,11,6,False,2026-09-06 19:52
2026-09-08,Mardi,20:00,20:50,BOULOGNE REFORMER STUDIO,REFORMER PILATES,Soudi ZARGHAM,12,6,False,2026-09-06 19:52
2026-09-08,Mardi,20:00,20:50,INVALIDES REFORMER STUDIO,REFORMER PILATES,Olivia FELICIANO,10,0,False,2026-09-06 19:52
2026-09-08,Mardi,20:00,20:50,MADELEINE REFORMER STUDIO,REFORMER PILATES,Julia TAPIRO,12,2,False,2026-09-06 19:52
2026-09-08,Mardi,20:00,20:50,MARAIS REFORMER STUDIO,REFORMER PILATES,Cédric ARAMAN,10,3,False,2026-09-06 19:52
2026-09-08,Mardi,20:00,20:50,MAUBEUGE REFORMER STUDIO,REFORMER PILATES,Pauline RAMON @movewithpops ,11,4,False,2026-09-06 19:52
2026-09-08,Mardi,20:00,20:50,MIROMESNIL REFORMER STUDIO,REFORMER PILATES,Shana  MAMOU,11,0,False,2026-09-06 19:52
2026-09-08,Mardi,20:00,20:50,MOZART GYM STUDIO - MAT,Cuisses Abdos Fessiers - CAF,Nicolas DUCHESNE,16,10,False,2026-09-06 19:52
2026-09-08,Mardi,20:00,20:45,NEUILLY GYM STUDIO - MAT,BARRE WORKOUT,Sirine Benmeddah,12,1,False,2026-09-06 19:52
2026-09-08,Mardi,20:00,20:50,NEUILLY NEWFORMER - INTENSE PILATES,NEWFORMER - INTENSE PILATES,Carla @training_by_carla,9,6,False,2026-09-06 19:52
2026-09-08,Mardi,20:00,20:50,PASSY NEWFORMER - INTENSE PILATES,NEWFORMER - INTENSE PILATES,Capucine GADRET,9,5,False,2026-09-06 19:52
2026-09-08,Mardi,20:00,20:50,SAINT MANDÉ REFORMER STUDIO,REFORMER PILATES,Golda BENCHETRIT,12,1,False,2026-09-06 19:52
2026-09-08,Mardi,20:00,20:50,SENTIER REFORMER STUDIO,REFORMER PILATES,Sofia TRUKHACHEVA,14,0,False,2026-09-06 19:52
2026-09-08,Mardi,20:00,20:50,SURESNES REFORMER STUDIO,REFORMER PILATES,Audrey HUGON,10,3,False,2026-09-06 19:52
2026-09-08,Mardi,20:00,20:50,VAUGIRARD RÉFORMER STUDIO,REFORMER PILATES,Polina BODEEVA,11,4,False,2026-09-06 19:52
2026-09-08,Mardi,20:00,20:50,VAVIN REFORMER STUDIO,REFORMER PILATES,Camille AUZANNEAU,12,10,False,2026-09-06 19:52
2026-09-08,Mardi,20:00,20:50,WAGRAM REFORMER STUDIO,REFORMER PILATES,Jessika CRUZ,11,6,False,2026-09-06 19:52
